case_id,mask_path,status,target_wall_thickness_mm,voxel_connected_component_count,watertight,non_manifold_edge_count,connected_component_count,surface_area_mm2,volume_mm3,bbox_x_mm,bbox_y_mm,bbox_z_mm,edge_length_min_mm,edge_length_median_mm,edge_length_mean_mm,raw_stl,repaired_stl,smoothed_stl,repair_success,surface_roughness_pre_mean,surface_roughness_pre_max,surface_roughness_post_mean,surface_roughness_post_max,smoothing_volume_change_relative,wall_thickness_compliance_fraction,slicer_compatibility_proxy
1000__s1_absolute_volume__mm3_5,/Users/angadkumar16ak/Projects/Automated_Cardiovascular_Segmentation_for_Bioprinting_Project/outputs/topology_correction/case_outputs/1000/mask__s1_absolute_volume__mm3_5.nii.gz,ok,3.0,7,True,0,6,8214.607700162727,7060.302841653618,112.80000448226929,99.60000395774841,87.0000034570694,0.4242640855706679,0.6000000238418579,0.589291222193643,/Users/angadkumar16ak/Projects/Automated_Cardiovascular_Segmentation_for_Bioprinting_Project/outputs/topology_correction/mesh_qc/s1_absolute_volume__mm3_5/case_outputs/1000__s1_absolute_volume__mm3_5/segmentation_raw.stl,/Users/angadkumar16ak/Projects/Automated_Cardiovascular_Segmentation_for_Bioprinting_Project/outputs/topology_correction/mesh_qc/s1_absolute_volume__mm3_5/case_outputs/1000__s1_absolute_volume__mm3_5/segmentation_repaired.stl,/Users/angadkumar16ak/Projects/Automated_Cardiovascular_Segmentation_for_Bioprinting_Project/outputs/topology_correction/mesh_qc/s1_absolute_volume__mm3_5/case_outputs/1000__s1_absolute_volume__mm3_5/segmentation_smoothed.stl,True,0.5840763634420101,3.141592653589793,0.5270143944371587,3.1404698574224024,-0.0030101516871570214,0.08804256342431165,True
751__s1_absolute_volume__mm3_5,/Users/angadkumar16ak/Projects/Automated_Cardiovascular_Segmentation_for_Bioprinting_Project/outputs/topology_correction/case_outputs/751/mask__s1_absolute_volume__mm3_5.nii.gz,ok,3.0,7,True,0,7,8844.088536104968,7124.175849267875,123.00000488758087,111.60000443458557,97.80000388622284,0.4242640855706679,0.6000000238418579,0.5905818809506029,/Users/angadkumar16ak/Projects/Automated_Cardiovascular_Segmentation_for_Bioprinting_Project/outputs/topology_correction/mesh_qc/s1_absolute_volume__mm3_5/case_outputs/751__s1_absolute_volume__mm3_5/segmentation_raw.stl,/Users/angadkumar16ak/Projects/Automated_Cardiovascular_Segmentation_for_Bioprinting_Project/outputs/topology_correction/mesh_qc/s1_absolute_volume__mm3_5/case_outputs/751__s1_absolute_volume__mm3_5/segmentation_repaired.stl,/Users/angadkumar16ak/Projects/Automated_Cardiovascular_Segmentation_for_Bioprinting_Project/outputs/topology_correction/mesh_qc/s1_absolute_volume__mm3_5/case_outputs/751__s1_absolute_volume__mm3_5/segmentation_smoothed.stl,True,0.562112005965131,3.141592653589793,0.5093089728435038,3.139885094606429,-0.0032331136592835693,0.058386348772221895,True
752__s1_absolute_volume__mm3_5,/Users/angadkumar16ak/Projects/Automated_Cardiovascular_Segmentation_for_Bioprinting_Project/outputs/topology_correction/case_outputs/752/mask__s1_absolute_volume__mm3_5.nii.gz,ok,3.0,5,True,0,5,10278.857701420297,8168.364973744904,106.20000422000885,88.20000350475311,103.20000410079956,0.4242640855706679,0.6000000238418579,0.5910894174105579,/Users/angadkumar16ak/Projects/Automated_Cardiovascular_Segmentation_for_Bioprinting_Project/outputs/topology_correction/mesh_qc/s1_absolute_volume__mm3_5/case_outputs/752__s1_absolute_volume__mm3_5/segmentation_raw.stl,/Users/angadkumar16ak/Projects/Automated_Cardiovascular_Segmentation_for_Bioprinting_Project/outputs/topology_correction/mesh_qc/s1_absolute_volume__mm3_5/case_outputs/752__s1_absolute_volume__mm3_5/segmentation_repaired.stl,/Users/angadkumar16ak/Projects/Automated_Cardiovascular_Segmentation_for_Bioprinting_Project/outputs/topology_correction/mesh_qc/s1_absolute_volume__mm3_5/case_outputs/752__s1_absolute_volume__mm3_5/segmentation_smoothed.stl,True,0.5717864858554659,3.141592653589793,0.5131073328378501,3.1377673473701657,-0.0031448699922995795,0.05011926986102468,True
753__s1_absolute_volume__mm3_5,/Users/angadkumar16ak/Projects/Automated_Cardiovascular_Segmentation_for_Bioprinting_Project/outputs/topology_correction/case_outputs/753/mask__s1_absolute_volume__mm3_5.nii.gz,ok,3.0,5,True,0,5,5405.133048195258,4353.471518974205,107.40000426769257,94.80000376701355,78.60000312328339,0.4242640855706679,0.6000000238418579,0.5904866878588882,/Users/angadkumar16ak/Projects/Automated_Cardiovascular_Segmentation_for_Bioprinting_Project/outputs/topology_correction/mesh_qc/s1_absolute_volume__mm3_5/case_outputs/753__s1_absolute_volume__mm3_5/segmentation_raw.stl,/Users/angadkumar16ak/Projects/Automated_Cardiovascular_Segmentation_for_Bioprinting_Project/outputs/topology_correction/mesh_qc/s1_absolute_volume__mm3_5/case_outputs/753__s1_absolute_volume__mm3_5/segmentation_repaired.stl,/Users/angadkumar16ak/Projects/Automated_Cardiovascular_Segmentation_for_Bioprinting_Project/outputs/topology_correction/mesh_qc/s1_absolute_volume__mm3_5/case_outputs/753__s1_absolute_volume__mm3_5/segmentation_smoothed.stl,True,0.5786350503965773,3.141592653589793,0.5236996721852472,3.1379749526094463,-0.0030007682012072844,0.053799007685572525,True
754__s1_absolute_volume__mm3_5,/Users/angadkumar16ak/Projects/Automated_Cardiovascular_Segmentation_for_Bioprinting_Project/outputs/topology_correction/case_outputs/754/mask__s1_absolute_volume__mm3_5.nii.gz,ok,3.0,5,True,0,5,7161.789802421976,6297.174750681668,91.2000036239624,85.80000340938568,112.80000448226929,0.4242640855706679,0.6000000238418579,0.5893892250205786,/Users/angadkumar16ak/Projects/Automated_Cardiovascular_Segmentation_for_Bioprinting_Project/outputs/topology_correction/mesh_qc/s1_absolute_volume__mm3_5/case_outputs/754__s1_absolute_volume__mm3_5/segmentation_raw.stl,/Users/angadkumar16ak/Projects/Automated_Cardiovascular_Segmentation_for_Bioprinting_Project/outputs/topology_correction/mesh_qc/s1_absolute_volume__mm3_5/case_outputs/754__s1_absolute_volume__mm3_5/segmentation_repaired.stl,/Users/angadkumar16ak/Projects/Automated_Cardiovascular_Segmentation_for_Bioprinting_Project/outputs/topology_correction/mesh_qc/s1_absolute_volume__mm3_5/case_outputs/754__s1_absolute_volume__mm3_5/segmentation_smoothed.stl,True,0.542901697539987,3.141592653589793,0.4648902593381207,3.138164346071734,-0.002780099142514262,0.09989208147848375,True
755__s1_absolute_volume__mm3_5,/Users/angadkumar16ak/Projects/Automated_Cardiovascular_Segmentation_for_Bioprinting_Project/outputs/topology_correction/case_outputs/755/mask__s1_absolute_volume__mm3_5.nii.gz,ok,3.0,7,True,0,6,7537.200454528875,6111.036728492288,100.20000398159027,84.60000336170197,90.60000360012054,0.4242640855706679,0.6000000238418579,0.5904320585627543,/Users/angadkumar16ak/Projects/Automated_Cardiovascular_Segmentation_for_Bioprinting_Project/outputs/topology_correction/mesh_qc/s1_absolute_volume__mm3_5/case_outputs/755__s1_absolute_volume__mm3_5/segmentation_raw.stl,/Users/angadkumar16ak/Projects/Automated_Cardiovascular_Segmentation_for_Bioprinting_Project/outputs/topology_correction/mesh_qc/s1_absolute_volume__mm3_5/case_outputs/755__s1_absolute_volume__mm3_5/segmentation_repaired.stl,/Users/angadkumar16ak/Projects/Automated_Cardiovascular_Segmentation_for_Bioprinting_Project/outputs/topology_correction/mesh_qc/s1_absolute_volume__mm3_5/case_outputs/755__s1_absolute_volume__mm3_5/segmentation_smoothed.stl,True,0.5746945170328404,3.141592653589793,0.5247193237400993,3.1407189442127272,-0.003226965071445094,0.06097899188795674,True
756__s1_absolute_volume__mm3_5,/Users/angadkumar16ak/Projects/Automated_Cardiovascular_Segmentation_for_Bioprinting_Project/outputs/topology_correction/case_outputs/756/mask__s1_absolute_volume__mm3_5.nii.gz,ok,3.0,4,True,0,4,5576.179642526794,4518.666538666987,103.20000410079956,86.40000343322754,80.40000319480896,0.4242640855706679,0.6000000238418579,0.5895735976902023,/Users/angadkumar16ak/Projects/Automated_Cardiovascular_Segmentation_for_Bioprinting_Project/outputs/topology_correction/mesh_qc/s1_absolute_volume__mm3_5/case_outputs/756__s1_absolute_volume__mm3_5/segmentation_raw.stl,/Users/angadkumar16ak/Projects/Automated_Cardiovascular_Segmentation_for_Bioprinting_Project/outputs/topology_correction/mesh_qc/s1_absolute_volume__mm3_5/case_outputs/756__s1_absolute_volume__mm3_5/segmentation_repaired.stl,/Users/angadkumar16ak/Projects/Automated_Cardiovascular_Segmentation_for_Bioprinting_Project/outputs/topology_correction/mesh_qc/s1_absolute_volume__mm3_5/case_outputs/756__s1_absolute_volume__mm3_5/segmentation_smoothed.stl,True,0.586433986021001,3.141592653589793,0.5294304410000501,3.140097551330158,-0.002981196252740867,0.059057886102648234,True
757__s1_absolute_volume__mm3_5,/Users/angadkumar16ak/Projects/Automated_Cardiovascular_Segmentation_for_Bioprinting_Project/outputs/topology_correction/case_outputs/757/mask__s1_absolute_volume__mm3_5.nii.gz,ok,3.0,3,True,0,3,8599.934887501786,7556.40090079311,119.40000474452972,109.20000433921814,97.80000388622284,0.4242640855706679,0.6000000238418579,0.5890825000756277,/Users/angadkumar16ak/Projects/Automated_Cardiovascular_Segmentation_for_Bioprinting_Project/outputs/topology_correction/mesh_qc/s1_absolute_volume__mm3_5/case_outputs/757__s1_absolute_volume__mm3_5/segmentation_raw.stl,/Users/angadkumar16ak/Projects/Automated_Cardiovascular_Segmentation_for_Bioprinting_Project/outputs/topology_correction/mesh_qc/s1_absolute_volume__mm3_5/case_outputs/757__s1_absolute_volume__mm3_5/segmentation_repaired.stl,/Users/angadkumar16ak/Projects/Automated_Cardiovascular_Segmentation_for_Bioprinting_Project/outputs/topology_correction/mesh_qc/s1_absolute_volume__mm3_5/case_outputs/757__s1_absolute_volume__mm3_5/segmentation_smoothed.stl,True,0.5679894757474159,3.141592653589793,0.5069603094982591,3.1397774231449804,-0.002534584252970795,0.09089120598072005,True
758__s1_absolute_volume__mm3_5,/Users/angadkumar16ak/Projects/Automated_Cardiovascular_Segmentation_for_Bioprinting_Project/outputs/topology_correction/case_outputs/758/mask__s1_absolute_volume__mm3_5.nii.gz,ok,3.0,4,True,0,4,6873.644858886682,5442.795648831751,110.40000438690186,87.0000034570694,115.80000460147858,0.4242640855706679,0.6000000238418579,0.5906145801165852,/Users/angadkumar16ak/Projects/Automated_Cardiovascular_Segmentation_for_Bioprinting_Project/outputs/topology_correction/mesh_qc/s1_absolute_volume__mm3_5/case_outputs/758__s1_absolute_volume__mm3_5/segmentation_raw.stl,/Users/angadkumar16ak/Projects/Automated_Cardiovascular_Segmentation_for_Bioprinting_Project/outputs/topology_correction/mesh_qc/s1_absolute_volume__mm3_5/case_outputs/758__s1_absolute_volume__mm3_5/segmentation_repaired.stl,/Users/angadkumar16ak/Projects/Automated_Cardiovascular_Segmentation_for_Bioprinting_Project/outputs/topology_correction/mesh_qc/s1_absolute_volume__mm3_5/case_outputs/758__s1_absolute_volume__mm3_5/segmentation_smoothed.stl,True,0.5377352505054854,3.141592653589793,0.47517282574346265,3.1398647149653995,-0.003329940419669463,0.049931946334824034,True
759__s1_absolute_volume__mm3_5,/Users/angadkumar16ak/Projects/Automated_Cardiovascular_Segmentation_for_Bioprinting_Project/outputs/topology_correction/case_outputs/759/mask__s1_absolute_volume__mm3_5.nii.gz,ok,3.0,4,True,0,4,4933.467802869246,3890.268463756102,93.00000369548798,76.80000305175781,82.80000329017639,0.4242640855706679,0.6000000238418579,0.5884556711296137,/Users/angadkumar16ak/Projects/Automated_Cardiovascular_Segmentation_for_Bioprinting_Project/outputs/topology_correction/mesh_qc/s1_absolute_volume__mm3_5/case_outputs/759__s1_absolute_volume__mm3_5/segmentation_raw.stl,/Users/angadkumar16ak/Projects/Automated_Cardiovascular_Segmentation_for_Bioprinting_Project/outputs/topology_correction/mesh_qc/s1_absolute_volume__mm3_5/case_outputs/759__s1_absolute_volume__mm3_5/segmentation_repaired.stl,/Users/angadkumar16ak/Projects/Automated_Cardiovascular_Segmentation_for_Bioprinting_Project/outputs/topology_correction/mesh_qc/s1_absolute_volume__mm3_5/case_outputs/759__s1_absolute_volume__mm3_5/segmentation_smoothed.stl,True,0.5747443489818489,3.141592653589793,0.5229848952049044,3.1390293282074007,-0.003551460523300918,0.05023650301745229,True
760__s1_absolute_volume__mm3_5,/Users/angadkumar16ak/Projects/Automated_Cardiovascular_Segmentation_for_Bioprinting_Project/outputs/topology_correction/case_outputs/760/mask__s1_absolute_volume__mm3_5.nii.gz,ok,3.0,8,True,0,8,9067.33669261326,7739.865922663844,117.60000467300415,85.80000340938568,93.00000369548798,0.4242640855706679,0.6000000238418579,0.5903493032289672,/Users/angadkumar16ak/Projects/Automated_Cardiovascular_Segmentation_for_Bioprinting_Project/outputs/topology_correction/mesh_qc/s1_absolute_volume__mm3_5/case_outputs/760__s1_absolute_volume__mm3_5/segmentation_raw.stl,/Users/angadkumar16ak/Projects/Automated_Cardiovascular_Segmentation_for_Bioprinting_Project/outputs/topology_correction/mesh_qc/s1_absolute_volume__mm3_5/case_outputs/760__s1_absolute_volume__mm3_5/segmentation_repaired.stl,/Users/angadkumar16ak/Projects/Automated_Cardiovascular_Segmentation_for_Bioprinting_Project/outputs/topology_correction/mesh_qc/s1_absolute_volume__mm3_5/case_outputs/760__s1_absolute_volume__mm3_5/segmentation_smoothed.stl,True,0.5712760282424008,3.141592653589793,0.5188927054216284,3.139631606672826,-0.0030241663272728807,0.08984053920762781,True
761__s1_absolute_volume__mm3_5,/Users/angadkumar16ak/Projects/Automated_Cardiovascular_Segmentation_for_Bioprinting_Project/outputs/topology_correction/case_outputs/761/mask__s1_absolute_volume__mm3_5.nii.gz,ok,3.0,4,True,0,4,9790.320957697162,8223.42698030881,105.00000417232513,102.00000405311584,84.00000333786011,0.4242640855706679,0.6000000238418579,0.5913286403789041,/Users/angadkumar16ak/Projects/Automated_Cardiovascular_Segmentation_for_Bioprinting_Project/outputs/topology_correction/mesh_qc/s1_absolute_volume__mm3_5/case_outputs/761__s1_absolute_volume__mm3_5/segmentation_raw.stl,/Users/angadkumar16ak/Projects/Automated_Cardiovascular_Segmentation_for_Bioprinting_Project/outputs/topology_correction/mesh_qc/s1_absolute_volume__mm3_5/case_outputs/761__s1_absolute_volume__mm3_5/segmentation_repaired.stl,/Users/angadkumar16ak/Projects/Automated_Cardiovascular_Segmentation_for_Bioprinting_Project/outputs/topology_correction/mesh_qc/s1_absolute_volume__mm3_5/case_outputs/761__s1_absolute_volume__mm3_5/segmentation_smoothed.stl,True,0.5967081164465943,3.141592653589793,0.5408019929641448,3.1398635451763397,-0.0027450250195617267,0.07163501238645748,True
762__s1_absolute_volume__mm3_5,/Users/angadkumar16ak/Projects/Automated_Cardiovascular_Segmentation_for_Bioprinting_Project/outputs/topology_correction/case_outputs/762/mask__s1_absolute_volume__mm3_5.nii.gz,ok,3.0,9,True,0,9,9991.345751045254,8369.685997744242,121.80000483989716,109.80000436306,103.20000410079956,0.4242640855706679,0.6000000238418579,0.5902847716534492,/Users/angadkumar16ak/Projects/Automated_Cardiovascular_Segmentation_for_Bioprinting_Project/outputs/topology_correction/mesh_qc/s1_absolute_volume__mm3_5/case_outputs/762__s1_absolute_volume__mm3_5/segmentation_raw.stl,/Users/angadkumar16ak/Projects/Automated_Cardiovascular_Segmentation_for_Bioprinting_Project/outputs/topology_correction/mesh_qc/s1_absolute_volume__mm3_5/case_outputs/762__s1_absolute_volume__mm3_5/segmentation_repaired.stl,/Users/angadkumar16ak/Projects/Automated_Cardiovascular_Segmentation_for_Bioprinting_Project/outputs/topology_correction/mesh_qc/s1_absolute_volume__mm3_5/case_outputs/762__s1_absolute_volume__mm3_5/segmentation_smoothed.stl,True,0.577576250710828,3.141592653589793,0.5282192793305466,3.1381437583848015,-0.00300329084930919,0.07332032339001951,True
763__s1_absolute_volume__mm3_5,/Users/angadkumar16ak/Projects/Automated_Cardiovascular_Segmentation_for_Bioprinting_Project/outputs/topology_correction/case_outputs/763/mask__s1_absolute_volume__mm3_5.nii.gz,ok,3.0,8,True,0,8,10082.929779853155,8911.882062379047,106.20000422000885,101.40000402927399,93.00000369548798,0.4242640855706679,0.6000000238418579,0.5912207136040566,/Users/angadkumar16ak/Projects/Automated_Cardiovascular_Segmentation_for_Bioprinting_Project/outputs/topology_correction/mesh_qc/s1_absolute_volume__mm3_5/case_outputs/763__s1_absolute_volume__mm3_5/segmentation_raw.stl,/Users/angadkumar16ak/Projects/Automated_Cardiovascular_Segmentation_for_Bioprinting_Project/outputs/topology_correction/mesh_qc/s1_absolute_volume__mm3_5/case_outputs/763__s1_absolute_volume__mm3_5/segmentation_repaired.stl,/Users/angadkumar16ak/Projects/Automated_Cardiovascular_Segmentation_for_Bioprinting_Project/outputs/topology_correction/mesh_qc/s1_absolute_volume__mm3_5/case_outputs/763__s1_absolute_volume__mm3_5/segmentation_smoothed.stl,True,0.5788645321230161,3.141592653589793,0.5184714446115807,3.1409251602272086,-0.002649203943823072,0.0983602650269317,True
764__s1_absolute_volume__mm3_5,/Users/angadkumar16ak/Projects/Automated_Cardiovascular_Segmentation_for_Bioprinting_Project/outputs/topology_correction/case_outputs/764/mask__s1_absolute_volume__mm3_5.nii.gz,ok,3.0,4,True,0,4,12589.360638680906,11684.791392935565,114.60000455379486,105.00000417232513,86.40000343322754,0.4242640855706679,0.6000000238418579,0.5920358508875778,/Users/angadkumar16ak/Projects/Automated_Cardiovascular_Segmentation_for_Bioprinting_Project/outputs/topology_correction/mesh_qc/s1_absolute_volume__mm3_5/case_outputs/764__s1_absolute_volume__mm3_5/segmentation_raw.stl,/Users/angadkumar16ak/Projects/Automated_Cardiovascular_Segmentation_for_Bioprinting_Project/outputs/topology_correction/mesh_qc/s1_absolute_volume__mm3_5/case_outputs/764__s1_absolute_volume__mm3_5/segmentation_repaired.stl,/Users/angadkumar16ak/Projects/Automated_Cardiovascular_Segmentation_for_Bioprinting_Project/outputs/topology_correction/mesh_qc/s1_absolute_volume__mm3_5/case_outputs/764__s1_absolute_volume__mm3_5/segmentation_smoothed.stl,True,0.6004492722909096,3.141592653589793,0.5470655829688172,3.1404066576757144,-0.002088160696308434,0.120056085658096,True
765__s1_absolute_volume__mm3_5,/Users/angadkumar16ak/Projects/Automated_Cardiovascular_Segmentation_for_Bioprinting_Project/outputs/topology_correction/case_outputs/765/mask__s1_absolute_volume__mm3_5.nii.gz,ok,3.0,3,True,0,3,7503.919561320988,5857.794698303488,104.40000414848328,98.4000039100647,89.40000355243683,0.4242640855706679,0.6000000238418579,0.5884057817559883,/Users/angadkumar16ak/Projects/Automated_Cardiovascular_Segmentation_for_Bioprinting_Project/outputs/topology_correction/mesh_qc/s1_absolute_volume__mm3_5/case_outputs/765__s1_absolute_volume__mm3_5/segmentation_raw.stl,/Users/angadkumar16ak/Projects/Automated_Cardiovascular_Segmentation_for_Bioprinting_Project/outputs/topology_correction/mesh_qc/s1_absolute_volume__mm3_5/case_outputs/765__s1_absolute_volume__mm3_5/segmentation_repaired.stl,/Users/angadkumar16ak/Projects/Automated_Cardiovascular_Segmentation_for_Bioprinting_Project/outputs/topology_correction/mesh_qc/s1_absolute_volume__mm3_5/case_outputs/765__s1_absolute_volume__mm3_5/segmentation_smoothed.stl,True,0.5702215559699759,3.141592653589793,0.523346059731766,3.1408133501435707,-0.0033918887765594253,0.04409693380042616,True
766__s1_absolute_volume__mm3_5,/Users/angadkumar16ak/Projects/Automated_Cardiovascular_Segmentation_for_Bioprinting_Project/outputs/topology_correction/case_outputs/766/mask__s1_absolute_volume__mm3_5.nii.gz,ok,3.0,8,True,0,8,14053.721933216477,12892.222536872565,147.0000058412552,110.40000438690186,100.80000400543213,0.4242640855706679,0.6000000238418579,0.5915884908095493,/Users/angadkumar16ak/Projects/Automated_Cardiovascular_Segmentation_for_Bioprinting_Project/outputs/topology_correction/mesh_qc/s1_absolute_volume__mm3_5/case_outputs/766__s1_absolute_volume__mm3_5/segmentation_raw.stl,/Users/angadkumar16ak/Projects/Automated_Cardiovascular_Segmentation_for_Bioprinting_Project/outputs/topology_correction/mesh_qc/s1_absolute_volume__mm3_5/case_outputs/766__s1_absolute_volume__mm3_5/segmentation_repaired.stl,/Users/angadkumar16ak/Projects/Automated_Cardiovascular_Segmentation_for_Bioprinting_Project/outputs/topology_correction/mesh_qc/s1_absolute_volume__mm3_5/case_outputs/766__s1_absolute_volume__mm3_5/segmentation_smoothed.stl,True,0.6002340747649647,3.141592653589793,0.5484081466133315,3.1409254272369544,-0.0022683389182508585,0.11501971719438349,True
767__s1_absolute_volume__mm3_5,/Users/angadkumar16ak/Projects/Automated_Cardiovascular_Segmentation_for_Bioprinting_Project/outputs/topology_correction/case_outputs/767/mask__s1_absolute_volume__mm3_5.nii.gz,ok,3.0,10,False,24,10,6292.922294182804,not_watertight,136.20000541210175,84.60000336170197,86.70000344514847,0.4242640855706679,0.6000000238418579,0.5913403499812461,/Users/angadkumar16ak/Projects/Automated_Cardiovascular_Segmentation_for_Bioprinting_Project/outputs/topology_correction/mesh_qc/s1_absolute_volume__mm3_5/case_outputs/767__s1_absolute_volume__mm3_5/segmentation_raw.stl,/Users/angadkumar16ak/Projects/Automated_Cardiovascular_Segmentation_for_Bioprinting_Project/outputs/topology_correction/mesh_qc/s1_absolute_volume__mm3_5/case_outputs/767__s1_absolute_volume__mm3_5/segmentation_repaired.stl,/Users/angadkumar16ak/Projects/Automated_Cardiovascular_Segmentation_for_Bioprinting_Project/outputs/topology_correction/mesh_qc/s1_absolute_volume__mm3_5/case_outputs/767__s1_absolute_volume__mm3_5/segmentation_smoothed.stl,True,0.5881449232538823,3.141592653589793,0.5320682299648006,3.140383671395381,not_watertight,0.0468090659938226,False
768__s1_absolute_volume__mm3_5,/Users/angadkumar16ak/Projects/Automated_Cardiovascular_Segmentation_for_Bioprinting_Project/outputs/topology_correction/case_outputs/768/mask__s1_absolute_volume__mm3_5.nii.gz,ok,3.0,13,False,28,12,7475.513273631843,not_watertight,145.50000578165054,103.80000412464142,99.00000393390656,0.4242640855706679,0.6000000238418579,0.5929893089262017,/Users/angadkumar16ak/Projects/Automated_Cardiovascular_Segmentation_for_Bioprinting_Project/outputs/topology_correction/mesh_qc/s1_absolute_volume__mm3_5/case_outputs/768__s1_absolute_volume__mm3_5/segmentation_raw.stl,/Users/angadkumar16ak/Projects/Automated_Cardiovascular_Segmentation_for_Bioprinting_Project/outputs/topology_correction/mesh_qc/s1_absolute_volume__mm3_5/case_outputs/768__s1_absolute_volume__mm3_5/segmentation_repaired.stl,/Users/angadkumar16ak/Projects/Automated_Cardiovascular_Segmentation_for_Bioprinting_Project/outputs/topology_correction/mesh_qc/s1_absolute_volume__mm3_5/case_outputs/768__s1_absolute_volume__mm3_5/segmentation_smoothed.stl,True,0.6105186399909711,3.141592653589793,0.5651245144868574,3.1399131902631185,not_watertight,0.09284752110917634,False
769__s1_absolute_volume__mm3_5,/Users/angadkumar16ak/Projects/Automated_Cardiovascular_Segmentation_for_Bioprinting_Project/outputs/topology_correction/case_outputs/769/mask__s1_absolute_volume__mm3_5.nii.gz,ok,3.0,7,False,142,7,9641.612204669907,not_watertight,114.60000455379486,96.00000381469727,83.70000332593918,0.4242640855706679,0.6000000238418579,0.5917200028577273,/Users/angadkumar16ak/Projects/Automated_Cardiovascular_Segmentation_for_Bioprinting_Project/outputs/topology_correction/mesh_qc/s1_absolute_volume__mm3_5/case_outputs/769__s1_absolute_volume__mm3_5/segmentation_raw.stl,/Users/angadkumar16ak/Projects/Automated_Cardiovascular_Segmentation_for_Bioprinting_Project/outputs/topology_correction/mesh_qc/s1_absolute_volume__mm3_5/case_outputs/769__s1_absolute_volume__mm3_5/segmentation_repaired.stl,/Users/angadkumar16ak/Projects/Automated_Cardiovascular_Segmentation_for_Bioprinting_Project/outputs/topology_correction/mesh_qc/s1_absolute_volume__mm3_5/case_outputs/769__s1_absolute_volume__mm3_5/segmentation_smoothed.stl,True,0.5784770798926825,3.141592653589793,0.517333891018179,3.1404338858929393,not_watertight,0.09516907005223302,False
770__s1_absolute_volume__mm3_5,/Users/angadkumar16ak/Projects/Automated_Cardiovascular_Segmentation_for_Bioprinting_Project/outputs/topology_correction/case_outputs/770/mask__s1_absolute_volume__mm3_5.nii.gz,ok,3.0,8,True,0,8,13125.943020048077,11567.260378924782,127.80000507831573,96.60000383853912,93.60000371932983,0.4242640855706679,0.6000000238418579,0.5907026353257601,/Users/angadkumar16ak/Projects/Automated_Cardiovascular_Segmentation_for_Bioprinting_Project/outputs/topology_correction/mesh_qc/s1_absolute_volume__mm3_5/case_outputs/770__s1_absolute_volume__mm3_5/segmentation_raw.stl,/Users/angadkumar16ak/Projects/Automated_Cardiovascular_Segmentation_for_Bioprinting_Project/outputs/topology_correction/mesh_qc/s1_absolute_volume__mm3_5/case_outputs/770__s1_absolute_volume__mm3_5/segmentation_repaired.stl,/Users/angadkumar16ak/Projects/Automated_Cardiovascular_Segmentation_for_Bioprinting_Project/outputs/topology_correction/mesh_qc/s1_absolute_volume__mm3_5/case_outputs/770__s1_absolute_volume__mm3_5/segmentation_smoothed.stl,True,0.5865974581501953,3.141592653589793,0.5321184567998418,3.1376178408811106,-0.002450873140256339,0.09908371435391762,True
771__s1_absolute_volume__mm3_5,/Users/angadkumar16ak/Projects/Automated_Cardiovascular_Segmentation_for_Bioprinting_Project/outputs/topology_correction/case_outputs/771/mask__s1_absolute_volume__mm3_5.nii.gz,ok,3.0,6,True,0,6,7795.964119595969,7012.737835983428,151.80000603199005,120.60000479221344,85.80000340938568,0.4242640855706679,0.6000000238418579,0.5901050187331037,/Users/angadkumar16ak/Projects/Automated_Cardiovascular_Segmentation_for_Bioprinting_Project/outputs/topology_correction/mesh_qc/s1_absolute_volume__mm3_5/case_outputs/771__s1_absolute_volume__mm3_5/segmentation_raw.stl,/Users/angadkumar16ak/Projects/Automated_Cardiovascular_Segmentation_for_Bioprinting_Project/outputs/topology_correction/mesh_qc/s1_absolute_volume__mm3_5/case_outputs/771__s1_absolute_volume__mm3_5/segmentation_repaired.stl,/Users/angadkumar16ak/Projects/Automated_Cardiovascular_Segmentation_for_Bioprinting_Project/outputs/topology_correction/mesh_qc/s1_absolute_volume__mm3_5/case_outputs/771__s1_absolute_volume__mm3_5/segmentation_smoothed.stl,True,0.5901373706971335,3.141592653589793,0.5397002187278515,3.1398647274914993,-0.0025881961203726776,0.11135688746136597,True
772__s1_absolute_volume__mm3_5,/Users/angadkumar16ak/Projects/Automated_Cardiovascular_Segmentation_for_Bioprinting_Project/outputs/topology_correction/case_outputs/772/mask__s1_absolute_volume__mm3_5.nii.gz,ok,3.0,6,False,16,5,8496.891230389578,not_watertight,108.00000429153442,94.80000376701355,86.70000344514847,0.4242640855706679,0.6000000238418579,0.5916286101011305,/Users/angadkumar16ak/Projects/Automated_Cardiovascular_Segmentation_for_Bioprinting_Project/outputs/topology_correction/mesh_qc/s1_absolute_volume__mm3_5/case_outputs/772__s1_absolute_volume__mm3_5/segmentation_raw.stl,/Users/angadkumar16ak/Projects/Automated_Cardiovascular_Segmentation_for_Bioprinting_Project/outputs/topology_correction/mesh_qc/s1_absolute_volume__mm3_5/case_outputs/772__s1_absolute_volume__mm3_5/segmentation_repaired.stl,/Users/angadkumar16ak/Projects/Automated_Cardiovascular_Segmentation_for_Bioprinting_Project/outputs/topology_correction/mesh_qc/s1_absolute_volume__mm3_5/case_outputs/772__s1_absolute_volume__mm3_5/segmentation_smoothed.stl,True,0.592306786121702,3.141592653589793,0.5433986035801814,3.1405412524691716,not_watertight,0.08622825125331761,False
773__s1_absolute_volume__mm3_5,/Users/angadkumar16ak/Projects/Automated_Cardiovascular_Segmentation_for_Bioprinting_Project/outputs/topology_correction/case_outputs/773/mask__s1_absolute_volume__mm3_5.nii.gz,ok,3.0,4,True,0,4,7258.539472960744,5942.898708448676,100.80000400543213,93.00000369548798,108.60000431537628,0.4242640855706679,0.6000000238418579,0.5913754300213796,/Users/angadkumar16ak/Projects/Automated_Cardiovascular_Segmentation_for_Bioprinting_Project/outputs/topology_correction/mesh_qc/s1_absolute_volume__mm3_5/case_outputs/773__s1_absolute_volume__mm3_5/segmentation_raw.stl,/Users/angadkumar16ak/Projects/Automated_Cardiovascular_Segmentation_for_Bioprinting_Project/outputs/topology_correction/mesh_qc/s1_absolute_volume__mm3_5/case_outputs/773__s1_absolute_volume__mm3_5/segmentation_repaired.stl,/Users/angadkumar16ak/Projects/Automated_Cardiovascular_Segmentation_for_Bioprinting_Project/outputs/topology_correction/mesh_qc/s1_absolute_volume__mm3_5/case_outputs/773__s1_absolute_volume__mm3_5/segmentation_smoothed.stl,True,0.5385796916300842,3.141592653589793,0.4751030687168512,3.1372826720667253,-0.002933659957451831,0.05774924201890494,True
774__s1_absolute_volume__mm3_5,/Users/angadkumar16ak/Projects/Automated_Cardiovascular_Segmentation_for_Bioprinting_Project/outputs/topology_correction/case_outputs/774/mask__s1_absolute_volume__mm3_5.nii.gz,ok,3.0,8,True,0,7,7266.601473837433,6107.265728042748,112.20000445842743,84.00000333786011,100.20000398159027,0.4242640855706679,0.6000000238418579,0.5896002957328838,/Users/angadkumar16ak/Projects/Automated_Cardiovascular_Segmentation_for_Bioprinting_Project/outputs/topology_correction/mesh_qc/s1_absolute_volume__mm3_5/case_outputs/774__s1_absolute_volume__mm3_5/segmentation_raw.stl,/Users/angadkumar16ak/Projects/Automated_Cardiovascular_Segmentation_for_Bioprinting_Project/outputs/topology_correction/mesh_qc/s1_absolute_volume__mm3_5/case_outputs/774__s1_absolute_volume__mm3_5/segmentation_repaired.stl,/Users/angadkumar16ak/Projects/Automated_Cardiovascular_Segmentation_for_Bioprinting_Project/outputs/topology_correction/mesh_qc/s1_absolute_volume__mm3_5/case_outputs/774__s1_absolute_volume__mm3_5/segmentation_smoothed.stl,True,0.574105284073878,3.141592653589793,0.5139602988922415,3.140388164250779,-0.0030394756420310002,0.07340532657383937,True
775__s1_absolute_volume__mm3_5,/Users/angadkumar16ak/Projects/Automated_Cardiovascular_Segmentation_for_Bioprinting_Project/outputs/topology_correction/case_outputs/775/mask__s1_absolute_volume__mm3_5.nii.gz,ok,3.0,9,True,0,9,6340.615597306973,5304.798632381225,111.00000441074371,91.80000364780426,87.0000034570694,0.4242640855706679,0.6000000238418579,0.5913206634142274,/Users/angadkumar16ak/Projects/Automated_Cardiovascular_Segmentation_for_Bioprinting_Project/outputs/topology_correction/mesh_qc/s1_absolute_volume__mm3_5/case_outputs/775__s1_absolute_volume__mm3_5/segmentation_raw.stl,/Users/angadkumar16ak/Projects/Automated_Cardiovascular_Segmentation_for_Bioprinting_Project/outputs/topology_correction/mesh_qc/s1_absolute_volume__mm3_5/case_outputs/775__s1_absolute_volume__mm3_5/segmentation_repaired.stl,/Users/angadkumar16ak/Projects/Automated_Cardiovascular_Segmentation_for_Bioprinting_Project/outputs/topology_correction/mesh_qc/s1_absolute_volume__mm3_5/case_outputs/775__s1_absolute_volume__mm3_5/segmentation_smoothed.stl,True,0.6077778997520639,3.141592653589793,0.5590183022597788,3.138246077278414,-0.003064729025862466,0.07668944570994685,True
776__s1_absolute_volume__mm3_5,/Users/angadkumar16ak/Projects/Automated_Cardiovascular_Segmentation_for_Bioprinting_Project/outputs/topology_correction/case_outputs/776/mask__s1_absolute_volume__mm3_5.nii.gz,ok,3.0,8,True,0,8,8922.899446390085,7036.2008387804335,109.20000433921814,93.00000369548798,88.20000350475311,0.4242640855706679,0.6000000238418579,0.5895703499451168,/Users/angadkumar16ak/Projects/Automated_Cardiovascular_Segmentation_for_Bioprinting_Project/outputs/topology_correction/mesh_qc/s1_absolute_volume__mm3_5/case_outputs/776__s1_absolute_volume__mm3_5/segmentation_raw.stl,/Users/angadkumar16ak/Projects/Automated_Cardiovascular_Segmentation_for_Bioprinting_Project/outputs/topology_correction/mesh_qc/s1_absolute_volume__mm3_5/case_outputs/776__s1_absolute_volume__mm3_5/segmentation_repaired.stl,/Users/angadkumar16ak/Projects/Automated_Cardiovascular_Segmentation_for_Bioprinting_Project/outputs/topology_correction/mesh_qc/s1_absolute_volume__mm3_5/case_outputs/776__s1_absolute_volume__mm3_5/segmentation_smoothed.stl,True,0.5701753721607419,3.141592653589793,0.5153921847036422,3.1381123284594703,-0.0034354529635371566,0.051942974013474495,True
777__s1_absolute_volume__mm3_5,/Users/angadkumar16ak/Projects/Automated_Cardiovascular_Segmentation_for_Bioprinting_Project/outputs/topology_correction/case_outputs/777/mask__s1_absolute_volume__mm3_5.nii.gz,ok,3.0,8,True,0,8,7283.795736135658,5591.871666602995,105.00000417232513,91.2000036239624,91.80000364780426,0.4242640855706679,0.6000000238418579,0.5889155564032855,/Users/angadkumar16ak/Projects/Automated_Cardiovascular_Segmentation_for_Bioprinting_Project/outputs/topology_correction/mesh_qc/s1_absolute_volume__mm3_5/case_outputs/777__s1_absolute_volume__mm3_5/segmentation_raw.stl,/Users/angadkumar16ak/Projects/Automated_Cardiovascular_Segmentation_for_Bioprinting_Project/outputs/topology_correction/mesh_qc/s1_absolute_volume__mm3_5/case_outputs/777__s1_absolute_volume__mm3_5/segmentation_repaired.stl,/Users/angadkumar16ak/Projects/Automated_Cardiovascular_Segmentation_for_Bioprinting_Project/outputs/topology_correction/mesh_qc/s1_absolute_volume__mm3_5/case_outputs/777__s1_absolute_volume__mm3_5/segmentation_smoothed.stl,True,0.5813570639090703,3.141592653589793,0.5231985337801492,3.138832582810821,-0.0037504574736325026,0.0440482036946092,True
778__s1_absolute_volume__mm3_5,/Users/angadkumar16ak/Projects/Automated_Cardiovascular_Segmentation_for_Bioprinting_Project/outputs/topology_correction/case_outputs/778/mask__s1_absolute_volume__mm3_5.nii.gz,ok,3.0,5,True,0,4,7287.7468944670045,5781.123689163595,98.4000039100647,81.00000321865082,92.40000367164612,0.4242640855706679,0.6000000238418579,0.5889242616196331,/Users/angadkumar16ak/Projects/Automated_Cardiovascular_Segmentation_for_Bioprinting_Project/outputs/topology_correction/mesh_qc/s1_absolute_volume__mm3_5/case_outputs/778__s1_absolute_volume__mm3_5/segmentation_raw.stl,/Users/angadkumar16ak/Projects/Automated_Cardiovascular_Segmentation_for_Bioprinting_Project/outputs/topology_correction/mesh_qc/s1_absolute_volume__mm3_5/case_outputs/778__s1_absolute_volume__mm3_5/segmentation_repaired.stl,/Users/angadkumar16ak/Projects/Automated_Cardiovascular_Segmentation_for_Bioprinting_Project/outputs/topology_correction/mesh_qc/s1_absolute_volume__mm3_5/case_outputs/778__s1_absolute_volume__mm3_5/segmentation_smoothed.stl,True,0.558886981797374,3.141592653589793,0.5017740059491546,3.1362513126210305,-0.0032538004288296973,0.051627549339094136,True
779__s1_absolute_volume__mm3_5,/Users/angadkumar16ak/Projects/Automated_Cardiovascular_Segmentation_for_Bioprinting_Project/outputs/topology_correction/case_outputs/779/mask__s1_absolute_volume__mm3_5.nii.gz,ok,3.0,8,True,0,8,9215.572619027882,7399.989882147468,143.40000569820404,105.60000419616699,99.00000393390656,0.4242640855706679,0.6000000238418579,0.58944670458215,/Users/angadkumar16ak/Projects/Automated_Cardiovascular_Segmentation_for_Bioprinting_Project/outputs/topology_correction/mesh_qc/s1_absolute_volume__mm3_5/case_outputs/779__s1_absolute_volume__mm3_5/segmentation_raw.stl,/Users/angadkumar16ak/Projects/Automated_Cardiovascular_Segmentation_for_Bioprinting_Project/outputs/topology_correction/mesh_qc/s1_absolute_volume__mm3_5/case_outputs/779__s1_absolute_volume__mm3_5/segmentation_repaired.stl,/Users/angadkumar16ak/Projects/Automated_Cardiovascular_Segmentation_for_Bioprinting_Project/outputs/topology_correction/mesh_qc/s1_absolute_volume__mm3_5/case_outputs/779__s1_absolute_volume__mm3_5/segmentation_smoothed.stl,True,0.5816130733854774,3.141592653589793,0.5297605137731058,3.1366927713209147,-0.003122818504209173,0.05177447052089296,True
780__s1_absolute_volume__mm3_5,/Users/angadkumar16ak/Projects/Automated_Cardiovascular_Segmentation_for_Bioprinting_Project/outputs/topology_correction/case_outputs/780/mask__s1_absolute_volume__mm3_5.nii.gz,ok,3.0,9,True,0,9,10410.162781521967,8801.56004922764,109.80000436306,109.80000436306,86.40000343322754,0.4242640855706679,0.6000000238418579,0.5909443019224,/Users/angadkumar16ak/Projects/Automated_Cardiovascular_Segmentation_for_Bioprinting_Project/outputs/topology_correction/mesh_qc/s1_absolute_volume__mm3_5/case_outputs/780__s1_absolute_volume__mm3_5/segmentation_raw.stl,/Users/angadkumar16ak/Projects/Automated_Cardiovascular_Segmentation_for_Bioprinting_Project/outputs/topology_correction/mesh_qc/s1_absolute_volume__mm3_5/case_outputs/780__s1_absolute_volume__mm3_5/segmentation_repaired.stl,/Users/angadkumar16ak/Projects/Automated_Cardiovascular_Segmentation_for_Bioprinting_Project/outputs/topology_correction/mesh_qc/s1_absolute_volume__mm3_5/case_outputs/780__s1_absolute_volume__mm3_5/segmentation_smoothed.stl,True,0.593264208146629,3.141592653589793,0.5440356797606007,3.137898364326735,-0.002982428619408329,0.07856506131495893,True
781__s1_absolute_volume__mm3_5,/Users/angadkumar16ak/Projects/Automated_Cardiovascular_Segmentation_for_Bioprinting_Project/outputs/topology_correction/case_outputs/781/mask__s1_absolute_volume__mm3_5.nii.gz,ok,3.0,3,True,0,3,7070.360089096623,5561.658663001326,105.00000417232513,103.20000410079956,75.00000298023224,0.4242640855706679,0.6000000238418579,0.5903446384614359,/Users/angadkumar16ak/Projects/Automated_Cardiovascular_Segmentation_for_Bioprinting_Project/outputs/topology_correction/mesh_qc/s1_absolute_volume__mm3_5/case_outputs/781__s1_absolute_volume__mm3_5/segmentation_raw.stl,/Users/angadkumar16ak/Projects/Automated_Cardiovascular_Segmentation_for_Bioprinting_Project/outputs/topology_correction/mesh_qc/s1_absolute_volume__mm3_5/case_outputs/781__s1_absolute_volume__mm3_5/segmentation_repaired.stl,/Users/angadkumar16ak/Projects/Automated_Cardiovascular_Segmentation_for_Bioprinting_Project/outputs/topology_correction/mesh_qc/s1_absolute_volume__mm3_5/case_outputs/781__s1_absolute_volume__mm3_5/segmentation_smoothed.stl,True,0.5819963955823911,3.141592653589793,0.5298327118353566,3.1403256164877678,-0.00331173986658262,0.04794155695913553,True
782__s1_absolute_volume__mm3_5,/Users/angadkumar16ak/Projects/Automated_Cardiovascular_Segmentation_for_Bioprinting_Project/outputs/topology_correction/case_outputs/782/mask__s1_absolute_volume__mm3_5.nii.gz,ok,3.0,12,True,0,11,10144.062763865266,8985.89807120244,117.00000464916229,83.40000331401825,92.40000367164612,0.4242640855706679,0.6000000238418579,0.591721314123319,/Users/angadkumar16ak/Projects/Automated_Cardiovascular_Segmentation_for_Bioprinting_Project/outputs/topology_correction/mesh_qc/s1_absolute_volume__mm3_5/case_outputs/782__s1_absolute_volume__mm3_5/segmentation_raw.stl,/Users/angadkumar16ak/Projects/Automated_Cardiovascular_Segmentation_for_Bioprinting_Project/outputs/topology_correction/mesh_qc/s1_absolute_volume__mm3_5/case_outputs/782__s1_absolute_volume__mm3_5/segmentation_repaired.stl,/Users/angadkumar16ak/Projects/Automated_Cardiovascular_Segmentation_for_Bioprinting_Project/outputs/topology_correction/mesh_qc/s1_absolute_volume__mm3_5/case_outputs/782__s1_absolute_volume__mm3_5/segmentation_smoothed.stl,True,0.5805809500427905,3.141592653589793,0.5288761193861403,3.1402222037636527,-0.002864727321899841,0.10862680217442686,True
783__s1_absolute_volume__mm3_5,/Users/angadkumar16ak/Projects/Automated_Cardiovascular_Segmentation_for_Bioprinting_Project/outputs/topology_correction/case_outputs/783/mask__s1_absolute_volume__mm3_5.nii.gz,ok,3.0,6,True,0,6,6767.012692243576,5532.732659553076,102.00000405311584,87.60000348091125,82.20000326633453,0.4242640855706679,0.6000000238418579,0.5912679712654504,/Users/angadkumar16ak/Projects/Automated_Cardiovascular_Segmentation_for_Bioprinting_Project/outputs/topology_correction/mesh_qc/s1_absolute_volume__mm3_5/case_outputs/783__s1_absolute_volume__mm3_5/segmentation_raw.stl,/Users/angadkumar16ak/Projects/Automated_Cardiovascular_Segmentation_for_Bioprinting_Project/outputs/topology_correction/mesh_qc/s1_absolute_volume__mm3_5/case_outputs/783__s1_absolute_volume__mm3_5/segmentation_repaired.stl,/Users/angadkumar16ak/Projects/Automated_Cardiovascular_Segmentation_for_Bioprinting_Project/outputs/topology_correction/mesh_qc/s1_absolute_volume__mm3_5/case_outputs/783__s1_absolute_volume__mm3_5/segmentation_smoothed.stl,True,0.5977107398389934,3.141592653589793,0.54854366667617,3.1384238344986333,-0.003312690279589545,0.07343313296833723,True
784__s1_absolute_volume__mm3_5,/Users/angadkumar16ak/Projects/Automated_Cardiovascular_Segmentation_for_Bioprinting_Project/outputs/topology_correction/case_outputs/784/mask__s1_absolute_volume__mm3_5.nii.gz,ok,3.0,4,True,0,4,6836.988769136909,5416.380645682836,93.60000371932983,91.2000036239624,87.0000034570694,0.4242640855706679,0.6000000238418579,0.589094146336187,/Users/angadkumar16ak/Projects/Automated_Cardiovascular_Segmentation_for_Bioprinting_Project/outputs/topology_correction/mesh_qc/s1_absolute_volume__mm3_5/case_outputs/784__s1_absolute_volume__mm3_5/segmentation_raw.stl,/Users/angadkumar16ak/Projects/Automated_Cardiovascular_Segmentation_for_Bioprinting_Project/outputs/topology_correction/mesh_qc/s1_absolute_volume__mm3_5/case_outputs/784__s1_absolute_volume__mm3_5/segmentation_repaired.stl,/Users/angadkumar16ak/Projects/Automated_Cardiovascular_Segmentation_for_Bioprinting_Project/outputs/topology_correction/mesh_qc/s1_absolute_volume__mm3_5/case_outputs/784__s1_absolute_volume__mm3_5/segmentation_smoothed.stl,True,0.5849570925613851,3.141592653589793,0.528791925905776,3.1394355805781107,-0.0032815003386914322,0.0519942185241611,True
785__s1_absolute_volume__mm3_5,/Users/angadkumar16ak/Projects/Automated_Cardiovascular_Segmentation_for_Bioprinting_Project/outputs/topology_correction/case_outputs/785/mask__s1_absolute_volume__mm3_5.nii.gz,ok,3.0,3,True,0,3,4945.454832938545,4325.283515613933,97.80000388622284,88.80000352859497,72.00000286102295,0.4242640855706679,0.6000000238418579,0.5894810125914729,/Users/angadkumar16ak/Projects/Automated_Cardiovascular_Segmentation_for_Bioprinting_Project/outputs/topology_correction/mesh_qc/s1_absolute_volume__mm3_5/case_outputs/785__s1_absolute_volume__mm3_5/segmentation_raw.stl,/Users/angadkumar16ak/Projects/Automated_Cardiovascular_Segmentation_for_Bioprinting_Project/outputs/topology_correction/mesh_qc/s1_absolute_volume__mm3_5/case_outputs/785__s1_absolute_volume__mm3_5/segmentation_repaired.stl,/Users/angadkumar16ak/Projects/Automated_Cardiovascular_Segmentation_for_Bioprinting_Project/outputs/topology_correction/mesh_qc/s1_absolute_volume__mm3_5/case_outputs/785__s1_absolute_volume__mm3_5/segmentation_smoothed.stl,True,0.5908497604926,3.141592653589793,0.5297133838866447,3.1379196120507205,-0.002686879384442762,0.08546588732256005,True
786__s1_absolute_volume__mm3_5,/Users/angadkumar16ak/Projects/Automated_Cardiovascular_Segmentation_for_Bioprinting_Project/outputs/topology_correction/case_outputs/786/mask__s1_absolute_volume__mm3_5.nii.gz,ok,3.0,5,False,78,5,7341.039662039588,not_watertight,108.00000429153442,85.20000338554382,83.70000332593918,0.4242640855706679,0.6000000238418579,0.5912943885995082,/Users/angadkumar16ak/Projects/Automated_Cardiovascular_Segmentation_for_Bioprinting_Project/outputs/topology_correction/mesh_qc/s1_absolute_volume__mm3_5/case_outputs/786__s1_absolute_volume__mm3_5/segmentation_raw.stl,/Users/angadkumar16ak/Projects/Automated_Cardiovascular_Segmentation_for_Bioprinting_Project/outputs/topology_correction/mesh_qc/s1_absolute_volume__mm3_5/case_outputs/786__s1_absolute_volume__mm3_5/segmentation_repaired.stl,/Users/angadkumar16ak/Projects/Automated_Cardiovascular_Segmentation_for_Bioprinting_Project/outputs/topology_correction/mesh_qc/s1_absolute_volume__mm3_5/case_outputs/786__s1_absolute_volume__mm3_5/segmentation_smoothed.stl,True,0.5817115327635627,3.141592653589793,0.5259259978022608,3.141387771220899,not_watertight,0.08475308026966889,False
787__s1_absolute_volume__mm3_5,/Users/angadkumar16ak/Projects/Automated_Cardiovascular_Segmentation_for_Bioprinting_Project/outputs/topology_correction/case_outputs/787/mask__s1_absolute_volume__mm3_5.nii.gz,ok,3.0,6,True,0,6,6811.900164476872,6184.719737275988,91.2000036239624,96.00000381469727,77.40000307559967,0.4242640855706679,0.6000000238418579,0.5932081841316208,/Users/angadkumar16ak/Projects/Automated_Cardiovascular_Segmentation_for_Bioprinting_Project/outputs/topology_correction/mesh_qc/s1_absolute_volume__mm3_5/case_outputs/787__s1_absolute_volume__mm3_5/segmentation_raw.stl,/Users/angadkumar16ak/Projects/Automated_Cardiovascular_Segmentation_for_Bioprinting_Project/outputs/topology_correction/mesh_qc/s1_absolute_volume__mm3_5/case_outputs/787__s1_absolute_volume__mm3_5/segmentation_repaired.stl,/Users/angadkumar16ak/Projects/Automated_Cardiovascular_Segmentation_for_Bioprinting_Project/outputs/topology_correction/mesh_qc/s1_absolute_volume__mm3_5/case_outputs/787__s1_absolute_volume__mm3_5/segmentation_smoothed.stl,True,0.569869310423647,3.141592653589793,0.5156000775703387,3.140856219364903,-0.0026973524755895904,0.12350939894841748,True
788__s1_absolute_volume__mm3_5,/Users/angadkumar16ak/Projects/Automated_Cardiovascular_Segmentation_for_Bioprinting_Project/outputs/topology_correction/case_outputs/788/mask__s1_absolute_volume__mm3_5.nii.gz,ok,3.0,8,True,0,8,10113.102844001118,8350.920995507278,108.60000431537628,85.80000340938568,112.80000448226929,0.4242640855706679,0.6000000238418579,0.5900785571937797,/Users/angadkumar16ak/Projects/Automated_Cardiovascular_Segmentation_for_Bioprinting_Project/outputs/topology_correction/mesh_qc/s1_absolute_volume__mm3_5/case_outputs/788__s1_absolute_volume__mm3_5/segmentation_raw.stl,/Users/angadkumar16ak/Projects/Automated_Cardiovascular_Segmentation_for_Bioprinting_Project/outputs/topology_correction/mesh_qc/s1_absolute_volume__mm3_5/case_outputs/788__s1_absolute_volume__mm3_5/segmentation_repaired.stl,/Users/angadkumar16ak/Projects/Automated_Cardiovascular_Segmentation_for_Bioprinting_Project/outputs/topology_correction/mesh_qc/s1_absolute_volume__mm3_5/case_outputs/788__s1_absolute_volume__mm3_5/segmentation_smoothed.stl,True,0.5568928990909123,3.141592653589793,0.4985786542332007,3.1368537645954486,-0.0030760364022789856,0.06982765185166383,True
789__s1_absolute_volume__mm3_5,/Users/angadkumar16ak/Projects/Automated_Cardiovascular_Segmentation_for_Bioprinting_Project/outputs/topology_correction/case_outputs/789/mask__s1_absolute_volume__mm3_5.nii.gz,ok,3.0,7,True,0,6,8369.820608802333,7235.775862571634,130.80000519752502,89.40000355243683,100.80000400543213,0.4242640855706679,0.6000000238418579,0.5908646026834667,/Users/angadkumar16ak/Projects/Automated_Cardiovascular_Segmentation_for_Bioprinting_Project/outputs/topology_correction/mesh_qc/s1_absolute_volume__mm3_5/case_outputs/789__s1_absolute_volume__mm3_5/segmentation_raw.stl,/Users/angadkumar16ak/Projects/Automated_Cardiovascular_Segmentation_for_Bioprinting_Project/outputs/topology_correction/mesh_qc/s1_absolute_volume__mm3_5/case_outputs/789__s1_absolute_volume__mm3_5/segmentation_repaired.stl,/Users/angadkumar16ak/Projects/Automated_Cardiovascular_Segmentation_for_Bioprinting_Project/outputs/topology_correction/mesh_qc/s1_absolute_volume__mm3_5/case_outputs/789__s1_absolute_volume__mm3_5/segmentation_smoothed.stl,True,0.5676823501703245,3.141592653589793,0.5094725428019865,3.1403978097190843,-0.002831721312494352,0.08843118270105331,True
790__s1_absolute_volume__mm3_5,/Users/angadkumar16ak/Projects/Automated_Cardiovascular_Segmentation_for_Bioprinting_Project/outputs/topology_correction/case_outputs/790/mask__s1_absolute_volume__mm3_5.nii.gz,ok,3.0,4,True,0,4,8101.510314991716,6454.8007694721555,103.80000412464142,77.40000307559967,117.00000464916229,0.4242640855706679,0.6000000238418579,0.5895835591514499,/Users/angadkumar16ak/Projects/Automated_Cardiovascular_Segmentation_for_Bioprinting_Project/outputs/topology_correction/mesh_qc/s1_absolute_volume__mm3_5/case_outputs/790__s1_absolute_volume__mm3_5/segmentation_raw.stl,/Users/angadkumar16ak/Projects/Automated_Cardiovascular_Segmentation_for_Bioprinting_Project/outputs/topology_correction/mesh_qc/s1_absolute_volume__mm3_5/case_outputs/790__s1_absolute_volume__mm3_5/segmentation_repaired.stl,/Users/angadkumar16ak/Projects/Automated_Cardiovascular_Segmentation_for_Bioprinting_Project/outputs/topology_correction/mesh_qc/s1_absolute_volume__mm3_5/case_outputs/790__s1_absolute_volume__mm3_5/segmentation_smoothed.stl,True,0.5560386929219142,3.141592653589793,0.4896753811483999,3.137350670027598,-0.003406989049629123,0.054256191569624405,True
791__s1_absolute_volume__mm3_5,/Users/angadkumar16ak/Projects/Automated_Cardiovascular_Segmentation_for_Bioprinting_Project/outputs/topology_correction/case_outputs/791/mask__s1_absolute_volume__mm3_5.nii.gz,ok,3.0,7,True,0,7,11039.699047044176,9072.54108153109,115.80000460147858,90.60000360012054,88.80000352859497,0.4242640855706679,0.6000000238418579,0.5917099924715252,/Users/angadkumar16ak/Projects/Automated_Cardiovascular_Segmentation_for_Bioprinting_Project/outputs/topology_correction/mesh_qc/s1_absolute_volume__mm3_5/case_outputs/791__s1_absolute_volume__mm3_5/segmentation_raw.stl,/Users/angadkumar16ak/Projects/Automated_Cardiovascular_Segmentation_for_Bioprinting_Project/outputs/topology_correction/mesh_qc/s1_absolute_volume__mm3_5/case_outputs/791__s1_absolute_volume__mm3_5/segmentation_repaired.stl,/Users/angadkumar16ak/Projects/Automated_Cardiovascular_Segmentation_for_Bioprinting_Project/outputs/topology_correction/mesh_qc/s1_absolute_volume__mm3_5/case_outputs/791__s1_absolute_volume__mm3_5/segmentation_smoothed.stl,True,0.5934763701993525,3.141592653589793,0.5421608722017812,3.1370045458557425,-0.003010773189341676,0.06708727655099894,True
792__s1_absolute_volume__mm3_5,/Users/angadkumar16ak/Projects/Automated_Cardiovascular_Segmentation_for_Bioprinting_Project/outputs/topology_correction/case_outputs/792/mask__s1_absolute_volume__mm3_5.nii.gz,ok,3.0,11,True,0,11,6349.252089067063,5509.296656759286,115.20000457763672,94.80000376701355,85.80000340938568,0.4242640855706679,0.6000000238418579,0.5895098959259192,/Users/angadkumar16ak/Projects/Automated_Cardiovascular_Segmentation_for_Bioprinting_Project/outputs/topology_correction/mesh_qc/s1_absolute_volume__mm3_5/case_outputs/792__s1_absolute_volume__mm3_5/segmentation_raw.stl,/Users/angadkumar16ak/Projects/Automated_Cardiovascular_Segmentation_for_Bioprinting_Project/outputs/topology_correction/mesh_qc/s1_absolute_volume__mm3_5/case_outputs/792__s1_absolute_volume__mm3_5/segmentation_repaired.stl,/Users/angadkumar16ak/Projects/Automated_Cardiovascular_Segmentation_for_Bioprinting_Project/outputs/topology_correction/mesh_qc/s1_absolute_volume__mm3_5/case_outputs/792__s1_absolute_volume__mm3_5/segmentation_smoothed.stl,True,0.5777730071663316,3.141592653589793,0.5181587303503798,3.1332677787289156,-0.0030570061123808847,0.10242193215509607,True
793__s1_absolute_volume__mm3_5,/Users/angadkumar16ak/Projects/Automated_Cardiovascular_Segmentation_for_Bioprinting_Project/outputs/topology_correction/case_outputs/793/mask__s1_absolute_volume__mm3_5.nii.gz,ok,3.0,9,True,0,9,5559.879799048849,4478.499533878704,98.4000039100647,79.8000031709671,82.80000329017639,0.4242640855706679,0.6000000238418579,0.5911250770087282,/Users/angadkumar16ak/Projects/Automated_Cardiovascular_Segmentation_for_Bioprinting_Project/outputs/topology_correction/mesh_qc/s1_absolute_volume__mm3_5/case_outputs/793__s1_absolute_volume__mm3_5/segmentation_raw.stl,/Users/angadkumar16ak/Projects/Automated_Cardiovascular_Segmentation_for_Bioprinting_Project/outputs/topology_correction/mesh_qc/s1_absolute_volume__mm3_5/case_outputs/793__s1_absolute_volume__mm3_5/segmentation_repaired.stl,/Users/angadkumar16ak/Projects/Automated_Cardiovascular_Segmentation_for_Bioprinting_Project/outputs/topology_correction/mesh_qc/s1_absolute_volume__mm3_5/case_outputs/793__s1_absolute_volume__mm3_5/segmentation_smoothed.stl,True,0.5932008653193502,3.141592653589793,0.5417865243437237,3.1383883011634626,-0.0036423045948593418,0.0704564785937057,True
794__s1_absolute_volume__mm3_5,/Users/angadkumar16ak/Projects/Automated_Cardiovascular_Segmentation_for_Bioprinting_Project/outputs/topology_correction/case_outputs/794/mask__s1_absolute_volume__mm3_5.nii.gz,ok,3.0,3,True,0,3,11523.904714360548,10933.759303405575,136.20000541210175,103.80000412464142,98.4000039100647,0.4242640855706679,0.6000000238418579,0.5921905958536614,/Users/angadkumar16ak/Projects/Automated_Cardiovascular_Segmentation_for_Bioprinting_Project/outputs/topology_correction/mesh_qc/s1_absolute_volume__mm3_5/case_outputs/794__s1_absolute_volume__mm3_5/segmentation_raw.stl,/Users/angadkumar16ak/Projects/Automated_Cardiovascular_Segmentation_for_Bioprinting_Project/outputs/topology_correction/mesh_qc/s1_absolute_volume__mm3_5/case_outputs/794__s1_absolute_volume__mm3_5/segmentation_repaired.stl,/Users/angadkumar16ak/Projects/Automated_Cardiovascular_Segmentation_for_Bioprinting_Project/outputs/topology_correction/mesh_qc/s1_absolute_volume__mm3_5/case_outputs/794__s1_absolute_volume__mm3_5/segmentation_smoothed.stl,True,0.5870153992371276,3.141592653589793,0.5324556826453026,3.140144715649869,-0.002028994917261776,0.12689139452006776,True
795__s1_absolute_volume__mm3_5,/Users/angadkumar16ak/Projects/Automated_Cardiovascular_Segmentation_for_Bioprinting_Project/outputs/topology_correction/case_outputs/795/mask__s1_absolute_volume__mm3_5.nii.gz,ok,3.0,4,True,0,4,6698.156087988774,5452.416649978663,115.20000457763672,87.60000348091125,89.40000355243683,0.4242640855706679,0.6000000238418579,0.5908377478915028,/Users/angadkumar16ak/Projects/Automated_Cardiovascular_Segmentation_for_Bioprinting_Project/outputs/topology_correction/mesh_qc/s1_absolute_volume__mm3_5/case_outputs/795__s1_absolute_volume__mm3_5/segmentation_raw.stl,/Users/angadkumar16ak/Projects/Automated_Cardiovascular_Segmentation_for_Bioprinting_Project/outputs/topology_correction/mesh_qc/s1_absolute_volume__mm3_5/case_outputs/795__s1_absolute_volume__mm3_5/segmentation_repaired.stl,/Users/angadkumar16ak/Projects/Automated_Cardiovascular_Segmentation_for_Bioprinting_Project/outputs/topology_correction/mesh_qc/s1_absolute_volume__mm3_5/case_outputs/795__s1_absolute_volume__mm3_5/segmentation_smoothed.stl,True,0.5847820937384981,3.141592653589793,0.5306170263998764,3.1402327180332454,-0.0033680929163977195,0.06786116833145478,True
796__s1_absolute_volume__mm3_5,/Users/angadkumar16ak/Projects/Automated_Cardiovascular_Segmentation_for_Bioprinting_Project/outputs/topology_correction/case_outputs/796/mask__s1_absolute_volume__mm3_5.nii.gz,ok,3.0,11,True,0,10,7826.801838224193,6719.463801022442,127.80000507831573,111.60000443458557,94.80000376701355,0.4242640855706679,0.6000000238418579,0.5891500485818538,/Users/angadkumar16ak/Projects/Automated_Cardiovascular_Segmentation_for_Bioprinting_Project/outputs/topology_correction/mesh_qc/s1_absolute_volume__mm3_5/case_outputs/796__s1_absolute_volume__mm3_5/segmentation_raw.stl,/Users/angadkumar16ak/Projects/Automated_Cardiovascular_Segmentation_for_Bioprinting_Project/outputs/topology_correction/mesh_qc/s1_absolute_volume__mm3_5/case_outputs/796__s1_absolute_volume__mm3_5/segmentation_repaired.stl,/Users/angadkumar16ak/Projects/Automated_Cardiovascular_Segmentation_for_Bioprinting_Project/outputs/topology_correction/mesh_qc/s1_absolute_volume__mm3_5/case_outputs/796__s1_absolute_volume__mm3_5/segmentation_smoothed.stl,True,0.5783227012547106,3.141592653589793,0.5225623216724361,3.13988895555556,-0.0031407838977989553,0.09463383838383839,True
797__s1_absolute_volume__mm3_5,/Users/angadkumar16ak/Projects/Automated_Cardiovascular_Segmentation_for_Bioprinting_Project/outputs/topology_correction/case_outputs/797/mask__s1_absolute_volume__mm3_5.nii.gz,ok,3.0,7,True,0,7,8158.272313768497,6120.189729583412,99.00000393390656,83.40000331401825,87.0000034570694,0.4242640855706679,0.6000000238418579,0.5895324188525101,/Users/angadkumar16ak/Projects/Automated_Cardiovascular_Segmentation_for_Bioprinting_Project/outputs/topology_correction/mesh_qc/s1_absolute_volume__mm3_5/case_outputs/797__s1_absolute_volume__mm3_5/segmentation_raw.stl,/Users/angadkumar16ak/Projects/Automated_Cardiovascular_Segmentation_for_Bioprinting_Project/outputs/topology_correction/mesh_qc/s1_absolute_volume__mm3_5/case_outputs/797__s1_absolute_volume__mm3_5/segmentation_repaired.stl,/Users/angadkumar16ak/Projects/Automated_Cardiovascular_Segmentation_for_Bioprinting_Project/outputs/topology_correction/mesh_qc/s1_absolute_volume__mm3_5/case_outputs/797__s1_absolute_volume__mm3_5/segmentation_smoothed.stl,True,0.5748016855586372,3.141592653589793,0.5210200561216802,3.140639202555806,-0.004047235543419725,0.03616162313239709,True
798__s1_absolute_volume__mm3_5,/Users/angadkumar16ak/Projects/Automated_Cardiovascular_Segmentation_for_Bioprinting_Project/outputs/topology_correction/case_outputs/798/mask__s1_absolute_volume__mm3_5.nii.gz,ok,3.0,25,False,26,25,11131.53704544586,not_watertight,156.00000619888306,144.60000574588776,106.50000423192978,0.4242640855706679,0.6000000238418579,0.5923874144050602,/Users/angadkumar16ak/Projects/Automated_Cardiovascular_Segmentation_for_Bioprinting_Project/outputs/topology_correction/mesh_qc/s1_absolute_volume__mm3_5/case_outputs/798__s1_absolute_volume__mm3_5/segmentation_raw.stl,/Users/angadkumar16ak/Projects/Automated_Cardiovascular_Segmentation_for_Bioprinting_Project/outputs/topology_correction/mesh_qc/s1_absolute_volume__mm3_5/case_outputs/798__s1_absolute_volume__mm3_5/segmentation_repaired.stl,/Users/angadkumar16ak/Projects/Automated_Cardiovascular_Segmentation_for_Bioprinting_Project/outputs/topology_correction/mesh_qc/s1_absolute_volume__mm3_5/case_outputs/798__s1_absolute_volume__mm3_5/segmentation_smoothed.stl,True,0.5964162696131217,3.141592653589793,0.545073152748376,3.1397694683905737,not_watertight,0.09068314636931551,False
799__s1_absolute_volume__mm3_5,/Users/angadkumar16ak/Projects/Automated_Cardiovascular_Segmentation_for_Bioprinting_Project/outputs/topology_correction/case_outputs/799/mask__s1_absolute_volume__mm3_5.nii.gz,ok,3.0,5,True,0,4,9581.917178188689,8046.801959253469,126.00000500679016,111.00000441074371,97.20000386238098,0.4242640855706679,0.6000000238418579,0.591446545038873,/Users/angadkumar16ak/Projects/Automated_Cardiovascular_Segmentation_for_Bioprinting_Project/outputs/topology_correction/mesh_qc/s1_absolute_volume__mm3_5/case_outputs/799__s1_absolute_volume__mm3_5/segmentation_raw.stl,/Users/angadkumar16ak/Projects/Automated_Cardiovascular_Segmentation_for_Bioprinting_Project/outputs/topology_correction/mesh_qc/s1_absolute_volume__mm3_5/case_outputs/799__s1_absolute_volume__mm3_5/segmentation_repaired.stl,/Users/angadkumar16ak/Projects/Automated_Cardiovascular_Segmentation_for_Bioprinting_Project/outputs/topology_correction/mesh_qc/s1_absolute_volume__mm3_5/case_outputs/799__s1_absolute_volume__mm3_5/segmentation_smoothed.stl,True,0.5804104964668181,3.141592653589793,0.5181798769717036,3.140643384542307,-0.0027970612618601737,0.07444116406579503,True
800__s1_absolute_volume__mm3_5,/Users/angadkumar16ak/Projects/Automated_Cardiovascular_Segmentation_for_Bioprinting_Project/outputs/topology_correction/case_outputs/800/mask__s1_absolute_volume__mm3_5.nii.gz,ok,3.0,5,True,0,5,10821.345281471804,9645.184149795457,148.2000058889389,133.8000053167343,96.60000383853912,0.4242640855706679,0.6000000238418579,0.5922272964659591,/Users/angadkumar16ak/Projects/Automated_Cardiovascular_Segmentation_for_Bioprinting_Project/outputs/topology_correction/mesh_qc/s1_absolute_volume__mm3_5/case_outputs/800__s1_absolute_volume__mm3_5/segmentation_raw.stl,/Users/angadkumar16ak/Projects/Automated_Cardiovascular_Segmentation_for_Bioprinting_Project/outputs/topology_correction/mesh_qc/s1_absolute_volume__mm3_5/case_outputs/800__s1_absolute_volume__mm3_5/segmentation_repaired.stl,/Users/angadkumar16ak/Projects/Automated_Cardiovascular_Segmentation_for_Bioprinting_Project/outputs/topology_correction/mesh_qc/s1_absolute_volume__mm3_5/case_outputs/800__s1_absolute_volume__mm3_5/segmentation_smoothed.stl,True,0.5825297168919727,3.141592653589793,0.5247540618661071,3.140979063656132,-0.002288490525517764,0.09700242450958783,True
801__s1_absolute_volume__mm3_5,/Users/angadkumar16ak/Projects/Automated_Cardiovascular_Segmentation_for_Bioprinting_Project/outputs/topology_correction/case_outputs/801/mask__s1_absolute_volume__mm3_5.nii.gz,ok,3.0,6,True,0,6,10364.326077533546,8301.159989575308,120.60000479221344,96.00000381469727,78.60000312328339,0.4242640855706679,0.6000000238418579,0.5923507404098909,/Users/angadkumar16ak/Projects/Automated_Cardiovascular_Segmentation_for_Bioprinting_Project/outputs/topology_correction/mesh_qc/s1_absolute_volume__mm3_5/case_outputs/801__s1_absolute_volume__mm3_5/segmentation_raw.stl,/Users/angadkumar16ak/Projects/Automated_Cardiovascular_Segmentation_for_Bioprinting_Project/outputs/topology_correction/mesh_qc/s1_absolute_volume__mm3_5/case_outputs/801__s1_absolute_volume__mm3_5/segmentation_repaired.stl,/Users/angadkumar16ak/Projects/Automated_Cardiovascular_Segmentation_for_Bioprinting_Project/outputs/topology_correction/mesh_qc/s1_absolute_volume__mm3_5/case_outputs/801__s1_absolute_volume__mm3_5/segmentation_smoothed.stl,True,0.5935995328023506,3.141592653589793,0.5479553450617757,3.141467045811688,-0.0029846018898283407,0.0566894581079702,True
802__s1_absolute_volume__mm3_5,/Users/angadkumar16ak/Projects/Automated_Cardiovascular_Segmentation_for_Bioprinting_Project/outputs/topology_correction/case_outputs/802/mask__s1_absolute_volume__mm3_5.nii.gz,ok,3.0,5,True,0,5,6917.256616990251,5969.89871166733,122.40000486373901,106.80000424385071,87.60000348091125,0.4242640855706679,0.6000000238418579,0.5898123361020564,/Users/angadkumar16ak/Projects/Automated_Cardiovascular_Segmentation_for_Bioprinting_Project/outputs/topology_correction/mesh_qc/s1_absolute_volume__mm3_5/case_outputs/802__s1_absolute_volume__mm3_5/segmentation_raw.stl,/Users/angadkumar16ak/Projects/Automated_Cardiovascular_Segmentation_for_Bioprinting_Project/outputs/topology_correction/mesh_qc/s1_absolute_volume__mm3_5/case_outputs/802__s1_absolute_volume__mm3_5/segmentation_repaired.stl,/Users/angadkumar16ak/Projects/Automated_Cardiovascular_Segmentation_for_Bioprinting_Project/outputs/topology_correction/mesh_qc/s1_absolute_volume__mm3_5/case_outputs/802__s1_absolute_volume__mm3_5/segmentation_smoothed.stl,True,0.5757311217776148,3.141592653589793,0.5151237307163719,3.1408410468600856,-0.0025866648565487857,0.07860494880546075,True
803__s1_absolute_volume__mm3_5,/Users/angadkumar16ak/Projects/Automated_Cardiovascular_Segmentation_for_Bioprinting_Project/outputs/topology_correction/case_outputs/803/mask__s1_absolute_volume__mm3_5.nii.gz,ok,3.0,16,True,0,16,8784.438666112712,6905.007823141011,141.60000562667847,144.0000057220459,105.00000417232513,0.4242640855706679,0.6000000238418579,0.5909391621650993,/Users/angadkumar16ak/Projects/Automated_Cardiovascular_Segmentation_for_Bioprinting_Project/outputs/topology_correction/mesh_qc/s1_absolute_volume__mm3_5/case_outputs/803__s1_absolute_volume__mm3_5/segmentation_raw.stl,/Users/angadkumar16ak/Projects/Automated_Cardiovascular_Segmentation_for_Bioprinting_Project/outputs/topology_correction/mesh_qc/s1_absolute_volume__mm3_5/case_outputs/803__s1_absolute_volume__mm3_5/segmentation_repaired.stl,/Users/angadkumar16ak/Projects/Automated_Cardiovascular_Segmentation_for_Bioprinting_Project/outputs/topology_correction/mesh_qc/s1_absolute_volume__mm3_5/case_outputs/803__s1_absolute_volume__mm3_5/segmentation_smoothed.stl,True,0.5690209926316601,3.141592653589793,0.5090904225382328,3.1398869519060733,-0.003980665046050293,0.05550965451819211,True
804__s1_absolute_volume__mm3_5,/Users/angadkumar16ak/Projects/Automated_Cardiovascular_Segmentation_for_Bioprinting_Project/outputs/topology_correction/case_outputs/804/mask__s1_absolute_volume__mm3_5.nii.gz,ok,3.0,8,True,0,8,6555.77926506278,5849.334697294979,105.60000419616699,95.40000379085541,87.0000034570694,0.4242640855706679,0.6000000238418579,0.5898924930563485,/Users/angadkumar16ak/Projects/Automated_Cardiovascular_Segmentation_for_Bioprinting_Project/outputs/topology_correction/mesh_qc/s1_absolute_volume__mm3_5/case_outputs/804__s1_absolute_volume__mm3_5/segmentation_raw.stl,/Users/angadkumar16ak/Projects/Automated_Cardiovascular_Segmentation_for_Bioprinting_Project/outputs/topology_correction/mesh_qc/s1_absolute_volume__mm3_5/case_outputs/804__s1_absolute_volume__mm3_5/segmentation_repaired.stl,/Users/angadkumar16ak/Projects/Automated_Cardiovascular_Segmentation_for_Bioprinting_Project/outputs/topology_correction/mesh_qc/s1_absolute_volume__mm3_5/case_outputs/804__s1_absolute_volume__mm3_5/segmentation_smoothed.stl,True,0.5827036979274232,3.141592653589793,0.5262570296930182,3.138392747632334,-0.0025919084178249543,0.09902644580063935,True
805__s1_absolute_volume__mm3_5,/Users/angadkumar16ak/Projects/Automated_Cardiovascular_Segmentation_for_Bioprinting_Project/outputs/topology_correction/case_outputs/805/mask__s1_absolute_volume__mm3_5.nii.gz,ok,3.0,6,True,0,6,9130.042783537278,6865.317818409591,105.00000417232513,91.2000036239624,93.00000369548798,0.4242640855706679,0.6000000238418579,0.5904278919639522,/Users/angadkumar16ak/Projects/Automated_Cardiovascular_Segmentation_for_Bioprinting_Project/outputs/topology_correction/mesh_qc/s1_absolute_volume__mm3_5/case_outputs/805__s1_absolute_volume__mm3_5/segmentation_raw.stl,/Users/angadkumar16ak/Projects/Automated_Cardiovascular_Segmentation_for_Bioprinting_Project/outputs/topology_correction/mesh_qc/s1_absolute_volume__mm3_5/case_outputs/805__s1_absolute_volume__mm3_5/segmentation_repaired.stl,/Users/angadkumar16ak/Projects/Automated_Cardiovascular_Segmentation_for_Bioprinting_Project/outputs/topology_correction/mesh_qc/s1_absolute_volume__mm3_5/case_outputs/805__s1_absolute_volume__mm3_5/segmentation_smoothed.stl,True,0.5931958281124593,3.141592653589793,0.5426963570971952,3.137635480176872,-0.003850712346108699,0.038513638322763374,True
806__s1_absolute_volume__mm3_5,/Users/angadkumar16ak/Projects/Automated_Cardiovascular_Segmentation_for_Bioprinting_Project/outputs/topology_correction/case_outputs/806/mask__s1_absolute_volume__mm3_5.nii.gz,ok,3.0,10,True,0,10,8660.381480373726,7235.5958625501735,111.60000443458557,96.00000381469727,90.60000360012054,0.4242640855706679,0.6000000238418579,0.5902020858751792,/Users/angadkumar16ak/Projects/Automated_Cardiovascular_Segmentation_for_Bioprinting_Project/outputs/topology_correction/mesh_qc/s1_absolute_volume__mm3_5/case_outputs/806__s1_absolute_volume__mm3_5/segmentation_raw.stl,/Users/angadkumar16ak/Projects/Automated_Cardiovascular_Segmentation_for_Bioprinting_Project/outputs/topology_correction/mesh_qc/s1_absolute_volume__mm3_5/case_outputs/806__s1_absolute_volume__mm3_5/segmentation_repaired.stl,/Users/angadkumar16ak/Projects/Automated_Cardiovascular_Segmentation_for_Bioprinting_Project/outputs/topology_correction/mesh_qc/s1_absolute_volume__mm3_5/case_outputs/806__s1_absolute_volume__mm3_5/segmentation_smoothed.stl,True,0.5790453502294836,3.141592653589793,0.5216011888990136,3.140519465924766,-0.0030699264985075154,0.08109929389704375,True
807__s1_absolute_volume__mm3_5,/Users/angadkumar16ak/Projects/Automated_Cardiovascular_Segmentation_for_Bioprinting_Project/outputs/topology_correction/case_outputs/807/mask__s1_absolute_volume__mm3_5.nii.gz,ok,3.0,4,True,0,4,9158.683029687345,8270.01998586313,129.6000051498413,105.60000419616699,93.60000371932983,0.4242640855706679,0.6000000238418579,0.5911214865562466,/Users/angadkumar16ak/Projects/Automated_Cardiovascular_Segmentation_for_Bioprinting_Project/outputs/topology_correction/mesh_qc/s1_absolute_volume__mm3_5/case_outputs/807__s1_absolute_volume__mm3_5/segmentation_raw.stl,/Users/angadkumar16ak/Projects/Automated_Cardiovascular_Segmentation_for_Bioprinting_Project/outputs/topology_correction/mesh_qc/s1_absolute_volume__mm3_5/case_outputs/807__s1_absolute_volume__mm3_5/segmentation_repaired.stl,/Users/angadkumar16ak/Projects/Automated_Cardiovascular_Segmentation_for_Bioprinting_Project/outputs/topology_correction/mesh_qc/s1_absolute_volume__mm3_5/case_outputs/807__s1_absolute_volume__mm3_5/segmentation_smoothed.stl,True,0.5827038600623349,3.141592653589793,0.5249014705299092,3.137927648019386,-0.0023596271509073864,0.11250738827641148,True
808__s1_absolute_volume__mm3_5,/Users/angadkumar16ak/Projects/Automated_Cardiovascular_Segmentation_for_Bioprinting_Project/outputs/topology_correction/case_outputs/808/mask__s1_absolute_volume__mm3_5.nii.gz,ok,3.0,15,False,30,15,8482.092171348057,not_watertight,176.1000069975853,115.20000457763672,82.20000326633453,0.4242640855706679,0.6000000238418579,0.590950426182254,/Users/angadkumar16ak/Projects/Automated_Cardiovascular_Segmentation_for_Bioprinting_Project/outputs/topology_correction/mesh_qc/s1_absolute_volume__mm3_5/case_outputs/808__s1_absolute_volume__mm3_5/segmentation_raw.stl,/Users/angadkumar16ak/Projects/Automated_Cardiovascular_Segmentation_for_Bioprinting_Project/outputs/topology_correction/mesh_qc/s1_absolute_volume__mm3_5/case_outputs/808__s1_absolute_volume__mm3_5/segmentation_repaired.stl,/Users/angadkumar16ak/Projects/Automated_Cardiovascular_Segmentation_for_Bioprinting_Project/outputs/topology_correction/mesh_qc/s1_absolute_volume__mm3_5/case_outputs/808__s1_absolute_volume__mm3_5/segmentation_smoothed.stl,True,0.6162453438335879,3.141592653589793,0.5626607571447146,3.14092611306272,not_watertight,0.11022163979260441,False
809__s1_absolute_volume__mm3_5,/Users/angadkumar16ak/Projects/Automated_Cardiovascular_Segmentation_for_Bioprinting_Project/outputs/topology_correction/case_outputs/809/mask__s1_absolute_volume__mm3_5.nii.gz,ok,3.0,7,True,0,7,2173.3330145437058,1978.8572358981467,74.40000295639038,63.00000250339508,61.800002455711365,0.4242640855706679,0.6000000238418579,0.5901263284417189,/Users/angadkumar16ak/Projects/Automated_Cardiovascular_Segmentation_for_Bioprinting_Project/outputs/topology_correction/mesh_qc/s1_absolute_volume__mm3_5/case_outputs/809__s1_absolute_volume__mm3_5/segmentation_raw.stl,/Users/angadkumar16ak/Projects/Automated_Cardiovascular_Segmentation_for_Bioprinting_Project/outputs/topology_correction/mesh_qc/s1_absolute_volume__mm3_5/case_outputs/809__s1_absolute_volume__mm3_5/segmentation_repaired.stl,/Users/angadkumar16ak/Projects/Automated_Cardiovascular_Segmentation_for_Bioprinting_Project/outputs/topology_correction/mesh_qc/s1_absolute_volume__mm3_5/case_outputs/809__s1_absolute_volume__mm3_5/segmentation_smoothed.stl,True,0.5967894574967569,3.141592653589793,0.5370013776926909,3.1389289472354243,-0.0031753382188724087,0.13311862587224907,True
810__s1_absolute_volume__mm3_5,/Users/angadkumar16ak/Projects/Automated_Cardiovascular_Segmentation_for_Bioprinting_Project/outputs/topology_correction/case_outputs/810/mask__s1_absolute_volume__mm3_5.nii.gz,ok,3.0,11,True,0,10,8070.33433771972,6708.204799680265,124.20000493526459,100.80000400543213,109.20000433921814,0.4242640855706679,0.6000000238418579,0.5905869489540396,/Users/angadkumar16ak/Projects/Automated_Cardiovascular_Segmentation_for_Bioprinting_Project/outputs/topology_correction/mesh_qc/s1_absolute_volume__mm3_5/case_outputs/810__s1_absolute_volume__mm3_5/segmentation_raw.stl,/Users/angadkumar16ak/Projects/Automated_Cardiovascular_Segmentation_for_Bioprinting_Project/outputs/topology_correction/mesh_qc/s1_absolute_volume__mm3_5/case_outputs/810__s1_absolute_volume__mm3_5/segmentation_repaired.stl,/Users/angadkumar16ak/Projects/Automated_Cardiovascular_Segmentation_for_Bioprinting_Project/outputs/topology_correction/mesh_qc/s1_absolute_volume__mm3_5/case_outputs/810__s1_absolute_volume__mm3_5/segmentation_smoothed.stl,True,0.5855477377781473,3.141592653589793,0.5302640648489388,3.1391316982260906,-0.003242712063611472,0.07697653116017562,True
811__s1_absolute_volume__mm3_5,/Users/angadkumar16ak/Projects/Automated_Cardiovascular_Segmentation_for_Bioprinting_Project/outputs/topology_correction/case_outputs/811/mask__s1_absolute_volume__mm3_5.nii.gz,ok,3.0,4,True,0,3,7298.743482161373,6716.637800685555,106.20000422000885,91.2000036239624,78.60000312328339,0.4242640855706679,0.6000000238418579,0.5895636725181964,/Users/angadkumar16ak/Projects/Automated_Cardiovascular_Segmentation_for_Bioprinting_Project/outputs/topology_correction/mesh_qc/s1_absolute_volume__mm3_5/case_outputs/811__s1_absolute_volume__mm3_5/segmentation_raw.stl,/Users/angadkumar16ak/Projects/Automated_Cardiovascular_Segmentation_for_Bioprinting_Project/outputs/topology_correction/mesh_qc/s1_absolute_volume__mm3_5/case_outputs/811__s1_absolute_volume__mm3_5/segmentation_repaired.stl,/Users/angadkumar16ak/Projects/Automated_Cardiovascular_Segmentation_for_Bioprinting_Project/outputs/topology_correction/mesh_qc/s1_absolute_volume__mm3_5/case_outputs/811__s1_absolute_volume__mm3_5/segmentation_smoothed.stl,True,0.5594912234955962,3.141592653589793,0.4984784801241698,3.140925915510116,-0.002543483619349689,0.11512887087581533,True
812__s1_absolute_volume__mm3_5,/Users/angadkumar16ak/Projects/Automated_Cardiovascular_Segmentation_for_Bioprinting_Project/outputs/topology_correction/case_outputs/812/mask__s1_absolute_volume__mm3_5.nii.gz,ok,3.0,10,True,0,10,10602.416605478289,10262.899223432827,172.20000684261322,130.20000517368317,80.40000319480896,0.4242640855706679,0.6000000238418579,0.5915350084187085,/Users/angadkumar16ak/Projects/Automated_Cardiovascular_Segmentation_for_Bioprinting_Project/outputs/topology_correction/mesh_qc/s1_absolute_volume__mm3_5/case_outputs/812__s1_absolute_volume__mm3_5/segmentation_raw.stl,/Users/angadkumar16ak/Projects/Automated_Cardiovascular_Segmentation_for_Bioprinting_Project/outputs/topology_correction/mesh_qc/s1_absolute_volume__mm3_5/case_outputs/812__s1_absolute_volume__mm3_5/segmentation_repaired.stl,/Users/angadkumar16ak/Projects/Automated_Cardiovascular_Segmentation_for_Bioprinting_Project/outputs/topology_correction/mesh_qc/s1_absolute_volume__mm3_5/case_outputs/812__s1_absolute_volume__mm3_5/segmentation_smoothed.stl,True,0.5956679697349127,3.141592653589793,0.542760966722141,3.140417658534707,-0.002366141913607733,0.149373547958845,True
813__s1_absolute_volume__mm3_5,/Users/angadkumar16ak/Projects/Automated_Cardiovascular_Segmentation_for_Bioprinting_Project/outputs/topology_correction/case_outputs/813/mask__s1_absolute_volume__mm3_5.nii.gz,ok,3.0,2,True,0,2,6163.52707145537,5113.773609609269,110.40000438690186,88.80000352859497,88.20000350475311,0.4242640855706679,0.6000000238418579,0.5901178024655493,/Users/angadkumar16ak/Projects/Automated_Cardiovascular_Segmentation_for_Bioprinting_Project/outputs/topology_correction/mesh_qc/s1_absolute_volume__mm3_5/case_outputs/813__s1_absolute_volume__mm3_5/segmentation_raw.stl,/Users/angadkumar16ak/Projects/Automated_Cardiovascular_Segmentation_for_Bioprinting_Project/outputs/topology_correction/mesh_qc/s1_absolute_volume__mm3_5/case_outputs/813__s1_absolute_volume__mm3_5/segmentation_repaired.stl,/Users/angadkumar16ak/Projects/Automated_Cardiovascular_Segmentation_for_Bioprinting_Project/outputs/topology_correction/mesh_qc/s1_absolute_volume__mm3_5/case_outputs/813__s1_absolute_volume__mm3_5/segmentation_smoothed.stl,True,0.5811126615808504,3.141592653589793,0.5208201181442265,3.139166834229,-0.002913679641989341,0.07000455920752684,True
814__s1_absolute_volume__mm3_5,/Users/angadkumar16ak/Projects/Automated_Cardiovascular_Segmentation_for_Bioprinting_Project/outputs/topology_correction/case_outputs/814/mask__s1_absolute_volume__mm3_5.nii.gz,ok,3.0,5,True,0,5,10250.142646668875,9356.563115389154,127.20000505447388,117.60000467300415,88.20000350475311,0.4242640855706679,0.6000000238418579,0.5919064616765087,/Users/angadkumar16ak/Projects/Automated_Cardiovascular_Segmentation_for_Bioprinting_Project/outputs/topology_correction/mesh_qc/s1_absolute_volume__mm3_5/case_outputs/814__s1_absolute_volume__mm3_5/segmentation_raw.stl,/Users/angadkumar16ak/Projects/Automated_Cardiovascular_Segmentation_for_Bioprinting_Project/outputs/topology_correction/mesh_qc/s1_absolute_volume__mm3_5/case_outputs/814__s1_absolute_volume__mm3_5/segmentation_repaired.stl,/Users/angadkumar16ak/Projects/Automated_Cardiovascular_Segmentation_for_Bioprinting_Project/outputs/topology_correction/mesh_qc/s1_absolute_volume__mm3_5/case_outputs/814__s1_absolute_volume__mm3_5/segmentation_smoothed.stl,True,0.6097924886371301,3.141592653589793,0.5537670839481801,3.1398470576467705,-0.002352837556031829,0.11132071183435988,True
815__s1_absolute_volume__mm3_5,/Users/angadkumar16ak/Projects/Automated_Cardiovascular_Segmentation_for_Bioprinting_Project/outputs/topology_correction/case_outputs/815/mask__s1_absolute_volume__mm3_5.nii.gz,ok,3.0,11,True,0,11,10462.277210519407,9468.154128691836,111.00000441074371,83.40000331401825,105.60000419616699,0.4242640855706679,0.6000000238418579,0.5907792799238243,/Users/angadkumar16ak/Projects/Automated_Cardiovascular_Segmentation_for_Bioprinting_Project/outputs/topology_correction/mesh_qc/s1_absolute_volume__mm3_5/case_outputs/815__s1_absolute_volume__mm3_5/segmentation_raw.stl,/Users/angadkumar16ak/Projects/Automated_Cardiovascular_Segmentation_for_Bioprinting_Project/outputs/topology_correction/mesh_qc/s1_absolute_volume__mm3_5/case_outputs/815__s1_absolute_volume__mm3_5/segmentation_repaired.stl,/Users/angadkumar16ak/Projects/Automated_Cardiovascular_Segmentation_for_Bioprinting_Project/outputs/topology_correction/mesh_qc/s1_absolute_volume__mm3_5/case_outputs/815__s1_absolute_volume__mm3_5/segmentation_smoothed.stl,True,0.5690471327849714,3.141592653589793,0.5119483653519187,3.140983334633808,-0.0026196577324623083,0.10613308181185295,True
816__s1_absolute_volume__mm3_5,/Users/angadkumar16ak/Projects/Automated_Cardiovascular_Segmentation_for_Bioprinting_Project/outputs/topology_correction/case_outputs/816/mask__s1_absolute_volume__mm3_5.nii.gz,ok,3.0,5,True,0,5,5972.83732087709,4847.139577824019,93.00000369548798,82.80000329017639,97.80000388622284,0.4242640855706679,0.6000000238418579,0.5920298817359885,/Users/angadkumar16ak/Projects/Automated_Cardiovascular_Segmentation_for_Bioprinting_Project/outputs/topology_correction/mesh_qc/s1_absolute_volume__mm3_5/case_outputs/816__s1_absolute_volume__mm3_5/segmentation_raw.stl,/Users/angadkumar16ak/Projects/Automated_Cardiovascular_Segmentation_for_Bioprinting_Project/outputs/topology_correction/mesh_qc/s1_absolute_volume__mm3_5/case_outputs/816__s1_absolute_volume__mm3_5/segmentation_repaired.stl,/Users/angadkumar16ak/Projects/Automated_Cardiovascular_Segmentation_for_Bioprinting_Project/outputs/topology_correction/mesh_qc/s1_absolute_volume__mm3_5/case_outputs/816__s1_absolute_volume__mm3_5/segmentation_smoothed.stl,True,0.5479648493442302,3.141592653589793,0.48588499413800795,3.13638358497343,-0.003060099883256431,0.05949726775956284,True
817__s1_absolute_volume__mm3_5,/Users/angadkumar16ak/Projects/Automated_Cardiovascular_Segmentation_for_Bioprinting_Project/outputs/topology_correction/case_outputs/817/mask__s1_absolute_volume__mm3_5.nii.gz,ok,3.0,9,True,0,9,8666.793014449933,7140.798851249489,133.20000529289246,78.00000309944153,81.60000324249268,0.4242640855706679,0.6000000238418579,0.5919655727470023,/Users/angadkumar16ak/Projects/Automated_Cardiovascular_Segmentation_for_Bioprinting_Project/outputs/topology_correction/mesh_qc/s1_absolute_volume__mm3_5/case_outputs/817__s1_absolute_volume__mm3_5/segmentation_raw.stl,/Users/angadkumar16ak/Projects/Automated_Cardiovascular_Segmentation_for_Bioprinting_Project/outputs/topology_correction/mesh_qc/s1_absolute_volume__mm3_5/case_outputs/817__s1_absolute_volume__mm3_5/segmentation_repaired.stl,/Users/angadkumar16ak/Projects/Automated_Cardiovascular_Segmentation_for_Bioprinting_Project/outputs/topology_correction/mesh_qc/s1_absolute_volume__mm3_5/case_outputs/817__s1_absolute_volume__mm3_5/segmentation_smoothed.stl,True,0.5641316878005163,3.141592653589793,0.5049308004309196,3.141408982376549,-0.002941060346996061,0.0626837307361107,True
818__s1_absolute_volume__mm3_5,/Users/angadkumar16ak/Projects/Automated_Cardiovascular_Segmentation_for_Bioprinting_Project/outputs/topology_correction/case_outputs/818/mask__s1_absolute_volume__mm3_5.nii.gz,ok,3.0,7,True,0,7,7247.193466160124,6802.857810963782,143.40000569820404,128.4000051021576,89.40000355243683,0.4242640855706679,0.6000000238418579,0.5883756794506168,/Users/angadkumar16ak/Projects/Automated_Cardiovascular_Segmentation_for_Bioprinting_Project/outputs/topology_correction/mesh_qc/s1_absolute_volume__mm3_5/case_outputs/818__s1_absolute_volume__mm3_5/segmentation_raw.stl,/Users/angadkumar16ak/Projects/Automated_Cardiovascular_Segmentation_for_Bioprinting_Project/outputs/topology_correction/mesh_qc/s1_absolute_volume__mm3_5/case_outputs/818__s1_absolute_volume__mm3_5/segmentation_repaired.stl,/Users/angadkumar16ak/Projects/Automated_Cardiovascular_Segmentation_for_Bioprinting_Project/outputs/topology_correction/mesh_qc/s1_absolute_volume__mm3_5/case_outputs/818__s1_absolute_volume__mm3_5/segmentation_smoothed.stl,True,0.5834787601339205,3.141592653589793,0.5221677731502976,3.138313518200147,-0.0022146887876012553,0.12521885942971486,True
819__s1_absolute_volume__mm3_5,/Users/angadkumar16ak/Projects/Automated_Cardiovascular_Segmentation_for_Bioprinting_Project/outputs/topology_correction/case_outputs/819/mask__s1_absolute_volume__mm3_5.nii.gz,ok,3.0,5,True,0,5,9456.395944067224,9384.499118719383,128.4000051021576,112.20000445842743,84.00000333786011,0.4242640855706679,0.6000000238418579,0.590843664124272,/Users/angadkumar16ak/Projects/Automated_Cardiovascular_Segmentation_for_Bioprinting_Project/outputs/topology_correction/mesh_qc/s1_absolute_volume__mm3_5/case_outputs/819__s1_absolute_volume__mm3_5/segmentation_raw.stl,/Users/angadkumar16ak/Projects/Automated_Cardiovascular_Segmentation_for_Bioprinting_Project/outputs/topology_correction/mesh_qc/s1_absolute_volume__mm3_5/case_outputs/819__s1_absolute_volume__mm3_5/segmentation_repaired.stl,/Users/angadkumar16ak/Projects/Automated_Cardiovascular_Segmentation_for_Bioprinting_Project/outputs/topology_correction/mesh_qc/s1_absolute_volume__mm3_5/case_outputs/819__s1_absolute_volume__mm3_5/segmentation_smoothed.stl,True,0.6038153847515366,3.141592653589793,0.5406292163361394,3.1409195621912542,-0.0019867912842885067,0.15332561255308036,True
820__s1_absolute_volume__mm3_5,/Users/angadkumar16ak/Projects/Automated_Cardiovascular_Segmentation_for_Bioprinting_Project/outputs/topology_correction/case_outputs/820/mask__s1_absolute_volume__mm3_5.nii.gz,ok,3.0,7,True,0,7,7597.852638784508,6667.740794856581,127.80000507831573,92.40000367164612,84.00000333786011,0.4242640855706679,0.6000000238418579,0.5920467861434376,/Users/angadkumar16ak/Projects/Automated_Cardiovascular_Segmentation_for_Bioprinting_Project/outputs/topology_correction/mesh_qc/s1_absolute_volume__mm3_5/case_outputs/820__s1_absolute_volume__mm3_5/segmentation_raw.stl,/Users/angadkumar16ak/Projects/Automated_Cardiovascular_Segmentation_for_Bioprinting_Project/outputs/topology_correction/mesh_qc/s1_absolute_volume__mm3_5/case_outputs/820__s1_absolute_volume__mm3_5/segmentation_repaired.stl,/Users/angadkumar16ak/Projects/Automated_Cardiovascular_Segmentation_for_Bioprinting_Project/outputs/topology_correction/mesh_qc/s1_absolute_volume__mm3_5/case_outputs/820__s1_absolute_volume__mm3_5/segmentation_smoothed.stl,True,0.6058985915440543,3.141592653589793,0.5563807864983862,3.14081065340128,-0.002817377285598163,0.09846193038881636,True
821__s1_absolute_volume__mm3_5,/Users/angadkumar16ak/Projects/Automated_Cardiovascular_Segmentation_for_Bioprinting_Project/outputs/topology_correction/case_outputs/821/mask__s1_absolute_volume__mm3_5.nii.gz,ok,3.0,4,True,0,4,6023.455709712065,5398.182643513467,96.60000383853912,126.00000500679016,126.00000500679016,0.4242640855706679,0.6000000238418579,0.5921978896587639,/Users/angadkumar16ak/Projects/Automated_Cardiovascular_Segmentation_for_Bioprinting_Project/outputs/topology_correction/mesh_qc/s1_absolute_volume__mm3_5/case_outputs/821__s1_absolute_volume__mm3_5/segmentation_raw.stl,/Users/angadkumar16ak/Projects/Automated_Cardiovascular_Segmentation_for_Bioprinting_Project/outputs/topology_correction/mesh_qc/s1_absolute_volume__mm3_5/case_outputs/821__s1_absolute_volume__mm3_5/segmentation_repaired.stl,/Users/angadkumar16ak/Projects/Automated_Cardiovascular_Segmentation_for_Bioprinting_Project/outputs/topology_correction/mesh_qc/s1_absolute_volume__mm3_5/case_outputs/821__s1_absolute_volume__mm3_5/segmentation_smoothed.stl,True,0.5870616744556144,3.141592653589793,0.5305037051742537,3.1399186520811933,-0.0028583334217909665,0.12504426519771789,True
822__s1_absolute_volume__mm3_5,/Users/angadkumar16ak/Projects/Automated_Cardiovascular_Segmentation_for_Bioprinting_Project/outputs/topology_correction/case_outputs/822/mask__s1_absolute_volume__mm3_5.nii.gz,ok,3.0,12,True,0,10,10580.439690676763,9672.238153020548,165.00000655651093,124.20000493526459,90.60000360012054,0.4242640855706679,0.6000000238418579,0.5902293392290586,/Users/angadkumar16ak/Projects/Automated_Cardiovascular_Segmentation_for_Bioprinting_Project/outputs/topology_correction/mesh_qc/s1_absolute_volume__mm3_5/case_outputs/822__s1_absolute_volume__mm3_5/segmentation_raw.stl,/Users/angadkumar16ak/Projects/Automated_Cardiovascular_Segmentation_for_Bioprinting_Project/outputs/topology_correction/mesh_qc/s1_absolute_volume__mm3_5/case_outputs/822__s1_absolute_volume__mm3_5/segmentation_repaired.stl,/Users/angadkumar16ak/Projects/Automated_Cardiovascular_Segmentation_for_Bioprinting_Project/outputs/topology_correction/mesh_qc/s1_absolute_volume__mm3_5/case_outputs/822__s1_absolute_volume__mm3_5/segmentation_smoothed.stl,True,0.5823350115674198,3.141592653589793,0.5233188152454493,3.1398239143752,-0.002506479801175673,0.11542688824408687,True
823__s1_absolute_volume__mm3_5,/Users/angadkumar16ak/Projects/Automated_Cardiovascular_Segmentation_for_Bioprinting_Project/outputs/topology_correction/case_outputs/823/mask__s1_absolute_volume__mm3_5.nii.gz,ok,3.0,8,True,0,8,7786.368877403585,6597.927786534223,104.40000414848328,95.40000379085541,79.8000031709671,0.4242640855706679,0.6000000238418579,0.5909907825866253,/Users/angadkumar16ak/Projects/Automated_Cardiovascular_Segmentation_for_Bioprinting_Project/outputs/topology_correction/mesh_qc/s1_absolute_volume__mm3_5/case_outputs/823__s1_absolute_volume__mm3_5/segmentation_raw.stl,/Users/angadkumar16ak/Projects/Automated_Cardiovascular_Segmentation_for_Bioprinting_Project/outputs/topology_correction/mesh_qc/s1_absolute_volume__mm3_5/case_outputs/823__s1_absolute_volume__mm3_5/segmentation_repaired.stl,/Users/angadkumar16ak/Projects/Automated_Cardiovascular_Segmentation_for_Bioprinting_Project/outputs/topology_correction/mesh_qc/s1_absolute_volume__mm3_5/case_outputs/823__s1_absolute_volume__mm3_5/segmentation_smoothed.stl,True,0.5952705352570953,3.141592653589793,0.5384279053927132,3.134242021829489,-0.0027877953629244583,0.07795171815230319,True
824__s1_absolute_volume__mm3_5,/Users/angadkumar16ak/Projects/Automated_Cardiovascular_Segmentation_for_Bioprinting_Project/outputs/topology_correction/case_outputs/824/mask__s1_absolute_volume__mm3_5.nii.gz,ok,3.0,3,True,0,3,6349.688711210985,5258.1516268204705,109.80000436306,92.40000367164612,97.80000388622284,0.4242640855706679,0.6000000238418579,0.5894301238855327,/Users/angadkumar16ak/Projects/Automated_Cardiovascular_Segmentation_for_Bioprinting_Project/outputs/topology_correction/mesh_qc/s1_absolute_volume__mm3_5/case_outputs/824__s1_absolute_volume__mm3_5/segmentation_raw.stl,/Users/angadkumar16ak/Projects/Automated_Cardiovascular_Segmentation_for_Bioprinting_Project/outputs/topology_correction/mesh_qc/s1_absolute_volume__mm3_5/case_outputs/824__s1_absolute_volume__mm3_5/segmentation_repaired.stl,/Users/angadkumar16ak/Projects/Automated_Cardiovascular_Segmentation_for_Bioprinting_Project/outputs/topology_correction/mesh_qc/s1_absolute_volume__mm3_5/case_outputs/824__s1_absolute_volume__mm3_5/segmentation_smoothed.stl,True,0.5730891281291023,3.141592653589793,0.5191509391595377,3.139409687214509,-0.00300688278331709,0.06805628351409104,True
825__s1_absolute_volume__mm3_5,/Users/angadkumar16ak/Projects/Automated_Cardiovascular_Segmentation_for_Bioprinting_Project/outputs/topology_correction/case_outputs/825/mask__s1_absolute_volume__mm3_5.nii.gz,ok,3.0,5,True,0,5,7087.036144037265,6267.096747096094,106.80000424385071,96.60000383853912,78.60000312328339,0.4242640855706679,0.6000000238418579,0.5913443263144721,/Users/angadkumar16ak/Projects/Automated_Cardiovascular_Segmentation_for_Bioprinting_Project/outputs/topology_correction/mesh_qc/s1_absolute_volume__mm3_5/case_outputs/825__s1_absolute_volume__mm3_5/segmentation_raw.stl,/Users/angadkumar16ak/Projects/Automated_Cardiovascular_Segmentation_for_Bioprinting_Project/outputs/topology_correction/mesh_qc/s1_absolute_volume__mm3_5/case_outputs/825__s1_absolute_volume__mm3_5/segmentation_repaired.stl,/Users/angadkumar16ak/Projects/Automated_Cardiovascular_Segmentation_for_Bioprinting_Project/outputs/topology_correction/mesh_qc/s1_absolute_volume__mm3_5/case_outputs/825__s1_absolute_volume__mm3_5/segmentation_smoothed.stl,True,0.5770422362143467,3.141592653589793,0.5191364562154321,3.1405488592344075,-0.0026829323946655124,0.09536239745067462,True
826__s1_absolute_volume__mm3_5,/Users/angadkumar16ak/Projects/Automated_Cardiovascular_Segmentation_for_Bioprinting_Project/outputs/topology_correction/case_outputs/826/mask__s1_absolute_volume__mm3_5.nii.gz,ok,3.0,8,True,0,8,12318.16623685179,10863.721295056397,150.00000596046448,111.00000441074371,83.40000331401825,0.4242640855706679,0.6000000238418579,0.5926605797093389,/Users/angadkumar16ak/Projects/Automated_Cardiovascular_Segmentation_for_Bioprinting_Project/outputs/topology_correction/mesh_qc/s1_absolute_volume__mm3_5/case_outputs/826__s1_absolute_volume__mm3_5/segmentation_raw.stl,/Users/angadkumar16ak/Projects/Automated_Cardiovascular_Segmentation_for_Bioprinting_Project/outputs/topology_correction/mesh_qc/s1_absolute_volume__mm3_5/case_outputs/826__s1_absolute_volume__mm3_5/segmentation_repaired.stl,/Users/angadkumar16ak/Projects/Automated_Cardiovascular_Segmentation_for_Bioprinting_Project/outputs/topology_correction/mesh_qc/s1_absolute_volume__mm3_5/case_outputs/826__s1_absolute_volume__mm3_5/segmentation_smoothed.stl,True,0.5835515223897735,3.141592653589793,0.5308149072936093,3.140586951774176,-0.0028043327904634795,0.11338453420882921,True
827__s1_absolute_volume__mm3_5,/Users/angadkumar16ak/Projects/Automated_Cardiovascular_Segmentation_for_Bioprinting_Project/outputs/topology_correction/case_outputs/827/mask__s1_absolute_volume__mm3_5.nii.gz,ok,3.0,7,True,0,7,8978.458868664049,7414.947883930599,117.60000467300415,103.20000410079956,105.00000417232513,0.4242640855706679,0.6000000238418579,0.5898680785473467,/Users/angadkumar16ak/Projects/Automated_Cardiovascular_Segmentation_for_Bioprinting_Project/outputs/topology_correction/mesh_qc/s1_absolute_volume__mm3_5/case_outputs/827__s1_absolute_volume__mm3_5/segmentation_raw.stl,/Users/angadkumar16ak/Projects/Automated_Cardiovascular_Segmentation_for_Bioprinting_Project/outputs/topology_correction/mesh_qc/s1_absolute_volume__mm3_5/case_outputs/827__s1_absolute_volume__mm3_5/segmentation_repaired.stl,/Users/angadkumar16ak/Projects/Automated_Cardiovascular_Segmentation_for_Bioprinting_Project/outputs/topology_correction/mesh_qc/s1_absolute_volume__mm3_5/case_outputs/827__s1_absolute_volume__mm3_5/segmentation_smoothed.stl,True,0.5651969428516391,3.141592653589793,0.5046047752007655,3.1382585958631917,-0.0032338284437012066,0.06858318568897526,True
828__s1_absolute_volume__mm3_5,/Users/angadkumar16ak/Projects/Automated_Cardiovascular_Segmentation_for_Bioprinting_Project/outputs/topology_correction/case_outputs/828/mask__s1_absolute_volume__mm3_5.nii.gz,ok,3.0,8,True,0,8,10656.264553484094,9476.380129672456,114.000004529953,94.80000376701355,87.60000348091125,0.4242640855706679,0.6000000238418579,0.5918999420544129,/Users/angadkumar16ak/Projects/Automated_Cardiovascular_Segmentation_for_Bioprinting_Project/outputs/topology_correction/mesh_qc/s1_absolute_volume__mm3_5/case_outputs/828__s1_absolute_volume__mm3_5/segmentation_raw.stl,/Users/angadkumar16ak/Projects/Automated_Cardiovascular_Segmentation_for_Bioprinting_Project/outputs/topology_correction/mesh_qc/s1_absolute_volume__mm3_5/case_outputs/828__s1_absolute_volume__mm3_5/segmentation_repaired.stl,/Users/angadkumar16ak/Projects/Automated_Cardiovascular_Segmentation_for_Bioprinting_Project/outputs/topology_correction/mesh_qc/s1_absolute_volume__mm3_5/case_outputs/828__s1_absolute_volume__mm3_5/segmentation_smoothed.stl,True,0.5935502687420039,3.141592653589793,0.5400960542732512,3.1407440117523273,-0.002710758319449761,0.11118832522585129,True
829__s1_absolute_volume__mm3_5,/Users/angadkumar16ak/Projects/Automated_Cardiovascular_Segmentation_for_Bioprinting_Project/outputs/topology_correction/case_outputs/829/mask__s1_absolute_volume__mm3_5.nii.gz,ok,3.0,7,True,0,7,10284.661669253854,8773.255045853417,153.60000610351562,139.8000055551529,83.40000331401825,0.4242640855706679,0.6000000238418579,0.5904661557094544,/Users/angadkumar16ak/Projects/Automated_Cardiovascular_Segmentation_for_Bioprinting_Project/outputs/topology_correction/mesh_qc/s1_absolute_volume__mm3_5/case_outputs/829__s1_absolute_volume__mm3_5/segmentation_raw.stl,/Users/angadkumar16ak/Projects/Automated_Cardiovascular_Segmentation_for_Bioprinting_Project/outputs/topology_correction/mesh_qc/s1_absolute_volume__mm3_5/case_outputs/829__s1_absolute_volume__mm3_5/segmentation_repaired.stl,/Users/angadkumar16ak/Projects/Automated_Cardiovascular_Segmentation_for_Bioprinting_Project/outputs/topology_correction/mesh_qc/s1_absolute_volume__mm3_5/case_outputs/829__s1_absolute_volume__mm3_5/segmentation_smoothed.stl,True,0.5883273253667612,3.141592653589793,0.5346346035209075,3.140964372661008,-0.002816492798754959,0.07994871670819323,True
830__s1_absolute_volume__mm3_5,/Users/angadkumar16ak/Projects/Automated_Cardiovascular_Segmentation_for_Bioprinting_Project/outputs/topology_correction/case_outputs/830/mask__s1_absolute_volume__mm3_5.nii.gz,ok,3.0,4,True,0,4,7365.395032850296,6044.84172060123,108.60000431537628,102.6000040769577,85.80000340938568,0.4242640855706679,0.6000000238418579,0.5896864806999605,/Users/angadkumar16ak/Projects/Automated_Cardiovascular_Segmentation_for_Bioprinting_Project/outputs/topology_correction/mesh_qc/s1_absolute_volume__mm3_5/case_outputs/830__s1_absolute_volume__mm3_5/segmentation_raw.stl,/Users/angadkumar16ak/Projects/Automated_Cardiovascular_Segmentation_for_Bioprinting_Project/outputs/topology_correction/mesh_qc/s1_absolute_volume__mm3_5/case_outputs/830__s1_absolute_volume__mm3_5/segmentation_repaired.stl,/Users/angadkumar16ak/Projects/Automated_Cardiovascular_Segmentation_for_Bioprinting_Project/outputs/topology_correction/mesh_qc/s1_absolute_volume__mm3_5/case_outputs/830__s1_absolute_volume__mm3_5/segmentation_smoothed.stl,True,0.5731458815245154,3.141592653589793,0.5245279187256198,3.141055805877911,-0.002953585934494331,0.05706369248035915,True
831__s1_absolute_volume__mm3_5,/Users/angadkumar16ak/Projects/Automated_Cardiovascular_Segmentation_for_Bioprinting_Project/outputs/topology_correction/case_outputs/831/mask__s1_absolute_volume__mm3_5.nii.gz,ok,3.0,7,True,0,7,9527.554210374194,9060.46308009128,115.80000460147858,97.80000388622284,103.80000412464142,0.4242640855706679,0.6000000238418579,0.5912372416868085,/Users/angadkumar16ak/Projects/Automated_Cardiovascular_Segmentation_for_Bioprinting_Project/outputs/topology_correction/mesh_qc/s1_absolute_volume__mm3_5/case_outputs/831__s1_absolute_volume__mm3_5/segmentation_raw.stl,/Users/angadkumar16ak/Projects/Automated_Cardiovascular_Segmentation_for_Bioprinting_Project/outputs/topology_correction/mesh_qc/s1_absolute_volume__mm3_5/case_outputs/831__s1_absolute_volume__mm3_5/segmentation_repaired.stl,/Users/angadkumar16ak/Projects/Automated_Cardiovascular_Segmentation_for_Bioprinting_Project/outputs/topology_correction/mesh_qc/s1_absolute_volume__mm3_5/case_outputs/831__s1_absolute_volume__mm3_5/segmentation_smoothed.stl,True,0.5775294702931867,3.141592653589793,0.5201660607000119,3.138159342784641,-0.0021981738649789,0.13507671342308686,True
832__s1_absolute_volume__mm3_5,/Users/angadkumar16ak/Projects/Automated_Cardiovascular_Segmentation_for_Bioprinting_Project/outputs/topology_correction/case_outputs/832/mask__s1_absolute_volume__mm3_5.nii.gz,ok,3.0,3,True,0,3,9941.276183148822,8880.616058651847,122.40000486373901,93.60000371932983,88.80000352859497,0.4242640855706679,0.6000000238418579,0.5912582001897587,/Users/angadkumar16ak/Projects/Automated_Cardiovascular_Segmentation_for_Bioprinting_Project/outputs/topology_correction/mesh_qc/s1_absolute_volume__mm3_5/case_outputs/832__s1_absolute_volume__mm3_5/segmentation_raw.stl,/Users/angadkumar16ak/Projects/Automated_Cardiovascular_Segmentation_for_Bioprinting_Project/outputs/topology_correction/mesh_qc/s1_absolute_volume__mm3_5/case_outputs/832__s1_absolute_volume__mm3_5/segmentation_repaired.stl,/Users/angadkumar16ak/Projects/Automated_Cardiovascular_Segmentation_for_Bioprinting_Project/outputs/topology_correction/mesh_qc/s1_absolute_volume__mm3_5/case_outputs/832__s1_absolute_volume__mm3_5/segmentation_smoothed.stl,True,0.588302492130947,3.141592653589793,0.5314597322677855,3.1405554983742894,-0.002222355866858689,0.096852184320766,True
833__s1_absolute_volume__mm3_5,/Users/angadkumar16ak/Projects/Automated_Cardiovascular_Segmentation_for_Bioprinting_Project/outputs/topology_correction/case_outputs/833/mask__s1_absolute_volume__mm3_5.nii.gz,ok,3.0,5,True,0,5,8068.816496923383,7135.740850646528,116.40000462532043,90.00000357627869,82.20000326633453,0.4242640855706679,0.6000000238418579,0.5905648992488018,/Users/angadkumar16ak/Projects/Automated_Cardiovascular_Segmentation_for_Bioprinting_Project/outputs/topology_correction/mesh_qc/s1_absolute_volume__mm3_5/case_outputs/833__s1_absolute_volume__mm3_5/segmentation_raw.stl,/Users/angadkumar16ak/Projects/Automated_Cardiovascular_Segmentation_for_Bioprinting_Project/outputs/topology_correction/mesh_qc/s1_absolute_volume__mm3_5/case_outputs/833__s1_absolute_volume__mm3_5/segmentation_repaired.stl,/Users/angadkumar16ak/Projects/Automated_Cardiovascular_Segmentation_for_Bioprinting_Project/outputs/topology_correction/mesh_qc/s1_absolute_volume__mm3_5/case_outputs/833__s1_absolute_volume__mm3_5/segmentation_smoothed.stl,True,0.5861735757376706,3.141592653589793,0.5316846147791714,3.1397537549998344,-0.0023576926425896557,0.09233013755731555,True
834__s1_absolute_volume__mm3_5,/Users/angadkumar16ak/Projects/Automated_Cardiovascular_Segmentation_for_Bioprinting_Project/outputs/topology_correction/case_outputs/834/mask__s1_absolute_volume__mm3_5.nii.gz,ok,3.0,6,True,0,5,9752.938361836817,8350.281995431105,103.20000410079956,109.20000433921814,93.60000371932983,0.4242640855706679,0.6000000238418579,0.5902586666843898,/Users/angadkumar16ak/Projects/Automated_Cardiovascular_Segmentation_for_Bioprinting_Project/outputs/topology_correction/mesh_qc/s1_absolute_volume__mm3_5/case_outputs/834__s1_absolute_volume__mm3_5/segmentation_raw.stl,/Users/angadkumar16ak/Projects/Automated_Cardiovascular_Segmentation_for_Bioprinting_Project/outputs/topology_correction/mesh_qc/s1_absolute_volume__mm3_5/case_outputs/834__s1_absolute_volume__mm3_5/segmentation_repaired.stl,/Users/angadkumar16ak/Projects/Automated_Cardiovascular_Segmentation_for_Bioprinting_Project/outputs/topology_correction/mesh_qc/s1_absolute_volume__mm3_5/case_outputs/834__s1_absolute_volume__mm3_5/segmentation_smoothed.stl,True,0.5797936961091114,3.141592653589793,0.5255303503241957,3.140435765504565,-0.0029067803747178742,0.09697739395478791,True
835__s1_absolute_volume__mm3_5,/Users/angadkumar16ak/Projects/Automated_Cardiovascular_Segmentation_for_Bioprinting_Project/outputs/topology_correction/case_outputs/835/mask__s1_absolute_volume__mm3_5.nii.gz,ok,3.0,8,True,0,8,6909.709572272972,6148.3417329393915,111.00000441074371,90.60000360012054,84.00000333786011,0.4242640855706679,0.6000000238418579,0.5912230821806598,/Users/angadkumar16ak/Projects/Automated_Cardiovascular_Segmentation_for_Bioprinting_Project/outputs/topology_correction/mesh_qc/s1_absolute_volume__mm3_5/case_outputs/835__s1_absolute_volume__mm3_5/segmentation_raw.stl,/Users/angadkumar16ak/Projects/Automated_Cardiovascular_Segmentation_for_Bioprinting_Project/outputs/topology_correction/mesh_qc/s1_absolute_volume__mm3_5/case_outputs/835__s1_absolute_volume__mm3_5/segmentation_repaired.stl,/Users/angadkumar16ak/Projects/Automated_Cardiovascular_Segmentation_for_Bioprinting_Project/outputs/topology_correction/mesh_qc/s1_absolute_volume__mm3_5/case_outputs/835__s1_absolute_volume__mm3_5/segmentation_smoothed.stl,True,0.5925177711979982,3.141592653589793,0.5281629092557406,3.140704962167576,-0.0028155576733488036,0.1078289110005528,True
836__s1_absolute_volume__mm3_5,/Users/angadkumar16ak/Projects/Automated_Cardiovascular_Segmentation_for_Bioprinting_Project/outputs/topology_correction/case_outputs/836/mask__s1_absolute_volume__mm3_5.nii.gz,ok,3.0,6,True,0,6,6274.49745687867,5352.444638061072,109.20000433921814,87.0000034570694,99.00000393390656,0.4242640855706679,0.6000000238418579,0.5882896545087857,/Users/angadkumar16ak/Projects/Automated_Cardiovascular_Segmentation_for_Bioprinting_Project/outputs/topology_correction/mesh_qc/s1_absolute_volume__mm3_5/case_outputs/836__s1_absolute_volume__mm3_5/segmentation_raw.stl,/Users/angadkumar16ak/Projects/Automated_Cardiovascular_Segmentation_for_Bioprinting_Project/outputs/topology_correction/mesh_qc/s1_absolute_volume__mm3_5/case_outputs/836__s1_absolute_volume__mm3_5/segmentation_repaired.stl,/Users/angadkumar16ak/Projects/Automated_Cardiovascular_Segmentation_for_Bioprinting_Project/outputs/topology_correction/mesh_qc/s1_absolute_volume__mm3_5/case_outputs/836__s1_absolute_volume__mm3_5/segmentation_smoothed.stl,True,0.5813914686214412,3.141592653589793,0.5186213176406939,3.1391939047306865,-0.0032058032057336637,0.08540064991677895,True
837__s1_absolute_volume__mm3_5,/Users/angadkumar16ak/Projects/Automated_Cardiovascular_Segmentation_for_Bioprinting_Project/outputs/topology_correction/case_outputs/837/mask__s1_absolute_volume__mm3_5.nii.gz,ok,3.0,4,True,0,4,9141.5742622808,8390.269000197926,100.80000400543213,94.80000376701355,86.40000343322754,0.4242640855706679,0.6000000238418579,0.5894248543665448,/Users/angadkumar16ak/Projects/Automated_Cardiovascular_Segmentation_for_Bioprinting_Project/outputs/topology_correction/mesh_qc/s1_absolute_volume__mm3_5/case_outputs/837__s1_absolute_volume__mm3_5/segmentation_raw.stl,/Users/angadkumar16ak/Projects/Automated_Cardiovascular_Segmentation_for_Bioprinting_Project/outputs/topology_correction/mesh_qc/s1_absolute_volume__mm3_5/case_outputs/837__s1_absolute_volume__mm3_5/segmentation_repaired.stl,/Users/angadkumar16ak/Projects/Automated_Cardiovascular_Segmentation_for_Bioprinting_Project/outputs/topology_correction/mesh_qc/s1_absolute_volume__mm3_5/case_outputs/837__s1_absolute_volume__mm3_5/segmentation_smoothed.stl,True,0.5871149337920286,3.141592653589793,0.5277805473303261,3.141066290926794,-0.002363122951181644,0.11861743912018853,True
838__s1_absolute_volume__mm3_5,/Users/angadkumar16ak/Projects/Automated_Cardiovascular_Segmentation_for_Bioprinting_Project/outputs/topology_correction/case_outputs/838/mask__s1_absolute_volume__mm3_5.nii.gz,ok,3.0,8,True,0,8,7982.888471901171,6456.9697697307165,97.80000388622284,76.20000302791595,97.20000386238098,0.4242640855706679,0.6000000238418579,0.59039096452592,/Users/angadkumar16ak/Projects/Automated_Cardiovascular_Segmentation_for_Bioprinting_Project/outputs/topology_correction/mesh_qc/s1_absolute_volume__mm3_5/case_outputs/838__s1_absolute_volume__mm3_5/segmentation_raw.stl,/Users/angadkumar16ak/Projects/Automated_Cardiovascular_Segmentation_for_Bioprinting_Project/outputs/topology_correction/mesh_qc/s1_absolute_volume__mm3_5/case_outputs/838__s1_absolute_volume__mm3_5/segmentation_repaired.stl,/Users/angadkumar16ak/Projects/Automated_Cardiovascular_Segmentation_for_Bioprinting_Project/outputs/topology_correction/mesh_qc/s1_absolute_volume__mm3_5/case_outputs/838__s1_absolute_volume__mm3_5/segmentation_smoothed.stl,True,0.5620160530130571,3.141592653589793,0.5079268607463907,3.140032973023222,-0.0034009996888816375,0.07041930301937514,True
839__s1_absolute_volume__mm3_5,/Users/angadkumar16ak/Projects/Automated_Cardiovascular_Segmentation_for_Bioprinting_Project/outputs/topology_correction/case_outputs/839/mask__s1_absolute_volume__mm3_5.nii.gz,ok,3.0,3,True,0,3,7398.491765148673,6100.128727191953,105.60000419616699,100.80000400543213,99.00000393390656,0.4242640855706679,0.6000000238418579,0.5894601247845959,/Users/angadkumar16ak/Projects/Automated_Cardiovascular_Segmentation_for_Bioprinting_Project/outputs/topology_correction/mesh_qc/s1_absolute_volume__mm3_5/case_outputs/839__s1_absolute_volume__mm3_5/segmentation_raw.stl,/Users/angadkumar16ak/Projects/Automated_Cardiovascular_Segmentation_for_Bioprinting_Project/outputs/topology_correction/mesh_qc/s1_absolute_volume__mm3_5/case_outputs/839__s1_absolute_volume__mm3_5/segmentation_repaired.stl,/Users/angadkumar16ak/Projects/Automated_Cardiovascular_Segmentation_for_Bioprinting_Project/outputs/topology_correction/mesh_qc/s1_absolute_volume__mm3_5/case_outputs/839__s1_absolute_volume__mm3_5/segmentation_smoothed.stl,True,0.5635278295308296,3.141592653589793,0.5072074673309862,3.132127741355147,-0.0030133186686196406,0.06275205117507997,True
840__s1_absolute_volume__mm3_5,/Users/angadkumar16ak/Projects/Automated_Cardiovascular_Segmentation_for_Bioprinting_Project/outputs/topology_correction/case_outputs/840/mask__s1_absolute_volume__mm3_5.nii.gz,ok,3.0,8,True,0,8,8623.962105708179,7151.058852472579,119.40000474452972,99.60000395774841,87.0000034570694,0.4242640855706679,0.6000000238418579,0.5922193300434879,/Users/angadkumar16ak/Projects/Automated_Cardiovascular_Segmentation_for_Bioprinting_Project/outputs/topology_correction/mesh_qc/s1_absolute_volume__mm3_5/case_outputs/840__s1_absolute_volume__mm3_5/segmentation_raw.stl,/Users/angadkumar16ak/Projects/Automated_Cardiovascular_Segmentation_for_Bioprinting_Project/outputs/topology_correction/mesh_qc/s1_absolute_volume__mm3_5/case_outputs/840__s1_absolute_volume__mm3_5/segmentation_repaired.stl,/Users/angadkumar16ak/Projects/Automated_Cardiovascular_Segmentation_for_Bioprinting_Project/outputs/topology_correction/mesh_qc/s1_absolute_volume__mm3_5/case_outputs/840__s1_absolute_volume__mm3_5/segmentation_smoothed.stl,True,0.577179315643461,3.141592653589793,0.5224797967972729,3.13976594105685,-0.0030905579263464027,0.07351415443900992,True
841__s1_absolute_volume__mm3_5,/Users/angadkumar16ak/Projects/Automated_Cardiovascular_Segmentation_for_Bioprinting_Project/outputs/topology_correction/case_outputs/841/mask__s1_absolute_volume__mm3_5.nii.gz,ok,3.0,5,True,0,5,6062.368401639806,5082.6246058960205,93.00000369548798,87.0000034570694,82.80000329017639,0.4242640855706679,0.6000000238418579,0.5881236699592933,/Users/angadkumar16ak/Projects/Automated_Cardiovascular_Segmentation_for_Bioprinting_Project/outputs/topology_correction/mesh_qc/s1_absolute_volume__mm3_5/case_outputs/841__s1_absolute_volume__mm3_5/segmentation_raw.stl,/Users/angadkumar16ak/Projects/Automated_Cardiovascular_Segmentation_for_Bioprinting_Project/outputs/topology_correction/mesh_qc/s1_absolute_volume__mm3_5/case_outputs/841__s1_absolute_volume__mm3_5/segmentation_repaired.stl,/Users/angadkumar16ak/Projects/Automated_Cardiovascular_Segmentation_for_Bioprinting_Project/outputs/topology_correction/mesh_qc/s1_absolute_volume__mm3_5/case_outputs/841__s1_absolute_volume__mm3_5/segmentation_smoothed.stl,True,0.586880192077181,3.141592653589793,0.5313800089914423,3.1366891833573582,-0.0025845570780334056,0.06847027388109553,True
842__s1_absolute_volume__mm3_5,/Users/angadkumar16ak/Projects/Automated_Cardiovascular_Segmentation_for_Bioprinting_Project/outputs/topology_correction/case_outputs/842/mask__s1_absolute_volume__mm3_5.nii.gz,ok,3.0,9,True,0,9,8414.940091997454,6694.542798051628,108.00000429153442,99.00000393390656,96.00000381469727,0.4242640855706679,0.6000000238418579,0.5900097689644861,/Users/angadkumar16ak/Projects/Automated_Cardiovascular_Segmentation_for_Bioprinting_Project/outputs/topology_correction/mesh_qc/s1_absolute_volume__mm3_5/case_outputs/842__s1_absolute_volume__mm3_5/segmentation_raw.stl,/Users/angadkumar16ak/Projects/Automated_Cardiovascular_Segmentation_for_Bioprinting_Project/outputs/topology_correction/mesh_qc/s1_absolute_volume__mm3_5/case_outputs/842__s1_absolute_volume__mm3_5/segmentation_repaired.stl,/Users/angadkumar16ak/Projects/Automated_Cardiovascular_Segmentation_for_Bioprinting_Project/outputs/topology_correction/mesh_qc/s1_absolute_volume__mm3_5/case_outputs/842__s1_absolute_volume__mm3_5/segmentation_smoothed.stl,True,0.5744457841870223,3.141592653589793,0.5201947646800018,3.1382478390193262,-0.003281630474960369,0.054006197432492256,True
843__s1_absolute_volume__mm3_5,/Users/angadkumar16ak/Projects/Automated_Cardiovascular_Segmentation_for_Bioprinting_Project/outputs/topology_correction/case_outputs/843/mask__s1_absolute_volume__mm3_5.nii.gz,ok,3.0,7,True,0,7,6623.2588734640485,6071.580723788767,101.40000402927399,95.40000379085541,76.80000305175781,0.4242640855706679,0.6000000238418579,0.5911437764849429,/Users/angadkumar16ak/Projects/Automated_Cardiovascular_Segmentation_for_Bioprinting_Project/outputs/topology_correction/mesh_qc/s1_absolute_volume__mm3_5/case_outputs/843__s1_absolute_volume__mm3_5/segmentation_raw.stl,/Users/angadkumar16ak/Projects/Automated_Cardiovascular_Segmentation_for_Bioprinting_Project/outputs/topology_correction/mesh_qc/s1_absolute_volume__mm3_5/case_outputs/843__s1_absolute_volume__mm3_5/segmentation_repaired.stl,/Users/angadkumar16ak/Projects/Automated_Cardiovascular_Segmentation_for_Bioprinting_Project/outputs/topology_correction/mesh_qc/s1_absolute_volume__mm3_5/case_outputs/843__s1_absolute_volume__mm3_5/segmentation_smoothed.stl,True,0.5928981340171355,3.141592653589793,0.5347074298105249,3.140976415309039,-0.002740473605720703,0.11712374347658576,True
844__s1_absolute_volume__mm3_5,/Users/angadkumar16ak/Projects/Automated_Cardiovascular_Segmentation_for_Bioprinting_Project/outputs/topology_correction/case_outputs/844/mask__s1_absolute_volume__mm3_5.nii.gz,ok,3.0,8,True,0,8,7731.150729816896,7324.884873194252,151.2000060081482,107.40000426769257,88.80000352859497,0.4242640855706679,0.6000000238418579,0.590607458250376,/Users/angadkumar16ak/Projects/Automated_Cardiovascular_Segmentation_for_Bioprinting_Project/outputs/topology_correction/mesh_qc/s1_absolute_volume__mm3_5/case_outputs/844__s1_absolute_volume__mm3_5/segmentation_raw.stl,/Users/angadkumar16ak/Projects/Automated_Cardiovascular_Segmentation_for_Bioprinting_Project/outputs/topology_correction/mesh_qc/s1_absolute_volume__mm3_5/case_outputs/844__s1_absolute_volume__mm3_5/segmentation_repaired.stl,/Users/angadkumar16ak/Projects/Automated_Cardiovascular_Segmentation_for_Bioprinting_Project/outputs/topology_correction/mesh_qc/s1_absolute_volume__mm3_5/case_outputs/844__s1_absolute_volume__mm3_5/segmentation_smoothed.stl,True,0.5936028356735324,3.141592653589793,0.5390204052814258,3.1403791757515105,-0.0024467109946962294,0.1400232355503921,True
845__s1_absolute_volume__mm3_5,/Users/angadkumar16ak/Projects/Automated_Cardiovascular_Segmentation_for_Bioprinting_Project/outputs/topology_correction/case_outputs/845/mask__s1_absolute_volume__mm3_5.nii.gz,ok,3.0,6,False,10,6,9057.339446673264,not_watertight,138.60000550746918,112.20000445842743,128.10000509023666,0.4242640855706679,0.6000000238418579,0.5892242789819436,/Users/angadkumar16ak/Projects/Automated_Cardiovascular_Segmentation_for_Bioprinting_Project/outputs/topology_correction/mesh_qc/s1_absolute_volume__mm3_5/case_outputs/845__s1_absolute_volume__mm3_5/segmentation_raw.stl,/Users/angadkumar16ak/Projects/Automated_Cardiovascular_Segmentation_for_Bioprinting_Project/outputs/topology_correction/mesh_qc/s1_absolute_volume__mm3_5/case_outputs/845__s1_absolute_volume__mm3_5/segmentation_repaired.stl,/Users/angadkumar16ak/Projects/Automated_Cardiovascular_Segmentation_for_Bioprinting_Project/outputs/topology_correction/mesh_qc/s1_absolute_volume__mm3_5/case_outputs/845__s1_absolute_volume__mm3_5/segmentation_smoothed.stl,True,0.5569590993696348,3.141592653589793,0.4929200618292429,3.138286508261833,not_watertight,0.06178165079181263,False
846__s1_absolute_volume__mm3_5,/Users/angadkumar16ak/Projects/Automated_Cardiovascular_Segmentation_for_Bioprinting_Project/outputs/topology_correction/case_outputs/846/mask__s1_absolute_volume__mm3_5.nii.gz,ok,3.0,4,True,0,4,7537.870475957292,6188.35573770943,111.60000443458557,85.80000340938568,91.2000036239624,0.4242640855706679,0.6000000238418579,0.5909989403952979,/Users/angadkumar16ak/Projects/Automated_Cardiovascular_Segmentation_for_Bioprinting_Project/outputs/topology_correction/mesh_qc/s1_absolute_volume__mm3_5/case_outputs/846__s1_absolute_volume__mm3_5/segmentation_raw.stl,/Users/angadkumar16ak/Projects/Automated_Cardiovascular_Segmentation_for_Bioprinting_Project/outputs/topology_correction/mesh_qc/s1_absolute_volume__mm3_5/case_outputs/846__s1_absolute_volume__mm3_5/segmentation_repaired.stl,/Users/angadkumar16ak/Projects/Automated_Cardiovascular_Segmentation_for_Bioprinting_Project/outputs/topology_correction/mesh_qc/s1_absolute_volume__mm3_5/case_outputs/846__s1_absolute_volume__mm3_5/segmentation_smoothed.stl,True,0.569255551733885,3.141592653589793,0.5152157697399316,3.140839110953209,-0.00282394081501088,0.06473932999931493,True
847__s1_absolute_volume__mm3_5,/Users/angadkumar16ak/Projects/Automated_Cardiovascular_Segmentation_for_Bioprinting_Project/outputs/topology_correction/case_outputs/847/mask__s1_absolute_volume__mm3_5.nii.gz,ok,3.0,5,True,0,5,7443.984733427893,6511.302776207717,138.00000548362732,121.80000483989716,102.00000405311584,0.4242640855706679,0.6000000238418579,0.5909683070514403,/Users/angadkumar16ak/Projects/Automated_Cardiovascular_Segmentation_for_Bioprinting_Project/outputs/topology_correction/mesh_qc/s1_absolute_volume__mm3_5/case_outputs/847__s1_absolute_volume__mm3_5/segmentation_raw.stl,/Users/angadkumar16ak/Projects/Automated_Cardiovascular_Segmentation_for_Bioprinting_Project/outputs/topology_correction/mesh_qc/s1_absolute_volume__mm3_5/case_outputs/847__s1_absolute_volume__mm3_5/segmentation_repaired.stl,/Users/angadkumar16ak/Projects/Automated_Cardiovascular_Segmentation_for_Bioprinting_Project/outputs/topology_correction/mesh_qc/s1_absolute_volume__mm3_5/case_outputs/847__s1_absolute_volume__mm3_5/segmentation_smoothed.stl,True,0.5661312874065111,3.141592653589793,0.5009231714858118,3.137883728764152,-0.0026626188959763468,0.10024449877750612,True
848__s1_absolute_volume__mm3_5,/Users/angadkumar16ak/Projects/Automated_Cardiovascular_Segmentation_for_Bioprinting_Project/outputs/topology_correction/case_outputs/848/mask__s1_absolute_volume__mm3_5.nii.gz,ok,3.0,3,True,0,3,4642.81760145408,3832.5154568714097,105.00000417232513,90.60000360012054,72.60000288486481,0.4242640855706679,0.6000000238418579,0.5890415074017871,/Users/angadkumar16ak/Projects/Automated_Cardiovascular_Segmentation_for_Bioprinting_Project/outputs/topology_correction/mesh_qc/s1_absolute_volume__mm3_5/case_outputs/848__s1_absolute_volume__mm3_5/segmentation_raw.stl,/Users/angadkumar16ak/Projects/Automated_Cardiovascular_Segmentation_for_Bioprinting_Project/outputs/topology_correction/mesh_qc/s1_absolute_volume__mm3_5/case_outputs/848__s1_absolute_volume__mm3_5/segmentation_repaired.stl,/Users/angadkumar16ak/Projects/Automated_Cardiovascular_Segmentation_for_Bioprinting_Project/outputs/topology_correction/mesh_qc/s1_absolute_volume__mm3_5/case_outputs/848__s1_absolute_volume__mm3_5/segmentation_smoothed.stl,True,0.5719454188873802,3.141592653589793,0.5180917257113011,3.139962601083038,-0.0028535320040812898,0.06209222603118434,True
849__s1_absolute_volume__mm3_5,/Users/angadkumar16ak/Projects/Automated_Cardiovascular_Segmentation_for_Bioprinting_Project/outputs/topology_correction/case_outputs/849/mask__s1_absolute_volume__mm3_5.nii.gz,ok,3.0,12,True,0,11,10799.205630716124,8966.305068866772,114.000004529953,98.4000039100647,92.40000367164612,0.4242640855706679,0.6000000238418579,0.5919617821300474,/Users/angadkumar16ak/Projects/Automated_Cardiovascular_Segmentation_for_Bioprinting_Project/outputs/topology_correction/mesh_qc/s1_absolute_volume__mm3_5/case_outputs/849__s1_absolute_volume__mm3_5/segmentation_raw.stl,/Users/angadkumar16ak/Projects/Automated_Cardiovascular_Segmentation_for_Bioprinting_Project/outputs/topology_correction/mesh_qc/s1_absolute_volume__mm3_5/case_outputs/849__s1_absolute_volume__mm3_5/segmentation_repaired.stl,/Users/angadkumar16ak/Projects/Automated_Cardiovascular_Segmentation_for_Bioprinting_Project/outputs/topology_correction/mesh_qc/s1_absolute_volume__mm3_5/case_outputs/849__s1_absolute_volume__mm3_5/segmentation_smoothed.stl,True,0.5726490456061719,3.141592653589793,0.5147497795486077,3.1395713876596165,-0.00322378246238512,0.0727509161839461,True
850__s1_absolute_volume__mm3_5,/Users/angadkumar16ak/Projects/Automated_Cardiovascular_Segmentation_for_Bioprinting_Project/outputs/topology_correction/case_outputs/850/mask__s1_absolute_volume__mm3_5.nii.gz,ok,3.0,12,True,0,12,5750.802686192944,4648.7975541798105,138.60000550746918,94.20000374317169,94.20000374317169,0.4242640855706679,0.6000000238418579,0.5905035396851245,/Users/angadkumar16ak/Projects/Automated_Cardiovascular_Segmentation_for_Bioprinting_Project/outputs/topology_correction/mesh_qc/s1_absolute_volume__mm3_5/case_outputs/850__s1_absolute_volume__mm3_5/segmentation_raw.stl,/Users/angadkumar16ak/Projects/Automated_Cardiovascular_Segmentation_for_Bioprinting_Project/outputs/topology_correction/mesh_qc/s1_absolute_volume__mm3_5/case_outputs/850__s1_absolute_volume__mm3_5/segmentation_repaired.stl,/Users/angadkumar16ak/Projects/Automated_Cardiovascular_Segmentation_for_Bioprinting_Project/outputs/topology_correction/mesh_qc/s1_absolute_volume__mm3_5/case_outputs/850__s1_absolute_volume__mm3_5/segmentation_smoothed.stl,True,0.5977044434745675,3.141592653589793,0.5504187461618215,3.136716610145738,-0.0038346122051505682,0.07741671217913708,True
851__s1_absolute_volume__mm3_5,/Users/angadkumar16ak/Projects/Automated_Cardiovascular_Segmentation_for_Bioprinting_Project/outputs/topology_correction/case_outputs/851/mask__s1_absolute_volume__mm3_5.nii.gz,ok,3.0,2,True,0,2,7633.153109129217,6887.223821020994,111.00000441074371,102.6000040769577,82.20000326633453,0.4242640855706679,0.6000000238418579,0.5896059487619073,/Users/angadkumar16ak/Projects/Automated_Cardiovascular_Segmentation_for_Bioprinting_Project/outputs/topology_correction/mesh_qc/s1_absolute_volume__mm3_5/case_outputs/851__s1_absolute_volume__mm3_5/segmentation_raw.stl,/Users/angadkumar16ak/Projects/Automated_Cardiovascular_Segmentation_for_Bioprinting_Project/outputs/topology_correction/mesh_qc/s1_absolute_volume__mm3_5/case_outputs/851__s1_absolute_volume__mm3_5/segmentation_repaired.stl,/Users/angadkumar16ak/Projects/Automated_Cardiovascular_Segmentation_for_Bioprinting_Project/outputs/topology_correction/mesh_qc/s1_absolute_volume__mm3_5/case_outputs/851__s1_absolute_volume__mm3_5/segmentation_smoothed.stl,True,0.5742558519326846,3.141592653589793,0.5160733925679155,3.1385377240278283,-0.002393718583809243,0.10329174901185771,True
852__s1_absolute_volume__mm3_5,/Users/angadkumar16ak/Projects/Automated_Cardiovascular_Segmentation_for_Bioprinting_Project/outputs/topology_correction/case_outputs/852/mask__s1_absolute_volume__mm3_5.nii.gz,ok,3.0,20,True,0,20,10486.479336100654,9804.77216881983,151.2000060081482,124.80000495910645,79.20000314712524,0.4242640855706679,0.6000000238418579,0.5916192636006682,/Users/angadkumar16ak/Projects/Automated_Cardiovascular_Segmentation_for_Bioprinting_Project/outputs/topology_correction/mesh_qc/s1_absolute_volume__mm3_5/case_outputs/852__s1_absolute_volume__mm3_5/segmentation_raw.stl,/Users/angadkumar16ak/Projects/Automated_Cardiovascular_Segmentation_for_Bioprinting_Project/outputs/topology_correction/mesh_qc/s1_absolute_volume__mm3_5/case_outputs/852__s1_absolute_volume__mm3_5/segmentation_repaired.stl,/Users/angadkumar16ak/Projects/Automated_Cardiovascular_Segmentation_for_Bioprinting_Project/outputs/topology_correction/mesh_qc/s1_absolute_volume__mm3_5/case_outputs/852__s1_absolute_volume__mm3_5/segmentation_smoothed.stl,True,0.6039274031450078,3.141592653589793,0.5511752286133595,3.1407291144782437,-0.0025962965009750606,0.13585494924958794,True
853__s1_absolute_volume__mm3_5,/Users/angadkumar16ak/Projects/Automated_Cardiovascular_Segmentation_for_Bioprinting_Project/outputs/topology_correction/case_outputs/853/mask__s1_absolute_volume__mm3_5.nii.gz,ok,3.0,4,True,0,4,6334.555243123087,5844.564696726346,99.00000393390656,94.80000376701355,82.20000326633453,0.4242640855706679,0.6000000238418579,0.5923263673066991,/Users/angadkumar16ak/Projects/Automated_Cardiovascular_Segmentation_for_Bioprinting_Project/outputs/topology_correction/mesh_qc/s1_absolute_volume__mm3_5/case_outputs/853__s1_absolute_volume__mm3_5/segmentation_raw.stl,/Users/angadkumar16ak/Projects/Automated_Cardiovascular_Segmentation_for_Bioprinting_Project/outputs/topology_correction/mesh_qc/s1_absolute_volume__mm3_5/case_outputs/853__s1_absolute_volume__mm3_5/segmentation_repaired.stl,/Users/angadkumar16ak/Projects/Automated_Cardiovascular_Segmentation_for_Bioprinting_Project/outputs/topology_correction/mesh_qc/s1_absolute_volume__mm3_5/case_outputs/853__s1_absolute_volume__mm3_5/segmentation_smoothed.stl,True,0.5602097015873566,3.141592653589793,0.4973473461162566,3.1403671751523907,-0.0023387832332140476,0.11622998544395924,True
854__s1_absolute_volume__mm3_5,/Users/angadkumar16ak/Projects/Automated_Cardiovascular_Segmentation_for_Bioprinting_Project/outputs/topology_correction/case_outputs/854/mask__s1_absolute_volume__mm3_5.nii.gz,ok,3.0,4,True,0,4,7098.642458291986,5666.148675457505,108.00000429153442,90.60000360012054,88.20000350475311,0.4242640855706679,0.6000000238418579,0.5900134862534315,/Users/angadkumar16ak/Projects/Automated_Cardiovascular_Segmentation_for_Bioprinting_Project/outputs/topology_correction/mesh_qc/s1_absolute_volume__mm3_5/case_outputs/854__s1_absolute_volume__mm3_5/segmentation_raw.stl,/Users/angadkumar16ak/Projects/Automated_Cardiovascular_Segmentation_for_Bioprinting_Project/outputs/topology_correction/mesh_qc/s1_absolute_volume__mm3_5/case_outputs/854__s1_absolute_volume__mm3_5/segmentation_repaired.stl,/Users/angadkumar16ak/Projects/Automated_Cardiovascular_Segmentation_for_Bioprinting_Project/outputs/topology_correction/mesh_qc/s1_absolute_volume__mm3_5/case_outputs/854__s1_absolute_volume__mm3_5/segmentation_smoothed.stl,True,0.566500803538198,3.141592653589793,0.512117092305187,3.137111540253251,-0.003293135960969206,0.057608248963275675,True
855__s1_absolute_volume__mm3_5,/Users/angadkumar16ak/Projects/Automated_Cardiovascular_Segmentation_for_Bioprinting_Project/outputs/topology_correction/case_outputs/855/mask__s1_absolute_volume__mm3_5.nii.gz,ok,3.0,18,False,52,18,10401.580162874374,not_watertight,156.30000621080399,115.20000457763672,135.30000537633896,0.4242640855706679,0.6000000238418579,0.5905853947499027,/Users/angadkumar16ak/Projects/Automated_Cardiovascular_Segmentation_for_Bioprinting_Project/outputs/topology_correction/mesh_qc/s1_absolute_volume__mm3_5/case_outputs/855__s1_absolute_volume__mm3_5/segmentation_raw.stl,/Users/angadkumar16ak/Projects/Automated_Cardiovascular_Segmentation_for_Bioprinting_Project/outputs/topology_correction/mesh_qc/s1_absolute_volume__mm3_5/case_outputs/855__s1_absolute_volume__mm3_5/segmentation_repaired.stl,/Users/angadkumar16ak/Projects/Automated_Cardiovascular_Segmentation_for_Bioprinting_Project/outputs/topology_correction/mesh_qc/s1_absolute_volume__mm3_5/case_outputs/855__s1_absolute_volume__mm3_5/segmentation_smoothed.stl,True,0.5812277939727706,3.141592653589793,0.5272293672703142,3.1407940201737987,not_watertight,0.10113266687246218,False
856__s1_absolute_volume__mm3_5,/Users/angadkumar16ak/Projects/Automated_Cardiovascular_Segmentation_for_Bioprinting_Project/outputs/topology_correction/case_outputs/856/mask__s1_absolute_volume__mm3_5.nii.gz,ok,3.0,12,True,0,11,9009.244382534911,8101.035965718671,172.80000686645508,137.40000545978546,85.20000338554382,0.4242640855706679,0.6000000238418579,0.5905432109007407,/Users/angadkumar16ak/Projects/Automated_Cardiovascular_Segmentation_for_Bioprinting_Project/outputs/topology_correction/mesh_qc/s1_absolute_volume__mm3_5/case_outputs/856__s1_absolute_volume__mm3_5/segmentation_raw.stl,/Users/angadkumar16ak/Projects/Automated_Cardiovascular_Segmentation_for_Bioprinting_Project/outputs/topology_correction/mesh_qc/s1_absolute_volume__mm3_5/case_outputs/856__s1_absolute_volume__mm3_5/segmentation_repaired.stl,/Users/angadkumar16ak/Projects/Automated_Cardiovascular_Segmentation_for_Bioprinting_Project/outputs/topology_correction/mesh_qc/s1_absolute_volume__mm3_5/case_outputs/856__s1_absolute_volume__mm3_5/segmentation_smoothed.stl,True,0.5767946819547053,3.141592653589793,0.5170119280963265,3.1394369424240165,-0.002759842578848402,0.1117082634228188,True
857__s1_absolute_volume__mm3_5,/Users/angadkumar16ak/Projects/Automated_Cardiovascular_Segmentation_for_Bioprinting_Project/outputs/topology_correction/case_outputs/857/mask__s1_absolute_volume__mm3_5.nii.gz,ok,3.0,7,True,0,7,12868.38221299355,10725.841278619817,118.80000472068787,112.20000445842743,89.40000355243683,0.4242640855706679,0.6000000238418579,0.5905219583988139,/Users/angadkumar16ak/Projects/Automated_Cardiovascular_Segmentation_for_Bioprinting_Project/outputs/topology_correction/mesh_qc/s1_absolute_volume__mm3_5/case_outputs/857__s1_absolute_volume__mm3_5/segmentation_raw.stl,/Users/angadkumar16ak/Projects/Automated_Cardiovascular_Segmentation_for_Bioprinting_Project/outputs/topology_correction/mesh_qc/s1_absolute_volume__mm3_5/case_outputs/857__s1_absolute_volume__mm3_5/segmentation_repaired.stl,/Users/angadkumar16ak/Projects/Automated_Cardiovascular_Segmentation_for_Bioprinting_Project/outputs/topology_correction/mesh_qc/s1_absolute_volume__mm3_5/case_outputs/857__s1_absolute_volume__mm3_5/segmentation_smoothed.stl,True,0.6036374994555006,3.141592653589793,0.5525164243413242,3.139452427441381,-0.0027560991188224524,0.06458629963613352,True
858__s1_absolute_volume__mm3_5,/Users/angadkumar16ak/Projects/Automated_Cardiovascular_Segmentation_for_Bioprinting_Project/outputs/topology_correction/case_outputs/858/mask__s1_absolute_volume__mm3_5.nii.gz,ok,3.0,6,True,0,6,7147.4944891314535,5953.626709727553,114.60000455379486,93.60000371932983,85.20000338554382,0.4242640855706679,0.6000000238418579,0.5896735752562172,/Users/angadkumar16ak/Projects/Automated_Cardiovascular_Segmentation_for_Bioprinting_Project/outputs/topology_correction/mesh_qc/s1_absolute_volume__mm3_5/case_outputs/858__s1_absolute_volume__mm3_5/segmentation_raw.stl,/Users/angadkumar16ak/Projects/Automated_Cardiovascular_Segmentation_for_Bioprinting_Project/outputs/topology_correction/mesh_qc/s1_absolute_volume__mm3_5/case_outputs/858__s1_absolute_volume__mm3_5/segmentation_repaired.stl,/Users/angadkumar16ak/Projects/Automated_Cardiovascular_Segmentation_for_Bioprinting_Project/outputs/topology_correction/mesh_qc/s1_absolute_volume__mm3_5/case_outputs/858__s1_absolute_volume__mm3_5/segmentation_smoothed.stl,True,0.5995157532783436,3.141592653589793,0.5521147820868346,3.140061125254271,-0.0028618732261576356,0.07338339442684794,True
859__s1_absolute_volume__mm3_5,/Users/angadkumar16ak/Projects/Automated_Cardiovascular_Segmentation_for_Bioprinting_Project/outputs/topology_correction/case_outputs/859/mask__s1_absolute_volume__mm3_5.nii.gz,ok,3.0,6,True,0,6,10770.292305536112,9188.36209533803,134.40000534057617,105.00000417232513,110.40000438690186,0.4242640855706679,0.6000000238418579,0.5910024810925062,/Users/angadkumar16ak/Projects/Automated_Cardiovascular_Segmentation_for_Bioprinting_Project/outputs/topology_correction/mesh_qc/s1_absolute_volume__mm3_5/case_outputs/859__s1_absolute_volume__mm3_5/segmentation_raw.stl,/Users/angadkumar16ak/Projects/Automated_Cardiovascular_Segmentation_for_Bioprinting_Project/outputs/topology_correction/mesh_qc/s1_absolute_volume__mm3_5/case_outputs/859__s1_absolute_volume__mm3_5/segmentation_repaired.stl,/Users/angadkumar16ak/Projects/Automated_Cardiovascular_Segmentation_for_Bioprinting_Project/outputs/topology_correction/mesh_qc/s1_absolute_volume__mm3_5/case_outputs/859__s1_absolute_volume__mm3_5/segmentation_smoothed.stl,True,0.5847311171460989,3.141592653589793,0.5265970595325072,3.1399725403717307,-0.0030192059233385363,0.08627894627479048,True
860__s1_absolute_volume__mm3_5,/Users/angadkumar16ak/Projects/Automated_Cardiovascular_Segmentation_for_Bioprinting_Project/outputs/topology_correction/case_outputs/860/mask__s1_absolute_volume__mm3_5.nii.gz,ok,3.0,6,True,0,6,8060.32844143757,7159.455853473577,126.60000503063202,106.80000424385071,84.60000336170197,0.4242640855706679,0.6000000238418579,0.5906049744567281,/Users/angadkumar16ak/Projects/Automated_Cardiovascular_Segmentation_for_Bioprinting_Project/outputs/topology_correction/mesh_qc/s1_absolute_volume__mm3_5/case_outputs/860__s1_absolute_volume__mm3_5/segmentation_raw.stl,/Users/angadkumar16ak/Projects/Automated_Cardiovascular_Segmentation_for_Bioprinting_Project/outputs/topology_correction/mesh_qc/s1_absolute_volume__mm3_5/case_outputs/860__s1_absolute_volume__mm3_5/segmentation_repaired.stl,/Users/angadkumar16ak/Projects/Automated_Cardiovascular_Segmentation_for_Bioprinting_Project/outputs/topology_correction/mesh_qc/s1_absolute_volume__mm3_5/case_outputs/860__s1_absolute_volume__mm3_5/segmentation_smoothed.stl,True,0.5905500898110203,3.141592653589793,0.5398098448037145,3.1390389596277255,-0.0027497164796857756,0.11527967257844475,True
861__s1_absolute_volume__mm3_5,/Users/angadkumar16ak/Projects/Automated_Cardiovascular_Segmentation_for_Bioprinting_Project/outputs/topology_correction/case_outputs/861/mask__s1_absolute_volume__mm3_5.nii.gz,ok,3.0,10,False,20,10,4200.538711924048,not_watertight,167.10000663995743,91.2000036239624,84.60000336170197,0.4242640855706679,0.6000000238418579,0.5910756263154947,/Users/angadkumar16ak/Projects/Automated_Cardiovascular_Segmentation_for_Bioprinting_Project/outputs/topology_correction/mesh_qc/s1_absolute_volume__mm3_5/case_outputs/861__s1_absolute_volume__mm3_5/segmentation_raw.stl,/Users/angadkumar16ak/Projects/Automated_Cardiovascular_Segmentation_for_Bioprinting_Project/outputs/topology_correction/mesh_qc/s1_absolute_volume__mm3_5/case_outputs/861__s1_absolute_volume__mm3_5/segmentation_repaired.stl,/Users/angadkumar16ak/Projects/Automated_Cardiovascular_Segmentation_for_Bioprinting_Project/outputs/topology_correction/mesh_qc/s1_absolute_volume__mm3_5/case_outputs/861__s1_absolute_volume__mm3_5/segmentation_smoothed.stl,True,0.5848183354718488,3.141592653589793,0.5348229250743527,3.139406547228156,not_watertight,0.07200686947988223,False
862__s1_absolute_volume__mm3_5,/Users/angadkumar16ak/Projects/Automated_Cardiovascular_Segmentation_for_Bioprinting_Project/outputs/topology_correction/case_outputs/862/mask__s1_absolute_volume__mm3_5.nii.gz,ok,3.0,5,True,0,5,9862.857719313086,8646.985030800864,162.00000643730164,118.20000469684601,107.40000426769257,0.4242640855706679,0.6000000238418579,0.591944065918176,/Users/angadkumar16ak/Projects/Automated_Cardiovascular_Segmentation_for_Bioprinting_Project/outputs/topology_correction/mesh_qc/s1_absolute_volume__mm3_5/case_outputs/862__s1_absolute_volume__mm3_5/segmentation_raw.stl,/Users/angadkumar16ak/Projects/Automated_Cardiovascular_Segmentation_for_Bioprinting_Project/outputs/topology_correction/mesh_qc/s1_absolute_volume__mm3_5/case_outputs/862__s1_absolute_volume__mm3_5/segmentation_repaired.stl,/Users/angadkumar16ak/Projects/Automated_Cardiovascular_Segmentation_for_Bioprinting_Project/outputs/topology_correction/mesh_qc/s1_absolute_volume__mm3_5/case_outputs/862__s1_absolute_volume__mm3_5/segmentation_smoothed.stl,True,0.5723818885577749,3.141592653589793,0.5125392556356128,3.140206172810029,-0.0026022032233078223,0.09279261586802828,True
863__s1_absolute_volume__mm3_5,/Users/angadkumar16ak/Projects/Automated_Cardiovascular_Segmentation_for_Bioprinting_Project/outputs/topology_correction/case_outputs/863/mask__s1_absolute_volume__mm3_5.nii.gz,ok,3.0,8,True,0,8,7957.060618909436,6528.285778232249,130.80000519752502,102.6000040769577,117.60000467300415,0.4242640855706679,0.6000000238418579,0.5911976376594751,/Users/angadkumar16ak/Projects/Automated_Cardiovascular_Segmentation_for_Bioprinting_Project/outputs/topology_correction/mesh_qc/s1_absolute_volume__mm3_5/case_outputs/863__s1_absolute_volume__mm3_5/segmentation_raw.stl,/Users/angadkumar16ak/Projects/Automated_Cardiovascular_Segmentation_for_Bioprinting_Project/outputs/topology_correction/mesh_qc/s1_absolute_volume__mm3_5/case_outputs/863__s1_absolute_volume__mm3_5/segmentation_repaired.stl,/Users/angadkumar16ak/Projects/Automated_Cardiovascular_Segmentation_for_Bioprinting_Project/outputs/topology_correction/mesh_qc/s1_absolute_volume__mm3_5/case_outputs/863__s1_absolute_volume__mm3_5/segmentation_smoothed.stl,True,0.5982346887772537,3.141592653589793,0.5490044805737064,3.1402686208252875,-0.0029919111729118726,0.062970656972215,True
864__s1_absolute_volume__mm3_5,/Users/angadkumar16ak/Projects/Automated_Cardiovascular_Segmentation_for_Bioprinting_Project/outputs/topology_correction/case_outputs/864/mask__s1_absolute_volume__mm3_5.nii.gz,ok,3.0,7,True,0,7,10106.34596812037,9198.892096593308,125.4000049829483,89.40000355243683,102.00000405311584,0.4242640855706679,0.6000000238418579,0.5896286461342257,/Users/angadkumar16ak/Projects/Automated_Cardiovascular_Segmentation_for_Bioprinting_Project/outputs/topology_correction/mesh_qc/s1_absolute_volume__mm3_5/case_outputs/864__s1_absolute_volume__mm3_5/segmentation_raw.stl,/Users/angadkumar16ak/Projects/Automated_Cardiovascular_Segmentation_for_Bioprinting_Project/outputs/topology_correction/mesh_qc/s1_absolute_volume__mm3_5/case_outputs/864__s1_absolute_volume__mm3_5/segmentation_repaired.stl,/Users/angadkumar16ak/Projects/Automated_Cardiovascular_Segmentation_for_Bioprinting_Project/outputs/topology_correction/mesh_qc/s1_absolute_volume__mm3_5/case_outputs/864__s1_absolute_volume__mm3_5/segmentation_smoothed.stl,True,0.5750132943254762,3.141592653589793,0.5196763998552758,3.1403879629757405,-0.002383417458612461,0.1089799879835467,True
865__s1_absolute_volume__mm3_5,/Users/angadkumar16ak/Projects/Automated_Cardiovascular_Segmentation_for_Bioprinting_Project/outputs/topology_correction/case_outputs/865/mask__s1_absolute_volume__mm3_5.nii.gz,ok,3.0,6,True,0,6,6554.880835858059,5638.563672169118,138.60000550746918,96.60000383853912,93.00000369548798,0.4242640855706679,0.6000000238418579,0.5893332028230751,/Users/angadkumar16ak/Projects/Automated_Cardiovascular_Segmentation_for_Bioprinting_Project/outputs/topology_correction/mesh_qc/s1_absolute_volume__mm3_5/case_outputs/865__s1_absolute_volume__mm3_5/segmentation_raw.stl,/Users/angadkumar16ak/Projects/Automated_Cardiovascular_Segmentation_for_Bioprinting_Project/outputs/topology_correction/mesh_qc/s1_absolute_volume__mm3_5/case_outputs/865__s1_absolute_volume__mm3_5/segmentation_repaired.stl,/Users/angadkumar16ak/Projects/Automated_Cardiovascular_Segmentation_for_Bioprinting_Project/outputs/topology_correction/mesh_qc/s1_absolute_volume__mm3_5/case_outputs/865__s1_absolute_volume__mm3_5/segmentation_smoothed.stl,True,0.5835931950794825,3.141592653589793,0.5312813632013543,3.139435914296952,-0.0029534656708708456,0.08289414244842644,True
866__s1_absolute_volume__mm3_5,/Users/angadkumar16ak/Projects/Automated_Cardiovascular_Segmentation_for_Bioprinting_Project/outputs/topology_correction/case_outputs/866/mask__s1_absolute_volume__mm3_5.nii.gz,ok,3.0,7,True,0,6,9481.735185675438,8541.37001821057,135.6000053882599,116.40000462532043,85.20000338554382,0.4242640855706679,0.6000000238418579,0.589872564133999,/Users/angadkumar16ak/Projects/Automated_Cardiovascular_Segmentation_for_Bioprinting_Project/outputs/topology_correction/mesh_qc/s1_absolute_volume__mm3_5/case_outputs/866__s1_absolute_volume__mm3_5/segmentation_raw.stl,/Users/angadkumar16ak/Projects/Automated_Cardiovascular_Segmentation_for_Bioprinting_Project/outputs/topology_correction/mesh_qc/s1_absolute_volume__mm3_5/case_outputs/866__s1_absolute_volume__mm3_5/segmentation_repaired.stl,/Users/angadkumar16ak/Projects/Automated_Cardiovascular_Segmentation_for_Bioprinting_Project/outputs/topology_correction/mesh_qc/s1_absolute_volume__mm3_5/case_outputs/866__s1_absolute_volume__mm3_5/segmentation_smoothed.stl,True,0.5722600559439753,3.141592653589793,0.5151801967238786,3.141155724634741,-0.002466817167229254,0.10481001318834449,True
867__s1_absolute_volume__mm3_5,/Users/angadkumar16ak/Projects/Automated_Cardiovascular_Segmentation_for_Bioprinting_Project/outputs/topology_correction/case_outputs/867/mask__s1_absolute_volume__mm3_5.nii.gz,ok,3.0,17,False,58,17,12196.2770551668,not_watertight,116.40000462532043,99.00000393390656,119.70000475645065,0.4242640855706679,0.6000000238418579,0.5925135562676824,/Users/angadkumar16ak/Projects/Automated_Cardiovascular_Segmentation_for_Bioprinting_Project/outputs/topology_correction/mesh_qc/s1_absolute_volume__mm3_5/case_outputs/867__s1_absolute_volume__mm3_5/segmentation_raw.stl,/Users/angadkumar16ak/Projects/Automated_Cardiovascular_Segmentation_for_Bioprinting_Project/outputs/topology_correction/mesh_qc/s1_absolute_volume__mm3_5/case_outputs/867__s1_absolute_volume__mm3_5/segmentation_repaired.stl,/Users/angadkumar16ak/Projects/Automated_Cardiovascular_Segmentation_for_Bioprinting_Project/outputs/topology_correction/mesh_qc/s1_absolute_volume__mm3_5/case_outputs/867__s1_absolute_volume__mm3_5/segmentation_smoothed.stl,True,0.5826945307007964,3.141592653589793,0.5280848208754316,3.1405817502492432,not_watertight,0.15532041246018463,False
868__s1_absolute_volume__mm3_5,/Users/angadkumar16ak/Projects/Automated_Cardiovascular_Segmentation_for_Bioprinting_Project/outputs/topology_correction/case_outputs/868/mask__s1_absolute_volume__mm3_5.nii.gz,ok,3.0,11,False,36,11,4442.7576174451415,not_watertight,173.70000690221786,91.80000364780426,70.20000278949738,0.4242640855706679,0.6000000238418579,0.5893280073884775,/Users/angadkumar16ak/Projects/Automated_Cardiovascular_Segmentation_for_Bioprinting_Project/outputs/topology_correction/mesh_qc/s1_absolute_volume__mm3_5/case_outputs/868__s1_absolute_volume__mm3_5/segmentation_raw.stl,/Users/angadkumar16ak/Projects/Automated_Cardiovascular_Segmentation_for_Bioprinting_Project/outputs/topology_correction/mesh_qc/s1_absolute_volume__mm3_5/case_outputs/868__s1_absolute_volume__mm3_5/segmentation_repaired.stl,/Users/angadkumar16ak/Projects/Automated_Cardiovascular_Segmentation_for_Bioprinting_Project/outputs/topology_correction/mesh_qc/s1_absolute_volume__mm3_5/case_outputs/868__s1_absolute_volume__mm3_5/segmentation_smoothed.stl,True,0.5677740254634591,3.141592653589793,0.5146212450570753,3.1387988621135747,not_watertight,0.05829787234042553,False
869__s1_absolute_volume__mm3_5,/Users/angadkumar16ak/Projects/Automated_Cardiovascular_Segmentation_for_Bioprinting_Project/outputs/topology_correction/case_outputs/869/mask__s1_absolute_volume__mm3_5.nii.gz,ok,3.0,10,True,0,10,8917.919633664014,7795.224929263154,138.00000548362732,104.40000414848328,87.60000348091125,0.4242640855706679,0.6000000238418579,0.5921884993364956,/Users/angadkumar16ak/Projects/Automated_Cardiovascular_Segmentation_for_Bioprinting_Project/outputs/topology_correction/mesh_qc/s1_absolute_volume__mm3_5/case_outputs/869__s1_absolute_volume__mm3_5/segmentation_raw.stl,/Users/angadkumar16ak/Projects/Automated_Cardiovascular_Segmentation_for_Bioprinting_Project/outputs/topology_correction/mesh_qc/s1_absolute_volume__mm3_5/case_outputs/869__s1_absolute_volume__mm3_5/segmentation_repaired.stl,/Users/angadkumar16ak/Projects/Automated_Cardiovascular_Segmentation_for_Bioprinting_Project/outputs/topology_correction/mesh_qc/s1_absolute_volume__mm3_5/case_outputs/869__s1_absolute_volume__mm3_5/segmentation_smoothed.stl,True,0.5930858747460886,3.141592653589793,0.5407957160648422,3.140644829089391,-0.002906905539316513,0.09734513274336283,True
870__s1_absolute_volume__mm3_5,/Users/angadkumar16ak/Projects/Automated_Cardiovascular_Segmentation_for_Bioprinting_Project/outputs/topology_correction/case_outputs/870/mask__s1_absolute_volume__mm3_5.nii.gz,ok,3.0,7,True,0,7,6933.985692035028,5896.9087029662405,104.40000414848328,80.40000319480896,85.20000338554382,0.4242640855706679,0.6000000238418579,0.588388210327114,/Users/angadkumar16ak/Projects/Automated_Cardiovascular_Segmentation_for_Bioprinting_Project/outputs/topology_correction/mesh_qc/s1_absolute_volume__mm3_5/case_outputs/870__s1_absolute_volume__mm3_5/segmentation_raw.stl,/Users/angadkumar16ak/Projects/Automated_Cardiovascular_Segmentation_for_Bioprinting_Project/outputs/topology_correction/mesh_qc/s1_absolute_volume__mm3_5/case_outputs/870__s1_absolute_volume__mm3_5/segmentation_repaired.stl,/Users/angadkumar16ak/Projects/Automated_Cardiovascular_Segmentation_for_Bioprinting_Project/outputs/topology_correction/mesh_qc/s1_absolute_volume__mm3_5/case_outputs/870__s1_absolute_volume__mm3_5/segmentation_smoothed.stl,True,0.5955669985100539,3.141592653589793,0.548545325202068,3.1390241131060512,-0.0030300750195512037,0.08764610681532098,True
871__s1_absolute_volume__mm3_5,/Users/angadkumar16ak/Projects/Automated_Cardiovascular_Segmentation_for_Bioprinting_Project/outputs/topology_correction/case_outputs/871/mask__s1_absolute_volume__mm3_5.nii.gz,ok,3.0,8,True,0,8,7847.03441908405,6896.691822149667,100.80000400543213,83.40000331401825,100.80000400543213,0.4242640855706679,0.6000000238418579,0.5891045010390117,/Users/angadkumar16ak/Projects/Automated_Cardiovascular_Segmentation_for_Bioprinting_Project/outputs/topology_correction/mesh_qc/s1_absolute_volume__mm3_5/case_outputs/871__s1_absolute_volume__mm3_5/segmentation_raw.stl,/Users/angadkumar16ak/Projects/Automated_Cardiovascular_Segmentation_for_Bioprinting_Project/outputs/topology_correction/mesh_qc/s1_absolute_volume__mm3_5/case_outputs/871__s1_absolute_volume__mm3_5/segmentation_repaired.stl,/Users/angadkumar16ak/Projects/Automated_Cardiovascular_Segmentation_for_Bioprinting_Project/outputs/topology_correction/mesh_qc/s1_absolute_volume__mm3_5/case_outputs/871__s1_absolute_volume__mm3_5/segmentation_smoothed.stl,True,0.5725140370213813,3.141592653589793,0.5084186156524222,3.141491016613124,-0.0029457591680683696,0.10130246020260492,True
872__s1_absolute_volume__mm3_5,/Users/angadkumar16ak/Projects/Automated_Cardiovascular_Segmentation_for_Bioprinting_Project/outputs/topology_correction/case_outputs/872/mask__s1_absolute_volume__mm3_5.nii.gz,ok,3.0,12,True,0,12,7062.784823795726,5654.484674067047,120.00000476837158,106.80000424385071,94.20000374317169,0.4242640855706679,0.6000000238418579,0.5913021211738962,/Users/angadkumar16ak/Projects/Automated_Cardiovascular_Segmentation_for_Bioprinting_Project/outputs/topology_correction/mesh_qc/s1_absolute_volume__mm3_5/case_outputs/872__s1_absolute_volume__mm3_5/segmentation_raw.stl,/Users/angadkumar16ak/Projects/Automated_Cardiovascular_Segmentation_for_Bioprinting_Project/outputs/topology_correction/mesh_qc/s1_absolute_volume__mm3_5/case_outputs/872__s1_absolute_volume__mm3_5/segmentation_repaired.stl,/Users/angadkumar16ak/Projects/Automated_Cardiovascular_Segmentation_for_Bioprinting_Project/outputs/topology_correction/mesh_qc/s1_absolute_volume__mm3_5/case_outputs/872__s1_absolute_volume__mm3_5/segmentation_smoothed.stl,True,0.5707966208614724,3.141592653589793,0.5148531960602527,3.140287836992088,-0.00373507918984789,0.07026865224874654,True
873__s1_absolute_volume__mm3_5,/Users/angadkumar16ak/Projects/Automated_Cardiovascular_Segmentation_for_Bioprinting_Project/outputs/topology_correction/case_outputs/873/mask__s1_absolute_volume__mm3_5.nii.gz,ok,3.0,7,True,0,7,8860.654459761863,9747.073161941576,148.2000058889389,139.20000553131104,90.00000357627869,0.4242640855706679,0.6000000238418579,0.5915029644467452,/Users/angadkumar16ak/Projects/Automated_Cardiovascular_Segmentation_for_Bioprinting_Project/outputs/topology_correction/mesh_qc/s1_absolute_volume__mm3_5/case_outputs/873__s1_absolute_volume__mm3_5/segmentation_raw.stl,/Users/angadkumar16ak/Projects/Automated_Cardiovascular_Segmentation_for_Bioprinting_Project/outputs/topology_correction/mesh_qc/s1_absolute_volume__mm3_5/case_outputs/873__s1_absolute_volume__mm3_5/segmentation_repaired.stl,/Users/angadkumar16ak/Projects/Automated_Cardiovascular_Segmentation_for_Bioprinting_Project/outputs/topology_correction/mesh_qc/s1_absolute_volume__mm3_5/case_outputs/873__s1_absolute_volume__mm3_5/segmentation_smoothed.stl,True,0.5970774621110091,3.141592653589793,0.5399766149683879,3.1407491021005693,-0.0016368675098623808,0.20343588395126655,True
874__s1_absolute_volume__mm3_5,/Users/angadkumar16ak/Projects/Automated_Cardiovascular_Segmentation_for_Bioprinting_Project/outputs/topology_correction/case_outputs/874/mask__s1_absolute_volume__mm3_5.nii.gz,ok,3.0,6,True,0,6,7103.03614440394,5958.252710279018,107.40000426769257,104.40000414848328,80.40000319480896,0.4242640855706679,0.6000000238418579,0.5885891351875199,/Users/angadkumar16ak/Projects/Automated_Cardiovascular_Segmentation_for_Bioprinting_Project/outputs/topology_correction/mesh_qc/s1_absolute_volume__mm3_5/case_outputs/874__s1_absolute_volume__mm3_5/segmentation_raw.stl,/Users/angadkumar16ak/Projects/Automated_Cardiovascular_Segmentation_for_Bioprinting_Project/outputs/topology_correction/mesh_qc/s1_absolute_volume__mm3_5/case_outputs/874__s1_absolute_volume__mm3_5/segmentation_repaired.stl,/Users/angadkumar16ak/Projects/Automated_Cardiovascular_Segmentation_for_Bioprinting_Project/outputs/topology_correction/mesh_qc/s1_absolute_volume__mm3_5/case_outputs/874__s1_absolute_volume__mm3_5/segmentation_smoothed.stl,True,0.5852627505561337,3.141592653589793,0.533666129312618,3.1412490489076412,-0.002997943788468113,0.07503648595735593,True
875__s1_absolute_volume__mm3_5,/Users/angadkumar16ak/Projects/Automated_Cardiovascular_Segmentation_for_Bioprinting_Project/outputs/topology_correction/case_outputs/875/mask__s1_absolute_volume__mm3_5.nii.gz,ok,3.0,8,True,0,7,9871.787767229542,8487.901011836564,106.80000424385071,97.80000388622284,85.80000340938568,0.4242640855706679,0.6000000238418579,0.5904080685836602,/Users/angadkumar16ak/Projects/Automated_Cardiovascular_Segmentation_for_Bioprinting_Project/outputs/topology_correction/mesh_qc/s1_absolute_volume__mm3_5/case_outputs/875__s1_absolute_volume__mm3_5/segmentation_raw.stl,/Users/angadkumar16ak/Projects/Automated_Cardiovascular_Segmentation_for_Bioprinting_Project/outputs/topology_correction/mesh_qc/s1_absolute_volume__mm3_5/case_outputs/875__s1_absolute_volume__mm3_5/segmentation_repaired.stl,/Users/angadkumar16ak/Projects/Automated_Cardiovascular_Segmentation_for_Bioprinting_Project/outputs/topology_correction/mesh_qc/s1_absolute_volume__mm3_5/case_outputs/875__s1_absolute_volume__mm3_5/segmentation_smoothed.stl,True,0.5740022648628325,3.141592653589793,0.5160183601994924,3.137832660609529,-0.002866513261145358,0.09047952397619881,True
876__s1_absolute_volume__mm3_5,/Users/angadkumar16ak/Projects/Automated_Cardiovascular_Segmentation_for_Bioprinting_Project/outputs/topology_correction/case_outputs/876/mask__s1_absolute_volume__mm3_5.nii.gz,ok,3.0,6,True,0,6,7067.485137200415,5730.849683170464,118.80000472068787,102.6000040769577,92.40000367164612,0.4242640855706679,0.6000000238418579,0.5905748491281243,/Users/angadkumar16ak/Projects/Automated_Cardiovascular_Segmentation_for_Bioprinting_Project/outputs/topology_correction/mesh_qc/s1_absolute_volume__mm3_5/case_outputs/876__s1_absolute_volume__mm3_5/segmentation_raw.stl,/Users/angadkumar16ak/Projects/Automated_Cardiovascular_Segmentation_for_Bioprinting_Project/outputs/topology_correction/mesh_qc/s1_absolute_volume__mm3_5/case_outputs/876__s1_absolute_volume__mm3_5/segmentation_repaired.stl,/Users/angadkumar16ak/Projects/Automated_Cardiovascular_Segmentation_for_Bioprinting_Project/outputs/topology_correction/mesh_qc/s1_absolute_volume__mm3_5/case_outputs/876__s1_absolute_volume__mm3_5/segmentation_smoothed.stl,True,0.5928199987263327,3.141592653589793,0.5423805242240805,3.139884054969482,-0.003083509193610134,0.06203813183564883,True
877__s1_absolute_volume__mm3_5,/Users/angadkumar16ak/Projects/Automated_Cardiovascular_Segmentation_for_Bioprinting_Project/outputs/topology_correction/case_outputs/877/mask__s1_absolute_volume__mm3_5.nii.gz,ok,3.0,6,True,0,6,8209.341565407012,6679.791796293171,129.6000051498413,96.00000381469727,94.80000376701355,0.4242640855706679,0.6000000238418579,0.5905745067999769,/Users/angadkumar16ak/Projects/Automated_Cardiovascular_Segmentation_for_Bioprinting_Project/outputs/topology_correction/mesh_qc/s1_absolute_volume__mm3_5/case_outputs/877__s1_absolute_volume__mm3_5/segmentation_raw.stl,/Users/angadkumar16ak/Projects/Automated_Cardiovascular_Segmentation_for_Bioprinting_Project/outputs/topology_correction/mesh_qc/s1_absolute_volume__mm3_5/case_outputs/877__s1_absolute_volume__mm3_5/segmentation_repaired.stl,/Users/angadkumar16ak/Projects/Automated_Cardiovascular_Segmentation_for_Bioprinting_Project/outputs/topology_correction/mesh_qc/s1_absolute_volume__mm3_5/case_outputs/877__s1_absolute_volume__mm3_5/segmentation_smoothed.stl,True,0.5631166338990349,3.141592653589793,0.5055888761488899,3.1389584831151476,-0.0030255058206695605,0.05981794538361508,True
878__s1_absolute_volume__mm3_5,/Users/angadkumar16ak/Projects/Automated_Cardiovascular_Segmentation_for_Bioprinting_Project/outputs/topology_correction/case_outputs/878/mask__s1_absolute_volume__mm3_5.nii.gz,ok,3.0,9,True,0,9,7423.16060014315,6434.919767102154,114.60000455379486,84.60000336170197,86.40000343322754,0.4242640855706679,0.6000000238418579,0.5889644547389568,/Users/angadkumar16ak/Projects/Automated_Cardiovascular_Segmentation_for_Bioprinting_Project/outputs/topology_correction/mesh_qc/s1_absolute_volume__mm3_5/case_outputs/878__s1_absolute_volume__mm3_5/segmentation_raw.stl,/Users/angadkumar16ak/Projects/Automated_Cardiovascular_Segmentation_for_Bioprinting_Project/outputs/topology_correction/mesh_qc/s1_absolute_volume__mm3_5/case_outputs/878__s1_absolute_volume__mm3_5/segmentation_repaired.stl,/Users/angadkumar16ak/Projects/Automated_Cardiovascular_Segmentation_for_Bioprinting_Project/outputs/topology_correction/mesh_qc/s1_absolute_volume__mm3_5/case_outputs/878__s1_absolute_volume__mm3_5/segmentation_smoothed.stl,True,0.5827600630344338,3.141592653589793,0.524112334389069,3.1379361695152466,-0.002885520338238738,0.08841765055075523,True
879__s1_absolute_volume__mm3_5,/Users/angadkumar16ak/Projects/Automated_Cardiovascular_Segmentation_for_Bioprinting_Project/outputs/topology_correction/case_outputs/879/mask__s1_absolute_volume__mm3_5.nii.gz,ok,3.0,3,True,0,3,8371.631226816766,7765.128925675428,125.4000049829483,108.60000431537628,100.80000400543213,0.4242640855706679,0.6000000238418579,0.5898850781134779,/Users/angadkumar16ak/Projects/Automated_Cardiovascular_Segmentation_for_Bioprinting_Project/outputs/topology_correction/mesh_qc/s1_absolute_volume__mm3_5/case_outputs/879__s1_absolute_volume__mm3_5/segmentation_raw.stl,/Users/angadkumar16ak/Projects/Automated_Cardiovascular_Segmentation_for_Bioprinting_Project/outputs/topology_correction/mesh_qc/s1_absolute_volume__mm3_5/case_outputs/879__s1_absolute_volume__mm3_5/segmentation_repaired.stl,/Users/angadkumar16ak/Projects/Automated_Cardiovascular_Segmentation_for_Bioprinting_Project/outputs/topology_correction/mesh_qc/s1_absolute_volume__mm3_5/case_outputs/879__s1_absolute_volume__mm3_5/segmentation_smoothed.stl,True,0.590250908156816,3.141592653589793,0.5356255663310132,3.137398278024423,-0.002084054802718193,0.12023998685003562,True
880__s1_absolute_volume__mm3_5,/Users/angadkumar16ak/Projects/Automated_Cardiovascular_Segmentation_for_Bioprinting_Project/outputs/topology_correction/case_outputs/880/mask__s1_absolute_volume__mm3_5.nii.gz,ok,3.0,7,True,0,7,5900.459240573999,4908.042585084221,112.20000445842743,89.40000355243683,81.00000321865082,0.4242640855706679,0.6000000238418579,0.5903992313791618,/Users/angadkumar16ak/Projects/Automated_Cardiovascular_Segmentation_for_Bioprinting_Project/outputs/topology_correction/mesh_qc/s1_absolute_volume__mm3_5/case_outputs/880__s1_absolute_volume__mm3_5/segmentation_raw.stl,/Users/angadkumar16ak/Projects/Automated_Cardiovascular_Segmentation_for_Bioprinting_Project/outputs/topology_correction/mesh_qc/s1_absolute_volume__mm3_5/case_outputs/880__s1_absolute_volume__mm3_5/segmentation_repaired.stl,/Users/angadkumar16ak/Projects/Automated_Cardiovascular_Segmentation_for_Bioprinting_Project/outputs/topology_correction/mesh_qc/s1_absolute_volume__mm3_5/case_outputs/880__s1_absolute_volume__mm3_5/segmentation_smoothed.stl,True,0.5781989231813066,3.141592653589793,0.5276396246890706,3.1408919267466335,-0.002888200220826845,0.0692380787836904,True
881__s1_absolute_volume__mm3_5,/Users/angadkumar16ak/Projects/Automated_Cardiovascular_Segmentation_for_Bioprinting_Project/outputs/topology_correction/case_outputs/881/mask__s1_absolute_volume__mm3_5.nii.gz,ok,3.0,13,True,0,13,7925.794314688153,6539.9947796280685,118.20000469684601,85.80000340938568,93.60000371932983,0.4242640855706679,0.6000000238418579,0.5911628065986252,/Users/angadkumar16ak/Projects/Automated_Cardiovascular_Segmentation_for_Bioprinting_Project/outputs/topology_correction/mesh_qc/s1_absolute_volume__mm3_5/case_outputs/881__s1_absolute_volume__mm3_5/segmentation_raw.stl,/Users/angadkumar16ak/Projects/Automated_Cardiovascular_Segmentation_for_Bioprinting_Project/outputs/topology_correction/mesh_qc/s1_absolute_volume__mm3_5/case_outputs/881__s1_absolute_volume__mm3_5/segmentation_repaired.stl,/Users/angadkumar16ak/Projects/Automated_Cardiovascular_Segmentation_for_Bioprinting_Project/outputs/topology_correction/mesh_qc/s1_absolute_volume__mm3_5/case_outputs/881__s1_absolute_volume__mm3_5/segmentation_smoothed.stl,True,0.5828462454989751,3.141592653589793,0.5300449672445463,3.138565745154993,-0.003381987123608346,0.07322839746081099,True
882__s1_absolute_volume__mm3_5,/Users/angadkumar16ak/Projects/Automated_Cardiovascular_Segmentation_for_Bioprinting_Project/outputs/topology_correction/case_outputs/882/mask__s1_absolute_volume__mm3_5.nii.gz,ok,3.0,7,True,0,7,10308.06687245507,9783.028166227745,114.000004529953,111.60000443458557,89.40000355243683,0.4242640855706679,0.6000000238418579,0.5900935060294967,/Users/angadkumar16ak/Projects/Automated_Cardiovascular_Segmentation_for_Bioprinting_Project/outputs/topology_correction/mesh_qc/s1_absolute_volume__mm3_5/case_outputs/882__s1_absolute_volume__mm3_5/segmentation_raw.stl,/Users/angadkumar16ak/Projects/Automated_Cardiovascular_Segmentation_for_Bioprinting_Project/outputs/topology_correction/mesh_qc/s1_absolute_volume__mm3_5/case_outputs/882__s1_absolute_volume__mm3_5/segmentation_repaired.stl,/Users/angadkumar16ak/Projects/Automated_Cardiovascular_Segmentation_for_Bioprinting_Project/outputs/topology_correction/mesh_qc/s1_absolute_volume__mm3_5/case_outputs/882__s1_absolute_volume__mm3_5/segmentation_smoothed.stl,True,0.5836891554604892,3.141592653589793,0.5249746830959967,3.138690500792394,-0.0021600589558303076,0.1277989337395278,True
883__s1_absolute_volume__mm3_5,/Users/angadkumar16ak/Projects/Automated_Cardiovascular_Segmentation_for_Bioprinting_Project/outputs/topology_correction/case_outputs/883/mask__s1_absolute_volume__mm3_5.nii.gz,ok,3.0,8,True,0,6,7828.819985969067,5958.846710349825,121.80000483989716,100.80000400543213,91.80000364780426,0.4242640855706679,0.6000000238418579,0.5890927243896915,/Users/angadkumar16ak/Projects/Automated_Cardiovascular_Segmentation_for_Bioprinting_Project/outputs/topology_correction/mesh_qc/s1_absolute_volume__mm3_5/case_outputs/883__s1_absolute_volume__mm3_5/segmentation_raw.stl,/Users/angadkumar16ak/Projects/Automated_Cardiovascular_Segmentation_for_Bioprinting_Project/outputs/topology_correction/mesh_qc/s1_absolute_volume__mm3_5/case_outputs/883__s1_absolute_volume__mm3_5/segmentation_repaired.stl,/Users/angadkumar16ak/Projects/Automated_Cardiovascular_Segmentation_for_Bioprinting_Project/outputs/topology_correction/mesh_qc/s1_absolute_volume__mm3_5/case_outputs/883__s1_absolute_volume__mm3_5/segmentation_smoothed.stl,True,0.5724953390060838,3.141592653589793,0.519706758141972,3.1374048407352784,-0.003738017824260322,0.04409783764622474,True
884__s1_absolute_volume__mm3_5,/Users/angadkumar16ak/Projects/Automated_Cardiovascular_Segmentation_for_Bioprinting_Project/outputs/topology_correction/case_outputs/884/mask__s1_absolute_volume__mm3_5.nii.gz,ok,3.0,4,True,0,4,4878.9220546860315,4115.925490656514,101.40000402927399,83.40000331401825,81.00000321865082,0.4242640855706679,0.6000000238418579,0.5891700876019813,/Users/angadkumar16ak/Projects/Automated_Cardiovascular_Segmentation_for_Bioprinting_Project/outputs/topology_correction/mesh_qc/s1_absolute_volume__mm3_5/case_outputs/884__s1_absolute_volume__mm3_5/segmentation_raw.stl,/Users/angadkumar16ak/Projects/Automated_Cardiovascular_Segmentation_for_Bioprinting_Project/outputs/topology_correction/mesh_qc/s1_absolute_volume__mm3_5/case_outputs/884__s1_absolute_volume__mm3_5/segmentation_repaired.stl,/Users/angadkumar16ak/Projects/Automated_Cardiovascular_Segmentation_for_Bioprinting_Project/outputs/topology_correction/mesh_qc/s1_absolute_volume__mm3_5/case_outputs/884__s1_absolute_volume__mm3_5/segmentation_smoothed.stl,True,0.6051574760114863,3.141592653589793,0.5543233240643876,3.1408324730238917,-0.002775017902979053,0.07714506570471528,True
885__s1_absolute_volume__mm3_5,/Users/angadkumar16ak/Projects/Automated_Cardiovascular_Segmentation_for_Bioprinting_Project/outputs/topology_correction/case_outputs/885/mask__s1_absolute_volume__mm3_5.nii.gz,ok,3.0,9,True,0,9,7044.014106112897,5712.237680951745,138.60000550746918,102.6000040769577,88.80000352859497,0.4242640855706679,0.6000000238418579,0.5886467598021342,/Users/angadkumar16ak/Projects/Automated_Cardiovascular_Segmentation_for_Bioprinting_Project/outputs/topology_correction/mesh_qc/s1_absolute_volume__mm3_5/case_outputs/885__s1_absolute_volume__mm3_5/segmentation_raw.stl,/Users/angadkumar16ak/Projects/Automated_Cardiovascular_Segmentation_for_Bioprinting_Project/outputs/topology_correction/mesh_qc/s1_absolute_volume__mm3_5/case_outputs/885__s1_absolute_volume__mm3_5/segmentation_repaired.stl,/Users/angadkumar16ak/Projects/Automated_Cardiovascular_Segmentation_for_Bioprinting_Project/outputs/topology_correction/mesh_qc/s1_absolute_volume__mm3_5/case_outputs/885__s1_absolute_volume__mm3_5/segmentation_smoothed.stl,True,0.5951588932835449,3.141592653589793,0.5517407100708563,3.1395259211723716,-0.0032584189802236374,0.06516903914590748,True
886__s1_absolute_volume__mm3_5,/Users/angadkumar16ak/Projects/Automated_Cardiovascular_Segmentation_for_Bioprinting_Project/outputs/topology_correction/case_outputs/886/mask__s1_absolute_volume__mm3_5.nii.gz,ok,3.0,8,True,0,7,11454.672885373207,9235.783100991057,110.40000438690186,91.80000364780426,85.80000340938568,0.4242640855706679,0.6000000238418579,0.591097417756628,/Users/angadkumar16ak/Projects/Automated_Cardiovascular_Segmentation_for_Bioprinting_Project/outputs/topology_correction/mesh_qc/s1_absolute_volume__mm3_5/case_outputs/886__s1_absolute_volume__mm3_5/segmentation_raw.stl,/Users/angadkumar16ak/Projects/Automated_Cardiovascular_Segmentation_for_Bioprinting_Project/outputs/topology_correction/mesh_qc/s1_absolute_volume__mm3_5/case_outputs/886__s1_absolute_volume__mm3_5/segmentation_repaired.stl,/Users/angadkumar16ak/Projects/Automated_Cardiovascular_Segmentation_for_Bioprinting_Project/outputs/topology_correction/mesh_qc/s1_absolute_volume__mm3_5/case_outputs/886__s1_absolute_volume__mm3_5/segmentation_smoothed.stl,True,0.5930790667615843,3.141592653589793,0.542807208360321,3.1404700832828816,-0.0032471658158199235,0.06814325675241895,True
887__s1_absolute_volume__mm3_5,/Users/angadkumar16ak/Projects/Automated_Cardiovascular_Segmentation_for_Bioprinting_Project/outputs/topology_correction/case_outputs/887/mask__s1_absolute_volume__mm3_5.nii.gz,ok,3.0,14,True,0,14,8871.575769648596,8577.811022554677,129.00000512599945,97.20000386238098,114.60000455379486,0.4242640855706679,0.6000000238418579,0.5883960616439283,/Users/angadkumar16ak/Projects/Automated_Cardiovascular_Segmentation_for_Bioprinting_Project/outputs/topology_correction/mesh_qc/s1_absolute_volume__mm3_5/case_outputs/887__s1_absolute_volume__mm3_5/segmentation_raw.stl,/Users/angadkumar16ak/Projects/Automated_Cardiovascular_Segmentation_for_Bioprinting_Project/outputs/topology_correction/mesh_qc/s1_absolute_volume__mm3_5/case_outputs/887__s1_absolute_volume__mm3_5/segmentation_repaired.stl,/Users/angadkumar16ak/Projects/Automated_Cardiovascular_Segmentation_for_Bioprinting_Project/outputs/topology_correction/mesh_qc/s1_absolute_volume__mm3_5/case_outputs/887__s1_absolute_volume__mm3_5/segmentation_smoothed.stl,True,0.5699091946358665,3.141592653589793,0.5132406636736297,3.139502352842631,-0.0024781246573347096,0.15370880142846513,True
888__s1_absolute_volume__mm3_5,/Users/angadkumar16ak/Projects/Automated_Cardiovascular_Segmentation_for_Bioprinting_Project/outputs/topology_correction/case_outputs/888/mask__s1_absolute_volume__mm3_5.nii.gz,ok,3.0,4,True,0,4,5486.565719312287,4628.556551766896,112.80000448226929,94.80000376701355,87.60000348091125,0.4242640855706679,0.6000000238418579,0.5885637235510426,/Users/angadkumar16ak/Projects/Automated_Cardiovascular_Segmentation_for_Bioprinting_Project/outputs/topology_correction/mesh_qc/s1_absolute_volume__mm3_5/case_outputs/888__s1_absolute_volume__mm3_5/segmentation_raw.stl,/Users/angadkumar16ak/Projects/Automated_Cardiovascular_Segmentation_for_Bioprinting_Project/outputs/topology_correction/mesh_qc/s1_absolute_volume__mm3_5/case_outputs/888__s1_absolute_volume__mm3_5/segmentation_repaired.stl,/Users/angadkumar16ak/Projects/Automated_Cardiovascular_Segmentation_for_Bioprinting_Project/outputs/topology_correction/mesh_qc/s1_absolute_volume__mm3_5/case_outputs/888__s1_absolute_volume__mm3_5/segmentation_smoothed.stl,True,0.5849901174063533,3.141592653589793,0.5330212581093473,3.1398428232334505,-0.002851512539342494,0.0768525732092938,True
889__s1_absolute_volume__mm3_5,/Users/angadkumar16ak/Projects/Automated_Cardiovascular_Segmentation_for_Bioprinting_Project/outputs/topology_correction/case_outputs/889/mask__s1_absolute_volume__mm3_5.nii.gz,ok,3.0,6,True,0,6,5996.047703496881,4931.928587931657,104.40000414848328,81.60000324249268,102.00000405311584,0.4242640855706679,0.6000000238418579,0.58954834588039,/Users/angadkumar16ak/Projects/Automated_Cardiovascular_Segmentation_for_Bioprinting_Project/outputs/topology_correction/mesh_qc/s1_absolute_volume__mm3_5/case_outputs/889__s1_absolute_volume__mm3_5/segmentation_raw.stl,/Users/angadkumar16ak/Projects/Automated_Cardiovascular_Segmentation_for_Bioprinting_Project/outputs/topology_correction/mesh_qc/s1_absolute_volume__mm3_5/case_outputs/889__s1_absolute_volume__mm3_5/segmentation_repaired.stl,/Users/angadkumar16ak/Projects/Automated_Cardiovascular_Segmentation_for_Bioprinting_Project/outputs/topology_correction/mesh_qc/s1_absolute_volume__mm3_5/case_outputs/889__s1_absolute_volume__mm3_5/segmentation_smoothed.stl,True,0.5817891125191946,3.141592653589793,0.5215382764385373,3.136692997213717,-0.003131620173764805,0.06863208560746056,True
890__s1_absolute_volume__mm3_5,/Users/angadkumar16ak/Projects/Automated_Cardiovascular_Segmentation_for_Bioprinting_Project/outputs/topology_correction/case_outputs/890/mask__s1_absolute_volume__mm3_5.nii.gz,ok,3.0,2,True,0,2,5937.033296698326,4998.213595833447,101.40000402927399,81.60000324249268,85.20000338554382,0.4242640855706679,0.6000000238418579,0.5893830335237957,/Users/angadkumar16ak/Projects/Automated_Cardiovascular_Segmentation_for_Bioprinting_Project/outputs/topology_correction/mesh_qc/s1_absolute_volume__mm3_5/case_outputs/890__s1_absolute_volume__mm3_5/segmentation_raw.stl,/Users/angadkumar16ak/Projects/Automated_Cardiovascular_Segmentation_for_Bioprinting_Project/outputs/topology_correction/mesh_qc/s1_absolute_volume__mm3_5/case_outputs/890__s1_absolute_volume__mm3_5/segmentation_repaired.stl,/Users/angadkumar16ak/Projects/Automated_Cardiovascular_Segmentation_for_Bioprinting_Project/outputs/topology_correction/mesh_qc/s1_absolute_volume__mm3_5/case_outputs/890__s1_absolute_volume__mm3_5/segmentation_smoothed.stl,True,0.5877773412022357,3.141592653589793,0.5382298331375671,3.138229082254617,-0.0026434726012904797,0.07376283846872082,True
891__s1_absolute_volume__mm3_5,/Users/angadkumar16ak/Projects/Automated_Cardiovascular_Segmentation_for_Bioprinting_Project/outputs/topology_correction/case_outputs/891/mask__s1_absolute_volume__mm3_5.nii.gz,ok,3.0,7,True,0,7,6276.77176545258,4893.624583365463,100.20000398159027,81.00000321865082,94.20000374317169,0.4242640855706679,0.6000000238418579,0.5893937364155295,/Users/angadkumar16ak/Projects/Automated_Cardiovascular_Segmentation_for_Bioprinting_Project/outputs/topology_correction/mesh_qc/s1_absolute_volume__mm3_5/case_outputs/891__s1_absolute_volume__mm3_5/segmentation_raw.stl,/Users/angadkumar16ak/Projects/Automated_Cardiovascular_Segmentation_for_Bioprinting_Project/outputs/topology_correction/mesh_qc/s1_absolute_volume__mm3_5/case_outputs/891__s1_absolute_volume__mm3_5/segmentation_repaired.stl,/Users/angadkumar16ak/Projects/Automated_Cardiovascular_Segmentation_for_Bioprinting_Project/outputs/topology_correction/mesh_qc/s1_absolute_volume__mm3_5/case_outputs/891__s1_absolute_volume__mm3_5/segmentation_smoothed.stl,True,0.5682342900018447,3.141592653589793,0.5139170895795333,3.1409019119685593,-0.0036209870265312178,0.05090751944684529,True
892__s1_absolute_volume__mm3_5,/Users/angadkumar16ak/Projects/Automated_Cardiovascular_Segmentation_for_Bioprinting_Project/outputs/topology_correction/case_outputs/892/mask__s1_absolute_volume__mm3_5.nii.gz,ok,3.0,14,True,0,14,9996.76211616501,8644.753030534785,114.60000455379486,113.40000450611115,90.00000357627869,0.4242640855706679,0.6000000238418579,0.5901060453681809,/Users/angadkumar16ak/Projects/Automated_Cardiovascular_Segmentation_for_Bioprinting_Project/outputs/topology_correction/mesh_qc/s1_absolute_volume__mm3_5/case_outputs/892__s1_absolute_volume__mm3_5/segmentation_raw.stl,/Users/angadkumar16ak/Projects/Automated_Cardiovascular_Segmentation_for_Bioprinting_Project/outputs/topology_correction/mesh_qc/s1_absolute_volume__mm3_5/case_outputs/892__s1_absolute_volume__mm3_5/segmentation_repaired.stl,/Users/angadkumar16ak/Projects/Automated_Cardiovascular_Segmentation_for_Bioprinting_Project/outputs/topology_correction/mesh_qc/s1_absolute_volume__mm3_5/case_outputs/892__s1_absolute_volume__mm3_5/segmentation_smoothed.stl,True,0.5834781628396166,3.141592653589793,0.5321352773041355,3.1383233031508886,-0.003365569648943691,0.10909358590567797,True
893__s1_absolute_volume__mm3_5,/Users/angadkumar16ak/Projects/Automated_Cardiovascular_Segmentation_for_Bioprinting_Project/outputs/topology_correction/case_outputs/893/mask__s1_absolute_volume__mm3_5.nii.gz,ok,3.0,5,True,0,5,7999.231183471435,7597.683905714431,132.6000052690506,105.00000417232513,101.40000402927399,0.4242640855706679,0.6000000238418579,0.5906455999554298,/Users/angadkumar16ak/Projects/Automated_Cardiovascular_Segmentation_for_Bioprinting_Project/outputs/topology_correction/mesh_qc/s1_absolute_volume__mm3_5/case_outputs/893__s1_absolute_volume__mm3_5/segmentation_raw.stl,/Users/angadkumar16ak/Projects/Automated_Cardiovascular_Segmentation_for_Bioprinting_Project/outputs/topology_correction/mesh_qc/s1_absolute_volume__mm3_5/case_outputs/893__s1_absolute_volume__mm3_5/segmentation_repaired.stl,/Users/angadkumar16ak/Projects/Automated_Cardiovascular_Segmentation_for_Bioprinting_Project/outputs/topology_correction/mesh_qc/s1_absolute_volume__mm3_5/case_outputs/893__s1_absolute_volume__mm3_5/segmentation_smoothed.stl,True,0.5944753205810795,3.141592653589793,0.531752546750832,3.139431464739963,-0.0023792808784644137,0.13472257233285717,True
894__s1_absolute_volume__mm3_5,/Users/angadkumar16ak/Projects/Automated_Cardiovascular_Segmentation_for_Bioprinting_Project/outputs/topology_correction/case_outputs/894/mask__s1_absolute_volume__mm3_5.nii.gz,ok,3.0,9,True,0,9,9084.814354409105,8535.502017511057,133.20000529289246,102.00000405311584,91.2000036239624,0.4242640855706679,0.6000000238418579,0.5904368780960645,/Users/angadkumar16ak/Projects/Automated_Cardiovascular_Segmentation_for_Bioprinting_Project/outputs/topology_correction/mesh_qc/s1_absolute_volume__mm3_5/case_outputs/894__s1_absolute_volume__mm3_5/segmentation_raw.stl,/Users/angadkumar16ak/Projects/Automated_Cardiovascular_Segmentation_for_Bioprinting_Project/outputs/topology_correction/mesh_qc/s1_absolute_volume__mm3_5/case_outputs/894__s1_absolute_volume__mm3_5/segmentation_repaired.stl,/Users/angadkumar16ak/Projects/Automated_Cardiovascular_Segmentation_for_Bioprinting_Project/outputs/topology_correction/mesh_qc/s1_absolute_volume__mm3_5/case_outputs/894__s1_absolute_volume__mm3_5/segmentation_smoothed.stl,True,0.5869084224645008,3.141592653589793,0.5309817200479536,3.139305024471047,-0.0023632810651913207,0.13525570730734723,True
895__s1_absolute_volume__mm3_5,/Users/angadkumar16ak/Projects/Automated_Cardiovascular_Segmentation_for_Bioprinting_Project/outputs/topology_correction/case_outputs/895/mask__s1_absolute_volume__mm3_5.nii.gz,ok,3.0,9,True,0,9,9553.580678724771,7819.78593219105,106.20000422000885,99.00000393390656,73.20000290870667,0.4242640855706679,0.6000000238418579,0.5911012098171673,/Users/angadkumar16ak/Projects/Automated_Cardiovascular_Segmentation_for_Bioprinting_Project/outputs/topology_correction/mesh_qc/s1_absolute_volume__mm3_5/case_outputs/895__s1_absolute_volume__mm3_5/segmentation_raw.stl,/Users/angadkumar16ak/Projects/Automated_Cardiovascular_Segmentation_for_Bioprinting_Project/outputs/topology_correction/mesh_qc/s1_absolute_volume__mm3_5/case_outputs/895__s1_absolute_volume__mm3_5/segmentation_repaired.stl,/Users/angadkumar16ak/Projects/Automated_Cardiovascular_Segmentation_for_Bioprinting_Project/outputs/topology_correction/mesh_qc/s1_absolute_volume__mm3_5/case_outputs/895__s1_absolute_volume__mm3_5/segmentation_smoothed.stl,True,0.60683082522336,3.141592653589793,0.5599406748842897,3.140638615970098,-0.0031808875755691126,0.07178848133499485,True
896__s1_absolute_volume__mm3_5,/Users/angadkumar16ak/Projects/Automated_Cardiovascular_Segmentation_for_Bioprinting_Project/outputs/topology_correction/case_outputs/896/mask__s1_absolute_volume__mm3_5.nii.gz,ok,3.0,10,True,0,10,5077.627472676038,3897.747464647668,107.40000426769257,86.40000343322754,94.20000374317169,0.4242640855706679,0.6000000238418579,0.5890737028104279,/Users/angadkumar16ak/Projects/Automated_Cardiovascular_Segmentation_for_Bioprinting_Project/outputs/topology_correction/mesh_qc/s1_absolute_volume__mm3_5/case_outputs/896__s1_absolute_volume__mm3_5/segmentation_raw.stl,/Users/angadkumar16ak/Projects/Automated_Cardiovascular_Segmentation_for_Bioprinting_Project/outputs/topology_correction/mesh_qc/s1_absolute_volume__mm3_5/case_outputs/896__s1_absolute_volume__mm3_5/segmentation_repaired.stl,/Users/angadkumar16ak/Projects/Automated_Cardiovascular_Segmentation_for_Bioprinting_Project/outputs/topology_correction/mesh_qc/s1_absolute_volume__mm3_5/case_outputs/896__s1_absolute_volume__mm3_5/segmentation_smoothed.stl,True,0.6088080033433946,3.141592653589793,0.5589895909611968,3.1411108793580595,-0.004103754633224467,0.046511627906976744,True
897__s1_absolute_volume__mm3_5,/Users/angadkumar16ak/Projects/Automated_Cardiovascular_Segmentation_for_Bioprinting_Project/outputs/topology_correction/case_outputs/897/mask__s1_absolute_volume__mm3_5.nii.gz,ok,3.0,8,True,0,7,8774.714869252777,7410.528883403812,108.60000431537628,93.00000369548798,85.80000340938568,0.4242640855706679,0.6000000238418579,0.5906553289628563,/Users/angadkumar16ak/Projects/Automated_Cardiovascular_Segmentation_for_Bioprinting_Project/outputs/topology_correction/mesh_qc/s1_absolute_volume__mm3_5/case_outputs/897__s1_absolute_volume__mm3_5/segmentation_raw.stl,/Users/angadkumar16ak/Projects/Automated_Cardiovascular_Segmentation_for_Bioprinting_Project/outputs/topology_correction/mesh_qc/s1_absolute_volume__mm3_5/case_outputs/897__s1_absolute_volume__mm3_5/segmentation_repaired.stl,/Users/angadkumar16ak/Projects/Automated_Cardiovascular_Segmentation_for_Bioprinting_Project/outputs/topology_correction/mesh_qc/s1_absolute_volume__mm3_5/case_outputs/897__s1_absolute_volume__mm3_5/segmentation_smoothed.stl,True,0.5867619946473923,3.141592653589793,0.5344673559112565,3.1384969278188097,-0.0027715183889977834,0.07346120813054681,True
898__s1_absolute_volume__mm3_5,/Users/angadkumar16ak/Projects/Automated_Cardiovascular_Segmentation_for_Bioprinting_Project/outputs/topology_correction/case_outputs/898/mask__s1_absolute_volume__mm3_5.nii.gz,ok,3.0,2,True,0,2,9807.431481448144,8670.988033662241,109.20000433921814,98.4000039100647,79.20000314712524,0.4242640855706679,0.6000000238418579,0.5894771966667982,/Users/angadkumar16ak/Projects/Automated_Cardiovascular_Segmentation_for_Bioprinting_Project/outputs/topology_correction/mesh_qc/s1_absolute_volume__mm3_5/case_outputs/898__s1_absolute_volume__mm3_5/segmentation_raw.stl,/Users/angadkumar16ak/Projects/Automated_Cardiovascular_Segmentation_for_Bioprinting_Project/outputs/topology_correction/mesh_qc/s1_absolute_volume__mm3_5/case_outputs/898__s1_absolute_volume__mm3_5/segmentation_repaired.stl,/Users/angadkumar16ak/Projects/Automated_Cardiovascular_Segmentation_for_Bioprinting_Project/outputs/topology_correction/mesh_qc/s1_absolute_volume__mm3_5/case_outputs/898__s1_absolute_volume__mm3_5/segmentation_smoothed.stl,True,0.5868884040002724,3.141592653589793,0.5305138906299799,3.1396831165754695,-0.0023012567125864653,0.09335718311239617,True
899__s1_absolute_volume__mm3_5,/Users/angadkumar16ak/Projects/Automated_Cardiovascular_Segmentation_for_Bioprinting_Project/outputs/topology_correction/case_outputs/899/mask__s1_absolute_volume__mm3_5.nii.gz,ok,3.0,6,True,0,5,6963.982724047588,6581.475784572991,120.60000479221344,99.60000395774841,95.40000379085541,0.4242640855706679,0.6000000238418579,0.5885102330435954,/Users/angadkumar16ak/Projects/Automated_Cardiovascular_Segmentation_for_Bioprinting_Project/outputs/topology_correction/mesh_qc/s1_absolute_volume__mm3_5/case_outputs/899__s1_absolute_volume__mm3_5/segmentation_raw.stl,/Users/angadkumar16ak/Projects/Automated_Cardiovascular_Segmentation_for_Bioprinting_Project/outputs/topology_correction/mesh_qc/s1_absolute_volume__mm3_5/case_outputs/899__s1_absolute_volume__mm3_5/segmentation_repaired.stl,/Users/angadkumar16ak/Projects/Automated_Cardiovascular_Segmentation_for_Bioprinting_Project/outputs/topology_correction/mesh_qc/s1_absolute_volume__mm3_5/case_outputs/899__s1_absolute_volume__mm3_5/segmentation_smoothed.stl,True,0.5892758129690215,3.141592653589793,0.5282607464510528,3.140109981485997,-0.002333207879703104,0.13516746411483255,True
900__s1_absolute_volume__mm3_5,/Users/angadkumar16ak/Projects/Automated_Cardiovascular_Segmentation_for_Bioprinting_Project/outputs/topology_correction/case_outputs/900/mask__s1_absolute_volume__mm3_5.nii.gz,ok,3.0,3,True,0,3,7061.727235262362,5981.274713023452,106.80000424385071,92.40000367164612,78.60000312328339,0.4242640855706679,0.6000000238418579,0.5902772169438136,/Users/angadkumar16ak/Projects/Automated_Cardiovascular_Segmentation_for_Bioprinting_Project/outputs/topology_correction/mesh_qc/s1_absolute_volume__mm3_5/case_outputs/900__s1_absolute_volume__mm3_5/segmentation_raw.stl,/Users/angadkumar16ak/Projects/Automated_Cardiovascular_Segmentation_for_Bioprinting_Project/outputs/topology_correction/mesh_qc/s1_absolute_volume__mm3_5/case_outputs/900__s1_absolute_volume__mm3_5/segmentation_repaired.stl,/Users/angadkumar16ak/Projects/Automated_Cardiovascular_Segmentation_for_Bioprinting_Project/outputs/topology_correction/mesh_qc/s1_absolute_volume__mm3_5/case_outputs/900__s1_absolute_volume__mm3_5/segmentation_smoothed.stl,True,0.566056741662259,3.141592653589793,0.5130497238538769,3.1376295404588026,-0.002835893645735452,0.074131876706984,True
901__s1_absolute_volume__mm3_5,/Users/angadkumar16ak/Projects/Automated_Cardiovascular_Segmentation_for_Bioprinting_Project/outputs/topology_correction/case_outputs/901/mask__s1_absolute_volume__mm3_5.nii.gz,ok,3.0,10,True,0,10,8267.745167918334,6967.683830612572,142.80000567436218,106.20000422000885,107.40000426769257,0.4242640855706679,0.6000000238418579,0.591862120522859,/Users/angadkumar16ak/Projects/Automated_Cardiovascular_Segmentation_for_Bioprinting_Project/outputs/topology_correction/mesh_qc/s1_absolute_volume__mm3_5/case_outputs/901__s1_absolute_volume__mm3_5/segmentation_raw.stl,/Users/angadkumar16ak/Projects/Automated_Cardiovascular_Segmentation_for_Bioprinting_Project/outputs/topology_correction/mesh_qc/s1_absolute_volume__mm3_5/case_outputs/901__s1_absolute_volume__mm3_5/segmentation_repaired.stl,/Users/angadkumar16ak/Projects/Automated_Cardiovascular_Segmentation_for_Bioprinting_Project/outputs/topology_correction/mesh_qc/s1_absolute_volume__mm3_5/case_outputs/901__s1_absolute_volume__mm3_5/segmentation_smoothed.stl,True,0.6095191322947981,3.141592653589793,0.5592686309756286,3.1404521205513927,-0.003138513141971018,0.07526259704673466,True
902__s1_absolute_volume__mm3_5,/Users/angadkumar16ak/Projects/Automated_Cardiovascular_Segmentation_for_Bioprinting_Project/outputs/topology_correction/case_outputs/902/mask__s1_absolute_volume__mm3_5.nii.gz,ok,3.0,8,True,0,7,10279.634474324568,8231.058981218619,104.40000414848328,86.40000343322754,98.4000039100647,0.4242640855706679,0.6000000238418579,0.5909427458776378,/Users/angadkumar16ak/Projects/Automated_Cardiovascular_Segmentation_for_Bioprinting_Project/outputs/topology_correction/mesh_qc/s1_absolute_volume__mm3_5/case_outputs/902__s1_absolute_volume__mm3_5/segmentation_raw.stl,/Users/angadkumar16ak/Projects/Automated_Cardiovascular_Segmentation_for_Bioprinting_Project/outputs/topology_correction/mesh_qc/s1_absolute_volume__mm3_5/case_outputs/902__s1_absolute_volume__mm3_5/segmentation_repaired.stl,/Users/angadkumar16ak/Projects/Automated_Cardiovascular_Segmentation_for_Bioprinting_Project/outputs/topology_correction/mesh_qc/s1_absolute_volume__mm3_5/case_outputs/902__s1_absolute_volume__mm3_5/segmentation_smoothed.stl,True,0.5790010702397986,3.141592653589793,0.5160525371861723,3.141386056675026,-0.0034619198103583724,0.058192482827815084,True
903__s1_absolute_volume__mm3_5,/Users/angadkumar16ak/Projects/Automated_Cardiovascular_Segmentation_for_Bioprinting_Project/outputs/topology_correction/case_outputs/903/mask__s1_absolute_volume__mm3_5.nii.gz,ok,3.0,5,True,0,5,7554.184506948231,6469.245771194129,115.80000460147858,96.00000381469727,85.20000338554382,0.4242640855706679,0.6000000238418579,0.5893784026684478,/Users/angadkumar16ak/Projects/Automated_Cardiovascular_Segmentation_for_Bioprinting_Project/outputs/topology_correction/mesh_qc/s1_absolute_volume__mm3_5/case_outputs/903__s1_absolute_volume__mm3_5/segmentation_raw.stl,/Users/angadkumar16ak/Projects/Automated_Cardiovascular_Segmentation_for_Bioprinting_Project/outputs/topology_correction/mesh_qc/s1_absolute_volume__mm3_5/case_outputs/903__s1_absolute_volume__mm3_5/segmentation_repaired.stl,/Users/angadkumar16ak/Projects/Automated_Cardiovascular_Segmentation_for_Bioprinting_Project/outputs/topology_correction/mesh_qc/s1_absolute_volume__mm3_5/case_outputs/903__s1_absolute_volume__mm3_5/segmentation_smoothed.stl,True,0.5740807698222368,3.141592653589793,0.5173217566847733,3.1394676227712814,-0.0027037717697421465,0.08543307086614173,True
904__s1_absolute_volume__mm3_5,/Users/angadkumar16ak/Projects/Automated_Cardiovascular_Segmentation_for_Bioprinting_Project/outputs/topology_correction/case_outputs/904/mask__s1_absolute_volume__mm3_5.nii.gz,ok,3.0,9,False,62,9,8826.255663406433,not_watertight,112.20000445842743,93.00000369548798,75.30000299215317,0.4242640855706679,0.6000000238418579,0.5912602176237858,/Users/angadkumar16ak/Projects/Automated_Cardiovascular_Segmentation_for_Bioprinting_Project/outputs/topology_correction/mesh_qc/s1_absolute_volume__mm3_5/case_outputs/904__s1_absolute_volume__mm3_5/segmentation_raw.stl,/Users/angadkumar16ak/Projects/Automated_Cardiovascular_Segmentation_for_Bioprinting_Project/outputs/topology_correction/mesh_qc/s1_absolute_volume__mm3_5/case_outputs/904__s1_absolute_volume__mm3_5/segmentation_repaired.stl,/Users/angadkumar16ak/Projects/Automated_Cardiovascular_Segmentation_for_Bioprinting_Project/outputs/topology_correction/mesh_qc/s1_absolute_volume__mm3_5/case_outputs/904__s1_absolute_volume__mm3_5/segmentation_smoothed.stl,True,0.6064212028282328,3.141592653589793,0.5586371061168771,3.137200148524374,not_watertight,0.09563845128288848,False
905__s1_absolute_volume__mm3_5,/Users/angadkumar16ak/Projects/Automated_Cardiovascular_Segmentation_for_Bioprinting_Project/outputs/topology_correction/case_outputs/905/mask__s1_absolute_volume__mm3_5.nii.gz,ok,3.0,5,True,0,5,8156.984528813251,6646.581792334232,142.20000565052032,102.6000040769577,87.0000034570694,0.4242640855706679,0.6000000238418579,0.5903598194989473,/Users/angadkumar16ak/Projects/Automated_Cardiovascular_Segmentation_for_Bioprinting_Project/outputs/topology_correction/mesh_qc/s1_absolute_volume__mm3_5/case_outputs/905__s1_absolute_volume__mm3_5/segmentation_raw.stl,/Users/angadkumar16ak/Projects/Automated_Cardiovascular_Segmentation_for_Bioprinting_Project/outputs/topology_correction/mesh_qc/s1_absolute_volume__mm3_5/case_outputs/905__s1_absolute_volume__mm3_5/segmentation_repaired.stl,/Users/angadkumar16ak/Projects/Automated_Cardiovascular_Segmentation_for_Bioprinting_Project/outputs/topology_correction/mesh_qc/s1_absolute_volume__mm3_5/case_outputs/905__s1_absolute_volume__mm3_5/segmentation_smoothed.stl,True,0.5567607042198434,3.141592653589793,0.503386694893621,3.137200350026183,-0.0030651708777017805,0.06146391226727876,True
906__s1_absolute_volume__mm3_5,/Users/angadkumar16ak/Projects/Automated_Cardiovascular_Segmentation_for_Bioprinting_Project/outputs/topology_correction/case_outputs/906/mask__s1_absolute_volume__mm3_5.nii.gz,ok,3.0,8,True,0,8,6590.049944083037,5903.370703736572,108.60000431537628,86.40000343322754,84.60000336170197,0.4242640855706679,0.6000000238418579,0.5905522276068212,/Users/angadkumar16ak/Projects/Automated_Cardiovascular_Segmentation_for_Bioprinting_Project/outputs/topology_correction/mesh_qc/s1_absolute_volume__mm3_5/case_outputs/906__s1_absolute_volume__mm3_5/segmentation_raw.stl,/Users/angadkumar16ak/Projects/Automated_Cardiovascular_Segmentation_for_Bioprinting_Project/outputs/topology_correction/mesh_qc/s1_absolute_volume__mm3_5/case_outputs/906__s1_absolute_volume__mm3_5/segmentation_repaired.stl,/Users/angadkumar16ak/Projects/Automated_Cardiovascular_Segmentation_for_Bioprinting_Project/outputs/topology_correction/mesh_qc/s1_absolute_volume__mm3_5/case_outputs/906__s1_absolute_volume__mm3_5/segmentation_smoothed.stl,True,0.5696027968240339,3.141592653589793,0.5158801893686117,3.1396164207103143,-0.0029877354042562175,0.10865574950512867,True
907__s1_absolute_volume__mm3_5,/Users/angadkumar16ak/Projects/Automated_Cardiovascular_Segmentation_for_Bioprinting_Project/outputs/topology_correction/case_outputs/907/mask__s1_absolute_volume__mm3_5.nii.gz,ok,3.0,8,True,0,8,7062.87246905424,6120.468729616669,114.60000455379486,100.80000400543213,78.60000312328339,0.4242640855706679,0.6000000238418579,0.5920215208659826,/Users/angadkumar16ak/Projects/Automated_Cardiovascular_Segmentation_for_Bioprinting_Project/outputs/topology_correction/mesh_qc/s1_absolute_volume__mm3_5/case_outputs/907__s1_absolute_volume__mm3_5/segmentation_raw.stl,/Users/angadkumar16ak/Projects/Automated_Cardiovascular_Segmentation_for_Bioprinting_Project/outputs/topology_correction/mesh_qc/s1_absolute_volume__mm3_5/case_outputs/907__s1_absolute_volume__mm3_5/segmentation_repaired.stl,/Users/angadkumar16ak/Projects/Automated_Cardiovascular_Segmentation_for_Bioprinting_Project/outputs/topology_correction/mesh_qc/s1_absolute_volume__mm3_5/case_outputs/907__s1_absolute_volume__mm3_5/segmentation_smoothed.stl,True,0.5907126780086093,3.141592653589793,0.5374434401249641,3.1402908255994118,-0.002954792443324057,0.09841236827509706,True
908__s1_absolute_volume__mm3_5,/Users/angadkumar16ak/Projects/Automated_Cardiovascular_Segmentation_for_Bioprinting_Project/outputs/topology_correction/case_outputs/908/mask__s1_absolute_volume__mm3_5.nii.gz,ok,3.0,5,True,0,5,8222.031603355857,6947.037828151377,122.40000486373901,105.00000417232513,90.00000357627869,0.4242640855706679,0.6000000238418579,0.5898808998940406,/Users/angadkumar16ak/Projects/Automated_Cardiovascular_Segmentation_for_Bioprinting_Project/outputs/topology_correction/mesh_qc/s1_absolute_volume__mm3_5/case_outputs/908__s1_absolute_volume__mm3_5/segmentation_raw.stl,/Users/angadkumar16ak/Projects/Automated_Cardiovascular_Segmentation_for_Bioprinting_Project/outputs/topology_correction/mesh_qc/s1_absolute_volume__mm3_5/case_outputs/908__s1_absolute_volume__mm3_5/segmentation_repaired.stl,/Users/angadkumar16ak/Projects/Automated_Cardiovascular_Segmentation_for_Bioprinting_Project/outputs/topology_correction/mesh_qc/s1_absolute_volume__mm3_5/case_outputs/908__s1_absolute_volume__mm3_5/segmentation_smoothed.stl,True,0.5721172087996503,3.141592653589793,0.5139822322881885,3.1387369783148995,-0.0027808191112972088,0.07250404666646305,True
909__s1_absolute_volume__mm3_5,/Users/angadkumar16ak/Projects/Automated_Cardiovascular_Segmentation_for_Bioprinting_Project/outputs/topology_correction/case_outputs/909/mask__s1_absolute_volume__mm3_5.nii.gz,ok,3.0,7,True,0,7,6745.721606036008,5333.193635766173,111.60000443458557,99.60000395774841,90.60000360012054,0.4242640855706679,0.6000000238418579,0.5908497973578707,/Users/angadkumar16ak/Projects/Automated_Cardiovascular_Segmentation_for_Bioprinting_Project/outputs/topology_correction/mesh_qc/s1_absolute_volume__mm3_5/case_outputs/909__s1_absolute_volume__mm3_5/segmentation_raw.stl,/Users/angadkumar16ak/Projects/Automated_Cardiovascular_Segmentation_for_Bioprinting_Project/outputs/topology_correction/mesh_qc/s1_absolute_volume__mm3_5/case_outputs/909__s1_absolute_volume__mm3_5/segmentation_repaired.stl,/Users/angadkumar16ak/Projects/Automated_Cardiovascular_Segmentation_for_Bioprinting_Project/outputs/topology_correction/mesh_qc/s1_absolute_volume__mm3_5/case_outputs/909__s1_absolute_volume__mm3_5/segmentation_smoothed.stl,True,0.5744488160615078,3.141592653589793,0.5197319353083991,3.1392008398980797,-0.0032441271614408514,0.048406935682260045,True
910__s1_absolute_volume__mm3_5,/Users/angadkumar16ak/Projects/Automated_Cardiovascular_Segmentation_for_Bioprinting_Project/outputs/topology_correction/case_outputs/910/mask__s1_absolute_volume__mm3_5.nii.gz,ok,3.0,7,True,0,7,10183.569769672964,8225.235980524458,112.80000448226929,91.80000364780426,90.60000360012054,0.4242640855706679,0.6000000238418579,0.5919124001978745,/Users/angadkumar16ak/Projects/Automated_Cardiovascular_Segmentation_for_Bioprinting_Project/outputs/topology_correction/mesh_qc/s1_absolute_volume__mm3_5/case_outputs/910__s1_absolute_volume__mm3_5/segmentation_raw.stl,/Users/angadkumar16ak/Projects/Automated_Cardiovascular_Segmentation_for_Bioprinting_Project/outputs/topology_correction/mesh_qc/s1_absolute_volume__mm3_5/case_outputs/910__s1_absolute_volume__mm3_5/segmentation_repaired.stl,/Users/angadkumar16ak/Projects/Automated_Cardiovascular_Segmentation_for_Bioprinting_Project/outputs/topology_correction/mesh_qc/s1_absolute_volume__mm3_5/case_outputs/910__s1_absolute_volume__mm3_5/segmentation_smoothed.stl,True,0.6054571897034184,3.141592653589793,0.5560033889485422,3.140692586492495,-0.0033472603704477978,0.06697037551797802,True
911__s1_absolute_volume__mm3_5,/Users/angadkumar16ak/Projects/Automated_Cardiovascular_Segmentation_for_Bioprinting_Project/outputs/topology_correction/case_outputs/911/mask__s1_absolute_volume__mm3_5.nii.gz,ok,3.0,5,True,0,5,7263.420459922896,6132.834731090813,139.20000553131104,114.000004529953,85.20000338554382,0.4242640855706679,0.6000000238418579,0.5896597819563695,/Users/angadkumar16ak/Projects/Automated_Cardiovascular_Segmentation_for_Bioprinting_Project/outputs/topology_correction/mesh_qc/s1_absolute_volume__mm3_5/case_outputs/911__s1_absolute_volume__mm3_5/segmentation_raw.stl,/Users/angadkumar16ak/Projects/Automated_Cardiovascular_Segmentation_for_Bioprinting_Project/outputs/topology_correction/mesh_qc/s1_absolute_volume__mm3_5/case_outputs/911__s1_absolute_volume__mm3_5/segmentation_repaired.stl,/Users/angadkumar16ak/Projects/Automated_Cardiovascular_Segmentation_for_Bioprinting_Project/outputs/topology_correction/mesh_qc/s1_absolute_volume__mm3_5/case_outputs/911__s1_absolute_volume__mm3_5/segmentation_smoothed.stl,True,0.5773516175776999,3.141592653589793,0.5179673907953595,3.13828237194633,-0.0029911980697045868,0.0774791601812459,True
912__s1_absolute_volume__mm3_5,/Users/angadkumar16ak/Projects/Automated_Cardiovascular_Segmentation_for_Bioprinting_Project/outputs/topology_correction/case_outputs/912/mask__s1_absolute_volume__mm3_5.nii.gz,ok,3.0,7,True,0,7,8182.805064573207,6919.002824809348,134.40000534057617,120.00000476837158,96.00000381469727,0.4242640855706679,0.6000000238418579,0.5895360591376557,/Users/angadkumar16ak/Projects/Automated_Cardiovascular_Segmentation_for_Bioprinting_Project/outputs/topology_correction/mesh_qc/s1_absolute_volume__mm3_5/case_outputs/912__s1_absolute_volume__mm3_5/segmentation_raw.stl,/Users/angadkumar16ak/Projects/Automated_Cardiovascular_Segmentation_for_Bioprinting_Project/outputs/topology_correction/mesh_qc/s1_absolute_volume__mm3_5/case_outputs/912__s1_absolute_volume__mm3_5/segmentation_repaired.stl,/Users/angadkumar16ak/Projects/Automated_Cardiovascular_Segmentation_for_Bioprinting_Project/outputs/topology_correction/mesh_qc/s1_absolute_volume__mm3_5/case_outputs/912__s1_absolute_volume__mm3_5/segmentation_smoothed.stl,True,0.5758384771310532,3.141592653589793,0.5213905004094102,3.140037131964257,-0.003274283236378325,0.0867992766726944,True
913__s1_absolute_volume__mm3_5,/Users/angadkumar16ak/Projects/Automated_Cardiovascular_Segmentation_for_Bioprinting_Project/outputs/topology_correction/case_outputs/913/mask__s1_absolute_volume__mm3_5.nii.gz,ok,3.0,8,True,0,8,9124.054049242022,7565.60790189067,142.80000567436218,141.0000056028366,88.20000350475311,0.4242640855706679,0.6000000238418579,0.5909462626828771,/Users/angadkumar16ak/Projects/Automated_Cardiovascular_Segmentation_for_Bioprinting_Project/outputs/topology_correction/mesh_qc/s1_absolute_volume__mm3_5/case_outputs/913__s1_absolute_volume__mm3_5/segmentation_raw.stl,/Users/angadkumar16ak/Projects/Automated_Cardiovascular_Segmentation_for_Bioprinting_Project/outputs/topology_correction/mesh_qc/s1_absolute_volume__mm3_5/case_outputs/913__s1_absolute_volume__mm3_5/segmentation_repaired.stl,/Users/angadkumar16ak/Projects/Automated_Cardiovascular_Segmentation_for_Bioprinting_Project/outputs/topology_correction/mesh_qc/s1_absolute_volume__mm3_5/case_outputs/913__s1_absolute_volume__mm3_5/segmentation_smoothed.stl,True,0.5989286318804327,3.141592653589793,0.5460585535569847,3.1405103629876385,-0.0031931049076964267,0.0726737668161435,True
914__s1_absolute_volume__mm3_5,/Users/angadkumar16ak/Projects/Automated_Cardiovascular_Segmentation_for_Bioprinting_Project/outputs/topology_correction/case_outputs/914/mask__s1_absolute_volume__mm3_5.nii.gz,ok,3.0,7,True,0,7,5770.547713568565,4794.795571584131,95.40000379085541,78.00000309944153,100.20000398159027,0.4242640855706679,0.6000000238418579,0.5900644424034619,/Users/angadkumar16ak/Projects/Automated_Cardiovascular_Segmentation_for_Bioprinting_Project/outputs/topology_correction/mesh_qc/s1_absolute_volume__mm3_5/case_outputs/914__s1_absolute_volume__mm3_5/segmentation_raw.stl,/Users/angadkumar16ak/Projects/Automated_Cardiovascular_Segmentation_for_Bioprinting_Project/outputs/topology_correction/mesh_qc/s1_absolute_volume__mm3_5/case_outputs/914__s1_absolute_volume__mm3_5/segmentation_repaired.stl,/Users/angadkumar16ak/Projects/Automated_Cardiovascular_Segmentation_for_Bioprinting_Project/outputs/topology_correction/mesh_qc/s1_absolute_volume__mm3_5/case_outputs/914__s1_absolute_volume__mm3_5/segmentation_smoothed.stl,True,0.5729209760089059,3.141592653589793,0.5157775307251468,3.1376914025706135,-0.0030403895790174188,0.0600698898571239,True
915__s1_absolute_volume__mm3_5,/Users/angadkumar16ak/Projects/Automated_Cardiovascular_Segmentation_for_Bioprinting_Project/outputs/topology_correction/case_outputs/915/mask__s1_absolute_volume__mm3_5.nii.gz,ok,3.0,6,True,0,6,10770.213997074965,9771.076164802953,122.40000486373901,98.4000039100647,97.80000388622284,0.4242640855706679,0.6000000238418579,0.5917747391171373,/Users/angadkumar16ak/Projects/Automated_Cardiovascular_Segmentation_for_Bioprinting_Project/outputs/topology_correction/mesh_qc/s1_absolute_volume__mm3_5/case_outputs/915__s1_absolute_volume__mm3_5/segmentation_raw.stl,/Users/angadkumar16ak/Projects/Automated_Cardiovascular_Segmentation_for_Bioprinting_Project/outputs/topology_correction/mesh_qc/s1_absolute_volume__mm3_5/case_outputs/915__s1_absolute_volume__mm3_5/segmentation_repaired.stl,/Users/angadkumar16ak/Projects/Automated_Cardiovascular_Segmentation_for_Bioprinting_Project/outputs/topology_correction/mesh_qc/s1_absolute_volume__mm3_5/case_outputs/915__s1_absolute_volume__mm3_5/segmentation_smoothed.stl,True,0.5776713151114898,3.141592653589793,0.5147079188076777,3.140415412576028,-0.00236725908693146,0.11180489078409189,True
916__s1_absolute_volume__mm3_5,/Users/angadkumar16ak/Projects/Automated_Cardiovascular_Segmentation_for_Bioprinting_Project/outputs/topology_correction/case_outputs/916/mask__s1_absolute_volume__mm3_5.nii.gz,ok,3.0,6,True,0,6,8174.314874373567,6995.934833980357,128.4000051021576,114.60000455379486,96.00000381469727,0.4242640855706679,0.6000000238418579,0.5898374580678755,/Users/angadkumar16ak/Projects/Automated_Cardiovascular_Segmentation_for_Bioprinting_Project/outputs/topology_correction/mesh_qc/s1_absolute_volume__mm3_5/case_outputs/916__s1_absolute_volume__mm3_5/segmentation_raw.stl,/Users/angadkumar16ak/Projects/Automated_Cardiovascular_Segmentation_for_Bioprinting_Project/outputs/topology_correction/mesh_qc/s1_absolute_volume__mm3_5/case_outputs/916__s1_absolute_volume__mm3_5/segmentation_repaired.stl,/Users/angadkumar16ak/Projects/Automated_Cardiovascular_Segmentation_for_Bioprinting_Project/outputs/topology_correction/mesh_qc/s1_absolute_volume__mm3_5/case_outputs/916__s1_absolute_volume__mm3_5/segmentation_smoothed.stl,True,0.5771804834627233,3.141592653589793,0.5221393780455599,3.137791406015349,-0.0027540430551208817,0.08486245488459555,True
917__s1_absolute_volume__mm3_5,/Users/angadkumar16ak/Projects/Automated_Cardiovascular_Segmentation_for_Bioprinting_Project/outputs/topology_correction/case_outputs/917/mask__s1_absolute_volume__mm3_5.nii.gz,ok,3.0,8,True,0,8,9909.372655378713,9350.560114673537,145.20000576972961,113.40000450611115,85.80000340938568,0.4242640855706679,0.6000000238418579,0.5916397704857506,/Users/angadkumar16ak/Projects/Automated_Cardiovascular_Segmentation_for_Bioprinting_Project/outputs/topology_correction/mesh_qc/s1_absolute_volume__mm3_5/case_outputs/917__s1_absolute_volume__mm3_5/segmentation_raw.stl,/Users/angadkumar16ak/Projects/Automated_Cardiovascular_Segmentation_for_Bioprinting_Project/outputs/topology_correction/mesh_qc/s1_absolute_volume__mm3_5/case_outputs/917__s1_absolute_volume__mm3_5/segmentation_repaired.stl,/Users/angadkumar16ak/Projects/Automated_Cardiovascular_Segmentation_for_Bioprinting_Project/outputs/topology_correction/mesh_qc/s1_absolute_volume__mm3_5/case_outputs/917__s1_absolute_volume__mm3_5/segmentation_smoothed.stl,True,0.5794793642187063,3.141592653589793,0.5237087269915477,3.1404216028263807,-0.002229430252607931,0.12501706950703265,True
918__s1_absolute_volume__mm3_5,/Users/angadkumar16ak/Projects/Automated_Cardiovascular_Segmentation_for_Bioprinting_Project/outputs/topology_correction/case_outputs/918/mask__s1_absolute_volume__mm3_5.nii.gz,ok,3.0,7,True,0,7,6772.713667739712,5853.636697807815,108.60000431537628,84.60000336170197,85.80000340938568,0.4242640855706679,0.6000000238418579,0.590522534934987,/Users/angadkumar16ak/Projects/Automated_Cardiovascular_Segmentation_for_Bioprinting_Project/outputs/topology_correction/mesh_qc/s1_absolute_volume__mm3_5/case_outputs/918__s1_absolute_volume__mm3_5/segmentation_raw.stl,/Users/angadkumar16ak/Projects/Automated_Cardiovascular_Segmentation_for_Bioprinting_Project/outputs/topology_correction/mesh_qc/s1_absolute_volume__mm3_5/case_outputs/918__s1_absolute_volume__mm3_5/segmentation_repaired.stl,/Users/angadkumar16ak/Projects/Automated_Cardiovascular_Segmentation_for_Bioprinting_Project/outputs/topology_correction/mesh_qc/s1_absolute_volume__mm3_5/case_outputs/918__s1_absolute_volume__mm3_5/segmentation_smoothed.stl,True,0.5731613423488628,3.141592653589793,0.5136788053802328,3.1381973475577016,-0.0028814134794907416,0.08254751196866386,True
919__s1_absolute_volume__mm3_5,/Users/angadkumar16ak/Projects/Automated_Cardiovascular_Segmentation_for_Bioprinting_Project/outputs/topology_correction/case_outputs/919/mask__s1_absolute_volume__mm3_5.nii.gz,ok,3.0,6,True,0,6,7790.743519094519,7010.388835703408,108.60000431537628,105.00000417232513,89.40000355243683,0.4242640855706679,0.6000000238418579,0.5897912318539538,/Users/angadkumar16ak/Projects/Automated_Cardiovascular_Segmentation_for_Bioprinting_Project/outputs/topology_correction/mesh_qc/s1_absolute_volume__mm3_5/case_outputs/919__s1_absolute_volume__mm3_5/segmentation_raw.stl,/Users/angadkumar16ak/Projects/Automated_Cardiovascular_Segmentation_for_Bioprinting_Project/outputs/topology_correction/mesh_qc/s1_absolute_volume__mm3_5/case_outputs/919__s1_absolute_volume__mm3_5/segmentation_repaired.stl,/Users/angadkumar16ak/Projects/Automated_Cardiovascular_Segmentation_for_Bioprinting_Project/outputs/topology_correction/mesh_qc/s1_absolute_volume__mm3_5/case_outputs/919__s1_absolute_volume__mm3_5/segmentation_smoothed.stl,True,0.5984781922372797,3.141592653589793,0.5416434063379184,3.1406340941517787,-0.0026547031391244793,0.11286948613005912,True
920__s1_absolute_volume__mm3_5,/Users/angadkumar16ak/Projects/Automated_Cardiovascular_Segmentation_for_Bioprinting_Project/outputs/topology_correction/case_outputs/920/mask__s1_absolute_volume__mm3_5.nii.gz,ok,3.0,9,True,0,9,8272.219131180642,6509.46677598885,137.40000545978546,95.40000379085541,90.00000357627869,0.4242640855706679,0.6000000238418579,0.5894386062514789,/Users/angadkumar16ak/Projects/Automated_Cardiovascular_Segmentation_for_Bioprinting_Project/outputs/topology_correction/mesh_qc/s1_absolute_volume__mm3_5/case_outputs/920__s1_absolute_volume__mm3_5/segmentation_raw.stl,/Users/angadkumar16ak/Projects/Automated_Cardiovascular_Segmentation_for_Bioprinting_Project/outputs/topology_correction/mesh_qc/s1_absolute_volume__mm3_5/case_outputs/920__s1_absolute_volume__mm3_5/segmentation_repaired.stl,/Users/angadkumar16ak/Projects/Automated_Cardiovascular_Segmentation_for_Bioprinting_Project/outputs/topology_correction/mesh_qc/s1_absolute_volume__mm3_5/case_outputs/920__s1_absolute_volume__mm3_5/segmentation_smoothed.stl,True,0.6009849211532221,3.141592653589793,0.5569690854372449,3.132984969828513,-0.0034451186301291694,0.05265381740176163,True
921__s1_absolute_volume__mm3_5,/Users/angadkumar16ak/Projects/Automated_Cardiovascular_Segmentation_for_Bioprinting_Project/outputs/topology_correction/case_outputs/921/mask__s1_absolute_volume__mm3_5.nii.gz,ok,3.0,5,True,0,5,8384.543771336334,7296.75986984149,151.80000603199005,111.60000443458557,87.0000034570694,0.4242640855706679,0.6000000238418579,0.5918362689727683,/Users/angadkumar16ak/Projects/Automated_Cardiovascular_Segmentation_for_Bioprinting_Project/outputs/topology_correction/mesh_qc/s1_absolute_volume__mm3_5/case_outputs/921__s1_absolute_volume__mm3_5/segmentation_raw.stl,/Users/angadkumar16ak/Projects/Automated_Cardiovascular_Segmentation_for_Bioprinting_Project/outputs/topology_correction/mesh_qc/s1_absolute_volume__mm3_5/case_outputs/921__s1_absolute_volume__mm3_5/segmentation_repaired.stl,/Users/angadkumar16ak/Projects/Automated_Cardiovascular_Segmentation_for_Bioprinting_Project/outputs/topology_correction/mesh_qc/s1_absolute_volume__mm3_5/case_outputs/921__s1_absolute_volume__mm3_5/segmentation_smoothed.stl,True,0.5761626030029219,3.141592653589793,0.5199767468453341,3.140089260329808,-0.0024878461201747054,0.08773972004772575,True
922__s1_absolute_volume__mm3_5,/Users/angadkumar16ak/Projects/Automated_Cardiovascular_Segmentation_for_Bioprinting_Project/outputs/topology_correction/case_outputs/922/mask__s1_absolute_volume__mm3_5.nii.gz,ok,3.0,12,True,0,11,4237.2743534701285,3450.6904113543173,96.60000383853912,86.40000343322754,66.60000264644623,0.4242640855706679,0.6000000238418579,0.5883099826358837,/Users/angadkumar16ak/Projects/Automated_Cardiovascular_Segmentation_for_Bioprinting_Project/outputs/topology_correction/mesh_qc/s1_absolute_volume__mm3_5/case_outputs/922__s1_absolute_volume__mm3_5/segmentation_raw.stl,/Users/angadkumar16ak/Projects/Automated_Cardiovascular_Segmentation_for_Bioprinting_Project/outputs/topology_correction/mesh_qc/s1_absolute_volume__mm3_5/case_outputs/922__s1_absolute_volume__mm3_5/segmentation_repaired.stl,/Users/angadkumar16ak/Projects/Automated_Cardiovascular_Segmentation_for_Bioprinting_Project/outputs/topology_correction/mesh_qc/s1_absolute_volume__mm3_5/case_outputs/922__s1_absolute_volume__mm3_5/segmentation_smoothed.stl,True,0.5925976439262095,3.141592653589793,0.5341039126283639,3.1382674503243684,-0.003942117767086244,0.08083593797879512,True
923__s1_absolute_volume__mm3_5,/Users/angadkumar16ak/Projects/Automated_Cardiovascular_Segmentation_for_Bioprinting_Project/outputs/topology_correction/case_outputs/923/mask__s1_absolute_volume__mm3_5.nii.gz,ok,3.0,5,True,0,4,9448.05883194941,9081.41508258895,122.40000486373901,103.80000412464142,99.60000395774841,0.4242640855706679,0.6000000238418579,0.5908653471499041,/Users/angadkumar16ak/Projects/Automated_Cardiovascular_Segmentation_for_Bioprinting_Project/outputs/topology_correction/mesh_qc/s1_absolute_volume__mm3_5/case_outputs/923__s1_absolute_volume__mm3_5/segmentation_raw.stl,/Users/angadkumar16ak/Projects/Automated_Cardiovascular_Segmentation_for_Bioprinting_Project/outputs/topology_correction/mesh_qc/s1_absolute_volume__mm3_5/case_outputs/923__s1_absolute_volume__mm3_5/segmentation_repaired.stl,/Users/angadkumar16ak/Projects/Automated_Cardiovascular_Segmentation_for_Bioprinting_Project/outputs/topology_correction/mesh_qc/s1_absolute_volume__mm3_5/case_outputs/923__s1_absolute_volume__mm3_5/segmentation_smoothed.stl,True,0.5799102433205006,3.141592653589793,0.5194506363337974,3.139281492763645,-0.0021030844221390107,0.13862314762708686,True
924__s1_absolute_volume__mm3_5,/Users/angadkumar16ak/Projects/Automated_Cardiovascular_Segmentation_for_Bioprinting_Project/outputs/topology_correction/case_outputs/924/mask__s1_absolute_volume__mm3_5.nii.gz,ok,3.0,7,True,0,6,9875.25674149316,7868.979938055435,111.60000443458557,67.20000267028809,123.60000491142273,0.4242640855706679,0.6000000238418579,0.5928839533037569,/Users/angadkumar16ak/Projects/Automated_Cardiovascular_Segmentation_for_Bioprinting_Project/outputs/topology_correction/mesh_qc/s1_absolute_volume__mm3_5/case_outputs/924__s1_absolute_volume__mm3_5/segmentation_raw.stl,/Users/angadkumar16ak/Projects/Automated_Cardiovascular_Segmentation_for_Bioprinting_Project/outputs/topology_correction/mesh_qc/s1_absolute_volume__mm3_5/case_outputs/924__s1_absolute_volume__mm3_5/segmentation_repaired.stl,/Users/angadkumar16ak/Projects/Automated_Cardiovascular_Segmentation_for_Bioprinting_Project/outputs/topology_correction/mesh_qc/s1_absolute_volume__mm3_5/case_outputs/924__s1_absolute_volume__mm3_5/segmentation_smoothed.stl,True,0.5533742134299834,3.141592653589793,0.48842458020583773,3.1375909373602817,-0.0033308652816017355,0.05181375057226725,True
925__s1_absolute_volume__mm3_5,/Users/angadkumar16ak/Projects/Automated_Cardiovascular_Segmentation_for_Bioprinting_Project/outputs/topology_correction/case_outputs/925/mask__s1_absolute_volume__mm3_5.nii.gz,ok,3.0,10,False,82,10,8500.529626212392,not_watertight,156.90000623464584,97.20000386238098,117.90000468492508,0.4242640855706679,0.6000000238418579,0.5914186940751982,/Users/angadkumar16ak/Projects/Automated_Cardiovascular_Segmentation_for_Bioprinting_Project/outputs/topology_correction/mesh_qc/s1_absolute_volume__mm3_5/case_outputs/925__s1_absolute_volume__mm3_5/segmentation_raw.stl,/Users/angadkumar16ak/Projects/Automated_Cardiovascular_Segmentation_for_Bioprinting_Project/outputs/topology_correction/mesh_qc/s1_absolute_volume__mm3_5/case_outputs/925__s1_absolute_volume__mm3_5/segmentation_repaired.stl,/Users/angadkumar16ak/Projects/Automated_Cardiovascular_Segmentation_for_Bioprinting_Project/outputs/topology_correction/mesh_qc/s1_absolute_volume__mm3_5/case_outputs/925__s1_absolute_volume__mm3_5/segmentation_smoothed.stl,True,0.5876374964640293,3.141592653589793,0.5328791540516364,3.141507282021746,not_watertight,0.07386212008895478,False
926__s1_absolute_volume__mm3_5,/Users/angadkumar16ak/Projects/Automated_Cardiovascular_Segmentation_for_Bioprinting_Project/outputs/topology_correction/case_outputs/926/mask__s1_absolute_volume__mm3_5.nii.gz,ok,3.0,8,True,0,8,5940.589878053993,4981.014593783163,103.20000410079956,92.40000367164612,111.00000441074371,0.4242640855706679,0.6000000238418579,0.5872536705425071,/Users/angadkumar16ak/Projects/Automated_Cardiovascular_Segmentation_for_Bioprinting_Project/outputs/topology_correction/mesh_qc/s1_absolute_volume__mm3_5/case_outputs/926__s1_absolute_volume__mm3_5/segmentation_raw.stl,/Users/angadkumar16ak/Projects/Automated_Cardiovascular_Segmentation_for_Bioprinting_Project/outputs/topology_correction/mesh_qc/s1_absolute_volume__mm3_5/case_outputs/926__s1_absolute_volume__mm3_5/segmentation_repaired.stl,/Users/angadkumar16ak/Projects/Automated_Cardiovascular_Segmentation_for_Bioprinting_Project/outputs/topology_correction/mesh_qc/s1_absolute_volume__mm3_5/case_outputs/926__s1_absolute_volume__mm3_5/segmentation_smoothed.stl,True,0.5686729098564591,3.141592653589793,0.5019941628729022,3.135340124765133,-0.003341603682308777,0.07582333418432474,True
927__s1_absolute_volume__mm3_5,/Users/angadkumar16ak/Projects/Automated_Cardiovascular_Segmentation_for_Bioprinting_Project/outputs/topology_correction/case_outputs/927/mask__s1_absolute_volume__mm3_5.nii.gz,ok,3.0,10,True,0,10,7804.39911162184,5953.61770972648,107.40000426769257,94.20000374317169,90.00000357627869,0.4242640855706679,0.6000000238418579,0.5900432768355022,/Users/angadkumar16ak/Projects/Automated_Cardiovascular_Segmentation_for_Bioprinting_Project/outputs/topology_correction/mesh_qc/s1_absolute_volume__mm3_5/case_outputs/927__s1_absolute_volume__mm3_5/segmentation_raw.stl,/Users/angadkumar16ak/Projects/Automated_Cardiovascular_Segmentation_for_Bioprinting_Project/outputs/topology_correction/mesh_qc/s1_absolute_volume__mm3_5/case_outputs/927__s1_absolute_volume__mm3_5/segmentation_repaired.stl,/Users/angadkumar16ak/Projects/Automated_Cardiovascular_Segmentation_for_Bioprinting_Project/outputs/topology_correction/mesh_qc/s1_absolute_volume__mm3_5/case_outputs/927__s1_absolute_volume__mm3_5/segmentation_smoothed.stl,True,0.5679320670840814,3.141592653589793,0.5146608641585809,3.140356578068391,-0.003840720863654651,0.04471573568031798,True
928__s1_absolute_volume__mm3_5,/Users/angadkumar16ak/Projects/Automated_Cardiovascular_Segmentation_for_Bioprinting_Project/outputs/topology_correction/case_outputs/928/mask__s1_absolute_volume__mm3_5.nii.gz,ok,3.0,4,True,0,4,7639.342397557886,7129.512849904096,128.4000051021576,108.60000431537628,90.00000357627869,0.4242640855706679,0.6000000238418579,0.5918377124437818,/Users/angadkumar16ak/Projects/Automated_Cardiovascular_Segmentation_for_Bioprinting_Project/outputs/topology_correction/mesh_qc/s1_absolute_volume__mm3_5/case_outputs/928__s1_absolute_volume__mm3_5/segmentation_raw.stl,/Users/angadkumar16ak/Projects/Automated_Cardiovascular_Segmentation_for_Bioprinting_Project/outputs/topology_correction/mesh_qc/s1_absolute_volume__mm3_5/case_outputs/928__s1_absolute_volume__mm3_5/segmentation_repaired.stl,/Users/angadkumar16ak/Projects/Automated_Cardiovascular_Segmentation_for_Bioprinting_Project/outputs/topology_correction/mesh_qc/s1_absolute_volume__mm3_5/case_outputs/928__s1_absolute_volume__mm3_5/segmentation_smoothed.stl,True,0.5761759473975424,3.141592653589793,0.5148081142188244,3.1377635356939844,-0.002334510519341734,0.11907676689259801,True
929__s1_absolute_volume__mm3_5,/Users/angadkumar16ak/Projects/Automated_Cardiovascular_Segmentation_for_Bioprinting_Project/outputs/topology_correction/case_outputs/929/mask__s1_absolute_volume__mm3_5.nii.gz,ok,3.0,10,True,0,10,6930.088558120481,6380.325760594042,103.20000410079956,105.60000419616699,85.20000338554382,0.4242640855706679,0.6000000238418579,0.5890629880374127,/Users/angadkumar16ak/Projects/Automated_Cardiovascular_Segmentation_for_Bioprinting_Project/outputs/topology_correction/mesh_qc/s1_absolute_volume__mm3_5/case_outputs/929__s1_absolute_volume__mm3_5/segmentation_raw.stl,/Users/angadkumar16ak/Projects/Automated_Cardiovascular_Segmentation_for_Bioprinting_Project/outputs/topology_correction/mesh_qc/s1_absolute_volume__mm3_5/case_outputs/929__s1_absolute_volume__mm3_5/segmentation_repaired.stl,/Users/angadkumar16ak/Projects/Automated_Cardiovascular_Segmentation_for_Bioprinting_Project/outputs/topology_correction/mesh_qc/s1_absolute_volume__mm3_5/case_outputs/929__s1_absolute_volume__mm3_5/segmentation_smoothed.stl,True,0.6004451503723942,3.141592653589793,0.5435399863983178,3.139513336841472,-0.0027081687823273188,0.13195855681780325,True
930__s1_absolute_volume__mm3_5,/Users/angadkumar16ak/Projects/Automated_Cardiovascular_Segmentation_for_Bioprinting_Project/outputs/topology_correction/case_outputs/930/mask__s1_absolute_volume__mm3_5.nii.gz,ok,3.0,7,True,0,7,7993.3904277558495,7469.703890458023,115.20000457763672,97.20000386238098,78.60000312328339,0.4242640855706679,0.6000000238418579,0.5901323219398414,/Users/angadkumar16ak/Projects/Automated_Cardiovascular_Segmentation_for_Bioprinting_Project/outputs/topology_correction/mesh_qc/s1_absolute_volume__mm3_5/case_outputs/930__s1_absolute_volume__mm3_5/segmentation_raw.stl,/Users/angadkumar16ak/Projects/Automated_Cardiovascular_Segmentation_for_Bioprinting_Project/outputs/topology_correction/mesh_qc/s1_absolute_volume__mm3_5/case_outputs/930__s1_absolute_volume__mm3_5/segmentation_repaired.stl,/Users/angadkumar16ak/Projects/Automated_Cardiovascular_Segmentation_for_Bioprinting_Project/outputs/topology_correction/mesh_qc/s1_absolute_volume__mm3_5/case_outputs/930__s1_absolute_volume__mm3_5/segmentation_smoothed.stl,True,0.5991392839618591,3.141592653589793,0.5417441907729924,3.13963305061859,-0.0025290125141865416,0.12845551601423488,True
931__s1_absolute_volume__mm3_5,/Users/angadkumar16ak/Projects/Automated_Cardiovascular_Segmentation_for_Bioprinting_Project/outputs/topology_correction/case_outputs/931/mask__s1_absolute_volume__mm3_5.nii.gz,ok,3.0,15,True,0,14,4929.543900532261,3698.127440851111,146.40000581741333,94.80000376701355,89.40000355243683,0.4242640855706679,0.6000000238418579,0.5907598142882811,/Users/angadkumar16ak/Projects/Automated_Cardiovascular_Segmentation_for_Bioprinting_Project/outputs/topology_correction/mesh_qc/s1_absolute_volume__mm3_5/case_outputs/931__s1_absolute_volume__mm3_5/segmentation_raw.stl,/Users/angadkumar16ak/Projects/Automated_Cardiovascular_Segmentation_for_Bioprinting_Project/outputs/topology_correction/mesh_qc/s1_absolute_volume__mm3_5/case_outputs/931__s1_absolute_volume__mm3_5/segmentation_repaired.stl,/Users/angadkumar16ak/Projects/Automated_Cardiovascular_Segmentation_for_Bioprinting_Project/outputs/topology_correction/mesh_qc/s1_absolute_volume__mm3_5/case_outputs/931__s1_absolute_volume__mm3_5/segmentation_smoothed.stl,True,0.6085288721678593,3.141592653589793,0.5566498604314571,3.1395685807717686,-0.004734415865006398,0.06131403498774859,True
932__s1_absolute_volume__mm3_5,/Users/angadkumar16ak/Projects/Automated_Cardiovascular_Segmentation_for_Bioprinting_Project/outputs/topology_correction/case_outputs/932/mask__s1_absolute_volume__mm3_5.nii.gz,ok,3.0,3,True,0,3,7480.047258549386,6657.741793664606,98.4000039100647,87.0000034570694,84.00000333786011,0.4242640855706679,0.6000000238418579,0.5926699123613487,/Users/angadkumar16ak/Projects/Automated_Cardiovascular_Segmentation_for_Bioprinting_Project/outputs/topology_correction/mesh_qc/s1_absolute_volume__mm3_5/case_outputs/932__s1_absolute_volume__mm3_5/segmentation_raw.stl,/Users/angadkumar16ak/Projects/Automated_Cardiovascular_Segmentation_for_Bioprinting_Project/outputs/topology_correction/mesh_qc/s1_absolute_volume__mm3_5/case_outputs/932__s1_absolute_volume__mm3_5/segmentation_repaired.stl,/Users/angadkumar16ak/Projects/Automated_Cardiovascular_Segmentation_for_Bioprinting_Project/outputs/topology_correction/mesh_qc/s1_absolute_volume__mm3_5/case_outputs/932__s1_absolute_volume__mm3_5/segmentation_smoothed.stl,True,0.5675272984353783,3.141592653589793,0.502878301617259,3.140854763745405,-0.0022932787078014808,0.09042434305054439,True
933__s1_absolute_volume__mm3_5,/Users/angadkumar16ak/Projects/Automated_Cardiovascular_Segmentation_for_Bioprinting_Project/outputs/topology_correction/case_outputs/933/mask__s1_absolute_volume__mm3_5.nii.gz,ok,3.0,11,True,0,11,8360.711843157862,6762.312806130439,106.80000424385071,90.00000357627869,102.6000040769577,0.4242640855706679,0.6000000238418579,0.590286196828518,/Users/angadkumar16ak/Projects/Automated_Cardiovascular_Segmentation_for_Bioprinting_Project/outputs/topology_correction/mesh_qc/s1_absolute_volume__mm3_5/case_outputs/933__s1_absolute_volume__mm3_5/segmentation_raw.stl,/Users/angadkumar16ak/Projects/Automated_Cardiovascular_Segmentation_for_Bioprinting_Project/outputs/topology_correction/mesh_qc/s1_absolute_volume__mm3_5/case_outputs/933__s1_absolute_volume__mm3_5/segmentation_repaired.stl,/Users/angadkumar16ak/Projects/Automated_Cardiovascular_Segmentation_for_Bioprinting_Project/outputs/topology_correction/mesh_qc/s1_absolute_volume__mm3_5/case_outputs/933__s1_absolute_volume__mm3_5/segmentation_smoothed.stl,True,0.5626414590098794,3.141592653589793,0.49992540033871957,3.1401932832961834,-0.003668293935016079,0.0797047047047047,True
934__s1_absolute_volume__mm3_5,/Users/angadkumar16ak/Projects/Automated_Cardiovascular_Segmentation_for_Bioprinting_Project/outputs/topology_correction/case_outputs/934/mask__s1_absolute_volume__mm3_5.nii.gz,ok,3.0,5,True,0,5,8287.363613082007,7152.6338526603295,111.00000441074371,88.80000352859497,103.20000410079956,0.4242640855706679,0.6000000238418579,0.5898377179062896,/Users/angadkumar16ak/Projects/Automated_Cardiovascular_Segmentation_for_Bioprinting_Project/outputs/topology_correction/mesh_qc/s1_absolute_volume__mm3_5/case_outputs/934__s1_absolute_volume__mm3_5/segmentation_raw.stl,/Users/angadkumar16ak/Projects/Automated_Cardiovascular_Segmentation_for_Bioprinting_Project/outputs/topology_correction/mesh_qc/s1_absolute_volume__mm3_5/case_outputs/934__s1_absolute_volume__mm3_5/segmentation_repaired.stl,/Users/angadkumar16ak/Projects/Automated_Cardiovascular_Segmentation_for_Bioprinting_Project/outputs/topology_correction/mesh_qc/s1_absolute_volume__mm3_5/case_outputs/934__s1_absolute_volume__mm3_5/segmentation_smoothed.stl,True,0.569416468708167,3.141592653589793,0.5120978954943108,3.139429521357705,-0.0026672578776581893,0.09325379158875731,True
935__s1_absolute_volume__mm3_5,/Users/angadkumar16ak/Projects/Automated_Cardiovascular_Segmentation_for_Bioprinting_Project/outputs/topology_correction/case_outputs/935/mask__s1_absolute_volume__mm3_5.nii.gz,ok,3.0,5,True,0,5,8403.467465931093,7504.542894611154,124.80000495910645,106.20000422000885,91.80000364780426,0.4242640855706679,0.6000000238418579,0.5933503657145102,/Users/angadkumar16ak/Projects/Automated_Cardiovascular_Segmentation_for_Bioprinting_Project/outputs/topology_correction/mesh_qc/s1_absolute_volume__mm3_5/case_outputs/935__s1_absolute_volume__mm3_5/segmentation_raw.stl,/Users/angadkumar16ak/Projects/Automated_Cardiovascular_Segmentation_for_Bioprinting_Project/outputs/topology_correction/mesh_qc/s1_absolute_volume__mm3_5/case_outputs/935__s1_absolute_volume__mm3_5/segmentation_repaired.stl,/Users/angadkumar16ak/Projects/Automated_Cardiovascular_Segmentation_for_Bioprinting_Project/outputs/topology_correction/mesh_qc/s1_absolute_volume__mm3_5/case_outputs/935__s1_absolute_volume__mm3_5/segmentation_smoothed.stl,True,0.5767207915898152,3.141592653589793,0.5227501098519906,3.1387994102710826,-0.002361050409901369,0.10422742588555087,True
936__s1_absolute_volume__mm3_5,/Users/angadkumar16ak/Projects/Automated_Cardiovascular_Segmentation_for_Bioprinting_Project/outputs/topology_correction/case_outputs/936/mask__s1_absolute_volume__mm3_5.nii.gz,ok,3.0,8,True,0,8,6726.0234436278015,6636.825791171224,111.60000443458557,106.20000422000885,77.40000307559967,0.4242640855706679,0.6000000238418579,0.5911853096083584,/Users/angadkumar16ak/Projects/Automated_Cardiovascular_Segmentation_for_Bioprinting_Project/outputs/topology_correction/mesh_qc/s1_absolute_volume__mm3_5/case_outputs/936__s1_absolute_volume__mm3_5/segmentation_raw.stl,/Users/angadkumar16ak/Projects/Automated_Cardiovascular_Segmentation_for_Bioprinting_Project/outputs/topology_correction/mesh_qc/s1_absolute_volume__mm3_5/case_outputs/936__s1_absolute_volume__mm3_5/segmentation_repaired.stl,/Users/angadkumar16ak/Projects/Automated_Cardiovascular_Segmentation_for_Bioprinting_Project/outputs/topology_correction/mesh_qc/s1_absolute_volume__mm3_5/case_outputs/936__s1_absolute_volume__mm3_5/segmentation_smoothed.stl,True,0.5958514473233254,3.141592653589793,0.5422097378053502,3.139730255850774,-0.0024334312783317056,0.15969703777399788,True
937__s1_absolute_volume__mm3_5,/Users/angadkumar16ak/Projects/Automated_Cardiovascular_Segmentation_for_Bioprinting_Project/outputs/topology_correction/case_outputs/937/mask__s1_absolute_volume__mm3_5.nii.gz,ok,3.0,5,True,0,4,7080.6665567988475,5717.349681561141,129.6000051498413,127.20000505447388,83.40000331401825,0.4242640855706679,0.6000000238418579,0.5881563275022643,/Users/angadkumar16ak/Projects/Automated_Cardiovascular_Segmentation_for_Bioprinting_Project/outputs/topology_correction/mesh_qc/s1_absolute_volume__mm3_5/case_outputs/937__s1_absolute_volume__mm3_5/segmentation_raw.stl,/Users/angadkumar16ak/Projects/Automated_Cardiovascular_Segmentation_for_Bioprinting_Project/outputs/topology_correction/mesh_qc/s1_absolute_volume__mm3_5/case_outputs/937__s1_absolute_volume__mm3_5/segmentation_repaired.stl,/Users/angadkumar16ak/Projects/Automated_Cardiovascular_Segmentation_for_Bioprinting_Project/outputs/topology_correction/mesh_qc/s1_absolute_volume__mm3_5/case_outputs/937__s1_absolute_volume__mm3_5/segmentation_smoothed.stl,True,0.581082301280718,3.141592653589793,0.520957784764863,3.138680576868271,-0.0032595954019114227,0.061678088534913876,True
938__s1_absolute_volume__mm3_5,/Users/angadkumar16ak/Projects/Automated_Cardiovascular_Segmentation_for_Bioprinting_Project/outputs/topology_correction/case_outputs/938/mask__s1_absolute_volume__mm3_5.nii.gz,ok,3.0,9,True,0,9,9700.200174952917,9298.702108491583,147.60000586509705,126.60000503063202,91.80000364780426,0.4242640855706679,0.6000000238418579,0.5911833953381657,/Users/angadkumar16ak/Projects/Automated_Cardiovascular_Segmentation_for_Bioprinting_Project/outputs/topology_correction/mesh_qc/s1_absolute_volume__mm3_5/case_outputs/938__s1_absolute_volume__mm3_5/segmentation_raw.stl,/Users/angadkumar16ak/Projects/Automated_Cardiovascular_Segmentation_for_Bioprinting_Project/outputs/topology_correction/mesh_qc/s1_absolute_volume__mm3_5/case_outputs/938__s1_absolute_volume__mm3_5/segmentation_repaired.stl,/Users/angadkumar16ak/Projects/Automated_Cardiovascular_Segmentation_for_Bioprinting_Project/outputs/topology_correction/mesh_qc/s1_absolute_volume__mm3_5/case_outputs/938__s1_absolute_volume__mm3_5/segmentation_smoothed.stl,True,0.5933341651339966,3.141592653589793,0.5354828873867008,3.140633818061232,-0.002192818579249949,0.14354056033693463,True
939__s1_absolute_volume__mm3_5,/Users/angadkumar16ak/Projects/Automated_Cardiovascular_Segmentation_for_Bioprinting_Project/outputs/topology_correction/case_outputs/939/mask__s1_absolute_volume__mm3_5.nii.gz,ok,3.0,8,True,0,8,8768.50091046772,7031.7818382536525,119.40000474452972,107.40000426769257,89.40000355243683,0.4242640855706679,0.6000000238418579,0.5917140972135211,/Users/angadkumar16ak/Projects/Automated_Cardiovascular_Segmentation_for_Bioprinting_Project/outputs/topology_correction/mesh_qc/s1_absolute_volume__mm3_5/case_outputs/939__s1_absolute_volume__mm3_5/segmentation_raw.stl,/Users/angadkumar16ak/Projects/Automated_Cardiovascular_Segmentation_for_Bioprinting_Project/outputs/topology_correction/mesh_qc/s1_absolute_volume__mm3_5/case_outputs/939__s1_absolute_volume__mm3_5/segmentation_repaired.stl,/Users/angadkumar16ak/Projects/Automated_Cardiovascular_Segmentation_for_Bioprinting_Project/outputs/topology_correction/mesh_qc/s1_absolute_volume__mm3_5/case_outputs/939__s1_absolute_volume__mm3_5/segmentation_smoothed.stl,True,0.5785308672731262,3.141592653589793,0.5256069990866851,3.1383253803504267,-0.003198272705811262,0.054914948065633,True
940__s1_absolute_volume__mm3_5,/Users/angadkumar16ak/Projects/Automated_Cardiovascular_Segmentation_for_Bioprinting_Project/outputs/topology_correction/case_outputs/940/mask__s1_absolute_volume__mm3_5.nii.gz,ok,3.0,11,True,0,10,6903.1137338646195,5184.936618092564,109.80000436306,87.60000348091125,83.40000331401825,0.4242640855706679,0.6000000238418579,0.5906685344281624,/Users/angadkumar16ak/Projects/Automated_Cardiovascular_Segmentation_for_Bioprinting_Project/outputs/topology_correction/mesh_qc/s1_absolute_volume__mm3_5/case_outputs/940__s1_absolute_volume__mm3_5/segmentation_raw.stl,/Users/angadkumar16ak/Projects/Automated_Cardiovascular_Segmentation_for_Bioprinting_Project/outputs/topology_correction/mesh_qc/s1_absolute_volume__mm3_5/case_outputs/940__s1_absolute_volume__mm3_5/segmentation_repaired.stl,/Users/angadkumar16ak/Projects/Automated_Cardiovascular_Segmentation_for_Bioprinting_Project/outputs/topology_correction/mesh_qc/s1_absolute_volume__mm3_5/case_outputs/940__s1_absolute_volume__mm3_5/segmentation_smoothed.stl,True,0.5773142739459017,3.141592653589793,0.5216894897412881,3.1390681568968852,-0.004380506371352601,0.04335613092330239,True
941__s1_absolute_volume__mm3_5,/Users/angadkumar16ak/Projects/Automated_Cardiovascular_Segmentation_for_Bioprinting_Project/outputs/topology_correction/case_outputs/941/mask__s1_absolute_volume__mm3_5.nii.gz,ok,3.0,5,True,0,5,5741.301382471649,4513.590538061879,93.00000369548798,76.80000305175781,89.40000355243683,0.4242640855706679,0.6000000238418579,0.5892969772164957,/Users/angadkumar16ak/Projects/Automated_Cardiovascular_Segmentation_for_Bioprinting_Project/outputs/topology_correction/mesh_qc/s1_absolute_volume__mm3_5/case_outputs/941__s1_absolute_volume__mm3_5/segmentation_raw.stl,/Users/angadkumar16ak/Projects/Automated_Cardiovascular_Segmentation_for_Bioprinting_Project/outputs/topology_correction/mesh_qc/s1_absolute_volume__mm3_5/case_outputs/941__s1_absolute_volume__mm3_5/segmentation_repaired.stl,/Users/angadkumar16ak/Projects/Automated_Cardiovascular_Segmentation_for_Bioprinting_Project/outputs/topology_correction/mesh_qc/s1_absolute_volume__mm3_5/case_outputs/941__s1_absolute_volume__mm3_5/segmentation_smoothed.stl,True,0.5785988576226908,3.141592653589793,0.5261598846359825,3.139242242332805,-0.0033623689777608017,0.047491795593061416,True
942__s1_absolute_volume__mm3_5,/Users/angadkumar16ak/Projects/Automated_Cardiovascular_Segmentation_for_Bioprinting_Project/outputs/topology_correction/case_outputs/942/mask__s1_absolute_volume__mm3_5.nii.gz,ok,3.0,7,True,0,6,6091.600675821345,4923.990586985372,93.60000371932983,79.8000031709671,79.20000314712524,0.4242640855706679,0.6000000238418579,0.5904250253761373,/Users/angadkumar16ak/Projects/Automated_Cardiovascular_Segmentation_for_Bioprinting_Project/outputs/topology_correction/mesh_qc/s1_absolute_volume__mm3_5/case_outputs/942__s1_absolute_volume__mm3_5/segmentation_raw.stl,/Users/angadkumar16ak/Projects/Automated_Cardiovascular_Segmentation_for_Bioprinting_Project/outputs/topology_correction/mesh_qc/s1_absolute_volume__mm3_5/case_outputs/942__s1_absolute_volume__mm3_5/segmentation_repaired.stl,/Users/angadkumar16ak/Projects/Automated_Cardiovascular_Segmentation_for_Bioprinting_Project/outputs/topology_correction/mesh_qc/s1_absolute_volume__mm3_5/case_outputs/942__s1_absolute_volume__mm3_5/segmentation_smoothed.stl,True,0.5937982877104723,3.141592653589793,0.5479144703559377,3.1391116588636274,-0.003414180452390393,0.062115806215879296,True
943__s1_absolute_volume__mm3_5,/Users/angadkumar16ak/Projects/Automated_Cardiovascular_Segmentation_for_Bioprinting_Project/outputs/topology_correction/case_outputs/943/mask__s1_absolute_volume__mm3_5.nii.gz,ok,3.0,13,True,0,13,7070.950355880946,5395.653643211988,94.20000374317169,89.40000355243683,97.20000386238098,0.4242640855706679,0.6000000238418579,0.5891640431526942,/Users/angadkumar16ak/Projects/Automated_Cardiovascular_Segmentation_for_Bioprinting_Project/outputs/topology_correction/mesh_qc/s1_absolute_volume__mm3_5/case_outputs/943__s1_absolute_volume__mm3_5/segmentation_raw.stl,/Users/angadkumar16ak/Projects/Automated_Cardiovascular_Segmentation_for_Bioprinting_Project/outputs/topology_correction/mesh_qc/s1_absolute_volume__mm3_5/case_outputs/943__s1_absolute_volume__mm3_5/segmentation_repaired.stl,/Users/angadkumar16ak/Projects/Automated_Cardiovascular_Segmentation_for_Bioprinting_Project/outputs/topology_correction/mesh_qc/s1_absolute_volume__mm3_5/case_outputs/943__s1_absolute_volume__mm3_5/segmentation_smoothed.stl,True,0.5670044577058813,3.141592653589793,0.5054898659809098,3.1404415419260645,-0.004373685660529657,0.047494229490239036,True
944__s1_absolute_volume__mm3_5,/Users/angadkumar16ak/Projects/Automated_Cardiovascular_Segmentation_for_Bioprinting_Project/outputs/topology_correction/case_outputs/944/mask__s1_absolute_volume__mm3_5.nii.gz,ok,3.0,16,False,34,16,10680.084622253196,not_watertight,157.20000624656677,120.60000479221344,104.7000041604042,0.4242640855706679,0.6000000238418579,0.5902850560535604,/Users/angadkumar16ak/Projects/Automated_Cardiovascular_Segmentation_for_Bioprinting_Project/outputs/topology_correction/mesh_qc/s1_absolute_volume__mm3_5/case_outputs/944__s1_absolute_volume__mm3_5/segmentation_raw.stl,/Users/angadkumar16ak/Projects/Automated_Cardiovascular_Segmentation_for_Bioprinting_Project/outputs/topology_correction/mesh_qc/s1_absolute_volume__mm3_5/case_outputs/944__s1_absolute_volume__mm3_5/segmentation_repaired.stl,/Users/angadkumar16ak/Projects/Automated_Cardiovascular_Segmentation_for_Bioprinting_Project/outputs/topology_correction/mesh_qc/s1_absolute_volume__mm3_5/case_outputs/944__s1_absolute_volume__mm3_5/segmentation_smoothed.stl,True,0.5854298144727083,3.141592653589793,0.5348470713524777,3.140745013755818,not_watertight,0.08267902752814303,False
945__s1_absolute_volume__mm3_5,/Users/angadkumar16ak/Projects/Automated_Cardiovascular_Segmentation_for_Bioprinting_Project/outputs/topology_correction/case_outputs/945/mask__s1_absolute_volume__mm3_5.nii.gz,ok,3.0,8,True,0,8,8510.74541324993,7094.412845719845,108.60000431537628,119.40000474452972,85.20000338554382,0.4242640855706679,0.6000000238418579,0.5893659570549524,/Users/angadkumar16ak/Projects/Automated_Cardiovascular_Segmentation_for_Bioprinting_Project/outputs/topology_correction/mesh_qc/s1_absolute_volume__mm3_5/case_outputs/945__s1_absolute_volume__mm3_5/segmentation_raw.stl,/Users/angadkumar16ak/Projects/Automated_Cardiovascular_Segmentation_for_Bioprinting_Project/outputs/topology_correction/mesh_qc/s1_absolute_volume__mm3_5/case_outputs/945__s1_absolute_volume__mm3_5/segmentation_repaired.stl,/Users/angadkumar16ak/Projects/Automated_Cardiovascular_Segmentation_for_Bioprinting_Project/outputs/topology_correction/mesh_qc/s1_absolute_volume__mm3_5/case_outputs/945__s1_absolute_volume__mm3_5/segmentation_smoothed.stl,True,0.5807550724776147,3.141592653589793,0.5228868095153096,3.1362028389896777,-0.0029256612648491114,0.07793643207073725,True
946__s1_absolute_volume__mm3_5,/Users/angadkumar16ak/Projects/Automated_Cardiovascular_Segmentation_for_Bioprinting_Project/outputs/topology_correction/case_outputs/946/mask__s1_absolute_volume__mm3_5.nii.gz,ok,3.0,4,True,0,4,5870.134581219675,4994.748595420386,131.40000522136688,79.20000314712524,91.80000364780426,0.4242640855706679,0.6000000238418579,0.5913063219871296,/Users/angadkumar16ak/Projects/Automated_Cardiovascular_Segmentation_for_Bioprinting_Project/outputs/topology_correction/mesh_qc/s1_absolute_volume__mm3_5/case_outputs/946__s1_absolute_volume__mm3_5/segmentation_raw.stl,/Users/angadkumar16ak/Projects/Automated_Cardiovascular_Segmentation_for_Bioprinting_Project/outputs/topology_correction/mesh_qc/s1_absolute_volume__mm3_5/case_outputs/946__s1_absolute_volume__mm3_5/segmentation_repaired.stl,/Users/angadkumar16ak/Projects/Automated_Cardiovascular_Segmentation_for_Bioprinting_Project/outputs/topology_correction/mesh_qc/s1_absolute_volume__mm3_5/case_outputs/946__s1_absolute_volume__mm3_5/segmentation_smoothed.stl,True,0.5801770175572432,3.141592653589793,0.5257954821452075,3.140926672386916,-0.0028142905899709507,0.0734588095339253,True
947__s1_absolute_volume__mm3_5,/Users/angadkumar16ak/Projects/Automated_Cardiovascular_Segmentation_for_Bioprinting_Project/outputs/topology_correction/case_outputs/947/mask__s1_absolute_volume__mm3_5.nii.gz,ok,3.0,11,True,0,11,11065.2950665137,10442.92624489372,129.6000051498413,116.40000462532043,95.40000379085541,0.4242640855706679,0.6000000238418579,0.5921979062754168,/Users/angadkumar16ak/Projects/Automated_Cardiovascular_Segmentation_for_Bioprinting_Project/outputs/topology_correction/mesh_qc/s1_absolute_volume__mm3_5/case_outputs/947__s1_absolute_volume__mm3_5/segmentation_raw.stl,/Users/angadkumar16ak/Projects/Automated_Cardiovascular_Segmentation_for_Bioprinting_Project/outputs/topology_correction/mesh_qc/s1_absolute_volume__mm3_5/case_outputs/947__s1_absolute_volume__mm3_5/segmentation_repaired.stl,/Users/angadkumar16ak/Projects/Automated_Cardiovascular_Segmentation_for_Bioprinting_Project/outputs/topology_correction/mesh_qc/s1_absolute_volume__mm3_5/case_outputs/947__s1_absolute_volume__mm3_5/segmentation_smoothed.stl,True,0.5879175594249526,3.141592653589793,0.5326238393883718,3.139391231138925,-0.0023249373391196317,0.13554315051748023,True
948__s1_absolute_volume__mm3_5,/Users/angadkumar16ak/Projects/Automated_Cardiovascular_Segmentation_for_Bioprinting_Project/outputs/topology_correction/case_outputs/948/mask__s1_absolute_volume__mm3_5.nii.gz,ok,3.0,6,True,0,5,10727.644518413072,10076.95020126598,123.00000488758087,102.6000040769577,87.0000034570694,0.4242640855706679,0.6000000238418579,0.592536327146284,/Users/angadkumar16ak/Projects/Automated_Cardiovascular_Segmentation_for_Bioprinting_Project/outputs/topology_correction/mesh_qc/s1_absolute_volume__mm3_5/case_outputs/948__s1_absolute_volume__mm3_5/segmentation_raw.stl,/Users/angadkumar16ak/Projects/Automated_Cardiovascular_Segmentation_for_Bioprinting_Project/outputs/topology_correction/mesh_qc/s1_absolute_volume__mm3_5/case_outputs/948__s1_absolute_volume__mm3_5/segmentation_repaired.stl,/Users/angadkumar16ak/Projects/Automated_Cardiovascular_Segmentation_for_Bioprinting_Project/outputs/topology_correction/mesh_qc/s1_absolute_volume__mm3_5/case_outputs/948__s1_absolute_volume__mm3_5/segmentation_smoothed.stl,True,0.5850132339258204,3.141592653589793,0.5322059855472441,3.140081923366766,-0.002087579142842467,0.12492342789548172,True
949__s1_absolute_volume__mm3_5,/Users/angadkumar16ak/Projects/Automated_Cardiovascular_Segmentation_for_Bioprinting_Project/outputs/topology_correction/case_outputs/949/mask__s1_absolute_volume__mm3_5.nii.gz,ok,3.0,4,True,0,4,6924.51073184925,5656.8246743459995,102.6000040769577,93.00000369548798,94.20000374317169,0.4242640855706679,0.6000000238418579,0.5906164114255649,/Users/angadkumar16ak/Projects/Automated_Cardiovascular_Segmentation_for_Bioprinting_Project/outputs/topology_correction/mesh_qc/s1_absolute_volume__mm3_5/case_outputs/949__s1_absolute_volume__mm3_5/segmentation_raw.stl,/Users/angadkumar16ak/Projects/Automated_Cardiovascular_Segmentation_for_Bioprinting_Project/outputs/topology_correction/mesh_qc/s1_absolute_volume__mm3_5/case_outputs/949__s1_absolute_volume__mm3_5/segmentation_repaired.stl,/Users/angadkumar16ak/Projects/Automated_Cardiovascular_Segmentation_for_Bioprinting_Project/outputs/topology_correction/mesh_qc/s1_absolute_volume__mm3_5/case_outputs/949__s1_absolute_volume__mm3_5/segmentation_smoothed.stl,True,0.5693872037658542,3.141592653589793,0.5117920556199439,3.140766203507072,-0.003278123045889026,0.062425104853205515,True
950__s1_absolute_volume__mm3_5,/Users/angadkumar16ak/Projects/Automated_Cardiovascular_Segmentation_for_Bioprinting_Project/outputs/topology_correction/case_outputs/950/mask__s1_absolute_volume__mm3_5.nii.gz,ok,3.0,11,True,0,11,6809.429856333831,5466.141651614812,109.80000436306,95.40000379085541,82.80000329017639,0.4242640855706679,0.6000000238418579,0.5892488116340392,/Users/angadkumar16ak/Projects/Automated_Cardiovascular_Segmentation_for_Bioprinting_Project/outputs/topology_correction/mesh_qc/s1_absolute_volume__mm3_5/case_outputs/950__s1_absolute_volume__mm3_5/segmentation_raw.stl,/Users/angadkumar16ak/Projects/Automated_Cardiovascular_Segmentation_for_Bioprinting_Project/outputs/topology_correction/mesh_qc/s1_absolute_volume__mm3_5/case_outputs/950__s1_absolute_volume__mm3_5/segmentation_repaired.stl,/Users/angadkumar16ak/Projects/Automated_Cardiovascular_Segmentation_for_Bioprinting_Project/outputs/topology_correction/mesh_qc/s1_absolute_volume__mm3_5/case_outputs/950__s1_absolute_volume__mm3_5/segmentation_smoothed.stl,True,0.5811631752659903,3.141592653589793,0.5298974740411541,3.139064153741435,-0.0035153157014976497,0.062233919033980956,True
951__s1_absolute_volume__mm3_5,/Users/angadkumar16ak/Projects/Automated_Cardiovascular_Segmentation_for_Bioprinting_Project/outputs/topology_correction/case_outputs/951/mask__s1_absolute_volume__mm3_5.nii.gz,ok,3.0,8,True,0,8,10127.471806798703,9859.960175398754,122.40000486373901,145.20000576972961,81.60000324249268,0.4242640855706679,0.6000000238418579,0.5917993599886824,/Users/angadkumar16ak/Projects/Automated_Cardiovascular_Segmentation_for_Bioprinting_Project/outputs/topology_correction/mesh_qc/s1_absolute_volume__mm3_5/case_outputs/951__s1_absolute_volume__mm3_5/segmentation_raw.stl,/Users/angadkumar16ak/Projects/Automated_Cardiovascular_Segmentation_for_Bioprinting_Project/outputs/topology_correction/mesh_qc/s1_absolute_volume__mm3_5/case_outputs/951__s1_absolute_volume__mm3_5/segmentation_repaired.stl,/Users/angadkumar16ak/Projects/Automated_Cardiovascular_Segmentation_for_Bioprinting_Project/outputs/topology_correction/mesh_qc/s1_absolute_volume__mm3_5/case_outputs/951__s1_absolute_volume__mm3_5/segmentation_smoothed.stl,True,0.6068025907390423,3.141592653589793,0.5528651524248416,3.141276428404595,-0.002060406917229659,0.14706009418067137,True
952__s1_absolute_volume__mm3_5,/Users/angadkumar16ak/Projects/Automated_Cardiovascular_Segmentation_for_Bioprinting_Project/outputs/topology_correction/case_outputs/952/mask__s1_absolute_volume__mm3_5.nii.gz,ok,3.0,4,True,0,4,7471.652677600519,6377.418760247499,109.80000436306,99.00000393390656,85.20000338554382,0.4242640855706679,0.6000000238418579,0.5916516899629266,/Users/angadkumar16ak/Projects/Automated_Cardiovascular_Segmentation_for_Bioprinting_Project/outputs/topology_correction/mesh_qc/s1_absolute_volume__mm3_5/case_outputs/952__s1_absolute_volume__mm3_5/segmentation_raw.stl,/Users/angadkumar16ak/Projects/Automated_Cardiovascular_Segmentation_for_Bioprinting_Project/outputs/topology_correction/mesh_qc/s1_absolute_volume__mm3_5/case_outputs/952__s1_absolute_volume__mm3_5/segmentation_repaired.stl,/Users/angadkumar16ak/Projects/Automated_Cardiovascular_Segmentation_for_Bioprinting_Project/outputs/topology_correction/mesh_qc/s1_absolute_volume__mm3_5/case_outputs/952__s1_absolute_volume__mm3_5/segmentation_smoothed.stl,True,0.6006756125144794,3.141592653589793,0.5484765484979277,3.1403504949212677,-0.002791775322927881,0.08082387781585865,True
953__s1_absolute_volume__mm3_5,/Users/angadkumar16ak/Projects/Automated_Cardiovascular_Segmentation_for_Bioprinting_Project/outputs/topology_correction/case_outputs/953/mask__s1_absolute_volume__mm3_5.nii.gz,ok,3.0,7,True,0,7,11965.660991364784,10081.216201774521,112.20000445842743,101.40000402927399,94.80000376701355,0.4242640855706679,0.6000000238418579,0.5913881781841702,/Users/angadkumar16ak/Projects/Automated_Cardiovascular_Segmentation_for_Bioprinting_Project/outputs/topology_correction/mesh_qc/s1_absolute_volume__mm3_5/case_outputs/953__s1_absolute_volume__mm3_5/segmentation_raw.stl,/Users/angadkumar16ak/Projects/Automated_Cardiovascular_Segmentation_for_Bioprinting_Project/outputs/topology_correction/mesh_qc/s1_absolute_volume__mm3_5/case_outputs/953__s1_absolute_volume__mm3_5/segmentation_repaired.stl,/Users/angadkumar16ak/Projects/Automated_Cardiovascular_Segmentation_for_Bioprinting_Project/outputs/topology_correction/mesh_qc/s1_absolute_volume__mm3_5/case_outputs/953__s1_absolute_volume__mm3_5/segmentation_smoothed.stl,True,0.5674238730814972,3.141592653589793,0.5101170494037154,3.13854518807111,-0.002982928674685374,0.08642416847242967,True
954__s1_absolute_volume__mm3_5,/Users/angadkumar16ak/Projects/Automated_Cardiovascular_Segmentation_for_Bioprinting_Project/outputs/topology_correction/case_outputs/954/mask__s1_absolute_volume__mm3_5.nii.gz,ok,3.0,4,True,0,4,7325.618748409421,6421.914765551835,108.00000429153442,83.40000331401825,92.40000367164612,0.4242640855706679,0.6000000238418579,0.5894301594781677,/Users/angadkumar16ak/Projects/Automated_Cardiovascular_Segmentation_for_Bioprinting_Project/outputs/topology_correction/mesh_qc/s1_absolute_volume__mm3_5/case_outputs/954__s1_absolute_volume__mm3_5/segmentation_raw.stl,/Users/angadkumar16ak/Projects/Automated_Cardiovascular_Segmentation_for_Bioprinting_Project/outputs/topology_correction/mesh_qc/s1_absolute_volume__mm3_5/case_outputs/954__s1_absolute_volume__mm3_5/segmentation_repaired.stl,/Users/angadkumar16ak/Projects/Automated_Cardiovascular_Segmentation_for_Bioprinting_Project/outputs/topology_correction/mesh_qc/s1_absolute_volume__mm3_5/case_outputs/954__s1_absolute_volume__mm3_5/segmentation_smoothed.stl,True,0.5823203379322904,3.141592653589793,0.5329915709345124,3.1398057107610295,-0.002557631041883858,0.08899692429804544,True
955__s1_absolute_volume__mm3_5,/Users/angadkumar16ak/Projects/Automated_Cardiovascular_Segmentation_for_Bioprinting_Project/outputs/topology_correction/case_outputs/955/mask__s1_absolute_volume__mm3_5.nii.gz,ok,3.0,4,True,0,4,8149.504557542215,6982.920832428965,102.00000405311584,81.00000321865082,107.40000426769257,0.4242640855706679,0.6000000238418579,0.5917606290364245,/Users/angadkumar16ak/Projects/Automated_Cardiovascular_Segmentation_for_Bioprinting_Project/outputs/topology_correction/mesh_qc/s1_absolute_volume__mm3_5/case_outputs/955__s1_absolute_volume__mm3_5/segmentation_raw.stl,/Users/angadkumar16ak/Projects/Automated_Cardiovascular_Segmentation_for_Bioprinting_Project/outputs/topology_correction/mesh_qc/s1_absolute_volume__mm3_5/case_outputs/955__s1_absolute_volume__mm3_5/segmentation_repaired.stl,/Users/angadkumar16ak/Projects/Automated_Cardiovascular_Segmentation_for_Bioprinting_Project/outputs/topology_correction/mesh_qc/s1_absolute_volume__mm3_5/case_outputs/955__s1_absolute_volume__mm3_5/segmentation_smoothed.stl,True,0.5712664645661866,3.141592653589793,0.5141640132289735,3.139346375727937,-0.0026351349263304858,0.0924642965663932,True
956__s1_absolute_volume__mm3_5,/Users/angadkumar16ak/Projects/Automated_Cardiovascular_Segmentation_for_Bioprinting_Project/outputs/topology_correction/case_outputs/956/mask__s1_absolute_volume__mm3_5.nii.gz,ok,3.0,5,True,0,5,6356.810198802938,5275.539628893283,115.80000460147858,94.80000376701355,81.00000321865082,0.4242640855706679,0.6000000238418579,0.5896222809369157,/Users/angadkumar16ak/Projects/Automated_Cardiovascular_Segmentation_for_Bioprinting_Project/outputs/topology_correction/mesh_qc/s1_absolute_volume__mm3_5/case_outputs/956__s1_absolute_volume__mm3_5/segmentation_raw.stl,/Users/angadkumar16ak/Projects/Automated_Cardiovascular_Segmentation_for_Bioprinting_Project/outputs/topology_correction/mesh_qc/s1_absolute_volume__mm3_5/case_outputs/956__s1_absolute_volume__mm3_5/segmentation_repaired.stl,/Users/angadkumar16ak/Projects/Automated_Cardiovascular_Segmentation_for_Bioprinting_Project/outputs/topology_correction/mesh_qc/s1_absolute_volume__mm3_5/case_outputs/956__s1_absolute_volume__mm3_5/segmentation_smoothed.stl,True,0.5947695725846411,3.141592653589793,0.5436792659594041,3.1360500117526433,-0.0029447649701326356,0.06936741419500041,True
957__s1_absolute_volume__mm3_5,/Users/angadkumar16ak/Projects/Automated_Cardiovascular_Segmentation_for_Bioprinting_Project/outputs/topology_correction/case_outputs/957/mask__s1_absolute_volume__mm3_5.nii.gz,ok,3.0,9,True,0,8,10312.855408435282,7843.086934968745,105.60000419616699,100.80000400543213,89.40000355243683,0.4242640855706679,0.6000000238418579,0.5913532394532557,/Users/angadkumar16ak/Projects/Automated_Cardiovascular_Segmentation_for_Bioprinting_Project/outputs/topology_correction/mesh_qc/s1_absolute_volume__mm3_5/case_outputs/957__s1_absolute_volume__mm3_5/segmentation_raw.stl,/Users/angadkumar16ak/Projects/Automated_Cardiovascular_Segmentation_for_Bioprinting_Project/outputs/topology_correction/mesh_qc/s1_absolute_volume__mm3_5/case_outputs/957__s1_absolute_volume__mm3_5/segmentation_repaired.stl,/Users/angadkumar16ak/Projects/Automated_Cardiovascular_Segmentation_for_Bioprinting_Project/outputs/topology_correction/mesh_qc/s1_absolute_volume__mm3_5/case_outputs/957__s1_absolute_volume__mm3_5/segmentation_smoothed.stl,True,0.5716652886754336,3.141592653589793,0.5219319381363025,3.1397024005045884,-0.0035697478863004756,0.03438333647705532,True
958__s1_absolute_volume__mm3_5,/Users/angadkumar16ak/Projects/Automated_Cardiovascular_Segmentation_for_Bioprinting_Project/outputs/topology_correction/case_outputs/958/mask__s1_absolute_volume__mm3_5.nii.gz,ok,3.0,9,True,0,9,9460.889719276955,8221.545980084578,135.00000536441803,115.20000457763672,93.00000369548798,0.4242640855706679,0.6000000238418579,0.5888963012975744,/Users/angadkumar16ak/Projects/Automated_Cardiovascular_Segmentation_for_Bioprinting_Project/outputs/topology_correction/mesh_qc/s1_absolute_volume__mm3_5/case_outputs/958__s1_absolute_volume__mm3_5/segmentation_raw.stl,/Users/angadkumar16ak/Projects/Automated_Cardiovascular_Segmentation_for_Bioprinting_Project/outputs/topology_correction/mesh_qc/s1_absolute_volume__mm3_5/case_outputs/958__s1_absolute_volume__mm3_5/segmentation_repaired.stl,/Users/angadkumar16ak/Projects/Automated_Cardiovascular_Segmentation_for_Bioprinting_Project/outputs/topology_correction/mesh_qc/s1_absolute_volume__mm3_5/case_outputs/958__s1_absolute_volume__mm3_5/segmentation_smoothed.stl,True,0.5730265712163762,3.141592653589793,0.5138240405028207,3.138018187341456,-0.0029930507376678774,0.10115636776624852,True
959__s1_absolute_volume__mm3_5,/Users/angadkumar16ak/Projects/Automated_Cardiovascular_Segmentation_for_Bioprinting_Project/outputs/topology_correction/case_outputs/959/mask__s1_absolute_volume__mm3_5.nii.gz,ok,3.0,12,False,10,12,7642.040275700518,not_watertight,152.4000060558319,106.80000424385071,119.70000475645065,0.4242640855706679,0.6000000238418579,0.5892530478671707,/Users/angadkumar16ak/Projects/Automated_Cardiovascular_Segmentation_for_Bioprinting_Project/outputs/topology_correction/mesh_qc/s1_absolute_volume__mm3_5/case_outputs/959__s1_absolute_volume__mm3_5/segmentation_raw.stl,/Users/angadkumar16ak/Projects/Automated_Cardiovascular_Segmentation_for_Bioprinting_Project/outputs/topology_correction/mesh_qc/s1_absolute_volume__mm3_5/case_outputs/959__s1_absolute_volume__mm3_5/segmentation_repaired.stl,/Users/angadkumar16ak/Projects/Automated_Cardiovascular_Segmentation_for_Bioprinting_Project/outputs/topology_correction/mesh_qc/s1_absolute_volume__mm3_5/case_outputs/959__s1_absolute_volume__mm3_5/segmentation_smoothed.stl,True,0.593397780751031,3.141592653589793,0.5477372357905721,3.1397520883040797,not_watertight,0.10163763971926176,False
960__s1_absolute_volume__mm3_5,/Users/angadkumar16ak/Projects/Automated_Cardiovascular_Segmentation_for_Bioprinting_Project/outputs/topology_correction/case_outputs/960/mask__s1_absolute_volume__mm3_5.nii.gz,ok,3.0,9,True,0,9,10093.380007809423,9098.830084664985,149.40000593662262,102.00000405311584,90.00000357627869,0.4242640855706679,0.6000000238418579,0.5926144034170703,/Users/angadkumar16ak/Projects/Automated_Cardiovascular_Segmentation_for_Bioprinting_Project/outputs/topology_correction/mesh_qc/s1_absolute_volume__mm3_5/case_outputs/960__s1_absolute_volume__mm3_5/segmentation_raw.stl,/Users/angadkumar16ak/Projects/Automated_Cardiovascular_Segmentation_for_Bioprinting_Project/outputs/topology_correction/mesh_qc/s1_absolute_volume__mm3_5/case_outputs/960__s1_absolute_volume__mm3_5/segmentation_repaired.stl,/Users/angadkumar16ak/Projects/Automated_Cardiovascular_Segmentation_for_Bioprinting_Project/outputs/topology_correction/mesh_qc/s1_absolute_volume__mm3_5/case_outputs/960__s1_absolute_volume__mm3_5/segmentation_smoothed.stl,True,0.5873878931144814,3.141592653589793,0.5413616376217507,3.1396134888142413,-0.0025096640451794895,0.1084925491661606,True
961__s1_absolute_volume__mm3_5,/Users/angadkumar16ak/Projects/Automated_Cardiovascular_Segmentation_for_Bioprinting_Project/outputs/topology_correction/case_outputs/961/mask__s1_absolute_volume__mm3_5.nii.gz,ok,3.0,5,True,0,5,7253.539323191586,5998.608715089827,138.00000548362732,115.20000457763672,81.60000324249268,0.4242640855706679,0.6000000238418579,0.5923398466218304,/Users/angadkumar16ak/Projects/Automated_Cardiovascular_Segmentation_for_Bioprinting_Project/outputs/topology_correction/mesh_qc/s1_absolute_volume__mm3_5/case_outputs/961__s1_absolute_volume__mm3_5/segmentation_raw.stl,/Users/angadkumar16ak/Projects/Automated_Cardiovascular_Segmentation_for_Bioprinting_Project/outputs/topology_correction/mesh_qc/s1_absolute_volume__mm3_5/case_outputs/961__s1_absolute_volume__mm3_5/segmentation_repaired.stl,/Users/angadkumar16ak/Projects/Automated_Cardiovascular_Segmentation_for_Bioprinting_Project/outputs/topology_correction/mesh_qc/s1_absolute_volume__mm3_5/case_outputs/961__s1_absolute_volume__mm3_5/segmentation_smoothed.stl,True,0.5693825189534376,3.141592653589793,0.5180389308981551,3.139035192231231,-0.0029711552796120783,0.06851832220219796,True
962__s1_absolute_volume__mm3_5,/Users/angadkumar16ak/Projects/Automated_Cardiovascular_Segmentation_for_Bioprinting_Project/outputs/topology_correction/case_outputs/962/mask__s1_absolute_volume__mm3_5.nii.gz,ok,3.0,13,True,0,13,10580.709953040101,9176.644093941139,158.4000062942505,136.20000541210175,114.000004529953,0.4242640855706679,0.6000000238418579,0.5911048354084713,/Users/angadkumar16ak/Projects/Automated_Cardiovascular_Segmentation_for_Bioprinting_Project/outputs/topology_correction/mesh_qc/s1_absolute_volume__mm3_5/case_outputs/962__s1_absolute_volume__mm3_5/segmentation_raw.stl,/Users/angadkumar16ak/Projects/Automated_Cardiovascular_Segmentation_for_Bioprinting_Project/outputs/topology_correction/mesh_qc/s1_absolute_volume__mm3_5/case_outputs/962__s1_absolute_volume__mm3_5/segmentation_repaired.stl,/Users/angadkumar16ak/Projects/Automated_Cardiovascular_Segmentation_for_Bioprinting_Project/outputs/topology_correction/mesh_qc/s1_absolute_volume__mm3_5/case_outputs/962__s1_absolute_volume__mm3_5/segmentation_smoothed.stl,True,0.6158636220651478,3.141592653589793,0.5639423496136869,3.139613338325423,-0.003084643828066244,0.09789093936450673,True
963__s1_absolute_volume__mm3_5,/Users/angadkumar16ak/Projects/Automated_Cardiovascular_Segmentation_for_Bioprinting_Project/outputs/topology_correction/case_outputs/963/mask__s1_absolute_volume__mm3_5.nii.gz,ok,3.0,9,True,0,9,13371.76993060914,13108.978562711898,135.00000536441803,107.40000426769257,94.20000374317169,0.4242640855706679,0.6000000238418579,0.5901315782625384,/Users/angadkumar16ak/Projects/Automated_Cardiovascular_Segmentation_for_Bioprinting_Project/outputs/topology_correction/mesh_qc/s1_absolute_volume__mm3_5/case_outputs/963__s1_absolute_volume__mm3_5/segmentation_raw.stl,/Users/angadkumar16ak/Projects/Automated_Cardiovascular_Segmentation_for_Bioprinting_Project/outputs/topology_correction/mesh_qc/s1_absolute_volume__mm3_5/case_outputs/963__s1_absolute_volume__mm3_5/segmentation_repaired.stl,/Users/angadkumar16ak/Projects/Automated_Cardiovascular_Segmentation_for_Bioprinting_Project/outputs/topology_correction/mesh_qc/s1_absolute_volume__mm3_5/case_outputs/963__s1_absolute_volume__mm3_5/segmentation_smoothed.stl,True,0.5856110903376758,3.141592653589793,0.5300332928926914,3.1413066792194737,-0.002101025031375376,0.14694507637309068,True
964__s1_absolute_volume__mm3_5,/Users/angadkumar16ak/Projects/Automated_Cardiovascular_Segmentation_for_Bioprinting_Project/outputs/topology_correction/case_outputs/964/mask__s1_absolute_volume__mm3_5.nii.gz,ok,3.0,4,True,0,4,9641.362198272584,9011.683074276252,149.40000593662262,105.60000419616699,97.80000388622284,0.4242640855706679,0.6000000238418579,0.5907990171812797,/Users/angadkumar16ak/Projects/Automated_Cardiovascular_Segmentation_for_Bioprinting_Project/outputs/topology_correction/mesh_qc/s1_absolute_volume__mm3_5/case_outputs/964__s1_absolute_volume__mm3_5/segmentation_raw.stl,/Users/angadkumar16ak/Projects/Automated_Cardiovascular_Segmentation_for_Bioprinting_Project/outputs/topology_correction/mesh_qc/s1_absolute_volume__mm3_5/case_outputs/964__s1_absolute_volume__mm3_5/segmentation_repaired.stl,/Users/angadkumar16ak/Projects/Automated_Cardiovascular_Segmentation_for_Bioprinting_Project/outputs/topology_correction/mesh_qc/s1_absolute_volume__mm3_5/case_outputs/964__s1_absolute_volume__mm3_5/segmentation_smoothed.stl,True,0.5833272595252081,3.141592653589793,0.5299379881689338,3.1401794802050156,-0.002189220855589763,0.12278630460448642,True
965__s1_absolute_volume__mm3_5,/Users/angadkumar16ak/Projects/Automated_Cardiovascular_Segmentation_for_Bioprinting_Project/outputs/topology_correction/case_outputs/965/mask__s1_absolute_volume__mm3_5.nii.gz,ok,3.0,10,True,0,9,9230.300286591402,8159.50897268919,106.20000422000885,83.40000331401825,83.40000331401825,0.4242640855706679,0.6000000238418579,0.5925774766303127,/Users/angadkumar16ak/Projects/Automated_Cardiovascular_Segmentation_for_Bioprinting_Project/outputs/topology_correction/mesh_qc/s1_absolute_volume__mm3_5/case_outputs/965__s1_absolute_volume__mm3_5/segmentation_raw.stl,/Users/angadkumar16ak/Projects/Automated_Cardiovascular_Segmentation_for_Bioprinting_Project/outputs/topology_correction/mesh_qc/s1_absolute_volume__mm3_5/case_outputs/965__s1_absolute_volume__mm3_5/segmentation_repaired.stl,/Users/angadkumar16ak/Projects/Automated_Cardiovascular_Segmentation_for_Bioprinting_Project/outputs/topology_correction/mesh_qc/s1_absolute_volume__mm3_5/case_outputs/965__s1_absolute_volume__mm3_5/segmentation_smoothed.stl,True,0.6129645643726185,3.141592653589793,0.5652173185338323,3.1396870215946278,-0.002666792102626302,0.0994896630734781,True
966__s1_absolute_volume__mm3_5,/Users/angadkumar16ak/Projects/Automated_Cardiovascular_Segmentation_for_Bioprinting_Project/outputs/topology_correction/case_outputs/966/mask__s1_absolute_volume__mm3_5.nii.gz,ok,3.0,4,True,0,3,10665.50867960068,8969.536069251937,113.40000450611115,105.00000417232513,88.80000352859497,0.4242640855706679,0.6000000238418579,0.5907346787484198,/Users/angadkumar16ak/Projects/Automated_Cardiovascular_Segmentation_for_Bioprinting_Project/outputs/topology_correction/mesh_qc/s1_absolute_volume__mm3_5/case_outputs/966__s1_absolute_volume__mm3_5/segmentation_raw.stl,/Users/angadkumar16ak/Projects/Automated_Cardiovascular_Segmentation_for_Bioprinting_Project/outputs/topology_correction/mesh_qc/s1_absolute_volume__mm3_5/case_outputs/966__s1_absolute_volume__mm3_5/segmentation_repaired.stl,/Users/angadkumar16ak/Projects/Automated_Cardiovascular_Segmentation_for_Bioprinting_Project/outputs/topology_correction/mesh_qc/s1_absolute_volume__mm3_5/case_outputs/966__s1_absolute_volume__mm3_5/segmentation_smoothed.stl,True,0.5870702435153885,3.141592653589793,0.5371539621029068,3.140284464432818,-0.0028409958209255773,0.07870403216270545,True
967__s1_absolute_volume__mm3_5,/Users/angadkumar16ak/Projects/Automated_Cardiovascular_Segmentation_for_Bioprinting_Project/outputs/topology_correction/case_outputs/967/mask__s1_absolute_volume__mm3_5.nii.gz,ok,3.0,3,True,0,3,8951.89617660303,7904.772942322292,105.00000417232513,93.00000369548798,101.40000402927399,0.4242640855706679,0.6000000238418579,0.5897324806048756,/Users/angadkumar16ak/Projects/Automated_Cardiovascular_Segmentation_for_Bioprinting_Project/outputs/topology_correction/mesh_qc/s1_absolute_volume__mm3_5/case_outputs/967__s1_absolute_volume__mm3_5/segmentation_raw.stl,/Users/angadkumar16ak/Projects/Automated_Cardiovascular_Segmentation_for_Bioprinting_Project/outputs/topology_correction/mesh_qc/s1_absolute_volume__mm3_5/case_outputs/967__s1_absolute_volume__mm3_5/segmentation_repaired.stl,/Users/angadkumar16ak/Projects/Automated_Cardiovascular_Segmentation_for_Bioprinting_Project/outputs/topology_correction/mesh_qc/s1_absolute_volume__mm3_5/case_outputs/967__s1_absolute_volume__mm3_5/segmentation_smoothed.stl,True,0.5702095405292456,3.141592653589793,0.5179134588987294,3.140509021747498,-0.0023393109695516966,0.09540579047823866,True
968__s1_absolute_volume__mm3_5,/Users/angadkumar16ak/Projects/Automated_Cardiovascular_Segmentation_for_Bioprinting_Project/outputs/topology_correction/case_outputs/968/mask__s1_absolute_volume__mm3_5.nii.gz,ok,3.0,5,True,0,5,5893.337179677397,5168.178616094854,95.40000379085541,92.40000367164612,82.20000326633453,0.4242640855706679,0.6000000238418579,0.5898929838590599,/Users/angadkumar16ak/Projects/Automated_Cardiovascular_Segmentation_for_Bioprinting_Project/outputs/topology_correction/mesh_qc/s1_absolute_volume__mm3_5/case_outputs/968__s1_absolute_volume__mm3_5/segmentation_raw.stl,/Users/angadkumar16ak/Projects/Automated_Cardiovascular_Segmentation_for_Bioprinting_Project/outputs/topology_correction/mesh_qc/s1_absolute_volume__mm3_5/case_outputs/968__s1_absolute_volume__mm3_5/segmentation_repaired.stl,/Users/angadkumar16ak/Projects/Automated_Cardiovascular_Segmentation_for_Bioprinting_Project/outputs/topology_correction/mesh_qc/s1_absolute_volume__mm3_5/case_outputs/968__s1_absolute_volume__mm3_5/segmentation_smoothed.stl,True,0.578197192562156,3.141592653589793,0.519673951455982,3.141006935393406,-0.0026502178144458925,0.0888989355143644,True
969__s1_absolute_volume__mm3_5,/Users/angadkumar16ak/Projects/Automated_Cardiovascular_Segmentation_for_Bioprinting_Project/outputs/topology_correction/case_outputs/969/mask__s1_absolute_volume__mm3_5.nii.gz,ok,3.0,9,True,0,8,9522.294426815513,8171.95597417299,118.20000469684601,89.40000355243683,105.60000419616699,0.4242640855706679,0.6000000238418579,0.5894920694609616,/Users/angadkumar16ak/Projects/Automated_Cardiovascular_Segmentation_for_Bioprinting_Project/outputs/topology_correction/mesh_qc/s1_absolute_volume__mm3_5/case_outputs/969__s1_absolute_volume__mm3_5/segmentation_raw.stl,/Users/angadkumar16ak/Projects/Automated_Cardiovascular_Segmentation_for_Bioprinting_Project/outputs/topology_correction/mesh_qc/s1_absolute_volume__mm3_5/case_outputs/969__s1_absolute_volume__mm3_5/segmentation_repaired.stl,/Users/angadkumar16ak/Projects/Automated_Cardiovascular_Segmentation_for_Bioprinting_Project/outputs/topology_correction/mesh_qc/s1_absolute_volume__mm3_5/case_outputs/969__s1_absolute_volume__mm3_5/segmentation_smoothed.stl,True,0.5644484433950001,3.141592653589793,0.5016702828180221,3.139961057123523,-0.0029726737075621333,0.0878632833805158,True
970__s1_absolute_volume__mm3_5,/Users/angadkumar16ak/Projects/Automated_Cardiovascular_Segmentation_for_Bioprinting_Project/outputs/topology_correction/case_outputs/970/mask__s1_absolute_volume__mm3_5.nii.gz,ok,3.0,9,True,0,9,5484.190597042913,4355.721519242425,112.80000448226929,84.60000336170197,88.80000352859497,0.4242640855706679,0.6000000238418579,0.5904195143251123,/Users/angadkumar16ak/Projects/Automated_Cardiovascular_Segmentation_for_Bioprinting_Project/outputs/topology_correction/mesh_qc/s1_absolute_volume__mm3_5/case_outputs/970__s1_absolute_volume__mm3_5/segmentation_raw.stl,/Users/angadkumar16ak/Projects/Automated_Cardiovascular_Segmentation_for_Bioprinting_Project/outputs/topology_correction/mesh_qc/s1_absolute_volume__mm3_5/case_outputs/970__s1_absolute_volume__mm3_5/segmentation_repaired.stl,/Users/angadkumar16ak/Projects/Automated_Cardiovascular_Segmentation_for_Bioprinting_Project/outputs/topology_correction/mesh_qc/s1_absolute_volume__mm3_5/case_outputs/970__s1_absolute_volume__mm3_5/segmentation_smoothed.stl,True,0.5823108305890389,3.141592653589793,0.5295007374482601,3.1401074157418014,-0.0037798161092327726,0.05846363018354861,True
971__s1_absolute_volume__mm3_5,/Users/angadkumar16ak/Projects/Automated_Cardiovascular_Segmentation_for_Bioprinting_Project/outputs/topology_correction/case_outputs/971/mask__s1_absolute_volume__mm3_5.nii.gz,ok,3.0,8,True,0,8,7032.976511646658,5758.974686523222,100.20000398159027,75.00000298023224,112.20000445842743,0.4242640855706679,0.6000000238418579,0.5909260797026029,/Users/angadkumar16ak/Projects/Automated_Cardiovascular_Segmentation_for_Bioprinting_Project/outputs/topology_correction/mesh_qc/s1_absolute_volume__mm3_5/case_outputs/971__s1_absolute_volume__mm3_5/segmentation_raw.stl,/Users/angadkumar16ak/Projects/Automated_Cardiovascular_Segmentation_for_Bioprinting_Project/outputs/topology_correction/mesh_qc/s1_absolute_volume__mm3_5/case_outputs/971__s1_absolute_volume__mm3_5/segmentation_repaired.stl,/Users/angadkumar16ak/Projects/Automated_Cardiovascular_Segmentation_for_Bioprinting_Project/outputs/topology_correction/mesh_qc/s1_absolute_volume__mm3_5/case_outputs/971__s1_absolute_volume__mm3_5/segmentation_smoothed.stl,True,0.5551921424636924,3.141592653589793,0.4959832600490977,3.1380896664019717,-0.003200971226016295,0.06332094631884912,True
972__s1_absolute_volume__mm3_5,/Users/angadkumar16ak/Projects/Automated_Cardiovascular_Segmentation_for_Bioprinting_Project/outputs/topology_correction/case_outputs/972/mask__s1_absolute_volume__mm3_5.nii.gz,ok,3.0,10,True,0,10,6985.61084028408,5693.040678663281,105.00000417232513,92.40000367164612,72.60000288486481,0.4242640855706679,0.6000000238418579,0.5880274644276016,/Users/angadkumar16ak/Projects/Automated_Cardiovascular_Segmentation_for_Bioprinting_Project/outputs/topology_correction/mesh_qc/s1_absolute_volume__mm3_5/case_outputs/972__s1_absolute_volume__mm3_5/segmentation_raw.stl,/Users/angadkumar16ak/Projects/Automated_Cardiovascular_Segmentation_for_Bioprinting_Project/outputs/topology_correction/mesh_qc/s1_absolute_volume__mm3_5/case_outputs/972__s1_absolute_volume__mm3_5/segmentation_repaired.stl,/Users/angadkumar16ak/Projects/Automated_Cardiovascular_Segmentation_for_Bioprinting_Project/outputs/topology_correction/mesh_qc/s1_absolute_volume__mm3_5/case_outputs/972__s1_absolute_volume__mm3_5/segmentation_smoothed.stl,True,0.5774143044599642,3.141592653589793,0.5261313300111691,3.1378018235253693,-0.0034849967587432746,0.06597945817207503,True
973__s1_absolute_volume__mm3_5,/Users/angadkumar16ak/Projects/Automated_Cardiovascular_Segmentation_for_Bioprinting_Project/outputs/topology_correction/case_outputs/973/mask__s1_absolute_volume__mm3_5.nii.gz,ok,3.0,5,True,0,5,8985.082273890559,8774.893046048686,105.60000419616699,88.20000350475311,93.60000371932983,0.4242640855706679,0.6000000238418579,0.5892809383344392,/Users/angadkumar16ak/Projects/Automated_Cardiovascular_Segmentation_for_Bioprinting_Project/outputs/topology_correction/mesh_qc/s1_absolute_volume__mm3_5/case_outputs/973__s1_absolute_volume__mm3_5/segmentation_raw.stl,/Users/angadkumar16ak/Projects/Automated_Cardiovascular_Segmentation_for_Bioprinting_Project/outputs/topology_correction/mesh_qc/s1_absolute_volume__mm3_5/case_outputs/973__s1_absolute_volume__mm3_5/segmentation_repaired.stl,/Users/angadkumar16ak/Projects/Automated_Cardiovascular_Segmentation_for_Bioprinting_Project/outputs/topology_correction/mesh_qc/s1_absolute_volume__mm3_5/case_outputs/973__s1_absolute_volume__mm3_5/segmentation_smoothed.stl,True,0.6011548347742999,3.141592653589793,0.547207360320796,3.13995436228328,-0.0019614336088446377,0.13552900029146023,True
974__s1_absolute_volume__mm3_5,/Users/angadkumar16ak/Projects/Automated_Cardiovascular_Segmentation_for_Bioprinting_Project/outputs/topology_correction/case_outputs/974/mask__s1_absolute_volume__mm3_5.nii.gz,ok,3.0,9,True,0,9,13369.579641198528,13066.795557683296,120.60000479221344,96.00000381469727,93.00000369548798,0.4242640855706679,0.6000000238418579,0.5911913083679063,/Users/angadkumar16ak/Projects/Automated_Cardiovascular_Segmentation_for_Bioprinting_Project/outputs/topology_correction/mesh_qc/s1_absolute_volume__mm3_5/case_outputs/974__s1_absolute_volume__mm3_5/segmentation_raw.stl,/Users/angadkumar16ak/Projects/Automated_Cardiovascular_Segmentation_for_Bioprinting_Project/outputs/topology_correction/mesh_qc/s1_absolute_volume__mm3_5/case_outputs/974__s1_absolute_volume__mm3_5/segmentation_repaired.stl,/Users/angadkumar16ak/Projects/Automated_Cardiovascular_Segmentation_for_Bioprinting_Project/outputs/topology_correction/mesh_qc/s1_absolute_volume__mm3_5/case_outputs/974__s1_absolute_volume__mm3_5/segmentation_smoothed.stl,True,0.5759633884158436,3.141592653589793,0.5129652984456605,3.1404675356548593,-0.002194782111264927,0.14785288075907269,True
975__s1_absolute_volume__mm3_5,/Users/angadkumar16ak/Projects/Automated_Cardiovascular_Segmentation_for_Bioprinting_Project/outputs/topology_correction/case_outputs/975/mask__s1_absolute_volume__mm3_5.nii.gz,ok,3.0,10,True,0,9,10983.310787441735,10150.156209992814,156.60000622272491,98.4000039100647,92.40000367164612,0.4242640855706679,0.6000000238418579,0.5916150413884228,/Users/angadkumar16ak/Projects/Automated_Cardiovascular_Segmentation_for_Bioprinting_Project/outputs/topology_correction/mesh_qc/s1_absolute_volume__mm3_5/case_outputs/975__s1_absolute_volume__mm3_5/segmentation_raw.stl,/Users/angadkumar16ak/Projects/Automated_Cardiovascular_Segmentation_for_Bioprinting_Project/outputs/topology_correction/mesh_qc/s1_absolute_volume__mm3_5/case_outputs/975__s1_absolute_volume__mm3_5/segmentation_repaired.stl,/Users/angadkumar16ak/Projects/Automated_Cardiovascular_Segmentation_for_Bioprinting_Project/outputs/topology_correction/mesh_qc/s1_absolute_volume__mm3_5/case_outputs/975__s1_absolute_volume__mm3_5/segmentation_smoothed.stl,True,0.5932643114432287,3.141592653589793,0.5375245510599063,3.1399886094095724,-0.0024401296077279926,0.12126482544738276,True
976__s1_absolute_volume__mm3_5,/Users/angadkumar16ak/Projects/Automated_Cardiovascular_Segmentation_for_Bioprinting_Project/outputs/topology_correction/case_outputs/976/mask__s1_absolute_volume__mm3_5.nii.gz,ok,3.0,9,True,0,8,6907.74061429382,5695.191678919701,92.40000367164612,81.00000321865082,90.60000360012054,0.4242640855706679,0.6000000238418579,0.5884507254379264,/Users/angadkumar16ak/Projects/Automated_Cardiovascular_Segmentation_for_Bioprinting_Project/outputs/topology_correction/mesh_qc/s1_absolute_volume__mm3_5/case_outputs/976__s1_absolute_volume__mm3_5/segmentation_raw.stl,/Users/angadkumar16ak/Projects/Automated_Cardiovascular_Segmentation_for_Bioprinting_Project/outputs/topology_correction/mesh_qc/s1_absolute_volume__mm3_5/case_outputs/976__s1_absolute_volume__mm3_5/segmentation_repaired.stl,/Users/angadkumar16ak/Projects/Automated_Cardiovascular_Segmentation_for_Bioprinting_Project/outputs/topology_correction/mesh_qc/s1_absolute_volume__mm3_5/case_outputs/976__s1_absolute_volume__mm3_5/segmentation_smoothed.stl,True,0.5803991781466612,3.141592653589793,0.5266204391253135,3.139435546251907,-0.003225844115975878,0.06838815299895817,True
977__s1_absolute_volume__mm3_5,/Users/angadkumar16ak/Projects/Automated_Cardiovascular_Segmentation_for_Bioprinting_Project/outputs/topology_correction/case_outputs/977/mask__s1_absolute_volume__mm3_5.nii.gz,ok,3.0,2,True,0,2,7347.195698208604,6322.059753648188,103.20000410079956,90.60000360012054,90.00000357627869,0.4242640855706679,0.6000000238418579,0.5897667765562032,/Users/angadkumar16ak/Projects/Automated_Cardiovascular_Segmentation_for_Bioprinting_Project/outputs/topology_correction/mesh_qc/s1_absolute_volume__mm3_5/case_outputs/977__s1_absolute_volume__mm3_5/segmentation_raw.stl,/Users/angadkumar16ak/Projects/Automated_Cardiovascular_Segmentation_for_Bioprinting_Project/outputs/topology_correction/mesh_qc/s1_absolute_volume__mm3_5/case_outputs/977__s1_absolute_volume__mm3_5/segmentation_repaired.stl,/Users/angadkumar16ak/Projects/Automated_Cardiovascular_Segmentation_for_Bioprinting_Project/outputs/topology_correction/mesh_qc/s1_absolute_volume__mm3_5/case_outputs/977__s1_absolute_volume__mm3_5/segmentation_smoothed.stl,True,0.5771208877492132,3.141592653589793,0.5199272055340254,3.139938738890614,-0.0025434847358504747,0.08120532868024563,True
978__s1_absolute_volume__mm3_5,/Users/angadkumar16ak/Projects/Automated_Cardiovascular_Segmentation_for_Bioprinting_Project/outputs/topology_correction/case_outputs/978/mask__s1_absolute_volume__mm3_5.nii.gz,ok,3.0,13,True,0,11,9129.754009428289,7523.847896912492,114.000004529953,97.80000388622284,77.40000307559967,0.4242640855706679,0.6000000238418579,0.5921374023315416,/Users/angadkumar16ak/Projects/Automated_Cardiovascular_Segmentation_for_Bioprinting_Project/outputs/topology_correction/mesh_qc/s1_absolute_volume__mm3_5/case_outputs/978__s1_absolute_volume__mm3_5/segmentation_raw.stl,/Users/angadkumar16ak/Projects/Automated_Cardiovascular_Segmentation_for_Bioprinting_Project/outputs/topology_correction/mesh_qc/s1_absolute_volume__mm3_5/case_outputs/978__s1_absolute_volume__mm3_5/segmentation_repaired.stl,/Users/angadkumar16ak/Projects/Automated_Cardiovascular_Segmentation_for_Bioprinting_Project/outputs/topology_correction/mesh_qc/s1_absolute_volume__mm3_5/case_outputs/978__s1_absolute_volume__mm3_5/segmentation_smoothed.stl,True,0.6095351671043419,3.141592653589793,0.5570560767593734,3.1413413055031616,-0.003035963145122276,0.07660677068664451,True
979__s1_absolute_volume__mm3_5,/Users/angadkumar16ak/Projects/Automated_Cardiovascular_Segmentation_for_Bioprinting_Project/outputs/topology_correction/case_outputs/979/mask__s1_absolute_volume__mm3_5.nii.gz,ok,3.0,7,True,0,7,7743.040076423937,6677.97379607645,108.60000431537628,99.00000393390656,97.20000386238098,0.4242640855706679,0.6000000238418579,0.5901859122831152,/Users/angadkumar16ak/Projects/Automated_Cardiovascular_Segmentation_for_Bioprinting_Project/outputs/topology_correction/mesh_qc/s1_absolute_volume__mm3_5/case_outputs/979__s1_absolute_volume__mm3_5/segmentation_raw.stl,/Users/angadkumar16ak/Projects/Automated_Cardiovascular_Segmentation_for_Bioprinting_Project/outputs/topology_correction/mesh_qc/s1_absolute_volume__mm3_5/case_outputs/979__s1_absolute_volume__mm3_5/segmentation_repaired.stl,/Users/angadkumar16ak/Projects/Automated_Cardiovascular_Segmentation_for_Bioprinting_Project/outputs/topology_correction/mesh_qc/s1_absolute_volume__mm3_5/case_outputs/979__s1_absolute_volume__mm3_5/segmentation_smoothed.stl,True,0.5651309500426484,3.141592653589793,0.5053440438432087,3.137537714852774,-0.002956909824051731,0.08946164113646475,True
980__s1_absolute_volume__mm3_5,/Users/angadkumar16ak/Projects/Automated_Cardiovascular_Segmentation_for_Bioprinting_Project/outputs/topology_correction/case_outputs/980/mask__s1_absolute_volume__mm3_5.nii.gz,ok,3.0,8,True,0,8,7748.214492071459,7964.541949447311,105.00000417232513,93.60000371932983,87.60000348091125,0.4242640855706679,0.6000000238418579,0.590652769894082,/Users/angadkumar16ak/Projects/Automated_Cardiovascular_Segmentation_for_Bioprinting_Project/outputs/topology_correction/mesh_qc/s1_absolute_volume__mm3_5/case_outputs/980__s1_absolute_volume__mm3_5/segmentation_raw.stl,/Users/angadkumar16ak/Projects/Automated_Cardiovascular_Segmentation_for_Bioprinting_Project/outputs/topology_correction/mesh_qc/s1_absolute_volume__mm3_5/case_outputs/980__s1_absolute_volume__mm3_5/segmentation_repaired.stl,/Users/angadkumar16ak/Projects/Automated_Cardiovascular_Segmentation_for_Bioprinting_Project/outputs/topology_correction/mesh_qc/s1_absolute_volume__mm3_5/case_outputs/980__s1_absolute_volume__mm3_5/segmentation_smoothed.stl,True,0.5947433918414061,3.141592653589793,0.5346667979237917,3.1406594282742555,-0.0020611920948130705,0.17214431003104594,True
981__s1_absolute_volume__mm3_5,/Users/angadkumar16ak/Projects/Automated_Cardiovascular_Segmentation_for_Bioprinting_Project/outputs/topology_correction/case_outputs/981/mask__s1_absolute_volume__mm3_5.nii.gz,ok,3.0,6,True,0,6,4853.735474553729,4286.538510995169,113.40000450611115,100.20000398159027,74.40000295639038,0.4242640855706679,0.6000000238418579,0.5928029265404897,/Users/angadkumar16ak/Projects/Automated_Cardiovascular_Segmentation_for_Bioprinting_Project/outputs/topology_correction/mesh_qc/s1_absolute_volume__mm3_5/case_outputs/981__s1_absolute_volume__mm3_5/segmentation_raw.stl,/Users/angadkumar16ak/Projects/Automated_Cardiovascular_Segmentation_for_Bioprinting_Project/outputs/topology_correction/mesh_qc/s1_absolute_volume__mm3_5/case_outputs/981__s1_absolute_volume__mm3_5/segmentation_repaired.stl,/Users/angadkumar16ak/Projects/Automated_Cardiovascular_Segmentation_for_Bioprinting_Project/outputs/topology_correction/mesh_qc/s1_absolute_volume__mm3_5/case_outputs/981__s1_absolute_volume__mm3_5/segmentation_smoothed.stl,True,0.5776757943913564,3.141592653589793,0.5303600833073027,3.138736196683602,-0.002906876629537865,0.10801842405031944,True
982__s1_absolute_volume__mm3_5,/Users/angadkumar16ak/Projects/Automated_Cardiovascular_Segmentation_for_Bioprinting_Project/outputs/topology_correction/case_outputs/982/mask__s1_absolute_volume__mm3_5.nii.gz,ok,3.0,3,True,0,3,5906.015331234781,4626.954551575921,100.80000400543213,93.60000371932983,75.6000030040741,0.4242640855706679,0.6000000238418579,0.5923419288776254,/Users/angadkumar16ak/Projects/Automated_Cardiovascular_Segmentation_for_Bioprinting_Project/outputs/topology_correction/mesh_qc/s1_absolute_volume__mm3_5/case_outputs/982__s1_absolute_volume__mm3_5/segmentation_raw.stl,/Users/angadkumar16ak/Projects/Automated_Cardiovascular_Segmentation_for_Bioprinting_Project/outputs/topology_correction/mesh_qc/s1_absolute_volume__mm3_5/case_outputs/982__s1_absolute_volume__mm3_5/segmentation_repaired.stl,/Users/angadkumar16ak/Projects/Automated_Cardiovascular_Segmentation_for_Bioprinting_Project/outputs/topology_correction/mesh_qc/s1_absolute_volume__mm3_5/case_outputs/982__s1_absolute_volume__mm3_5/segmentation_smoothed.stl,True,0.5984817634668833,3.141592653589793,0.5567505483359654,3.1386905624136956,-0.0032466003869311053,0.051440329218107,True
983__s1_absolute_volume__mm3_5,/Users/angadkumar16ak/Projects/Automated_Cardiovascular_Segmentation_for_Bioprinting_Project/outputs/topology_correction/case_outputs/983/mask__s1_absolute_volume__mm3_5.nii.gz,ok,3.0,7,True,0,7,10169.380484589507,8721.622039698284,117.60000467300415,84.00000333786011,88.20000350475311,0.4242640855706679,0.6000000238418579,0.5914082614192687,/Users/angadkumar16ak/Projects/Automated_Cardiovascular_Segmentation_for_Bioprinting_Project/outputs/topology_correction/mesh_qc/s1_absolute_volume__mm3_5/case_outputs/983__s1_absolute_volume__mm3_5/segmentation_raw.stl,/Users/angadkumar16ak/Projects/Automated_Cardiovascular_Segmentation_for_Bioprinting_Project/outputs/topology_correction/mesh_qc/s1_absolute_volume__mm3_5/case_outputs/983__s1_absolute_volume__mm3_5/segmentation_repaired.stl,/Users/angadkumar16ak/Projects/Automated_Cardiovascular_Segmentation_for_Bioprinting_Project/outputs/topology_correction/mesh_qc/s1_absolute_volume__mm3_5/case_outputs/983__s1_absolute_volume__mm3_5/segmentation_smoothed.stl,True,0.5828910703363467,3.141592653589793,0.5299269552254247,3.1400701422870094,-0.0029405198321656232,0.09010609305041853,True
984__s1_absolute_volume__mm3_5,/Users/angadkumar16ak/Projects/Automated_Cardiovascular_Segmentation_for_Bioprinting_Project/outputs/topology_correction/case_outputs/984/mask__s1_absolute_volume__mm3_5.nii.gz,ok,3.0,13,True,0,13,10080.07625415434,9507.664133401799,175.80000698566437,142.20000565052032,95.40000379085541,0.4242640855706679,0.6000000238418579,0.5891209374375944,/Users/angadkumar16ak/Projects/Automated_Cardiovascular_Segmentation_for_Bioprinting_Project/outputs/topology_correction/mesh_qc/s1_absolute_volume__mm3_5/case_outputs/984__s1_absolute_volume__mm3_5/segmentation_raw.stl,/Users/angadkumar16ak/Projects/Automated_Cardiovascular_Segmentation_for_Bioprinting_Project/outputs/topology_correction/mesh_qc/s1_absolute_volume__mm3_5/case_outputs/984__s1_absolute_volume__mm3_5/segmentation_repaired.stl,/Users/angadkumar16ak/Projects/Automated_Cardiovascular_Segmentation_for_Bioprinting_Project/outputs/topology_correction/mesh_qc/s1_absolute_volume__mm3_5/case_outputs/984__s1_absolute_volume__mm3_5/segmentation_smoothed.stl,True,0.5946873328022152,3.141592653589793,0.5425120725441182,3.140174040510697,-0.0026177131493758344,0.14322776883163357,True
985__s1_absolute_volume__mm3_5,/Users/angadkumar16ak/Projects/Automated_Cardiovascular_Segmentation_for_Bioprinting_Project/outputs/topology_correction/case_outputs/985/mask__s1_absolute_volume__mm3_5.nii.gz,ok,3.0,5,True,0,5,8361.270922647429,7258.401865268861,166.8000066280365,116.40000462532043,95.40000379085541,0.4242640855706679,0.6000000238418579,0.5928229096236435,/Users/angadkumar16ak/Projects/Automated_Cardiovascular_Segmentation_for_Bioprinting_Project/outputs/topology_correction/mesh_qc/s1_absolute_volume__mm3_5/case_outputs/985__s1_absolute_volume__mm3_5/segmentation_raw.stl,/Users/angadkumar16ak/Projects/Automated_Cardiovascular_Segmentation_for_Bioprinting_Project/outputs/topology_correction/mesh_qc/s1_absolute_volume__mm3_5/case_outputs/985__s1_absolute_volume__mm3_5/segmentation_repaired.stl,/Users/angadkumar16ak/Projects/Automated_Cardiovascular_Segmentation_for_Bioprinting_Project/outputs/topology_correction/mesh_qc/s1_absolute_volume__mm3_5/case_outputs/985__s1_absolute_volume__mm3_5/segmentation_smoothed.stl,True,0.5757121564918473,3.141592653589793,0.518488762986738,3.1390715800292166,-0.0027895962505765743,0.09072297613476836,True
986__s1_absolute_volume__mm3_5,/Users/angadkumar16ak/Projects/Automated_Cardiovascular_Segmentation_for_Bioprinting_Project/outputs/topology_correction/case_outputs/986/mask__s1_absolute_volume__mm3_5.nii.gz,ok,3.0,8,True,0,8,8446.026742898968,7795.710929321089,175.2000069618225,108.60000431537628,96.00000381469727,0.4242640855706679,0.6000000238418579,0.5898657472210561,/Users/angadkumar16ak/Projects/Automated_Cardiovascular_Segmentation_for_Bioprinting_Project/outputs/topology_correction/mesh_qc/s1_absolute_volume__mm3_5/case_outputs/986__s1_absolute_volume__mm3_5/segmentation_raw.stl,/Users/angadkumar16ak/Projects/Automated_Cardiovascular_Segmentation_for_Bioprinting_Project/outputs/topology_correction/mesh_qc/s1_absolute_volume__mm3_5/case_outputs/986__s1_absolute_volume__mm3_5/segmentation_repaired.stl,/Users/angadkumar16ak/Projects/Automated_Cardiovascular_Segmentation_for_Bioprinting_Project/outputs/topology_correction/mesh_qc/s1_absolute_volume__mm3_5/case_outputs/986__s1_absolute_volume__mm3_5/segmentation_smoothed.stl,True,0.5808405315000347,3.141592653589793,0.5215728947634133,3.1411638929208294,-0.0025287997690431004,0.1148126926959701,True
987__s1_absolute_volume__mm3_5,/Users/angadkumar16ak/Projects/Automated_Cardiovascular_Segmentation_for_Bioprinting_Project/outputs/topology_correction/case_outputs/987/mask__s1_absolute_volume__mm3_5.nii.gz,ok,3.0,3,True,0,3,11012.071209736841,10528.390255081824,118.80000472068787,82.20000326633453,99.00000393390656,0.4242640855706679,0.6000000238418579,0.5916151898475133,/Users/angadkumar16ak/Projects/Automated_Cardiovascular_Segmentation_for_Bioprinting_Project/outputs/topology_correction/mesh_qc/s1_absolute_volume__mm3_5/case_outputs/987__s1_absolute_volume__mm3_5/segmentation_raw.stl,/Users/angadkumar16ak/Projects/Automated_Cardiovascular_Segmentation_for_Bioprinting_Project/outputs/topology_correction/mesh_qc/s1_absolute_volume__mm3_5/case_outputs/987__s1_absolute_volume__mm3_5/segmentation_repaired.stl,/Users/angadkumar16ak/Projects/Automated_Cardiovascular_Segmentation_for_Bioprinting_Project/outputs/topology_correction/mesh_qc/s1_absolute_volume__mm3_5/case_outputs/987__s1_absolute_volume__mm3_5/segmentation_smoothed.stl,True,0.5750115322838197,3.141592653589793,0.5175300686909587,3.138368505960475,-0.0019959985518405014,0.13514278780033978,True
988__s1_absolute_volume__mm3_5,/Users/angadkumar16ak/Projects/Automated_Cardiovascular_Segmentation_for_Bioprinting_Project/outputs/topology_correction/case_outputs/988/mask__s1_absolute_volume__mm3_5.nii.gz,ok,3.0,12,True,0,11,7093.901775147346,5615.838669460085,112.80000448226929,87.60000348091125,78.00000309944153,0.4242640855706679,0.6000000238418579,0.5927870860657267,/Users/angadkumar16ak/Projects/Automated_Cardiovascular_Segmentation_for_Bioprinting_Project/outputs/topology_correction/mesh_qc/s1_absolute_volume__mm3_5/case_outputs/988__s1_absolute_volume__mm3_5/segmentation_raw.stl,/Users/angadkumar16ak/Projects/Automated_Cardiovascular_Segmentation_for_Bioprinting_Project/outputs/topology_correction/mesh_qc/s1_absolute_volume__mm3_5/case_outputs/988__s1_absolute_volume__mm3_5/segmentation_repaired.stl,/Users/angadkumar16ak/Projects/Automated_Cardiovascular_Segmentation_for_Bioprinting_Project/outputs/topology_correction/mesh_qc/s1_absolute_volume__mm3_5/case_outputs/988__s1_absolute_volume__mm3_5/segmentation_smoothed.stl,True,0.5803849525713182,3.141592653589793,0.5302873775269152,3.1406334628792956,-0.003667712956443254,0.059472693032015064,True
989__s1_absolute_volume__mm3_5,/Users/angadkumar16ak/Projects/Automated_Cardiovascular_Segmentation_for_Bioprinting_Project/outputs/topology_correction/case_outputs/989/mask__s1_absolute_volume__mm3_5.nii.gz,ok,3.0,5,True,0,5,9030.755232307718,7584.318904121196,113.40000450611115,85.80000340938568,90.60000360012054,0.4242640855706679,0.6000000238418579,0.5903601118078996,/Users/angadkumar16ak/Projects/Automated_Cardiovascular_Segmentation_for_Bioprinting_Project/outputs/topology_correction/mesh_qc/s1_absolute_volume__mm3_5/case_outputs/989__s1_absolute_volume__mm3_5/segmentation_raw.stl,/Users/angadkumar16ak/Projects/Automated_Cardiovascular_Segmentation_for_Bioprinting_Project/outputs/topology_correction/mesh_qc/s1_absolute_volume__mm3_5/case_outputs/989__s1_absolute_volume__mm3_5/segmentation_repaired.stl,/Users/angadkumar16ak/Projects/Automated_Cardiovascular_Segmentation_for_Bioprinting_Project/outputs/topology_correction/mesh_qc/s1_absolute_volume__mm3_5/case_outputs/989__s1_absolute_volume__mm3_5/segmentation_smoothed.stl,True,0.5851118657253667,3.141592653589793,0.5267617202417437,3.1392871380017326,-0.002709100470816166,0.07585801795753964,True
990__s1_absolute_volume__mm3_5,/Users/angadkumar16ak/Projects/Automated_Cardiovascular_Segmentation_for_Bioprinting_Project/outputs/topology_correction/case_outputs/990/mask__s1_absolute_volume__mm3_5.nii.gz,ok,3.0,5,True,0,5,7949.093020052492,7051.680840625798,124.20000493526459,96.60000383853912,119.40000474452972,0.4242640855706679,0.6000000238418579,0.5897213528512751,/Users/angadkumar16ak/Projects/Automated_Cardiovascular_Segmentation_for_Bioprinting_Project/outputs/topology_correction/mesh_qc/s1_absolute_volume__mm3_5/case_outputs/990__s1_absolute_volume__mm3_5/segmentation_raw.stl,/Users/angadkumar16ak/Projects/Automated_Cardiovascular_Segmentation_for_Bioprinting_Project/outputs/topology_correction/mesh_qc/s1_absolute_volume__mm3_5/case_outputs/990__s1_absolute_volume__mm3_5/segmentation_repaired.stl,/Users/angadkumar16ak/Projects/Automated_Cardiovascular_Segmentation_for_Bioprinting_Project/outputs/topology_correction/mesh_qc/s1_absolute_volume__mm3_5/case_outputs/990__s1_absolute_volume__mm3_5/segmentation_smoothed.stl,True,0.5861803735288897,3.141592653589793,0.5356432382953927,3.1391549220002246,-0.0025897909320808593,0.09897857723944681,True
991__s1_absolute_volume__mm3_5,/Users/angadkumar16ak/Projects/Automated_Cardiovascular_Segmentation_for_Bioprinting_Project/outputs/topology_correction/case_outputs/991/mask__s1_absolute_volume__mm3_5.nii.gz,ok,3.0,13,True,0,12,7907.23371160829,6561.6577822105,162.00000643730164,143.40000569820404,78.00000309944153,0.4242640855706679,0.6000000238418579,0.590785650208477,/Users/angadkumar16ak/Projects/Automated_Cardiovascular_Segmentation_for_Bioprinting_Project/outputs/topology_correction/mesh_qc/s1_absolute_volume__mm3_5/case_outputs/991__s1_absolute_volume__mm3_5/segmentation_raw.stl,/Users/angadkumar16ak/Projects/Automated_Cardiovascular_Segmentation_for_Bioprinting_Project/outputs/topology_correction/mesh_qc/s1_absolute_volume__mm3_5/case_outputs/991__s1_absolute_volume__mm3_5/segmentation_repaired.stl,/Users/angadkumar16ak/Projects/Automated_Cardiovascular_Segmentation_for_Bioprinting_Project/outputs/topology_correction/mesh_qc/s1_absolute_volume__mm3_5/case_outputs/991__s1_absolute_volume__mm3_5/segmentation_smoothed.stl,True,0.6013819966939097,3.141592653589793,0.5540760512209983,3.13990759213445,-0.003247046405053396,0.07514693534844669,True
992__s1_absolute_volume__mm3_5,/Users/angadkumar16ak/Projects/Automated_Cardiovascular_Segmentation_for_Bioprinting_Project/outputs/topology_correction/case_outputs/992/mask__s1_absolute_volume__mm3_5.nii.gz,ok,3.0,4,True,0,4,6387.249290322523,5384.835641922383,111.60000443458557,87.0000034570694,87.0000034570694,0.4242640855706679,0.6000000238418579,0.5880089333632752,/Users/angadkumar16ak/Projects/Automated_Cardiovascular_Segmentation_for_Bioprinting_Project/outputs/topology_correction/mesh_qc/s1_absolute_volume__mm3_5/case_outputs/992__s1_absolute_volume__mm3_5/segmentation_raw.stl,/Users/angadkumar16ak/Projects/Automated_Cardiovascular_Segmentation_for_Bioprinting_Project/outputs/topology_correction/mesh_qc/s1_absolute_volume__mm3_5/case_outputs/992__s1_absolute_volume__mm3_5/segmentation_repaired.stl,/Users/angadkumar16ak/Projects/Automated_Cardiovascular_Segmentation_for_Bioprinting_Project/outputs/topology_correction/mesh_qc/s1_absolute_volume__mm3_5/case_outputs/992__s1_absolute_volume__mm3_5/segmentation_smoothed.stl,True,0.5901966214882952,3.141592653589793,0.5388917317599586,3.140954880281685,-0.002676439926378857,0.07220273519095101,True
993__s1_absolute_volume__mm3_5,/Users/angadkumar16ak/Projects/Automated_Cardiovascular_Segmentation_for_Bioprinting_Project/outputs/topology_correction/case_outputs/993/mask__s1_absolute_volume__mm3_5.nii.gz,ok,3.0,6,True,0,6,13610.201599348038,12689.056512653291,118.20000469684601,113.40000450611115,96.60000383853912,0.4242640855706679,0.6000000238418579,0.5910985493808643,/Users/angadkumar16ak/Projects/Automated_Cardiovascular_Segmentation_for_Bioprinting_Project/outputs/topology_correction/mesh_qc/s1_absolute_volume__mm3_5/case_outputs/993__s1_absolute_volume__mm3_5/segmentation_raw.stl,/Users/angadkumar16ak/Projects/Automated_Cardiovascular_Segmentation_for_Bioprinting_Project/outputs/topology_correction/mesh_qc/s1_absolute_volume__mm3_5/case_outputs/993__s1_absolute_volume__mm3_5/segmentation_repaired.stl,/Users/angadkumar16ak/Projects/Automated_Cardiovascular_Segmentation_for_Bioprinting_Project/outputs/topology_correction/mesh_qc/s1_absolute_volume__mm3_5/case_outputs/993__s1_absolute_volume__mm3_5/segmentation_smoothed.stl,True,0.6087333422524032,3.141592653589793,0.5542509523096175,3.1397392152102075,-0.0022020684247155324,0.1271760641330963,True
994__s1_absolute_volume__mm3_5,/Users/angadkumar16ak/Projects/Automated_Cardiovascular_Segmentation_for_Bioprinting_Project/outputs/topology_correction/case_outputs/994/mask__s1_absolute_volume__mm3_5.nii.gz,ok,3.0,8,True,0,8,9518.039795379724,8084.106963700572,129.00000512599945,105.00000417232513,78.00000309944153,0.4242640855706679,0.6000000238418579,0.5919649808733968,/Users/angadkumar16ak/Projects/Automated_Cardiovascular_Segmentation_for_Bioprinting_Project/outputs/topology_correction/mesh_qc/s1_absolute_volume__mm3_5/case_outputs/994__s1_absolute_volume__mm3_5/segmentation_raw.stl,/Users/angadkumar16ak/Projects/Automated_Cardiovascular_Segmentation_for_Bioprinting_Project/outputs/topology_correction/mesh_qc/s1_absolute_volume__mm3_5/case_outputs/994__s1_absolute_volume__mm3_5/segmentation_repaired.stl,/Users/angadkumar16ak/Projects/Automated_Cardiovascular_Segmentation_for_Bioprinting_Project/outputs/topology_correction/mesh_qc/s1_absolute_volume__mm3_5/case_outputs/994__s1_absolute_volume__mm3_5/segmentation_smoothed.stl,True,0.5863158873503279,3.141592653589793,0.5341361624782659,3.1386928018315317,-0.0027040475556166605,0.08260515888635231,True
995__s1_absolute_volume__mm3_5,/Users/angadkumar16ak/Projects/Automated_Cardiovascular_Segmentation_for_Bioprinting_Project/outputs/topology_correction/case_outputs/995/mask__s1_absolute_volume__mm3_5.nii.gz,ok,3.0,11,False,28,11,8074.773848816217,not_watertight,171.30000680685043,128.4000051021576,77.40000307559967,0.4242640855706679,0.6000000238418579,0.5914036521091834,/Users/angadkumar16ak/Projects/Automated_Cardiovascular_Segmentation_for_Bioprinting_Project/outputs/topology_correction/mesh_qc/s1_absolute_volume__mm3_5/case_outputs/995__s1_absolute_volume__mm3_5/segmentation_raw.stl,/Users/angadkumar16ak/Projects/Automated_Cardiovascular_Segmentation_for_Bioprinting_Project/outputs/topology_correction/mesh_qc/s1_absolute_volume__mm3_5/case_outputs/995__s1_absolute_volume__mm3_5/segmentation_repaired.stl,/Users/angadkumar16ak/Projects/Automated_Cardiovascular_Segmentation_for_Bioprinting_Project/outputs/topology_correction/mesh_qc/s1_absolute_volume__mm3_5/case_outputs/995__s1_absolute_volume__mm3_5/segmentation_smoothed.stl,True,0.6100857620637602,3.141592653589793,0.5627993064549742,3.1408118607405053,not_watertight,0.0495906432748538,False
996__s1_absolute_volume__mm3_5,/Users/angadkumar16ak/Projects/Automated_Cardiovascular_Segmentation_for_Bioprinting_Project/outputs/topology_correction/case_outputs/996/mask__s1_absolute_volume__mm3_5.nii.gz,ok,3.0,8,True,0,8,7199.397052787176,5755.6086861219665,106.20000422000885,93.60000371932983,77.40000307559967,0.4242640855706679,0.6000000238418579,0.5911979977260009,/Users/angadkumar16ak/Projects/Automated_Cardiovascular_Segmentation_for_Bioprinting_Project/outputs/topology_correction/mesh_qc/s1_absolute_volume__mm3_5/case_outputs/996__s1_absolute_volume__mm3_5/segmentation_raw.stl,/Users/angadkumar16ak/Projects/Automated_Cardiovascular_Segmentation_for_Bioprinting_Project/outputs/topology_correction/mesh_qc/s1_absolute_volume__mm3_5/case_outputs/996__s1_absolute_volume__mm3_5/segmentation_repaired.stl,/Users/angadkumar16ak/Projects/Automated_Cardiovascular_Segmentation_for_Bioprinting_Project/outputs/topology_correction/mesh_qc/s1_absolute_volume__mm3_5/case_outputs/996__s1_absolute_volume__mm3_5/segmentation_smoothed.stl,True,0.5928150702507976,3.141592653589793,0.5413212116652081,3.140302590459359,-0.0033003318547106617,0.05875432017060078,True
997__s1_absolute_volume__mm3_5,/Users/angadkumar16ak/Projects/Automated_Cardiovascular_Segmentation_for_Bioprinting_Project/outputs/topology_correction/case_outputs/997/mask__s1_absolute_volume__mm3_5.nii.gz,ok,3.0,7,True,0,6,10352.88258467115,9130.564088447973,120.00000476837158,106.80000424385071,79.20000314712524,0.4242640855706679,0.6000000238418579,0.5900689998033115,/Users/angadkumar16ak/Projects/Automated_Cardiovascular_Segmentation_for_Bioprinting_Project/outputs/topology_correction/mesh_qc/s1_absolute_volume__mm3_5/case_outputs/997__s1_absolute_volume__mm3_5/segmentation_raw.stl,/Users/angadkumar16ak/Projects/Automated_Cardiovascular_Segmentation_for_Bioprinting_Project/outputs/topology_correction/mesh_qc/s1_absolute_volume__mm3_5/case_outputs/997__s1_absolute_volume__mm3_5/segmentation_repaired.stl,/Users/angadkumar16ak/Projects/Automated_Cardiovascular_Segmentation_for_Bioprinting_Project/outputs/topology_correction/mesh_qc/s1_absolute_volume__mm3_5/case_outputs/997__s1_absolute_volume__mm3_5/segmentation_smoothed.stl,True,0.5945231005977785,3.141592653589793,0.5412740621804792,3.1397762226182486,-0.0026957733465991537,0.10037676170984697,True
998__s1_absolute_volume__mm3_5,/Users/angadkumar16ak/Projects/Automated_Cardiovascular_Segmentation_for_Bioprinting_Project/outputs/topology_correction/case_outputs/998/mask__s1_absolute_volume__mm3_5.nii.gz,ok,3.0,4,True,0,3,9635.147659358809,9644.734149741817,111.00000441074371,95.40000379085541,81.60000324249268,0.4242640855706679,0.6000000238418579,0.59197843643671,/Users/angadkumar16ak/Projects/Automated_Cardiovascular_Segmentation_for_Bioprinting_Project/outputs/topology_correction/mesh_qc/s1_absolute_volume__mm3_5/case_outputs/998__s1_absolute_volume__mm3_5/segmentation_raw.stl,/Users/angadkumar16ak/Projects/Automated_Cardiovascular_Segmentation_for_Bioprinting_Project/outputs/topology_correction/mesh_qc/s1_absolute_volume__mm3_5/case_outputs/998__s1_absolute_volume__mm3_5/segmentation_repaired.stl,/Users/angadkumar16ak/Projects/Automated_Cardiovascular_Segmentation_for_Bioprinting_Project/outputs/topology_correction/mesh_qc/s1_absolute_volume__mm3_5/case_outputs/998__s1_absolute_volume__mm3_5/segmentation_smoothed.stl,True,0.5677246892549285,3.141592653589793,0.5077115954657585,3.139652833294096,-0.002062229486309845,0.17335012483153267,True
999__s1_absolute_volume__mm3_5,/Users/angadkumar16ak/Projects/Automated_Cardiovascular_Segmentation_for_Bioprinting_Project/outputs/topology_correction/case_outputs/999/mask__s1_absolute_volume__mm3_5.nii.gz,ok,3.0,14,True,0,14,5727.333399322081,4416.876526532672,100.20000398159027,72.00000286102295,78.00000309944153,0.4242640855706679,0.6000000238418579,0.5900017521322609,/Users/angadkumar16ak/Projects/Automated_Cardiovascular_Segmentation_for_Bioprinting_Project/outputs/topology_correction/mesh_qc/s1_absolute_volume__mm3_5/case_outputs/999__s1_absolute_volume__mm3_5/segmentation_raw.stl,/Users/angadkumar16ak/Projects/Automated_Cardiovascular_Segmentation_for_Bioprinting_Project/outputs/topology_correction/mesh_qc/s1_absolute_volume__mm3_5/case_outputs/999__s1_absolute_volume__mm3_5/segmentation_repaired.stl,/Users/angadkumar16ak/Projects/Automated_Cardiovascular_Segmentation_for_Bioprinting_Project/outputs/topology_correction/mesh_qc/s1_absolute_volume__mm3_5/case_outputs/999__s1_absolute_volume__mm3_5/segmentation_smoothed.stl,True,0.5977711653002729,3.141592653589793,0.5539384946476583,3.140266309583414,-0.004328601570919308,0.05320522013480568,True
