case_id,component_label,volume_rank,voxel_count,volume_mm3,volume_fraction_of_largest,volume_fraction_of_total,centroid_vox_x,centroid_vox_y,centroid_vox_z,centroid_world_x,centroid_world_y,centroid_world_z,bbox_min_x,bbox_min_y,bbox_min_z,bbox_max_x,bbox_max_y,bbox_max_z,bbox_extent_x_mm,bbox_extent_y_mm,bbox_extent_z_mm,max_extent_mm,max_inscribed_diameter_mm,distance_to_nearest_larger_mm,nearest_larger_label
1000,1,1,18713,4042.0084818449213,1.0,0.5623065596922985,99.49035429915033,140.79698605247688,134.60230855554963,-48.63879286097492,168.14518717584787,-168.28861470925892,45,80,67,150,238,178,63.60000252723694,95.40000379085541,67.20000267028809,132.89831226786328,5.878775616281173,inf,-1
1000,4,2,14072,3039.552362342849,0.7519905947736867,0.4228492442681571,196.02551165434906,182.88054292211484,88.61633030130756,9.282303853721828,193.3953223009808,-195.8802027581953,116,106,38,232,245,147,70.20000278949738,84.00000333786011,66.00000262260437,127.82817098976943,5.3665633592475555,16.638510209789423,1
1000,2,3,175,37.80000450611132,0.009351787527387377,0.0052585714714985425,102.42857142857143,156.94285714285715,166.93142857142857,-46.875862513269695,177.8327102150236,-148.89114192894527,90,153,162,114,159,171,15.000000596046448,4.200000166893005,6.000000238418579,16.69251395519315,2.0784610516732713,1.8973666714956023,1
1000,3,4,99,21.384002549171548,0.005290439801207716,0.0029748490038763184,116.44444444444444,191.1010101010101,36.18181818181818,-38.466338369581436,198.3276028043092,-227.34091128002513,113,187,34,119,194,38,4.200000166893005,4.800000190734863,3.0000001192092896,7.048404354760852,2.6832816796237777,2.5455845134240076,4
1000,5,5,99,21.384002549171548,0.005290439801207716,0.0029748490038763184,122.39393939393939,93.58585858585859,77.04040404040404,-34.89664125803745,139.8185095702759,-202.82575879072903,118,92,74,128,95,79,6.600000262260437,2.4000000953674316,3.6000001430511475,7.891768176370223,2.4000000953674316,6.292853339076425,1
1000,7,6,81,17.496002085685813,0.004328541655533586,0.002433967366807897,138.0,115.14814814814815,57.098765432098766,-25.53300452232361,152.7558838217347,-214.7907424311579,129,113,55,145,119,60,10.200000405311584,4.200000166893005,3.6000001430511475,11.603448224567817,1.6970563422826717,3.3941126845653433,4
1000,8,7,29,6.264000746727019,0.0015497247902527653,0.0008714204152769013,145.51724137931035,120.82758620689656,56.58620689655172,-21.0226595155124,156.16354679239208,-215.09827756470648,144,120,55,148,122,58,3.0000001192092896,1.8000000715255737,2.4000000953674316,4.2426408557066795,1.6970563422826717,0.8485281711413358,7
1000,6,8,9,1.9440002317428682,0.00048094907283706515,0.0002704408185342108,129.88888888888889,92.33333333333333,80.55555555555556,-30.399671382374237,139.0669943888982,-200.71666779783038,129,92,80,132,93,81,2.4000000953674316,1.2000000476837158,1.2000000476837158,2.9393878081405864,1.2000000476837158,0.8485281711413358,5
1000,9,9,2,0.43200005149841514,0.00010687757174157004,6.009795967426906e-05,186.5,245.0,87.0,3.5669966340065002,230.6669980287552,-196.85000097751617,186,245,87,187,245,87,1.2000000476837158,0.6000000238418579,0.6000000238418579,1.4696939040702932,1.2000000476837158,5.969924859863211,4
751,5,1,25536,5515.776657531765,1.0,0.758712897762724,126.65856046365914,170.156328320802,124.98300438596492,-39.332009139529106,164.2666526118242,113.93980637434544,62,109,12,183,247,174,73.20000290870667,83.40000331401825,97.80000388622284,147.91430538916146,6.000000238418579,inf,-1
751,8,2,5783,1249.1281489076673,0.22646459899749372,0.17182161214606173,215.0122773646896,223.50561992045652,112.65640670932042,13.680223107605912,196.27622884356316,106.54384747446974,181,188,42,242,259,157,37.20000147819519,43.20000171661377,69.60000276565552,89.96799788409439,4.32666170248287,27.87256826596495,5
751,9,3,1968,425.0880506744405,0.07706766917293234,0.05847223460201444,208.47357723577235,253.7530487804878,100.15599593495935,9.757002874360822,214.42468688073683,99.04360071182009,184,240,61,228,262,136,27.000001072883606,13.800000548362732,45.6000018119812,54.76130237972081,3.3941126845653433,6.148170703882103,8
751,4,4,144,31.10400370788589,0.005639097744360902,0.004278456190391301,55.5625,122.45833333333333,139.00694444444446,-81.98964711278677,135.64785448213416,122.35417074378995,48,121,136,63,125,143,9.600000381469727,3.0000001192092896,4.800000190734863,11.144505815446882,2.0784610516732713,21.815591622111103,5
751,7,5,101,21.816002600669965,0.003955200501253133,0.003000861633538343,180.03960396039605,256.64356435643566,57.28712871287129,-7.303381768783709,216.1589962952208,73.32227935649381,176,255,54,186,258,59,6.600000262260437,2.4000000953674316,3.6000001430511475,7.891768176370223,2.4000000953674316,2.4738634736730947,9
751,2,6,57,12.312001467704832,0.002232142857142857,0.0016935555753632232,45.75438596491228,90.54385964912281,119.9298245614035,-87.87451576768306,116.49916951070753,110.9078983591314,41,90,119,51,91,121,6.600000262260437,1.2000000476837158,1.8000000715255737,6.945502417663594,1.2000000476837158,20.671720633763,4
751,1,7,49,10.58400126171117,0.001918859649122807,0.0014558635647859287,40.183673469387756,79.3061224489796,127.91836734693878,-91.2169433978139,109.75652692269306,115.70102422091426,38,77,126,43,81,129,3.6000001430511475,3.0000001192092896,2.4000000953674316,5.264978841646728,2.0784610516732713,6.734983563817286,2
751,6,8,18,3.8880004634857364,0.0007048872180451127,0.0005348070237989126,106.83333333333333,185.33333333333334,153.66666666666666,-51.22714589039485,173.372855981191,131.15000442663828,105,184,152,108,186,155,2.4000000953674316,1.8000000715255737,2.4000000953674316,3.8418746951220877,1.6970563422826717,7.469940055621977,5
751,3,9,1,0.21600002574920757,3.9160401002506263e-05,2.971150132216181e-05,42.0,75.0,142.0,-90.12714743614197,107.17285335063934,124.15000414848328,42,75,142,42,75,142,0.6000000238418579,0.6000000238418579,0.6000000238418579,1.0392305258366357,1.2000000476837158,7.891768176370223,1
752,1,1,21411,4624.776551316283,1.0,0.5551493466085874,110.10233057774042,152.4650413338938,140.40535238895896,-57.27941934081163,178.6382081228861,58.19321554383929,64,93,60,158,239,202,57.0000022649765,88.20000350475311,85.80000340938568,135.60929710567922,5.230678940097307,inf,-1
752,4,2,16249,3509.7844183988736,0.7589089720237261,0.4213078199543662,187.7011508400517,178.5132008123577,88.96621330543418,-10.720125333324816,194.26710443100097,27.329730867319775,112,124,33,240,225,189,77.40000307559967,61.20000243186951,94.20000374317169,136.41789281094043,4.32666170248287,16.8854974063337,1
752,3,3,604,130.46401555252137,0.028209798701601983,0.015660651317154117,97.3956953642384,223.1523178807947,44.86423841059602,-64.90340077186264,221.05057573634267,0.8685448789438652,91,213,31,101,232,64,6.600000262260437,12.000000476837158,20.40000081062317,24.570715251684387,2.6832816796237777,2.4738634736730947,1
752,5,4,275,59.40000708103208,0.012843865302881697,0.00713026343082348,195.04363636363635,220.12363636363636,160.2109090909091,-6.314633844115519,219.23336675383828,70.07655003721064,188,213,153,202,225,168,9.000000357627869,7.800000309944153,9.600000381469727,15.297059148628849,2.4000000953674316,4.9839745157961906,4
752,2,5,29,6.264000746727019,0.0013544439773947971,0.0007519186890686578,77.06896551724138,131.44827586206895,92.13793103448276,-77.09943916468785,166.02814833871247,29.232761580368567,75,129,91,79,133,93,3.0000001192092896,3.0000001192092896,1.8000000715255737,4.60868763185395,1.6970563422826717,5.400000214576721,1
753,1,1,16216,3502.65641754915,1.0,0.7887926841132404,112.81259250123335,140.99056487419833,107.27041193882584,-58.645449622098184,162.261334473496,105.31225048376088,60,71,19,165,228,149,63.60000252723694,94.80000376701355,78.60000312328339,138.60000550746918,5.091169026848015,inf,-1
753,4,2,3781,816.6960973577538,0.23316477553034043,0.18391866913123842,212.20312086749536,146.00634752710923,55.11399100766993,0.9888697673138722,165.27080418482814,74.01839668156136,157,114,31,238,187,98,49.20000195503235,44.400001764297485,40.80000162124634,77.82442085450113,3.7947333429912047,29.831528132572902,1
753,2,3,348,75.16800896072424,0.021460286137148496,0.016927716703959525,93.816091954023,202.4712643678161,114.60919540229885,-70.04335040333626,199.14975563548077,109.71552073681491,87,196,107,98,209,124,7.200000286102295,8.40000033378601,10.800000429153442,15.460919086431852,2.9393878081405864,5.692100014486806,1
753,3,4,138,29.808003553390645,0.008510113468179576,0.006712715244673605,130.7608695652174,86.17391304347827,120.8913043478261,-47.87648295578748,129.37134206813315,113.48478625390841,129,78,118,133,93,123,3.0000001192092896,9.600000381469727,3.6000001430511475,10.682696713351126,2.4000000953674316,4.837354841198334,1
753,5,5,75,16.200001931190567,0.0046250616674889,0.0036482148068878286,220.69333333333333,200.08,85.25333333333333,6.0829974492390875,197.71499695777894,92.10200279553732,218,197,84,223,203,87,3.6000001430511475,4.200000166893005,2.4000000953674316,6.029925612280241,2.4000000953674316,8.02745321513811,4
754,1,1,24256,5239.2966245727785,1.0,0.8177466118265795,109.70968007915567,123.79526715039577,122.76397592348285,-29.526728399323986,153.42462417924662,-162.89161457074684,58,70,6,155,212,193,58.800002336502075,85.80000340938568,112.80000448226929,153.43702900872142,6.1188236594515395,inf,-1
754,7,2,5157,1113.9121327886635,0.2126071899736148,0.17385880925089342,184.58212138840412,159.57378320729106,138.23792902850494,15.396738171323179,174.89173466641012,-153.6072423388058,155,133,74,209,185,184,33.000001311302185,31.80000126361847,66.60000264644623,80.84429800189204,4.947726947346189,25.70914336434379,1
754,8,3,112,24.192002883911247,0.004617414248021108,0.0037758748567190345,166.88392857142858,178.65178571428572,163.67857142857142,4.7778220591800675,186.33853662546193,-138.34285629221372,165,173,160,168,184,168,2.4000000953674316,7.200000286102295,5.400000214576721,9.314505187881181,2.4000000953674316,4.60868763185395,7
754,3,4,103,22.24800265216838,0.00424637203166227,0.0034724563414469697,92.44660194174757,93.11650485436893,146.76699029126215,-39.88457569335271,135.01736607019183,-148.48980537780278,89,92,142,96,95,151,4.800000190734863,2.4000000953674316,6.000000238418579,8.049845038871332,2.4000000953674316,2.9393878081405864,1
754,4,5,24,5.184000617980981,0.0009894459102902375,0.0008091160407255074,98.08333333333333,156.5,164.41666666666666,-36.50253672401111,173.04746466875076,-137.89999913175902,97,153,163,99,159,166,1.8000000715255737,4.200000166893005,2.4000000953674316,5.161395365320993,1.6970563422826717,3.7947333429912047,1
754,2,6,8,1.7280002059936606,0.0003298153034300792,0.0002697053469085025,73.625,117.75,40.75,-51.17753730714321,149.79746374487877,-212.1000020802021,73,116,40,75,119,41,1.8000000715255737,2.4000000953674316,1.2000000476837158,3.231099012673037,1.2000000476837158,18.297541545451235,1
754,5,7,1,0.21600002574920757,4.12269129287599e-05,3.371316836356281e-05,98.0,151.0,168.0,-36.552536725997925,169.74746453762054,-135.74999904632568,98,151,168,98,151,168,0.6000000238418579,0.6000000238418579,0.6000000238418579,1.0392305258366357,1.2000000476837158,1.6970563422826717,4
754,6,8,1,0.21600002574920757,4.12269129287599e-05,3.371316836356281e-05,98.0,152.0,167.0,-36.552536725997925,170.3474645614624,-136.34999907016754,98,152,167,98,152,167,0.6000000238418579,0.6000000238418579,0.6000000238418579,1.0392305258366357,1.2000000476837158,0.8485281711413358,4
755,1,1,16587,3582.792427102106,1.0,0.5749393414211438,111.27660215831675,121.90769880026527,126.31042382588774,-57.066067301969014,149.81259093666517,116.73625806994727,59,58,29,164,188,170,63.60000252723694,78.60000312328339,85.20000338554382,132.21936843496638,5.3665633592475555,inf,-1
755,8,2,10505,2269.0802704954253,0.6333273045155844,0.3641247833622183,190.79514516896717,155.50490242741552,90.43255592574964,-9.354939599708956,169.9709139139751,95.20953647446939,142,91,45,225,198,142,50.400002002716064,64.80000257492065,58.800002336502075,100.97841754729649,4.32666170248287,23.05905553697527,1
755,2,3,1448,312.76803728485254,0.08729728100319527,0.050190641247833616,81.35635359116021,122.89986187845304,40.26588397790055,-75.01821715561725,150.40788880723287,65.10953210969328,75,96,20,94,150,52,12.000000476837158,33.000001311302185,19.80000078678131,40.311786479224395,3.3941126845653433,6.148170703882103,1
755,9,4,146,31.536003759384304,0.0088020739133056,0.005060658578856152,167.16438356164383,96.97260273972603,65.86301369863014,-23.533397127504216,134.85153270584263,80.46781055241415,164,94,62,170,100,69,4.200000166893005,4.200000166893005,4.800000190734863,7.636753540272022,2.9393878081405864,0.8485281711413358,8
755,5,5,79,17.064002034187396,0.0047627660215831666,0.0027383015597920272,110.77215189873418,62.59493670886076,124.46835443037975,-57.36873746974558,114.22493226769603,115.63101638872412,108,61,121,113,64,128,3.6000001430511475,2.4000000953674316,4.800000190734863,6.462198025346074,2.4000000953674316,4.284857227390632,1
755,10,6,47,10.152001210212756,0.0028335443419545427,0.001629116117850953,170.80851063829786,197.0,97.08510638297872,-21.346920794629042,194.867973446846,99.20106690741599,166,196,95,176,198,100,6.600000262260437,1.8000000715255737,3.6000001430511475,7.730459543215926,1.6970563422826717,8.00499875656586,8
755,3,7,34,7.344000875473057,0.002049798034605414,0.0011785095320623914,103.5,62.705882352941174,115.32352941176471,-61.732028782367706,114.29149965678944,110.14412115952548,102,62,113,106,64,118,3.0000001192092896,1.8000000715255737,3.6000001430511475,5.019960358679748,1.6970563422826717,2.163330851241435,5
755,7,8,2,0.43200005149841514,0.00012057635497678904,6.932409012131715e-05,115.0,69.0,130.5,-54.83202850818634,118.0679703950882,119.25000387430191,115,69,130,115,69,131,0.6000000238418579,0.6000000238418579,1.2000000476837158,1.4696939040702932,1.2000000476837158,3.8418746951220877,1
755,4,9,1,0.21600002574920757,6.028817748839452e-05,3.4662045060658575e-05,107.0,63.0,119.0,-59.632028698921204,114.46797025203705,112.35000360012054,107,63,119,107,63,119,0.6000000238418579,0.6000000238418579,0.6000000238418579,1.0392305258366357,1.2000000476837158,0.8485281711413358,3
755,6,10,1,0.21600002574920757,6.028817748839452e-05,3.4662045060658575e-05,113.0,67.0,128.0,-56.032028555870056,116.86797034740448,117.75000381469727,113,67,128,113,67,128,0.6000000238418579,0.6000000238418579,0.6000000238418579,1.0392305258366357,1.2000000476837158,1.9899749532877369,5
756,1,1,17635,3809.1604540872754,1.0,0.8255699639529985,107.05001417635384,95.34771760703147,114.37856535299122,-61.110809254416466,146.86781252498562,-1052.4229068893328,45,42,28,161,180,161,70.20000278949738,83.40000331401825,80.40000319480896,135.45390898068976,5.499091052461245,inf,-1
756,8,2,3617,781.2720931348838,0.2051034873830451,0.16932727868545483,192.47553220901298,157.1412773016312,103.33895493502904,-9.855496398117921,183.94394981501873,-1059.0466734033148,162,133,49,216,184,134,33.000001311302185,31.20000123977661,51.60000205039978,68.73863815576556,3.9799499065754738,24.253660481443124,1
756,6,3,42,9.072001081466718,0.0023816274454210376,0.001966200084265718,125.97619047619048,55.38095238095238,55.73809523809524,-49.755103023279275,122.88775243645622,-1087.6071903563682,123,54,55,130,57,57,4.800000190734863,2.4000000953674316,1.8000000715255737,5.6603889041576,1.6970563422826717,7.048404354760852,1
756,7,4,41,8.85600105571751,0.00232492203005387,0.0019193857965451057,148.6829268292683,183.5121951219512,44.02439024390244,-36.131060670061814,199.7665011359424,-1094.6354136321602,146,182,43,152,185,45,4.200000166893005,2.4000000953674316,1.8000000715255737,5.161395365320993,2.0784610516732713,6.734983563817286,8
756,5,5,12,2.5920003089904906,0.0006804649844060107,0.000561771452647348,107.25,60.666666666666664,46.25,-60.99081775546074,126.05918113390604,-1093.300047725439,106,59,46,109,62,47,2.4000000953674316,2.4000000953674316,1.2000000476837158,3.6000001430511475,1.2000000476837158,10.598113460724592,6
756,4,6,9,1.9440002317428682,0.0005103487383045081,0.0004213285894855111,105.11111111111111,64.33333333333333,44.111111111111114,-62.274151139789154,128.25918122132617,-1094.5833811097675,104,64,43,106,65,45,1.8000000715255737,1.2000000476837158,1.8000000715255737,2.8142495677222836,1.2000000476837158,1.3416408398118889,5
756,3,7,4,0.8640001029968303,0.00022682166146867027,0.00018725715088244936,97.25,62.25,45.75,-66.99081799387932,127.00918117165565,-1093.60004773736,97,62,45,98,63,46,1.2000000476837158,1.2000000476837158,1.2000000476837158,2.0784610516732713,1.2000000476837158,3.9799499065754738,4
756,2,8,1,0.21600002574920757,5.670541536716757e-05,4.681428772061234e-05,96.0,64.0,46.0,-67.74081802368164,128.0591812133789,-1093.4500477313995,96,64,46,96,64,46,0.6000000238418579,0.6000000238418579,0.6000000238418579,1.0392305258366357,1.2000000476837158,0.8485281711413358,3
757,3,1,24120,5209.920621070886,1.0,0.6777375031610889,115.91223051409618,166.97773631840795,150.00522388059701,-72.27297142797936,170.8663332721042,86.45313795244516,60,89,43,178,270,205,71.40000283718109,109.20000433921814,97.80000388622284,163.05656108534833,6.1188236594515395,inf,-1
757,5,2,11420,2466.7202940559505,0.47346600331674965,0.3208856669195538,226.80105078809106,206.5211033274956,107.07810858143608,-5.739676619786934,194.59235442034418,60.696867749486415,165,147,53,258,260,180,56.400002241134644,68.4000027179718,76.80000305175781,117.29348274038311,4.489989042544857,35.236913864251555,3
757,4,3,41,8.85600105571751,0.0016998341625207296,0.00115204136109472,68.21951219512195,184.97560975609755,145.17073170731706,-100.88860355644691,181.66505776382076,83.5524425332139,66,184,143,71,186,148,3.6000001430511475,1.8000000715255737,3.6000001430511475,5.400000214576721,2.0784610516732713,4.569464045092525,3
757,2,4,3,0.6480000772476227,0.0001243781094527363,8.429570934839416e-05,38.666666666666664,107.0,127.33333333333333,-118.62031157811484,134.8796900510788,72.85000308354695,38,107,127,39,107,128,1.2000000476837158,0.6000000238418579,1.2000000476837158,1.8000000715255737,1.2000000476837158,33.08171831956586,3
757,6,5,3,0.6480000772476227,0.0001243781094527363,8.429570934839416e-05,181.0,280.0,87.0,-33.22030818462372,238.67969417572021,48.650002121925354,181,280,86,181,280,88,0.6000000238418579,0.6000000238418579,1.8000000715255737,1.9899749532877369,1.2000000476837158,26.603760190012846,5
757,1,6,1,0.21600002574920757,4.145936981757877e-05,2.8098569782798052e-05,37.0,108.0,127.0,-119.62031161785126,135.47969007492065,72.65000307559967,37,108,127,37,108,127,0.6000000238418579,0.6000000238418579,0.6000000238418579,1.0392305258366357,1.2000000476837158,0.8485281711413358,2
757,7,7,1,0.21600002574920757,4.145936981757877e-05,2.8098569782798052e-05,182.0,280.0,84.0,-32.62030816078186,238.67969417572021,46.85000205039978,182,280,84,182,280,84,0.6000000238418579,0.6000000238418579,0.6000000238418579,1.0392305258366357,1.2000000476837158,1.3416408398118889,6
758,1,1,17083,3689.9284398737127,1.0,0.6641138280915911,93.29842533512848,150.73681437686588,143.4145056488907,-51.85102069951511,166.11201409496522,39.99870757154214,45,82,12,146,226,204,61.20000243186951,87.0000034570694,115.80000460147858,157.2389327262602,4.947726947346189,inf,-1
758,3,2,8062,1741.3922075901114,0.4719311596323831,0.3134160090191657,192.04142892582485,153.50347308360207,96.07231456214339,7.3947838091193745,167.77200938496924,11.59339179076796,138,111,35,228,183,190,54.60000216960907,43.80000174045563,93.60000371932983,116.87840299064575,4.156922103346543,33.44428335144864,1
758,4,3,502,108.4320129261022,0.02938593923783879,0.01951560859930801,212.59561752988049,202.21713147410358,96.19123505976096,19.727297461602802,197.00020558069428,11.664744092173784,201,192,79,225,207,110,15.000000596046448,9.600000381469727,19.200000762939453,26.187784451963253,2.6832816796237777,8.182909343351104,3
758,5,4,68,14.688001750946114,0.003980565474448282,0.0026435485752050692,225.05882352941177,188.0,115.5,27.205221358467554,188.4699263572693,23.25000351667404,222,186,112,227,191,118,3.6000001430511475,3.6000001430511475,4.200000166893005,6.600000262260437,2.4000000953674316,1.8000000715255737,4
758,2,5,8,1.7280002059936606,0.0004683018205233273,0.00031100571473000814,58.25,201.5,125.375,-72.88007673621178,196.56992667913437,29.17500375211239,57,201,125,59,202,126,1.8000000715255737,1.2000000476837158,1.2000000476837158,2.4738634736730947,1.2000000476837158,0.8485281711413358,1
759,1,1,10392,2244.672267585765,1.0,0.5638326732136075,89.96911085450347,144.70217474980754,153.94081986143186,-30.35935165476716,159.98048798735323,-201.68549220587448,51,87,78,141,214,183,54.60000216960907,76.80000305175781,63.60000252723694,113.68535977484466,4.800000190734863,inf,-1
759,8,2,7767,1677.672199994095,0.7474018475750577,0.42140958168303405,175.55465430668212,165.8819363975795,102.62173297283378,20.9919764570584,172.68834548098124,-232.4769455625757,126,106,54,205,205,164,48.00000190734863,60.00000238418579,66.60000264644623,101.68363104115834,4.156922103346543,27.541242896459025,1
759,4,3,142,30.672003656387474,0.013664357197844496,0.007704411046606263,106.96478873239437,147.01408450704224,49.40845070422535,-20.161944522824086,161.36763389681425,-264.40491619244426,98,140,46,114,154,52,10.200000405311584,9.000000357627869,4.200000166893005,14.236573186956177,2.0784610516732713,17.656727465089876,8
759,9,4,92,19.872002368927095,0.008852963818321785,0.004991590255547719,136.27173913043478,134.8804347826087,55.369565217391305,-2.5777735852676926,154.08744377286536,-260.82824734242064,132,131,53,142,137,58,6.600000262260437,4.200000166893005,3.6000001430511475,8.611620398839431,2.4000000953674316,2.4000000953674316,8
759,3,5,16,3.456000411987321,0.0015396458814472672,0.0008681026531387338,95.25,155.125,47.125,-27.190818041563034,166.2341833859682,-265.7749866694212,94,154,46,97,156,48,2.4000000953674316,1.8000000715255737,1.8000000715255737,3.498571275927907,1.6970563422826717,0.8485281711413358,4
759,5,6,11,2.376000283241283,0.0010585065434949963,0.0005968205740328795,119.0,130.0909090909091,57.63636363636363,-12.940817475318909,151.21372824365443,-259.4681682369926,118,129,57,120,131,58,1.8000000715255737,1.8000000715255737,1.2000000476837158,2.8142495677222836,1.2000000476837158,7.149825456796317,4
759,6,7,5,1.080000128746038,0.00048113933795227104,0.0002712820791058543,121.8,102.4,79.4,-11.260817408561707,134.59918212890625,-246.40998589992523,121,102,79,122,103,80,1.2000000476837158,1.2000000476837158,1.2000000476837158,2.0784610516732713,1.2000000476837158,4.2426408557066795,8
759,2,8,4,0.8640001029968303,0.0003849114703618168,0.00021702566328468345,62.75,102.75,94.25,-46.690818816423416,134.8091821372509,-237.49998554587364,62,102,94,63,103,95,1.2000000476837158,1.2000000476837158,1.2000000476837158,2.0784610516732713,1.2000000476837158,13.695255196816518,1
759,7,9,2,0.43200005149841514,0.0001924557351809084,0.00010851283164234172,122.5,105.0,71.0,-10.840817391872406,136.15918219089508,-251.44998610019684,122,105,71,123,105,71,1.2000000476837158,0.6000000238418579,0.6000000238418579,1.4696939040702932,1.2000000476837158,1.9899749532877369,8
760,3,1,18340,3961.440472240467,1.0,0.5023969319271333,192.72551799345692,154.76384950926936,98.74907306434024,-3.200622108991439,171.52237589541932,99.69944695590496,97,94,45,238,212,169,85.20000338554382,71.40000283718109,75.00000298023224,134.0969851602973,5.499091052461245,inf,-1
760,1,2,16724,3612.3844306297474,0.911886586695747,0.4581290234214492,109.84608945228415,154.06176751973211,152.15020330064579,-52.92828120969466,171.10112668495805,131.74012637087046,56,88,53,164,230,199,65.40000259876251,85.80000340938568,88.20000350475311,139.34863308697075,5.499091052461245,22.037242082329637,3
760,10,3,555,119.8800142908102,0.03026172300981461,0.015203396794959596,245.87027027027028,176.15315315315314,111.4018018018018,28.686230524166206,184.35595859171033,107.29108450004647,242,171,99,251,181,127,6.000000238418579,6.600000262260437,17.40000069141388,19.553005661126996,3.3941126845653433,3.7947333429912047,3
760,5,4,311,67.17600800800355,0.016957470010905123,0.008519380906725106,164.04501607717043,122.14790996784566,71.52411575562701,-20.40892394255978,151.95281139294053,83.36447192158346,155,119,65,173,126,75,11.4000004529953,4.800000190734863,6.600000262260437,14.019986291761686,2.6832816796237777,2.6153394700486534,3
760,8,5,233,50.32800599956536,0.012704471101417666,0.006382687303109164,217.56652360515022,202.10729613733906,73.43347639484979,11.703981850280286,199.92844500101688,84.51008835063985,208,198,69,228,206,76,12.600000500679016,5.400000214576721,4.800000190734863,14.524462701442515,2.4000000953674316,1.3416408398118889,3
760,9,6,160,34.56000411987321,0.008724100327153763,0.004382961238186551,230.23125,167.59375,172.16875,19.30281798914075,179.22031649574637,143.75125486776233,228,165,167,233,170,178,3.6000001430511475,3.6000001430511475,7.200000286102295,8.81816342442176,2.6832816796237777,12.163881442977178,3
760,2,7,90,19.440002317428682,0.004907306434023991,0.002465415696479935,57.86666666666667,146.17777777777778,90.47777777777777,-84.11593612035117,166.37073265181647,94.73666958676444,56,142,89,60,150,92,3.0000001192092896,5.400000214576721,2.4000000953674316,6.627216873654285,2.4000000953674316,3.0000001192092896,1
760,7,8,85,18.360002188682643,0.0046346782988004355,0.002328448157786605,188.85882352941175,185.63529411764705,172.71764705882353,-5.520638879607716,190.04524339647855,144.08059311614318,184,184,170,193,188,175,6.000000238418579,3.0000001192092896,3.6000001430511475,7.613146826788975,2.0784610516732713,1.0392305258366357,3
760,6,9,6,1.2960001544952453,0.00032715376226826604,0.0001643610464319956,159.0,224.5,167.0,-23.435933709144592,213.3640678524971,140.65000474452972,159,224,166,159,225,168,0.6000000238418579,1.2000000476837158,1.8000000715255737,2.2449945212724285,1.2000000476837158,26.651079836434093,3
760,4,10,1,0.21600002574920757,5.452562704471101e-05,2.739350773866594e-05,114.0,176.0,45.0,-50.4359347820282,184.264066696167,67.45000183582306,114,176,45,114,176,45,0.6000000238418579,0.6000000238418579,0.6000000238418579,1.0392305258366357,1.2000000476837158,1.6970563422826717,3
761,2,1,21141,4566.456544363998,1.0,0.5453771540604684,170.04848398845846,186.73435504469987,73.168298566766,-18.301960240153136,188.20956279141387,65.35098164746722,58,113,31,220,253,166,97.80000388622284,84.60000336170197,81.60000324249268,152.90703665338623,5.3665633592475555,inf,-1
761,1,2,16794,3627.504432432192,0.7943805874840357,0.43323702404292636,96.7839704656425,163.54328926997738,138.92723591758963,-62.26067010060483,174.29492277366228,104.80634562577664,46,84,81,153,253,170,64.80000257492065,102.00000405311584,54.00000214576721,132.3595156846996,5.091169026848015,24.497347768549425,2
761,7,3,606,130.8960156040198,0.028664680005676173,0.015633061603549683,165.86963696369637,114.82013201320132,48.92574257425743,-20.80926855464186,145.06102725794608,50.80544747397451,149,108,41,182,119,53,20.40000081062317,7.200000286102295,7.800000309944153,22.996522389883822,2.6832816796237777,9.000000357627869,2
761,3,4,211,45.5760054330828,0.009980606404616621,0.005443194716747497,95.76303317535545,155.521327014218,156.40284360189574,-62.8732324991181,169.48174522894817,115.29171065301126,89,154,153,104,157,161,9.600000381469727,2.4000000953674316,5.400000214576721,11.272976984781403,2.4000000953674316,2.0784610516732713,1
761,6,5,6,1.2960001544952453,0.0002838087129274868,0.00015478278815395723,116.83333333333333,97.83333333333333,89.0,-50.23105190197627,134.8689476450284,74.85000288486481,116,97,88,118,98,90,1.8000000715255737,1.2000000476837158,1.8000000715255737,2.8142495677222836,1.2000000476837158,9.158602877414415,1
761,4,6,5,1.080000128746038,0.00023650726077290571,0.0001289856567949644,94.4,205.4,31.2,-63.69105243682861,199.40895020961761,40.17000150680542,94,205,31,95,206,32,1.2000000476837158,1.2000000476837158,1.2000000476837158,2.0784610516732713,1.2000000476837158,2.2449945212724285,2
761,5,7,1,0.21600002574920757,4.7301452154581144e-05,2.5797131358992874e-05,96.0,108.0,129.0,-62.73105239868164,140.96894788742065,98.85000383853912,96,108,129,96,108,129,0.6000000238418579,0.6000000238418579,0.6000000238418579,1.0392305258366357,1.2000000476837158,0.8485281711413358,1
762,11,1,16004,3456.8644120903177,1.0,0.4053082105049891,205.41770807298175,201.62878030492377,88.34466383404148,-4.573589008671135,193.653054240159,158.956797354968,147,92,44,243,262,194,58.20000231266022,102.6000040769577,90.60000360012054,148.73587918900822,4.947726947346189,inf,-1
762,1,2,14699,3174.984378487602,0.9184578855286178,0.37225852200780024,100.33839036669161,201.36118103272332,126.66065718756379,-67.62118213773138,193.49249467045865,181.94639428060583,41,135,23,167,263,179,76.20000302791595,77.40000307559967,94.20000374317169,143.77357769343712,5.091169026848015,29.381628079589664,11
762,4,3,7408,1600.1281907501298,0.4628842789302675,0.18761079876411893,114.16171706263499,103.11136609071275,141.69735421166305,-59.32718579059157,134.54260336279418,190.96841285356822,68,84,97,136,135,167,41.400001645088196,31.20000123977661,42.60000169277191,67.09813974917292,5.499091052461245,1.8973666714956023,1
762,8,4,435,93.9600112009053,0.027180704823794054,0.011016562832396293,114.34252873563219,85.94022988505748,108.73103448275862,-59.21869878248236,124.23992123000923,171.18862023024724,106,83,105,122,88,113,10.200000405311584,3.6000001430511475,5.400000214576721,12.089665488166057,3.6000001430511475,6.997142551855814,4
762,12,5,350,75.60000901222264,0.021869532616845787,0.008863901129514257,202.12571428571428,119.48,61.61714285714286,-6.548785359518874,144.3637840986252,142.92028413159505,188,115,58,213,123,66,15.600000619888306,5.400000214576721,5.400000214576721,17.368938481535732,3.3941126845653433,14.274453271260171,11
762,3,6,317,68.4720081624988,0.019807548112971758,0.008028161880160057,65.50157728706624,119.1167192429022,91.05362776025237,-88.52327081608095,144.14581563570522,160.58217577528126,59,108,87,74,129,95,9.600000381469727,13.200000524520874,5.400000214576721,17.191859221416365,2.9393878081405864,1.2000000476837158,4
762,5,7,119,25.7040030641557,0.007435641089727568,0.0030137263840348478,94.92436974789916,89.73949579831933,105.59663865546219,-70.86959463808716,126.5194808685479,169.30798265913955,90,87,103,99,93,108,6.000000238418579,4.200000166893005,3.6000001430511475,8.160882629525593,2.6832816796237777,4.284857227390632,8
762,9,8,101,21.816002600669965,0.006310922269432642,0.0025578686116598287,112.9009900990099,263.7029702970297,69.18811881188118,-60.0836219988247,230.89756971538657,147.4628698849442,108,262,67,118,265,72,6.600000262260437,2.4000000953674316,3.6000001430511475,7.891768176370223,2.4000000953674316,7.891768176370223,1
762,6,9,24,5.184000617980981,0.0014996250937265683,0.000607810363166692,94.41666666666667,105.66666666666667,142.75,-71.17421649893124,136.07578376928967,191.6000003516674,92,105,141,97,107,144,3.6000001430511475,1.8000000715255737,2.4000000953674316,4.6861499917548555,1.2000000476837158,1.8973666714956023,4
762,2,10,20,4.320000514984152,0.0012496875781054738,0.0005065086359722433,59.1,235.25,35.05,-92.3642173409462,213.82578685879707,126.97999778389931,57,234,34,61,236,36,3.0000001192092896,1.8000000715255737,1.8000000715255737,3.934463270922718,1.6970563422826717,7.982481134585331,1
762,7,11,8,1.7280002059936606,0.0004998750312421895,0.00020260345438889734,101.0,262.625,64.625,-67.22421634197235,230.25078751146793,144.72499848902225,100,262,64,102,263,65,1.8000000715255737,1.2000000476837158,1.2000000476837158,2.4738634736730947,1.2000000476837158,2.5455845134240076,1
762,10,12,1,0.21600002574920757,6.248437890527369e-05,2.5325431798612168e-05,124.0,88.0,106.0,-53.42421579360962,125.4757833480835,169.54999947547913,124,88,106,124,88,106,0.6000000238418579,0.6000000238418579,0.6000000238418579,1.0392305258366357,1.2000000476837158,1.3416408398118889,8
763,3,1,23680,5114.880609741235,1.0,0.5642932036984081,187.69763513513513,218.8617820945946,83.47305743243243,-6.207586318858574,204.99090259982827,0.5338372125516813,88,142,26,230,285,167,85.80000340938568,86.40000343322754,85.20000338554382,148.61238762367358,5.499091052461245,inf,-1
763,2,2,16319,3524.9044202013183,0.6891469594594595,0.38888094557239533,107.7420185060359,196.92628224768674,128.35516882161897,-54.180958202608565,191.8296021687005,27.463105116136532,57,133,15,167,268,169,66.60000264644623,81.60000324249268,93.00000369548798,140.51021873530138,5.499091052461245,18.869022982007245,3
763,4,3,1614,348.62404155922104,0.06815878378378379,0.038461538461538464,125.25402726146221,122.04956629491946,102.21251548946717,-43.673752531833955,146.9035708118401,11.777512493556024,115,117,87,136,128,116,13.200000524520874,7.200000286102295,18.000000715255737,23.453785274800133,4.947726947346189,9.785704247028988,2
763,9,4,220,47.52000566482567,0.009290540540540541,0.0052425888857115625,207.38636363636363,190.57272727272726,140.02272727272728,5.60565125129439,188.01746903224426,34.463640464977786,204,180,137,210,201,145,4.200000166893005,13.200000524520874,5.400000214576721,14.867414622814595,2.4000000953674316,8.548684448959191,3
763,8,5,36,7.776000926971473,0.0015202702702702704,0.0008578781812982557,203.44444444444446,206.75,140.80555555555554,3.2404996421602164,197.72383305430412,34.93333745333882,202,203,140,205,209,142,2.4000000953674316,4.200000166893005,1.8000000715255737,5.161395365320993,1.6970563422826717,1.3416408398118889,9
763,11,6,34,7.344000875473057,0.0014358108108108107,0.0008102182823372414,231.6764705882353,250.8235294117647,104.47058823529412,20.17971600153868,224.16795175215776,13.132356194888843,230,250,103,233,252,107,2.4000000953674316,1.8000000715255737,3.0000001192092896,4.2426408557066795,2.0784610516732713,6.462198025346074,3
763,10,7,29,6.264000746727019,0.001224662162162162,0.0006910685349347059,208.06896551724137,177.0,150.10344827586206,6.015212396095535,179.87383234500885,40.512073307201774,207,176,147,209,178,152,1.8000000715255737,1.8000000715255737,3.6000001430511475,4.40908171221088,2.0784610516732713,1.6970563422826717,9
763,6,8,26,5.616000669479397,0.001097972972972973,0.0006195786864931846,176.84615384615384,276.34615384615387,60.15384615384615,-12.718475350966827,239.48152702129806,-13.457690110573402,174,275,59,179,277,61,3.6000001430511475,1.8000000715255737,1.8000000715255737,4.40908171221088,1.6970563422826717,18.754200274930273,3
763,1,9,4,0.8640001029968303,0.00016891891891891893,9.53197979220284e-05,46.5,102.0,89.5,-90.92617076635361,134.8738305568695,4.150002896785736,46,102,89,47,102,90,1.2000000476837158,0.6000000238418579,1.2000000476837158,1.8000000715255737,1.2000000476837158,31.612656949740852,2
763,5,10,1,0.21600002574920757,4.222972972972973e-05,2.38299494805071e-05,170.0,277.0,61.0,-16.826167821884155,239.87383472919464,-12.949997782707214,170,277,61,170,277,61,0.6000000238418579,0.6000000238418579,0.6000000238418579,1.0392305258366357,1.2000000476837158,2.4738634736730947,6
763,7,11,1,0.21600002574920757,4.222972972972973e-05,2.38299494805071e-05,198.0,263.0,38.0,-0.02616715431213379,231.47383439540863,-26.749998331069946,198,263,38,198,263,38,0.6000000238418579,0.6000000238418579,0.6000000238418579,1.0392305258366357,1.2000000476837158,16.5190805339327,3
764,1,1,29382,6346.5127565632165,1.0,0.5349963583394027,92.2161867810224,160.54594649785582,109.71468926553672,-44.01110604528134,177.48675141392715,136.77881312336626,30,82,7,164,255,150,81.00000321865082,104.40000414848328,86.40000343322754,157.8775537588751,6.462198025346074,inf,-1
764,4,2,25028,5406.048644451167,0.851814035804234,0.4557174071376548,174.38692664216077,183.90814287997443,44.32875179798626,5.291339830504796,191.50406980019648,97.54724908391374,88,94,8,220,256,105,79.8000031709671,97.80000388622284,58.800002336502075,139.24913479445468,5.878775616281173,21.62498640842784,1
764,2,3,349,75.38400898647345,0.011878020556803487,0.0063546977421704304,57.69914040114613,145.26934097421204,20.426934097421203,-64.72133469615761,168.3207877355182,83.20615789371097,53,133,16,62,158,24,6.000000238418579,15.600000619888306,5.400000214576721,17.564738099925293,2.6832816796237777,12.74205685528101,1
764,3,4,157,33.91200404262559,0.005343407528418761,0.0028587035688273856,76.22929936305732,116.36942675159236,125.18471337579618,-53.603238877217485,150.98083851291875,146.06082795835604,71,114,121,82,118,130,7.200000286102295,3.0000001192092896,6.000000238418579,9.84073207114958,2.6832816796237777,7.224957034369364,1
764,5,5,4,0.8640001029968303,0.00013613777142468177,7.283321194464677e-05,180.75,209.25,109.5,9.109183996915817,206.70918467640877,136.64999955892563,180,209,109,181,210,110,1.2000000476837158,1.2000000476837158,1.2000000476837158,2.0784610516732713,1.2000000476837158,2.6832816796237777,4
765,1,1,22329,4823.064574954055,1.0,0.8064213225468597,112.409870571902,134.37346052219087,127.11160374401003,-42.38415310179863,156.29400139202747,81.71696508624795,62,72,37,169,225,185,64.80000257492065,92.40000367164612,89.40000355243683,143.97625376222865,5.230678940097307,inf,-1
765,3,2,5285,1141.560136084562,0.23668771552689327,0.19087002058579217,202.39735099337747,206.74153263954588,127.07019867549668,11.608337296555362,199.71484638782977,81.69212204415277,169,183,72,235,235,174,40.20000159740448,31.80000126361847,61.800002455711365,80.29022675471398,3.7947333429912047,33.070834384966446,1
765,2,3,75,16.200001931190567,0.0033588606744592237,0.0027086568673480443,81.92,167.78666666666666,156.42666666666668,-60.678076171875,176.34192587534585,99.3060035387675,80,164,153,85,172,159,3.6000001430511475,5.400000214576721,4.200000166893005,7.730459543215926,2.0784610516732713,4.800000190734863,1
766,3,1,32799,7084.584844548259,1.0,0.5411572538731871,192.08774657763956,183.38757279185342,94.92944906856917,-13.567659973687498,215.7122355474125,-227.0923160885328,60,85,45,251,263,205,115.20000457763672,107.40000426769257,96.60000383853912,184.76299064746078,7.099296021820207,inf,-1
766,1,2,25885,5591.160666518238,0.7892008902710449,0.42708178653335316,106.2635503187174,169.35395016418775,156.78964651342477,-65.06217977524909,207.29206163622547,-189.97619614675742,29,80,38,208,258,198,108.00000429153442,107.40000426769257,96.60000383853912,180.36164388604803,5.878775616281173,17.348199443116634,3
766,8,3,1250,270.0000321865095,0.038110918015793166,0.020623999736012803,258.2488,124.0072,88.8536,26.128973657131212,180.08401045656205,-230.73782567453384,252,106,79,273,141,96,13.200000524520874,21.600000858306885,10.800000429153442,27.521628952442548,3.6000001430511475,34.97542133009353,3
766,7,4,395,85.320010170937,0.01204305009299064,0.006517183916580046,201.78227848101267,255.47341772151898,68.2886075949367,-7.750940600527983,258.9637442238723,-243.07682160787945,191,251,63,213,259,78,13.800000548362732,5.400000214576721,9.600000381469727,17.656727465089876,2.9393878081405864,4.837354841198334,3
766,5,5,157,33.91200404262559,0.004786731302783622,0.002590374366843208,105.3312101910828,149.4203821656051,47.1656050955414,-65.62158387405857,195.3319203618226,-255.75062361112825,101,145,45,110,154,49,6.000000238418579,6.000000238418579,3.0000001192092896,9.000000357627869,2.6832816796237777,5.196152629183178,3
766,4,6,46,9.936001184463548,0.0014024817829811885,0.0007589631902852711,93.71739130434783,163.06521739130434,43.65217391304348,-72.58987548299459,203.51882182256037,-257.85868240439373,92,161,42,95,165,45,2.4000000953674316,3.0000001192092896,2.4000000953674316,4.52990084116453,2.0784610516732713,5.969924859863211,5
766,6,7,40,8.640001029968303,0.0012195493765053815,0.0006599679915524098,175.775,220.15,202.725,-23.355308309197426,237.76969274878502,-162.4149829596281,172,219,202,179,222,204,4.800000190734863,2.4000000953674316,1.8000000715255737,5.6603889041576,1.6970563422826717,6.462198025346074,3
766,2,8,35,7.560000901222265,0.0010671057044422086,0.0005774719926083585,53.857142857142854,109.28571428571429,109.54285714285714,-96.50602550165993,171.25111867700303,-218.32427089554923,52,107,108,55,111,111,2.4000000953674316,3.0000001192092896,2.4000000953674316,4.52990084116453,2.0784610516732713,3.1176915775099068,1
766,9,9,2,0.43200005149841514,6.097746882526906e-05,3.299839957762049e-05,279.5,133.0,97.0,38.879694163799286,185.4796906709671,-225.84998548030853,279,133,97,280,133,97,1.2000000476837158,0.6000000238418579,0.6000000238418579,1.4696939040702932,1.2000000476837158,3.8418746951220877,8
767,4,1,16086,3474.576414201753,1.0,0.6992392958052598,101.69091135148577,122.64298147457417,102.0994032077583,-50.32627107710828,154.74497149628104,130.70964130713662,61,57,0,154,197,144,56.400002241134644,84.60000336170197,87.0000034570694,133.81749296385007,5.3665633592475555,inf,-1
767,9,2,2630,568.0800677204159,0.16349620788263086,0.11432297326668116,191.62737642585552,150.58859315589353,96.67072243346007,3.6356101117659847,171.51233917134795,127.45243271312785,163,140,62,212,162,116,30.000001192092896,13.800000548362732,33.000001311302185,46.68447464849886,3.9799499065754738,27.28516188637985,4
767,8,3,1932,417.312049747469,0.12010443864229765,0.08398174309932624,167.5207039337474,99.33850931677019,25.8768115942029,-10.828393958246735,140.76228764597673,84.9760845217152,134,93,17,198,106,35,39.000001549720764,8.40000033378601,11.4000004529953,41.49120553580144,3.6000001430511475,31.320920771313173,9
767,1,4,838,181.00802157783593,0.05209498943180405,0.03642686372527712,49.75894988066826,134.20047732696898,21.704057279236277,-81.48544919775323,161.6794692832701,82.472431833249,39,115,15,60,151,27,13.200000524520874,22.200000882148743,7.800000309944153,26.97999365918912,3.3941126845653433,22.878812067047416,4
767,10,5,706,152.49601817894055,0.04388909610841726,0.030688980656379053,192.5113314447592,119.22096317280453,31.01558073654391,4.165983144183329,152.691760433632,88.0593461296376,182,106,27,202,133,36,12.600000500679016,16.80000066757202,6.000000238418579,21.840330535698282,3.3941126845653433,1.6970563422826717,8
767,6,6,438,94.60801127815292,0.027228646027601642,0.01903933927407086,120.02511415525115,71.25342465753425,38.602739726027394,-39.3257489577276,123.91123618083458,92.61164170421966,107,68,36,133,75,42,16.200000643730164,4.800000190734863,4.200000166893005,17.410342446081113,3.3941126845653433,6.406247205780169,4
767,3,7,128,27.64800329589857,0.007957229889344773,0.005564007824386004,55.0546875,108.15625,63.484375,-78.30800649989396,146.05293226614594,107.54062346182764,53,104,61,57,112,66,3.0000001192092896,5.400000214576721,3.6000001430511475,7.149825456796317,2.6832816796237777,6.708204199059444,4
767,11,8,113,24.408002909660457,0.007024742011687182,0.004911975657465769,257.8053097345133,145.36283185840708,107.77876106194691,43.34237167476553,168.37688226826424,134.11725615505622,252,140,105,265,153,110,8.40000033378601,8.40000033378601,3.6000001430511475,12.412897012590513,1.6970563422826717,31.049638912847215,9
767,7,9,69,14.904001776695322,0.004289444237224916,0.00299934796783308,108.47826086956522,150.04347826086956,120.8840579710145,-46.253861204437584,171.18527022133702,141.98043461295143,107,146,119,110,154,123,2.4000000953674316,5.400000214576721,3.0000001192092896,6.627216873654285,2.0784610516732713,1.4696939040702932,4
767,12,10,47,10.152001210212756,0.0029217953499937836,0.0020430341230167357,254.36170212765958,144.31914893617022,92.95744680851064,41.27620702855131,167.75067249003877,125.22446724962681,253,142,91,256,146,96,2.4000000953674316,3.0000001192092896,3.6000001430511475,5.264978841646728,1.6970563422826717,6.627216873654285,11
767,5,11,7,1.512000180244453,0.0004351610095735422,0.0003042816778961096,100.42857142857143,113.28571428571429,124.0,-51.08367506095341,149.13061095987047,143.84999990463257,100,112,124,101,115,124,1.2000000476837158,2.4000000953674316,0.6000000238418579,2.7495455262306225,1.2000000476837158,2.6832816796237777,4
767,2,12,6,1.2960001544952453,0.00037299515106303615,0.0002608128667680939,54.833333333333336,58.0,121.16666666666667,-78.44081900517145,115.95918107032776,142.14999983708066,53,58,121,57,58,122,3.0000001192092896,0.6000000238418579,1.2000000476837158,3.2863354756182304,1.2000000476837158,23.105844334907374,4
767,13,13,4,0.8640001029968303,0.00024866343404202415,0.00017387524451206263,256.5,147.25,154.75,42.559185802936554,169.50918319821358,162.3000006377697,256,147,154,257,148,155,1.2000000476837158,1.2000000476837158,1.2000000476837158,2.0784610516732713,1.2000000476837158,26.57668256448256,11
767,14,14,1,0.21600002574920757,6.216585851050604e-05,4.346881112801566e-05,271.0,160.0,129.0,51.259186148643494,177.15918350219727,146.85000002384186,271,160,129,271,160,129,0.6000000238418579,0.6000000238418579,0.6000000238418579,1.0392305258366357,1.2000000476837158,14.3122330989689,11
768,3,1,18909,4084.344486891766,1.0,0.621046408513154,179.4727378497012,180.85472526310224,92.81384525887144,-11.142524886215767,182.186667594774,133.13830631641957,69,117,50,231,246,177,97.80000388622284,78.00000309944153,76.80000305175781,146.78924249551838,5.3665633592475555,inf,-1
768,5,2,8878,1917.6482286014648,0.4695118726532339,0.2915886622655762,128.52162649245327,123.90020274836675,170.30997972516332,-41.71319291533368,148.0139527280311,179.63598884384652,78,86,128,169,155,187,55.20000219345093,42.000001668930054,36.000001430511475,78.14755585009644,6.1188236594515395,30.611763661579985,3
768,11,3,748,161.56801926040725,0.03955788248981966,0.02456728084868788,173.99732620320856,251.6898395721925,74.25802139037434,-14.427772004655338,224.6877378690689,122.00481155291598,156,247,69,191,258,80,21.600000858306885,7.200000286102295,7.200000286102295,23.879699439452843,2.9393878081405864,10.749884147463352,3
768,6,4,687,148.3920176897056,0.036331905441853087,0.02256379938910237,99.11062590975254,179.8646288209607,172.00582241630278,-59.35979396616701,181.59260970588332,180.65349449896223,82,166,160,116,193,180,21.000000834465027,16.80000066757202,12.600000500679016,29.698485989946754,2.9393878081405864,11.063453788373602,5
768,16,5,512,110.59201318359428,0.027077053255063727,0.016816106677176732,289.3515625,167.142578125,28.81640625,54.78477252367884,173.9593789849896,94.73984138527885,280,160,23,296,173,36,10.200000405311584,8.40000033378601,8.40000033378601,15.657586643016435,3.3941126845653433,50.71686311691698,3
768,8,6,371,80.13600955295601,0.019620286635993443,0.01218510854928236,123.59029649595688,163.57951482479785,178.38544474393532,-44.67199103080358,171.82154091991828,184.48126804764382,120,159,175,127,169,182,4.800000190734863,6.600000262260437,4.800000190734863,9.467840679053872,4.32666170248287,2.4000000953674316,6
768,10,7,63,13.608001622200076,0.003331746787244169,0.0020691693762932306,136.3015873015873,88.60317460317461,116.3015873015873,-37.04521624436455,126.83573499936907,147.23095210204048,135,87,112,138,90,120,2.4000000953674316,2.4000000953674316,5.400000214576721,6.378087741083216,2.0784610516732713,6.788225369130687,5
768,4,8,60,12.960001544952455,0.0031730921783277807,0.0019706375012316485,75.8,119.41666666666667,86.45,-73.34617006778717,145.32383097211522,129.3199990093708,74,117,84,78,123,88,3.0000001192092896,4.200000166893005,3.0000001192092896,5.969924859863211,2.0784610516732713,18.287701511641743,3
768,1,9,56,12.096001441955623,0.002961552699772595,0.001839261667816205,56.19642857142857,133.23214285714286,102.875,-85.1083133923156,153.61311701578754,139.17499940097332,54,131,100,58,135,105,3.0000001192092896,3.0000001192092896,3.6000001430511475,5.564171318397717,2.0784610516732713,14.096808709521705,4
768,14,10,44,9.504001132965133,0.002326934264107039,0.0014451341675698753,178.95454545454547,118.63636363636364,68.45454545454545,-11.45344033566387,144.85564913532951,118.522725853053,178,115,67,180,122,70,1.8000000715255737,4.800000190734863,2.4000000953674316,5.6603889041576,1.6970563422826717,10.057833168206493,3
768,7,11,41,8.85600105571751,0.00216827965519065,0.0013466022925082929,113.53658536585365,190.34146341463415,168.53658536585365,-50.704217948564676,187.87871071187462,178.57195218597968,112,188,167,115,193,170,2.4000000953674316,3.6000001430511475,2.4000000953674316,4.947726947346189,1.6970563422826717,8.02745321513811,6
768,15,12,36,7.776000926971473,0.0019038553069966684,0.001182382500738989,277.4166666666667,157.94444444444446,24.13888888888889,47.62383473912877,168.44049855735568,91.93333085709148,276,156,23,279,160,25,2.4000000953674316,3.0000001192092896,1.8000000715255737,4.2426408557066795,2.0784610516732713,0.8485281711413358,16
768,13,13,32,6.912000823974642,0.001692315828441483,0.0010510066673235458,173.65625,109.125,70.4375,-14.632417734712362,139.14883072674274,119.71249862760305,172,108,69,175,111,72,2.4000000953674316,2.4000000953674316,2.4000000953674316,4.156922103346543,1.6970563422826717,3.0594118297257697,14
768,12,14,6,1.2960001544952453,0.000317309217832778,0.00019706375012316482,165.0,106.33333333333333,66.66666666666667,-19.826167941093445,137.4738306601842,117.44999853769939,164,106,66,166,107,67,1.8000000715255737,1.2000000476837158,1.2000000476837158,2.4738634736730947,1.2000000476837158,3.9799499065754738,13
768,9,15,3,0.6480000772476227,0.000158654608916389,9.853187506158241e-05,120.0,175.33333333333334,174.66666666666666,-46.82616901397705,178.87383230527243,182.25000111262003,120,175,174,120,176,175,0.6000000238418579,1.2000000476837158,1.2000000476837158,1.8000000715255737,1.2000000476837158,4.200000166893005,8
768,2,16,1,0.21600002574920757,5.288486963879634e-05,3.2843958353860805e-05,57.0,65.0,77.0,-84.6261705160141,112.67382967472076,123.64999878406525,57,65,77,57,65,77,0.6000000238418579,0.6000000238418579,0.6000000238418579,1.0392305258366357,1.2000000476837158,33.755000970987666,4
769,2,1,21390,4620.24055077555,1.0,0.5345762627146178,93.09247311827957,121.25712949976625,98.76526414212249,-49.485334222034744,153.913460278355,144.20915778826307,39,46,7,148,205,139,66.00000262260437,96.00000381469727,79.8000031709671,141.2092121098763,5.878775616281173,inf,-1
769,4,2,17105,3694.6804404401955,0.7996727442730247,0.42748606702821584,188.40631394329142,150.2912014030985,47.04747149956153,7.702972545431422,171.33390411258057,113.17848096967823,115,81,0,228,186,123,68.4000027179718,63.60000252723694,74.40000295639038,119.41055704247424,5.3665633592475555,24.745909736075603,2
769,6,3,743,160.48801913166122,0.034735857877512856,0.018568965086346936,184.75100942126514,183.89771197846568,118.7671601615074,5.509789745066399,191.49781125904252,156.2102958767764,172,175,105,195,197,127,14.40000057220459,13.800000548362732,13.800000548362732,24.253660481443124,3.3941126845653433,3.0000001192092896,4
769,1,4,524,113.18401349258477,0.024497428705002336,0.013095743883237948,49.146946564885496,102.63931297709924,19.137404580152673,-75.85265120181418,142.74276992087147,96.43244015260507,38,90,14,65,120,23,16.80000066757202,18.600000739097595,6.000000238418579,25.772078937987803,2.6832816796237777,29.07989111405733,2
769,7,5,117,25.272003012657287,0.00546984572230014,0.002924049683852748,197.6239316239316,203.3846153846154,56.427350427350426,13.233543373580659,203.18995376733633,118.80640854998532,193,201,50,204,205,60,7.200000286102295,3.0000001192092896,6.600000262260437,10.217632225568051,2.4000000953674316,16.7678270012721,4
769,5,6,77,16.632001982688983,0.0035998129967274427,0.001924374578262065,154.2207792207792,96.3896103896104,12.883116883116884,-12.808349103122566,138.99294821937363,92.67986738526976,153,95,8,156,98,17,2.4000000953674316,2.4000000953674316,6.000000238418579,6.8934754497677275,2.0784610516732713,1.3416408398118889,4
769,3,7,57,12.312001467704832,0.0026647966339410937,0.0014245370254667234,70.6842105263158,198.26315789473685,2.473684210526316,-62.93029231146762,200.11707915130415,86.4342075335352,69,195,0,72,201,5,2.4000000953674316,4.200000166893005,3.6000001430511475,6.029925612280241,2.0784610516732713,2.5455845134240076,2
770,2,1,29057,6276.312748194724,1.0,0.5335377609665632,119.11511856007158,159.33496231544893,157.17290153835563,-48.34733227403132,168.2845749381109,-201.24624312266138,53,93,61,186,247,212,80.40000319480896,93.00000369548798,91.2000036239624,153.0705780419504,6.1188236594515395,inf,-1
770,6,2,20892,4512.672537952444,0.719000585056957,0.3836139622849378,208.33132299444765,190.98631054949263,106.41925138809114,5.182392513674387,187.27538463316404,-231.6984344228814,114,115,57,251,252,200,82.80000329017639,82.80000329017639,86.40000343322754,145.52196288865875,5.499091052461245,15.897170191086888,2
770,1,3,2410,520.5600620555903,0.08294042743572978,0.044251849947668974,89.59419087136929,199.83070539419086,178.3954356846473,-66.05988959108646,192.5820217508498,-188.51272212890171,51,189,146,126,208,205,45.6000018119812,12.000000476837158,36.000001430511475,59.32419641001139,3.6000001430511475,1.3416408398118889,2
770,7,4,909,196.3440234060297,0.03128333964277111,0.016690842988560623,253.85038503850384,127.93729372937294,99.66116611661167,32.49383082536713,149.44597303788655,-235.7532857468944,248,118,86,263,137,114,9.600000381469727,12.000000476837158,17.40000069141388,23.214651469051056,3.3941126845653433,33.86679924575384,6
770,4,5,571,123.33601470279753,0.0196510307326978,0.010484566937808708,119.15411558669001,96.7460595446585,130.21716287215412,-48.3239340571305,130.73123178340091,-217.41968696505717,108,92,122,130,103,142,13.800000548362732,7.200000286102295,12.600000500679016,20.025983917695438,3.3941126845653433,2.6832816796237777,2
770,5,6,403,87.04801037693065,0.013869291392779709,0.007399790675896513,122.66749379652606,121.89081885856079,191.20843672456576,-46.2159070474634,145.81808797124006,-180.8249211994649,113,117,183,131,127,200,11.4000004529953,6.600000262260437,10.800000429153442,17.03408415676773,2.9393878081405864,10.057833168206493,2
770,3,7,167,36.07200430011766,0.005747324224799532,0.003066414498448431,109.2994011976048,109.437125748503,170.69461077844312,-54.236762925536325,138.3458718082862,-193.1332172562262,104,108,164,115,111,177,7.200000286102295,2.4000000953674316,8.40000033378601,11.3207778083152,2.4000000953674316,1.8000000715255737,2
770,9,8,50,10.800001287460379,0.0017207557559280038,0.000918088173188153,261.28,135.72,125.32,36.95159997940061,154.11559698581695,-220.35798480510712,259,134,122,263,138,128,3.0000001192092896,3.0000001192092896,4.200000166893005,5.969924859863211,1.6970563422826717,4.837354841198334,7
770,8,9,2,0.43200005149841514,6.883023023712014e-05,3.672352692752612e-05,259.0,132.0,130.5,35.5835999250412,151.88359689712524,-217.2499846816063,259,132,130,259,132,131,0.6000000238418579,0.6000000238418579,1.2000000476837158,1.4696939040702932,1.2000000476837158,1.8000000715255737,9
771,1,1,17259,3727.9444444055734,1.0,0.5227782153025988,108.67848658670839,200.55530447882265,159.5577379917724,-54.60735858187793,200.51873434390467,144.68464736215583,39,123,101,164,299,181,75.6000030040741,106.20000422000885,48.60000193119049,139.12498531269512,5.878775616281173,inf,-1
771,6,2,13243,2860.488340996756,0.767309809374819,0.40113285272914523,229.3330816280299,242.32009363437288,116.35490447783735,17.78540131954469,225.57760883298496,118.76294622375896,187,205,58,263,291,160,46.20000183582306,52.20000207424164,61.800002455711365,93.15857818637431,6.000000238418579,38.13659811238188,1
771,3,3,1191,257.2560306673062,0.06900747436120286,0.03607560428908948,164.9471032745592,203.92275398824518,45.23005877413938,-20.846187227619083,202.53920412984445,76.08803710579171,145,183,39,180,230,53,21.600000858306885,28.80000114440918,9.000000357627869,37.10795210509642,3.6000001430511475,32.00875007595134,6
771,4,4,1054,227.66402713966477,0.06106958688220638,0.03192584963954686,151.17741935483872,117.55692599620494,68.32827324478178,-29.107997907746224,150.71970527549848,89.94696633888151,146,100,49,155,135,91,6.000000238418579,21.600000858306885,25.80000102519989,34.17894224285176,3.3941126845653433,32.56071381676279,3
771,7,5,138,29.808003553390645,0.007995828263514687,0.004180044829466286,264.1231884057971,119.42028985507247,84.48550724637681,38.659466215665816,151.83772363524508,99.641307125057,260,114,82,270,125,87,6.600000262260437,7.200000286102295,3.6000001430511475,10.409611357379259,2.6832816796237777,63.882394478647775,4
771,8,6,117,25.272003012657287,0.006779071788632018,0.0035439510510692435,288.4786324786325,104.83760683760684,80.15384615384616,53.27273324004608,143.08811347708743,97.04231036626376,284,99,78,291,109,84,4.800000190734863,6.600000262260437,4.200000166893005,9.17823548917731,2.0784610516732713,12.62853960972257,7
771,5,7,7,1.512000180244453,0.0004055854916275566,0.0002120312594656812,160.71428571428572,147.14285714285714,44.57142857142857,-23.3858778647014,168.47126466887337,75.69285896846226,160,146,44,161,148,45,1.2000000476837158,1.8000000715255737,1.2000000476837158,2.4738634736730947,1.2000000476837158,9.236882958045129,4
771,2,8,5,1.080000128746038,0.0002897039225911119,0.00015145089961834374,125.4,228.4,155.2,-44.57445013523102,217.22555232048035,142.0700044631958,125,228,155,126,229,156,1.2000000476837158,1.2000000476837158,1.2000000476837158,2.0784610516732713,1.2000000476837158,0.8485281711413358,1
772,2,1,18547,4006.152477570553,1.0,0.5469478030079623,183.82131881166765,160.92683452849516,56.68474685933035,-7.048024642857641,177.71528424139183,72.96085023000734,83,83,10,230,236,111,88.80000352859497,92.40000367164612,61.20000243186951,142.01634273160087,5.499091052461245,inf,-1
772,1,2,13284,2869.344342052473,0.7162344314444383,0.39174284871719256,98.71537187594099,174.6916591388136,116.77679915688046,-58.11159483337754,185.97417933576187,109.01608304124358,51,120,27,145,240,144,57.0000022649765,72.60000288486481,70.80000281333923,116.32884885297605,5.230678940097307,28.37816174457191,2
772,3,3,734,158.54401889991834,0.03957513344476195,0.02164553229135948,91.24523160762942,95.47820163487738,106.02179836512262,-62.5936791724665,138.44610294480415,102.56308230976967,87,85,93,97,105,118,6.600000262260437,12.600000500679016,15.600000619888306,21.11113534179213,3.6000001430511475,10.322790730641985,1
772,4,4,589,127.22401516628325,0.03175715749177764,0.017369507519905632,99.90152801358234,233.02546689303904,12.487266553480476,-57.39990112251256,220.97446537908348,46.442360992747375,92,224,0,105,240,26,8.40000033378601,10.200000405311584,16.200000643730164,20.905502498931213,2.9393878081405864,0.8485281711413358,1
772,6,5,388,83.80800999069254,0.02091982530867526,0.011442052491890299,133.29123711340208,93.73195876288659,47.76546391752577,-37.36607486654802,137.398357179976,67.60928025227233,123,89,45,143,99,51,12.600000500679016,6.600000262260437,4.200000166893005,14.831049102502847,3.3941126845653433,1.4696939040702932,2
772,5,6,368,79.48800947570838,0.0198414837979188,0.010852255971689767,135.1141304347826,135.33967391304347,14.77445652173913,-36.27233883025855,162.36298726207536,47.814675028233424,122,127,10,147,144,18,15.600000619888306,10.800000429153442,5.400000214576721,19.727139451214377,2.6832816796237777,5.019960358679748,2
773,1,1,18112,3912.1924663696477,1.0,0.6460495808810417,106.87240503533569,166.14040415194347,155.72509938162545,-54.207609118261885,175.853191764762,79.3850631510161,60,85,32,148,231,212,53.400002121925354,88.20000350475311,108.60000431537628,149.74899593038958,5.091169026848015,inf,-1
773,4,2,9599,2073.3842471666435,0.5299801236749117,0.3423934367754593,201.60756328784248,178.5877695593291,116.32586727784144,2.6334880919043684,183.32161130596168,55.7455229493948,151,112,58,227,223,190,46.20000183582306,67.20000267028809,79.8000031709671,114.09785727437277,4.489989042544857,30.78181403527293,1
773,2,3,299,64.58400769901306,0.016508392226148406,0.010665239878723025,119.42140468227424,100.50836120401338,196.39464882943145,-46.6782090309073,136.47396443121409,103.78679378933731,117,91,191,122,111,200,3.6000001430511475,12.600000500679016,6.000000238418579,14.412495152058256,2.6832816796237777,1.9899749532877369,1
773,3,4,25,5.4000006437301895,0.0013803003533568905,0.0008917424647761728,132.12,77.84,144.68,-39.059051537513724,122.87294716835022,72.75800325870514,131,77,142,133,79,147,1.8000000715255737,1.8000000715255737,3.6000001430511475,4.40908171221088,1.6970563422826717,18.821265317519604,1
774,1,1,15993,3454.488411807077,1.0,0.5541004053632679,95.32476708559994,180.89689239042082,138.49834302507347,-54.14595778842048,167.19731943467048,73.54900892636704,43,102,19,154,241,185,67.20000267028809,84.00000333786011,100.20000398159027,147.0098014336389,5.3665633592475555,inf,-1
774,6,2,11345,2450.52029212476,0.7093728506221473,0.3930637840834286,183.69122961657118,186.13115910092552,83.76906126046717,-1.1260781630170982,170.33787958576795,40.7114385627555,108,116,49,215,238,150,64.80000257492065,73.80000293254852,61.20000243186951,115.71914735347269,5.3665633592475555,34.31034965656066,1
774,12,3,512,110.59201318359428,0.03201400612768086,0.017738973772650105,219.32421875,115.150390625,91.22265625,20.25371616659686,127.74941680789925,45.183595734182745,213,111,78,226,120,104,8.40000033378601,6.000000238418579,16.200000643730164,19.209373475610438,2.9393878081405864,34.29460735260898,6
774,8,4,364,78.62400937271155,0.02275995748139811,0.012611301666493433,150.1346153846154,111.71153846153847,64.15384615384616,-21.2600475022426,125.68610542783371,28.94230903111972,138,108,60,161,115,69,14.40000057220459,4.800000190734863,6.000000238418579,16.321765259051187,2.9393878081405864,5.531726894186801,6
774,10,5,217,46.872005587578045,0.01356843619083349,0.007518275993486471,164.926267281106,122.93548387096774,52.17972350230415,-12.38505601168778,132.42047294109096,21.75783515470918,160,116,47,171,130,61,7.200000286102295,9.000000357627869,9.000000357627869,14.623269709421235,2.6832816796237777,0.8485281711413358,8
774,11,6,172,37.152004428863705,0.01075470518351779,0.005959186501749645,181.59883720930233,120.22093023255815,41.604651162790695,-2.3815136572649322,130.7917406933252,15.412791498871734,173,114,39,189,128,45,10.200000405311584,9.000000357627869,4.200000166893005,14.236573186956177,2.4000000953674316,2.6153394700486534,10
774,13,7,172,37.152004428863705,0.01075470518351779,0.005959186501749645,225.62790697674419,122.80232558139535,87.75,24.035929252935006,132.3405779641728,43.10000190138817,222,120,79,229,125,97,4.800000190734863,3.6000001430511475,11.4000004529953,12.882546844056732,2.4000000953674316,1.8000000715255737,12
774,3,8,24,5.184000617980981,0.00150065653723504,0.0008315143955929736,48.083333333333336,162.20833333333334,138.125,-82.49081916610399,155.98418355484804,73.32500310242176,47,161,137,49,163,140,1.8000000715255737,1.8000000715255737,2.4000000953674316,3.498571275927907,1.6970563422826717,10.833282481636626,1
774,4,9,22,4.752000566482566,0.001375601825798787,0.0007622215292935592,58.40909090909091,210.27272727272728,22.818181818181817,-76.29536437446421,184.82282106442887,4.140909444202075,57,209,22,60,212,24,2.4000000953674316,2.4000000953674316,1.8000000715255737,3.8418746951220877,1.6970563422826717,3.5496480109101034,1
774,9,10,20,4.320000514984152,0.0012505471143625336,0.0006929286629941447,151.75,143.15,49.05,-20.290816694498062,144.54918310046196,19.880000978708267,150,142,48,154,144,50,3.0000001192092896,1.8000000715255737,1.8000000715255737,3.934463270922718,1.6970563422826717,3.498571275927907,6
774,7,11,9,1.9440002317428682,0.0005627462014631402,0.0003118178983473651,115.66666666666667,148.77777777777777,170.66666666666666,-41.940817554791764,147.9258499013053,92.85000387827554,115,148,170,117,150,171,1.8000000715255737,1.8000000715255737,1.2000000476837158,2.8142495677222836,1.2000000476837158,3.4467377248838638,1
774,14,12,8,1.7280002059936606,0.0005002188457450134,0.0002771714651976579,227.875,124.875,102.625,25.38418512046337,133.584182664752,52.025002256035805,227,124,102,229,126,103,1.8000000715255737,1.8000000715255737,1.2000000476837158,2.8142495677222836,1.2000000476837158,3.0000001192092896,12
774,5,13,4,0.8640001029968303,0.0002501094228725067,0.00013858573259882895,104.5,129.75,53.75,-48.64081782102585,136.50918278098106,22.700001090765,104,129,53,105,130,54,1.2000000476837158,1.2000000476837158,1.2000000476837158,2.0784610516732713,1.2000000476837158,1.8000000715255737,6
774,2,14,1,0.21600002574920757,6.252735571812667e-05,3.464643314970724e-05,45.0,167.0,133.0,-84.3408192396164,158.85918366909027,70.25000298023224,45,167,133,45,167,133,0.6000000238418579,0.6000000238418579,0.6000000238418579,1.0392305258366357,1.2000000476837158,3.6000001430511475,3
775,4,1,10667,2304.072274666797,1.0,0.42611752486717536,126.01124964844848,155.0651542139308,155.1318083809881,-56.7164893940886,165.21585403789987,165.52908567546558,82,84,95,174,236,172,55.800002217292786,91.80000364780426,46.80000185966492,117.17986640737988,5.878775616281173,inf,-1
775,2,2,7405,1599.4801906728821,0.6941970563419894,0.2958095314185276,163.41417960837273,163.41417960837273,43.18555030384875,-34.274730526378704,170.2252694736213,98.36132816017519,81,100,28,225,226,63,87.0000034570694,76.20000302791595,21.600000858306885,117.65203398183708,4.32666170248287,35.7994427589651,4
775,13,3,3667,792.0720944223442,0.3437705071716509,0.14648663763831746,233.0149986364876,206.78047450231796,101.01172620670849,7.485762549903058,196.24504744392146,133.0570350805745,221,194,68,242,223,130,13.200000524520874,18.000000715255737,37.80000150203705,43.89852108158727,5.230678940097307,8.611620398839431,2
775,10,4,1127,243.43202901935692,0.1056529483453642,0.04502057284384613,204.81543921916594,197.04880212954748,131.09316770186336,-9.43397377281984,190.40604378823804,151.10590069486489,193,190,127,219,205,137,16.200000643730164,9.600000381469727,6.600000262260437,19.953947770877683,4.489989042544857,1.3416408398118889,13
775,14,5,1016,219.4560261611949,0.09524702353051467,0.04058642591778853,251.20177165354332,109.95374015748031,88.2755905511811,18.39782679374295,138.14900452848963,125.41535338360492,243,103,74,258,121,99,9.600000381469727,11.4000004529953,15.600000619888306,21.57498637295114,3.6000001430511475,43.6476820851387,2
775,3,6,949,204.98402443599798,0.08896596981344333,0.03790995885431231,90.74604847207587,189.9694415173867,155.60484720758694,-77.87561094070008,186.15842725215646,165.812908982703,82,180,140,105,205,165,14.40000057220459,15.600000619888306,15.600000619888306,26.34539912699224,3.6000001430511475,1.8000000715255737,4
775,8,7,94,20.304002420425512,0.008812224617980688,0.003755043342787521,119.56382978723404,131.9468085106383,39.08510638297872,-60.58494146453573,151.34484606474004,95.90106170989097,116,126,37,123,138,41,4.800000190734863,7.800000309944153,3.0000001192092896,9.63742742548235,2.0784610516732713,21.64994312349387,2
775,1,8,60,12.960001544952455,0.005624824224242993,0.002396836176247354,77.16666666666667,106.85,82.5,-86.0232403477033,136.28676036000252,121.94999891519547,74,103,81,80,111,84,4.200000166893005,5.400000214576721,2.4000000953674316,7.249827872239009,1.6970563422826717,29.203425617170925,4
775,12,9,38,8.208000978469888,0.0035623886753538957,0.0015179962449566576,220.92105263157896,97.13157894736842,82.44736842105263,0.22939465861571762,130.45570749671836,121.9184199665722,219,96,81,223,99,84,3.0000001192092896,2.4000000953674316,2.4000000953674316,4.52990084116453,1.6970563422826717,14.12232331629847,14
775,5,10,4,0.8640001029968303,0.0003749882816161995,0.00015978907841649026,87.75,231.5,38.25,-79.67324009537697,211.0767633318901,95.39999786019325,87,231,38,88,232,39,1.2000000476837158,1.2000000476837158,1.2000000476837158,2.0784610516732713,1.2000000476837158,4.2426408557066795,2
775,6,11,3,0.6480000772476227,0.0002812412112121496,0.00011984180881236769,114.33333333333333,142.33333333333334,37.0,-63.72323946158092,157.57676120599112,94.64999783039093,114,142,37,115,143,37,1.2000000476837158,1.2000000476837158,0.6000000238418579,1.8000000715255737,1.2000000476837158,2.5455845134240076,8
775,7,12,1,0.21600002574920757,9.374707040404988e-05,3.9947269604122565e-05,114.0,146.0,36.0,-63.9232394695282,159.77676129341125,94.04999780654907,114,146,36,114,146,36,0.6000000238418579,0.6000000238418579,0.6000000238418579,1.0392305258366357,1.2000000476837158,1.8973666714956023,6
775,9,13,1,0.21600002574920757,9.374707040404988e-05,3.9947269604122565e-05,116.0,139.0,37.0,-62.72323942184448,155.57676112651825,94.64999783039093,116,139,37,116,139,37,0.6000000238418579,0.6000000238418579,0.6000000238418579,1.0392305258366357,1.2000000476837158,0.8485281711413358,8
775,11,14,1,0.21600002574920757,9.374707040404988e-05,3.9947269604122565e-05,209.0,66.0,166.0,-6.923237204551697,111.77675938606262,172.0500009059906,209,66,166,209,66,166,0.6000000238418579,0.6000000238418579,0.6000000238418579,1.0392305258366357,1.2000000476837158,49.97319479950392,4
776,2,1,23930,5168.880616178537,1.0,0.7197208938614694,114.1759297952361,124.62916840785624,88.33731717509403,-42.835259713192045,155.93668370360467,59.452392220447315,47,66,4,167,220,150,72.60000288486481,93.00000369548798,88.20000350475311,147.30581021969778,5.3665633592475555,inf,-1
776,9,2,5446,1176.3361402301844,0.22758044295862934,0.16379439983157387,195.08409842085933,180.17407271391846,114.36246786632391,5.709643391182951,189.26362761153572,75.0674832556732,166,146,50,225,213,149,36.000001430511475,40.80000162124634,60.00000238418579,80.9977809658563,3.7947333429912047,23.051248170732524,2
776,3,3,2577,556.6320663557079,0.10768909318846637,0.07750609040873409,75.2615444315095,158.6383391540551,109.9837019790454,-66.18389185921924,176.34218696216578,72.44022361890818,48,135,75,107,178,141,36.000001430511475,26.400001049041748,40.20000159740448,60.07495557066652,3.6000001430511475,1.8000000715255737,2
776,5,4,570,123.12001467704832,0.023819473464270793,0.017143372733014525,95.49649122807017,186.85614035087718,107.11929824561403,-54.04292329884412,193.27286835302385,70.72158131055664,92,174,98,99,199,117,4.800000190734863,15.600000619888306,12.000000476837158,20.25833242435473,2.9393878081405864,1.4696939040702932,2
776,6,5,334,72.14400860023532,0.013957375679063936,0.01004541489969623,111.43413173652695,80.37724550898204,47.15868263473054,-44.4803386137871,129.3855289092321,34.74521051445407,98,76,44,124,87,50,16.200000643730164,7.200000286102295,4.200000166893005,18.218672464771743,2.6832816796237777,1.8973666714956023,2
776,7,6,145,31.320003733635097,0.006059339740910991,0.004361033414538783,110.20689655172414,124.61379310344827,135.38620689655173,-45.21667975392835,155.92745852059332,87.68172717505487,104,122,132,116,127,139,7.800000309944153,3.6000001430511475,4.800000190734863,9.84073207114958,2.4000000953674316,2.7495455262306225,2
776,4,7,124,26.78400319290174,0.00518178019222733,0.0037294354717435107,60.516129032258064,122.44354838709677,81.75,-75.03114145032822,154.62531163903975,55.50000175833702,58,119,78,64,125,85,4.200000166893005,4.200000166893005,4.800000190734863,7.636753540272022,2.6832816796237777,1.4696939040702932,2
776,1,8,122,26.352003141403323,0.005098203092352696,0.0036692832867153895,46.26229508196721,176.30327868852459,69.15573770491804,-83.58344216034061,186.94115110401248,47.94344408101723,44,173,65,48,180,73,3.0000001192092896,4.800000190734863,5.400000214576721,7.823043197102973,2.6832816796237777,2.2449945212724285,3
776,8,9,1,0.21600002574920757,4.1788549937317175e-05,3.0076092514060572e-05,119.0,69.0,85.0,-39.94081747531891,122.5591813325882,57.45000183582306,119,69,85,119,69,85,0.6000000238418579,0.6000000238418579,0.6000000238418579,1.0392305258366357,1.2000000476837158,0.8485281711413358,2
777,1,1,16584,3582.1444270248585,1.0,0.6263312939043735,119.07103232030873,146.93897732754462,110.68210323203087,-54.37964339394013,159.341124274825,138.35926152632769,68,84,15,171,230,167,62.40000247955322,88.20000350475311,91.80000364780426,141.77532083343556,5.230678940097307,inf,-1
777,7,2,8905,1923.4802292966933,0.5369633381572599,0.3363169423672483,217.05603593486805,177.22919708029198,82.14553621560921,4.411361110939993,177.5152568486485,121.23732063610993,174,100,30,242,228,151,41.400001645088196,77.40000307559967,73.20000290870667,114.29331143225664,4.947726947346189,29.60743267603441,1
777,8,3,358,77.32800921821631,0.021587071876507477,0.01352065866001964,217.0223463687151,207.07262569832403,127.34357541899442,4.3911473704449975,195.42131473099056,148.35614523574628,212,198,119,221,216,136,6.000000238418579,11.4000004529953,10.800000429153442,16.810711539343913,2.6832816796237777,2.4000000953674316,7
777,4,4,203,43.84800522708914,0.012240713941148096,0.007666742201072589,127.8768472906404,81.29064039408867,103.35467980295566,-49.096154201794135,119.9521205495731,133.96280729418316,121,79,99,135,83,109,9.000000357627869,3.0000001192092896,6.600000262260437,11.556816629781549,2.4000000953674316,2.6832816796237777,1
777,2,5,161,34.776004145622416,0.00970815243608297,0.006080519676712743,79.54658385093168,113.3975155279503,70.58385093167702,-78.09431341790264,139.21624639537765,114.30030919009855,74,106,69,85,121,72,7.200000286102295,9.600000381469727,2.4000000953674316,12.237647318903079,2.0784610516732713,7.914543889459457,1
777,5,6,132,28.5120033988954,0.007959479015918957,0.00498527079084523,137.4318181818182,90.74242424242425,47.92424242424242,-43.36317143927921,125.62319108392253,100.70454354539062,131,88,44,143,94,51,7.800000309944153,4.200000166893005,4.800000190734863,10.075713774620876,2.4000000953674316,4.489989042544857,1
777,3,7,71,15.336001828193737,0.0042812349252291364,0.0026814714102273585,90.56338028169014,99.45070422535211,73.80281690140845,-71.48423529678666,130.8481592813008,116.23168884868353,88,96,69,93,103,77,3.6000001430511475,4.800000190734863,5.400000214576721,8.072174749003619,1.6970563422826717,2.5455845134240076,2
777,6,8,57,12.312001467704832,0.0034370477568740954,0.0021527305687740767,171.42105263157896,96.01754385964912,57.59649122807018,-22.96962995905625,128.7882629800261,106.50789305829166,169,94,56,174,98,60,3.6000001430511475,3.0000001192092896,3.0000001192092896,5.564171318397717,2.0784610516732713,3.0594118297257697,7
777,9,9,7,1.512000180244453,0.00042209358417752044,0.00026437042072664096,215.42857142857142,191.42857142857142,148.14285714285714,3.4348823683602348,186.03488179615564,160.83571476595742,215,191,147,216,192,149,1.2000000476837158,1.2000000476837158,1.8000000715255737,2.4738634736730947,1.2000000476837158,2.8142495677222836,7
778,2,1,14571,3147.3363751917036,1.0,0.5330723640886809,106.88559467435317,170.95230251870154,136.44904261890056,-51.70262502203694,167.73740121204145,-149.68057422721878,61,105,50,153,234,182,55.800002217292786,78.00000309944153,79.8000031709671,124.76249932190814,5.091169026848015,inf,-1
778,12,2,8322,1797.5522142849054,0.5711344451307391,0.3044559888783201,198.15957702475367,180.5365296803653,86.05227108868061,3.06176656434468,173.48793773754545,-179.91863834690344,144,114,42,223,222,142,48.00000190734863,65.40000259876251,60.60000240802765,101.25967022895429,4.32666170248287,31.5271324257828,2
778,9,3,2160,466.56005561828835,0.14823965410747375,0.07902246286675936,142.75648148148147,139.49537037037038,41.09027777777778,-30.180092082531374,148.86324117305102,-206.8958354054226,105,126,29,177,161,51,43.80000174045563,21.600000858306885,13.800000548362732,50.74879510567306,3.6000001430511475,0.8485281711413358,12
778,3,4,1796,387.9360462455768,0.12325852721158465,0.06570571449476843,106.26948775055679,113.15200445434299,78.83184855233853,-52.0722891910039,133.05722099535978,-184.25089204085697,76,100,55,131,139,104,33.60000133514404,24.000000953674316,30.000001192092896,51.038810791628215,3.6000001430511475,12.441865306391922,2
778,1,5,462,99.7920118961339,0.031706814906320775,0.016902026779834642,70.52597402597402,214.25541125541125,91.56277056277057,-73.51839827794534,193.7192674864938,-176.6123385310689,60,208,86,81,220,101,13.200000524520874,7.800000309944153,9.600000381469727,18.089776836840723,2.6832816796237777,3.8418746951220877,2
778,11,6,12,2.5920003089904906,0.0008235536339304097,0.0004390136825931075,130.33333333333334,93.5,114.16666666666667,-37.633981267611176,121.26601785421371,-163.05000032981235,130,93,113,131,94,116,1.2000000476837158,1.2000000476837158,2.4000000953674316,2.9393878081405864,1.2000000476837158,6.8410528224338325,3
778,5,7,4,0.8640001029968303,0.00027451787797680324,0.00014633789419770253,92.75,193.5,16.25,-60.18398216366768,181.2660202383995,-221.80000266432762,92,193,16,93,194,17,1.2000000476837158,1.2000000476837158,1.2000000476837158,2.0784610516732713,1.2000000476837158,21.939007230316452,9
778,4,8,3,0.6480000772476227,0.00020588840848260242,0.00010975342064827688,91.66666666666667,196.66666666666666,16.0,-60.83398218949635,183.1660203138987,-221.9500026702881,91,196,16,92,197,16,1.2000000476837158,1.2000000476837158,0.6000000238418579,1.8000000715255737,1.2000000476837158,1.2000000476837158,5
778,6,9,1,0.21600002574920757,6.862946949420081e-05,3.658447354942563e-05,96.0,188.0,18.0,-58.23398208618164,177.9660201072693,-220.75000262260437,96,188,18,96,188,18,0.6000000238418579,0.6000000238418579,0.6000000238418579,1.0392305258366357,1.2000000476837158,3.5496480109101034,5
778,7,10,1,0.21600002574920757,6.862946949420081e-05,3.658447354942563e-05,97.0,187.0,18.0,-57.63398206233978,177.36602008342743,-220.75000262260437,97,187,18,97,187,18,0.6000000238418579,0.6000000238418579,0.6000000238418579,1.0392305258366357,1.2000000476837158,0.8485281711413358,6
778,8,11,1,0.21600002574920757,6.862946949420081e-05,3.658447354942563e-05,104.0,102.0,95.0,-53.43398189544678,126.3660180568695,-174.5500007867813,104,102,95,104,102,95,0.6000000238418579,0.6000000238418579,0.6000000238418579,1.0392305258366357,1.2000000476837158,5.019960358679748,3
778,10,12,1,0.21600002574920757,6.862946949420081e-05,3.658447354942563e-05,113.0,121.0,152.0,-48.033981680870056,137.7660185098648,-140.3499994277954,113,121,152,113,121,152,0.6000000238418579,0.6000000238418579,0.6000000238418579,1.0392305258366357,1.2000000476837158,3.231099012673037,2
779,1,1,17250,3726.0004441738306,1.0,0.49351986953909527,118.26689855072463,188.2544927536232,147.61107246376812,-61.84649867486263,176.64605951551079,130.01664776052255,64,108,35,180,271,197,70.20000278949738,98.4000039100647,97.80000388622284,155.48453917123524,5.091169026848015,inf,-1
779,5,2,16992,3670.272437530535,0.9850434782608696,0.486138528881641,211.814736346516,223.63353342749528,96.57032721280602,-5.717793767033541,197.8734847633361,99.39219939303908,136,151,42,250,275,186,69.00000274181366,75.00000298023224,87.0000034570694,133.9962739292971,4.947726947346189,26.81939703205946,1
779,6,3,431,93.09601109790846,0.024985507246376812,0.012330844276600004,147.11136890951275,108.584686774942,94.24593967517401,-44.539815771883994,128.84417402882588,97.99756681504216,141,104,83,153,115,106,7.800000309944153,7.200000286102295,14.40000057220459,17.88966252992198,2.9393878081405864,5.400000214576721,1
779,2,4,135,29.16000347614302,0.00782608695652174,0.0038623294137842237,107.15555555555555,199.07407407407408,36.53333333333333,-68.51330473687914,183.13780856574022,63.37000163396199,105,193,33,109,205,40,3.0000001192092896,7.800000309944153,4.800000190734863,9.63742742548235,2.6832816796237777,16.420719272585544,5
779,8,5,48,10.368001235961962,0.0027826086956521737,0.0013732726804566127,160.97916666666666,274.1458333333333,151.97916666666666,-36.21913678695759,228.180865911146,132.63750438640514,158,273,150,164,275,154,4.200000166893005,1.8000000715255737,3.0000001192092896,5.466260364696242,1.6970563422826717,4.837354841198334,5
779,10,6,33,7.12800084972385,0.0019130434782608694,0.0009441249678139214,296.8484848484849,102.54545454545455,72.87878787878788,45.30245736151031,125.22063454714689,85.17727522777788,295,100,71,298,106,75,2.4000000953674316,4.200000166893005,3.0000001192092896,5.692100014486806,1.6970563422826717,65.47427235709168,5
779,4,7,27,5.832000695228604,0.001565217391304348,0.0007724658827568448,119.03703703703704,154.55555555555554,171.85185185185185,-61.38441556471365,156.42669639322492,144.56111597131797,116,154,170,121,155,174,3.6000001430511475,1.2000000476837158,3.0000001192092896,4.837354841198334,1.2000000476837158,13.62938057150356,1
779,11,8,24,5.184000617980981,0.0013913043478260868,0.0006866363402283064,300.7083333333333,103.83333333333333,77.125,47.61836654444534,125.99336185057957,87.72500260174274,300,102,76,302,106,79,1.8000000715255737,3.0000001192092896,2.4000000953674316,4.2426408557066795,1.6970563422826717,1.8000000715255737,10
779,9,9,11,2.376000283241283,0.0006376811594202899,0.00031470832260464045,295.1818181818182,105.63636363636364,77.9090909090909,44.302457321773886,127.07518007538536,88.19545716589147,295,104,77,296,107,79,1.2000000476837158,2.4000000953674316,1.8000000715255737,3.231099012673037,1.2000000476837158,2.2449945212724285,10
779,3,10,1,0.21600002574920757,5.797101449275362e-05,2.8609847509512768e-05,115.0,155.0,169.0,-63.80663788318634,156.69336307048798,142.85000479221344,115,155,169,115,155,169,0.6000000238418579,0.6000000238418579,0.6000000238418579,1.0392305258366357,1.2000000476837158,0.8485281711413358,4
779,7,11,1,0.21600002574920757,5.797101449275362e-05,2.8609847509512768e-05,157.0,275.0,149.0,-38.60663688182831,228.69336593151093,130.85000431537628,157,275,149,157,275,149,0.6000000238418579,0.6000000238418579,0.6000000238418579,1.0392305258366357,1.2000000476837158,0.8485281711413358,8
780,1,1,24641,5322.456634486223,1.0,0.5935730975838893,128.3541658211923,134.98185950245525,113.90739012215413,-59.29902088458283,162.17759548219146,-184.20556626270152,65,66,33,191,225,158,76.20000302791595,96.00000381469727,75.6000030040741,144.00625558666644,6.000000238418579,inf,-1
780,9,2,14576,3148.4163753204493,0.5915344344791201,0.3511189266013056,213.5368413830955,178.89647365532383,78.9517014270033,-8.18941351652768,188.5263650209186,-205.17898031320058,169,87,29,247,241,145,47.400001883506775,93.00000369548798,70.20000278949738,125.79269159042056,4.489989042544857,27.298352683324616,1
780,6,3,1265,273.24003257274757,0.05133720222393572,0.030472382145352056,139.0426877470356,141.45138339920948,25.15177865612648,-52.88590747424264,166.05930997448945,-237.4589352584168,128,118,15,153,172,32,15.600000619888306,33.000001311302185,10.800000429153442,38.06573413394487,3.3941126845653433,2.163330851241435,1
780,7,4,445,96.12001145839737,0.01805933200762956,0.010719533640064558,151.25393258426968,62.17752808988764,71.65842696629214,-45.55916028076342,118.49499489886037,-209.55494516351249,148,59,61,155,66,86,4.800000190734863,4.800000190734863,15.600000619888306,17.01293693054274,3.3941126845653433,9.804081172600084,1
780,3,5,374,80.78400963020363,0.015177955440120126,0.009009226025582347,104.97326203208556,181.27272727272728,29.91176470588235,-73.32756371549107,189.95211724801499,-234.60294351507636,101,170,28,109,193,32,5.400000214576721,14.40000057220459,3.0000001192092896,15.669078451273926,2.6832816796237777,10.899541707859827,1
780,2,6,74,15.98400190544136,0.0030031248731788485,0.001782574133403994,102.43243243243244,114.27027027027027,41.86486486486486,-74.85206153586104,149.7506414490777,-227.43108313470273,101,110,40,104,118,44,2.4000000953674316,5.400000214576721,3.0000001192092896,6.627216873654285,2.4000000953674316,4.284857227390632,1
780,5,7,48,10.368001235961962,0.0019479728907106043,0.0011562643027485365,119.47916666666667,176.625,29.958333333333332,-64.62402058889468,187.16348077356815,-234.57500233749548,116,174,29,122,179,31,4.200000166893005,3.6000001430511475,1.8000000715255737,5.817216060054983,2.0784610516732713,3.498571275927907,1
780,10,8,43,9.288001107215926,0.0017450590479282499,0.001035820104545564,226.32558139534885,177.30232558139534,117.20930232558139,-0.5161692042683512,187.56987613855404,-182.22441886192144,224,173,116,229,181,118,3.6000001430511475,5.400000214576721,1.8000000715255737,6.734983563817286,1.6970563422826717,6.8410528224338325,9
780,11,9,41,8.85600105571751,0.0016638935108153079,0.0009876424252643749,227.46341463414635,187.41463414634146,114.60975609756098,0.16653076613820872,193.63726151861795,-183.7841466607117,226,185,113,229,189,116,2.4000000953674316,3.0000001192092896,2.4000000953674316,4.52990084116453,1.6970563422826717,2.6832816796237777,9
780,8,10,4,0.8640001029968303,0.0001623310742258837,9.635535856237805e-05,167.75,69.75,84.25,-35.661519438028336,123.03847822546959,-202.00000104308128,167,69,84,168,70,85,1.2000000476837158,1.2000000476837158,1.2000000476837158,2.0784610516732713,1.2000000476837158,9.391485878683222,7
780,4,11,2,0.43200005149841514,8.116553711294185e-05,4.8177679281189026e-05,114.0,178.0,30.5,-67.9115207195282,187.9884808063507,-234.25000232458115,114,178,30,114,178,31,0.6000000238418579,0.6000000238418579,1.2000000476837158,1.4696939040702932,1.2000000476837158,1.2000000476837158,5
781,1,1,16145,3487.320415720956,1.0,0.6139483591284177,103.72437287085785,171.6629916382781,130.65555899659338,-60.59154567950353,176.6716272007315,131.34333927596674,53,95,44,149,266,168,58.20000231266022,103.20000410079956,75.00000298023224,140.22297088078525,4.489989042544857,inf,-1
781,6,2,9870,2131.920254144679,0.6113347785692166,0.37532798418070507,198.4677811550152,198.10688956433637,97.04376899696048,-3.745498450150251,192.53796658683814,111.17626447481949,135,142,46,227,258,146,55.800002217292786,70.20000278949738,60.60000240802765,108.23142302930455,4.800000190734863,27.298352683324616,1
781,3,3,267,57.67200687503842,0.016537627748528957,0.010153249420085941,100.07116104868913,143.8052434456929,51.70411985018727,-62.783472859904116,159.9569776209999,83.9724739057741,95,128,48,104,161,56,6.000000238418579,20.40000081062317,5.400000214576721,21.939007230316452,2.4000000953674316,20.44407085725534,6
781,2,4,12,2.5920003089904906,0.0007432641684732115,0.00045632581663307604,93.33333333333333,165.16666666666666,47.5,-66.82616964975993,172.7738320628802,81.4500018954277,93,164,47,94,167,48,1.2000000476837158,2.4000000953674316,1.2000000476837158,2.9393878081405864,1.2000000476837158,1.8973666714956023,3
781,4,5,1,0.21600002574920757,6.193868070610096e-05,3.802715138608967e-05,103.0,155.0,159.0,-61.026169419288635,166.67383182048798,148.35000455379486,103,155,159,103,155,159,0.6000000238418579,0.6000000238418579,0.6000000238418579,1.0392305258366357,1.2000000476837158,0.8485281711413358,1
781,5,6,1,0.21600002574920757,6.193868070610096e-05,3.802715138608967e-05,134.0,152.0,49.0,-42.42616868019104,164.8738317489624,82.35000193119049,134,152,49,134,152,49,0.6000000238418579,0.6000000238418579,0.6000000238418579,1.0392305258366357,1.2000000476837158,0.8485281711413358,6
781,7,7,1,0.21600002574920757,6.193868070610096e-05,3.802715138608967e-05,171.0,272.0,55.0,-20.226167798042297,236.87383460998535,85.95000207424164,171,272,55,171,272,55,0.6000000238418579,0.6000000238418579,0.6000000238418579,1.0392305258366357,1.2000000476837158,18.869022982007245,6
782,9,1,23526,5081.616605775857,1.0,0.5559599205974101,202.71117061973987,203.04556660715804,83.03455751083906,-3.7004412326451472,196.00019636777836,89.770737249141,102,130,32,244,263,157,85.80000340938568,80.40000319480896,75.6000030040741,139.78970474606453,5.878775616281173,inf,-1
782,4,2,10953,2365.8482820310705,0.4655700076511094,0.25883826448624636,121.27042819318908,199.64922852186615,154.3325116406464,-52.56488863027424,193.96239343562823,132.54951142690112,68,160,60,184,254,182,70.20000278949738,57.0000022649765,73.80000293254852,116.71966879106938,4.489989042544857,27.053281837229985,9
782,6,3,1963,424.00805054569446,0.08343959874181756,0.046389072691180644,109.69689251146205,133.11818644931228,69.17065715741212,-59.50901031524505,154.04376660587224,81.45239670654371,76,126,58,141,149,85,39.60000157356262,14.40000057220459,16.80000066757202,45.362541413991295,3.9799499065754738,3.3941126845653433,9
782,3,4,1545,333.7200397825257,0.06567202244325428,0.03651101238302298,85.60776699029127,221.3766990291262,37.43236245954692,-73.96248620227702,206.99887625800753,62.40941913112468,66,201,29,99,243,51,20.40000081062317,25.80000102519989,13.800000548362732,35.668474891822235,3.6000001430511475,7.323933660467186,4
782,15,5,1417,306.0720364866271,0.06023123352886168,0.03348615181019,233.0183486238532,150.6697247706422,146.46859562455893,14.483866292402269,164.5746900171315,127.83116162975826,223,134,127,245,166,167,13.800000548362732,19.80000078678131,24.600000977516174,34.46215452326144,3.3941126845653433,23.713288356724785,4
782,13,6,1221,263.73603143978244,0.05190002550369804,0.028854334058039513,141.53726453726455,145.65520065520064,163.62899262899262,-40.404786340629926,161.565975428311,138.1274002415542,133,125,147,152,166,172,12.000000476837158,25.200001001358032,15.600000619888306,31.9749914973101,3.6000001430511475,1.2000000476837158,4
782,8,7,687,148.3920176897056,0.029201734251466462,0.016234993855751962,107.97816593886463,161.89665211062592,162.58806404657932,-60.54024629978113,171.31084668879254,137.50284306728855,96,151,148,120,168,171,15.000000596046448,10.800000429153442,14.40000057220459,23.43074995877428,3.3941126845653433,6.867314158238295,4
782,1,8,472,101.95201215362597,0.020062909121822663,0.01115417336232158,56.016949152542374,174.7584745762712,95.76483050847457,-91.71697761042643,179.02794047482945,97.40890135123567,51,166,85,61,184,107,6.600000262260437,11.4000004529953,13.800000548362732,19.077736472782682,2.9393878081405864,18.019989617267473,6
782,5,9,290,62.640007467270195,0.012326787384170704,0.0068531997353247,74.6,234.67586206896553,50.641379310344824,-80.5671466588974,214.97837439898788,70.33482955653092,71,227,45,78,242,58,4.800000190734863,9.600000381469727,8.40000033378601,13.62938057150356,2.9393878081405864,0.8485281711413358,3
782,10,10,174,37.58400448036212,0.007396072430502423,0.004111919841194821,105.0632183908046,205.16666666666666,161.22413793103448,-62.28921489811492,197.2728564540545,136.68448736544315,102,198,158,108,211,165,4.200000166893005,8.40000033378601,4.800000190734863,10.547037917849783,2.6832816796237777,4.724404912138064,4
782,7,11,34,7.344000875473057,0.0014452095553855308,0.000803478589658758,93.6470588235294,249.73529411764707,49.11764705882353,-69.13891091066249,224.01403398724165,69.42059016928954,91,248,47,96,252,51,3.6000001430511475,3.0000001192092896,3.0000001192092896,5.564171318397717,1.6970563422826717,3.934463270922718,3
782,2,12,28,6.048000720977812,0.0011901725750233783,0.0006616882503072125,63.07142857142857,163.28571428571428,110.5,-87.48428979090282,172.14428402696336,106.25000339746475,62,162,109,64,165,113,1.8000000715255737,2.4000000953674316,3.0000001192092896,4.2426408557066795,1.6970563422826717,1.9899749532877369,1
782,11,13,2,0.43200005149841514,8.501232678738417e-05,4.726344645051517e-05,125.0,135.0,56.5,-50.32714545726776,155.17285478115082,73.85000211000443,125,135,56,125,135,57,0.6000000238418579,0.6000000238418579,1.2000000476837158,1.4696939040702932,1.2000000476837158,1.3416408398118889,6
782,12,14,2,0.43200005149841514,8.501232678738417e-05,4.726344645051517e-05,130.0,177.5,35.0,-47.32714533805847,180.67285579442978,60.95000159740448,130,177,35,130,178,35,0.6000000238418579,1.2000000476837158,0.6000000238418579,1.4696939040702932,1.2000000476837158,0.8485281711413358,9
782,14,15,2,0.43200005149841514,8.501232678738417e-05,4.726344645051517e-05,139.5,132.0,165.0,-41.62714511156082,153.37285470962524,138.950004696846,139,132,165,140,132,165,1.2000000476837158,0.6000000238418579,0.6000000238418579,1.4696939040702932,1.2000000476837158,2.163330851241435,13
783,1,1,13504,2916.864347717299,1.0,0.5170182625674796,94.67942831753554,108.20690165876778,137.483634478673,-69.0380438771452,148.57844045011424,115.94018472800853,43,47,78,143,186,169,60.60000240802765,84.00000333786011,55.20000219345093,117.36865465178705,6.000000238418579,inf,-1
783,6,2,11867,2563.272305565846,0.8787766587677724,0.4543435813009686,177.8446111064296,137.87528440212353,80.80770203084182,-19.138932220996296,166.37947080347706,81.9346239080503,125,71,37,212,191,152,52.800002098083496,72.60000288486481,69.60000276565552,113.5903210023603,4.947726947346189,31.709305888151707,1
783,3,3,325,70.20000836849246,0.024066943127962086,0.0124430491213293,84.15384615384616,51.63384615384616,93.52615384615385,-75.35339342630826,114.63460579835451,89.56569530046903,79,46,86,89,56,99,6.600000262260437,6.600000262260437,8.40000033378601,12.55707022084693,3.3941126845653433,3.0594118297257697,1
783,5,4,212,45.792005458832,0.01569905213270142,0.008116696657605574,85.97641509433963,178.3443396226415,41.56603773584906,-74.25985201855875,190.6609049006453,58.38962439546046,84,170,36,88,185,48,3.0000001192092896,9.600000381469727,7.800000309944153,12.727922567120038,2.4000000953674316,19.386594076038218,1
783,2,5,171,36.936004403114495,0.012662914691943129,0.006546958153068647,78.98830409356725,55.64912280701754,82.11695906432749,-78.45271878563173,117.043771885989,82.7201781593568,72,53,79,84,58,85,7.800000309944153,3.6000001430511475,4.200000166893005,9.562426850282225,2.6832816796237777,1.2000000476837158,3
783,4,6,40,8.640001029968303,0.0029620853080568723,0.0015314521995482215,82.65,160.425,33.875,-76.25570115447044,179.90930069983006,53.77500157058239,81,156,33,84,166,35,2.4000000953674316,6.600000262260437,1.8000000715255737,7.249827872239009,1.6970563422826717,3.888444573557615,5
784,1,1,14339,3097.224369217887,1.0,0.5596580929706101,103.18585675430644,116.49773345421578,109.64209498570332,-53.4293037997736,151.05782253755189,198.23525655373544,62,45,12,150,184,153,53.400002121925354,84.00000333786011,85.20000338554382,131.02137750870588,5.230678940097307,inf,-1
784,9,2,10542,2277.0722714481462,0.7351977125322547,0.4114593497521565,182.97429330297857,142.14693606526276,77.73800037943464,-5.556239968265757,166.44734471570473,179.09279902932133,119,89,15,217,196,156,59.40000236034393,64.80000257492065,85.20000338554382,122.41912101879863,4.32666170248287,27.488907945803756,1
784,4,3,512,110.59201318359428,0.035706813585326735,0.01998360719722103,94.349609375,163.818359375,120.58984375,-58.73105243803002,179.45019921823405,204.8039060733281,87,149,105,99,171,137,7.800000309944153,13.800000548362732,19.80000078678131,25.36375467328292,2.6832816796237777,3.1176915775099068,1
784,2,4,206,44.49600530433676,0.014366413278471303,0.0080402794582569,76.93203883495146,167.03398058252426,99.68932038834951,-69.18159517732639,181.37957201941498,192.2635915580305,70,164,94,82,170,105,7.800000309944153,4.200000166893005,7.200000286102295,11.415779007886552,2.9393878081405864,3.6986485487524687,4
784,6,5,15,3.2400003862381137,0.001046098054257619,0.0005854572421060849,104.2,117.0,16.866666666666667,-52.820817828178406,151.35918247699738,142.56999735037485,102,116,16,106,118,18,3.0000001192092896,1.8000000715255737,1.8000000715255737,3.934463270922718,1.6970563422826717,8.357033298389126,9
784,7,6,4,0.8640001029968303,0.0002789594811353651,0.0001561219312282893,108.5,114.75,17.25,-50.24081772565842,150.0091824233532,142.79999735951424,108,114,17,109,115,18,1.2000000476837158,1.2000000476837158,1.2000000476837158,2.0784610516732713,1.2000000476837158,1.3416408398118889,6
784,3,7,1,0.21600002574920757,6.973987028384128e-05,3.903048280707233e-05,80.0,163.0,107.0,-67.34081840515137,178.95918357372284,196.64999949932098,80,163,107,80,163,107,0.6000000238418579,0.6000000238418579,0.6000000238418579,1.0392305258366357,1.2000000476837158,1.8000000715255737,2
784,5,8,1,0.21600002574920757,6.973987028384128e-05,3.903048280707233e-05,101.0,119.0,17.0,-54.74081790447235,152.5591825246811,142.64999735355377,101,119,17,101,119,17,0.6000000238418579,0.6000000238418579,0.6000000238418579,1.0392305258366357,1.2000000476837158,0.8485281711413358,6
784,8,9,1,0.21600002574920757,6.973987028384128e-05,3.903048280707233e-05,119.0,55.0,52.0,-43.94081747531891,114.15918099880219,163.6499981880188,119,55,52,119,55,52,0.6000000238418579,0.6000000238418579,0.6000000238418579,1.0392305258366357,1.2000000476837158,14.831049102502849,1
785,1,1,11737,2535.192302218449,1.0,0.5765017928189008,102.55124818948624,142.14160347618642,143.00127800971288,-73.81006895379596,182.44414516213175,98.4047703067966,48,78,82,145,213,167,58.800002336502075,81.60000324249268,51.60000205039978,113.04229746227173,5.091169026848015,inf,-1
785,3,2,8562,1849.3922204647151,0.7294879441083753,0.4205511076182524,186.34664797944404,173.39254846998364,97.392314879701,-23.53282708198327,201.19471290349068,71.03939134138707,154,113,52,210,225,146,34.2000013589859,67.80000269412994,57.0000022649765,94.94988528948306,4.800000190734863,25.99461585985455,1
785,2,3,60,12.960001544952455,0.005112038851495272,0.0029470995628468983,145.1,121.33333333333333,50.8,-48.28081685304642,169.95918258031207,43.084001302719116,143,119,48,148,124,53,3.6000001430511475,3.6000001430511475,3.6000001430511475,6.2353831550198136,2.0784610516732713,3.6000001430511475,3
786,3,1,16726,3612.816430681246,1.0,0.5554780644947029,98.63290685160827,124.5145282793256,131.58986009805093,-51.161073849943286,155.86789962375303,155.9039161444195,59,73,54,151,214,171,55.800002217292786,85.20000338554382,70.80000281333923,124.03757988091917,4.947726947346189,inf,-1
786,4,2,12702,2743.6323270664348,0.7594164773406673,0.42183919497857925,178.71823334907887,163.69540229885058,88.6928042827901,-3.109876042077957,179.37642496961286,130.16568163251748,92,94,32,227,188,155,81.60000324249268,57.0000022649765,74.40000295639038,124.26955068436128,4.947726947346189,19.246818683614357,3
786,2,3,391,84.45601006794016,0.023376778667942123,0.012985287768589551,56.49616368286445,111.79283887468031,70.21994884910485,-76.44312075580783,148.2348856776572,119.08196793187915,49,102,67,64,123,73,9.600000381469727,13.200000524520874,4.200000166893005,16.85348695592314,2.9393878081405864,1.8973666714956023,3
786,1,4,176,38.01600453186053,0.010522539758459883,0.005845040018597854,51.46022727272727,130.6818181818182,56.84090909090909,-79.46468272195621,159.56827371228826,111.05454375798053,48,124,54,56,137,59,5.400000214576721,8.40000033378601,3.6000001430511475,10.615084029578005,2.6832816796237777,3.0594118297257697,3
786,5,5,116,25.056002986908076,0.006935310295348558,0.003852412739530404,215.19827586206895,192.8448275862069,102.09482758620689,18.778150335468098,196.8660808370031,138.20689593409668,211,191,99,219,195,106,5.400000214576721,3.0000001192092896,4.800000190734863,7.823043197102973,2.4000000953674316,4.0693981515785085,4
787,1,1,17196,3714.3364427833735,1.0,0.5909481425478539,104.97109792975111,140.16637590137242,133.43963712491276,-45.35815905194333,164.75900857015029,-192.9862023365722,61,77,39,153,236,167,55.800002217292786,96.00000381469727,77.40000307559967,135.35287753119476,6.462198025346074,inf,-1
787,5,2,10580,2285.280272426616,0.615259362642475,0.363586377538747,189.44470699432893,175.06342155009452,91.37457466918714,5.326008400811148,185.69723679139395,-218.22524081291684,138,104,42,212,198,147,45.00000178813934,57.0000022649765,63.60000252723694,96.53476441471443,6.2353831550198136,18.532134990177454,1
787,2,3,713,154.008018359185,0.04146313096068853,0.0245025602254373,94.4936886395512,122.28892005610098,154.0827489481066,-51.64460487586418,154.03253463675566,-180.60033475048579,77,113,144,112,128,160,21.600000858306885,9.600000381469727,10.200000405311584,25.74412656648956,3.3941126845653433,1.8000000715255737,1
787,3,4,247,53.35200636005427,0.014363805536171202,0.008488264201518951,84.02024291497976,169.4251012145749,152.75303643724698,-57.92867256031345,182.31424445565415,-181.39816228870438,79,163,148,89,177,157,6.600000262260437,9.000000357627869,6.000000238418579,12.671227752675058,2.6832816796237777,1.8000000715255737,1
787,4,5,196,42.33600504684468,0.011397999534775528,0.006735626653836901,122.79081632653062,98.53571428571429,61.97959183673469,-34.66632758902044,139.78061060820306,-235.8622312132193,110,96,60,133,101,64,14.40000057220459,3.6000001430511475,3.0000001192092896,15.143315958690042,2.4000000953674316,4.2426408557066795,5
787,6,6,167,36.07200430011766,0.009711560828099557,0.0057390288326059306,194.1676646706587,216.5449101796407,84.62874251497006,8.159783119213088,210.5861309581174,-222.27274026628027,187,211,83,201,220,87,9.000000357627869,6.000000238418579,3.0000001192092896,11.224972606362144,2.6832816796237777,8.160882629525593,5
788,1,1,19262,4160.592495981236,1.0,0.48867240023340175,95.44159484996366,158.42560481777593,150.0347835115772,-62.07586112701686,147.21454635532632,171.9708706322965,50,88,56,149,228,211,60.00000238418579,84.60000336170197,93.60000371932983,139.70727093161918,5.3665633592475555,inf,-1
788,10,2,17671,3816.936455014247,0.9174021389263834,0.4483091052084125,189.12489389395054,170.4825420179956,99.8371342878162,-5.865879467040827,154.44870896291792,141.85227990123468,114,116,32,230,220,196,70.20000278949738,63.00000250339508,99.00000393390656,136.7407820878129,5.091169026848015,28.155284814750615,1
788,2,3,791,170.8560203676232,0.04106530993666286,0.0200674835730776,65.72819216182047,107.22376738305942,115.34386852085967,-79.90390344832551,116.49344267374948,151.15632081077013,57,98,96,78,116,132,13.200000524520874,11.4000004529953,22.200000882148743,28.231897976279406,2.9393878081405864,5.969924859863211,1
788,3,4,700,151.20001802444528,0.03634098224483438,0.017758835020422654,70.52571428571429,220.26,40.738571428571426,-77.02539005960736,184.3151849389076,106.39314077666828,64,206,24,80,227,56,10.200000405311584,13.200000524520874,19.80000078678131,25.89053984126728,2.9393878081405864,1.3416408398118889,1
788,13,5,605,130.68001557827057,0.031408991797321144,0.015348707410508151,184.36694214876033,221.94545454545454,160.1487603305785,-8.720650627593358,185.32645770636472,178.03925696483327,174,211,146,193,230,168,12.000000476837158,12.000000476837158,13.800000548362732,21.873272229435536,2.9393878081405864,6.708204199059444,10
788,5,6,221,47.73600569057487,0.011473367251583428,0.0056067179135905814,73.69683257918552,144.6153846153846,171.76470588235293,-75.12271900791927,138.92841390463022,185.00882457284365,69,141,164,79,147,180,6.600000262260437,4.200000166893005,10.200000405311584,12.854571682171896,2.4000000953674316,13.747727631153113,1
788,11,7,118,25.488003038406493,0.006126051292700654,0.0029936321891569618,116.82203389830508,111.85593220338983,65.34745762711864,-49.24759718826262,119.27274167638714,121.15847308251817,115,108,61,119,115,70,3.0000001192092896,4.800000190734863,6.000000238418579,8.248636578691867,2.4000000953674316,18.169205437651392,1
788,12,8,29,6.264000746727019,0.0015055549787145674,0.0007357231651317957,163.9655172413793,221.17241379310346,62.89655172413793,-20.961506058429848,184.86263323652335,119.6879294822956,163,220,60,165,222,65,1.8000000715255737,1.8000000715255737,3.6000001430511475,4.40908171221088,1.6970563422826717,1.8000000715255737,10
788,6,9,9,1.9440002317428682,0.00046724120029072787,0.00022832787883400558,81.55555555555556,94.33333333333333,133.11111111111111,-70.4074850347307,108.75918193658192,161.81666678852505,81,94,132,82,95,134,1.2000000476837158,1.2000000476837158,1.8000000715255737,2.4738634736730947,1.2000000476837158,2.8142495677222836,2
788,7,10,3,0.6480000772476227,0.00015574706676357592,7.610929294466852e-05,83.0,148.66666666666666,181.66666666666666,-69.5408183336258,141.35918323198953,190.95000127951303,83,148,181,83,149,182,0.6000000238418579,1.2000000476837158,1.2000000476837158,1.8000000715255737,1.2000000476837158,2.7495455262306225,5
788,8,11,3,0.6480000772476227,0.00015574706676357592,7.610929294466852e-05,84.66666666666667,93.0,114.66666666666667,-68.54081829388936,107.95918190479279,150.74999968210858,84,93,114,85,93,115,1.2000000476837158,0.6000000238418579,1.2000000476837158,1.8000000715255737,1.2000000476837158,3.6000001430511475,1
788,9,12,3,0.6480000772476227,0.00015574706676357592,7.610929294466852e-05,87.0,108.66666666666667,168.33333333333334,-67.14081823825836,117.35918227831523,182.9500009616216,87,108,168,87,109,169,0.6000000238418579,1.2000000476837158,1.2000000476837158,1.8000000715255737,1.2000000476837158,6.734983563817286,1
788,4,13,2,0.43200005149841514,0.00010383137784238396,5.073952862977902e-05,66.5,138.0,160.0,-79.44081872701645,134.9591829776764,177.95000076293945,66,138,160,67,138,160,1.2000000476837158,0.6000000238418579,0.6000000238418579,1.4696939040702932,1.2000000476837158,3.231099012673037,5
789,3,1,20012,4322.592515293142,1.0,0.5871376598990729,122.37982210673596,175.13022186687988,146.39686188287027,-60.3885100681961,173.76173104555778,-171.7118671728734,75,104,22,180,252,189,63.60000252723694,89.40000355243683,100.80000400543213,148.98980422879745,5.499091052461245,inf,-1
789,8,2,13635,2945.160351090445,0.6813411952828302,0.4000410749911982,219.92504583791714,196.2116611661166,108.54360102676934,-1.8613735038280197,186.4105951277205,-194.42382458902603,158,141,47,257,245,174,60.00000238418579,63.00000250339508,76.80000305175781,116.04844277404197,4.947726947346189,26.73200435416893,3
789,5,3,260,56.16000669479397,0.012992204677193683,0.0076282126510972895,100.51153846153846,215.9346153846154,142.85,-73.50948077669511,198.24436812905165,-173.83998438715935,94,214,134,107,218,152,8.40000033378601,3.0000001192092896,11.4000004529953,14.474806273354883,2.6832816796237777,1.4696939040702932,3
789,1,4,69,14.904001776695322,0.0034479312412552467,0.0020244102804835113,44.55072463768116,114.27536231884058,106.3623188405797,-107.08597040521926,137.2488138658413,-195.73259395274565,40,112,104,50,116,109,6.600000262260437,3.0000001192092896,3.6000001430511475,8.094442859583474,1.6970563422826717,21.930801130448184,3
789,4,5,39,8.424001004219095,0.0019488307015790524,0.0011442318976645932,79.6923076923077,135.12820512820514,92.12820512820512,-86.0010197346027,149.76052004863055,-204.2730625195381,78,133,91,81,137,94,2.4000000953674316,3.0000001192092896,2.4000000953674316,4.52990084116453,2.0784610516732713,1.2000000476837158,3
789,7,6,36,7.776000926971473,0.001798920647611433,0.0010562140593827014,111.36111111111111,207.41666666666666,29.916666666666668,-66.99973692827754,193.13359869519869,-241.59998707969984,108,206,29,116,209,31,5.400000214576721,2.4000000953674316,1.8000000715255737,6.177378330059151,1.2000000476837158,9.48683335747801,3
789,2,7,32,6.912000823974642,0.001599040575654607,0.0009388569416735125,53.5625,109.875,110.5,-101.67890497297049,134.60859636962414,-193.24998515844345,51,108,109,56,111,112,3.6000001430511475,2.4000000953674316,2.4000000953674316,4.947726947346189,1.6970563422826717,0.8485281711413358,1
789,6,8,1,0.21600002574920757,4.997001798920647e-05,2.9339279427297264e-05,106.0,209.0,30.0,-70.21640372276306,194.0835987329483,-241.549987077713,106,209,30,106,209,30,0.6000000238418579,0.6000000238418579,0.6000000238418579,1.0392305258366357,1.2000000476837158,1.2000000476837158,7
790,1,1,21321,4605.336548998855,1.0,0.6993013873856144,102.15637165236153,153.6883823460438,129.15599643543925,-42.04699488548538,140.37221275934286,147.94359788882466,49,90,28,166,211,221,70.80000281333923,73.20000290870667,116.40000462532043,154.66040831763678,5.230678940097307,inf,-1
790,4,2,8900,1922.4002291679474,0.4174288260400544,0.2919085571845583,191.84898876404495,167.76775280898877,133.11988764044943,11.768577519963301,148.8198353727882,150.3219327063373,159,116,74,221,218,206,37.80000150203705,61.800002455711365,79.8000031709671,107.77810966595348,4.32666170248287,26.290683804945843,1
790,3,3,139,30.02400357913985,0.0065193940246705126,0.004559021286365574,108.66906474820144,201.07194244604315,33.65467625899281,-38.13937887270674,168.8023499490546,90.64280350602789,103,195,27,114,207,41,7.200000286102295,7.800000309944153,9.000000357627869,13.916896758699613,2.0784610516732713,4.2426408557066795,1
790,2,4,125,27.000003218650946,0.0058627644106749215,0.004099839286299977,80.744,102.496,117.408,-54.894418387413026,109.65678213119506,140.89479974746706,78,101,112,83,105,125,3.6000001430511475,3.0000001192092896,8.40000033378601,9.618732107342897,2.4000000953674316,8.248636578691867,1
790,5,5,4,0.8640001029968303,0.00018760846114159748,0.00013119485716159925,161.5,200.5,43.0,-6.4408164620399475,168.4591844677925,96.24999797344208,161,200,43,162,201,43,1.2000000476837158,1.2000000476837158,0.6000000238418579,1.8000000715255737,1.2000000476837158,1.8973666714956023,1
791,1,1,42204,9116.065086719556,1.0,0.9860978060235049,141.4718983982561,152.60714624206236,110.54589612359018,-24.457677900593453,172.7234710711753,120.7775410727131,49,78,32,241,228,179,115.80000460147858,90.60000360012054,88.80000352859497,171.7656611337749,5.878775616281173,inf,-1
791,4,2,181,39.09600466060657,0.0042886930148801055,0.004229070772681603,90.4475138121547,102.85635359116021,80.39779005524862,-55.07230986877041,142.87299429448268,102.6886767129213,86,98,78,96,108,83,6.600000262260437,6.600000262260437,3.6000001430511475,10.003999597843052,2.6832816796237777,3.934463270922718,1
791,2,3,167,36.07200430011766,0.003956970903231921,0.003901960326175844,82.06586826347305,144.59281437125748,52.4311377245509,-60.1012973978134,167.9148717576158,85.90868464772572,77,138,50,85,151,56,5.400000214576721,8.40000033378601,4.200000166893005,10.833282481636626,2.4000000953674316,17.585221766477318,1
791,7,4,108,23.328002780914417,0.002558999147000284,0.0025234234444730013,111.96296296296296,201.30555555555554,144.30555555555554,-42.163039865317174,201.94251782033177,141.03333753678533,110,198,140,114,205,148,3.0000001192092896,4.800000190734863,5.400000214576721,7.823043197102973,2.4000000953674316,1.9899749532877369,1
791,8,5,72,15.552001853942945,0.0017059994313335229,0.001682282296315334,131.375,98.27777777777777,75.26388888888889,-30.515817180275917,140.12584869729147,99.60833589070373,128,96,73,135,100,77,4.800000190734863,3.0000001192092896,3.0000001192092896,6.406247205780169,2.0784610516732713,2.2449945212724285,1
791,3,6,34,7.344000875473057,0.0008056108425741635,0.00079441108437113,83.8529411764706,111.47058823529412,75.94117647058823,-59.02905360740773,148.0415352863424,100.01470845587113,82,110,75,86,113,77,3.0000001192092896,2.4000000953674316,1.8000000715255737,4.2426408557066795,2.0784610516732713,2.0784610516732713,4
791,6,7,29,6.264000746727019,0.0006871386598426689,0.0006775859249047873,100.89655172413794,152.27586206896552,164.86206896551724,-48.802886872455986,172.52470055941876,153.36724607286783,98,151,164,103,154,166,3.6000001430511475,2.4000000953674316,1.8000000715255737,4.6861499917548555,1.6970563422826717,7.445804483464189,1
791,5,8,4,0.8640001029968303,9.477774618519571e-05,9.346012757307411e-05,90.5,125.0,61.0,-55.04081815481186,156.15918266773224,91.05000221729279,90,124,61,91,126,61,1.2000000476837158,1.8000000715255737,0.6000000238418579,2.2449945212724285,1.2000000476837158,8.858894188160853,2
792,1,1,17459,3771.144449555415,1.0,0.6722498171036927,109.9422074574718,107.3275674437253,113.64207572025889,-62.37549321679043,156.05572271262378,35.635248904533015,35,68,24,151,180,153,70.20000278949738,67.80000269412994,78.00000309944153,124.93550832522496,6.572670951236461,inf,-1
792,11,2,5628,1215.64814491654,0.322355232258434,0.21670324592815063,191.49786780383795,194.7135749822317,107.15973702914002,-13.442095064532282,208.48732931917243,31.745845535310693,146,180,62,226,224,153,48.60000193119049,27.000001072883606,55.20000219345093,78.34539225636962,4.800000190734863,38.37655686802102,1
792,8,3,757,163.51201949215013,0.04335872615842832,0.02914789572985253,126.84147952443857,73.82034346103039,42.236459709379126,-52.23592957370033,135.95138752413237,-7.2081224044374,114,67,28,132,82,66,11.4000004529953,9.600000381469727,23.40000092983246,27.743108354484576,3.3941126845653433,1.8000000715255737,1
792,2,4,603,130.24801552677218,0.03453806059911794,0.023218204920873287,81.80099502487562,197.70978441127696,100.60199004975124,-79.26022134728693,210.28505504803476,27.811197191328546,64,189,84,87,208,112,14.40000057220459,12.000000476837158,17.40000069141388,25.57577079942632,2.6832816796237777,8.160882629525593,1
792,9,5,540,116.64001390457209,0.030929606506672775,0.020792422317199955,126.72962962962963,126.9888888888889,15.614814814814816,-52.3030395132524,167.85251604848438,-23.181109975885462,116,116,11,137,137,22,13.200000524520874,13.200000524520874,7.200000286102295,20.007999195686104,3.3941126845653433,3.1176915775099068,1
792,4,6,410,88.5600105571751,0.023483590125436736,0.01578683916676293,90.8048780487805,85.0780487804878,121.3390243902439,-73.85789131827471,142.70601098421145,40.25341829003358,82,80,113,99,91,130,10.800000429153442,7.200000286102295,10.800000429153442,16.8854974063337,2.9393878081405864,3.6000001430511475,1
792,5,7,220,47.52000566482567,0.012600950799014835,0.008470986869970352,86.88636363636364,184.1727272727273,115.90454545454546,-76.20900005914947,202.16282044215637,36.99273079904643,84,181,112,90,188,120,4.200000166893005,4.800000190734863,5.400000214576721,8.357033298389126,3.7947333429912047,1.0392305258366357,1
792,10,8,179,38.664004609108154,0.010252591786471161,0.0068923029532940595,135.86033519553072,84.29050279329608,37.31843575418994,-46.82461595601876,142.23348337311984,-10.158936894805738,133,80,30,138,88,44,3.6000001430511475,5.400000214576721,9.000000357627869,11.095945646257405,2.6832816796237777,2.6153394700486534,1
792,6,9,86,18.576002214431853,0.004925826221433072,0.003311385776442956,110.79069767441861,127.25581395348837,147.6860465116279,-61.86639906639276,168.01267109360805,56.06163219102592,108,125,146,113,129,150,3.6000001430511475,3.0000001192092896,3.0000001192092896,5.564171318397717,2.6832816796237777,1.3416408398118889,1
792,3,10,47,10.152001210212756,0.00269202130706226,0.0018097108313118479,82.31914893617021,166.4468085106383,132.6595744680851,-78.94932898815642,191.52726876228414,47.04574860664124,81,162,130,84,170,135,2.4000000953674316,5.400000214576721,3.6000001430511475,6.919537831760196,1.6970563422826717,3.934463270922718,1
792,7,11,42,9.072001081466718,0.0024056360616301047,0.0016171884024488855,110.95238095238095,141.04761904761904,12.523809523809524,-61.76938909576053,176.2877544789087,-25.035713224183944,108,140,11,113,142,14,3.6000001430511475,1.8000000715255737,2.4000000953674316,4.6861499917548555,2.0784610516732713,2.5455845134240076,9
793,2,1,9174,1981.5842362232302,1.0,0.43351290048199603,113.38107695661652,139.57183344233704,142.13025942882058,-47.80142924781455,159.41302526805404,136.22815980888123,63,65,81,165,196,163,61.800002455711365,79.20000314712524,49.80000197887421,112.1245780332147,4.800000190734863,inf,-1
793,9,2,8563,1849.6082204904644,0.933398735557009,0.4046403931575466,193.03935536611002,150.80298960644635,75.96461520495154,-0.0064603029171053095,166.15171923429125,96.52877169704794,138,71,43,216,188,125,47.400001883506775,70.80000281333923,49.80000197887421,98.68860508701684,4.947726947346189,28.868669284064385,2
793,1,3,1252,270.4320322380079,0.13647264006976237,0.05916265003307816,61.80031948881789,183.17731629392972,39.04392971246006,-78.74988495827483,185.5763160186454,74.37635952129531,53,158,26,72,197,66,12.000000476837158,24.000000953674316,24.600000977516174,36.40274859559724,3.3941126845653433,9.019978185445462,2
793,5,4,668,144.28801720047065,0.07281447569217353,0.03156601455438994,97.60179640718563,121.47455089820359,155.13023952095807,-57.26899795368046,148.55465531010114,144.02814817410743,83,118,146,116,126,163,20.40000081062317,5.400000214576721,10.800000429153442,23.7056964601458,3.3941126845653433,3.0000001192092896,2
793,3,5,503,108.64801295185141,0.05482886418138217,0.023769019941404405,92.56063618290258,142.22266401590457,154.05566600397614,-60.29369420844091,161.0035236753953,143.38340403829844,78,139,143,109,149,162,19.200000762939453,6.600000262260437,12.000000476837158,23.583893745579957,3.6000001430511475,1.8000000715255737,2
793,7,6,494,106.70401272010854,0.05384783082624809,0.02334372932615065,102.66194331983806,100.36437246963563,150.3421052631579,-54.2329096854457,135.8885477496545,141.1552675052693,89,94,139,120,109,159,19.200000762939453,9.600000381469727,12.600000500679016,24.890963204307823,2.6832816796237777,4.40908171221088,2
793,4,7,320,69.12000823974643,0.03488118596032266,0.015121444097911352,87.028125,144.95625,30.846875,-63.61320105008781,162.64367533102632,69.45812649838626,78,135,27,95,153,35,10.800000429153442,11.4000004529953,5.400000214576721,16.606023663581723,2.6832816796237777,4.724404912138064,1
793,8,8,150,32.40000386238113,0.016350555918901243,0.007088176920895945,108.99333333333334,171.3,151.4,-50.43407552639643,178.44992595911026,141.79000437259674,104,164,150,114,178,153,6.600000262260437,9.000000357627869,2.4000000953674316,11.415779007886552,2.0784610516732713,1.8000000715255737,2
793,6,9,38,8.208000978469888,0.004142140832788316,0.001795671486626973,84.23684210526316,168.97368421052633,136.39473684210526,-65.28797085347928,177.05413642996237,132.78684612010653,83,166,134,85,171,139,1.8000000715255737,3.6000001430511475,3.6000001430511475,5.400000214576721,1.6970563422826717,1.2000000476837158,2
794,2,1,26851,5799.816691391972,1.0,0.5228609261206527,207.1789877471975,204.49089419388477,80.29447692823358,-24.000219599649512,188.38692420427373,-42.37331498044816,102,123,19,253,272,182,91.2000036239624,90.00000357627869,98.4000039100647,161.55495063365183,6.1188236594515395,inf,-1
794,1,2,23972,5177.9526172600035,0.8927786674611746,0.46679908088951194,130.83071917236776,173.01789587852494,146.5871850492241,-69.80918256483193,169.50312446468305,-2.5976885273125134,70,100,70,223,254,178,92.40000367164612,93.00000369548798,65.40000259876251,146.50570536944676,6.000000238418579,28.930953432591622,2
794,5,3,528,114.0480135955816,0.019664072101597707,0.010281574950344666,292.99242424242425,173.74810606060606,63.50189393939394,27.487844343438297,169.9412505913413,-52.44886517411832,291,165,56,296,186,68,3.6000001430511475,13.200000524520874,7.800000309944153,15.74928632390841,3.3941126845653433,31.49857264781682,2
794,3,4,2,0.43200005149841514,7.4485121596961e-05,3.8945359660396464e-05,154.0,149.0,33.5,-55.90761351585388,155.09238636493683,-70.45000225305557,154,149,33,154,149,34,0.6000000238418579,0.6000000238418579,1.2000000476837158,1.4696939040702932,1.2000000476837158,7.224957034369364,2
794,4,5,1,0.21600002574920757,3.72425607984805e-05,1.9472679830198232e-05,178.0,122.0,64.0,-41.50761294364929,138.89238572120667,-52.150001525878906,178,122,64,178,122,64,0.6000000238418579,0.6000000238418579,0.6000000238418579,1.0392305258366357,1.2000000476837158,2.9393878081405864,2
795,1,1,14206,3068.4963657932426,1.0,0.5516036343868913,87.70449106011544,130.8957482753766,152.9041250175982,-53.71812358539272,174.6966317735238,80.69247846534248,22,66,42,147,197,190,75.6000030040741,79.20000314712524,89.40000355243683,141.3519069128407,5.230678940097307,inf,-1
795,5,2,10973,2370.168282546055,0.7724201041813319,0.4260697367399239,183.99289164312404,131.42076004738905,102.1289528843525,4.054919060106798,175.01163884924853,50.22737397482062,116,52,67,213,192,154,58.800002336502075,84.60000336170197,52.800002098083496,115.76891234321178,4.947726947346189,28.637040091009826,1
795,2,3,373,80.56800960445442,0.026256511333239474,0.014483187077735495,30.24396782841823,98.15549597855228,117.93565683646112,-88.19443889437667,155.05247961484076,59.711396722946986,27,91,110,33,109,125,4.200000166893005,11.4000004529953,9.600000381469727,15.484186095962977,2.9393878081405864,4.6861499917548555,1
795,4,4,177,38.23200455760974,0.01245952414472758,0.006872718800962957,104.07344632768361,69.61581920903954,181.89830508474577,-43.896750034585516,137.9286728726942,98.08898719690615,102,64,179,106,74,185,3.0000001192092896,6.600000262260437,4.200000166893005,8.378544359194791,3.3941126845653433,2.6832816796237777,1
795,3,5,23,4.968000592231774,0.0016190342108968042,0.0008930651549273898,79.52173913043478,152.6086956521739,42.391304347826086,-58.62777493829313,187.7244007172792,14.384783428648245,78,150,41,81,155,43,2.4000000953674316,3.6000001430511475,1.8000000715255737,4.6861499917548555,1.2000000476837158,3.0000001192092896,1
795,6,6,2,0.43200005149841514,0.00014078558355624384,7.765783955890347e-05,170.0,192.0,73.5,-4.340816259384155,211.35918426513672,33.05000156164169,170,192,73,170,192,74,0.6000000238418579,0.6000000238418579,1.2000000476837158,1.4696939040702932,1.2000000476837158,0.8485281711413358,5
796,1,1,17065,3686.040439410227,1.0,0.5385319363797022,89.76120714913566,167.78259595663638,134.37978318195135,-64.96749232044465,175.84534282423064,109.57787387597396,33,90,23,149,239,180,70.20000278949738,90.00000357627869,94.80000376701355,148.3748015991981,5.499091052461245,inf,-1
796,7,2,9311,2011.1762397508717,0.5456196894227953,0.2938336278717496,199.2831060036516,206.24401245838257,110.06100311459564,0.7456496034704543,198.92219364226997,94.98660525575563,158,177,54,221,241,164,38.400001525878906,39.000001549720764,66.60000264644623,86.20394765074491,5.878775616281173,35.22158569103402,1
796,8,3,2834,612.1440729732542,0.16607090536185173,0.08943448624084828,186.939308398024,168.76887791107976,47.71136203246295,-6.660629254205176,176.43711202041146,57.57681911994474,160,148,41,207,190,55,28.80000114440918,25.80000102519989,9.000000357627869,39.6998756327471,4.947726947346189,0.8485281711413358,7
796,5,4,1191,257.2560306673062,0.06979197187225315,0.037585205756122196,145.2292191435768,119.6784214945424,59.54743912678421,-31.686683801319504,146.98283700008136,64.67846565873157,125,99,53,163,138,65,23.40000092983246,24.000000953674316,7.800000309944153,34.41511432681369,3.3941126845653433,7.891768176370223,8
796,9,5,849,183.38402186107723,0.04975095224142983,0.02679247664731129,215.1731448763251,222.811542991755,72.81389870435807,10.279673305922614,208.86271235729416,72.63834172157291,200,212,60,226,234,89,16.200000643730164,13.800000548362732,18.000000715255737,27.87256826596495,3.3941126845653433,2.2449945212724285,7
796,3,6,198,42.768005098343096,0.011602695575739818,0.006248422115627368,59.06565656565657,95.77272727272727,92.64141414141415,-83.38482340237107,132.6394198970361,84.53485145653137,56,93,87,62,100,101,4.200000166893005,4.800000190734863,9.000000357627869,11.030866224837366,2.6832816796237777,6.378087741083216,1
796,11,7,72,15.552001853942945,0.004219162027541752,0.00227215349659177,239.38888888888889,61.111111111111114,151.75,24.809120290809204,111.8424493736691,120.00000438094139,237,58,148,243,64,155,4.200000166893005,4.200000166893005,4.800000190734863,7.636753540272022,1.6970563422826717,73.40136530188455,1
796,2,8,53,11.448001364708,0.0031057720480515676,0.001672557434991164,51.84905660377358,205.47169811320754,117.45283018867924,-87.71478355155801,198.45880501675157,99.42170167644069,49,204,116,55,207,119,4.200000166893005,2.4000000953674316,2.4000000953674316,5.400000214576721,2.0784610516732713,10.615084029578005,1
796,6,9,37,7.99200095272068,0.0021681804863756225,0.0011676344357485486,132.75675675675674,120.62162162162163,48.7027027027027,-39.170161530778216,147.54875709881654,58.17162354572399,129,119,48,137,123,50,5.400000214576721,3.0000001192092896,1.8000000715255737,6.434283432533607,1.6970563422826717,6.788225369130687,5
796,12,10,36,7.776000926971473,0.002109581013770876,0.001136076748295885,243.25,64.55555555555556,165.72222222222223,27.125787049531937,113.90911612245772,128.38333804739847,242,63,163,245,66,168,2.4000000953674316,2.4000000953674316,3.6000001430511475,4.947726947346189,1.6970563422826717,4.9839745157961906,11
796,4,11,34,7.344000875473057,0.001992382068561383,0.0010729613733905582,108.88235294117646,57.970588235294116,164.26470588235293,-53.49480438933654,109.958135573303,127.50882820872698,107,56,162,111,60,166,3.0000001192092896,3.0000001192092896,3.0000001192092896,5.196152629183178,1.6970563422826717,32.56071381676279,1
796,10,12,8,1.7280002059936606,0.0004687957808379725,0.0002524614996213078,218.125,204.625,71.75,12.050786450505257,197.95078612864017,72.00000247359276,218,204,70,219,205,73,1.2000000476837158,1.2000000476837158,2.4000000953674316,2.9393878081405864,1.2000000476837158,1.6970563422826717,7
797,1,1,18085,3906.3604656744187,1.0,0.6232553330806079,87.15100912358308,131.91766657450927,146.74492673486316,-44.050212760508174,150.30978277736784,206.99695648783177,37,73,54,135,207,186,59.40000236034393,81.00000321865082,79.8000031709671,128.28640344134942,4.947726947346189,inf,-1
797,10,2,8690,1877.0402237606138,0.4805087088747581,0.2994796153978702,175.8868814729574,173.19021864211737,105.71898734177215,9.191312764744481,175.073315001947,182.38139187384255,134,116,63,201,211,183,40.80000162124634,57.60000228881836,72.60000288486481,101.25789260520861,3.9799499065754738,17.697458147736928,1
797,9,3,992,214.2720255432139,0.0548520873652198,0.03418685598097667,96.72681451612904,151.39012096774192,48.556451612903224,-38.30472929667561,161.99325587756692,148.08386907366014,84,131,42,109,174,58,15.600000619888306,26.400001049041748,10.200000405311584,32.31656050693324,3.3941126845653433,12.74205685528101,1
797,11,4,662,142.99201704597542,0.03660492120541886,0.022814212358272735,143.4939577039275,111.09667673716012,79.7870090634441,-10.244442268980947,137.81718837854726,166.82220428857917,136,106,69,151,116,90,9.600000381469727,6.600000262260437,13.200000524520874,17.605681600932357,3.9799499065754738,1.6970563422826717,10
797,6,5,204,44.06400525283834,0.01128006635333149,0.007030361512216975,76.80882352941177,92.52941176470588,88.93627450980392,-50.25552436358788,126.67682895239662,172.31176377453056,68,87,85,86,99,92,11.4000004529953,7.800000309944153,4.800000190734863,14.623269709421235,2.4000000953674316,11.634432120109967,1
797,3,6,195,42.12000502109547,0.010782416367155101,0.00672019850432505,69.25128205128205,125.32307692307693,62.82051282051282,-54.79004943065154,146.35302882928113,156.64230613830762,62,118,60,76,131,66,9.000000357627869,8.40000033378601,4.200000166893005,13.00769055008644,2.6832816796237777,16.398781094088726,6
797,12,7,153,33.04800393962876,0.008460049764998617,0.005272771134162732,144.32679738562092,206.26797385620915,171.68627450980392,-9.74473844010845,194.91996891903722,221.9617657474443,139,204,166,149,208,178,6.600000262260437,3.0000001192092896,7.800000309944153,10.64894403273031,2.4000000953674316,2.4738634736730947,10
797,2,8,17,3.6720004377365285,0.0009400055294442909,0.0005858634593514146,58.8235294117647,130.88235294117646,63.35294117647059,-61.04670126297895,149.68859457268434,156.96176316457635,57,130,63,61,132,64,3.0000001192092896,1.8000000715255737,1.2000000476837158,3.6986485487524687,1.2000000476837158,0.8485281711413358,3
797,8,9,14,3.024000360488906,0.0007741222007188278,0.0004824757900541062,82.21428571428571,114.42857142857143,65.35714285714286,-47.01224692378726,139.81632527283261,158.16428422076362,80,113,65,84,116,66,3.0000001192092896,2.4000000953674316,1.2000000476837158,4.024922519435666,1.2000000476837158,2.6832816796237777,3
797,7,10,3,0.6480000772476227,0.00016588332872546308,0.00010338766929730846,77.66666666666667,116.66666666666667,65.0,-49.740818460782364,141.1591824690501,157.94999849796295,77,116,65,78,117,65,1.2000000476837158,1.2000000476837158,0.6000000238418579,1.8000000715255737,1.2000000476837158,0.8485281711413358,3
797,4,11,1,0.21600002574920757,5.52944429084877e-05,3.4462556432436155e-05,63.0,137.0,55.0,-58.54081881046295,153.35918295383453,151.94999825954437,63,137,55,63,137,55,0.6000000238418579,0.6000000238418579,0.6000000238418579,1.0392305258366357,1.2000000476837158,4.724404912138064,3
797,5,12,1,0.21600002574920757,5.52944429084877e-05,3.4462556432436155e-05,64.0,136.0,56.0,-57.940818786621094,152.75918292999268,152.54999828338623,64,136,56,64,136,56,0.6000000238418579,0.6000000238418579,0.6000000238418579,1.0392305258366357,1.2000000476837158,1.0392305258366357,4
798,22,1,20855,4504.680536999724,1.0,0.46554456771658814,227.9450011987533,264.32514984416207,86.99822584512107,-15.008384471115704,195.3197055834999,137.0989391071509,148,182,51,268,320,147,72.60000288486481,83.40000331401825,58.20000231266022,124.954236586257,5.3665633592475555,inf,-1
798,2,2,14026,3029.616361158385,0.6725485495085112,0.3131013237493582,152.02973050049908,204.41622700698701,163.09753315271638,-60.557548700029315,159.37435045285486,182.75852530605692,91,162,96,204,253,186,68.4000027179718,55.20000219345093,54.60000216960907,103.47347897358459,6.462198025346074,35.76926196723603,22
798,20,3,1753,378.6480451383609,0.08405658115559818,0.03913208473781726,150.01483171705647,297.9589275527667,126.68397033656589,-61.76648801813381,215.4999730105544,160.91038674819964,142,274,83,155,310,156,8.40000033378601,22.200000882148743,44.400001764297485,50.34640207050182,3.6000001430511475,14.561593898039648,2
798,32,4,1524,329.18403924179233,0.07307600095900264,0.034020135276915865,225.16863517060366,180.998687664042,71.30446194225722,-16.674204154199202,145.3238262887702,127.68268039126409,208,162,64,242,200,79,21.000000834465027,23.40000092983246,9.600000381469727,32.87430738263409,3.6000001430511475,9.17823548917731,22
798,31,5,1333,287.9280343236937,0.06391752577319587,0.029756456905596355,219.55138784696175,281.9024756189047,166.54013503375845,-20.044552682309956,205.8661014674216,184.8240865167602,204,266,146,227,298,184,14.40000057220459,19.80000078678131,23.40000092983246,33.86679924575384,3.3941126845653433,1.2000000476837158,22
798,36,6,1293,279.2880332937254,0.061999520498681376,0.028863539969194364,255.86697602474865,147.48955916473318,209.3279195668987,1.7448010901932776,125.21834839026502,210.49675825678463,244,144,197,268,154,223,15.000000596046448,6.600000262260437,16.200000643730164,23.04343815926975,4.32666170248287,49.91553062936828,2
798,7,7,987,213.19202541446788,0.047326780148645414,0.02203272540571913,141.9807497467072,271.70212765957444,160.7304964539007,-66.58693739189081,199.74589244862818,181.338303230333,124,261,149,153,281,168,18.000000715255737,12.600000500679016,12.000000476837158,25.035176248838564,3.6000001430511475,2.5455845134240076,20
798,33,8,599,129.38401542377534,0.028722128985854713,0.013371431122619818,219.70450751252088,134.75125208681135,201.46744574290483,-19.95268087932382,117.57536383980701,205.78047377498,214,127,189,230,141,212,10.200000405311584,9.000000357627869,14.40000057220459,19.809089610205483,3.3941126845653433,15.379207352686326,36
798,35,9,491,106.05601264286092,0.02354351474466555,0.010960555394334442,235.78615071283096,140.0773930753564,113.69857433808554,-10.303694575721522,120.77104855991915,153.11914883951547,233,130,96,238,151,132,3.6000001430511475,13.200000524520874,22.200000882148743,26.07757761075067,2.9393878081405864,17.51342411911263,32
798,23,10,378,81.64800973320047,0.018125149844162074,0.008438065048998817,157.29365079365078,104.58730158730158,164.54232804232805,-57.39919639863666,99.47699282093653,183.62540227427053,153,101,159,163,109,169,6.600000262260437,5.400000214576721,6.600000262260437,10.783320881857513,3.7947333429912047,35.40000140666962,2
798,21,11,325,70.20000836849246,0.015583792855430354,0.007254950108266179,156.41846153846154,246.83076923076922,49.37230769230769,-57.92430997261634,184.82307679836566,114.52338731839106,145,244,46,166,249,53,13.200000524520874,3.6000001430511475,4.800000190734863,14.499655744478018,3.3941126845653433,2.0784610516732713,22
798,37,12,187,40.392004815101814,0.00896667465835531,0.004174386677679308,304.63101604278074,122.61497326203208,162.28877005347593,31.003226263637856,110.29359625558801,182.27326742723028,302,118,157,308,126,167,4.200000166893005,5.400000214576721,6.600000262260437,9.505788088378981,2.6832816796237777,31.165366630129682,36
798,34,13,151,32.616003888130344,0.007240469911292256,0.003370761434917517,229.19867549668874,157.72847682119206,86.88079470198676,-14.256179862464506,131.36169922825516,137.0284804184705,226,154,82,232,162,91,4.200000166893005,5.400000214576721,6.000000238418579,9.099450894441539,2.6832816796237777,4.489989042544857,35
798,10,14,133,28.728003424644605,0.006377367537760728,0.0029689488135366203,135.66917293233084,247.09022556390977,171.4360902255639,-70.37388363099636,184.9787506044359,187.76165974857216,130,243,168,142,253,174,7.800000309944153,6.600000262260437,4.200000166893005,11.04717202268834,2.4000000953674316,4.200000166893005,2
798,38,15,107,23.11200275516521,0.005130664109326301,0.0023885528048753265,309.8130841121495,85.05607476635514,135.44859813084113,34.11246722880924,87.75825626270793,166.16916363372982,307,80,134,313,89,137,4.200000166893005,6.000000238418579,2.4000000953674316,7.707139853453287,2.4000000953674316,23.12141956035986,37
798,43,16,107,23.11200275516521,0.005130664109326301,0.0023885528048753265,345.2056074766355,105.42990654205607,108.08411214953271,55.347982091324354,99.98255581387849,149.75047139252456,341,102,105,350,110,111,6.000000238418579,5.400000214576721,4.200000166893005,9.099450894441539,2.0784610516732713,26.51565680641872,38
798,25,17,99,21.384002549171548,0.004747063054423399,0.002209969417594928,157.44444444444446,269.7070707070707,152.54545454545453,-57.30872020456525,198.5488582295601,176.42727789011866,155,268,149,160,272,156,3.6000001430511475,3.0000001192092896,4.800000190734863,6.708204199059444,2.6832816796237777,2.163330851241435,7
798,29,18,54,11.664001390457209,0.0025893071205945815,0.0012054378641426881,197.16666666666666,176.5,87.55555555555556,-33.47538592418036,142.62461358308792,137.43333694669934,193,173,86,200,180,89,4.800000190734863,4.800000190734863,2.4000000953674316,7.200000286102295,1.6970563422826717,4.724404912138064,22
798,9,19,47,10.152001210212756,0.002253656197554543,0.0010491774002723397,132.08510638297872,106.31914893617021,190.68085106382978,-72.52432364605843,100.51610127154817,199.30851671036254,130,104,189,134,109,194,3.0000001192092896,3.6000001430511475,3.6000001430511475,5.909314915892731,1.6970563422826717,16.551737726667405,23
798,3,20,47,10.152001210212756,0.002253656197554543,0.0010491774002723397,97.76595744680851,101.53191489361703,150.3404255319149,-93.11581382599283,97.6437607318797,175.1042604294229,93,99,149,103,103,152,6.600000262260437,3.0000001192092896,2.4000000953674316,7.636753540272022,1.6970563422826717,28.32737304749953,9
798,11,21,41,8.85600105571751,0.0019659554063773677,0.0009152398598120409,134.82926829268294,118.82926829268293,165.34146341463415,-70.87782643480998,108.02217318372028,184.10488351670708,132,116,165,137,122,166,3.6000001430511475,4.200000166893005,1.2000000476837158,5.6603889041576,1.2000000476837158,12.059851224560482,23
798,12,22,36,7.776000926971473,0.0017262047470630545,0.0008036252427617921,136.02777777777777,106.30555555555556,158.13888888888889,-70.15872071517839,100.50794524285529,179.78333862953716,135,104,157,138,109,160,2.4000000953674316,3.6000001430511475,2.4000000953674316,4.947726947346189,1.6970563422826717,5.564171318397717,11
798,42,23,35,7.560000901222265,0.001678254615200192,0.0007813023193517423,326.48571428571427,119.22857142857143,142.88571428571427,44.11604573045457,108.26175507477352,170.63143350396837,325,117,141,329,122,145,3.0000001192092896,3.6000001430511475,3.0000001192092896,5.564171318397717,1.6970563422826717,12.713772565450165,37
798,8,24,27,5.832000695228604,0.0012946535602972908,0.0006027189320713441,131.07407407407408,116.96296296296296,169.85185185185185,-73.13094305550611,106.90238994139212,186.8111166865737,129,116,169,133,119,171,3.0000001192092896,2.4000000953674316,1.8000000715255737,4.2426408557066795,1.6970563422826717,1.8973666714956023,11
798,6,25,26,5.616000669479397,0.0012467034284344282,0.0005803960086612943,126.53846153846153,127.38461538461539,192.6153846153846,-75.85231068501106,113.15538164285513,200.4692368874183,124,126,192,129,129,194,3.6000001430511475,2.4000000953674316,1.8000000715255737,4.6861499917548555,1.2000000476837158,10.965400565224092,9
798,44,26,22,4.752000566482566,0.0010549029009829778,0.0004911043150210952,355.22727272727275,142.5,154.54545454545453,61.36098148064181,122.22461277246475,177.62727793780238,352,142,154,358,143,155,4.200000166893005,1.2000000476837158,1.2000000476837158,4.52990084116453,1.2000000476837158,21.0428143362665,42
798,30,27,21,4.536000540733359,0.0010069527691201152,0.0004687813916110454,200.8095238095238,130.85714285714286,30.142857142857142,-31.289671551613594,115.23889820916312,102.9857165302549,200,130,29,202,132,31,1.8000000715255737,1.8000000715255737,1.8000000715255737,3.1176915775099068,1.6970563422826717,33.070834384966446,32
798,18,28,21,4.536000540733359,0.0010069527691201152,0.0004687813916110454,142.28571428571428,115.0952380952381,172.71428571428572,-66.40395866121565,105.78175497622718,188.5285770722798,141,114,171,144,116,175,2.4000000953674316,1.8000000715255737,3.0000001192092896,4.2426408557066795,1.6970563422826717,4.2426408557066795,11
798,1,29,17,3.6720004377365285,0.0008151522416686645,0.0003794896979708462,78.17647058823529,236.52941176470588,104.70588235294117,-104.86950640818652,178.64226207312416,147.72353343402636,77,236,103,79,237,106,1.8000000715255737,1.2000000476837158,2.4000000953674316,3.231099012673037,1.2000000476837158,12.369317368365474,2
798,26,30,13,2.8080003347396985,0.0006233517142172141,0.00029019800433064714,163.23076923076923,148.53846153846155,144.92307692307693,-53.83692519481366,125.84768983950983,171.85385113496048,162,148,143,164,149,146,1.8000000715255737,1.2000000476837158,2.4000000953674316,3.231099012673037,1.2000000476837158,12.208194454735525,2
798,41,31,9,1.9440002317428682,0.0004315511867657636,0.00020090631069044802,317.77777777777777,73.77777777777777,134.0,38.891283618079285,80.99127780066596,165.30000472068787,317,73,133,319,75,135,1.8000000715255737,1.8000000715255737,1.8000000715255737,3.1176915775099068,1.2000000476837158,3.8418746951220877,38
798,14,32,7,1.512000180244453,0.00033565092304003834,0.00015626046387034844,137.0,109.57142857142857,161.14285714285714,-69.57538735866547,102.46746913024357,181.5857196535383,136,109,160,138,110,162,1.8000000715255737,1.2000000476837158,1.8000000715255737,2.8142495677222836,1.2000000476837158,1.0392305258366357,12
798,16,33,6,1.2960001544952453,0.00028770079117717575,0.00013393754046029865,139.83333333333334,254.5,173.33333333333334,-67.87538729111353,189.42461544275284,188.90000565846762,139,253,173,140,256,174,1.2000000476837158,2.4000000953674316,1.2000000476837158,2.9393878081405864,1.2000000476837158,3.888444573557615,10
798,13,34,5,1.080000128746038,0.00023975065931431313,0.0001116146170502489,137.0,106.4,161.4,-69.57538735866547,100.56461191177368,181.74000537395477,136,106,161,138,107,162,1.8000000715255737,1.2000000476837158,1.2000000476837158,2.4738634736730947,1.2000000476837158,0.8485281711413358,12
798,24,35,4,0.8640001029968303,0.0001918005274514505,8.929169364019912e-05,154.5,165.5,163.0,-59.07538694143295,136.02461332082748,182.70000541210175,154,165,163,155,166,163,1.2000000476837158,1.2000000476837158,0.6000000238418579,1.8000000715255737,1.2000000476837158,1.3416408398118889,2
798,17,36,3,0.6480000772476227,0.00014385039558858787,6.696877023014933e-05,140.33333333333334,261.3333333333333,170.0,-67.5753872791926,193.52461560567218,186.90000557899475,140,261,170,141,262,170,1.2000000476837158,1.2000000476837158,0.6000000238418579,1.8000000715255737,1.2000000476837158,3.498571275927907,7
798,4,37,1,0.21600002574920757,4.795013186286262e-05,2.232292341004978e-05,119.0,200.0,68.0,-80.37538778781891,156.72461414337158,125.70000314712524,119,200,68,119,200,68,0.6000000238418579,0.6000000238418579,0.6000000238418579,1.0392305258366357,1.2000000476837158,24.72407831609038,2
798,40,38,1,0.21600002574920757,4.795013186286262e-05,2.232292341004978e-05,309.0,127.0,159.0,33.624616742134094,112.92461240291595,180.3000053167343,309,127,159,309,127,159,0.6000000238418579,0.6000000238418579,0.6000000238418579,1.0392305258366357,1.2000000476837158,1.8000000715255737,37
798,27,39,1,0.21600002574920757,4.795013186286262e-05,2.232292341004978e-05,162.0,149.0,148.0,-54.57538676261902,126.12461292743683,173.70000505447388,162,149,148,162,149,148,0.6000000238418579,0.6000000238418579,0.6000000238418579,1.0392305258366357,1.2000000476837158,1.2000000476837158,26
798,5,40,1,0.21600002574920757,4.795013186286262e-05,2.232292341004978e-05,119.0,201.0,67.0,-80.37538778781891,157.32461416721344,125.10000312328339,119,201,67,119,201,67,0.6000000238418579,0.6000000238418579,0.6000000238418579,1.0392305258366357,1.2000000476837158,0.8485281711413358,4
798,19,41,1,0.21600002574920757,4.795013186286262e-05,2.232292341004978e-05,142.0,117.0,175.0,-66.57538723945618,106.92461216449738,189.90000569820404,142,117,175,142,117,175,0.6000000238418579,0.6000000238418579,0.6000000238418579,1.0392305258366357,1.2000000476837158,0.8485281711413358,18
798,28,42,1,0.21600002574920757,4.795013186286262e-05,2.232292341004978e-05,165.0,148.0,142.0,-52.775386691093445,125.52461290359497,170.10000491142273,165,148,142,165,148,142,0.6000000238418579,0.6000000238418579,0.6000000238418579,1.0392305258366357,1.2000000476837158,0.8485281711413358,26
798,39,43,1,0.21600002574920757,4.795013186286262e-05,2.232292341004978e-05,308.0,129.0,159.0,33.024616718292236,114.12461245059967,180.3000053167343,308,129,159,308,129,159,0.6000000238418579,0.6000000238418579,0.6000000238418579,1.0392305258366357,1.2000000476837158,1.3416408398118889,40
798,15,44,1,0.21600002574920757,4.795013186286262e-05,2.232292341004978e-05,137.0,107.0,163.0,-69.57538735866547,100.9246119260788,182.70000541210175,137,107,163,137,107,163,0.6000000238418579,0.6000000238418579,0.6000000238418579,1.0392305258366357,1.2000000476837158,0.8485281711413358,13
799,8,1,18988,4101.408488925953,1.0,0.5001448702752535,210.05930061091215,209.37787023383189,109.50268590688856,-6.782774000248708,191.80836775725658,139.6516111031228,140,135,44,252,270,199,67.80000269412994,81.60000324249268,93.60000371932983,141.47919137017075,5.3665633592475555,inf,-1
799,4,2,18518,3999.888476823826,0.9752475247524753,0.48776504675358884,119.28399395183065,178.20828383194728,148.07063397775138,-61.24796015994957,173.10661517298496,162.79238086517205,83,113,42,167,269,203,51.00000202655792,94.20000374317169,97.20000386238098,144.64605650611202,5.3665633592475555,27.97570485615403,8
799,1,3,220,47.52000566482567,0.011586265009479672,0.00579481101014092,54.03636363636364,91.82272727272728,72.14545454545454,-100.3965399048545,121.27527917786078,117.2372713955966,43,86,64,64,96,81,13.200000524520874,6.600000262260437,10.800000429153442,18.287701511641743,2.0784610516732713,32.25523341542524,4
799,9,4,127,27.432003270149362,0.006688434800926902,0.0033451863558540762,152.88188976377953,117.28346456692914,98.56692913385827,-41.08922187174399,136.55172216141318,133.09015677857587,145,116,97,159,119,101,9.000000357627869,2.4000000953674316,3.0000001192092896,9.785704247028988,2.4000000953674316,6.029925612280241,4
799,6,5,83,17.92800213718423,0.004371181799030967,0.0021862241538258926,91.855421686747,146.0843373493976,93.855421686747,-77.7051041729479,153.83224651756058,130.263252197978,89,142,92,95,150,96,4.200000166893005,5.400000214576721,3.0000001192092896,7.469940055621977,2.4000000953674316,0.8485281711413358,4
799,5,6,13,2.8080003347396985,0.0006846429323783443,0.0003424206505992361,86.84615384615384,172.53846153846155,150.0,-80.71066499673404,169.70472166171442,163.95000052452087,86,172,148,88,173,152,1.8000000715255737,1.2000000476837158,3.0000001192092896,3.6986485487524687,1.2000000476837158,0.8485281711413358,4
799,2,7,11,2.376000283241283,0.0005793132504739836,0.00028974055050704596,53.36363636363637,116.18181818181819,131.1818181818182,-100.80017628452995,135.89073430408132,152.65909098495138,52,116,130,55,117,132,2.4000000953674316,1.2000000476837158,1.8000000715255737,3.231099012673037,1.2000000476837158,32.31656050693324,1
799,10,8,3,0.6480000772476227,0.00015799452285654097,7.902015013828525e-05,185.33333333333334,187.0,59.666666666666664,-21.61835495630899,178.38164508342743,109.74999837080637,185,187,59,186,187,60,1.2000000476837158,0.6000000238418579,1.2000000476837158,1.8000000715255737,1.2000000476837158,2.6832816796237777,8
799,3,9,1,0.21600002574920757,5.266484095218033e-05,2.6340050046095088e-05,56.0,168.0,143.0,-99.21835803985596,166.98164463043213,159.75000035762787,56,168,143,56,168,143,0.6000000238418579,0.6000000238418579,0.6000000238418579,1.0392305258366357,1.2000000476837158,18.405434711579797,5
799,7,10,1,0.21600002574920757,5.266484095218033e-05,2.6340050046095088e-05,132.0,207.0,42.0,-53.618356227874756,190.3816455602646,99.14999794960022,132,207,42,132,207,42,0.6000000238418579,0.6000000238418579,0.6000000238418579,1.0392305258366357,1.2000000476837158,5.433231298779655,8
800,3,1,23107,4991.112594986939,1.0,0.5092788503923125,122.85363742588827,187.12805643311552,136.41939671960878,-52.60519742790807,186.95945550884983,89.80064116600153,64,107,19,187,273,179,74.40000295639038,100.20000398159027,96.60000383853912,157.8193967148125,5.3665633592475555,inf,-1
800,4,2,21027,4541.832541428587,0.9099839875362444,0.46343559904787096,223.6024634993104,200.6680458458173,76.86184429542969,7.844100618184399,195.0834494792894,54.06610829153137,115,134,30,273,266,144,95.40000379085541,79.8000031709671,69.00000274181366,142.23291323653564,5.499091052461245,26.74546796839657,3
800,6,3,1027,221.83202644443617,0.044445406153979315,0.022635105351317995,265.4099318403116,57.27458617332035,131.01655306718598,32.92858261955283,109.04737025702477,86.55893484573402,259,51,122,272,65,140,8.40000033378601,9.000000357627869,11.4000004529953,16.778558411651456,4.947726947346189,76.358106729877,4
800,1,4,139,30.02400357913985,0.006015493140606743,0.0030635634311910434,33.66187050359712,92.18705035971223,118.25179856115108,-106.12025970778019,129.9948496012379,78.9000818377776,27,90,116,39,95,121,7.800000309944153,3.6000001430511475,3.6000001430511475,9.314505187881181,2.4000000953674316,38.81958422964397,3
800,2,5,70,15.12000180244453,0.003029385034837928,0.0015428017279379355,45.214285714285715,122.77142857142857,140.21428571428572,-99.18881030593599,148.34547725745608,92.0775746532849,42,120,137,48,126,143,4.200000166893005,4.200000166893005,4.200000166893005,7.274613680856449,2.0784610516732713,19.47922047093216,1
800,5,6,2,0.43200005149841514,8.655385813822652e-05,4.40800493696553e-05,257.0,51.5,122.0,27.882623314857483,105.58261841535568,81.14900279045105,257,51,122,257,52,122,0.6000000238418579,1.2000000476837158,0.6000000238418579,1.4696939040702932,1.2000000476837158,1.8000000715255737,6
801,2,1,22391,4836.456576550507,1.0,0.570936814727931,118.70014738064401,140.4764860881604,121.81541690857934,-55.60217436658155,166.46362937711666,498.0392652564847,43,80,36,175,233,166,79.8000031709671,92.40000367164612,78.60000312328339,145.2024850875037,6.462198025346074,inf,-1
801,7,2,14099,3045.3843630380775,0.6296726363270957,0.3595032893059309,199.38931839137527,187.884176182708,85.8860912121427,-7.188669836363047,194.90824456413264,476.4816689820009,118,129,42,243,235,151,75.6000030040741,64.2000025510788,66.00000262260437,119.13438264396355,5.230678940097307,10.699533125237435,2
801,6,3,2333,503.92806007290125,0.10419364923406725,0.05948799020857769,128.3540505786541,121.21088726960994,52.35062151735962,-49.8098322176085,154.90426962665873,456.3603863655831,87,113,46,172,132,61,51.60000205039978,12.000000476837158,9.600000381469727,53.83976439741887,3.6000001430511475,2.163330851241435,2
801,8,4,156,33.69600401687638,0.006967084989504712,0.0039777653118466,131.35256410256412,78.25641025641026,97.08333333333333,-48.010724031772355,129.1315823946244,483.20001452167827,127,76,94,135,80,102,5.400000214576721,3.0000001192092896,5.400000214576721,8.20487692473891,2.9393878081405864,3.0000001192092896,2
801,13,5,153,33.04800393962876,0.00683310258586039,0.0039012698250803198,176.47712418300654,149.98039215686273,45.09803921568628,-20.935986907653557,172.16597324492884,452.0088368116641,170,148,43,183,152,47,8.40000033378601,3.0000001192092896,3.0000001192092896,9.410632658759802,2.4000000953674316,4.156922103346543,7
801,4,6,64,13.824001647949284,0.0028582912777455225,0.0016319037176806567,81.625,101.9375,100.96875,-77.84726367890835,143.3402368053794,485.53126461431384,79,99,100,85,105,102,4.200000166893005,4.200000166893005,1.8000000715255737,6.206448506295256,2.0784610516732713,1.2000000476837158,2
801,1,7,9,1.9440002317428682,0.0004019472109329641,0.00022948646029884235,42.0,82.77777777777777,87.88888888888889,-101.62226462364197,131.84440301524268,477.683347635799,41,82,87,43,84,89,1.8000000715255737,1.8000000715255737,1.8000000715255737,3.1176915775099068,1.2000000476837158,23.19137862964778,2
801,12,8,7,1.512000180244453,0.0003126256085034165,0.0001784894691213218,167.0,150.85714285714286,44.42857142857143,-26.62226164340973,172.69202368600028,451.6071561234338,165,150,44,168,151,45,2.4000000953674316,1.2000000476837158,1.2000000476837158,2.9393878081405864,1.2000000476837158,1.2000000476837158,13
801,11,9,2,0.43200005149841514,8.932160242954758e-05,5.099699117752052e-05,132.0,81.0,104.5,-47.622262477874756,130.7777363061905,487.6500146985054,132,81,104,132,81,105,0.6000000238418579,0.6000000238418579,1.2000000476837158,1.4696939040702932,1.2000000476837158,1.3416408398118889,8
801,3,10,1,0.21600002574920757,4.466080121477379e-05,2.549849558876026e-05,52.0,84.0,102.0,-95.62226438522339,132.57773637771606,486.15001463890076,52,84,102,52,84,102,0.6000000238418579,0.6000000238418579,0.6000000238418579,1.0392305258366357,1.2000000476837158,9.562426850282225,1
801,5,11,1,0.21600002574920757,4.466080121477379e-05,2.549849558876026e-05,86.0,98.0,100.0,-75.22226357460022,140.97773671150208,484.95001459121704,86,98,100,86,98,100,0.6000000238418579,0.6000000238418579,0.6000000238418579,1.0392305258366357,1.2000000476837158,0.8485281711413358,2
801,9,12,1,0.21600002574920757,4.466080121477379e-05,2.549849558876026e-05,128.0,86.0,70.0,-50.02226257324219,133.77773642539978,466.9500138759613,128,86,70,128,86,70,0.6000000238418579,0.6000000238418579,0.6000000238418579,1.0392305258366357,1.2000000476837158,8.527602580987606,2
801,10,13,1,0.21600002574920757,4.466080121477379e-05,2.549849558876026e-05,129.0,85.0,70.0,-49.42226254940033,133.17773640155792,466.9500138759613,129,85,70,129,85,70,0.6000000238418579,0.6000000238418579,0.6000000238418579,1.0392305258366357,1.2000000476837158,0.8485281711413358,9
802,2,1,15849,3423.3844080991908,1.0,0.5631195594244093,116.5992176162534,169.43750394346645,131.14392075209793,-54.86468540030599,179.83828765578477,-191.86363221499528,60,88,28,163,257,167,62.40000247955322,102.00000405311584,84.00000333786011,146.12926365736743,5.091169026848015,inf,-1
802,5,2,12175,2629.800313496602,0.7681872673354786,0.4325812755373956,216.08246406570842,177.7241067761807,81.6018069815195,4.8252648412324675,184.8102495529813,-221.58890165851835,146,108,31,246,242,135,60.60000240802765,81.00000321865082,63.00000250339508,119.17365954229226,4.947726947346189,35.70378273108922,2
802,3,3,37,7.99200095272068,0.0023345321471386206,0.0013146207141588205,112.13513513513513,242.16216216216216,23.594594594594593,-57.54313499540896,223.47308432089315,-256.39323047367304,111,239,22,113,245,26,1.8000000715255737,4.200000166893005,3.0000001192092896,5.466260364696242,2.0784610516732713,2.5455845134240076,2
802,1,4,36,7.776000926971473,0.002271436683702442,0.0012790904245869605,46.083333333333336,81.30555555555556,107.16666666666667,-97.1742176512877,126.95911652180884,-206.2499852379163,43,80,106,49,83,108,4.200000166893005,2.4000000953674316,1.8000000715255737,5.161395365320993,1.6970563422826717,22.649504205822648,2
802,6,5,31,6.696000798225435,0.0019559593665215472,0.0011014389767276603,205.2258064516129,179.5483870967742,134.3548387096774,-1.6887299860677416,185.90481778883165,-189.93708136389333,204,178,132,207,181,137,2.4000000953674316,2.4000000953674316,3.6000001430511475,4.947726947346189,1.6970563422826717,3.8418746951220877,5
802,7,6,13,2.8080003347396985,0.0008202410246703262,0.00046189376443418013,207.69230769230768,182.76923076923077,140.07692307692307,-0.2088291828449087,187.8373240690965,-186.50383060712082,207,182,138,209,184,142,1.8000000715255737,1.8000000715255737,3.0000001192092896,3.934463270922718,1.2000000476837158,0.8485281711413358,6
802,4,7,4,0.8640001029968303,0.00025238185374471575,0.00014212115828744006,119.75,197.25,139.5,-52.974215894937515,196.52578595280647,-186.84998446702957,119,197,139,120,198,140,1.2000000476837158,1.2000000476837158,1.2000000476837158,2.0784610516732713,1.2000000476837158,2.4738634736730947,2
803,5,1,19068,4118.68849098589,1.0,0.5823179111314705,128.0172015942941,233.8157121879589,132.01353052234109,-59.99241036625561,173.48669851237634,38.658122223791935,73,173,23,195,315,195,73.80000293254852,85.80000340938568,103.80000412464142,153.56601796677006,4.800000190734863,inf,-1
803,15,2,12652,2732.8323257789743,0.6635200335640865,0.386379599938922,229.63713246917484,251.14748656338918,83.88357571925387,0.9795505814807939,183.88576355085618,9.780148194432066,160,196,38,270,305,179,66.60000264644623,66.00000262260437,85.20000338554382,126.69096761642918,4.489989042544857,29.503899219925767,5
803,17,3,178,38.448004583358944,0.009335011537654708,0.005435944418995266,175.81460674157304,120.1067415730337,150.96629213483146,-31.313966138309297,105.26131343238809,50.02977964315522,171,118,143,179,123,159,5.400000214576721,3.6000001430511475,10.200000405311584,12.089665488166057,2.6832816796237777,44.698995053432434,5
803,1,4,138,29.808003553390645,0.00723725613593455,0.004214383875400824,40.22463768115942,119.05072463768116,92.8695652173913,-112.66795080727425,104.62770324599916,15.171742107557208,35,113,86,46,125,101,7.200000286102295,7.800000309944153,9.600000381469727,14.3122330989689,2.0784610516732713,49.64433699693888,5
803,6,5,114,24.624002935409663,0.005978602894902455,0.0034814475492441596,88.60526315789474,87.14035087719299,192.49122807017545,-83.63957436774906,85.48147822890365,74.94474219439323,85,82,189,93,93,197,5.400000214576721,7.200000286102295,5.400000214576721,10.495713827783721,2.4000000953674316,57.531211207851825,17
803,26,6,74,15.98400190544136,0.003880847493182295,0.0022598870056497176,241.14864864864865,294.77027027027026,108.24324324324324,7.886460563621,210.05943481503306,24.395949289605426,236,291,107,247,299,109,7.200000286102295,5.400000214576721,1.8000000715255737,9.17823548917731,1.6970563422826717,7.249827872239009,15
803,14,7,62,13.39200159645087,0.0032515208726662474,0.001893418842571385,151.41935483870967,104.24193548387096,152.2741935483871,-45.95111786165546,95.742429400644,50.8145205224714,149,102,150,154,107,154,3.6000001430511475,3.6000001430511475,3.0000001192092896,5.909314915892731,2.0784610516732713,14.160509028135186,17
803,16,8,61,13.176001570701661,0.003199076987623243,0.0018628798289815238,172.40983606557376,97.40983606557377,85.34426229508196,-33.35682862508493,91.64316958677574,10.656560174754404,170,95,84,174,101,87,3.0000001192092896,4.200000166893005,2.4000000953674316,5.692100014486806,2.0784610516732713,35.48126407063275,17
803,18,9,57,12.312001467704832,0.0029893014474512273,0.0017407237746220798,176.01754385964912,111.78947368421052,36.64912280701754,-31.19220386262525,100.27095250079506,-18.560524679066845,174,109,35,177,114,39,2.4000000953674316,3.6000001430511475,3.0000001192092896,5.264978841646728,2.4000000953674316,28.129700725128338,16
803,4,10,55,11.880001416206417,0.002884413677365219,0.0016796457474423578,57.03636363636364,108.4,148.63636363636363,-102.58091483332893,98.2372682094574,48.63182248852469,54,107,146,60,110,151,4.200000166893005,2.4000000953674316,3.6000001430511475,6.029925612280241,1.6970563422826717,29.160248071258984,1
803,3,11,48,10.368001235961962,0.002517306482064191,0.00146587265231333,56.979166666666664,97.64583333333333,160.39583333333334,-102.61523301651081,91.78476795305808,55.68750458707413,54,95,159,59,100,162,3.6000001430511475,3.6000001430511475,2.4000000953674316,5.628499135444567,1.6970563422826717,7.636753540272022,4
803,19,12,40,8.640001029968303,0.0020977554017201595,0.001221560543594442,177.825,116.525,194.1,-30.107730135321617,103.1122684031725,75.91000539064407,175,115,192,180,118,197,3.6000001430511475,2.4000000953674316,3.6000001430511475,5.628499135444567,1.6970563422826717,19.953947770877683,17
803,7,13,36,7.776000926971473,0.0018879798615481435,0.0010994044892349978,97.22222222222223,88.25,146.02777777777777,-78.46939872370825,86.14726772904396,47.06667091117964,95,86,144,99,91,148,3.0000001192092896,3.6000001430511475,3.0000001192092896,5.564171318397717,1.6970563422826717,24.09730371116862,3
803,20,14,33,7.12800084972385,0.0017306482064191316,0.0010077874484654145,213.78787878787878,76.15151515151516,162.75757575757575,-8.530002005172491,78.8881765315027,57.1045500979279,210,76,159,216,77,169,4.200000166893005,1.2000000476837158,6.600000262260437,7.914543889459457,1.2000000476837158,32.34439801791538,17
803,8,15,32,6.912000823974642,0.0016782043213761275,0.0009772484348755535,105.90625,291.9375,121.34375,-73.25898184999824,208.3597725853324,32.2562536559999,105,291,119,107,293,124,1.8000000715255737,1.8000000715255737,3.6000001430511475,4.40908171221088,1.6970563422826717,8.44274870316685,5
803,13,16,31,6.696000798225435,0.0016257604363331237,0.0009467094212856925,138.16129032258064,106.29032258064517,188.32258064516128,-53.90595688742977,96.97146170754587,72.44355363999644,137,105,187,140,108,190,2.4000000953674316,2.4000000953674316,2.4000000953674316,4.156922103346543,1.6970563422826717,20.53192717458786,14
803,9,17,13,2.8080003347396985,0.0006817705055590518,0.00039700717666819364,114.3076923076923,69.6923076923077,140.3846153846154,-68.21811626507686,75.01265190197871,43.68077334073874,113,68,140,115,71,141,1.8000000715255737,2.4000000953674316,1.2000000476837158,3.231099012673037,1.2000000476837158,14.17321473641419,7
803,10,18,9,1.9440002317428682,0.0004719949653870359,0.00027485112230874945,119.22222222222223,110.33333333333333,149.66666666666666,-65.26939819918738,99.39726825555165,49.250004331270844,118,109,149,120,111,150,1.8000000715255737,1.8000000715255737,1.2000000476837158,2.8142495677222836,1.2000000476837158,16.166632944773227,7
803,28,19,9,1.9440002317428682,0.0004719949653870359,0.00027485112230874945,279.44444444444446,136.44444444444446,133.33333333333334,30.863938954141418,115.06393554475574,39.45000394185385,279,136,132,280,137,134,1.2000000476837158,1.2000000476837158,1.8000000715255737,2.4738634736730947,1.2000000476837158,54.50761631295418,20
803,25,20,8,1.7280002059936606,0.0004195510803440319,0.0002443121087188884,232.875,300.125,107.0,2.922271177172661,213.2722727805376,23.65000331401825,232,299,106,234,301,108,1.8000000715255737,1.8000000715255737,1.8000000715255737,3.1176915775099068,1.2000000476837158,1.2000000476837158,26
803,2,21,7,1.512000180244453,0.0003671071953010279,0.00021377309512902732,51.714285714285715,112.14285714285714,113.42857142857143,-105.77416171346391,100.48298258440835,27.507146324430195,51,111,113,53,113,114,1.8000000715255737,1.8000000715255737,1.2000000476837158,2.8142495677222836,1.2000000476837158,10.632027510480409,1
803,30,22,6,1.2960001544952453,0.0003146633102580239,0.00018323408153916626,320.0,142.5,60.5,55.19727325439453,118.69726902246475,-4.249997794628143,319,142,60,321,143,61,1.8000000715255737,1.2000000476837158,1.2000000476837158,2.4738634736730947,1.2000000476837158,49.07545406211174,28
803,24,23,3,0.6480000772476227,0.00015733165512901194,9.161704076958313e-05,215.0,60.666666666666664,200.33333333333334,-7.802729249000549,69.59726707140604,79.65000553925833,215,60,200,215,61,201,0.6000000238418579,1.2000000476837158,1.2000000476837158,1.8000000715255737,1.2000000476837158,20.66301125034134,20
803,11,24,3,0.6480000772476227,0.00015733165512901194,9.161704076958313e-05,133.66666666666666,86.66666666666667,109.0,-56.602731188138335,85.19726769129436,24.850003361701965,133,86,109,134,87,109,1.2000000476837158,1.2000000476837158,0.6000000238418579,1.8000000715255737,1.2000000476837158,23.553344647594418,9
803,29,25,2,0.43200005149841514,0.00010488777008600797,6.10780271797221e-05,318.0,143.0,62.5,53.997273206710815,118.99726903438568,-3.0499977469444275,318,143,62,318,143,63,0.6000000238418579,0.6000000238418579,1.2000000476837158,1.4696939040702932,1.2000000476837158,0.8485281711413358,30
803,12,26,2,0.43200005149841514,0.00010488777008600797,6.10780271797221e-05,133.0,123.0,147.5,-57.0027312040329,106.99726855754852,47.950004279613495,133,123,147,133,123,148,0.6000000238418579,0.6000000238418579,1.2000000476837158,1.4696939040702932,1.2000000476837158,10.632027510480409,10
803,22,27,1,0.21600002574920757,5.2443885043003985e-05,3.053901358986105e-05,213.0,64.0,204.0,-9.002729296684265,71.5972671508789,81.85000562667847,213,64,204,213,64,204,0.6000000238418579,0.6000000238418579,0.6000000238418579,1.0392305258366357,1.2000000476837158,2.8142495677222836,24
803,23,28,1,0.21600002574920757,5.2443885043003985e-05,3.053901358986105e-05,213.0,64.0,208.0,-9.002729296684265,71.5972671508789,84.2500057220459,213,64,208,213,64,208,0.6000000238418579,0.6000000238418579,0.6000000238418579,1.0392305258366357,1.2000000476837158,2.4000000953674316,22
803,27,29,1,0.21600002574920757,5.2443885043003985e-05,3.053901358986105e-05,260.0,279.0,82.0,19.197271823883057,200.59727227687836,8.650002717971802,260,279,82,260,279,82,0.6000000238418579,0.6000000238418579,0.6000000238418579,1.0392305258366357,1.2000000476837158,3.5496480109101034,15
803,21,30,1,0.21600002574920757,5.2443885043003985e-05,3.053901358986105e-05,211.0,64.0,200.0,-10.202729344367981,71.5972671508789,79.45000553131104,211,64,200,211,64,200,0.6000000238418579,0.6000000238418579,0.6000000238418579,1.0392305258366357,1.2000000476837158,2.6832816796237777,22
804,1,1,15734,3398.544405138032,1.0,0.571542736750336,122.01112241006737,153.62457099275454,134.97737384009153,-61.11265958248774,156.8554103208479,-171.56357552959153,62,98,80,170,256,169,65.40000259876251,95.40000379085541,54.00000214576721,127.64921188537058,5.230678940097307,inf,-1
804,5,2,10595,2288.5202728128543,0.6733824837930596,0.3848668676668241,210.70571024067957,203.94261444077395,88.87899952807928,-7.895904769476658,187.0462375893352,-199.22260121586976,148,161,40,237,231,184,54.00000214576721,42.60000169277191,87.0000034570694,110.90428746219472,4.947726947346189,29.154074630294016,1
804,7,3,769,166.10401980114062,0.04887504766747172,0.027934178502669913,172.7438231469441,135.36280884265278,59.77633289986996,-30.67303793079985,145.8983525953925,-216.684201886657,160,128,48,184,148,67,15.000000596046448,12.600000500679016,12.000000476837158,22.97302857575808,3.3941126845653433,12.727922567120038,5
804,2,4,208,44.928005355835175,0.013219778822931232,0.0075556685676922515,67.00961538461539,144.23557692307693,121.80288461538461,-94.11356510909704,151.2220136551903,-179.46826937851998,63,138,119,71,151,124,5.400000214576721,8.40000033378601,3.6000001430511475,10.615084029578005,2.6832816796237777,13.483323568325659,1
804,8,5,79,17.064002034187396,0.005020973687555612,0.0028697010425369606,222.32911392405063,239.31645569620252,60.70886075949367,-0.9218622823304656,208.27054318597044,-216.12468514864958,218,237,59,226,242,63,5.400000214576721,3.6000001430511475,3.0000001192092896,7.149825456796317,2.0784610516732713,11.525624085366262,5
804,4,6,68,14.688001750946114,0.00432185076903521,0.0024701224163609283,109.63235294117646,172.61764705882354,160.4558823529412,-68.53992155895514,168.25125641331954,-156.27646981442675,106,171,158,113,174,163,4.800000190734863,2.4000000953674316,3.6000001430511475,6.462198025346074,2.0784610516732713,2.8142495677222836,1
804,6,7,43,9.288001107215926,0.0027329350451252067,0.0015619891750517636,159.09302325581396,115.95348837209302,65.76744186046511,-38.863518190938365,134.25275985030243,-213.08953636746074,154,114,65,164,118,67,6.600000262260437,3.0000001192092896,1.8000000715255737,7.469940055621977,1.6970563422826717,8.160882629525593,7
804,3,8,32,6.912000823974642,0.002033812126604805,0.0011624105488757311,100.96875,211.90625,145.3125,-73.73808353021741,191.8244191147387,-165.36249958723783,99,208,143,103,214,149,3.0000001192092896,4.200000166893005,4.200000166893005,6.654322168264645,1.6970563422826717,5.564171318397717,1
804,9,9,1,0.21600002574920757,6.355662895640016e-05,3.63253296523666e-05,225.0,244.0,121.0,0.6806694269180298,211.08066987991333,-179.950000166893,225,244,121,225,244,121,0.6000000238418579,0.6000000238418579,0.6000000238418579,1.0392305258366357,1.2000000476837158,8.485281711413359,5
805,1,1,15523,3352.968399704949,1.0,0.47766016370238173,107.62165818462925,162.392385492495,123.59427945629066,-65.75805721082216,160.60438047973318,-186.3934171724771,53,90,22,163,239,175,66.60000264644623,90.00000357627869,92.40000367164612,145.1665308353032,5.230678940097307,inf,-1
805,2,2,13248,2861.568341125502,0.8534432777169361,0.40765585574496893,187.32963466183574,178.94489734299518,81.1280193236715,-17.933269424112027,170.53588798467592,-211.87317426452313,82,115,26,227,236,161,87.60000348091125,73.20000290870667,81.60000324249268,140.32306141495468,4.32666170248287,9.767292745777151,1
805,6,3,2018,435.8880519619009,0.13000064420537266,0.062096128992553394,157.96778989098118,98.2804757185332,89.28741328047572,-35.5503769866657,122.13723308680906,-206.97753769590548,136,88,73,179,116,109,26.400001049041748,17.40000069141388,22.200000882148743,38.633665611976475,4.489989042544857,2.5455845134240076,1
805,7,4,1433,309.52803689861446,0.0923146299040134,0.04409502123207582,174.14026517794835,198.71109560362876,167.9023028611305,-25.846891428903533,182.39560741231895,-159.80860207318761,153,178,161,185,215,176,19.80000078678131,22.8000009059906,9.600000381469727,31.686591482738113,3.3941126845653433,1.4696939040702932,2
805,11,5,206,44.49600530433676,0.013270630677059848,0.006338851621638255,190.45145631067962,178.22815533980582,147.84466019417476,-16.060176360375664,170.10584276567386,-171.84318815157252,188,170,143,193,186,151,3.6000001430511475,10.200000405311584,5.400000214576721,12.089665488166057,2.4000000953674316,1.8000000715255737,2
805,4,6,54,11.664001390457209,0.0034787090124331634,0.0016616407163517755,133.5185185185185,92.4074074074074,118.81481481481481,-50.219940393059346,118.61339196010871,-189.26109607131394,132,91,116,135,94,122,2.4000000953674316,2.4000000953674316,4.200000166893005,5.400000214576721,2.0784610516732713,1.3416408398118889,1
805,5,7,8,1.7280002059936606,0.0005153642981382464,0.0002461689950150779,135.875,91.625,113.25,-48.80605144798756,118.14394749701023,-192.59998509287834,135,91,112,137,92,114,1.8000000715255737,1.2000000476837158,1.8000000715255737,2.8142495677222836,1.2000000476837158,1.2000000476837158,4
805,3,8,5,1.080000128746038,0.00032210268633640405,0.00015385562188442367,103.6,104.4,87.2,-68.17105221748352,125.80894780158997,-208.22998571395874,103,104,87,104,105,88,1.2000000476837158,1.2000000476837158,1.2000000476837158,2.0784610516732713,1.2000000476837158,7.323933660467186,1
805,8,9,1,0.21600002574920757,6.44205372672808e-05,3.0771124376884735e-05,168.0,108.0,81.0,-29.53105068206787,127.96894788742065,-211.94998586177826,168,108,81,168,108,81,0.6000000238418579,0.6000000238418579,0.6000000238418579,1.0392305258366357,1.2000000476837158,0.8485281711413358,6
805,9,10,1,0.21600002574920757,6.44205372672808e-05,3.0771124376884735e-05,169.0,103.0,85.0,-28.931050658226013,124.96894776821136,-209.54998576641083,169,103,85,169,103,85,0.6000000238418579,0.6000000238418579,0.6000000238418579,1.0392305258366357,1.2000000476837158,1.8973666714956023,6
805,10,11,1,0.21600002574920757,6.44205372672808e-05,3.0771124376884735e-05,170.0,109.0,82.0,-28.331050634384155,128.5689479112625,-211.3499858379364,170,109,82,170,109,82,0.6000000238418579,0.6000000238418579,0.6000000238418579,1.0392305258366357,1.2000000476837158,0.8485281711413358,6
806,1,1,24045,5193.720619139696,1.0,0.7042645422060805,108.64570596797671,157.0554377209399,133.09590351424413,-44.64265195389849,169.90318825205736,114.30754604473955,54,95,56,162,254,183,65.40000259876251,96.00000381469727,76.80000305175781,139.2530126822757,5.499091052461245,inf,-1
806,13,2,7132,1540.5121836433484,0.29661052193803283,0.2088922734461953,219.834268087493,208.82753785754346,112.67821088053842,22.070487968753184,200.96644956836258,102.0569299777204,186,166,54,238,248,155,31.80000126361847,49.80000197887421,61.20000243186951,85.06891662130678,4.800000190734863,32.75912216905538,1
806,6,3,843,182.08802170658197,0.035059263880224574,0.02469099642668853,95.09371293001186,235.5776986951364,42.468564650059314,-52.77384809978209,217.01654670869186,59.93114056550452,91,218,33,101,250,55,6.600000262260437,19.80000078678131,13.800000548362732,25.02079234862857,3.3941126845653433,3.4467377248838638,1
806,7,4,654,141.26401683998176,0.027199001871490956,0.019155292601487905,102.69724770642202,130.14067278287462,65.03822629969419,-48.2117270526536,153.7543286475202,73.47293809338811,97,112,57,110,149,70,8.40000033378601,22.8000009059906,8.40000033378601,25.709143364343788,2.9393878081405864,1.2000000476837158,1
806,5,5,423,91.3680108919148,0.017592014971927635,0.012389432370687129,99.52955082742317,188.31914893617022,47.219858156028366,-50.11234525557669,188.66141572658051,62.78191678236562,83,182,41,111,197,52,17.40000069141388,9.600000381469727,7.200000286102295,21.13669878446716,2.6832816796237777,13.076697350243267,6
806,8,6,369,79.70400950145759,0.015346225826575171,0.010807802706344091,106.2439024390244,107.88346883468834,87.09214092140921,-46.08373412853334,140.40000574795533,86.70528739222343,98,100,81,116,116,93,11.4000004529953,10.200000405311584,7.800000309944153,17.170906307815507,2.6832816796237777,1.3416408398118889,1
806,10,7,302,65.23200777626069,0.012559783738823039,0.008845410345029581,136.15562913907286,101.43046357615894,90.52980132450331,-28.136697395353124,136.52820243898606,88.7678837160401,127,98,88,146,105,93,12.000000476837158,4.800000190734863,3.6000001430511475,13.416408398118888,2.6832816796237777,1.2000000476837158,1
806,11,8,158,34.12800406837479,0.006571012684549802,0.004627731240114814,169.5759493670886,151.6139240506329,59.11392405063291,-8.084504461741147,166.6382799201374,69.91835660270497,164,150,56,175,154,64,7.200000286102295,3.0000001192092896,5.400000214576721,9.48683335747801,2.6832816796237777,13.695255196816518,13
806,14,9,152,32.832003913879554,0.006321480557288418,0.004451994610743366,233.72368421052633,98.77631578947368,126.07894736842105,30.40413797372267,134.93571370369511,110.09737218994843,230,96,124,237,102,128,4.800000190734863,4.200000166893005,3.0000001192092896,7.048404354760852,2.0784610516732713,51.06701682350856,13
806,15,10,53,11.448001364708,0.0022042004574755665,0.0015523402261144628,236.58490566037736,127.79245283018868,100.60377358490567,32.12087091185012,152.34539661992272,94.81226731246373,234,125,97,239,130,105,3.6000001430511475,3.6000001430511475,5.400000214576721,7.4215904210192845,1.6970563422826717,20.16035794079435,14
806,4,11,5,1.080000128746038,0.0002079434393844874,0.00014644719114287387,62.0,98.4,170.2,-72.63007664680481,134.70992422103882,136.57000482082367,61,98,170,63,99,171,1.8000000715255737,1.2000000476837158,1.2000000476837158,2.4738634736730947,1.2000000476837158,23.962471609442062,1
806,9,12,3,0.6480000772476227,0.00012476606363069244,8.786831468572432e-05,123.33333333333333,107.0,149.66666666666666,-35.830075184504196,139.8699244260788,124.25000433127084,123,107,149,124,107,150,1.2000000476837158,0.6000000238418579,1.2000000476837158,1.8000000715255737,1.2000000476837158,5.091169026848015,1
806,2,13,1,0.21600002574920757,4.158868787689748e-05,2.9289438228574773e-05,54.0,169.0,113.0,-77.43007683753967,177.069925904274,102.2500034570694,54,169,113,54,169,113,0.6000000238418579,0.6000000238418579,0.6000000238418579,1.0392305258366357,1.2000000476837158,5.786190686518324,1
806,3,14,1,0.21600002574920757,4.158868787689748e-05,2.9289438228574773e-05,55.0,167.0,115.0,-76.83007681369781,175.86992585659027,103.45000350475311,55,167,115,55,167,115,0.6000000238418579,0.6000000238418579,0.6000000238418579,1.0392305258366357,1.2000000476837158,1.8000000715255737,2
806,12,15,1,0.21600002574920757,4.158868787689748e-05,2.9289438228574773e-05,170.0,151.0,63.0,-7.830074071884155,166.26992547512054,72.2500022649765,170,151,63,170,151,63,0.6000000238418579,0.6000000238418579,0.6000000238418579,1.0392305258366357,1.2000000476837158,0.8485281711413358,11
807,4,1,19477,4207.032501517316,1.0,0.5001669191854343,128.13123170919548,186.60995019766904,174.10668994198286,-58.92594541959609,172.66128706772935,459.9140303232479,67,118,65,186,293,212,72.00000286102295,105.60000419616699,88.80000352859497,155.6303374181791,5.499091052461245,inf,-1
807,5,2,19344,4178.304498092672,0.9931714329722238,0.49675149585270023,222.51292390405294,228.32247725392887,114.49343465674112,-2.2969278524467143,197.68880429598937,424.14607573081213,132,148,57,255,288,205,74.40000295639038,84.60000336170197,89.40000355243683,143.82239618323217,5.878775616281173,32.52752809675931,4
807,1,3,61,13.176001570701661,0.0031318991631154695,0.0015664723556149045,41.80327868852459,135.4262295081967,115.67213114754098,-110.72271929021741,141.95105343373095,424.85329365339436,40,133,114,45,138,117,3.6000001430511475,3.6000001430511475,2.4000000953674316,5.628499135444567,2.4000000953674316,24.6511672805583,4
807,6,4,31,6.696000798225435,0.0015916208861734354,0.0007960761151485581,194.67741935483872,292.06451612903226,92.41935483870968,-18.998231245625405,235.93402914078004,410.9016273137062,189,291,92,199,293,93,6.600000262260437,1.8000000715255737,1.2000000476837158,6.945502417663594,1.2000000476837158,18.376072127535735,5
807,3,5,22,4.752000566482566,0.0011295374030908252,0.000564957243008654,63.0,113.13636363636364,138.54545454545453,-98.00468599796295,128.5771333791993,438.577288237485,61,112,137,65,115,140,3.0000001192092896,2.4000000953674316,2.4000000953674316,4.52990084116453,1.2000000476837158,20.27609510415856,1
807,2,6,6,1.2960001544952453,0.0003080556553884068,0.00015407924809326926,54.166666666666664,100.33333333333333,145.0,-103.30468620856604,120.89531489213307,442.45001566410065,53,100,145,56,101,145,2.4000000953674316,1.2000000476837158,0.6000000238418579,2.7495455262306225,1.2000000476837158,9.099450894441539,3
808,17,1,16404,3543.264422390001,1.0,0.46585068014653674,202.96116800780297,225.26389904901242,67.1672153133382,-27.016263106346884,189.86537605011733,-216.2496570035746,122,130,36,233,275,141,67.20000267028809,87.60000348091125,63.60000252723694,127.41491784797782,6.000000238418579,inf,-1
808,11,2,15812,3415.3924071464703,0.9639112411606926,0.449038707295601,138.33904629395397,201.67954717935746,142.11965595750064,-65.78953767536774,175.71476436602958,-171.2781908300717,86,130,81,196,279,167,66.60000264644623,90.00000357627869,52.20000207424164,123.53299645352918,4.947726947346189,29.704546287120323,17
808,22,3,680,146.88001750946114,0.04145330407217752,0.019311049896345096,203.42205882352943,270.5161764705882,62.49411764705882,-26.739728605922522,217.01674358196118,-219.0535157147576,178,265,55,223,275,67,27.600001096725464,6.600000262260437,7.800000309944153,29.430597493700557,2.9393878081405864,1.3416408398118889,17
808,18,4,657,141.91201691722938,0.04005120702267739,0.018657882032204014,145.17351598173516,131.88432267884323,71.91780821917808,-61.688855699752565,133.83762800167324,-213.39930114680774,134,120,63,155,142,80,13.200000524520874,13.800000548362732,10.800000429153442,21.939007230316452,3.3941126845653433,1.0392305258366357,17
808,6,5,488,105.40801256561329,0.02974884174591563,0.013858518160906481,70.49180327868852,248.40983606557376,52.16188524590164,-106.49788510213133,203.75293881189626,-225.25285540179152,68,237,49,73,258,57,3.6000001430511475,13.200000524520874,5.400000214576721,14.709181391047846,3.3941126845653433,21.145213064282558,11
808,20,6,405,87.48001042842907,0.02468910021945867,0.01150143412944083,178.9679012345679,262.5037037037037,34.333333333333336,-41.41222374233199,212.20925973079824,-235.94998697439829,159,256,31,193,268,37,21.000000834465027,7.800000309944153,4.200000166893005,22.792104801543932,2.6832816796237777,9.039911863205427,17
808,26,7,335,72.36000862598453,0.02042184832967569,0.009513531934228834,286.40597014925373,124.28955223880597,66.43582089552238,23.050620168002695,129.28076555657742,-216.6884936717019,282,116,56,291,135,75,6.000000238418579,12.000000476837158,12.000000476837158,18.000000715255737,2.6832816796237777,63.25946820857189,17
808,8,8,79,17.064002034187396,0.004815898561326505,0.00224348962031068,74.12658227848101,179.2405063291139,126.31645569620254,-104.31701761559594,162.25133932089503,-180.76011136362825,71,176,125,77,184,128,4.200000166893005,5.400000214576721,2.4000000953674316,7.249827872239009,2.4000000953674316,14.903691410268529,11
808,4,9,40,8.640001029968303,0.00243842965130456,0.0011359441115497116,63.725,97.3,79.95,-110.5579672306776,113.08703356981277,-208.5799858868122,60,96,77,68,99,83,5.400000214576721,2.4000000953674316,4.200000166893005,7.249827872239009,1.6970563422826717,32.6490441623471,11
808,30,10,36,7.776000926971473,0.0021945866861741038,0.0010223497003947403,345.1666666666667,257.3333333333333,94.22222222222223,58.30703947941464,209.10703738530475,-200.01665221320258,343,256,92,347,259,96,3.0000001192092896,2.4000000953674316,3.0000001192092896,4.874423236473746,1.6970563422826717,68.08876829876233,17
808,5,11,35,7.560000901222265,0.00213362594489149,0.0009939510976059976,67.54285714285714,193.45714285714286,124.05714285714286,-108.26725285393852,170.78132157666343,-182.11569912093026,66,191,123,69,196,125,2.4000000953674316,3.6000001430511475,1.8000000715255737,4.6861499917548555,1.6970563422826717,4.60868763185395,8
808,10,12,35,7.560000901222265,0.00213362594489149,0.0009939510976059976,89.88571428571429,89.14285714285714,122.2,-94.86153803552901,108.19274766104562,-183.2299848794937,86,88,120,94,91,125,5.400000214576721,2.4000000953674316,3.6000001430511475,6.919537831760196,1.2000000476837158,25.554648342306677,4
808,31,13,34,7.344000875473057,0.002072665203608876,0.0009655524948172548,352.6764705882353,231.58823529411765,150.7058823529412,62.81292201140349,193.6599779479644,-166.1264547880958,352,227,149,353,235,152,1.2000000476837158,5.400000214576721,2.4000000953674316,6.029925612280241,1.2000000476837158,34.85168714037982,30
808,23,14,32,6.912000823974642,0.0019507437210436478,0.0009087552892397692,220.15625,105.75,113.40625,-16.69921350106597,118.15703377127647,-188.50623508915305,216,103,112,225,108,114,6.000000238418579,3.6000001430511475,1.8000000715255737,7.224957034369364,1.2000000476837158,43.41198163842045,18
808,19,15,30,6.480000772476227,0.0018288222384784199,0.0008519580836622837,149.1,128.5,84.93333333333334,-59.332965195178986,131.80703431367874,-205.58998576800028,148,127,83,150,130,87,1.8000000715255737,2.4000000953674316,3.0000001192092896,4.2426408557066795,1.6970563422826717,2.4738634736730947,18
808,7,16,22,4.752000566482566,0.0013411363082175079,0.0006247692613523413,72.72727272727273,100.13636363636364,87.0909090909091,-105.15660337968305,114.78885181925514,-204.2954402620142,70,99,85,76,101,89,4.200000166893005,1.8000000715255737,3.0000001192092896,5.466260364696242,1.2000000476837158,1.6970563422826717,4
808,12,17,21,4.536000540733359,0.001280175566934894,0.0005963706585635985,95.28571428571429,137.95238095238096,114.57142857142857,-91.62153790678296,137.47846311046965,-187.8071279185159,94,136,113,97,140,116,2.4000000953674316,3.0000001192092896,2.4000000953674316,4.52990084116453,1.6970563422826717,4.200000166893005,11
808,25,18,18,3.8880004634857364,0.0010972933430870519,0.0005111748501973702,259.3888888888889,118.72222222222223,179.38888888888889,6.840370767646391,125.94036741389169,-148.91665018267102,258,118,178,261,120,181,2.4000000953674316,1.8000000715255737,2.4000000953674316,3.8418746951220877,1.2000000476837158,44.23347324703997,23
808,29,19,16,3.456000411987321,0.0009753718605218239,0.0004543776446198846,308.625,93.5625,175.9375,36.3820386081934,110.84453348070383,-150.98748359829187,308,92,174,309,95,178,1.2000000476837158,2.4000000953674316,3.0000001192092896,4.024922519435666,1.2000000476837158,31.418467156264175,25
808,2,20,8,1.7280002059936606,0.00048768593026091194,0.0002271888223099423,57.375,152.875,153.125,-114.3679673820734,146.43203489482403,-164.67498414218426,57,152,152,58,154,154,1.2000000476837158,1.8000000715255737,1.8000000715255737,2.8142495677222836,1.2000000476837158,22.77630438037175,8
808,28,21,5,1.080000128746038,0.00030480370641307,0.00014199301394371395,295.2,108.4,84.6,28.327038288116455,119.7470338344574,-205.78998577594757,295,108,84,296,109,85,1.2000000476837158,1.2000000476837158,1.2000000476837158,2.0784610516732713,1.2000000476837158,13.007690550086442,26
808,24,22,5,1.080000128746038,0.00030480370641307,0.00014199301394371395,235.2,110.6,116.6,-7.6729631423950195,121.06703388690948,-186.58998501300812,235,110,116,236,111,117,1.2000000476837158,1.2000000476837158,1.2000000476837158,2.0784610516732713,1.2000000476837158,6.2353831550198136,23
808,9,23,3,0.6480000772476227,0.00018288222384784197,8.519580836622835e-05,75.0,157.66666666666666,100.66666666666667,-103.79296696186066,149.30703500906625,-196.14998539288837,75,157,100,75,158,101,0.6000000238418579,1.2000000476837158,1.2000000476837158,1.8000000715255737,1.2000000476837158,15.190787285034224,11
808,14,24,3,0.6480000772476227,0.00018288222384784197,8.519580836622835e-05,96.66666666666667,93.33333333333333,125.0,-90.79296644528706,110.70703347524007,-181.5499848127365,96,93,125,97,94,125,1.2000000476837158,1.2000000476837158,0.6000000238418579,1.8000000715255737,1.2000000476837158,1.6970563422826717,10
808,1,25,2,0.43200005149841514,0.00012192148256522798,5.6797205577485575e-05,8.5,49.0,222.0,-143.6929685473442,84.10703241825104,-123.3499825000763,8,49,222,9,49,222,1.2000000476837158,0.6000000238418579,0.6000000238418579,1.4696939040702932,1.2000000476837158,79.61030400446352,10
808,3,26,2,0.43200005149841514,0.00012192148256522798,5.6797205577485575e-05,59.5,122.0,110.0,-113.09296733140945,127.90703415870667,-190.54998517036438,59,122,110,60,122,110,1.2000000476837158,0.6000000238418579,0.6000000238418579,1.4696939040702932,1.2000000476837158,19.699746974055987,7
808,16,27,2,0.43200005149841514,0.00012192148256522798,5.6797205577485575e-05,97.0,88.5,98.0,-90.59296643733978,107.80703336000443,-197.74998545646667,97,88,98,97,89,98,0.6000000238418579,1.2000000476837158,0.6000000238418579,1.4696939040702932,1.2000000476837158,14.424978909402709,10
808,15,28,1,0.21600002574920757,6.096074128261399e-05,2.8398602788742788e-05,97.0,84.0,96.0,-90.59296643733978,105.10703325271606,-198.9499855041504,97,84,96,97,84,96,0.6000000238418579,0.6000000238418579,0.6000000238418579,1.0392305258366357,1.2000000476837158,2.6832816796237777,16
808,27,29,1,0.21600002574920757,6.096074128261399e-05,2.8398602788742788e-05,283.0,115.0,55.0,21.00703799724579,123.70703399181366,-223.54998648166656,283,115,55,283,115,55,0.6000000238418579,0.6000000238418579,0.6000000238418579,1.0392305258366357,1.2000000476837158,0.8485281711413358,26
808,13,30,1,0.21600002574920757,6.096074128261399e-05,2.8398602788742788e-05,96.0,87.0,97.0,-91.19296646118164,106.90703332424164,-198.34998548030853,96,87,97,96,87,97,0.6000000238418579,0.6000000238418579,0.6000000238418579,1.0392305258366357,1.2000000476837158,1.0392305258366357,16
808,21,31,1,0.21600002574920757,6.096074128261399e-05,2.8398602788742788e-05,175.0,275.0,60.0,-43.792964577674866,219.70703780651093,-220.54998636245728,175,275,60,175,275,60,0.6000000238418579,0.6000000238418579,0.6000000238418579,1.0392305258366357,1.2000000476837158,2.163330851241435,22
809,4,1,4659,1006.3441199655581,1.0,0.4991429183629741,109.99055591328612,175.7332045503327,145.08971882378194,-24.346484142149123,174.5991066075057,63.00383551641707,93,137,99,138,236,155,27.600001096725464,60.00000238418579,34.2000013589859,74.37338529068168,5.230678940097307,inf,-1
809,7,2,3713,802.0080956068077,0.7969521356514273,0.3977930147846582,197.5074064099111,183.12873687045516,129.88042014543495,28.16362824239019,179.03642617590242,53.878255946790944,166,178,108,216,189,145,30.600001215934753,7.200000286102295,22.8000009059906,38.83349224378685,5.499091052461245,30.18542814691374,4
809,6,3,505,109.08001300334982,0.10839235887529512,0.05410327833726162,170.4930693069307,147.1029702970297,58.392079207920794,11.955025336529943,157.42096537292593,10.985249679867586,156,140,53,183,153,64,16.80000066757202,8.40000033378601,7.200000286102295,20.115666336412986,3.3941126845653433,39.26678141301647,7
809,10,4,267,57.67200687503842,0.05730843528654218,0.028605099635740303,210.88389513108615,173.65917602996254,85.43445692883896,36.18952179401555,173.35468944583494,27.21067695715901,206,171,75,215,177,93,6.000000238418579,4.200000166893005,11.4000004529953,13.549908287188416,2.9393878081405864,9.693297038019109,7
809,5,5,102,22.03200262641917,0.021893110109465548,0.010927790872080565,96.74509803921569,239.55882352941177,87.87254901960785,-32.2937591823877,212.8944795166745,28.67353226974899,93,238,84,101,241,91,5.400000214576721,2.4000000953674316,4.800000190734863,7.613146826788975,2.4000000953674316,5.433231298779655,4
809,8,6,39,8.424001004219095,0.008370895041854474,0.004178272980501392,197.43589743589743,180.2051282051282,60.1025641025641,28.12072285627707,177.28226090700198,12.011540657434708,196,178,59,199,182,62,2.4000000953674316,3.0000001192092896,2.4000000953674316,4.52990084116453,2.0784610516732713,10.800000429153442,10
809,9,7,30,6.480000772476227,0.006439150032195751,0.0032140561388472252,206.83333333333334,184.0,73.26666666666667,33.759184618790954,179.55918407440186,19.910002509752907,205,183,72,208,186,75,2.4000000953674316,2.4000000953674316,2.4000000953674316,4.156922103346543,2.0784610516732713,6.1188236594515395,10
809,3,8,12,2.5920003089904906,0.0025756600128782996,0.00128562245553889,90.08333333333333,176.83333333333334,149.33333333333334,-36.29081816474597,175.25918390353522,65.55000432332358,89,175,149,91,179,150,1.8000000715255737,3.0000001192092896,1.2000000476837158,3.6986485487524687,1.2000000476837158,1.6970563422826717,4
809,1,9,6,1.2960001544952453,0.0012878300064391498,0.000642811227769445,87.33333333333333,182.0,147.83333333333334,-37.94081823031108,178.35918402671814,64.65000428756079,87,181,147,88,183,148,1.2000000476837158,1.8000000715255737,1.2000000476837158,2.4738634736730947,1.2000000476837158,1.4696939040702932,3
809,2,10,1,0.21600002574920757,0.000214638334406525,0.00010713520462824084,88.0,180.0,149.0,-37.540818214416504,177.15918397903442,65.35000431537628,88,180,149,88,180,149,0.6000000238418579,0.6000000238418579,0.6000000238418579,1.0392305258366357,1.2000000476837158,0.8485281711413358,3
810,8,1,17449,3768.9844492979228,1.0,0.5505111055022716,115.26351080291134,185.45624391082583,150.3721130150725,-47.65048452015695,164.4651570181169,35.17327215713351,73,100,43,168,261,190,57.60000228881836,97.20000386238098,88.80000352859497,143.70470291955388,5.878775616281173,inf,-1
810,10,2,11963,2584.0083080377703,0.6855980285403176,0.37742932862190814,211.99072139095546,195.3172281200368,99.09111426899607,10.38584413882593,170.38174777874767,4.404671686853362,145,122,57,253,230,162,65.40000259876251,65.40000259876251,63.60000252723694,112.24651888277351,4.800000190734863,30.292574550993127,8
810,11,3,1256,271.2960323410047,0.07198120236116684,0.03962645128722867,199.12738853503186,230.88694267515925,169.78980891719746,2.667844118586018,191.72357735986924,46.82389016136243,183,215,155,208,256,181,15.600000619888306,25.200001001358032,16.200000643730164,33.776324410240655,3.3941126845653433,0.8485281711413358,10
810,3,4,386,83.37600993919412,0.0221216115536707,0.012178192831903079,52.295336787564764,117.05181347150258,26.32383419689119,-85.43139043064315,123.42249712363426,-39.25569809131672,49,112,16,56,123,36,4.800000190734863,7.200000286102295,12.600000500679016,15.285287650811131,2.9393878081405864,45.199559316027134,8
810,7,5,271,58.53600697803525,0.015530975987162588,0.00854997476022211,69.74169741697418,131.07749077490774,104.23985239852398,-74.96357363704385,131.83790384007557,7.493914687325592,62,121,101,79,141,107,10.800000429153442,12.600000500679016,4.200000166893005,17.11841182144907,2.6832816796237777,8.527602580987606,8
810,13,6,81,17.496002085685813,0.004642099833801364,0.0025555275113578997,200.03703703703704,243.1358024691358,62.32098765432099,3.213633241476842,199.07289352829073,-17.657405158619824,193,241,60,205,245,66,7.800000309944153,3.0000001192092896,4.200000166893005,9.35307473252972,2.0784610516732713,22.617693088711256,10
810,4,7,78,16.84800200843819,0.004470170210327239,0.00246087834427057,53.256410256410255,132.56410256410257,177.46153846153845,-84.85474632642209,132.72987094903604,51.426928070875306,49,130,176,57,135,179,5.400000214576721,3.6000001430511475,2.4000000953674316,6.919537831760196,2.0784610516732713,22.135040974403527,8
810,16,8,56,12.096001441955623,0.0032093529715169922,0.0017667844522968195,244.21428571428572,224.25,89.96428571428571,29.719983501093736,187.74141159653664,-1.0714256635734074,241,223,88,247,226,92,4.200000166893005,2.4000000953674316,3.0000001192092896,5.692100014486806,2.0784610516732713,1.2000000476837158,10
810,1,9,43,9.288001107215926,0.0024643246031291195,0.001356638061585058,49.348837209302324,123.5813953488372,10.976744186046512,-87.19929024785064,127.34024640571239,-48.46395246372666,47,122,9,51,126,13,3.0000001192092896,3.0000001192092896,3.0000001192092896,5.196152629183178,2.0784610516732713,3.0594118297257697,3
810,9,10,43,9.288001107215926,0.0024643246031291195,0.001356638061585058,82.72093023255815,95.4186046511628,19.093023255813954,-67.17603363824445,110.44257131565449,-43.594184828359026,81,94,17,85,97,21,3.0000001192092896,2.4000000953674316,3.0000001192092896,4.874423236473746,2.4000000953674316,17.969975672308973,3
810,17,11,33,7.12800084972385,0.0018912258582153706,0.0010411408379606259,242.1818181818182,231.93939393939394,129.54545454545453,28.500502933155417,192.35504814350244,22.67727657881649,241,230,127,243,235,131,1.8000000715255737,3.6000001430511475,3.0000001192092896,5.019960358679748,1.6970563422826717,3.6986485487524687,10
810,5,12,14,3.024000360488906,0.0008023382428792481,0.0004416961130742049,54.42857142857143,88.21428571428571,133.0,-84.15144959517887,106.11997978176389,24.750003933906555,53,88,131,56,89,134,2.4000000953674316,1.2000000476837158,2.4000000953674316,3.6000001430511475,1.2000000476837158,26.056861936136784,8
810,12,13,13,2.8080003347396985,0.0007450283683878733,0.00041014639071176173,186.92307692307693,259.46153846153845,149.76923076923077,-4.654743139560395,208.8683355129682,34.81154279525464,186,259,149,188,260,151,1.8000000715255737,1.2000000476837158,1.8000000715255737,2.8142495677222836,1.2000000476837158,5.817216060054983,11
810,6,14,7,1.512000180244453,0.00040116912143962403,0.00022084805653710244,57.42857142857143,120.42857142857143,192.42857142857142,-82.3514495236533,125.44855197838375,60.407148207936956,57,120,192,58,121,193,1.2000000476837158,1.2000000476837158,1.2000000476837158,2.0784610516732713,1.2000000476837158,9.48683335747801,4
810,2,15,1,0.21600002574920757,5.7309874491374865e-05,3.154972236244321e-05,47.0,126.0,14.0,-88.60859262943268,128.7914092540741,-46.649998903274536,47,126,14,47,126,14,0.6000000238418579,0.6000000238418579,0.6000000238418579,1.0392305258366357,1.2000000476837158,0.8485281711413358,1
810,14,16,1,0.21600002574920757,5.7309874491374865e-05,3.154972236244321e-05,206.0,243.0,66.0,6.7914111614227295,198.99141204357147,-15.449997663497925,206,243,66,206,243,66,0.6000000238418579,0.6000000238418579,0.6000000238418579,1.0392305258366357,1.2000000476837158,0.8485281711413358,13
810,15,17,1,0.21600002574920757,5.7309874491374865e-05,3.154972236244321e-05,208.0,243.0,67.0,7.991411209106445,198.99141204357147,-14.849997639656067,208,243,67,208,243,67,0.6000000238418579,0.6000000238418579,0.6000000238418579,1.0392305258366357,1.2000000476837158,1.3416408398118889,14
811,1,1,20550,4438.800529146216,1.0,0.6501930013288617,101.43333333333334,126.88311435523114,131.83279805352797,-38.48081789414088,160.28905132576787,-156.95032107650218,48,66,53,149,217,171,61.20000243186951,91.2000036239624,71.40000283718109,130.9993945170017,6.1188236594515395,inf,-1
811,6,2,10868,2347.488279842388,0.5288564476885644,0.3438587609947478,196.83548030916452,169.18623481781376,98.92960986382039,18.76047256592227,185.67092461190242,-176.69223477479989,151,94,41,224,211,149,44.400001764297485,70.80000281333923,65.40000259876251,106.11861709877587,5.499091052461245,29.686361684077138,1
811,5,3,120,25.92000308990491,0.00583941605839416,0.003796747453015251,125.75,69.28333333333333,87.725,-23.890817314386368,125.7291813393434,-183.41500096023083,121,66,83,131,73,92,6.600000262260437,4.800000190734863,6.000000238418579,10.129166212177365,2.4000000953674316,6.059703203808208,1
811,3,4,44,9.504001132965133,0.002141119221411192,0.0013921407327722585,89.61363636363636,197.6590909090909,121.93181818181819,-45.5726363577626,202.7546389455145,-162.8909092355858,88,194,118,91,202,125,2.4000000953674316,5.400000214576721,4.800000190734863,7.613146826788975,1.6970563422826717,0.8485281711413358,1
811,2,5,23,4.968000592231774,0.001119221411192214,0.0007277099284945897,88.34782608695652,189.34782608695653,132.65217391304347,-46.33212255394977,197.76787985407788,-156.45869554125744,87,187,130,89,191,136,1.8000000715255737,3.0000001192092896,4.200000166893005,5.466260364696242,1.6970563422826717,2.6832816796237777,1
811,4,6,1,0.21600002574920757,4.8661800486618e-05,3.163956210846042e-05,117.0,66.0,96.0,-29.140817523002625,123.75918126106262,-178.45000076293945,117,66,96,117,66,96,0.6000000238418579,0.6000000238418579,0.6000000238418579,1.0392305258366357,1.2000000476837158,3.4467377248838638,5
812,2,1,25658,5542.128660673167,1.0,0.5319594468517403,168.5786109595448,189.92583209915037,144.59252474861643,-55.63017315504584,165.67816003767493,-1065.2945305316007,97,118,52,234,281,181,82.80000329017639,98.4000039100647,78.00000309944153,150.4074526008165,6.8934754497677275,inf,-1
812,6,2,21342,4609.872549539588,0.8317873567698185,0.4424771422055439,252.56002249086308,247.73409239996252,90.81712116952488,-5.24132423398197,200.36311759641853,-1097.5597739611612,167,172,48,292,306,161,75.6000030040741,81.00000321865082,68.4000027179718,130.21106461225176,6.1188236594515395,27.820856591988584,2
812,1,3,488,105.40801256561329,0.019019409151141944,0.010117554371488398,91.07786885245902,110.19262295081967,105.72131147540983,-102.13062026705899,117.83823264768866,-1088.6172594222867,77,100,93,103,119,114,16.200000643730164,12.000000476837158,13.200000524520874,24.09730371116862,2.9393878081405864,25.035176248838564,2
812,5,4,233,50.32800599956536,0.009080988385688675,0.004830717558518026,170.94420600858368,192.49356223175965,170.60515021459227,-54.21081606922232,167.21879817845996,-1049.686954631826,163,189,167,178,196,174,9.600000381469727,4.800000190734863,4.800000190734863,11.757551232562346,2.9393878081405864,3.7947333429912047,2
812,11,5,200,43.200005149841516,0.0077948398160417815,0.004146538676839508,331.83,93.035,162.58,42.32066416144369,107.54365846812725,-1054.5020449519157,327,90,157,337,97,168,6.600000262260437,4.800000190734863,7.200000286102295,10.883014720782366,2.0784610516732713,75.23005017798025,2
812,3,6,100,21.600002574920758,0.0038974199080208907,0.002073269338419754,152.56,127.87,88.97,-65.24134011268616,128.4446592986584,-1098.668046706915,147,124,87,159,132,91,7.800000309944153,5.400000214576721,3.0000001192092896,9.949874766438684,2.0784610516732713,4.284857227390632,2
812,10,7,83,17.92800213718423,0.0032348585236573395,0.0017208135508883957,237.9879518072289,291.0240963855422,151.14457831325302,-13.984566991587712,226.33712101988047,-1061.3632982366057,235,289,148,241,293,154,4.200000166893005,3.0000001192092896,4.200000166893005,6.654322168264645,2.4000000953674316,15.5653467437987,6
812,13,8,39,8.424001004219095,0.0015199937641281473,0.000808575041983704,359.02564102564105,94.43589743589743,124.33333333333333,58.63804942522296,108.3841969630657,-1077.4500458637874,356,90,123,362,98,126,4.200000166893005,5.400000214576721,2.4000000953674316,7.249827872239009,1.6970563422826717,24.694939733996716,11
812,7,9,37,7.99200095272068,0.0014420453659677295,0.000767109655215309,196.51351351351352,153.8918918918919,55.78378378378378,-38.86923095664463,144.05779505420378,-1118.5797772278656,194,153,54,200,155,58,4.200000166893005,1.8000000715255737,3.0000001192092896,5.466260364696242,1.6970563422826717,10.340213174651591,6
812,12,10,28,6.048000720977812,0.0010912775742458493,0.000580515414757531,358.67857142857144,97.71428571428571,161.17857142857142,58.42980765870641,110.35123000826154,-1055.3429021281856,356,96,160,363,99,162,4.800000190734863,2.4000000953674316,1.8000000715255737,5.6603889041576,1.6970563422826717,11.924764622458627,11
812,4,11,12,2.5920003089904906,0.00046769038896250683,0.00024879232061037046,161.5,231.58333333333334,168.83333333333334,-59.87733989953995,190.67266177137694,-1050.7500448028247,161,230,168,162,233,170,1.2000000476837158,2.4000000953674316,1.8000000715255737,3.231099012673037,1.2000000476837158,1.2000000476837158,2
812,9,12,10,2.160000257492076,0.00038974199080208906,0.0002073269338419754,211.0,199.2,61.8,-30.17733871936798,171.2426609992981,-1114.9700473546982,210,198,61,212,200,63,1.8000000715255737,1.8000000715255737,1.8000000715255737,3.1176915775099068,1.2000000476837158,1.2000000476837158,6
812,8,13,3,0.6480000772476227,0.00011692259724062671,6.219808015259261e-05,198.33333333333334,207.0,55.333333333333336,-37.77733902136484,175.9226611852646,-1118.8500475088756,198,207,55,199,207,56,1.2000000476837158,0.6000000238418579,1.2000000476837158,1.8000000715255737,1.2000000476837158,3.6496576632032918,6
813,1,1,13894,3001.10435775949,1.0,0.5749399983447819,105.8633942709083,160.9545847128257,129.7015978120052,-61.813015600975014,156.74169997765176,-172.22904127222762,46,102,57,150,229,160,63.00000250339508,76.80000305175781,62.40000247955322,117.30729343747576,6.1188236594515395,inf,-1
813,4,2,10233,2210.328263491641,0.7365049661724484,0.4234461640321112,198.7816866998925,214.90686993061664,84.90286328544904,-6.062037928239775,189.11307239464904,-199.1082830562464,152,161,22,229,249,168,46.80000185966492,53.400002121925354,88.20000350475311,113.23003585146803,4.32666170248287,27.066585640265345,1
813,6,3,16,3.456000411987321,0.0011515762199510579,0.0006620872299925515,168.5,249.5,52.375,-24.231050670146942,209.86895126104355,-218.6250018030405,167,249,51,170,250,54,2.4000000953674316,1.2000000476837158,2.4000000953674316,3.6000001430511475,1.2000000476837158,14.660150649986765,4
813,7,4,13,2.8080003347396985,0.0009356556787102346,0.0005379458743689481,179.76923076923077,248.46153846153845,53.07692307692308,-17.469511939929077,209.24587431320776,-218.2038479401515,178,248,52,182,249,54,3.0000001192092896,1.2000000476837158,1.8000000715255737,3.6986485487524687,1.2000000476837158,4.800000190734863,6
813,5,5,4,0.8640001029968303,0.00028789405498776447,0.00016552180749813787,152.5,244.0,156.5,-33.83105105161667,206.56895112991333,-156.14999932050705,152,244,156,153,244,157,1.2000000476837158,0.6000000238418579,1.2000000476837158,1.8000000715255737,1.2000000476837158,3.6986485487524687,4
813,3,6,3,0.6480000772476227,0.00021592054124082335,0.0001241413556236034,102.66666666666667,123.0,129.33333333333334,-63.73105223973592,133.96894824504852,-172.44999996821085,102,123,129,103,123,130,1.2000000476837158,0.6000000238418579,1.2000000476837158,1.8000000715255737,1.2000000476837158,2.9393878081405864,1
813,2,7,1,0.21600002574920757,7.197351374694112e-05,4.138045187453447e-05,101.0,122.0,129.0,-64.73105227947235,133.36894822120667,-172.64999997615814,101,122,129,101,122,129,0.6000000238418579,0.6000000238418579,0.6000000238418579,1.0392305258366357,1.2000000476837158,0.8485281711413358,3
813,8,8,1,0.21600002574920757,7.197351374694112e-05,4.138045187453447e-05,190.0,242.0,34.0,-11.331050157546997,205.36895108222961,-229.65000224113464,190,242,34,190,242,34,0.6000000238418579,0.6000000238418579,0.6000000238418579,1.0392305258366357,1.2000000476837158,12.882546844056732,7
813,9,9,1,0.21600002574920757,7.197351374694112e-05,4.138045187453447e-05,192.0,242.0,34.0,-10.131050109863281,205.36895108222961,-229.65000224113464,192,242,34,192,242,34,0.6000000238418579,0.6000000238418579,0.6000000238418579,1.0392305258366357,1.2000000476837158,1.2000000476837158,8
814,2,1,21192,4577.472545677207,1.0,0.48150504407888756,264.63693846734617,209.09088335220838,104.58144582861458,-16.991268110156,194.18109749644015,80.69887075352418,172,98,66,307,280,157,81.60000324249268,109.80000436306,55.20000219345093,147.5182759167819,5.628499135444567,inf,-1
814,1,2,21158,4570.128544801733,0.9983956209890524,0.480732527492502,186.2061158899707,178.863408639758,175.33415256640515,-64.04976352651782,176.04461194829076,123.15049648307449,105,85,83,249,257,208,87.0000034570694,103.80000412464142,75.6000030040741,155.1090000999996,6.000000238418579,29.03652987195885,2
814,4,3,949,204.98402443599798,0.04478104945262363,0.021562301190584384,257.63329820864067,222.93782929399367,157.61116965226554,-21.193452432359123,202.48926539164825,112.51670631204189,243,211,146,274,234,173,19.200000762939453,14.40000057220459,16.80000066757202,29.295734641868744,3.3941126845653433,2.6832816796237777,2
814,7,4,437,94.3920112524037,0.02062098905247263,0.009929110242661092,306.8924485125858,113.32723112128147,201.32265446224255,8.362038924437627,136.72290387470062,138.7435982401911,299,105,192,316,117,212,10.800000429153442,7.800000309944153,12.600000500679016,18.33684887656423,2.9393878081405864,42.158274884638075,1
814,5,5,263,56.808006772041594,0.012410343525858816,0.0059756430064527855,262.91634980988596,255.3079847908745,181.21292775665398,-18.023621345654163,221.9113594615414,126.67776173738471,255,246,177,274,263,184,12.000000476837158,10.800000429153442,4.800000190734863,16.842803286414686,2.6832816796237777,8.335466724891559,4
814,8,6,7,1.512000180244453,0.00033031332578331444,0.00015904753249113877,370.14285714285717,249.57142857142858,152.14285714285714,46.31228561060772,218.4694255931037,109.23571867602212,369,249,152,371,251,153,1.8000000715255737,1.8000000715255737,1.2000000476837158,2.8142495677222836,1.2000000476837158,46.99191606537396,2
814,3,7,5,1.080000128746038,0.00023593808984522462,0.00011360538035081342,239.4,155.0,74.8,-32.133431792259216,161.72656619548798,62.830002546310425,238,155,74,241,155,75,2.4000000953674316,0.6000000238418579,1.2000000476837158,2.7495455262306225,1.2000000476837158,0.8485281711413358,2
814,6,8,1,0.21600002574920757,4.718761796904492e-05,2.2721076070162683e-05,276.0,199.0,141.0,-10.173430919647217,188.12656724452972,102.55000412464142,276,199,141,276,199,141,0.6000000238418579,0.6000000238418579,0.6000000238418579,1.0392305258366357,1.2000000476837158,0.8485281711413358,2
815,1,1,20023,4324.968515576383,1.0,0.44948032415201916,100.99750287169755,163.60480447485392,147.53528442291366,-53.22766774401336,160.83671471055487,-216.02881362170527,55,98,30,162,220,205,64.80000257492065,73.80000293254852,105.60000419616699,144.21110100399477,5.499091052461245,inf,-1
815,7,2,19858,4289.328511327764,0.991759476601908,0.44577637102386247,193.98504381105852,183.9237586866754,94.36322892537012,2.5648590365989605,173.02808772208937,-247.93204818795198,119,96,49,239,229,161,72.60000288486481,80.40000319480896,67.80000269412994,127.79577965618307,5.499091052461245,31.669544987386555,1
815,6,3,3629,783.8640934438743,0.18124157219197923,0.0814645206186724,136.29043813722788,98.35298980435381,130.56737393221272,-32.05190574324601,121.6856243525303,-226.20956032067232,112,91,99,152,115,170,24.600000977516174,15.000000596046448,43.20000171661377,51.92687371959362,4.800000190734863,2.4738634736730947,7
815,2,4,376,81.21600968170205,0.018778404834440397,0.008440523492042112,87.76595744680851,157.65425531914894,34.672872340425535,-61.1665953144114,157.26638507525973,-283.7462635620477,75,152,32,102,163,37,16.80000066757202,7.200000286102295,3.6000001430511475,18.629010375762363,2.6832816796237777,4.6861499917548555,1
815,9,5,243,52.48800625705744,0.012136043549917597,0.005454912788739982,147.1275720164609,123.97119341563786,71.55144032921811,-25.54962515732879,137.0565471300863,-261.6191218895186,139,122,65,156,127,76,10.800000429153442,3.6000001430511475,7.200000286102295,13.469967127634572,2.6832816796237777,5.878775616281173,7
815,4,6,111,23.97600285816204,0.0055436248314438405,0.00249175028621456,91.50450450450451,99.4054054054054,147.9099099099099,-58.9234669906599,122.31707373825279,-215.80403832057573,88,97,144,95,101,152,4.800000190734863,3.0000001192092896,5.400000214576721,7.823043197102973,2.0784610516732713,1.0392305258366357,1
815,5,7,97,20.952002497673135,0.00484442890675723,0.0021774754753406513,96.41237113402062,163.98969072164948,35.63917525773196,-55.978746895937576,161.0676464678086,-283.16648178862545,93,160,34,101,168,38,5.400000214576721,5.400000214576721,3.0000001192092896,8.20487692473891,2.0784610516732713,2.163330851241435,2
815,12,8,64,13.824001647949284,0.003196324227138791,0.0014366848497092957,172.453125,227.265625,61.171875,-10.354292763397098,199.03320854343474,-267.8468613345176,170,226,58,175,229,65,3.6000001430511475,2.4000000953674316,4.800000190734863,6.462198025346074,2.0784610516732713,9.17823548917731,7
815,8,9,60,12.960001544952455,0.0029965539629426166,0.0013468920466024649,125.11666666666666,125.45,187.15,-38.75616889198622,137.94383111596107,-192.25998333096504,123,123,185,127,128,189,3.0000001192092896,3.6000001430511475,3.0000001192092896,5.564171318397717,2.4000000953674316,3.7947333429912047,1
815,3,10,41,8.85600105571751,0.0020476452080107877,0.0009203762318450175,83.29268292682927,105.92682926829268,95.17073170731707,-63.850560133050124,126.22992821146802,-247.44754649953143,81,104,94,86,108,97,3.6000001430511475,3.0000001192092896,2.4000000953674316,5.264978841646728,1.6970563422826717,12.61427812622354,1
815,10,11,27,5.832000695228604,0.0013484492833241773,0.0006061014209711092,164.1851851851852,223.85185185185185,61.333333333333336,-15.315056849409032,196.98494457315516,-267.74998633066815,162,223,60,167,225,63,3.6000001430511475,1.8000000715255737,2.4000000953674316,4.6861499917548555,1.6970563422826717,3.0000001192092896,12
815,13,12,8,1.7280002059936606,0.00039954052839234885,0.00017958560621366196,187.125,225.875,68.5,-1.5511674135923386,198.19883351027966,-263.4499861598015,186,225,67,188,226,70,1.8000000715255737,1.2000000476837158,2.4000000953674316,3.231099012673037,1.2000000476837158,1.2000000476837158,7
815,11,13,7,1.512000180244453,0.00034959796234330524,0.0001571374054369542,168.71428571428572,226.14285714285714,164.57142857142858,-12.597596423966536,198.35954780238015,-205.80712672642298,168,226,163,169,227,166,1.2000000476837158,1.2000000476837158,2.4000000953674316,2.9393878081405864,1.2000000476837158,1.2000000476837158,7
815,14,14,3,0.6480000772476227,0.0001498276981471308,6.734460233012324e-05,217.0,177.0,47.0,16.373833298683167,168.87383234500885,-276.3499866724014,216,177,47,218,177,47,1.8000000715255737,0.6000000238418579,0.6000000238418579,1.9899749532877369,1.2000000476837158,2.8142495677222836,7
816,2,1,13222,2855.9523404560223,1.0,0.5779856618289911,82.351762214491,145.726667675087,118.37921645741945,-47.92976102038639,134.0951837669467,-167.5224703549257,44,84,7,129,195,169,51.60000205039978,67.20000267028809,97.80000388622284,129.39567740320072,5.230678940097307,inf,-1
816,4,2,8790,1898.6402263355346,0.6648010890939344,0.3842454974645918,166.67610921501708,180.91433447098976,90.64288964732651,2.664849190378362,155.2077846834277,-184.16426710226702,133,118,46,193,221,149,36.60000145435333,62.40000247955322,62.40000247955322,95.53575626620204,4.800000190734863,26.77909738941136,2
816,1,3,508,109.72801308059745,0.03842081379518984,0.022206679489421233,44.02755905511811,142.7204724409449,101.72637795275591,-70.92428382973033,132.29146655478814,-177.5141738547584,39,134,91,50,148,113,7.200000286102295,9.000000357627869,13.800000548362732,17.9799895909866,3.3941126845653433,3.231099012673037,2
816,3,4,246,53.136006334305065,0.018605354711843897,0.010753628256688234,80.05284552845528,106.91869918699187,131.65040650406505,-49.30911108681826,110.81040174883556,-159.5597560105285,72,105,124,88,109,139,10.200000405311584,3.0000001192092896,9.600000381469727,14.324804232792543,2.4000000953674316,1.3416408398118889,2
816,5,5,109,23.544002806663624,0.008243836030857661,0.004764819024304949,175.26605504587155,190.5045871559633,45.293577981651374,7.818816893691306,160.96193652306127,-211.37385518288394,169,188,40,181,192,53,7.800000309944153,3.0000001192092896,8.40000033378601,11.849051065717868,2.0784610516732713,6.945502417663594,4
816,6,6,1,0.21600002574920757,7.563152321887763e-05,4.37139360027977e-05,235.0,75.0,139.0,43.65918529033661,91.65918147563934,-155.14999973773956,235,75,139,235,75,139,0.6000000238418579,0.6000000238418579,0.6000000238418579,1.0392305258366357,1.2000000476837158,70.06397355366805,4
817,2,1,17919,3870.5044614000503,1.0,0.531500266951415,106.9073050951504,173.1046933422624,149.39315810034043,-61.683739394040984,125.53469513249495,23.085895370256893,55,107,74,157,230,191,61.800002455711365,74.40000295639038,70.80000281333923,119.8634270401346,4.947726947346189,inf,-1
817,5,2,12344,2666.304317848218,0.6888777275517607,0.36613869609064487,187.26806545690215,184.7799740764744,94.60401814646792,-13.4672812610401,132.5398638513825,-9.787589908341502,112,135,56,232,232,149,72.60000288486481,58.800002336502075,56.400002241134644,109.12910219760364,4.489989042544857,23.04343815926975,2
817,9,3,1132,244.51202914810298,0.06317316814554384,0.033576555733523174,263.5742049469965,109.726148409894,173.59187279151942,32.31640425229662,87.50756666201164,37.60512476190661,257,103,167,271,116,182,9.000000357627869,8.40000033378601,9.600000381469727,15.611534817855858,6.000000238418579,70.93208300801955,5
817,6,4,766,165.456019723893,0.04274792120095988,0.022720531529928225,120.5182767624021,106.1266318537859,129.99738903394257,-53.51715606917911,85.34785664252762,11.448433467987002,115,103,114,125,110,147,6.600000262260437,4.800000190734863,20.40000081062317,21.971800981401557,3.3941126845653433,2.163330851241435,2
817,1,5,642,138.67201653099127,0.03582789218148334,0.01904253425876491,63.926791277258566,170.0841121495327,145.45171339563862,-87.47204870951138,123.72234634484086,20.72102845346444,54,166,127,76,175,163,13.800000548362732,6.000000238418579,22.200000882148743,26.81939703205946,2.9393878081405864,4.837354841198334,2
817,3,6,580,125.28001493454039,0.03236787767174507,0.01720353562318325,69.92758620689655,130.76206896551724,123.20862068965518,-83.8715716086585,100.12911949692102,7.375172299557718,62,123,113,78,140,133,10.200000405311584,10.800000429153442,12.600000500679016,19.47922047093216,3.3941126845653433,2.7495455262306225,2
817,7,7,187,40.392004815101814,0.010435850214855739,0.005546657175060806,184.14438502673798,131.47058823529412,95.02673796791444,-15.341489593612948,100.55423107567955,-9.533958005395164,178,128,91,190,134,99,7.800000309944153,4.200000166893005,5.400000214576721,10.374970291738613,2.6832816796237777,7.982481134585331,5
817,13,8,67,14.472001725196908,0.0037390479379429656,0.0019873049771608237,270.5223880597015,118.29850746268657,121.14925373134328,36.48531428557723,92.65098229806814,6.1395520754714425,267,117,118,275,119,125,5.400000214576721,1.8000000715255737,4.800000190734863,7.445804483464189,2.0784610516732713,26.16027626742591,9
817,4,9,40,8.640001029968303,0.0022322674256375916,0.0011864507326333276,98.925,145.625,173.975,-66.4731226414442,109.04687847197056,37.83500109612942,97,144,172,101,147,176,3.0000001192092896,2.4000000953674316,3.0000001192092896,4.874423236473746,2.0784610516732713,4.368066107139657,2
817,11,10,18,3.8880004634857364,0.0010045203415369162,0.0005339028296849974,266.55555555555554,100.55555555555556,182.38888888888889,34.105214688513,82.0052107307646,42.88333463006549,265,99,182,269,102,183,3.0000001192092896,2.4000000953674316,1.2000000476837158,4.024922519435666,1.2000000476837158,4.024922519435666,9
817,14,11,14,3.024000360488906,0.000781293598973157,0.0004152577564216646,269.35714285714283,123.21428571428571,152.71428571428572,35.78616713626042,95.60044936622891,25.078572017805925,267,123,152,271,124,155,3.0000001192092896,1.2000000476837158,2.4000000953674316,4.024922519435666,1.2000000476837158,11.144505815446882,9
817,10,12,3,0.6480000772476227,0.00016742005692281934,8.898380494749956e-05,264.0,119.0,160.0,32.57188129425049,93.07187783718109,29.450000762939453,263,119,160,265,119,160,1.8000000715255737,0.6000000238418579,0.6000000238418579,1.9899749532877369,1.2000000476837158,5.264978841646728,14
817,8,13,1,0.21600002574920757,5.580668564093978e-05,2.9661268315833188e-05,192.0,132.0,99.0,-10.628120422363281,100.87187814712524,-7.150000691413879,192,132,99,192,132,99,0.6000000238418579,0.6000000238418579,0.6000000238418579,1.0392305258366357,1.2000000476837158,1.2000000476837158,7
817,12,14,1,0.21600002574920757,5.580668564093978e-05,2.9661268315833188e-05,266.0,123.0,154.0,33.771881341934204,95.47187793254852,25.850000619888306,266,123,154,266,123,154,0.6000000238418579,0.6000000238418579,0.6000000238418579,1.0392305258366357,1.2000000476837158,1.3416408398118889,14
818,2,1,16144,3487.104415695207,1.0,0.5041848844472204,182.32643706640238,170.15516600594648,152.8878221010902,-51.88050060065757,188.81673647288318,40.18269766872331,109,88,60,246,281,198,82.80000329017639,116.40000462532043,83.40000331401825,165.40967980866807,5.499091052461245,inf,-1
818,10,2,14151,3056.6163643770365,0.8765485629335976,0.44194253591505306,291.9307469436789,229.6686453254187,100.8943537559183,13.882087938878726,224.52482548347842,8.986615421999282,241,158,50,329,269,160,53.400002121925354,67.20000267028809,66.60000264644623,108.64143287905864,5.878775616281173,41.45648485563191,2
818,4,3,573,123.76801475429593,0.03549306243805748,0.01789506558400999,159.04712041884818,196.40139616055848,192.3647469458988,-65.84809114421225,204.56447519140926,63.86885351681168,146,188,187,174,203,196,17.40000069141388,9.600000381469727,6.000000238418579,20.75861349528059,3.3941126845653433,5.161395365320993,2
818,9,4,542,117.0720139560705,0.033572844400396436,0.016926920674578388,234.46125461254613,137.58671586715866,61.2970479704797,-20.59960882998041,169.27566561311812,-14.771768993337218,225,128,56,242,151,68,10.800000429153442,14.40000057220459,7.800000309944153,19.617340048649204,3.3941126845653433,4.569464045092525,10
818,8,5,448,96.76801153564499,0.027750247770069375,0.013991255465334165,207.65401785714286,275.50669642857144,185.27678571428572,-36.68395152235669,252.02765723823438,59.61607660885369,204,270,172,211,282,198,4.800000190734863,7.800000309944153,16.200000643730164,18.609675642607026,2.9393878081405864,34.03116354224625,2
818,5,6,79,17.064002034187396,0.004893458870168483,0.0024672079950031228,157.35443037974684,97.46835443037975,125.78481012658227,-66.86370520802993,145.2046477945545,23.92088983783239,154,96,124,161,99,128,4.800000190734863,2.4000000953674316,3.0000001192092896,6.148170703882103,2.4000000953674316,9.05980168232906,2
818,1,7,47,10.152001210212756,0.002911298315163528,0.0014678326046221111,94.31914893617021,72.17021276595744,73.76595744680851,-104.68487557705413,130.0257621927464,-7.29042301025796,91,69,72,97,75,75,4.200000166893005,4.200000166893005,2.4000000953674316,6.406247205780169,1.6970563422826717,30.910193721999715,2
818,7,8,16,3.456000411987321,0.0009910802775024777,0.0004996876951905059,186.5,167.0625,193.625,-49.3763627409935,186.9611367955804,64.62500537931919,185,166,193,188,168,194,2.4000000953674316,1.8000000715255737,1.2000000476837158,3.231099012673037,1.2000000476837158,7.249827872239009,2
818,3,9,15,3.2400003862381137,0.0009291377601585728,0.0004684572142410993,135.13333333333333,121.66666666666667,67.06666666666666,-80.19636396567027,159.7236357132594,-11.309997638066612,134,120,66,136,123,68,1.8000000715255737,2.4000000953674316,1.8000000715255737,3.498571275927907,1.6970563422826717,7.3484695203514665,2
818,6,10,5,1.080000128746038,0.0003097125867195243,0.0001561524047470331,178.2,187.0,194.6,-54.35636293888092,198.92363727092743,65.210005402565,177,187,194,179,187,195,1.8000000715255737,0.6000000238418579,1.2000000476837158,2.2449945212724285,1.2000000476837158,1.8973666714956023,4
819,4,1,22758,4915.728586000466,1.0,0.5164877561673059,207.1994902891291,200.7613586431145,91.16693031022058,-22.993777449001726,206.1433434098925,-205.3498274332474,129,118,41,244,262,168,69.60000276565552,87.0000034570694,76.80000305175781,135.31962701418945,6.8934754497677275,inf,-1
819,1,2,20205,4364.280520262739,0.887819667809122,0.4585479881079364,119.14313288789903,142.7946052957189,147.19678297451125,-75.82759398916694,171.36329001942002,-171.73191449881722,52,76,85,174,251,180,73.80000293254852,105.60000419616699,57.60000228881836,141.12250558556045,5.878775616281173,31.941197239323888,4
819,3,3,847,182.9520218095788,0.03721768169434924,0.019222476908063457,96.43801652892562,124.82054309327036,53.285714285714285,-89.45066434588314,160.57885226941585,-228.07855795110976,85,108,50,112,145,57,16.80000066757202,22.8000009059906,4.800000190734863,28.724903230031032,3.3941126845653433,21.415882808080386,1
819,9,4,189,40.824004866600234,0.008304771948325865,0.004289313029072012,260.8412698412698,97.17989417989418,63.1005291005291,9.191291561202377,143.99446226238575,-222.18966882821744,257,89,55,265,104,71,5.400000214576721,9.600000381469727,10.200000405311584,15.011995800359259,2.4000000953674316,48.82540516428863,4
819,8,5,38,8.208000978469888,0.0016697425081290097,0.0008624015614007219,198.23684210526315,197.26315789473685,170.97368421052633,-28.371366573007492,204.0444228774623,-157.46577319032266,197,196,168,199,199,174,1.8000000715255737,2.4000000953674316,4.200000166893005,5.161395365320993,1.6970563422826717,4.837354841198334,4
819,2,6,14,3.024000360488906,0.0006151682924685825,0.0003177268910423712,84.78571428571429,160.5,160.64285714285714,-96.44204596962247,181.9865272641182,-163.6642696772303,84,160,159,86,161,162,1.8000000715255737,1.2000000476837158,2.4000000953674316,3.231099012673037,1.2000000476837158,7.323933660467186,1
819,5,7,6,1.2960001544952453,0.00026364355391510674,0.00013616866758958763,189.0,263.0,80.83333333333333,-33.913472056388855,243.48652970790863,-211.54998586575192,188,263,80,190,263,82,1.8000000715255737,0.6000000238418579,1.8000000715255737,2.6153394700486534,1.2000000476837158,3.5496480109101034,4
819,6,8,5,1.080000128746038,0.00021970296159592233,0.00011347388965798972,191.8,262.4,82.4,-32.23347198963165,243.12652969360352,-210.60998582839966,191,262,82,192,263,83,1.2000000476837158,1.2000000476837158,1.2000000476837158,2.0784610516732713,1.2000000476837158,0.8485281711413358,5
819,7,9,1,0.21600002574920757,4.394059231918446e-05,2.269477793159794e-05,194.0,263.0,84.0,-30.913471937179565,243.48652970790863,-209.64998579025269,194,263,84,194,263,84,0.6000000238418579,0.6000000238418579,0.6000000238418579,1.0392305258366357,1.2000000476837158,1.0392305258366357,4
820,4,1,16248,3509.5684183731246,1.0,0.5164325217722967,195.39180206794683,181.86170605612998,101.1429714426391,-17.08229691322832,171.29964515709895,-216.86420251594893,105,118,65,237,238,165,79.8000031709671,72.60000288486481,60.60000240802765,123.73827708846481,5.230678940097307,inf,-1
820,2,2,13977,3019.0323598966743,0.8602289512555392,0.44425020659843617,116.68677112398942,173.03384131072477,167.92294483794805,-64.30531735607693,166.0029260993831,-176.79621688660492,64,110,109,170,243,188,64.2000025510788,80.40000319480896,48.00000190734863,113.5332595515045,5.230678940097307,28.78749843006074,4
820,1,3,727,157.0320187196739,0.04474396848842935,0.023107240480579747,58.5474552957359,236.72764786795048,78.01788170563961,-99.18890823917835,204.21921155229722,-230.73925690949375,54,225,61,70,242,94,10.200000405311584,10.800000429153442,20.40000081062317,25.235690016551896,2.9393878081405864,10.883014720782366,2
820,13,4,281,60.696007235527325,0.017294436238306253,0.00893140931917869,262.2419928825623,98.81494661921708,57.256227758007114,23.027819169373686,121.47158751496217,-243.19624977306964,258,96,49,266,103,65,5.400000214576721,4.800000190734863,10.200000405311584,12.499600490289273,2.6832816796237777,53.29202778752283,4
820,3,5,70,15.12000180244453,0.00430822255046775,0.002224906236094336,86.05714285714286,208.14285714285714,157.21428571428572,-82.68309504645211,187.0683364357267,-183.22141261611665,84,204,154,88,212,160,3.0000001192092896,5.400000214576721,4.200000166893005,7.469940055621977,1.6970563422826717,6.600000262260437,2
820,9,6,58,12.528001493454038,0.0035696701132447066,0.001843493738478164,165.72413793103448,118.1896551724138,86.87931034482759,-34.88289610270796,133.09641310880926,-225.42239951470802,162,116,84,170,120,89,5.400000214576721,3.0000001192092896,3.6000001430511475,7.149825456796317,1.6970563422826717,2.163330851241435,4
820,11,7,42,9.072001081466718,0.00258493353028065,0.0013349437416566015,204.11904761904762,247.54761904761904,108.47619047619048,-11.845949374494097,210.71119451806658,-212.46427092098054,202,246,107,207,249,110,3.6000001430511475,2.4000000953674316,2.4000000953674316,4.947726947346189,1.6970563422826717,21.583327755970295,4
820,10,8,17,3.6720004377365285,0.0010462826193993106,0.0005403343716229101,163.94117647058823,170.88235294117646,69.82352941176471,-35.95267302148483,164.71203302635865,-235.65586848118727,163,170,69,165,172,71,1.8000000715255737,1.8000000715255737,1.8000000715255737,3.1176915775099068,1.6970563422826717,1.6970563422826717,4
820,5,9,14,3.024000360488906,0.0008616445100935499,0.0004449812472188671,128.07142857142858,182.35714285714286,64.85714285714286,-57.47452261618204,171.5969072495188,-238.63570053236825,126,181,64,131,184,66,3.6000001430511475,2.4000000953674316,1.8000000715255737,4.6861499917548555,1.2000000476837158,8.44274870316685,4
820,7,10,8,1.7280002059936606,0.0004923682914820286,0.0002542749984107812,139.625,176.625,66.25,-50.54237948358059,168.15762139856815,-237.79998621344566,138,176,66,141,177,67,2.4000000953674316,1.2000000476837158,1.2000000476837158,2.9393878081405864,1.2000000476837158,1.9899749532877369,4
820,8,11,8,1.7280002059936606,0.0004923682914820286,0.0002542749984107812,148.75,105.875,91.0,-45.067379266023636,125.7076197117567,-222.94998562335968,147,105,90,150,107,92,2.4000000953674316,1.8000000715255737,1.8000000715255737,3.498571275927907,1.2000000476837158,9.84073207114958,4
820,6,12,7,1.512000180244453,0.00043082225504677496,0.00022249062360943356,135.0,178.71428571428572,65.71428571428571,-53.31737959384918,169.41119287695204,-238.12141479764665,134,178,65,136,179,66,1.8000000715255737,1.2000000476837158,1.2000000476837158,2.4738634736730947,1.2000000476837158,1.3416408398118889,7
820,12,13,5,1.080000128746038,0.00030773018217626787,0.00015892187400673829,211.0,244.6,110.2,-7.717377781867981,208.94262301921844,-211.429985165596,210,244,110,212,245,111,1.8000000715255737,1.2000000476837158,1.2000000476837158,2.4738634736730947,1.2000000476837158,2.2449945212724285,11
821,2,1,14113,3048.4083633985665,1.0,0.5551927616050354,181.53270034719762,253.6539360872954,86.941897541274,-26.881156713604582,212.89158644995834,53.615140645304486,134,188,16,205,284,147,43.20000171661377,58.20000231266022,79.20000314712524,107.35977326733573,6.2353831550198136,inf,-1
821,1,2,9119,1969.7042348070238,0.6461418550272798,0.35873328088119594,92.24882114266916,181.91292904923785,151.31374054172608,-80.45148636501523,169.8469805166849,92.23824798032007,45,105,78,137,243,177,55.800002217292786,83.40000331401825,60.00000238418579,116.91535864175603,5.499091052461245,33.840214109977815,2
821,3,3,1982,428.1120510349294,0.14043789414015445,0.07797010228166798,162.06559031281535,147.81886982845612,45.47628657921292,-38.561423198366015,149.39054417135014,28.73577307945063,143,113,25,179,186,71,22.200000882148743,44.400001764297485,28.200001120567322,57.09150776636594,3.3941126845653433,1.2000000476837158,2
821,4,4,201,43.41600517559072,0.014242188053567632,0.007907159716758459,160.75124378109453,78.96019900497512,214.77114427860695,-39.35003114873497,108.07534003554292,130.31269173539098,151,75,209,167,84,225,10.200000405311584,6.000000238418579,10.200000405311584,15.623060500354466,2.0784610516732713,60.31716413372719,1
821,5,5,3,0.6480000772476227,0.00021256997094877062,0.00011801730920535012,166.0,84.33333333333333,227.66666666666666,-36.20077729225159,111.29922076066335,138.05000547568002,166,84,227,166,85,228,0.6000000238418579,1.2000000476837158,1.2000000476837158,1.8000000715255737,1.2000000476837158,1.2000000476837158,4
821,6,6,2,0.43200005149841514,0.0001417133139658471,7.867820613690008e-05,167.0,192.0,11.5,-35.60077726840973,175.89922332763672,8.350000321865082,167,192,11,167,192,12,0.6000000238418579,0.6000000238418579,1.2000000476837158,1.4696939040702932,1.2000000476837158,6.177378330059151,2
822,7,1,24817,5360.472639018084,1.0,0.5449973647224172,168.90301003344482,208.9615183140589,118.64810412217432,-47.44529932797154,179.08980659546617,-147.86113774966196,121,142,18,228,290,168,64.80000257492065,89.40000355243683,90.60000360012054,142.8277340757995,6.000000238418579,inf,-1
822,14,2,18461,3987.576475356121,0.7438852399564815,0.40541549543218547,259.09517360923024,242.87189209685283,78.46763447267212,6.670000967848466,199.43603167362883,-171.96942049734037,202,161,29,296,302,154,57.0000022649765,85.20000338554382,75.6000030040741,127.3711163856234,5.499091052461245,26.852933867759976,7
822,8,3,958,206.92802466774086,0.03860257081839062,0.021038299367533375,132.09812108559498,204.19415448851774,39.55010438413361,-69.52823357417837,176.22938818647867,-195.31993947832967,124,181,30,142,226,47,11.4000004529953,27.600001096725464,10.800000429153442,31.75468595557598,3.3941126845653433,9.913627379047126,7
822,11,4,480,103.68001235961964,0.01934158036829593,0.010541110330288121,174.73333333333332,201.48125,155.74791666666667,-43.9471052090327,174.60164542868733,-125.60124933843811,164,196,151,187,207,161,14.40000057220459,7.200000286102295,6.600000262260437,17.40000069141388,3.3941126845653433,0.8485281711413358,7
822,4,5,328,70.84800844574008,0.013216746585002217,0.007203092059030216,119.67073170731707,187.9939024390244,89.2530487804878,-76.98466749743717,166.50923657053855,-165.4981716555066,114,178,87,127,198,92,8.40000033378601,12.600000500679016,3.6000001430511475,15.5653467437987,2.6832816796237777,3.3941126845653433,7
822,18,6,94,20.304002420425512,0.0037877261554579524,0.002064300773014757,349.3085106382979,106.57446808510639,159.39361702127658,60.79800533614261,117.65757401699716,-123.4138290387519,348,103,157,351,110,163,2.4000000953674316,4.800000190734863,4.200000166893005,6.81469028575178,2.4000000953674316,88.58284610248863,7
822,9,7,88,19.008002265930266,0.0035459564008542533,0.0019325368938861555,129.1818181818182,255.9090909090909,23.0,-71.27801538597454,207.25835127180272,-205.25000250339508,125,252,21,133,259,25,5.400000214576721,4.800000190734863,3.0000001192092896,7.823043197102973,1.6970563422826717,0.8485281711413358,7
822,6,8,74,15.98400190544136,0.002981826973445622,0.0016250878425860854,123.66216216216216,98.48648648648648,130.2972972972973,-74.589809129367,112.80478486499271,-140.8716215668498,120,96,128,126,101,133,4.200000166893005,3.6000001430511475,3.6000001430511475,6.600000262260437,2.0784610516732713,35.557279148989,7
822,10,9,53,11.448001364708,0.002135632832332675,0.00116391426563598,133.33962264150944,111.83018867924528,103.54716981132076,-68.78333261103,120.81100649878664,-156.92169869620847,131,110,101,135,113,106,3.0000001192092896,2.4000000953674316,3.6000001430511475,5.264978841646728,2.4000000953674316,15.714961648907,6
822,2,10,47,10.152001210212756,0.0018938630777289762,0.0010321503865073785,91.42553191489361,124.38297872340425,81.59574468085107,-93.9317880463093,128.34268082456384,-170.092554297853,89,123,79,94,126,84,3.6000001430511475,2.4000000953674316,3.6000001430511475,5.628499135444567,1.6970563422826717,27.159529793837766,10
822,15,11,46,9.936001184463548,0.0018535681186283596,0.0010101897399859448,303.8478260869565,114.52173913043478,91.0,33.521593521470606,122.4259368336719,-164.45000088214874,303,112,89,305,118,94,1.8000000715255737,4.200000166893005,3.6000001430511475,5.817216060054983,1.6970563422826717,46.9420938510759,18
822,1,12,46,9.936001184463548,0.0018535681186283596,0.0010101897399859448,80.43478260869566,179.95652173913044,131.32608695652175,-100.52623789206794,161.6868079589761,-140.25434774678686,77,178,129,83,182,133,4.200000166893005,3.0000001192092896,3.0000001192092896,5.969924859863211,1.6970563422826717,32.03685505114018,4
822,16,13,22,4.752000566482566,0.0008864891002135633,0.0004831342234715389,319.8636363636364,111.54545454545455,70.36363636363636,43.13108006932518,120.64016601172361,-176.83181955597618,318,111,68,321,113,73,2.4000000953674316,1.8000000715255737,3.6000001430511475,4.6861499917548555,1.2000000476837158,13.15902784256955,15
822,17,14,8,1.7280002059936606,0.00032235967280493214,0.00017568517217146867,321.375,108.125,143.75,44.037898287177086,118.58789320290089,-132.79999962449074,321,107,143,322,109,144,1.2000000476837158,1.8000000715255737,1.2000000476837158,2.4738634736730947,1.2000000476837158,17.717788376321707,18
822,13,15,7,1.512000180244453,0.0002820647137043156,0.0001537245256500351,174.42857142857142,83.0,130.28571428571428,-44.12996235915594,103.5128926038742,-140.87857137407576,174,83,129,175,83,132,1.2000000476837158,0.6000000238418579,2.4000000953674316,2.7495455262306225,1.2000000476837158,30.000001192092896,6
822,5,16,2,0.43200005149841514,8.058991820123303e-05,4.392129304286717e-05,119.0,95.5,130.0,-77.38710653781891,111.01289290189743,-141.04999995231628,119,95,130,119,96,130,0.6000000238418579,1.2000000476837158,0.6000000238418579,1.4696939040702932,1.2000000476837158,0.8485281711413358,6
822,3,17,2,0.43200005149841514,8.058991820123303e-05,4.392129304286717e-05,95.0,161.0,108.5,-91.7871071100235,150.31289446353912,-153.95000046491623,95,161,108,95,161,109,0.6000000238418579,0.6000000238418579,1.2000000476837158,1.4696939040702932,1.2000000476837158,18.54184530522164,1
822,19,18,1,0.21600002574920757,4.029495910061652e-05,2.1960646521433584e-05,362.0,258.0,199.0,68.41289925575256,208.51289677619934,-99.64999830722809,362,258,199,362,258,199,0.6000000238418579,0.6000000238418579,0.6000000238418579,1.0392305258366357,1.2000000476837158,69.28376708500201,14
822,12,19,1,0.21600002574920757,4.029495910061652e-05,2.1960646521433584e-05,172.0,85.0,133.0,-45.58710527420044,104.71289265155792,-139.2499998807907,172,85,133,172,85,133,0.6000000238418579,0.6000000238418579,0.6000000238418579,1.0392305258366357,1.2000000476837158,1.8000000715255737,13
822,20,20,1,0.21600002574920757,4.029495910061652e-05,2.1960646521433584e-05,363.0,257.0,199.0,69.01289927959442,207.91289675235748,-99.64999830722809,363,257,199,363,257,199,0.6000000238418579,0.6000000238418579,0.6000000238418579,1.0392305258366357,1.2000000476837158,0.8485281711413358,19
823,1,1,16885,3647.1604347753696,1.0,0.5424028268551236,106.358424637252,155.7859638732603,135.3253183298786,-40.02088018186635,179.635644538183,-164.35480882742365,59,83,40,158,235,172,60.00000238418579,91.80000364780426,79.8000031709671,135.6292057852052,5.499091052461245,inf,-1
823,4,2,11515,2487.240296502125,0.6819662422268286,0.3699004176035978,191.72253582283977,167.86712983065567,93.49795918367347,11.197588564725322,186.88434440065765,-189.45122531238866,129,100,47,232,200,152,62.40000247955322,60.60000240802765,63.60000252723694,107.7547257560695,5.628499135444567,27.84672443262287,1
823,3,3,929,200.66402392101384,0.05501924785312408,0.029842595566977194,125.8783638320775,80.82238966630786,104.3745963401507,-28.308916199579443,134.65749822674064,-182.9252427591831,109,77,96,137,84,113,17.40000069141388,4.800000190734863,10.800000429153442,21.03425860737603,4.156922103346543,2.163330851241435,1
823,7,4,915,197.64002356052492,0.0541901095647024,0.029392868615483455,186.68524590163935,214.1825136612022,156.70819672131148,8.175214491906715,214.67357580323036,-151.52508128275636,167,200,147,202,226,166,21.600000858306885,16.200000643730164,12.000000476837158,29.546574579463655,3.3941126845653433,10.322790730641985,4
823,9,5,644,139.10401658248966,0.038140361267397095,0.020687439768711853,215.74689440993788,212.027950310559,95.5031055900621,25.612204289769522,213.38083774147566,-188.24813742074906,204,204,85,226,220,108,13.800000548362732,10.200000405311584,14.40000057220459,22.401786533280347,3.3941126845653433,3.4467377248838638,4
823,2,6,173,37.36800445461291,0.010245780278353569,0.005557340186315451,106.15028901734104,163.01156069364163,164.82080924855492,-40.14576155877527,183.97100280268344,-146.65751357299052,102,156,162,109,169,168,4.800000190734863,8.40000033378601,4.200000166893005,10.547037917849783,2.6832816796237777,2.163330851241435,1
823,5,7,24,5.184000617980981,0.0014213799230085875,0.0007709604882749758,138.41666666666666,173.5,46.833333333333336,-20.78593419988951,190.26406663656235,-217.45000193516412,136,172,46,141,175,48,3.6000001430511475,2.4000000953674316,1.8000000715255737,4.6861499917548555,1.6970563422826717,1.8000000715255737,4
823,6,8,24,5.184000617980981,0.0014213799230085875,0.0007709604882749758,162.79166666666666,138.75,59.916666666666664,-6.160933618744224,169.41406580805779,-209.60000162323317,161,138,59,165,140,61,3.0000001192092896,1.8000000715255737,1.8000000715255737,3.934463270922718,1.6970563422826717,1.0392305258366357,4
823,8,9,21,4.536000540733359,0.0012437074326325142,0.0006745904272406039,196.14285714285714,223.23809523809524,82.85714285714286,13.849781462124412,220.1069249652681,-195.83571536200387,195,222,81,198,224,85,2.4000000953674316,1.8000000715255737,3.0000001192092896,4.2426408557066795,1.6970563422826717,4.200000166893005,9
824,1,1,13038,2816.208335718168,1.0,0.524942625921005,96.3866390550698,149.17901518637828,135.34299739223806,-51.502975206421574,167.67245173103186,128.6558024251108,52,84,54,143,237,177,55.20000219345093,92.40000367164612,74.40000295639038,130.84403448605556,5.230678940097307,inf,-1
824,6,2,10971,2369.7362824945562,0.8414634146341463,0.4417200144945042,202.41801112022605,179.59474979491387,83.5764287667487,12.115850560657094,185.92189322132083,97.59586001560601,158,104,32,234,226,157,46.20000183582306,73.80000293254852,75.6000030040741,115.30932770895092,4.800000190734863,33.11434865955785,1
824,3,3,794,171.5040204448708,0.06089891087590121,0.031968434190924835,96.70025188916877,206.15239294710327,19.338790931989923,-51.314807498485074,201.85647974581804,59.05327578320611,81,182,15,121,223,24,24.600000977516174,25.200001001358032,6.000000238418579,35.72394297139197,3.3941126845653433,30.482127121364147,6
824,7,4,18,3.8880004634857364,0.0013805798435342846,0.0007247252083584975,208.27777777777777,223.72222222222223,110.0,15.631710694895844,212.39837772978677,113.45000338554382,207,223,109,210,225,111,2.4000000953674316,1.8000000715255737,1.8000000715255737,3.498571275927907,1.6970563422826717,7.636753540272022,6
824,5,5,14,3.024000360488906,0.0010737843227488879,0.0005636751620566092,88.35714285714286,229.92857142857142,29.5,-56.320673116615836,216.12218740156717,65.15000146627426,88,228,28,89,231,31,1.2000000476837158,2.4000000953674316,2.4000000953674316,3.6000001430511475,1.2000000476837158,4.2426408557066795,3
824,2,6,1,0.21600002574920757,7.669888019634913e-05,4.026251157547208e-05,61.0,128.0,69.0,-72.73495948314667,154.9650421142578,88.85000240802765,61,128,69,61,128,69,0.6000000238418579,0.6000000238418579,0.6000000238418579,1.0392305258366357,1.2000000476837158,6.8410528224338325,1
824,4,7,1,0.21600002574920757,7.669888019634913e-05,4.026251157547208e-05,88.0,224.0,24.0,-56.534958839416504,212.56504440307617,61.85000133514404,88,224,24,88,224,24,0.6000000238418579,0.6000000238418579,0.6000000238418579,1.0392305258366357,1.2000000476837158,0.8485281711413358,3
825,3,1,16361,3533.976421282785,1.0,0.5541030243505944,107.38212823177068,183.96222724772323,133.11209583766274,-68.89591581324815,187.55214542213523,-175.1827423755205,57,113,35,158,256,165,61.20000243186951,86.40000343322754,78.60000312328339,131.86493613505723,5.499091052461245,inf,-1
825,6,2,11805,2549.8803039693953,0.7215329136360858,0.3998035696142514,189.60618382041508,213.92672596357477,85.4001694197374,-19.561480499687264,205.53084536605547,-203.80989936381667,125,153,39,216,250,139,55.20000219345093,58.800002336502075,60.60000240802765,100.88032914687874,5.230678940097307,28.25101880337911,3
825,7,3,993,214.4880255689631,0.060693111667990955,0.03363023673248214,163.33232628398792,185.59718026183282,38.4269889224572,-35.32579564796113,188.53311726958128,-231.9938087821127,144,171,35,182,199,42,23.40000092983246,17.40000069141388,4.800000190734863,29.552666028776795,3.3941126845653433,1.9899749532877369,6
825,4,4,238,51.4080061283114,0.014546788093637308,0.008060419277271651,87.1890756302521,213.15126050420167,134.84873949579833,-81.01174785559918,205.06556607194307,-174.14075613923433,84,205,131,89,221,138,3.6000001430511475,10.200000405311584,4.800000190734863,11.833850224224552,2.6832816796237777,4.024922519435666,3
825,1,5,101,21.816002600669965,0.0061732167960393625,0.003420598096657297,50.17821782178218,96.48514851485149,136.72277227722773,-103.21826342308876,135.0658960967961,-173.01633642569627,39,96,134,61,97,139,13.800000548362732,1.2000000476837158,3.6000001430511475,14.3122330989689,1.2000000476837158,35.35930004063045,3
825,8,6,16,3.456000411987321,0.0009779353340260376,0.0005418769262031362,175.0625,220.0,150.375,-28.28769113868475,209.17480993270874,-164.82499946653843,174,219,149,176,221,152,1.8000000715255737,1.8000000715255737,2.4000000953674316,3.498571275927907,1.6970563422826717,6.378087741083216,6
825,5,7,12,2.5920003089904906,0.0007334515005195281,0.0004064076946523521,113.0,193.91666666666666,144.75,-65.52519261837006,193.5248093108336,-168.19999960064888,112,193,144,114,195,146,1.8000000715255737,1.8000000715255737,1.8000000715255737,3.1176915775099068,1.6970563422826717,0.8485281711413358,3
825,2,8,1,0.21600002574920757,6.112095837662735e-05,3.386730788769601e-05,41.0,60.0,126.0,-108.72519433498383,113.17480611801147,-179.45000004768372,41,60,126,41,60,126,0.6000000238418579,0.6000000238418579,0.6000000238418579,1.0392305258366357,1.2000000476837158,22.126907576747204,1
826,6,1,29281,6324.696753962547,1.0,0.5722186394637587,221.30084355042518,193.04590007171888,99.19534851951778,-8.534918281021618,203.51211495810423,-270.5327763162567,131,103,50,260,269,181,78.00000309944153,100.20000398159027,79.20000314712524,149.65520966517752,6.8934754497677275,inf,-1
826,3,2,20410,4408.560525541327,0.6970390355520645,0.3988587285767329,132.2017638412543,165.0450759431651,146.64924056834886,-61.99436823081176,186.7116198133803,-242.06043995556908,76,89,65,185,264,188,66.00000262260437,105.60000419616699,74.40000295639038,145.06109634331725,5.878775616281173,28.129700725128334,6
826,4,3,823,177.76802119159782,0.028106963559987704,0.01608332844775361,112.86755771567437,108.23086269744836,103.07047387606319,-73.59489236712311,152.62309051139385,-268.2077010099392,101,94,94,125,127,115,15.000000596046448,20.40000081062317,13.200000524520874,28.55521081697999,2.9393878081405864,2.9393878081405864,3
826,8,4,187,40.392004815101814,0.0063863939073119085,0.0036544136327216585,295.73262032085563,100.524064171123,67.74866310160428,36.124149555828495,147.99901121185425,-289.4007883167522,291,96,64,302,107,70,7.200000286102295,7.200000286102295,4.200000166893005,11.014536288089822,2.6832816796237777,52.60874661076282,6
826,7,5,163,35.208004197120836,0.005566749769475087,0.0031853979793242267,226.41104294478527,233.24539877300614,57.877300613496935,-5.468798522568932,227.63181513730734,-295.3236060449682,220,227,54,233,239,61,8.40000033378601,7.800000309944153,4.800000190734863,12.427389600144862,2.4000000953674316,2.163330851241435,6
826,1,6,125,27.000003218650946,0.004268979884566784,0.002442789861444959,58.936,88.496,118.008,-105.95382828235626,140.78217242240905,-259.2451849794388,53,85,115,65,93,121,7.800000309944153,5.400000214576721,4.200000166893005,10.374970291738613,2.0784610516732713,30.41710166219476,4
826,2,7,93,20.088002394676305,0.0031761210341176875,0.0018174356569150495,58.81720430107527,111.84946236559139,110.60215053763442,-106.0251057045434,154.79425039855383,-263.68869483342735,53,108,108,65,115,114,7.800000309944153,4.800000190734863,4.200000166893005,10.075713774620876,1.6970563422826717,9.711848819657371,1
826,5,8,89,19.224002291679472,0.00303951367781155,0.0017392663813488105,104.75280898876404,243.98876404494382,56.07865168539326,-78.46374179673998,234.07783455661175,-296.40279544471355,103,238,52,107,250,60,3.0000001192092896,7.800000309944153,5.400000214576721,9.949874766438684,1.6970563422826717,4.024922519435666,3
827,1,1,27773,5998.968715132742,1.0,0.7934689446317353,95.82522593886148,157.6884024052137,139.83822417455804,-51.33689340203169,171.28101395271273,-213.64704995423085,32,79,22,161,250,196,78.00000309944153,103.20000410079956,105.00000417232513,166.6110506722355,6.1188236594515395,inf,-1
827,5,2,6576,1420.416169326789,0.23677672559680266,0.187874978572653,199.97338807785889,206.24513381995135,128.92579075425792,11.152006364452433,200.41505395923798,-220.19451026658362,155,165,73,227,245,177,43.80000174045563,48.60000193119049,63.00000250339508,90.82621128068385,4.32666170248287,21.314784448971338,1
827,8,3,371,80.13600955295601,0.013358297627191878,0.010599394320324553,215.96495956873315,219.76280323450135,102.54177897574124,20.74694964024576,208.52565593025435,-236.02491796273748,211,214,90,221,226,116,6.600000262260437,7.800000309944153,16.200000643730164,19.153068400489367,2.6832816796237777,1.2000000476837158,5
827,6,4,133,28.728003424644605,0.00478882367767256,0.003799782869550311,190.1578947368421,225.72932330827066,154.7218045112782,5.262710125822778,212.10556811676886,-204.71690139734653,182,217,152,196,234,158,9.000000357627869,10.800000429153442,4.200000166893005,14.672423695794691,1.6970563422826717,3.0594118297257697,5
827,4,5,60,12.960001544952455,0.002160371583912433,0.0017141877606993887,153.08333333333334,109.81666666666666,75.43333333333334,-16.98202760020891,142.55797136823338,-252.28998599449793,151,108,72,155,112,79,3.0000001192092896,3.0000001192092896,4.800000190734863,6.406247205780169,2.0784610516732713,7.1246055353291275,1
827,3,6,51,11.016001313209586,0.001836315846325568,0.0014570595965944801,144.54901960784315,116.01960784313725,65.17647058823529,-22.10261603897692,146.27973622200534,-258.4441038860994,141,114,63,147,118,68,4.200000166893005,3.0000001192092896,3.6000001430511475,6.292853339076425,1.6970563422826717,4.2426408557066795,4
827,2,7,30,6.480000772476227,0.0010801857919562165,0.0008570938803496944,60.666666666666664,115.16666666666667,109.46666666666667,-72.43202980359396,145.76797149578732,-231.86998518308002,60,114,107,62,117,112,1.8000000715255737,2.4000000953674316,3.6000001430511475,4.6861499917548555,1.6970563422826717,7.613146826788975,1
827,7,8,6,1.2960001544952453,0.00021603715839124327,0.00017141877606993884,193.16666666666666,161.83333333333334,73.16666666666667,7.06797335545221,173.76797260840735,-253.64998604853946,192,161,73,194,163,74,1.8000000715255737,1.8000000715255737,1.2000000476837158,2.8142495677222836,1.2000000476837158,2.7495455262306225,5
827,9,9,1,0.21600002574920757,3.6006193065207214e-05,2.8569796011656476e-05,269.0,54.0,188.0,52.56797516345978,109.06797003746033,-184.74998331069946,269,54,188,269,54,188,0.6000000238418579,0.6000000238418579,0.6000000238418579,1.0392305258366357,1.2000000476837158,88.75336966008922,1
827,10,10,1,0.21600002574920757,3.6006193065207214e-05,2.8569796011656476e-05,270.0,52.0,188.0,53.167975187301636,107.86796998977661,-184.74998331069946,270,52,188,270,52,188,0.6000000238418579,0.6000000238418579,0.6000000238418579,1.0392305258366357,1.2000000476837158,1.3416408398118889,9
828,9,1,24747,5345.352637215639,1.0,0.5544179585984407,208.95910615428133,165.73924112013577,61.80793631551299,1.0483202370421196,173.6164001861129,118.53476021116602,109,92,12,252,234,138,86.40000343322754,85.80000340938568,76.20000302791595,143.64206083096525,6.8934754497677275,inf,-1
828,2,2,16464,3556.2244239349534,0.6652927627591224,0.3688502553992293,118.69515306122449,161.53711127308065,118.48742711370262,-53.11005377085233,171.09512217769324,152.54245604142415,63,96,10,177,237,155,69.00000274181366,85.20000338554382,87.60000348091125,140.3346057290312,6.000000238418579,29.96397956470258,9
828,3,3,1741,376.05604482937036,0.0703519618539621,0.039004391074469034,83.58931648477886,114.66685812751292,44.50832854681218,-74.17355655370807,142.9729691728787,108.15499513749074,64,102,24,100,133,65,22.200000882148743,19.200000762939453,25.200001001358032,38.68488230475474,3.6000001430511475,5.400000214576721,9
828,4,4,926,200.01602384376622,0.037418677011354914,0.02074558652208979,100.22030237580994,126.01727861771059,22.400647948164146,-64.19496462257584,149.7832217376124,94.89038625121374,81,116,20,122,141,25,25.200001001358032,15.600000619888306,3.6000001430511475,29.855653917456397,3.3941126845653433,1.3416408398118889,3
828,6,5,352,76.03200906372106,0.01422394633692973,0.007886011291334347,106.66193181818181,197.89772727272728,110.60227272727273,-60.32998680357229,192.91149264438587,147.81136322156948,101,187,103,110,207,118,6.000000238418579,12.600000500679016,9.600000381469727,16.938713729275708,2.6832816796237777,2.4738634736730947,2
828,11,6,161,34.776004145622416,0.006505839091607063,0.0036069540281387217,154.44099378881987,122.81987577639751,20.211180124223603,-31.662548482047853,147.86477995659254,93.57670550464843,146,120,17,161,127,24,9.600000381469727,4.800000190734863,4.800000190734863,11.757551232562346,2.4000000953674316,3.231099012673037,9
828,5,7,127,27.432003270149362,0.005131935184062715,0.0028452370284075632,105.16535433070867,83.62204724409449,91.46456692913385,-61.22793333173737,124.34608190266167,136.3287392864077,98,80,86,112,87,99,9.000000357627869,4.800000190734863,8.40000033378601,13.213629852389598,2.0784610516732713,22.369623147657624,2
828,10,8,91,19.65600234317789,0.0036772133996039926,0.0020387131463392777,121.1978021978022,88.83516483516483,111.78021978021978,-51.608464229237896,127.47395258159428,148.5181314814222,118,87,109,125,91,114,4.800000190734863,3.0000001192092896,3.6000001430511475,6.708204199059444,2.4000000953674316,8.160882629525593,5
828,7,9,12,2.5920003089904906,0.0004849072614862407,0.00026884129402276184,103.33333333333333,101.58333333333333,37.583333333333336,-62.327145973841354,135.12285398443538,103.99999784429869,102,100,37,104,103,38,1.8000000715255737,2.4000000953674316,1.2000000476837158,3.231099012673037,1.2000000476837158,1.2000000476837158,3
828,12,10,10,2.160000257492076,0.00040408938457186735,0.0002240344116856349,211.3,228.9,50.0,2.4528566002845764,211.51285701990128,111.44999814033508,209,228,50,214,230,50,3.6000001430511475,1.8000000715255737,0.6000000238418579,4.0693981515785085,1.2000000476837158,1.2000000476837158,9
828,8,11,4,0.8640001029968303,0.00016163575382874694,8.961376467425395e-05,108.5,100.5,38.0,-59.22714585065842,134.47285395860672,104.24999785423279,108,100,38,109,101,38,1.2000000476837158,1.2000000476837158,0.6000000238418579,1.8000000715255737,1.2000000476837158,0.8485281711413358,9
828,1,12,1,0.21600002574920757,4.0408938457186734e-05,2.240344116856349e-05,47.0,68.0,83.0,-96.12714731693268,114.97285318374634,131.2499989271164,47,68,83,47,68,83,0.6000000238418579,0.6000000238418579,0.6000000238418579,1.0392305258366357,1.2000000476837158,32.499847444909875,5
829,4,1,26105,5638.6806721830635,1.0,0.6304641839346955,121.81179850603333,193.8556598352806,123.84366979505842,-56.224441429660416,182.50187708554745,-172.24379822205958,68,125,35,186,296,173,71.40000283718109,103.20000410079956,83.40000331401825,150.67767520217708,5.878775616281173,inf,-1
829,7,2,14351,3099.8163695268777,0.5497414288450488,0.3465922813118872,210.97463591387358,249.29384711866768,86.93874991289806,-2.7267368591485592,215.7647907773291,-194.38675103123765,156,178,37,246,306,164,54.60000216960907,77.40000307559967,76.80000305175781,121.94327034229549,5.230678940097307,31.595570565130927,4
829,5,3,584,126.14401503753722,0.022371193257996552,0.014104236101048159,113.79280821917808,217.95376712328766,159.72602739726028,-61.03583579296118,196.96074203289535,-150.7143828052364,106,205,152,123,232,166,10.800000429153442,16.80000066757202,9.000000357627869,21.90616438670715,2.9393878081405864,1.8000000715255737,4
829,1,4,103,22.24800265216838,0.0039456042903658305,0.0024875621890547268,54.19417475728155,140.94174757281553,154.41747572815535,-96.79501729104126,150.75352846650242,-153.8995139332651,45,137,153,64,145,157,12.000000476837158,5.400000214576721,3.0000001192092896,13.496666791351721,1.6970563422826717,27.866109554659154,4
829,2,5,88,19.008002265930266,0.0033710017238076997,0.0021252958508428733,56.63636363636363,153.125,159.67045454545453,-95.32970390536568,158.0634802132845,-150.74772651764482,50,149,158,63,157,162,8.40000033378601,5.400000214576721,3.0000001192092896,10.426888732516977,1.6970563422826717,2.7495455262306225,1
829,3,6,58,12.528001493454038,0.0022217965906914383,0.0014007631744191664,58.62068965517241,113.84482758620689,132.8793103448276,-94.1391082467704,134.49537582849632,-166.82241367677162,54,111,132,63,117,134,6.000000238418579,4.200000166893005,1.8000000715255737,7.541883353673428,1.6970563422826717,18.696524483992565,1
829,13,7,50,10.800001287460379,0.0019153418885271022,0.001207554460706178,296.06,74.48,115.62,48.324483621120464,110.87647833824158,-177.17800029516218,292,74,114,300,75,117,5.400000214576721,1.2000000476837158,2.4000000953674316,6.029925612280241,1.2000000476837158,90.18780763728287,4
829,6,8,23,4.968000592231774,0.0008810572687224669,0.0005554750519248419,130.2173913043478,147.1304347826087,143.34782608695653,-51.18108555026677,154.46674093992812,-160.5413039819054,128,146,142,132,148,145,3.0000001192092896,1.8000000715255737,2.4000000953674316,4.2426408557066795,1.6970563422826717,1.4696939040702932,4
829,11,9,23,4.968000592231774,0.0008810572687224669,0.0005554750519248419,278.5652173913044,55.26086956521739,97.43478260869566,37.82761363879496,99.34499961915223,-188.08913116351417,277,54,96,280,57,98,2.4000000953674316,2.4000000953674316,1.8000000715255737,3.8418746951220877,1.6970563422826717,16.398781094088726,13
829,12,10,10,2.160000257492076,0.00038306837770542046,0.0002415108921412356,286.5,74.3,152.9,42.58848339319229,110.76847833395004,-154.80999940633774,286,73,152,287,75,154,1.2000000476837158,1.8000000715255737,1.8000000715255737,2.8142495677222836,1.2000000476837158,21.30633793211541,13
829,8,11,6,1.2960001544952453,0.00022984102662325224,0.00014490653528474135,200.66666666666666,270.0,148.66666666666666,-8.911518653233856,228.18848299980164,-157.34999950726828,200,269,148,201,271,149,1.2000000476837158,1.8000000715255737,1.2000000476837158,2.4738634736730947,1.2000000476837158,2.0784610516732713,7
829,10,12,3,0.6480000772476227,0.00011492051331162612,7.245326764237067e-05,244.33333333333334,79.0,81.66666666666667,17.288482387860626,113.58847844600677,-197.55000110467273,244,79,81,245,79,82,1.2000000476837158,0.6000000238418579,1.2000000476837158,1.8000000715255737,1.2000000476837158,25.29980337609344,11
829,9,13,2,0.43200005149841514,7.661367554108408e-05,4.830217842824712e-05,202.0,268.0,150.5,-8.111518621444702,226.98848295211792,-156.2499994635582,202,268,150,202,268,151,0.6000000238418579,0.6000000238418579,1.2000000476837158,1.4696939040702932,1.2000000476837158,0.8485281711413358,7
830,1,1,18473,3990.1684756651116,1.0,0.6469043283373023,115.43864017755644,169.23932225410059,144.16846207979214,-50.056149078694474,171.72426144994023,-157.04892236663855,68,99,58,175,267,193,64.80000257492065,101.40000402927399,81.60000324249268,145.39450361007914,4.800000190734863,inf,-1
830,5,2,9871,2132.136254170428,0.5343474259730417,0.3456716626978569,200.7227231283558,217.31070813494074,118.92604599331375,1.1143027251161186,200.56709412455547,-172.19437262035166,150,152,62,235,269,174,51.60000205039978,70.80000281333923,67.80000269412994,110.77924433437038,4.947726947346189,25.53350841175428,1
830,2,3,105,22.680002703666794,0.00568397120121258,0.003676985572208993,93.86666666666666,246.74285714285713,145.59047619047618,-62.99933369954427,218.22638423102242,-156.19571386632464,87,243,139,99,250,152,7.800000309944153,4.800000190734863,8.40000033378601,12.427389600144862,1.6970563422826717,5.196152629183178,1
830,6,4,63,13.608001622200076,0.003410382720727548,0.0022061913433253956,243.5079365079365,262.41269841269843,58.03174603174603,26.785431772943525,227.62828936652534,-208.73095404912556,238,260,51,248,266,63,6.600000262260437,4.200000166893005,7.800000309944153,11.04717202268834,1.6970563422826717,27.079882907410042,5
830,7,5,23,4.968000592231774,0.0012450603583608508,0.000805434934864827,249.30434782608697,85.3913043478261,62.56521739130435,30.263278702031016,121.415448707083,-206.01087112530416,248,84,61,250,87,65,1.8000000715255737,2.4000000953674316,3.0000001192092896,4.2426408557066795,1.6970563422826717,59.93396604157675,5
830,4,6,9,1.9440002317428682,0.0004871975315325069,0.000315170191903628,140.44444444444446,173.88888888888889,63.55555555555556,-35.05266592237683,174.5140015416675,-205.41666820314197,140,173,63,141,175,64,1.2000000476837158,1.8000000715255737,1.2000000476837158,2.4738634736730947,1.2000000476837158,5.909314915892731,5
830,9,7,8,1.7280002059936606,0.00043306447247333946,0.0002801512816921138,252.25,88.75,69.25,32.03067007660866,123.43066617846489,-202.00000140070915,252,88,68,253,89,71,1.2000000476837158,1.2000000476837158,2.4000000953674316,2.9393878081405864,1.2000000476837158,2.2449945212724285,7
830,8,8,3,0.6480000772476227,0.00016239917717750227,0.00010505673063454266,251.66666666666666,87.0,66.33333333333333,31.680670062700898,122.38066613674164,-203.75000147024792,251,87,66,252,87,67,1.2000000476837158,0.6000000238418579,1.2000000476837158,1.8000000715255737,1.2000000476837158,0.8485281711413358,7
830,3,9,1,0.21600002574920757,5.413305905916743e-05,3.501891021151422e-05,138.0,192.0,179.0,-36.51933264732361,185.38066864013672,-136.14999878406525,138,192,179,138,192,179,0.6000000238418579,0.6000000238418579,0.6000000238418579,1.0392305258366357,1.2000000476837158,2.6153394700486534,1
831,1,1,21409,4624.344551264785,1.0,0.5030073774728632,111.15138493157083,191.2081834742398,146.87911625951702,-41.12752576600198,180.4065552683022,-156.92252979417657,63,109,16,166,271,187,62.40000247955322,97.80000388622284,103.20000410079956,155.2702222449575,6.000000238418579,inf,-1
831,6,2,20215,4366.440520520231,0.94422906254379,0.4749541844838119,211.9073460301756,192.98461538461538,98.2675735839723,19.3260532953702,181.472414456881,-186.0894565584929,128,123,45,255,236,171,76.80000305175781,68.4000027179718,76.20000302791595,127.99703630171662,6.000000238418579,32.67659842850755,1
831,7,3,615,132.84001583576264,0.0287262366294549,0.014449508951647008,192.29593495934958,263.99837398373984,97.23414634146341,7.559206185302102,224.08067130945562,-186.70951292863705,176,258,94,207,269,100,19.200000762939453,7.200000286102295,4.200000166893005,20.93131708275067,3.3941126845653433,25.554648342306674,6
831,8,4,167,36.07200430011766,0.007800457751412956,0.003923687796626099,225.8323353293413,249.00598802395209,110.23353293413173,27.68104720686722,215.08523937613663,-178.90988066310655,219,241,108,234,254,113,9.600000381469727,8.40000033378601,3.6000001430511475,13.25443374730857,2.6832816796237777,5.264978841646728,6
831,4,5,104,22.464002677917588,0.004857770096688308,0.002443494196701283,103.75,201.02884615384616,161.68269230769232,-45.56835690140724,186.29895311020888,-148.04038381232664,102,195,159,105,206,165,2.4000000953674316,7.200000286102295,4.200000166893005,8.674099721558317,2.4000000953674316,1.0392305258366357,1
831,5,6,26,5.616000669479397,0.001214442524172077,0.0006108735491753207,115.84615384615384,180.53846153846155,38.76923076923077,-38.31066430532016,174.00472185244928,-221.78846366588886,114,178,38,118,182,40,3.0000001192092896,3.0000001192092896,1.8000000715255737,4.60868763185395,1.6970563422826717,15.34405483277124,6
831,3,7,25,5.4000006437301895,0.001167733196319305,0.0005873784126685776,80.8,250.28,16.2,-59.33835744857788,215.8496465921402,-235.33000266551971,80,248,15,82,253,17,1.8000000715255737,3.6000001430511475,1.8000000715255737,4.40908171221088,1.6970563422826717,2.163330851241435,1
831,2,8,1,0.21600002574920757,4.6709327852772196e-05,2.3495136506743105e-05,79.0,254.0,16.0,-60.418357491493225,218.0816466808319,-235.4500026702881,79,254,16,79,254,16,0.6000000238418579,0.6000000238418579,0.6000000238418579,1.0392305258366357,1.2000000476837158,0.8485281711413358,3
832,1,1,23605,5098.680607810044,1.0,0.5650373420145538,106.42304596483795,155.85138741791994,163.3294640965897,-41.970388633774085,166.18661741653858,141.94768311497114,44,86,68,178,240,209,81.00000321865082,93.00000369548798,85.20000338554382,149.8967704311167,5.878775616281173,inf,-1
832,2,2,17937,3874.392461863536,0.759881381063334,0.42936135580237456,202.48274516362827,183.48798572782516,103.83330545799186,15.665433175741796,182.76857706138958,106.24998651331347,107,105,62,247,241,177,84.60000336170197,82.20000326633453,69.60000276565552,136.96043768462718,5.499091052461245,20.007999195686104,1
832,3,3,233,50.32800599956536,0.009870790086846007,0.0055773649942550746,190.42060085836908,228.137339055794,165.93991416309012,8.428146305002358,209.5581901226944,143.51395321710936,181,223,162,200,232,169,12.000000476837158,6.000000238418579,4.800000190734863,14.249211070658255,2.6832816796237777,15.202631955282206,2
832,4,4,1,0.21600002574920757,4.236390595212879e-05,2.3937188816545384e-05,215.0,203.0,176.0,23.17578637599945,194.47578608989716,149.55000495910645,215,203,176,215,203,176,0.6000000238418579,0.6000000238418579,0.6000000238418579,1.0392305258366357,1.2000000476837158,0.8485281711413358,2
833,1,1,18527,4001.8324770555687,1.0,0.5516122309226784,97.58039617855023,111.54882064014681,104.30782101797377,-69.79258027887192,148.08847473111922,89.03469586061595,35,47,28,154,192,137,72.00000286102295,87.60000348091125,66.00000262260437,131.2012247199955,5.878775616281173,inf,-1
833,3,2,14120,3049.920363578811,0.7621309440276353,0.4204007502902909,184.43994334277622,139.05014164305948,47.08279036827196,-17.676849909443348,164.5892679885494,54.699676106443825,108,77,1,228,180,115,72.60000288486481,62.40000247955322,69.00000274181366,118.00644519135774,6.000000238418579,18.522419584534553,1
833,2,3,508,109.72801308059745,0.02741944189561181,0.015124899514693186,45.818897637795274,166.04330708661416,9.348425196850394,-100.84948063741518,180.78516789824943,32.059056103933514,43,152,3,50,180,21,4.800000190734863,17.40000069141388,11.4000004529953,21.348537097903247,2.9393878081405864,14.058449975264567,1
833,4,4,336,72.57600865173374,0.018135693852215685,0.0100038705451514,173.8095238095238,190.16666666666666,98.99107142857143,-24.055101882843758,195.25918422142664,85.84464598021337,164,184,89,183,196,106,12.000000476837158,7.800000309944153,10.800000429153442,17.92986406944948,2.6832816796237777,10.200000405311584,3
833,6,5,95,20.52000244617472,0.005127651535596697,0.0028284753029445917,177.41052631578947,167.6421052631579,125.07368421052631,-21.894500293229754,181.744446842294,101.49421427124425,175,166,120,180,170,130,3.6000001430511475,3.0000001192092896,6.600000262260437,8.094442859583474,2.4000000953674316,7.022820225493567,3
833,5,6,1,0.21600002574920757,5.397527932207049e-05,2.977342424152202e-05,170.0,168.0,114.0,-26.340816259384155,181.95918369293213,94.85000348091125,170,168,114,170,168,114,0.6000000238418579,0.6000000238418579,0.6000000238418579,1.0392305258366357,1.2000000476837158,2.8142495677222836,3
834,3,1,21215,4582.4405462694385,1.0,0.5386842038442983,121.37991986801791,151.53829837379212,133.0421871317464,-68.47575612276646,188.61927169972984,-168.22468760073707,66,88,45,181,250,178,69.60000276565552,97.80000388622284,80.40000319480896,144.4754707860464,6.1188236594515395,inf,-1
834,5,2,17504,3780.8644507141294,0.8250765967475843,0.4444557296295356,208.05912934186472,200.86283135283364,85.95549588665448,-16.468228371864967,218.21399266314327,-196.4767034704264,148,110,30,235,269,169,52.800002098083496,96.00000381469727,84.00000333786011,138.05738486129607,5.230678940097307,27.00666691697304,3
834,1,3,259,55.94400666904476,0.012208343153429177,0.006576441611862986,65.68725868725869,171.007722007722,50.62934362934363,-101.8913541590385,200.300926344275,-217.67239566705402,64,159,44,67,181,57,2.4000000953674316,13.800000548362732,8.40000033378601,16.332789755586166,2.4000000953674316,4.368066107139657,3
834,7,4,200,43.200005149841516,0.009427292010370021,0.005078333291013889,171.09,176.12,24.94,-38.64970685839653,203.36829326152804,-233.0860024571419,164,169,23,180,182,27,10.200000405311584,8.40000033378601,3.0000001192092896,13.549908287188416,2.6832816796237777,2.4738634736730947,5
834,4,5,96,20.736002471923925,0.0045251001649776095,0.0024375999796866664,90.61458333333333,175.63541666666666,34.958333333333336,-86.93495877707998,203.07754324997464,-227.0750022182862,86,174,32,95,177,38,6.000000238418579,2.4000000953674316,4.200000166893005,7.707139853453287,2.4000000953674316,7.636753540272022,3
834,6,6,96,20.736002471923925,0.0045251001649776095,0.0024375999796866664,163.86458333333334,120.75,45.197916666666664,-42.98495703066388,170.14629194140434,-220.93125197415551,158,119,43,173,122,48,9.600000381469727,2.4000000953674316,3.6000001430511475,10.529957683293455,2.4000000953674316,0.8485281711413358,5
834,2,7,13,2.8080003347396985,0.0006127739806740513,0.0003300916639159028,66.53846153846153,155.69230769230768,60.53846153846154,-101.38063242802254,191.11167738987848,-211.72692468533148,66,154,59,67,158,62,1.2000000476837158,3.0000001192092896,2.4000000953674316,4.024922519435666,1.2000000476837158,1.3416408398118889,1
835,5,1,14263,3080.8083672609478,1.0,0.4926600117439812,198.3457898057912,180.8446329664166,97.01156839374606,-6.822599512593129,191.176705966522,112.15694411212311,144,100,56,230,227,152,52.20000207424164,76.80000305175781,58.20000231266022,109.59160987272016,5.878775616281173,inf,-1
835,1,2,7278,1572.0481874027328,0.5102713314169529,0.25139028012849296,86.86067600989283,168.02926628194558,158.36617202528168,-73.7136704481444,183.48748565029723,148.96970775385222,46,138,108,138,213,182,55.800002217292786,45.6000018119812,45.00000178813934,84.95881692699771,5.499091052461245,34.71195897321901,5
835,4,3,5191,1121.2561336641365,0.36394867839865386,0.17930296017408726,114.46753997303024,94.47524561741476,148.0362165286072,-57.14955141206303,139.35507149791425,142.77173420956223,73,77,113,134,127,171,37.20000147819519,30.600001215934753,35.40000140666962,59.777590148693214,5.3665633592475555,6.708204199059444,1
835,2,4,671,144.9360172777183,0.047044801233962,0.02317709232841698,70.3859910581222,175.97615499254843,153.00894187779434,-83.59848181199388,188.25561906612754,145.7553695376335,60,166,139,79,181,166,12.000000476837158,9.600000381469727,16.80000066757202,22.768400057947225,2.9393878081405864,3.6986485487524687,1
835,3,5,558,120.52801436805782,0.0391222043048447,0.019273945632275222,68.98924731182795,199.17383512544802,53.19892473118279,-84.43652809307139,202.17422769894307,85.86935687001034,62,187,43,84,211,70,13.800000548362732,15.000000596046448,16.80000066757202,26.413633893249635,2.9393878081405864,23.090258603397032,1
835,8,6,469,101.30401207637836,0.032882282829699225,0.01619978584504853,171.5778251599147,222.4051172707889,67.65245202558636,-22.88337893831705,216.11299754002454,94.54147359125142,160,219,62,179,226,76,12.000000476837158,4.800000190734863,9.000000357627869,15.74928632390841,3.3941126845653433,2.5455845134240076,5
835,6,7,288,62.20800741577178,0.02019210544766178,0.00994784290698076,154.69791666666666,134.52083333333334,169.76388888888889,-33.01132443671426,163.3824250822266,155.8083381437593,144,132,167,161,137,172,10.800000429153442,3.6000001430511475,3.6000001430511475,11.939849719726421,3.3941126845653433,3.8418746951220877,1
835,9,8,226,48.816005819320914,0.01584519385823459,0.007806293392283514,170.1637168141593,142.1637168141593,60.2787610619469,-23.731843979485262,167.96815535294272,90.11725883726525,161,140,57,178,146,63,10.800000429153442,4.200000166893005,4.200000166893005,12.32558364027915,2.6832816796237777,2.7495455262306225,5
835,7,9,7,1.512000180244453,0.0004907803407417794,0.00024178784843356012,148.85714285714286,136.42857142857142,57.42857142857143,-36.51578886168343,164.52706798485346,88.40714498928615,148,136,57,150,137,58,1.8000000715255737,1.2000000476837158,1.2000000476837158,2.4738634736730947,1.2000000476837158,3.8418746951220877,5
836,2,1,13397,2893.752344962134,1.0,0.5304902193711887,95.99761140553855,123.57983130551617,142.9671568261551,-64.74225118041545,145.30708141718247,569.230309711327,50,47,55,140,191,180,54.60000216960907,87.0000034570694,75.6000030040741,127.53635282799729,4.947726947346189,inf,-1
836,10,2,11590,2503.4402984333155,0.8651190565051876,0.4589371980676328,191.85125107851596,129.26997411561692,97.67264883520276,-7.230065091300162,148.7211672389065,542.0536038368504,128,52,53,223,177,166,57.60000228881836,75.6000030040741,68.4000027179718,117.09688761750435,5.091169026848015,25.19285713133458,2
836,9,3,91,19.65600234317789,0.006792565499738747,0.003603389562049576,92.1978021978022,129.1978021978022,18.24175824175824,-67.02213679565178,148.67786408649695,494.3950675870036,86,122,16,99,138,21,8.40000033378601,10.200000405311584,3.6000001430511475,13.695255196816518,1.6970563422826717,36.78151855915202,2
836,1,4,77,16.632001982688983,0.005747555422855863,0.003049021937118872,44.74025974025974,129.46753246753246,107.15584415584415,-95.49666340165324,148.839702254766,547.7435212553321,42,126,104,47,132,110,3.6000001430511475,4.200000166893005,4.200000166893005,6.945502417663594,2.0784610516732713,3.3941126845653433,2
836,8,5,50,10.800001287460379,0.003732178846010301,0.001979884374752514,85.86,141.62,153.4,-70.82481826543808,156.13118306398394,575.4900158643723,82,140,149,89,143,156,4.800000190734863,2.4000000953674316,4.800000190734863,7.200000286102295,1.6970563422826717,1.6970563422826717,2
836,5,6,29,6.264000746727019,0.0021646637306859742,0.0011483329373564582,62.172413793103445,64.6896551724138,81.41379310344827,-85.03737055433209,109.97297433326985,532.2982900101563,59,62,80,65,67,83,4.200000166893005,3.6000001430511475,2.4000000953674316,6.029925612280241,1.6970563422826717,18.258149591157178,2
836,3,7,13,2.8080003347396985,0.0009703664999626782,0.0005147699374356537,56.69230769230769,70.46153846153847,79.92307692307692,-88.32543434546544,113.43610444435707,531.403860266392,56,70,78,58,71,82,1.8000000715255737,1.2000000476837158,3.0000001192092896,3.6986485487524687,1.2000000476837158,2.2449945212724285,5
836,7,8,4,0.8640001029968303,0.00029857430768082403,0.00015839074998020113,69.0,58.75,87.0,-80.9408186674118,106.40918108820915,535.6500142812729,69,58,86,69,59,88,0.6000000238418579,1.2000000476837158,1.8000000715255737,2.2449945212724285,1.2000000476837158,4.2426408557066795,5
836,6,9,2,0.43200005149841514,0.00014928715384041202,7.919537499010057e-05,61.0,171.0,93.5,-85.74081885814667,173.7591837644577,539.550014436245,61,171,93,61,171,94,0.6000000238418579,0.6000000238418579,1.2000000476837158,1.4696939040702932,1.2000000476837158,0.8485281711413358,2
836,4,10,1,0.21600002574920757,7.464357692020601e-05,3.959768749505028e-05,58.0,69.0,82.0,-87.54081892967224,112.5591813325882,532.6500141620636,58,69,82,58,69,82,0.6000000238418579,0.6000000238418579,0.6000000238418579,1.0392305258366357,1.2000000476837158,0.8485281711413358,3
837,4,1,21785,4705.5605609464865,1.0,0.5520081084505257,188.32779435391325,181.55432637135644,104.2007803534542,-20.34413921006754,190.09177983890632,98.47047145935218,122,115,47,224,251,190,61.800002455711365,82.20000326633453,86.40000343322754,134.31694395634926,6.000000238418579,inf,-1
837,1,2,17435,3765.960448937434,0.8003213220105578,0.44178385911567214,107.23900200745626,158.75864640091768,143.19948379696012,-68.99741655124919,176.41437131315172,121.86969445525727,57,95,48,166,248,185,66.00000262260437,92.40000367164612,82.80000329017639,140.53327566650262,5.628499135444567,30.01199879352916,4
837,3,3,165,35.64000424861925,0.007574018820289191,0.004180919802356518,127.0909090909091,98.2969696969697,90.5878787878788,-57.086271827871144,140.1373638492642,90.30273019545007,115,94,87,138,101,94,14.40000057220459,4.800000190734863,4.800000190734863,15.919799626301895,2.4000000953674316,11.030866224837366,1
837,5,4,78,16.84800200843819,0.0035804452605003446,0.001976434815659445,190.07692307692307,176.1153846153846,154.9102564102564,-19.294661934559173,186.82841465564874,128.89615830244162,188,170,153,192,185,156,3.0000001192092896,9.600000381469727,2.4000000953674316,10.340213174651591,1.6970563422826717,4.368066107139657,4
837,2,5,2,0.43200005149841514,9.180628873077806e-05,5.067781578613962e-05,102.0,147.5,165.0,-72.1408178806305,169.65918320417404,134.950004696846,102,147,165,102,148,165,0.6000000238418579,1.2000000476837158,0.6000000238418579,1.4696939040702932,1.2000000476837158,2.9393878081405864,1
838,1,1,16121,3482.136415102975,1.0,0.5284707425012293,98.60684821040878,103.00434216239687,139.84790025432665,-57.17670903528426,142.961787440753,128.8587442497692,50,52,61,144,178,190,57.0000022649765,76.20000302791595,78.00000309944153,123.04243659475625,5.230678940097307,inf,-1
838,3,2,12037,2599.9923099432117,0.7466658395881149,0.3945910506474348,183.80742709977568,131.36246573066379,93.54772783916258,-6.056359670324028,159.97666225782353,101.07863969678863,106,84,34,212,164,170,64.2000025510788,48.60000193119049,82.20000326633453,115.06711542511027,5.628499135444567,23.56098563551565,1
838,5,3,530,114.48001364708001,0.03287637243347187,0.017374200950663825,184.64528301886793,141.59056603773584,36.637735849056604,-5.553646098892642,166.11352268592367,66.93264314588511,170,136,29,200,148,44,18.600000739097595,7.800000309944153,9.600000381469727,22.337413450392567,2.6832816796237777,10.374970291738613,3
838,2,4,517,111.67201331234031,0.03206997084548105,0.016948041304704144,73.27466150870406,78.37911025145068,82.90328820116054,-72.3760216602735,128.18664770707403,94.69197566020419,60,65,77,86,95,88,16.200000643730164,18.600000739097595,7.200000286102295,25.695136747469586,2.6832816796237777,1.3416408398118889,1
838,9,5,448,96.76801153564499,0.027789839339991313,0.014686117029995081,204.19642857142858,155.17410714285714,69.26785714285714,6.177041698779391,174.2636476728533,86.51071670012814,199,153,56,209,158,83,6.600000262260437,3.6000001430511475,16.80000066757202,18.405434711579797,2.9393878081405864,1.3416408398118889,3
838,8,6,415,89.64001068592114,0.025742819924322313,0.01360432715948205,186.70361445783132,128.84337349397592,165.20240963855423,-4.31864718644016,158.46520685575095,144.07145048480436,184,114,162,190,144,167,4.200000166893005,18.600000739097595,3.6000001430511475,19.405154725647012,2.6832816796237777,1.0392305258366357,3
838,6,7,342,73.87200880622899,0.021214564853296942,0.011211276839862316,185.68713450292398,158.97368421052633,60.134502923976605,-4.928535183619331,176.5433940040438,81.03070395104369,174,156,52,196,162,64,13.800000548362732,4.200000166893005,7.800000309944153,16.398781094088726,2.6832816796237777,3.231099012673037,9
838,7,8,93,20.088002394676305,0.005768872898703555,0.003048680544173086,180.98924731182797,166.8279569892473,72.56989247311827,-7.747267610283302,181.25595785853682,88.49193797701147,179,165,68,183,169,76,3.0000001192092896,3.0000001192092896,5.400000214576721,6.867314158238295,2.0784610516732713,4.2426408557066795,6
838,4,9,2,0.43200005149841514,0.00012406178276781838,6.556302245533518e-05,120.5,53.0,104.0,-44.04081743955612,112.95918095111847,107.35000324249268,120,53,104,121,53,104,1.2000000476837158,0.6000000238418579,0.6000000238418579,1.4696939040702932,1.2000000476837158,1.8973666714956023,1
839,1,1,17969,3881.3044626875107,1.0,0.624574209245742,100.8733930658356,145.696365963604,148.72385775502255,-55.306039880489536,163.08774492683443,120.18431896180607,58,75,35,154,242,199,58.20000231266022,100.80000400543213,99.00000393390656,152.80340917532666,5.3665633592475555,inf,-1
839,4,2,10589,2287.224272658359,0.5892926707106684,0.3680570038234272,203.44489564642552,189.8810085938238,118.03994711493058,6.2368641133596014,189.5985315584103,101.77397184618945,158,120,63,233,232,170,45.6000018119812,67.80000269412994,64.80000257492065,104.28442292253642,4.947726947346189,33.08715894427488,1
839,2,3,206,44.49600530433676,0.011464188324336358,0.00716023635731665,93.7378640776699,145.31553398058253,180.32038834951456,-59.58735744351323,162.8592457279418,139.14223807182128,86,144,177,102,147,183,10.200000405311584,2.4000000953674316,4.200000166893005,11.288933081917946,2.4000000953674316,2.4000000953674316,1
839,3,4,3,0.6480000772476227,0.00016695419889810228,0.00010427528675703857,108.66666666666667,167.0,171.66666666666666,-50.63007553418477,175.86992585659027,133.95000485579172,108,167,171,109,167,172,1.2000000476837158,0.6000000238418579,1.2000000476837158,1.8000000715255737,1.2000000476837158,0.8485281711413358,1
839,5,5,3,0.6480000772476227,0.00016695419889810228,0.00010427528675703857,182.33333333333334,196.66666666666666,174.0,-6.430073777834565,193.6699265638987,135.35000491142273,182,196,174,183,197,174,1.2000000476837158,1.2000000476837158,0.6000000238418579,1.8000000715255737,1.2000000476837158,3.8418746951220877,4
840,4,1,18754,4050.864482900639,1.0,0.5554765712931699,118.75642529593686,163.8527247520529,118.15228751199744,-62.564501366064064,167.99327938278512,144.8413722724107,71,99,45,170,263,164,60.00000238418579,99.00000393390656,72.00000286102295,136.326818627162,5.230678940097307,inf,-1
840,7,2,12425,2683.800319933904,0.6625253279300416,0.36801729755346246,206.16088531187123,196.63951710261568,68.95742454728371,-10.121823272618727,187.66535557482084,115.32445332068554,132,126,20,243,229,136,67.20000267028809,62.40000247955322,70.20000278949738,115.48870533511237,4.947726947346189,18.869022982007245,4
840,8,3,1587,342.79204086399244,0.08462194731790551,0.04700550915230141,195.294265910523,229.53749212350345,139.91934467548833,-16.64179517250807,207.40414137170234,157.90160708947232,180,205,123,205,246,148,15.600000619888306,25.200001001358032,15.600000619888306,33.49268709956662,3.3941126845653433,1.0392305258366357,7
840,5,4,588,127.00801514053406,0.0313533112935907,0.017416029856051184,93.72789115646259,185.2874149659864,143.28231292517006,-77.5816224464754,180.85409402218806,159.91938811946076,83,179,133,105,190,153,13.800000548362732,7.200000286102295,12.600000500679016,20.025983917695438,3.3941126845653433,1.0392305258366357,4
840,12,5,244,52.704006282806645,0.013010557747680495,0.007227060008293347,254.31967213114754,130.5860655737705,98.6639344262295,18.773449967142,148.03328308267672,133.1483599563114,249,124,96,258,138,101,6.000000238418579,9.000000357627869,3.6000001430511475,11.4000004529953,2.6832816796237777,44.887862057926725,7
840,13,6,59,12.744001519203247,0.0031459955209555295,0.0017475268052840472,255.15254237288136,100.69491525423729,52.59322033898305,19.273172132039463,130.09859217829623,105.5059304055521,253,98,50,257,103,55,3.0000001192092896,3.6000001430511475,3.6000001430511475,5.909314915892731,2.0784610516732713,28.548906542520342,12
840,1,7,52,11.232001338958794,0.0027727418150794497,0.0015401931165215331,62.23076923076923,155.23076923076923,62.76923076923077,-96.47989635284131,162.82010586445148,111.61153690631573,60,152,62,64,159,64,3.0000001192092896,4.800000190734863,1.8000000715255737,5.939697197989351,1.6970563422826717,11.833850224224552,4
840,10,8,26,5.616000669479397,0.0013863709075397248,0.0007700965582607666,218.34615384615384,246.03846153846155,66.46153846153847,-2.8106618615297236,217.30472341409097,113.82692160973183,216,244,64,221,248,68,3.6000001430511475,3.0000001192092896,3.0000001192092896,5.564171318397717,1.6970563422826717,16.12203525168538,7
840,9,9,22,4.752000566482566,0.0011730830756105364,0.000651620164682187,204.5,255.0,52.5,-11.118354499340057,222.68164670467377,105.44999819993973,203,254,51,206,256,54,2.4000000953674316,1.8000000715255737,2.4000000953674316,3.8418746951220877,1.6970563422826717,9.618732107342897,10
840,3,10,2,0.43200005149841514,0.00010664391596459421,5.9238196789289736e-05,70.0,136.0,80.5,-91.81835770606995,151.28164386749268,122.24999886751175,70,136,80,70,136,81,0.6000000238418579,0.6000000238418579,1.2000000476837158,1.4696939040702932,1.2000000476837158,0.8485281711413358,4
840,2,11,1,0.21600002574920757,5.332195798229711e-05,2.9619098394644868e-05,67.0,141.0,71.0,-93.61835777759552,154.28164398670197,116.5499986410141,67,141,71,67,141,71,0.6000000238418579,0.6000000238418579,0.6000000238418579,1.0392305258366357,1.2000000476837158,4.6861499917548555,4
840,6,12,1,0.21600002574920757,5.332195798229711e-05,2.9619098394644868e-05,128.0,207.0,20.0,-57.01835632324219,193.8816455602646,85.94999742507935,128,207,20,128,207,20,0.6000000238418579,0.6000000238418579,0.6000000238418579,1.0392305258366357,1.2000000476837158,2.4000000953674316,7
840,11,13,1,0.21600002574920757,5.332195798229711e-05,2.9619098394644868e-05,225.0,241.0,68.0,1.1816459894180298,214.28164637088776,114.74999856948853,225,241,68,225,241,68,0.6000000238418579,0.6000000238418579,0.6000000238418579,1.0392305258366357,1.2000000476837158,3.3941126845653433,10
841,1,1,11891,2568.456306183827,1.0,0.49614052655734964,109.26423345387268,162.15919603061138,158.193003111597,-52.78227763511407,170.95470117204334,-1076.1342431895516,67,103,68,166,234,192,60.00000238418579,79.20000314712524,75.00000298023224,124.48952257777276,4.489989042544857,inf,-1
841,4,2,11285,2437.5602905798073,0.9490370868724245,0.47085576000333784,192.6862206468764,163.00398759415154,92.31803278688524,-2.7290833303766675,171.46157613030883,-1115.6592269549603,143,100,55,221,197,164,47.400001883506775,58.800002336502075,66.00000262260437,100.30055233902193,5.230678940097307,31.946832098190928,1
841,2,3,282,60.912007261276536,0.023715415019762848,0.011766178495431217,83.90780141843972,212.17730496453902,123.9290780141844,-67.99613746091829,200.96556772492457,-1096.692599064915,76,210,116,91,215,131,9.600000381469727,3.6000001430511475,9.600000381469727,14.045640450987134,3.3941126845653433,1.8000000715255737,1
841,6,4,276,59.61600710678129,0.02321083172147002,0.01151583427212417,188.46376811594203,92.26086956521739,83.30434782608695,-5.2625549496084005,129.015703626301,-1121.0674381463425,184,90,75,194,94,91,6.600000262260437,3.0000001192092896,10.200000405311584,12.513992666029898,2.9393878081405864,16.91744728808495,4
841,3,5,218,47.08800561332725,0.01833319317130603,0.00909584011348938,123.26146788990826,107.4862385321101,167.2981651376147,-44.38393663977264,138.1509253694377,-1070.6711457568572,120,98,157,126,117,174,4.200000166893005,12.000000476837158,10.800000429153442,16.68172719222167,2.4000000953674316,1.0392305258366357,1
841,5,6,15,3.2400003862381137,0.0012614582457320664,0.0006258605582676179,170.66666666666666,222.6,148.0,-15.940816243489593,207.21918499469757,-1082.25004529953,169,222,147,172,223,149,2.4000000953674316,1.2000000476837158,1.8000000715255737,3.231099012673037,1.2000000476837158,19.469977661172912,4
842,1,1,15807,3414.312407017724,1.0,0.4994470599387027,114.8329853862213,141.0639590055039,144.3115075599418,-49.4254013429355,156.31318345402923,-167.46309507513828,73,79,38,162,241,197,54.00000214576721,97.80000388622284,96.00000381469727,147.29847835028696,4.947726947346189,inf,-1
842,8,2,14188,3064.608365329757,0.8975770228379831,0.4482922051249645,207.51733859599662,171.84000563856782,106.13455032421764,6.185212792696873,174.7788121676257,-190.36927032678236,123,121,46,252,231,182,78.00000309944153,66.60000264644623,82.20000326633453,131.43972524699274,4.800000190734863,27.05328183722998,1
842,2,3,905,195.48002330303285,0.05725311570823053,0.028594900312806096,95.8220994475138,135.1524861878453,59.15911602209945,-60.83193335941483,152.76629962249356,-218.5545320280349,80,121,54,114,151,63,21.000000834465027,18.600000739097595,6.000000238418579,28.687280550846676,3.3941126845653433,4.368066107139657,1
842,12,4,212,45.792005458832,0.0134117795913203,0.00669847388543082,208.56603773584905,211.24528301886792,156.42924528301887,6.814432301611262,198.42197953530078,-160.19245215238266,199,206,153,216,217,159,10.800000429153442,7.200000286102295,4.200000166893005,13.642580943189925,2.6832816796237777,7.249827872239009,8
842,11,5,150,32.40000386238113,0.00948946669197191,0.0047394862396916175,184.38,127.74666666666667,59.1,-7.697190916538247,148.32280773321787,-218.590001642704,180,126,57,188,130,62,5.400000214576721,3.0000001192092896,3.6000001430511475,7.149825456796317,2.9393878081405864,4.0693981515785085,8
842,10,6,146,31.536003759384304,0.00923641424685266,0.004613099939966508,164.28082191780823,127.8013698630137,56.054794520547944,-19.75669824505505,148.35562965233032,-220.4171250029786,158,126,54,169,130,58,7.200000286102295,3.0000001192092896,3.0000001192092896,8.357033298389126,2.6832816796237777,6.517668553708998,8
842,9,7,121,26.136003115654116,0.007654836464857342,0.003823185566684572,125.79338842975207,79.52066115702479,96.75206611570248,-42.849159255500666,119.38720327763518,-195.9987610755873,124,77,92,128,82,101,3.0000001192092896,3.6000001430511475,6.000000238418579,7.613146826788975,2.6832816796237777,1.9899749532877369,1
842,13,8,60,12.960001544952455,0.0037957866767887646,0.0018957944958766472,243.85,118.16666666666667,106.86666666666666,27.98481050133705,142.5748075048129,-189.93000050385794,242,116,103,246,121,111,3.0000001192092896,3.6000001430511475,5.400000214576721,7.149825456796317,1.6970563422826717,23.857075370480214,8
842,7,9,37,7.99200095272068,0.0023407351173530713,0.0011690732724572658,116.43243243243244,92.21621621621621,79.13513513513513,-48.46573307707503,127.00453661583565,-206.5689200839481,113,91,78,120,93,81,4.800000190734863,1.8000000715255737,2.4000000953674316,5.6603889041576,1.2000000476837158,3.6986485487524687,1
842,3,10,18,3.8880004634857364,0.0011387360030366293,0.0005687383487629941,88.22222222222223,211.22222222222223,126.11111111111111,-65.39185987578497,198.40814305676355,-178.38333337836795,87,210,124,89,212,128,1.8000000715255737,1.8000000715255737,3.0000001192092896,3.934463270922718,1.2000000476837158,2.7495455262306225,1
842,6,11,3,0.6480000772476227,0.0001897893338394382,9.478972479383235e-05,101.66666666666667,223.66666666666666,38.0,-57.325192888577774,205.87481002012888,-231.2500021457672,101,223,38,102,224,38,1.2000000476837158,1.2000000476837158,0.6000000238418579,1.8000000715255737,1.2000000476837158,1.6970563422826717,1
842,4,12,1,0.21600002574920757,6.326311127981274e-05,3.159657493127745e-05,92.0,179.0,157.0,-63.12519311904907,179.07480895519257,-159.84999930858612,92,179,157,92,179,157,0.6000000238418579,0.6000000238418579,0.6000000238418579,1.0392305258366357,1.2000000476837158,4.874423236473746,1
842,5,13,1,0.21600002574920757,6.326311127981274e-05,3.159657493127745e-05,100.0,225.0,38.0,-58.32519292831421,206.67481005191803,-231.2500021457672,100,225,38,100,225,38,0.6000000238418579,0.6000000238418579,0.6000000238418579,1.0392305258366357,1.2000000476837158,0.8485281711413358,1
843,5,1,13664,2951.4243518371723,1.0,0.47742837176799446,192.2835919203747,180.73587529274005,78.47716627634661,4.543987861622895,185.1153576097231,-201.4637014149084,101,119,43,227,219,133,76.20000302791595,60.60000240802765,54.60000216960907,111.62419536206598,5.878775616281173,inf,-1
843,2,2,13493,2914.4883474340577,0.9874853629976581,0.4714535290006988,120.82857778107167,176.165493218706,142.3562588008597,-38.32902232557922,182.37312825633626,-163.1362443772043,68,96,64,167,245,170,60.00000238418579,90.00000357627869,64.2000025510788,125.78410574230355,5.499091052461245,28.26375883505413,5
843,11,3,528,114.0480135955816,0.03864168618266979,0.018448637316561847,143.9318181818182,93.17424242424242,86.17424242424242,-24.467077534307137,132.5783758009925,-196.84545554265833,135,87,80,150,100,96,9.600000381469727,8.40000033378601,10.200000405311584,16.332789755586166,3.7947333429912047,14.758049237930777,5
843,1,4,455,98.28001171588944,0.033299180327868855,0.01589797344514326,68.07032967032967,126.56483516483516,117.43736263736264,-69.98397244987908,152.6127322414419,-178.08758266941533,59,116,114,77,139,122,11.4000004529953,14.40000057220459,5.400000214576721,19.143668120953574,2.6832816796237777,11.587925209959538,2
843,7,5,252,54.432006488800305,0.018442622950819672,0.00880503144654088,125.79761904761905,97.82142857142857,90.12698412698413,-35.34759744717961,135.36668760010173,-194.4738104267726,115,96,84,140,99,93,15.600000619888306,2.4000000953674316,6.000000238418579,16.8854974063337,2.4000000953674316,2.4000000953674316,11
843,4,6,120,25.92000308990491,0.008782201405152226,0.0041928721174004195,86.24166666666666,128.61666666666667,144.35,-59.08116981883844,153.8438311914603,-161.93999961018562,79,123,141,92,134,146,8.40000033378601,7.200000286102295,3.6000001430511475,11.634432120109967,2.0784610516732713,9.256349540139176,2
843,10,7,39,8.424001004219095,0.0028542154566744728,0.0013626834381551363,136.84615384615384,156.0,46.0,-28.718476304641143,170.27383184432983,-220.95000195503235,134,154,44,141,158,48,4.800000190734863,3.0000001192092896,3.0000001192092896,6.406247205780169,1.6970563422826717,5.909314915892731,5
843,12,8,18,3.8880004634857364,0.0013173302107728337,0.000628930817610063,137.22222222222223,248.27777777777777,76.27777777777777,-28.492835270033936,225.64050071107016,-202.7833345664872,136,247,75,138,249,78,1.8000000715255737,1.8000000715255737,2.4000000953674316,3.498571275927907,1.6970563422826717,21.40747618055017,2
843,18,9,14,3.024000360488906,0.0010245901639344263,0.0004891684136967156,203.85714285714286,230.07142857142858,72.21428571428571,11.488118699618752,214.71669075318746,-205.22142990146364,203,229,71,205,231,74,1.8000000715255737,1.8000000715255737,2.4000000953674316,3.498571275927907,1.6970563422826717,11.634432120109967,5
843,6,10,13,2.8080003347396985,0.0009514051522248243,0.0004542278127183788,108.84615384615384,159.53846153846155,162.46153846153845,-45.518476972213165,172.39690885177026,-151.07307610144983,107,159,162,110,160,163,2.4000000953674316,1.2000000476837158,1.2000000476837158,2.9393878081405864,1.2000000476837158,11.04717202268834,2
843,8,11,11,2.376000283241283,0.0008050351288056206,0.00038434661076170514,123.0909090909091,164.8181818181818,43.36363636363637,-36.971623485738576,175.56474114548075,-222.53182019970635,122,164,43,125,166,44,2.4000000953674316,1.8000000715255737,1.2000000476837158,3.231099012673037,1.2000000476837158,6.517668553708998,10
843,9,12,7,1.512000180244453,0.0005122950819672131,0.0002445842068483578,131.28571428571428,137.57142857142858,154.57142857142858,-32.05474017347609,159.2166885478156,-155.80714222363062,131,136,154,132,139,155,1.2000000476837158,2.4000000953674316,1.2000000476837158,2.9393878081405864,1.2000000476837158,1.4696939040702932,2
843,3,13,1,0.21600002574920757,7.318501170960187e-05,3.494060097833683e-05,78.0,135.0,141.0,-64.02617001533508,157.67383134365082,-163.94999969005585,78,135,141,78,135,141,0.6000000238418579,0.6000000238418579,0.6000000238418579,1.0392305258366357,1.2000000476837158,0.8485281711413358,4
843,13,14,1,0.21600002574920757,7.318501170960187e-05,3.494060097833683e-05,139.0,87.0,93.0,-27.42616856098175,128.87383019924164,-192.75000083446503,139,87,93,139,87,93,0.6000000238418579,0.6000000238418579,0.6000000238418579,1.0392305258366357,1.2000000476837158,0.8485281711413358,11
843,14,15,1,0.21600002574920757,7.318501170960187e-05,3.494060097833683e-05,139.0,87.0,95.0,-27.42616856098175,128.87383019924164,-191.5500007867813,139,87,95,139,87,95,0.6000000238418579,0.6000000238418579,0.6000000238418579,1.0392305258366357,1.2000000476837158,1.0392305258366357,11
843,15,16,1,0.21600002574920757,7.318501170960187e-05,3.494060097833683e-05,140.0,91.0,94.0,-26.826168537139893,131.27383029460907,-192.15000081062317,140,91,94,140,91,94,0.6000000238418579,0.6000000238418579,0.6000000238418579,1.0392305258366357,1.2000000476837158,0.8485281711413358,11
843,16,17,1,0.21600002574920757,7.318501170960187e-05,3.494060097833683e-05,141.0,91.0,95.0,-26.226168513298035,131.27383029460907,-191.5500007867813,141,91,95,141,91,95,0.6000000238418579,0.6000000238418579,0.6000000238418579,1.0392305258366357,1.2000000476837158,0.8485281711413358,15
843,17,18,1,0.21600002574920757,7.318501170960187e-05,3.494060097833683e-05,142.0,153.0,48.0,-25.626168489456177,168.47383177280426,-219.75000190734863,142,153,48,142,153,48,0.6000000238418579,0.6000000238418579,0.6000000238418579,1.0392305258366357,1.2000000476837158,0.8485281711413358,10
844,2,1,18485,3992.760475974102,1.0,0.5366370551007374,144.16656748715175,168.4761698674601,154.40632945631594,-61.79790763301013,182.78785437476097,173.59379830336553,90,91,63,207,269,181,70.80000281333923,107.40000426769257,71.40000283718109,147.12362733503647,6.462198025346074,inf,-1
844,7,2,15039,3248.4243872423326,0.8135785772247768,0.43659641177495206,231.2559345701177,217.78515858767204,80.50661613139171,-9.544285306858256,212.37324878250604,129.25396854650452,162,126,34,271,269,140,66.00000262260437,86.40000343322754,64.2000025510788,126.26401414102135,5.499091052461245,37.99947519052905,2
844,4,3,292,63.07200751876861,0.0157965918312145,0.008477036520931312,147.1917808219178,133.78424657534248,167.8904109589041,-59.9827795600238,161.9726995723705,181.68424752640396,139,129,163,152,139,173,8.40000033378601,6.600000262260437,6.600000262260437,12.55707022084693,2.6832816796237777,3.1176915775099068,2
844,3,4,249,53.78400641155268,0.013470381390316472,0.007228705800383208,137.57831325301206,159.14457831325302,42.34538152610442,-65.75086033057018,177.18889921975423,106.35722687349741,127,150,40,148,170,44,13.200000524520874,12.600000500679016,3.0000001192092896,18.49324274376234,2.0784610516732713,19.10602075291381,7
844,1,5,223,48.16800574207329,0.01206383554233162,0.006473901178656448,59.309417040358746,151.6322869955157,89.60538116591928,-112.71219992423806,172.68152425000486,134.71322778415254,56,144,88,63,159,92,4.800000190734863,9.600000381469727,3.0000001192092896,11.144505815446882,2.6832816796237777,33.136084368271426,2
844,11,6,63,13.608001622200076,0.003408168785501758,0.00182894966033792,305.6031746031746,139.0952380952381,120.11111111111111,35.064060485552204,165.15929461093177,153.0166664785809,304,137,118,307,142,122,2.4000000953674316,3.6000001430511475,3.0000001192092896,5.264978841646728,2.4000000953674316,58.00482969021813,7
844,9,7,52,11.232001338958794,0.0028130916959697052,0.0015096092434535215,302.5192307692308,130.07692307692307,119.75,33.21369411165898,159.74830538492935,152.79999980330467,301,128,118,304,134,122,2.4000000953674316,4.200000166893005,3.0000001192092896,5.692100014486806,2.0784610516732713,2.163330851241435,11
844,6,8,27,5.832000695228604,0.001460643765215039,0.0007838355687162515,154.07407407407408,198.07407407407408,36.44444444444444,-55.85340344464338,200.54659760439836,102.81666448381212,150,196,35,156,201,37,4.200000166893005,3.6000001430511475,1.8000000715255737,5.817216060054983,1.6970563422826717,8.072174749003619,7
844,5,9,6,1.2960001544952453,0.00032458750338111976,0.00017418568193694475,144.16666666666666,203.0,37.833333333333336,-61.79784812529883,203.50215327739716,103.64999785025915,143,202,37,145,204,38,1.8000000715255737,1.8000000715255737,1.2000000476837158,2.8142495677222836,1.2000000476837158,3.1176915775099068,6
844,12,10,5,1.080000128746038,0.0002704895861509332,0.00014515473494745398,315.4,41.8,166.0,40.942155957221985,106.78214943408966,180.5500009059906,315,41,166,316,43,166,1.2000000476837158,1.8000000715255737,0.6000000238418579,2.2449945212724285,1.2000000476837158,58.153592053840505,9
844,8,11,4,0.8640001029968303,0.00021639166892074653,0.00011612378795796319,186.75,198.75,35.25,-36.247847110033035,200.95215317606926,102.09999778866768,186,198,35,187,199,36,1.2000000476837158,1.2000000476837158,1.2000000476837158,2.0784610516732713,1.2000000476837158,4.569464045092525,7
844,10,12,1,0.21600002574920757,5.4097917230186634e-05,2.9030946989490797e-05,302.0,35.0,166.0,32.90215563774109,102.70214927196503,180.5500009059906,302,35,166,302,35,166,0.6000000238418579,0.6000000238418579,0.6000000238418579,1.0392305258366357,1.2000000476837158,8.590692979329267,12
845,4,1,19827,4282.632510529538,1.0,0.5738971865230982,123.08321985171736,193.43400413577444,141.88167650174006,-46.465494841936945,158.2449774057907,118.57901004670626,71,118,15,170,274,208,60.00000238418579,94.20000374317169,116.40000462532043,161.31522577887827,6.000000238418579,inf,-1
845,8,2,13845,2990.5203564977787,0.6982902103192616,0.40074678707884676,225.06832791621525,220.26305525460455,111.22007945106537,14.725572428276251,174.3424087167432,100.18205108527201,177,148,42,265,280,183,53.400002121925354,79.8000031709671,85.20000338554382,128.36916027459503,5.091169026848015,20.12461259717833,4
845,7,3,553,119.44801423931179,0.02789125939375599,0.016006715294662497,106.51898734177215,187.69620253164558,37.079566003616634,-56.40403474282615,154.80229630651354,55.69774124915518,93,176,32,114,201,44,13.200000524520874,15.600000619888306,7.800000309944153,21.873272229435536,2.9393878081405864,17.285833035942787,4
845,1,4,226,48.816005819320914,0.011398597871589249,0.006541623248813245,43.017699115044245,98.89823008849558,159.50884955752213,-94.50480919285158,101.5235107235149,129.15531430044007,35,94,152,51,103,168,10.200000405311584,6.000000238418579,10.200000405311584,15.623060500354466,2.4000000953674316,41.400001645088196,4
845,10,5,51,11.016001313209586,0.0025722499621727945,0.0014762070163251127,193.2941176470588,123.01960784313725,145.37254901960785,-4.33895449077383,115.99633795139836,120.67353364065582,191,122,143,196,124,147,3.6000001430511475,1.8000000715255737,3.0000001192092896,5.019960358679748,2.4000000953674316,21.749483616717026,4
845,9,6,39,8.424001004219095,0.0019670146769556664,0.001128864188954498,192.2051282051282,121.23076923076923,226.3846153846154,-4.992348181895721,114.92303474132831,169.28077539113852,189,120,225,196,122,228,4.800000190734863,1.8000000715255737,2.4000000953674316,5.6603889041576,2.0784610516732713,40.89694527618327,4
845,2,7,4,0.8640001029968303,0.00020174509507237608,0.00011578094245687158,61.75,98.25,142.25,-83.26542821526527,101.13457265496254,118.80000415444374,61,98,142,62,99,143,1.2000000476837158,1.2000000476837158,1.2000000476837158,2.0784610516732713,1.2000000476837158,13.682105644867665,1
845,3,8,1,0.21600002574920757,5.043627376809402e-05,2.8945235614217896e-05,63.0,99.0,143.0,-82.51542818546295,101.58457267284393,119.25000417232513,63,99,143,63,99,143,0.6000000238418579,0.6000000238418579,0.6000000238418579,1.0392305258366357,1.2000000476837158,0.8485281711413358,2
845,5,9,1,0.21600002574920757,5.043627376809402e-05,2.8945235614217896e-05,90.0,204.0,33.0,-66.31542754173279,164.584575176239,53.250001549720764,90,204,33,90,204,33,0.6000000238418579,0.6000000238418579,0.6000000238418579,1.0392305258366357,1.2000000476837158,2.5455845134240076,7
845,6,10,1,0.21600002574920757,5.043627376809402e-05,2.8945235614217896e-05,91.0,203.0,33.0,-65.71542751789093,163.98457515239716,53.250001549720764,91,203,33,91,203,33,0.6000000238418579,0.6000000238418579,0.6000000238418579,1.0392305258366357,1.2000000476837158,0.8485281711413358,5
846,5,1,16034,3463.3444128627943,1.0,0.5489403950837071,183.16864163652238,168.69427466633405,103.91898465760259,-6.431818463505849,161.88356100928536,-246.69859452078552,100,109,50,230,235,172,78.60000312328339,76.20000302791595,73.80000293254852,132.0259117949152,4.800000190734863,inf,-1
846,2,2,11969,2585.3043081922656,0.7464762379942622,0.40977096100516963,90.63330269863815,169.77608822792214,150.43470632467208,-61.953024032450784,162.53264917203066,-218.78916041152263,45,98,43,141,240,194,58.20000231266022,85.80000340938568,91.2000036239624,138.08085137069153,4.947726947346189,27.502001020109304,5
846,3,3,930,200.88002394676303,0.05800174628913558,0.031839501523503025,60.5258064516129,177.56774193548387,141.1483870967742,-80.01752249848458,167.2076415823352,-224.36095216966444,45,174,111,77,183,164,19.80000078678131,6.000000238418579,32.40000128746033,38.4421658786936,2.9393878081405864,2.5455845134240076,2
846,4,4,261,56.376006720543174,0.016277909442434825,0.008935602040466978,70.13026819923371,218.18773946360153,114.61302681992338,-74.25484522092388,191.579641067662,-240.28216896842724,67,214,104,73,223,122,4.200000166893005,6.000000238418579,11.4000004529953,13.549908287188416,2.9393878081405864,1.9899749532877369,2
846,1,5,15,3.2400003862381137,0.0009355120369215418,0.0005135403471532746,42.13333333333333,156.66666666666666,80.2,-91.05300680796306,154.6669959227244,-260.92998588085175,41,155,79,43,158,81,1.8000000715255737,2.4000000953674316,1.8000000715255737,3.498571275927907,1.6970563422826717,10.64894403273031,2
847,6,1,21666,4679.856557882331,1.0,0.7051586655817738,133.1482045601403,187.61017262069603,137.69357518692883,-47.90990221441524,177.2672799203927,151.56614534327014,83,107,23,185,273,192,61.800002455711365,100.20000398159027,102.00000405311584,155.76675488778818,6.1188236594515395,inf,-1
847,11,2,8451,1825.4162176065531,0.390058155635558,0.27505288852725795,243.1242456514022,224.1376168500769,115.32422198556384,18.075725062375028,199.18374732890337,138.1445328891242,205,175,43,274,269,172,42.000001668930054,57.0000022649765,78.00000309944153,105.34230338240351,4.947726947346189,32.42776716905563,6
847,10,3,438,94.60801127815292,0.02021600664635835,0.014255492270138325,137.88127853881278,177.3013698630137,174.8972602739726,-45.070057714366484,171.0819980200023,173.88835728250137,124,175,172,151,180,179,16.80000066757202,3.6000001430511475,4.800000190734863,17.839283205651604,2.9393878081405864,2.7495455262306225,6
847,4,4,92,19.872002368927095,0.004246284501061571,0.0029943043124491457,51.98913043478261,75.26086956521739,98.57608695652173,-96.60534862461297,109.85769540848939,128.0956514723923,45,71,97,60,79,101,9.600000381469727,5.400000214576721,3.0000001192092896,11.415779007886552,1.6970563422826717,49.90110417512784,6
847,7,5,28,6.048000720977812,0.001292347456844826,0.0009113100081366965,105.89285714285714,178.25,158.25,-64.26311131460326,171.65117612481117,163.9000007212162,103,177,154,109,179,162,4.200000166893005,1.8000000715255737,5.400000214576721,7.073895954622317,1.2000000476837158,10.783320881857513,6
847,3,6,18,3.8880004634857364,0.0008307947936859597,0.0005858421480878764,46.5,109.33333333333333,134.55555555555554,-99.89882701635361,130.30117448170978,149.68333348962994,43,108,133,49,110,136,4.200000166893005,1.8000000715255737,2.4000000953674316,5.161395365320993,1.2000000476837158,26.75219723456631,4
847,2,7,11,2.376000283241283,0.0005077079294747531,0.0003580146460537022,43.90909090909091,104.45454545454545,128.72727272727272,-101.45337253267115,127.3739016381177,146.18636365370315,43,104,127,45,105,130,1.8000000715255737,1.2000000476837158,2.4000000953674316,3.231099012673037,1.2000000476837158,3.1176915775099068,3
847,8,8,9,1.9440002317428682,0.00041539739684297983,0.0002929210740439382,119.11111111111111,178.55555555555554,170.22222222222223,-56.33215861850314,171.8345094654295,171.08333433998956,118,178,169,120,179,171,1.8000000715255737,1.2000000476837158,1.8000000715255737,2.8142495677222836,1.2000000476837158,2.5455845134240076,10
847,1,9,7,1.512000180244453,0.0003230868642112065,0.00022782750203417413,39.42857142857143,122.14285714285714,120.28571428571429,-104.14168432780674,137.98688907282693,141.12142838750566,38,122,120,41,123,121,2.4000000953674316,1.2000000476837158,1.2000000476837158,2.9393878081405864,1.2000000476837158,11.176762050242898,2
847,5,10,4,0.8640001029968303,0.0001846210652635466,0.00013018714401952808,46.5,106.0,130.5,-99.89882701635361,128.30117440223694,147.25000005960464,46,106,130,47,106,131,1.2000000476837158,0.6000000238418579,1.2000000476837158,1.8000000715255737,1.2000000476837158,0.8485281711413358,2
847,9,11,1,0.21600002574920757,4.615526631588665e-05,3.254678600488202e-05,122.0,178.0,173.0,-54.598825216293335,171.5011761188507,172.7500010728836,122,178,173,122,178,173,0.6000000238418579,0.6000000238418579,0.6000000238418579,1.0392305258366357,1.2000000476837158,1.2000000476837158,10
848,1,1,10418,2250.2882682552445,1.0,0.5758982863460476,107.35438663851028,166.62651180648876,125.19456709541178,-44.415490457365806,174.64778605657887,148.56674019036035,57,114,66,149,264,160,55.800002217292786,90.60000360012054,57.0000022649765,120.71040202898449,5.091169026848015,inf,-1
848,3,2,7622,1646.35219626046,0.7316183528508351,0.42133775566611387,206.0103647336657,196.77210705851482,88.84203621096825,14.778098751869265,192.73514392652152,126.75522079298233,159,152,40,231,245,142,43.80000174045563,56.400002241134644,61.800002455711365,94.43855520278696,4.156922103346543,27.019993671752527,1
848,2,3,46,9.936001184463548,0.004415434824342484,0.002542841348811498,92.84782608695652,121.34782608695652,74.97826086956522,-53.11942713416141,147.48057354533154,118.43695525760236,92,120,72,94,123,78,1.8000000715255737,2.4000000953674316,4.200000166893005,5.161395365320993,2.0784610516732713,4.6861499917548555,1
848,4,4,4,0.8640001029968303,0.0003839508542906508,0.0002211166390270868,247.5,31.0,143.0,39.67188090085983,93.2718757390976,159.25000035762787,246,31,143,249,31,143,2.4000000953674316,0.6000000238418579,0.6000000238418579,2.5455845134240076,1.2000000476837158,90.2317053316015,1
849,2,1,23309,5034.744600188279,1.0,0.5510792727616615,97.85589257368399,121.19391651293492,105.49401518726673,-45.61751681022332,148.8852981097491,-27.753591424224453,61,63,16,147,216,164,52.20000207424164,92.40000367164612,89.40000355243683,138.76224821703764,6.1188236594515395,inf,-1
849,11,2,15140,3270.2403898430025,0.6495345145651894,0.3579450079201834,195.3712681638045,172.63487450462353,94.1505284015852,12.891710868796721,179.74987413121028,-34.55968376608317,146,112,25,226,226,156,48.60000193119049,69.00000274181366,79.20000314712524,115.73936696123172,4.947726947346189,24.955962203363306,2
849,5,3,1644,355.10404233169726,0.07053069629756747,0.038868004823037094,111.64902676399026,170.66666666666666,15.884428223844282,-37.34163596718561,178.5689493815104,-81.51934573873696,95,152,11,126,196,23,19.200000762939453,27.000001072883606,7.800000309944153,34.03645240132585,3.9799499065754738,1.6970563422826717,2
849,10,4,1043,225.2880268564235,0.04474666437856622,0.024658959264250418,138.9338446788111,66.68648130393098,86.61840843720039,-20.970744567772343,116.1808356847882,-39.078955924293794,126,63,78,148,72,99,13.800000548362732,6.000000238418579,13.200000524520874,20.01699357653856,4.947726947346189,7.636753540272022,2
849,7,5,328,70.84800844574008,0.014071817752799348,0.007754687093647302,114.95731707317073,101.39939024390245,36.23780487804878,-35.356661702801546,137.0085818763913,-69.30731926095194,106,91,31,121,112,43,9.600000381469727,13.200000524520874,7.800000309944153,18.089776836840723,2.6832816796237777,5.939697197989351,2
849,13,6,232,50.11200597381615,0.009953236947101977,0.005485022578433457,238.60344827586206,92.69827586206897,81.73275862068965,38.831019966766746,131.7879130398405,-42.0103459306832,234,90,74,245,98,91,7.200000286102295,5.400000214576721,10.800000429153442,14.058449975264567,2.6832816796237777,37.26768184873145,11
849,1,7,181,39.09600466060657,0.00776524089407525,0.004279263304726103,59.41436464088398,139.93370165745856,41.248618784530386,-68.68243448642077,160.12916964325456,-66.30083079759586,56,133,38,62,145,43,4.200000166893005,7.800000309944153,3.6000001430511475,9.562426850282225,2.6832816796237777,8.049845038871332,2
849,9,8,147,31.752003785133514,0.006306576858724098,0.0034754237889211997,121.10884353741497,66.19047619047619,102.9795918367347,-31.665745677591175,115.88323260488964,-29.2622454944922,118,64,100,125,68,108,4.800000190734863,3.0000001192092896,5.400000214576721,7.823043197102973,2.6832816796237777,0.8485281711413358,10
849,12,9,99,21.384002549171548,0.004247286455875413,0.0023405915313142772,186.41414141414143,191.72727272727272,148.55555555555554,7.517434605444322,191.20531351999801,-1.9166661765840445,181,188,146,194,197,150,8.40000033378601,6.000000238418579,3.0000001192092896,10.749884147463352,1.6970563422826717,4.0693981515785085,11
849,4,10,70,15.12000180244453,0.003003131837487666,0.0016549637090100952,64.21428571428571,125.47142857142858,45.22857142857143,-65.8024817279407,151.4518054468291,-63.91285911628178,63,122,43,66,129,48,2.4000000953674316,4.800000190734863,3.6000001430511475,6.462198025346074,2.0784610516732713,2.4738634736730947,2
849,3,11,61,13.176001570701661,0.0026170148869535375,0.001442182660708797,63.622950819672134,178.9344262295082,97.78688524590164,-66.15728267880738,183.52960531633408,-32.3778695727958,62,177,95,66,180,100,3.0000001192092896,2.4000000953674316,3.6000001430511475,5.264978841646728,2.4000000953674316,1.8000000715255737,2
849,8,12,41,8.85600105571751,0.0017589772190999184,0.0009693358867059128,108.60975609756098,137.9512195121951,146.8048780487805,-39.16519843950505,158.93968030883045,-2.9670727223884796,107,136,144,110,140,149,2.4000000953674316,3.0000001192092896,3.6000001430511475,5.264978841646728,1.6970563422826717,2.4738634736730947,2
849,6,13,2,0.43200005149841514,8.580376678536188e-05,4.728467740028843e-05,100.0,130.0,24.5,-44.33105230331421,154.16894841194153,-76.3500024676323,100,130,24,100,130,25,0.6000000238418579,0.6000000238418579,1.2000000476837158,1.4696939040702932,1.2000000476837158,11.939849719726421,7
850,1,1,11316,2444.256291378033,1.0,0.5135932464938957,100.65270413573701,152.64978791092258,120.89766702014846,-37.94138293131032,164.7568685735081,149.98860004275627,37,100,62,143,213,146,64.2000025510788,68.4000027179718,51.00000202655792,106.77640613022142,5.091169026848015,inf,-1
850,13,2,3457,746.7120890150105,0.30549664192294096,0.15690101211818638,178.32860862019092,227.18628868961528,107.46977147816025,8.664161611299903,209.47877081781238,141.93186239741738,145,208,62,205,238,123,36.60000145435333,18.600000739097595,37.20000147819519,55.4018072262162,4.489989042544857,30.274743150713032,1
850,15,3,2150,464.4000553607963,0.1899964651820431,0.09758090137520994,172.85162790697674,178.69302325581396,46.744651162790696,5.377973052789997,180.38281040136204,105.49678876039593,148,158,32,191,204,56,26.400001049041748,28.200001120567322,15.000000596046448,41.43911360623918,3.9799499065754738,12.252347200861797,13
850,5,4,1940,419.0400499534627,0.17143867090844822,0.08804974356646851,81.87835051546392,97.58969072164949,96.57164948453608,-49.20599555108965,131.72080894720924,135.39298894141137,62,91,76,99,105,114,22.8000009059906,9.000000357627869,23.40000092983246,33.888052338053214,3.9799499065754738,1.8000000715255737,1
850,10,5,1129,243.86402907085534,0.0997702368328031,0.05124131983842419,111.0637732506643,129.25509300265722,20.945084145261294,-31.694741214134723,150.7200510707759,90.01704793476868,96,116,16,131,148,26,21.600000858306885,19.80000078678131,6.600000262260437,30.035979619403733,3.6000001430511475,26.993333582703443,15
850,2,6,1011,218.37602603244886,0.08934252386002121,0.04588571687922663,47.15529179030663,194.65281899109792,32.31849653808111,-70.03983161404625,189.95868822304362,96.84109564162385,39,176,18,61,210,57,13.800000548362732,21.000000834465027,24.000000953674316,34.74823874613951,3.3941126845653433,3.231099012673037,1
850,12,7,534,115.34401375007684,0.047189819724284196,0.024236372713656792,122.00749063670412,169.20599250936328,23.50187265917603,-25.128510521592275,174.6905917273032,91.55112110407612,105,165,18,138,174,31,20.40000081062317,6.000000238418579,8.40000033378601,22.863071568405985,2.6832816796237777,6.8934754497677275,15
850,17,8,156,33.69600401687638,0.01378579003181336,0.0070802886579222095,261.7628205128205,229.78846153846155,169.3653846153846,58.724690736104264,211.04007458916078,179.0692317554584,256,224,166,267,235,172,7.200000286102295,7.200000286102295,4.200000166893005,11.014536288089822,2.4000000953674316,50.720412108427354,13
850,19,9,109,23.544002806663624,0.009632378932484977,0.004947124767394364,262.86238532110093,87.11926605504587,167.32110091743118,59.38442964728819,125.43855389761268,177.84266148794683,261,82,165,265,93,170,3.0000001192092896,7.200000286102295,3.6000001430511475,8.590692979329267,2.4000000953674316,78.6206111095408,17
850,9,10,94,20.304002420425512,0.008306822198656768,0.00426632778105569,90.32978723404256,165.4787234042553,17.69148936170213,-44.13513331844452,172.4542301753734,88.06489098706145,86,163,16,94,167,20,5.400000214576721,3.0000001192092896,3.0000001192092896,6.867314158238295,2.6832816796237777,7.048404354760852,12
850,3,11,38,8.208000978469888,0.00335807705903146,0.001724685698724641,55.10526315789474,188.94736842105263,115.23684210526316,-65.2698486039513,186.53541774498788,146.5921049588605,54,187,113,56,191,117,1.8000000715255737,3.0000001192092896,3.0000001192092896,4.60868763185395,2.0784610516732713,2.9393878081405864,1
850,4,12,38,8.208000978469888,0.00335807705903146,0.001724685698724641,57.86842105263158,109.0,83.6842105263158,-63.61195380123038,138.5669947862625,127.66052525921873,56,107,82,61,111,85,3.6000001430511475,3.0000001192092896,2.4000000953674316,5.264978841646728,2.0784610516732713,2.5455845134240076,5
850,8,13,21,4.536000540733359,0.001855779427359491,0.0009531157808741436,83.0952380952381,88.38095238095238,62.523809523809526,-48.475862974212276,126.19556572323754,114.96428415321168,81,87,60,85,89,64,3.0000001192092896,1.8000000715255737,3.0000001192092896,4.60868763185395,1.2000000476837158,12.882546844056732,5
850,14,14,16,3.456000411987321,0.0014139271827500882,0.0007261834520945855,146.75,108.5,72.625,-10.283004313707352,138.26699477434158,121.02499867975712,146,107,71,148,110,75,1.8000000715255737,2.4000000953674316,3.0000001192092896,4.2426408557066795,1.6970563422826717,2.7495455262306225,1
850,11,15,15,3.2400003862381137,0.001325556733828208,0.000680796986338674,104.86666666666666,162.46666666666667,19.466666666666665,-35.413005312283836,170.6469960610072,89.12999741236369,103,162,19,107,163,20,3.0000001192092896,1.2000000476837158,1.2000000476837158,3.4467377248838638,1.2000000476837158,4.200000166893005,12
850,7,16,5,1.080000128746038,0.0004418522446094026,0.000226932328779558,77.4,169.0,17.2,-51.8930059671402,174.566996216774,87.76999735832214,77,168,17,78,170,18,1.2000000476837158,1.8000000715255737,1.2000000476837158,2.4738634736730947,1.2000000476837158,4.837354841198334,9
850,18,17,2,0.43200005149841514,0.00017674089784376103,9.07729315118232e-05,258.0,221.5,171.0,56.46699833869934,206.06699746847153,180.0500010251999,258,221,171,258,222,171,0.6000000238418579,1.2000000476837158,0.6000000238418579,1.4696939040702932,1.2000000476837158,1.2000000476837158,17
850,6,18,1,0.21600002574920757,8.837044892188051e-05,4.53864657559116e-05,62.0,106.0,84.0,-61.13300633430481,136.76699471473694,127.84999895095825,62,106,84,62,106,84,0.6000000238418579,0.6000000238418579,0.6000000238418579,1.0392305258366357,1.2000000476837158,0.8485281711413358,4
850,16,19,1,0.21600002574920757,8.837044892188051e-05,4.53864657559116e-05,160.0,156.0,49.0,-2.3330039978027344,166.76699590682983,106.84999811649323,160,156,49,160,156,49,0.6000000238418579,0.6000000238418579,0.6000000238418579,1.0392305258366357,1.2000000476837158,2.9393878081405864,15
851,1,1,17095,3692.5204401827036,1.0,0.5278515407892299,95.50441649605148,146.64053816905528,136.66978648727698,-50.531332200366386,167.15034202261603,152.95187209907,49,71,42,134,241,177,51.60000205039978,102.6000040769577,81.60000324249268,140.8825098348543,5.628499135444567,inf,-1
851,4,2,15289,3302.4243936796347,0.8943550745832115,0.4720867041314148,193.65772777814115,157.9475439858722,83.00340113807313,8.360656909044721,173.9345457822862,120.75203961004136,134,83,41,233,218,135,60.00000238418579,81.60000324249268,57.0000022649765,116.22203351122559,5.499091052461245,31.32666720210573,1
851,2,3,1,0.21600002574920757,5.84966364434045e-05,3.0877539677638484e-05,130.0,159.0,49.0,-29.83398127555847,174.5660194158554,100.34999811649323,130,159,49,130,159,49,0.6000000238418579,0.6000000238418579,0.6000000238418579,1.0392305258366357,1.2000000476837158,2.5455845134240076,4
851,3,4,1,0.21600002574920757,5.84966364434045e-05,3.0877539677638484e-05,132.0,158.0,48.0,-28.633981227874756,173.96601939201355,99.74999809265137,132,158,48,132,158,48,0.6000000238418579,0.6000000238418579,0.6000000238418579,1.0392305258366357,1.2000000476837158,1.2000000476837158,4
852,12,1,22438,4846.6085777607195,1.0,0.48576562533826945,142.98769943845264,174.65192976201087,174.82440502718603,-36.51890036533601,170.979638583733,182.84464413269245,70,124,114,211,256,201,85.20000338554382,79.8000031709671,52.800002098083496,128.12072940996185,6.572670951236461,inf,-1
852,21,2,8596,1856.7362213401882,0.38310009804795436,0.18609685869541687,201.39751046998603,182.04827826896232,81.34469520707306,-1.473012353817552,175.41744786424658,126.75681601189468,131,142,71,258,219,99,76.80000305175781,46.80000185966492,17.40000069141388,91.60371535519644,5.3665633592475555,40.48555458756095,12
852,35,3,8507,1837.5122190485088,0.37913361262144574,0.1841700764218138,257.88679910661807,207.8755142823557,140.37040084636183,32.42056217497125,190.91379008805188,162.17224080275042,224,170,97,282,237,185,35.40000140666962,40.80000162124634,53.400002121925354,75.95630624581179,6.000000238418579,11.288933081917946,21
852,20,4,1943,419.6880500307103,0.08659417060344059,0.042064471433829104,148.37107565620175,269.1708697889861,141.56356150283068,-33.28887450633684,227.6910048534253,162.88813722507894,127,256,112,164,280,169,22.8000009059906,15.000000596046448,34.80000138282776,44.22533386464573,3.7947333429912047,2.0784610516732713,12
852,14,5,1067,230.47202747440448,0.047553257866119976,0.02309973804420775,112.04123711340206,165.33926897844424,91.1668228678538,-55.08677849818751,165.39204189156192,132.65009284254091,96,140,88,124,197,95,17.40000069141388,34.80000138282776,4.800000190734863,39.20255249517653,3.3941126845653433,18.33684887656423,12
852,17,6,699,150.9840179986961,0.031152509136286654,0.015132818081444439,123.15736766809728,217.17596566523605,75.13733905579399,-48.41709990034117,196.49406113952014,123.03240217313234,111,205,73,135,233,78,15.000000596046448,17.40000069141388,3.6000001430511475,23.2533877740979,3.3941126845653433,2.163330851241435,21
852,22,7,691,149.25601779270244,0.030795971120420717,0.014959624169210454,138.4095513748191,276.52677279305357,149.01013024602025,-39.26578931266768,232.10454683124416,167.35607864853267,134,270,136,144,284,162,6.600000262260437,9.000000357627869,16.200000643730164,19.67231635461359,3.3941126845653433,3.934463270922718,20
852,8,8,444,95.90401143264816,0.019787859880559765,0.009612262128986167,54.88963963963964,118.27252252252252,155.48648648648648,-89.37773834504523,137.15199289585019,171.2418925472208,48,113,149,62,123,160,9.000000357627869,6.600000262260437,7.200000286102295,13.281566700469215,3.6000001430511475,22.94166606478606,12
852,18,9,310,66.96000798225435,0.013815848114805242,0.006711264099066919,120.13870967741936,119.96451612903226,133.96451612903226,-50.228294766718335,138.16718910009632,158.32870981962452,112,116,128,126,124,139,9.000000357627869,5.400000214576721,7.200000286102295,12.727922567120038,3.3941126845653433,1.3416408398118889,12
852,30,10,280,60.48000720977812,0.01247883055530796,0.006061786928189475,174.94285714285715,138.44642857142858,101.58571428571429,-17.34580498082296,149.25633700617723,138.90142794166292,171,135,97,178,142,106,4.800000190734863,4.800000190734863,6.000000238418579,9.05980168232906,3.7947333429912047,3.0594118297257697,21
852,2,11,257,55.51200661754635,0.011453783759693378,0.005563854430516768,45.762645914396884,100.32295719844358,163.26848249027236,-94.85393479779538,126.38225327345184,175.91109033502957,34,96,159,55,106,166,13.200000524520874,6.600000262260437,4.800000190734863,15.519021204323547,2.9393878081405864,9.333809882554695,8
852,28,12,190,41.04000489234944,0.008467777876816115,0.004113355415557143,168.43684210526317,183.0157894736842,73.2578947368421,-21.249414158494844,175.99795461014696,121.90473553695176,164,180,70,173,187,77,6.000000238418579,4.800000190734863,4.800000190734863,9.05980168232906,2.4000000953674316,3.2863354756182304,21
852,37,13,175,37.80000450611132,0.007799269097067474,0.0037886168301184213,264.01714285714286,144.4742857142857,80.30857142857143,36.09876857144491,152.87305143560684,126.13514172009059,259,140,75,268,150,85,6.000000238418579,6.600000262260437,6.600000262260437,11.095945646257405,2.6832816796237777,26.765650691405913,21
852,15,14,148,31.96800381088272,0.006595953293519922,0.0032040873763287225,102.05405405405405,251.22972972972974,164.48648648648648,-61.07908857190932,216.92632039012136,176.64189276179752,96,247,158,105,254,169,6.000000238418579,4.800000190734863,7.200000286102295,10.529957683293455,2.4000000953674316,1.4696939040702932,12
852,24,15,105,22.680002703666794,0.004679561458240485,0.002273170098071053,150.54285714285714,190.38095238095238,197.67619047619047,-31.98580556256431,180.41705253010704,196.55571594692412,144,188,195,157,192,200,8.40000033378601,3.0000001192092896,3.6000001430511475,9.618732107342897,2.4000000953674316,3.4467377248838638,12
852,29,16,82,17.71200211143502,0.0036545146626259023,0.001775237600398346,166.03658536585365,229.9512195121951,178.71951219512195,-22.689568259367135,204.15921375228137,185.18170852632056,164,228,175,168,232,183,3.0000001192092896,3.0000001192092896,5.400000214576721,6.867314158238295,2.4000000953674316,1.8000000715255737,12
852,38,17,70,15.12000180244453,0.00311970763882699,0.0015154467320473688,267.48571428571427,224.81428571428572,91.61428571428571,38.179911511284956,201.0770533510617,132.9185705610684,264,222,90,270,227,93,4.200000166893005,3.6000001430511475,2.4000000953674316,6.029925612280241,2.0784610516732713,8.81816342442176,35
852,1,18,43,9.288001107215926,0.001916391835279437,0.0009309172782576695,33.95348837209303,111.18604651162791,181.1860465116279,-101.93942960472994,132.90010712035865,186.6616291750309,31,109,180,37,113,182,4.200000166893005,3.0000001192092896,1.8000000715255737,5.466260364696242,2.0784610516732713,10.899541707859827,2
852,25,19,34,7.344000875473057,0.0015152865674302521,0.0007360741269944362,146.55882352941177,200.14705882352942,74.1470588235294,-34.37622582561829,186.2767166284954,122.43823401016347,144,199,73,149,201,76,3.6000001430511475,1.8000000715255737,2.4000000953674316,4.6861499917548555,1.6970563422826717,4.6861499917548555,21
852,11,20,29,6.264000746727019,0.0012924503075140386,0.0006278279318481956,66.79310344827586,77.82758620689656,150.27586206896552,-82.2356597760628,112.88503014219219,168.11551777247723,65,77,149,68,79,152,2.4000000953674316,1.8000000715255737,2.4000000953674316,3.8418746951220877,2.0784610516732713,15.437617009758089,2
852,27,21,22,4.752000566482566,0.0009804795436313396,0.00047628325864345874,153.4090909090909,195.22727272727272,73.63636363636364,-30.266065234487712,183.32484485344452,122.1318168856881,152,194,73,155,197,75,2.4000000953674316,2.4000000953674316,1.8000000715255737,3.8418746951220877,1.6970563422826717,2.163330851241435,25
852,34,22,19,4.104000489234944,0.0008467777876816116,0.0004113355415557144,192.57894736842104,164.47368421052633,75.05263157894737,-6.764150425007472,164.872691010174,122.9815776850048,192,162,74,194,166,76,1.8000000715255737,3.0000001192092896,1.8000000715255737,3.934463270922718,1.2000000476837158,3.0000001192092896,21
852,10,23,8,1.7280002059936606,0.0003565380158659417,0.000173193912233985,57.375,169.0,209.375,-87.8865220695734,167.588480591774,203.5750019401312,57,168,209,58,170,210,1.2000000476837158,1.8000000715255737,1.2000000476837158,2.4738634736730947,1.2000000476837158,33.861483888388335,12
852,9,24,7,1.512000180244453,0.00031197076388269897,0.00015154467320473687,50.42857142857143,155.57142857142858,196.28571428571428,-92.0543793780463,159.53133741446905,195.72143019948686,49,155,196,51,156,197,1.8000000715255737,1.2000000476837158,1.2000000476837158,2.4738634736730947,1.2000000476837158,10.800000429153442,10
852,5,25,7,1.512000180244453,0.00031197076388269897,0.00015154467320473687,43.0,153.85714285714286,208.42857142857142,-96.51152241230011,158.50276594502586,203.00714477470942,42,153,208,44,154,209,1.8000000715255737,1.2000000476837158,1.2000000476837158,2.4738634736730947,1.2000000476837158,7.84601841014596,9
852,13,26,3,0.6480000772476227,0.00013370175594972812,6.494771708774437e-05,86.33333333333333,65.0,149.66666666666666,-70.51152137915294,105.18847811222076,167.75000051657358,86,65,149,87,65,150,1.2000000476837158,0.6000000238418579,1.2000000476837158,1.8000000715255737,1.2000000476837158,12.97998510744861,11
852,31,27,3,0.6480000772476227,0.00013370175594972812,6.494771708774437e-05,182.33333333333334,174.66666666666666,73.0,-12.911519090334565,170.98848072687784,121.74999868869781,182,174,73,183,175,73,1.2000000476837158,1.2000000476837158,0.6000000238418579,1.8000000715255737,1.2000000476837158,5.400000214576721,21
852,7,28,2,0.43200005149841514,8.913450396648542e-05,4.329847805849625e-05,45.0,104.5,193.0,-95.3115223646164,128.88847905397415,193.75000154972076,45,104,193,45,105,193,0.6000000238418579,1.2000000476837158,0.6000000238418579,1.4696939040702932,1.2000000476837158,8.694826393215008,1
852,3,29,2,0.43200005149841514,8.913450396648542e-05,4.329847805849625e-05,37.0,76.0,156.5,-100.11152255535126,111.7884783744812,171.85000067949295,37,76,156,37,76,157,0.6000000238418579,0.6000000238418579,1.2000000476837158,1.4696939040702932,1.2000000476837158,14.058449975264567,2
852,4,30,2,0.43200005149841514,8.913450396648542e-05,4.329847805849625e-05,39.0,77.0,157.5,-98.91152250766754,112.38847839832306,172.4500007033348,39,77,157,39,77,158,0.6000000238418579,0.6000000238418579,1.2000000476837158,1.4696939040702932,1.2000000476837158,1.3416408398118889,3
852,36,31,1,0.21600002574920757,4.456725198324271e-05,2.1649239029248125e-05,242.0,154.0,148.0,22.888482332229614,158.58848023414612,166.75000047683716,242,154,148,242,154,148,0.6000000238418579,0.6000000238418579,0.6000000238418579,1.0392305258366357,1.2000000476837158,12.296341407764206,35
852,33,32,1,0.21600002574920757,4.456725198324271e-05,2.1649239029248125e-05,187.0,161.0,75.0,-10.11151897907257,162.78848040103912,122.94999873638153,187,161,75,187,161,75,0.6000000238418579,0.6000000238418579,0.6000000238418579,1.0392305258366357,1.2000000476837158,3.0594118297257697,34
852,6,33,1,0.21600002574920757,4.456725198324271e-05,2.1649239029248125e-05,43.0,105.0,193.0,-96.51152241230011,129.18847906589508,193.75000154972076,43,105,193,43,105,193,0.6000000238418579,0.6000000238418579,0.6000000238418579,1.0392305258366357,1.2000000476837158,1.2000000476837158,7
852,16,34,1,0.21600002574920757,4.456725198324271e-05,2.1649239029248125e-05,104.0,246.0,169.0,-59.91152095794678,213.78848242759705,179.35000097751617,104,246,169,104,246,169,0.6000000238418579,0.6000000238418579,0.6000000238418579,1.0392305258366357,1.2000000476837158,0.8485281711413358,12
852,26,35,1,0.21600002574920757,4.456725198324271e-05,2.1649239029248125e-05,150.0,198.0,73.0,-32.31151986122131,184.98848128318787,121.74999868869781,150,198,73,150,198,73,0.6000000238418579,0.6000000238418579,0.6000000238418579,1.0392305258366357,1.2000000476837158,0.8485281711413358,25
852,23,36,1,0.21600002574920757,4.456725198324271e-05,2.1649239029248125e-05,143.0,202.0,74.0,-36.51152002811432,187.3884813785553,122.34999871253967,143,202,74,143,202,74,0.6000000238418579,0.6000000238418579,0.6000000238418579,1.0392305258366357,1.2000000476837158,0.8485281711413358,25
852,32,37,1,0.21600002574920757,4.456725198324271e-05,2.1649239029248125e-05,187.0,160.0,76.0,-10.11151897907257,162.18848037719727,123.54999876022339,187,160,76,187,160,76,0.6000000238418579,0.6000000238418579,0.6000000238418579,1.0392305258366357,1.2000000476837158,0.8485281711413358,33
852,19,38,1,0.21600002574920757,4.456725198324271e-05,2.1649239029248125e-05,127.0,223.0,72.0,-46.111520409584045,199.9884818792343,121.14999866485596,127,223,72,127,223,72,0.6000000238418579,0.6000000238418579,0.6000000238418579,1.0392305258366357,1.2000000476837158,3.231099012673037,17
853,5,1,14079,3041.064362523093,1.0,0.5122803187424954,133.5511044818524,167.54961289864337,144.1392854606151,-70.6818341267821,166.21727173388007,-148.5664283388404,97,99,49,182,256,185,51.60000205039978,94.80000376701355,82.20000326633453,135.67034113177593,5.3665633592475555,inf,-1
853,6,2,12609,2723.544324671758,0.8955891753675688,0.4587927082196267,224.91839162502973,197.76532635419144,118.93766357363788,-15.861459662509816,184.34670052760768,-163.68740207188023,176,144,69,250,243,173,45.00000178813934,60.00000238418579,63.00000250339508,97.94897019602926,5.499091052461245,26.979993659189123,5
853,4,3,750,162.00001931190567,0.053270828894097594,0.027289597205545246,103.39866666666667,179.65333333333334,162.952,-88.77329753478368,173.47950428326925,-137.2787991666794,92,173,152,115,190,173,14.40000057220459,10.800000429153442,13.200000524520874,22.321291172254316,3.3941126845653433,8.357033298389126,5
853,3,4,42,9.072001081466718,0.0029831664180694655,0.0015282174435105338,87.61904761904762,193.0952380952381,147.78571428571428,-98.24106933957054,181.5446474608921,-146.37857095684325,86,192,146,90,195,150,3.0000001192092896,2.4000000953674316,3.0000001192092896,4.874423236473746,2.0784610516732713,2.8142495677222836,4
853,1,5,2,0.43200005149841514,0.00014205554371759358,7.277225921478733e-05,57.0,145.0,153.5,-116.6124986410141,152.6875034570694,-142.94999939203262,57,145,153,57,145,154,0.6000000238418579,0.6000000238418579,1.2000000476837158,1.4696939040702932,1.2000000476837158,31.124910875215836,4
853,2,6,1,0.21600002574920757,7.102777185879679e-05,3.6386129607393665e-05,61.0,135.0,184.0,-114.21249854564667,146.68750321865082,-124.64999866485596,61,135,184,61,135,184,0.6000000238418579,0.6000000238418579,0.6000000238418579,1.0392305258366357,1.2000000476837158,19.12485370056445,1
854,1,1,19994,4318.704514829657,1.0,0.7469645458960661,99.09417825347604,123.98214464339301,111.94388316494948,-53.884310997825054,157.04846942950047,141.11632951616204,48,63,17,151,213,163,62.40000247955322,90.60000360012054,88.20000350475311,141.001282192853,5.499091052461245,inf,-1
854,3,2,5499,1187.7841415948924,0.27503250975292587,0.20543953375424964,192.04364429896344,181.29387161302054,107.91071103837061,1.885370845555343,191.43550697769507,138.69642614405637,162,160,63,227,207,148,39.60000157356262,28.80000114440918,51.60000205039978,71.13480443598192,3.7947333429912047,28.282858122402185,1
854,2,3,959,207.14402469349005,0.04796438931679503,0.03582769828520193,91.11991657977059,151.65693430656935,30.45672575599583,-58.66886819216954,173.6533438872247,92.22403312798461,74,143,21,103,170,36,18.000000715255737,16.80000066757202,9.600000381469727,26.427259704779196,3.3941126845653433,4.284857227390632,1
854,4,4,315,68.04000811100039,0.01575472641792538,0.011768222064482387,196.93968253968254,165.5873015873016,107.32698412698413,4.822993906717443,182.01156458778988,138.34618998330737,189,162,102,203,169,113,9.000000357627869,4.800000190734863,7.200000286102295,12.485191724127812,3.3941126845653433,1.2000000476837158,3
855,3,1,18510,3998.160476617832,1.0,0.43855284668419925,134.36785521339817,150.8010264721772,161.61626148028094,-51.18983054338179,145.17007260368297,-182.58022705156824,79,83,92,182,231,192,62.40000247955322,89.40000355243683,60.60000240802765,124.73364115777638,6.000000238418579,inf,-1
855,9,2,18376,3969.2164731674384,0.9927606699081578,0.4353780178643353,212.8267849368742,199.41712015672616,105.9233239007401,-4.114470838689513,174.33972997351032,-215.99599092711586,144,114,55,251,252,175,64.80000257492065,83.40000331401825,72.60000288486481,128.16146575851243,5.878775616281173,26.434069976688352,3
855,15,3,1164,251.42402997207762,0.06288492706645057,0.02757836377852015,245.36082474226805,221.07646048109964,156.4037800687285,15.405953820218741,187.33533468453334,-185.70771602277495,235,205,128,259,230,192,15.000000596046448,15.600000619888306,39.000001549720764,44.602243868443786,3.3941126845653433,1.8000000715255737,9
855,19,4,982,212.11202528572184,0.05305240410588871,0.023266282844077998,267.29022403258654,107.33706720977597,42.33808553971487,28.56359391724746,119.09169600998068,-254.1471354597212,259,97,26,277,115,57,11.4000004529953,11.4000004529953,19.200000762939453,25.071099895167375,3.3941126845653433,45.23936518839713,9
855,27,5,517,111.67201331234031,0.027930848190167477,0.012249152984102162,313.9825918762089,66.27659574468085,109.95357833655706,56.5790157366537,94.45541215196569,-213.5778381695369,310,61,100,317,75,120,4.800000190734863,9.000000357627869,12.600000500679016,16.211107947499084,3.6000001430511475,41.88842488619334,19
855,2,6,516,111.4560132865911,0.02787682333873582,0.012225460231715116,74.13372093023256,135.13565891472868,86.07945736434108,-87.33031254937482,135.7708516957224,-227.90231132206992,63,124,80,87,148,92,15.000000596046448,15.000000596046448,7.800000309944153,22.601770740318475,2.9393878081405864,28.567815192264728,3
855,6,7,500,108.00001287460378,0.02701242571582928,0.0118463761935224,117.172,88.186,127.366,-61.507344081401826,107.60105522751809,-203.1303847563267,106,83,117,129,94,137,14.40000057220459,7.200000286102295,12.600000500679016,20.44407085725534,3.3941126845653433,1.6970563422826717,3
855,14,8,336,72.57600865173374,0.01815235008103728,0.007960764802047054,227.05059523809524,108.85714285714286,219.60416666666666,4.419815681165176,120.00374143464225,-147.78748255719742,223,104,213,233,117,228,6.600000262260437,8.40000033378601,9.600000381469727,14.362451615015516,2.6832816796237777,38.27793249959611,3
855,28,9,299,64.58400769901306,0.016153430578065908,0.007084132963726395,317.96989966555185,168.02006688963212,10.17056856187291,58.97140050532428,155.50149726468982,-273.44764641335973,310,160,4,323,173,16,8.40000033378601,8.40000033378601,7.800000309944153,14.211263703497274,2.6832816796237777,44.00091082995689,19
855,25,10,183,39.52800471210499,0.009886547811993518,0.004335773686829199,311.327868852459,94.79234972677595,131.3224043715847,54.98618185911022,111.56486522109131,-200.75654203904782,309,92,127,314,97,136,3.6000001430511475,3.6000001430511475,6.000000238418579,7.868926541845436,2.9393878081405864,12.074767558306998,27
855,21,11,148,31.96800381088272,0.007995678011885467,0.0035065273532826307,290.2094594594595,90.21621621621621,203.50675675675674,42.31513571980838,108.81918500565193,-157.44592888693552,285,85,201,294,95,206,6.000000238418579,6.600000262260437,3.6000001430511475,9.618732107342897,2.6832816796237777,34.451706696881196,14
855,23,12,146,31.536003759384304,0.00788762830902215,0.003459141848508541,300.1575342465753,80.07534246575342,180.94520547945206,48.28398082925847,102.73466051359699,-170.98286019122764,296,75,177,304,84,184,5.400000214576721,6.000000238418579,4.800000190734863,9.391485878683222,2.0784610516732713,12.499600490289273,21
855,22,13,122,26.352003141403323,0.006591031874662345,0.0028905157912194656,288.672131147541,86.1639344262295,187.31967213114754,41.39273869600453,106.38781583504598,-167.1581800482312,286,83,183,291,89,192,3.6000001430511475,4.200000166893005,6.000000238418579,8.160882629525593,2.4000000953674316,4.32666170248287,23
855,18,14,116,25.056002986908076,0.006266882766072393,0.0027483592768971967,260.1465517241379,115.65517241379311,18.870689655172413,24.277390361859858,124.08255933071005,-268.227573549953,258,113,15,263,118,23,3.6000001430511475,3.6000001430511475,5.400000214576721,7.4215904210192845,2.6832816796237777,1.8000000715255737,19
855,8,15,72,15.552001853942945,0.003889789303079417,0.0017058781718672258,121.54166666666667,124.41666666666667,164.51388888888889,-58.88554397722085,129.3394560913245,-180.84165053731866,119,122,163,124,128,166,3.6000001430511475,4.200000166893005,2.4000000953674316,6.029925612280241,2.4000000953674316,3.8418746951220877,3
855,24,16,54,11.664001390457209,0.002917341977309562,0.0012794086289004193,310.9259259259259,74.07407407407408,111.62962962962963,54.74501609360729,99.133899335508,-212.5722073537332,309,73,108,313,76,114,3.0000001192092896,2.4000000953674316,4.200000166893005,5.692100014486806,2.4000000953674316,1.2000000476837158,27
855,5,17,45,9.720001158714341,0.0024311183144246355,0.0010661738574170162,100.11111111111111,206.06666666666666,149.2888888888889,-71.74387782149844,178.3294580380122,-189.97665090031094,98,203,145,103,210,152,3.6000001430511475,4.800000190734863,4.800000190734863,7.683749390244175,1.6970563422826717,2.6832816796237777,3
855,16,18,27,5.832000695228604,0.001458670988654781,0.0006397043144502096,248.59259259259258,123.37037037037037,4.962962962962963,17.345014607464805,128.71167828860106,-276.5722098968647,247,122,3,250,125,7,2.4000000953674316,2.4000000953674316,3.0000001192092896,4.52990084116453,1.6970563422826717,7.4215904210192845,18
855,11,19,22,4.752000566482566,0.0011885467314964883,0.0005212405525149857,196.0,86.63636363636364,110.13636363636364,-14.21054220199585,106.67127337239006,-213.46816698529503,195,86,108,198,87,112,2.4000000953674316,1.2000000476837158,3.0000001192092896,4.024922519435666,1.2000000476837158,27.000001072883606,9
855,12,20,20,4.320000514984152,0.0010804970286331713,0.00047385504774089606,210.2,193.4,153.45,-5.690541863441467,170.72945773601532,-187.47998413443565,209,192,153,212,195,154,2.4000000953674316,2.4000000953674316,1.2000000476837158,3.6000001430511475,1.2000000476837158,6.600000262260437,9
855,7,21,18,3.8880004634857364,0.0009724473257698542,0.00042646954296680646,113.77777777777777,93.88888888888889,115.22222222222223,-63.54387749565973,111.02278869681888,-210.41665171252356,112,92,114,115,95,116,2.4000000953674316,2.4000000953674316,1.8000000715255737,3.8418746951220877,1.2000000476837158,2.4738634736730947,6
855,17,22,12,2.5920003089904906,0.0006482982171799027,0.0002843130286445376,254.58333333333334,112.16666666666667,175.91666666666666,20.93945919473967,121.98945579926173,-173.9999835987886,254,111,175,255,113,177,1.2000000476837158,1.8000000715255737,1.8000000715255737,2.8142495677222836,1.2000000476837158,23.781506364119817,22
855,1,23,10,2.160000257492076,0.0005402485143165856,0.00023692752387044803,63.8,139.0,120.6,-93.53054535388947,138.08945643901825,-207.1899849176407,63,138,119,65,140,122,1.8000000715255737,1.8000000715255737,2.4000000953674316,3.498571275927907,1.2000000476837158,15.588457887549534,3
855,26,24,8,1.7280002059936606,0.0004321988114532685,0.0001895420190963584,311.375,70.5,103.125,55.01446054875851,96.98945480585098,-217.67498533427715,310,70,102,312,71,104,1.8000000715255737,1.2000000476837158,1.8000000715255737,2.8142495677222836,1.2000000476837158,1.9899749532877369,27
855,10,25,1,0.21600002574920757,5.4024851431658565e-05,2.36927523870448e-05,179.0,251.0,81.0,-24.410542607307434,205.28945910930634,-230.94998586177826,179,251,81,179,251,81,0.6000000238418579,0.6000000238418579,0.6000000238418579,1.0392305258366357,1.2000000476837158,3.9799499065754738,9
855,13,26,1,0.21600002574920757,5.4024851431658565e-05,2.36927523870448e-05,213.0,191.0,153.0,-4.010541796684265,169.28945767879486,-187.7499841451645,213,191,153,213,191,153,0.6000000238418579,0.6000000238418579,0.6000000238418579,1.0392305258366357,1.2000000476837158,0.8485281711413358,12
855,20,27,1,0.21600002574920757,5.4024851431658565e-05,2.36927523870448e-05,268.0,107.0,59.0,28.98945951461792,118.8894556760788,-244.14998638629913,268,107,59,268,107,59,0.6000000238418579,0.6000000238418579,0.6000000238418579,1.0392305258366357,1.2000000476837158,1.8000000715255737,19
855,4,28,1,0.21600002574920757,5.4024851431658565e-05,2.36927523870448e-05,97.0,210.0,144.0,-73.61054456233978,180.68945813179016,-193.1499843597412,97,210,144,97,210,144,0.6000000238418579,0.6000000238418579,0.6000000238418579,1.0392305258366357,1.2000000476837158,0.8485281711413358,5
856,5,1,23555,5087.8806065225845,1.0,0.6164132625022897,136.92693695606027,189.95894714497985,130.96306516663128,-64.13192049927126,167.68728687846215,-121.97216082937625,66,120,26,202,270,167,82.20000326633453,90.60000360012054,85.20000338554382,149.0779721026012,6.1188236594515395,inf,-1
856,14,2,13624,2942.7843508072037,0.5783909997877308,0.3565278831811163,225.85063123899002,236.50117439812095,80.73899001761598,-10.777701809407318,195.61262433999997,-152.1066071162207,164,168,34,257,282,154,56.400002241134644,69.00000274181366,72.60000288486481,114.9466008634125,5.628499135444567,24.335160715800264,5
856,16,3,264,57.0240067977908,0.011207811504988325,0.006908643655300551,285.4128787878788,159.4810606060606,78.81439393939394,24.95964814000058,149.40055422846115,-153.26136480903986,278,151,77,293,167,85,9.600000381469727,10.200000405311584,5.400000214576721,15.011995800359257,2.6832816796237777,49.82890925280983,14
856,15,4,212,45.792005458832,0.00900021226915729,0.005547850208044381,188.51415094339623,285.39150943396226,54.971698113207545,-33.179590876934654,224.94682652714118,-167.56698287320586,186,283,46,192,288,64,4.200000166893005,3.6000001430511475,11.4000004529953,12.671227752675057,2.4000000953674316,7.891768176370223,14
856,10,5,176,38.01600453186053,0.007471874336658883,0.004605762436867033,120.05681818181819,143.19886363636363,59.84659090909091,-74.2539921660315,139.63123565844512,-164.64204707944936,113,139,57,126,147,62,8.40000033378601,5.400000214576721,3.6000001430511475,10.615084029578005,2.6832816796237777,9.2173752637079,5
856,6,6,114,24.624002935409663,0.004839736786244959,0.0029832779420616014,101.20175438596492,155.00877192982455,59.81578947368421,-85.5670308930832,146.71718091609185,-164.66052794142774,95,151,58,106,159,62,7.200000286102295,5.400000214576721,3.0000001192092896,9.48683335747801,2.4000000953674316,4.874423236473746,10
856,23,7,55,11.880001416206417,0.002334960730205901,0.0014393007615209482,333.6363636363636,63.2,152.05454545454546,53.893740198828965,91.63191556930542,-109.31727215376768,330,60,151,337,68,154,4.800000190734863,5.400000214576721,2.4000000953674316,7.613146826788975,1.6970563422826717,70.7745745171438,16
856,22,8,36,7.776000926971473,0.001528337932498408,0.0009420877711773479,327.0833333333333,72.44444444444444,155.61111111111111,49.96192186077434,97.17858245637682,-107.18333267503314,325,70,154,329,74,158,3.0000001192092896,3.0000001192092896,3.0000001192092896,5.196152629183178,1.6970563422826717,1.3416408398118889,23
856,24,9,29,6.264000746727019,0.0012311611122903842,0.0007589040378928635,343.62068965517244,231.51724137931035,95.0,59.88433604815913,192.62226440988738,-143.5500007867813,342,230,93,346,233,97,3.0000001192092896,2.4000000953674316,3.0000001192092896,4.874423236473746,1.6970563422826717,48.840149360658025,16
856,1,10,28,6.048000720977812,0.001188707280832095,0.0007327349331379371,61.0,112.5,95.5,-109.68808448314667,121.21191674470901,-143.25000077486038,59,112,94,63,113,97,3.0000001192092896,1.2000000476837158,2.4000000953674316,4.024922519435666,1.2000000476837158,24.30555588645089,5
856,21,11,27,5.832000695228604,0.001146253449373806,0.0007065658283830109,326.22222222222223,159.0,96.03703703703704,49.44525517357721,149.1119178533554,-142.9277785398342,323,157,95,328,161,97,3.6000001430511475,3.0000001192092896,1.8000000715255737,5.019960358679748,1.6970563422826717,21.238644868461318,16
856,11,12,24,5.184000617980981,0.0010188919549989385,0.0006280585141182318,130.58333333333334,130.625,67.33333333333333,-67.93808282415071,132.0869171768427,-160.15000144640607,129,129,66,132,133,69,2.4000000953674316,3.0000001192092896,2.4000000953674316,4.52990084116453,1.6970563422826717,0.8485281711413358,5
856,20,13,19,4.104000489234944,0.0008066227977074932,0.0004972129903436002,312.10526315789474,80.3157894736842,150.31578947368422,40.975079398406194,101.90138966158815,-110.36052578373959,310,79,150,314,82,151,3.0000001192092896,2.4000000953674316,1.2000000476837158,4.024922519435666,1.2000000476837158,8.590692979329267,22
856,4,14,16,3.456000411987321,0.0006792613033326257,0.00041870567607882125,67.25,112.375,99.75,-105.93808433413506,121.13691674172878,-140.7000006735325,66,112,98,69,113,101,2.4000000953674316,1.2000000476837158,2.4000000953674316,3.6000001430511475,1.2000000476837158,1.8973666714956023,1
856,25,15,8,1.7280002059936606,0.00033963065166631287,0.00020935283803941062,360.625,65.375,94.375,70.08692266047001,92.93691562116146,-143.92500080168247,360,64,94,361,66,95,1.2000000476837158,1.8000000715255737,1.2000000476837158,2.4738634736730947,1.2000000476837158,36.44722356465234,23
856,2,16,8,1.7280002059936606,0.00033963065166631287,0.00020935283803941062,60.125,133.375,104.375,-110.2130845040083,133.7369172424078,-137.9250005632639,59,132,104,61,135,105,1.8000000715255737,2.4000000953674316,1.2000000476837158,3.231099012673037,1.2000000476837158,12.163881442977178,4
856,17,17,6,1.2960001544952453,0.0002547229887497346,0.00015701462852955796,279.8333333333333,149.5,92.66666666666667,21.611920734246553,143.41191762685776,-144.9500008424123,279,149,92,280,151,94,1.2000000476837158,1.8000000715255737,1.8000000715255737,2.8142495677222836,1.2000000476837158,4.200000166893005,16
856,19,18,3,0.6480000772476227,0.0001273614943748673,7.850731426477898e-05,294.3333333333333,168.66666666666666,77.0,30.311921079953493,154.9119180838267,-154.35000121593475,294,168,77,295,169,77,1.2000000476837158,1.2000000476837158,0.6000000238418579,1.8000000715255737,1.2000000476837158,1.0392305258366357,16
856,9,19,2,0.43200005149841514,8.490766291657822e-05,5.2338209509852656e-05,112.0,216.0,30.5,-79.08808326721191,183.3119192123413,-182.25000232458115,112,216,30,112,216,31,0.6000000238418579,0.6000000238418579,1.2000000476837158,1.4696939040702932,1.2000000476837158,3.888444573557615,5
856,8,20,2,0.43200005149841514,8.490766291657822e-05,5.2338209509852656e-05,111.0,215.0,30.5,-79.68808329105377,182.71191918849945,-182.25000232458115,111,215,30,111,215,31,0.6000000238418579,0.6000000238418579,1.2000000476837158,1.4696939040702932,1.2000000476837158,0.8485281711413358,9
856,18,21,1,0.21600002574920757,4.245383145828911e-05,2.6169104754926328e-05,280.0,151.0,90.0,21.711920738220215,144.31191766262054,-146.5500009059906,280,151,90,280,151,90,0.6000000238418579,0.6000000238418579,0.6000000238418579,1.0392305258366357,1.2000000476837158,1.2000000476837158,17
856,7,22,1,0.21600002574920757,4.245383145828911e-05,2.6169104754926328e-05,105.0,213.0,31.0,-83.28808343410492,181.51191914081573,-181.95000231266022,105,213,31,105,213,31,0.6000000238418579,0.6000000238418579,0.6000000238418579,1.0392305258366357,1.2000000476837158,3.7947333429912047,8
856,3,23,1,0.21600002574920757,4.245383145828911e-05,2.6169104754926328e-05,63.0,129.0,117.0,-108.48808443546295,131.11191713809967,-130.35000026226044,63,129,117,63,129,117,0.6000000238418579,0.6000000238418579,0.6000000238418579,1.0392305258366357,1.2000000476837158,7.517978750422624,2
856,12,24,1,0.21600002574920757,4.245383145828911e-05,2.6169104754926328e-05,130.0,138.0,60.0,-68.28808283805847,136.5119173526764,-164.55000162124634,130,138,60,130,138,60,0.6000000238418579,0.6000000238418579,0.6000000238418579,1.0392305258366357,1.2000000476837158,2.4738634736730947,10
856,13,25,1,0.21600002574920757,4.245383145828911e-05,2.6169104754926328e-05,130.0,209.0,31.0,-68.28808283805847,179.1119190454483,-181.95000231266022,130,209,31,130,209,31,0.6000000238418579,0.6000000238418579,0.6000000238418579,1.0392305258366357,1.2000000476837158,1.6970563422826717,5
857,5,1,25108,5423.328646511103,1.0,0.49602908056422623,117.08523179862992,159.97108491317508,124.34570654771387,-48.074053441792586,188.65745944941293,-149.44257615849682,64,88,20,180,251,161,70.20000278949738,98.4000039100647,85.20000338554382,147.8838792365242,5.499091052461245,inf,-1
857,7,2,23069,4982.90459400847,0.9187908236418673,0.45574696748192356,192.77779704365165,163.10000433482162,72.20642420564394,-2.6585124901281603,190.5348111770001,-180.72614680683614,95,83,25,247,239,148,91.80000364780426,94.20000374317169,74.40000295639038,151.11664969440437,5.230678940097307,18.20878981014449,5
857,4,3,1463,316.0080376710907,0.05826828102596782,0.028902761863368768,61.13533834586466,180.5693779904306,100.76076555023923,-81.64399084740116,201.01643578686782,-163.5935413192904,56,156,81,69,204,115,8.40000033378601,29.400001168251038,21.000000834465027,37.093397112536074,3.6000001430511475,1.8973666714956023,5
857,8,4,614,132.62401581001345,0.024454357176995383,0.012130072306294206,177.82899022801303,243.93159609120522,44.381107491856675,-11.627796935918667,239.03376815800559,-197.42133749851575,160,240,36,195,247,53,21.600000858306885,4.800000190734863,10.800000429153442,24.621942412807876,3.3941126845653433,24.72407831609038,7
857,2,5,201,43.41600517559072,0.00800541660028676,0.003970919435773836,57.92039800995025,69.18905472636816,166.28358208955223,-83.57295512559995,134.1882391729165,-124.27984983351693,50,65,164,67,73,168,10.800000429153442,5.400000214576721,3.0000001192092896,12.44186530639192,2.4000000953674316,35.804470417547435,5
857,9,6,59,12.744001519203247,0.0023498486538155172,0.0011655932672171958,227.4915254237288,226.0,97.91525423728814,18.169725365557895,228.2748100757599,-165.30084817490336,226,224,93,229,228,102,2.4000000953674316,3.0000001192092896,6.000000238418579,7.1246055353291275,1.6970563422826717,9.913627379047126,7
857,3,7,54,11.664001390457209,0.0021507089373904733,0.0010668141767750604,53.888888888888886,109.20370370370371,158.83333333333334,-85.99186069435544,158.19702951334142,-128.74999926487604,50,106,157,57,112,161,4.800000190734863,4.200000166893005,3.0000001192092896,7.048404354760852,1.6970563422826717,20.671720633763,2
857,6,8,20,4.320000514984152,0.0007965588657001753,0.00039511636176854095,84.45,216.0,112.35,-67.6551932990551,222.2748098373413,-156.64000037312508,83,215,111,86,217,114,2.4000000953674316,1.8000000715255737,2.4000000953674316,3.8418746951220877,1.6970563422826717,2.5455845134240076,5
857,1,9,19,4.104000489234944,0.0007567309224151667,0.00037536054368011393,39.73684210526316,96.52631578947368,154.89473684210526,-94.48308910194197,150.59059646255093,-131.11315725351636,38,96,154,41,97,156,2.4000000953674316,1.2000000476837158,1.8000000715255737,3.231099012673037,1.2000000476837158,10.057833168206493,3
857,10,10,11,2.376000283241283,0.0004381073761350964,0.00021731399897269752,233.54545454545453,188.45454545454547,49.90909090909091,21.802082982930273,205.7475364533338,-194.10454731637782,233,188,49,234,189,51,1.2000000476837158,1.2000000476837158,1.8000000715255737,2.4738634736730947,1.2000000476837158,1.9899749532877369,7
858,4,1,15506,3349.2963992672126,1.0,0.5509718224780584,203.87959499548563,185.94034567264285,94.18386431058946,-17.484738141840282,177.251711836749,-193.03968221988583,114,128,46,245,249,165,79.20000314712524,73.20000290870667,72.00000286102295,129.67220726249178,4.947726947346189,inf,-1
858,2,2,12345,2666.5203178739675,0.796143428350316,0.4386525956721032,123.71729445119482,173.78768732280275,166.1469420818145,-65.58212037963295,169.960116537103,-149.8618338414173,68,116,112,180,249,187,67.80000269412994,80.40000319480896,45.6000018119812,114.63141386331239,5.091169026848015,24.08235964541433,4
858,9,3,122,26.352003141403323,0.00786792209467303,0.004335003375617382,151.95901639344262,146.19672131147541,58.295081967213115,-48.63708654094914,153.4055362724867,-214.5729524815669,146,143,56,158,151,61,7.800000309944153,5.400000214576721,3.6000001430511475,10.146921118375062,2.0784610516732713,3.4467377248838638,4
858,10,4,52,11.232001338958794,0.003353540564942603,0.0018477063568205238,168.34615384615384,145.73076923076923,67.28846153846153,-38.80480367862262,153.12596501295383,-209.17692452439894,164,144,66,173,147,69,6.000000238418579,2.4000000953674316,2.4000000953674316,6.8934754497677275,1.6970563422826717,4.724404912138064,9
858,3,5,48,10.368001235961962,0.0030955759061008638,0.0017055750986035602,115.54166666666667,189.35416666666666,50.458333333333336,-70.487497245272,179.30000451455513,-219.2750018487374,113,188,49,118,191,52,3.6000001430511475,2.4000000953674316,2.4000000953674316,4.947726947346189,2.0784610516732713,8.160882629525593,4
858,1,6,26,5.616000669479397,0.0016767702824713015,0.0009238531784102619,58.07692307692308,94.65384615384616,73.73076923076923,-104.9663447691844,122.47980994903125,-205.31153975541775,55,94,72,62,95,76,4.800000190734863,1.2000000476837158,3.0000001192092896,5.786190686518324,1.2000000476837158,39.654509516188504,4
858,5,7,20,4.320000514984152,0.0012898232942086935,0.0007106562910848169,116.45,118.6,151.15,-69.94249722361565,136.84750282764435,-158.859999448061,115,118,150,118,120,152,2.4000000953674316,1.8000000715255737,1.8000000715255737,3.498571275927907,1.6970563422826717,1.3416408398118889,2
858,7,8,18,3.8880004634857364,0.001160840964787824,0.0006395906619763352,142.61111111111111,122.77777777777777,167.5,-54.24582993321948,139.354169593917,-149.0499990582466,141,122,166,144,124,169,2.4000000953674316,1.8000000715255737,2.4000000953674316,3.8418746951220877,1.6970563422826717,2.0784610516732713,2
858,6,9,5,1.080000128746038,0.00032245582355217337,0.00017766407277120422,120.8,114.6,148.6,-67.33249711990356,134.44750273227692,-160.38999950885773,120,114,148,121,115,149,1.2000000476837158,1.2000000476837158,1.2000000476837158,2.0784610516732713,1.2000000476837158,2.4738634736730947,5
858,8,10,1,0.21600002574920757,6.449116471043467e-05,3.553281455424084e-05,144.0,128.0,169.0,-53.41249656677246,142.4875030517578,-148.14999902248383,144,128,169,144,128,169,0.6000000238418579,0.6000000238418579,0.6000000238418579,1.0392305258366357,1.2000000476837158,0.8485281711413358,2
859,7,1,19715,4258.440507645627,1.0,0.4551646119037724,211.56560994166878,197.34942936850115,107.60273903119452,16.620035071618474,171.09032638877773,-174.4883570675919,127,122,40,262,247,185,81.60000324249268,75.6000030040741,87.60000348091125,141.58983576954418,5.499091052461245,inf,-1
859,1,2,12033,2599.1283098402146,0.6103474511793051,0.2778085607424851,86.8399401645475,220.71137704645557,116.57500207761989,-58.21536976834599,185.10749555254264,-169.10499902582126,39,191,17,117,256,196,47.400001883506775,39.60000157356262,108.00000429153442,124.41431280264365,4.947726947346189,26.812684631245514,7
859,4,3,11365,2454.840292639744,0.5764646208470707,0.2623862954241123,112.12960844698637,146.76594808622966,172.4988121425429,-43.04156819592998,140.74023641341068,-135.5507116535399,59,101,116,162,192,200,62.40000247955322,55.20000219345093,51.00000202655792,97.68214145028838,5.878775616281173,3.0594118297257697,1
859,5,4,102,22.03200262641917,0.005173725589652549,0.0023548968001108183,70.02941176470588,123.18627450980392,113.73529411764706,-68.30168720904518,126.59243170537201,-170.80882386950884,67,120,110,73,126,117,4.200000166893005,4.200000166893005,4.800000190734863,7.636753540272022,2.6832816796237777,1.8000000715255737,4
859,3,5,63,13.608001622200076,0.0031955363936089273,0.001454495082421388,58.20634920634921,241.26984126984127,100.19047619047619,-75.39552502594296,197.44257457672603,-178.935714948745,56,239,98,61,243,102,3.6000001430511475,3.0000001192092896,3.0000001192092896,5.564171318397717,2.4000000953674316,12.059851224560482,1
859,2,6,35,7.560000901222265,0.0017752979964494042,0.0008080528235674377,54.885714285714286,83.65714285714286,167.6,-77.38790605749404,102.87495177132743,-138.48999905586243,52,82,166,58,85,169,4.200000166893005,2.4000000953674316,2.4000000953674316,5.400000214576721,1.6970563422826717,27.788487928797842,4
859,6,7,1,0.21600002574920757,5.07227998985544e-05,2.308722353049822e-05,75.0,252.0,96.0,-65.31933414936066,203.8806700706482,-181.45000076293945,75,252,96,75,252,96,0.6000000238418579,0.6000000238418579,0.6000000238418579,1.0392305258366357,1.2000000476837158,4.2426408557066795,1
860,4,1,17630,3808.0804539585292,1.0,0.5222620493527268,199.08729438457175,170.43771979580262,87.61571185479296,-10.86890768514597,177.94134687853347,-186.48057384996068,84,100,47,245,216,149,97.20000386238098,70.20000278949738,61.800002455711365,134.8892932964594,6.2353831550198136,inf,-1
860,3,2,13793,2979.28835515882,0.7823596142938174,0.40859673549189796,126.58986442398319,176.7131153483651,158.1722612919597,-54.36736738997253,181.70658435968807,-144.14664250546141,61,105,69,180,245,187,72.00000286102295,84.60000336170197,71.40000283718109,132.0572655552763,4.947726947346189,28.937174474149945,4
860,9,3,1405,303.48003617763663,0.07969370391378333,0.041620997126521904,227.75871886120996,228.38434163701066,93.07900355871887,6.333947684416984,212.70932136481343,-183.2025986973501,187,203,81,250,244,104,38.400001525878906,25.200001001358032,14.40000057220459,48.134812601021316,2.9393878081405864,1.8973666714956023,4
860,7,4,712,153.79201833343578,0.04038570618264322,0.021091921675504336,125.89747191011236,99.94662921348315,91.09691011235955,-54.78280291480294,135.64669084850323,-184.39185481242248,123,92,79,130,110,103,4.800000190734863,11.4000004529953,15.000000596046448,19.442222867788075,3.6000001430511475,12.252347200861797,4
860,8,5,138,29.808003553390645,0.007827566647759502,0.00408804099890393,166.54347826086956,139.4927536231884,68.46376811594203,-30.395198135272324,159.37436643717945,-197.97174054988915,162,138,66,172,141,71,6.600000262260437,2.4000000953674316,3.6000001430511475,7.891768176370223,2.4000000953674316,1.3416408398118889,4
860,1,6,40,8.640001029968303,0.0022688598979013048,0.001184939419972154,43.825,71.05,129.375,-104.02628801763058,118.308712631464,-161.42499996721745,40,68,129,49,74,130,6.000000238418579,4.200000166893005,1.2000000476837158,7.4215904210192845,1.2000000476837158,39.05534689669962,3
860,10,7,18,3.8880004634857364,0.0010209869540555871,0.0005332227389874693,209.94444444444446,200.22222222222223,167.55555555555554,-4.354617390367707,195.8120490445031,-138.51666572358874,209,199,166,211,202,169,1.8000000715255737,2.4000000953674316,2.4000000953674316,3.8418746951220877,1.6970563422826717,12.014991114133304,4
860,2,8,13,2.8080003347396985,0.0007373794668179241,0.00038510531149095,63.38461538461539,72.0,149.6153846153846,-92.29051832052377,118.87871265411377,-149.2807687154183,60,72,148,67,72,151,4.800000190734863,0.6000000238418579,2.4000000953674316,5.400000214576721,1.2000000476837158,14.00714159250828,1
860,5,9,6,1.2960001544952453,0.00034032898468519567,0.00017774091299582306,97.0,200.66666666666666,44.5,-72.12128674983978,196.07871572176614,-212.35000199079514,96,200,44,98,201,45,1.8000000715255737,1.2000000476837158,1.2000000476837158,2.4738634736730947,1.2000000476837158,24.24623778487099,4
860,6,10,1,0.21600002574920757,5.6721497447532616e-05,2.9623485499303846e-05,107.0,240.0,66.0,-66.1212865114212,219.6787166595459,-199.4500014781952,107,240,66,107,240,66,0.6000000238418579,0.6000000238418579,0.6000000238418579,1.0392305258366357,1.2000000476837158,1.9899749532877369,3
860,11,11,1,0.21600002574920757,5.6721497447532616e-05,2.9623485499303846e-05,286.0,59.0,135.0,41.27871775627136,111.07871234416962,-158.049999833107,286,59,135,286,59,135,0.6000000238418579,0.6000000238418579,0.6000000238418579,1.0392305258366357,1.2000000476837158,82.94335746002507,4
861,2,1,8722,1883.9522245845885,1.0,0.5337821297429621,115.17862875487273,175.94485209814263,135.86448062371016,-56.707273126003855,196.75246232873775,-147.53131143827005,80,116,28,165,238,168,51.60000205039978,73.80000293254852,84.60000336170197,123.55630786505971,4.800000190734863,inf,-1
861,5,2,4364,942.6241123695419,0.5003439578078422,0.2670746634026928,189.62442713107242,137.37419798350138,58.88748854262145,-12.039792325357894,173.61006894035694,-193.71750852219782,146,98,51,229,175,68,50.400002002716064,46.80000185966492,10.800000429153442,69.62068934740691,4.156922103346543,52.16205724696946,2
861,8,3,2601,561.8160669736889,0.29821141939922036,0.15917992656058752,206.3925413302576,173.99384851980008,131.23760092272204,-1.9789234060637995,195.58186013521666,-150.30743936917634,186,163,112,222,181,141,22.200000882148743,11.4000004529953,18.000000715255737,30.770116594593933,5.091169026848015,27.00666691697304,5
861,9,4,218,47.08800561332725,0.024994267369869292,0.013341493268053855,291.27522935779814,159.41743119266056,116.3348623853211,48.95069143422151,186.83600939140408,-159.2490828469259,288,155,114,295,164,119,4.800000190734863,6.000000238418579,3.6000001430511475,8.485281711413359,3.3941126845653433,40.8925437322566,8
861,10,5,136,29.376003501892228,0.015592753955514788,0.00832313341493268,292.95588235294116,191.6985294117647,121.49264705882354,49.95908327137721,206.2046690925079,-156.15441191985326,290,186,120,296,198,123,4.200000166893005,7.800000309944153,2.4000000953674316,9.17823548917731,2.4000000953674316,13.443214435630173,9
861,12,6,69,14.904001776695322,0.007911029580371475,0.004222766217870257,298.6231884057971,142.768115942029,150.81159420289856,53.359467038209914,176.84641984407455,-138.56304293439007,297,140,149,301,146,153,3.0000001192092896,4.200000166893005,3.0000001192092896,5.969924859863211,2.0784610516732713,20.196040018166695,9
861,3,7,60,12.960001544952455,0.00687915615684476,0.0036719706242350062,125.8,90.01666666666667,131.35,-50.334450125694275,145.19554902116457,-150.23999992012978,123,87,128,128,93,134,3.6000001430511475,4.200000166893005,4.200000166893005,6.945502417663594,1.6970563422826717,21.583327755970295,2
861,14,8,52,11.232001338958794,0.005961935335932126,0.003182374541003672,315.09615384615387,183.84615384615384,137.8846153846154,63.24324669517006,201.49324356592618,-146.31923053356317,313,182,136,316,186,140,2.4000000953674316,3.0000001192092896,3.0000001192092896,4.874423236473746,2.4000000953674316,14.951923547388573,10
861,1,9,47,10.152001210212756,0.005388672322861728,0.002876376988984088,39.234042553191486,119.87234042553192,136.9787234042553,-102.27402665767264,163.10895398829845,-146.86276574337737,38,118,135,41,122,139,2.4000000953674316,3.0000001192092896,3.0000001192092896,4.874423236473746,2.4000000953674316,37.06426998035491,2
861,11,10,35,7.560000901222265,0.0040128410914927765,0.002141982864137087,297.8285714285714,174.2,155.85714285714286,52.88269683292933,195.70555102825165,-135.53571362154824,296,172,155,300,177,157,3.0000001192092896,3.6000001430511475,1.8000000715255737,5.019960358679748,1.6970563422826717,14.096808709521705,14
861,13,11,19,4.104000489234944,0.0021783994496675074,0.0011627906976744188,310.5263157894737,178.94736842105263,133.42105263157896,60.50134375220853,198.5539721940693,-148.99736829180466,310,178,132,311,180,135,1.2000000476837158,1.8000000715255737,2.4000000953674316,3.231099012673037,1.2000000476837158,2.4738634736730947,14
861,7,12,15,3.2400003862381137,0.00171978903921119,0.0009179926560587516,160.93333333333334,144.86666666666667,49.666666666666664,-29.25444928805034,178.1055503288905,-199.2500018676122,160,144,49,162,146,51,1.8000000715255737,1.8000000715255737,1.8000000715255737,3.1176915775099068,1.6970563422826717,3.231099012673037,5
861,4,13,1,0.21600002574920757,0.00011465260261407934,6.119951040391677e-05,145.0,151.0,47.0,-38.8144496679306,181.78555047512054,-200.8500019311905,145,151,47,145,151,47,0.6000000238418579,0.6000000238418579,0.6000000238418579,1.0392305258366357,1.2000000476837158,9.562426850282225,7
861,6,14,1,0.21600002574920757,0.00011465260261407934,6.119951040391677e-05,154.0,152.0,49.0,-33.41444945335388,182.3855504989624,-199.65000188350677,154,152,49,154,152,49,0.6000000238418579,0.6000000238418579,0.6000000238418579,1.0392305258366357,1.2000000476837158,5.091169026848015,7
862,1,1,22786,4921.776586721444,1.0,0.5593578161822468,122.38953743526727,146.60822434828404,165.44575616606687,-73.36705587084568,184.6641568543829,-1102.7825911839507,54,78,31,213,229,209,96.00000381469727,91.2000036239624,107.40000426769257,170.49399493862833,5.499091052461245,inf,-1
862,4,2,17423,3763.3684486284433,0.7646361801105942,0.42770522388059706,240.5897377030362,171.26786431728175,116.45135740113643,-2.446932892071942,199.45994142371313,-1132.1792316110264,186,48,61,274,244,195,53.400002121925354,118.20000469684601,81.00000321865082,152.9176309598651,4.947726947346189,36.2044210583438,1
862,5,3,394,85.10401014518779,0.01729131923110682,0.009672034564021997,316.79441624365484,164.12436548223351,145.49492385786803,43.27587604916036,195.1738419523699,-1114.7530910445348,309,150,140,323,181,151,9.000000357627869,19.200000762939453,7.200000286102295,22.39375001767347,2.6832816796237777,28.25101880337911,4
862,2,4,85,18.360002188682643,0.003730360747827613,0.002086606441476827,158.12941176470588,90.2,200.50588235294117,-51.9231304210775,150.81922090053558,-1081.7465146359275,152,84,198,163,95,202,7.200000286102295,7.200000286102295,3.0000001192092896,10.615084029578005,2.0784610516732713,5.299056730362296,1
862,3,5,48,10.368001235961962,0.00210655665759677,0.001178318931657502,166.85416666666666,139.89583333333334,40.1875,-46.688277271886676,180.6367220853766,-1177.9375478699803,163,138,39,171,142,42,5.400000214576721,3.0000001192092896,2.4000000953674316,6.627216873654285,2.0784610516732713,25.08545494924663,1
863,7,1,15264,3297.0243930359043,1.0,0.4952146124647179,195.7703747379455,186.53780136268344,101.39223008385744,-1.8571064272032345,182.10334932751783,-168.7146625840642,117,111,71,241,249,158,75.00000298023224,83.40000331401825,52.800002098083496,123.96935597707493,4.800000190734863,inf,-1
863,3,2,13421,2898.936345580115,0.8792583857442349,0.4354216007526847,114.25817748304895,142.4294761940243,170.3860368079875,-50.764426723543394,155.6383531746979,-127.31837690464563,53,79,102,169,235,203,70.20000278949738,94.20000374317169,61.20000243186951,132.46554795311812,4.947726947346189,34.722328490694004,7
863,6,3,728,157.2480187454231,0.04769392033542977,0.02361872627583298,115.66208791208791,125.82554945054945,199.23901098901098,-49.92208043264819,145.67599673274452,-110.00659170812304,108,120,192,122,131,206,9.000000357627869,7.200000286102295,9.000000357627869,14.623269709421235,4.800000190734863,6.654322168264645,3
863,8,4,703,151.84801810169293,0.04605607966457023,0.022807643642734323,187.52204836415362,211.7923186344239,172.1977240398293,-6.8061024481337995,197.2560602926767,-126.23136452234657,177,195,158,197,230,186,12.600000500679016,21.600000858306885,17.40000069141388,30.46440667003336,2.9393878081405864,1.8000000715255737,7
863,4,5,430,92.88001107215925,0.028170859538784065,0.013950621289296953,83.43488372093023,192.5581395348837,169.31627906976743,-69.25840371569922,185.71555237437403,-127.96023157308268,75,185,159,91,197,180,10.200000405311584,7.800000309944153,13.200000524520874,18.415211835622113,2.9393878081405864,3.6000001430511475,3
863,9,6,130,28.080003347396985,0.008516771488469603,0.004217629692113032,242.22307692307692,99.29230769230769,49.94615384615385,26.01451599139432,129.7560510451977,-199.5823095532564,240,96,44,244,103,56,3.0000001192092896,4.800000190734863,7.800000309944153,9.63742742548235,2.4000000953674316,40.40099169226893,7
863,11,7,106,22.896002729416,0.006944444444444444,0.0034389903643383185,266.6981132075472,168.8679245283019,14.547169811320755,40.69953834560684,171.50142280560618,-220.8217008181338,264,165,11,270,174,17,4.200000166893005,6.000000238418579,4.200000166893005,8.44274870316685,2.0784610516732713,45.52889373505252,9
863,5,8,26,5.616000669479397,0.0017033542976939203,0.0008435259384226065,77.11538461538461,179.6153846153846,70.57692307692308,-73.05010332969519,177.94989911409525,-187.20384752291898,76,177,69,79,182,72,2.4000000953674316,3.6000001430511475,2.4000000953674316,4.947726947346189,1.6970563422826717,23.46912959130892,7
863,2,9,11,2.376000283241283,0.000720649895178197,0.0003568763585634104,48.45454545454545,159.63636363636363,102.54545454545455,-90.24660750952634,165.96248605034566,-168.02272787961093,48,158,102,49,161,103,1.2000000476837158,2.4000000953674316,1.2000000476837158,2.9393878081405864,1.2000000476837158,14.274453271260171,3
863,1,10,3,0.6480000772476227,0.00019654088050314464,9.73299159718392e-05,47.0,162.66666666666666,101.66666666666667,-91.11933481693268,167.78066794077554,-168.55000062783557,47,162,101,47,163,102,0.6000000238418579,1.2000000476837158,1.2000000476837158,1.8000000715255737,1.2000000476837158,0.8485281711413358,2
863,10,11,1,0.21600002574920757,6.551362683438155e-05,3.2443305323946404e-05,247.0,90.0,35.0,28.880669951438904,124.18066620826721,-208.55000221729279,247,90,35,247,90,35,0.6000000238418579,0.6000000238418579,0.6000000238418579,1.0392305258366357,1.2000000476837158,7.249827872239009,9
864,1,1,26028,5622.0486702003745,1.0,0.6014419077548756,83.79506685108345,163.37209927770093,125.78284923928078,-55.061825079019854,178.18439627421492,114.91971330540474,15,92,9,150,239,173,81.60000324249268,88.80000352859497,99.00000393390656,156.0288496873793,6.000000238418579,inf,-1
864,5,2,16490,3561.840424604433,0.6335484862455817,0.38104261022275626,184.10175864160098,174.9694360218314,73.35415403274712,5.122192386788555,185.14279859719528,83.46249493148704,127,93,17,223,239,138,58.20000231266022,88.20000350475311,73.20000290870667,128.54851735149177,5.3665633592475555,40.04297850347755,1
864,3,3,336,72.57600865173374,0.012909174734900877,0.007764118680099824,26.767857142857142,127.68452380952381,80.47619047619048,-89.27815226359027,156.77185014245055,87.73571696735564,22,123,72,31,135,92,6.000000238418579,7.800000309944153,12.600000500679016,15.98749574865505,2.6832816796237777,3.4467377248838638,1
864,7,4,196,42.33600504684468,0.007530351928692177,0.00452906923005823,195.03061224489795,212.3826530612245,46.36224489795919,11.679504809330922,207.59072971283172,67.26734880707701,189,210,38,202,214,54,8.40000033378601,3.0000001192092896,10.200000405311584,13.549908287188417,2.0784610516732713,14.261837755520148,5
864,4,5,108,23.328002780914417,0.004149377593360996,0.0024956095757463718,71.67592592592592,153.84259259259258,6.157407407407407,-62.33330992305721,172.46669203594877,43.14444535418793,69,146,4,77,161,8,5.400000214576721,9.600000381469727,3.0000001192092896,11.415779007886552,2.4000000953674316,10.18233805369603,1
864,6,6,73,15.768001879692152,0.002804671891808821,0.0016868472132359736,156.97260273972603,238.36986301369862,102.24657534246575,-11.155301801145896,223.18305630389958,100.79794840616722,152,236,99,162,240,106,6.600000262260437,3.0000001192092896,4.800000190734863,8.694826393215008,1.6970563422826717,3.0000001192092896,5
864,2,7,43,9.288001107215926,0.0016520670047641005,0.0009936223310842037,17.813953488372093,146.8372093023256,94.27906976744185,-94.650494669759,168.26346189476723,96.01744487119275,16,145,92,19,149,97,2.4000000953674316,3.0000001192092896,3.6000001430511475,5.264978841646728,1.6970563422826717,1.4696939040702932,1
864,8,8,2,0.43200005149841514,7.684032580298141e-05,4.6214992143451334e-05,206.0,202.0,49.5,18.26113772392273,201.3611376285553,69.15000194311142,206,202,49,206,202,50,0.6000000238418579,0.6000000238418579,1.2000000476837158,1.4696939040702932,1.2000000476837158,5.6603889041576,7
865,1,1,17801,3845.016458361644,1.0,0.6699661272111403,101.66698500084264,159.95123869445536,152.38396719285433,-65.8279315755646,170.64262203020792,154.38038471176895,36,77,37,173,237,191,82.80000329017639,96.60000383853912,93.00000369548798,157.5956914824126,5.878775616281173,inf,-1
865,5,2,5954,1286.0641533107819,0.33447559125891807,0.22408731652239366,207.50890157877058,196.67248908296943,132.61991938192813,-2.3227791053399045,192.6753731388192,142.5219555540016,169,173,91,236,236,175,40.80000162124634,38.400001525878906,51.00000202655792,75.76411060779449,4.32666170248287,34.913609049684894,1
865,6,3,2527,545.8320650682475,0.14195831694848604,0.09510726383138877,212.59596359319352,152.1626434507321,69.43569449940641,0.7294582245988721,165.96946469827938,104.61141911805926,181,126,61,236,175,77,33.60000133514404,30.000001192092896,10.200000405311584,46.18441479022564,4.32666170248287,12.310971206403938,5
865,7,4,185,39.9600047636034,0.010392674568844447,0.006962739932254422,240.87567567567567,198.0054054054054,106.63243243243244,17.697286148329027,193.47512296406,126.92946276471422,238,195,101,243,202,111,3.6000001430511475,4.800000190734863,6.600000262260437,8.919641602825802,2.6832816796237777,4.368066107139657,5
865,8,5,49,10.58400126171117,0.0027526543452615023,0.0018441851712457658,263.9183673469388,94.79591836734694,102.24489795918367,31.522901700467486,131.54942828051898,124.296941976158,261,93,100,266,97,105,3.6000001430511475,3.0000001192092896,3.6000001430511475,5.909314915892731,2.0784610516732713,46.94592820630804,6
865,2,6,48,10.368001235961962,0.002696477725970451,0.0018065487391795256,66.75,217.4375,48.833333333333336,-86.77812340855598,205.13438018411398,92.25000192721686,65,214,47,68,221,51,2.4000000953674316,4.800000190734863,3.0000001192092896,6.148170703882103,1.6970563422826717,2.7495455262306225,1
865,3,7,4,0.8640001029968303,0.00022470647716420425,0.00015054572826496047,76.5,207.0,138.5,-80.92812317609787,198.8718799352646,146.05000406503677,76,207,138,77,207,139,1.2000000476837158,0.6000000238418579,1.2000000476837158,1.8000000715255737,1.2000000476837158,6.029925612280241,1
865,4,8,2,0.43200005149841514,0.00011235323858210213,7.527286413248023e-05,83.0,203.0,144.5,-77.0281230211258,196.47187983989716,149.65000420808792,83,203,144,83,203,145,0.6000000238418579,0.6000000238418579,1.2000000476837158,1.4696939040702932,1.2000000476837158,3.4467377248838638,1
866,1,1,23786,5137.776612470651,1.0,0.5918240402080067,108.89594719582948,153.63840073993106,137.9474901202388,-70.47883533622061,169.86663785698357,-142.7815056906901,44,90,44,175,257,184,79.20000314712524,100.80000400543213,84.60000336170197,153.59180275913087,5.878775616281173,inf,-1
866,2,2,14521,3136.536373904243,0.6104851593374254,0.3612997934861038,203.68046277804558,207.95213828248743,89.65512017078714,-13.608123727052003,202.4548816774578,-171.7569288117409,116,134,43,240,260,148,75.00000298023224,76.20000302791595,63.60000252723694,124.40418493746017,5.628499135444567,31.618350359413263,1
866,9,3,1380,298.0800355339064,0.0580173211132599,0.03433604538329476,263.8666666666667,81.18115942028986,66.14855072463769,22.503600041071564,126.39229133768359,-185.86087103987086,259,67,44,269,101,86,6.600000262260437,21.000000834465027,25.80000102519989,33.914599974195255,3.6000001430511475,59.354530408214934,2
866,4,4,187,40.392004815101814,0.007861767426217102,0.004652782961359507,184.81283422459893,172.55614973262033,57.18716577540107,-24.928701308959305,181.2172877036314,-191.23770222306888,178,168,54,193,177,60,9.600000381469727,6.000000238418579,4.200000166893005,12.074767558306998,2.6832816796237777,0.8485281711413358,2
866,6,5,109,23.544002806663624,0.00458252753720676,0.0027120499614341513,196.57798165137615,213.67889908256882,164.2018348623853,-17.869612572389997,205.89093829404325,-127.02889821944981,193,212,159,199,216,170,4.200000166893005,3.0000001192092896,7.200000286102295,8.858894188160853,2.4000000953674316,6.734983563817286,2
866,8,6,104,22.464002677917588,0.00437231985201379,0.002587643999900475,217.26923076923077,160.97115384615384,138.09615384615384,-5.454862608359406,174.26628989554368,-142.69230745159663,216,155,135,219,166,141,2.4000000953674316,7.200000286102295,4.200000166893005,8.674099721558317,2.0784610516732713,26.413633893249635,2
866,3,7,100,21.600002574920758,0.004204153703859413,0.0024881192306735337,136.25,146.45,174.37,-54.06640300154686,165.5535972416401,-120.92799889445304,126,145,171,143,148,178,10.800000429153442,2.4000000953674316,4.800000190734863,12.059851224560482,2.0784610516732713,1.8000000715255737,1
866,5,8,3,0.6480000772476227,0.00012612461111578238,7.4643576920206e-05,191.0,210.66666666666666,155.66666666666666,-21.21640169620514,204.08359877268472,-132.14999934037527,191,210,155,191,211,156,0.6000000238418579,1.2000000476837158,1.2000000476837158,1.8000000715255737,1.2000000476837158,2.2449945212724285,6
866,7,9,1,0.21600002574920757,4.204153703859413e-05,2.4881192306735336e-05,214.0,196.0,137.0,-7.416401147842407,195.28359842300415,-143.34999978542328,214,196,137,214,196,137,0.6000000238418579,0.6000000238418579,0.6000000238418579,1.0392305258366357,1.2000000476837158,8.879189504996521,2
867,6,1,33094,7148.304852144275,1.0,0.595119495045766,206.99468181543483,171.82951592433673,99.92838581011664,-14.122521913101309,184.27837771383696,-289.0929539244204,82,79,44,251,239,171,102.00000405311584,96.60000383853912,76.80000305175781,160.10559652051964,7.099296021820207,inf,-1
867,3,2,18926,4088.0164873295025,0.5718861425031728,0.34034059235015923,122.36066786431364,177.86346824474268,151.45387297897074,-64.90293230160616,187.89874924994115,-258.1776603946446,74,114,29,176,226,189,61.800002455711365,67.80000269412994,96.60000383853912,133.220274021846,6.000000238418579,29.704546287120323,6
867,8,3,864,186.62402224731534,0.0261074515017828,0.015537053354672807,109.53703703703704,155.86805555555554,36.7349537037037,-72.5971111037113,174.70150111201735,-327.00901469491697,87,147,32,126,163,46,24.000000953674316,10.200000405311584,9.000000357627869,27.586954534381398,3.3941126845653433,2.2449945212724285,3
867,19,4,733,158.32801887416915,0.02214903003565601,0.01318131957057311,216.35334242837652,208.79399727148703,49.35743519781719,-8.50732532220843,206.45706740342905,-319.43552549750547,196,203,40,236,214,60,24.600000977516174,7.200000286102295,12.600000500679016,28.56151369992111,2.9393878081405864,4.947726947346189,6
867,17,5,435,93.9600112009053,0.01314437662416148,0.007822474779262352,195.1103448275862,83.75632183908046,226.07816091954024,-21.25312438915516,131.4344591628546,-213.4030858511212,184,81,223,206,86,228,13.800000548362732,3.6000001430511475,3.6000001430511475,14.709181391047846,3.3941126845653433,45.93430273428082,3
867,20,6,299,64.58400769901306,0.009034870369251224,0.005376827491952741,206.22408026755852,239.7123745819398,97.21739130434783,-14.58488286019967,225.00809452685226,-290.7195506925168,204,236,90,209,243,107,3.6000001430511475,4.800000190734863,10.800000429153442,12.354756660118301,2.6832816796237777,8.44274870316685,6
867,1,7,282,60.912007261276536,0.008521182087387441,0.005071121581039041,77.55319148936171,142.01418439716312,158.62056737588654,-91.78741919487081,166.38917808667986,-253.8776435856278,70,138,149,83,148,166,8.40000033378601,6.600000262260437,10.800000429153442,15.190787285034224,2.6832816796237777,13.00769055008644,3
867,5,8,207,44.712005330085965,0.006254910255635462,0.00372241903289036,83.34782608695652,104.8792270531401,120.8792270531401,-88.31063829815906,144.10820279489968,-276.52244867909934,79,101,116,88,110,127,6.000000238418579,6.000000238418579,7.200000286102295,11.128342636795434,2.6832816796237777,3.231099012673037,6
867,13,9,141,30.456003630638268,0.004260591043693721,0.0025355607905195206,149.82269503546098,143.08510638297872,57.730496453900706,-48.425715344172005,167.031731303702,-314.411688544226,144,141,55,156,145,61,7.800000309944153,3.0000001192092896,4.200000166893005,9.35307473252972,2.4000000953674316,2.4738634736730947,6
867,21,10,138,29.808003553390645,0.004169940170423642,0.0024816126885935734,260.4855072463768,109.71014492753623,167.35507246376812,17.97197462078455,147.00675363471544,-248.63694032465202,257,107,164,263,113,170,4.200000166893005,4.200000166893005,4.200000166893005,7.274613680856449,2.6832816796237777,47.40759621214375,17
867,12,11,96,20.736002471923925,0.0029008279446425334,0.0017263392616303117,119.44791666666667,84.6875,132.97916666666666,-66.65058308963974,131.99316608160734,-269.2624846224984,115,82,130,124,87,135,6.000000238418579,3.6000001430511475,3.6000001430511475,7.868926541845436,2.0784610516732713,10.615084029578005,6
867,10,12,88,19.008002265930266,0.0026590922825889887,0.0015824776564944527,105.42045454545455,153.14772727272728,177.5,-75.06706069680777,173.06930407746273,-242.54998356103897,101,151,175,109,155,180,5.400000214576721,3.0000001192092896,3.6000001430511475,7.149825456796317,2.4000000953674316,1.3416408398118889,3
867,15,13,87,18.79200224018106,0.002628875324832296,0.0015644949558524701,175.48275862068965,140.7816091954023,64.96551724137932,-33.02967658125121,165.64963293623651,-310.07067589924253,171,139,62,180,143,68,6.000000238418579,3.0000001192092896,4.200000166893005,7.914543889459457,2.0784610516732713,2.5455845134240076,6
867,2,14,70,15.12000180244453,0.002115187042968514,0.0012587890449387692,72.44285714285714,182.34285714285716,124.07142857142857,-94.85361992461341,190.5863826956068,-274.60712769201825,71,180,122,74,185,126,2.4000000953674316,3.6000001430511475,3.0000001192092896,5.264978841646728,2.4000000953674316,1.0392305258366357,3
867,18,15,47,10.152001210212756,0.0014201970145645737,0.0008451869301731736,191.36170212765958,130.10638297872342,76.70212765957447,-23.502310098485736,159.24449695171194,-303.02870936850286,188,129,75,194,131,78,4.200000166893005,1.8000000715255737,2.4000000953674316,5.161395365320993,2.0784610516732713,2.7495455262306225,6
867,7,16,33,7.12800084972385,0.0009971596059708708,0.0005934291211854197,84.0909090909091,113.06060606060606,90.93939393939394,-87.86478847807103,149.01703039443854,-294.4863492611683,82,111,90,86,115,92,3.0000001192092896,3.0000001192092896,1.8000000715255737,4.60868763185395,1.6970563422826717,6.919537831760196,6
867,4,17,29,6.264000746727019,0.0008762917749440985,0.00052149831861749,76.75862068965517,112.27586206896552,151.3448275862069,-92.26416169363877,148.54618398074444,-258.24308763290276,75,111,149,78,113,153,2.4000000953674316,1.8000000715255737,3.0000001192092896,4.2426408557066795,1.6970563422826717,13.747727631153113,5
867,14,18,19,4.104000489234944,0.0005741221973771681,0.00034167131219766593,165.26315789473685,136.10526315789474,63.473684210526315,-39.16143726047716,162.8438252022392,-310.9657757533224,164,135,62,167,137,65,2.4000000953674316,1.8000000715255737,2.4000000953674316,3.8418746951220877,1.6970563422826717,3.3941126845653433,15
867,11,19,16,3.456000411987321,0.0004834713241070889,0.00028772321027171864,112.25,86.5625,114.25,-70.96933326125145,133.11816612631083,-280.4999850690365,110,86,113,114,87,116,3.0000001192092896,1.2000000476837158,2.4000000953674316,4.024922519435666,1.2000000476837158,4.200000166893005,6
867,9,20,3,0.6480000772476227,9.065087327007917e-05,5.394810192594724e-05,93.0,221.66666666666666,96.33333333333333,-82.51933372020721,214.18066934744516,-291.2499854962031,93,221,96,93,222,97,0.6000000238418579,1.2000000476837158,1.2000000476837158,1.8000000715255737,1.2000000476837158,6.600000262260437,3
867,16,21,2,0.43200005149841514,6.043391551338611e-05,3.596540128396483e-05,182.0,139.5,66.0,-29.11933159828186,164.88066738843918,-309.4499862194061,182,139,66,182,140,66,0.6000000238418579,1.2000000476837158,0.6000000238418579,1.4696939040702932,1.2000000476837158,1.2000000476837158,6
868,6,1,12484,2696.5443214531074,1.0,0.757800169964793,139.5797020185838,127.73966677347005,143.84187760333228,-52.07639421101031,138.819584359633,63.25513075439643,95,76,72,187,206,188,55.800002217292786,78.60000312328339,70.20000278949738,119.24613675115634,4.800000190734863,inf,-1
868,10,2,2596,560.7360668449428,0.2079461710990067,0.15758164380235523,211.26232665639446,192.38135593220338,146.56471494607086,-9.066817719276955,177.60459939605096,64.88883322495708,183,175,115,236,216,168,32.40000128746033,25.200001001358032,32.40000128746033,52.29302264474016,3.6000001430511475,24.164437638931165,6
868,4,3,389,84.02401001644175,0.031159884652355016,0.02361296588563798,92.4318766066838,181.96658097686375,131.586118251928,-80.36509058224206,171.35573417453963,55.90167485135379,83,178,121,100,186,141,10.800000429153442,5.400000214576721,12.600000500679016,17.45164818016495,2.9393878081405864,4.024922519435666,6
868,8,4,248,53.56800638580348,0.01986542774751682,0.015054024523491564,114.67338709677419,101.43951612903226,156.2459677419355,-67.02018375790888,123.03949334592588,70.69758513329491,110,97,149,122,105,162,7.800000309944153,5.400000214576721,8.40000033378601,12.671227752675058,2.6832816796237777,2.6832816796237777,6
868,5,5,179,38.664004609108154,0.014338353091957705,0.010865606410100766,95.72067039106145,87.93296089385476,113.71508379888269,-78.39181423320451,114.935559882798,45.17905375344793,93,85,109,99,91,118,4.200000166893005,4.200000166893005,6.000000238418579,8.44274870316685,2.9393878081405864,6.654322168264645,6
868,14,6,134,28.944003450393815,0.010733739186158282,0.008134029379628507,287.1268656716418,68.13432835820896,151.79850746268656,36.451907498623,103.05637988937436,68.02910885970984,285,64,148,289,71,158,3.0000001192092896,4.800000190734863,6.600000262260437,8.694826393215008,2.4000000953674316,71.34199607868729,6
868,9,7,131,28.296003373146192,0.010493431592438322,0.007951924244263688,136.96946564885496,78.94656488549619,110.35114503816794,-53.64253609508049,109.5437220635305,43.160690416816536,135,77,103,139,81,117,3.0000001192092896,3.0000001192092896,9.000000357627869,9.949874766438684,2.0784610516732713,3.0000001192092896,6
868,1,8,109,23.544002806663624,0.008731175905158602,0.006616486584921695,0.7522935779816514,83.33944954128441,160.0275229357798,-135.37284258527492,112.17945296173795,72.96651833976081,0,80,153,3,86,165,2.4000000953674316,4.200000166893005,7.800000309944153,9.17823548917731,2.0784610516732713,60.55543156004921,5
868,7,9,103,22.24800265216838,0.00825056071771868,0.006252276314192061,101.33980582524272,151.93203883495147,159.44660194174756,-75.02033283872512,153.33500817331296,72.61796572949122,97,150,155,106,154,164,6.000000238418579,3.0000001192092896,6.000000238418579,9.000000357627869,2.0784610516732713,6.406247205780169,6
868,12,10,39,8.424001004219095,0.0031239987183595,0.002367366759742625,276.8974358974359,196.25641025641025,170.46153846153845,30.314249390210875,179.9296320829636,79.2269279039823,274,193,168,279,199,172,3.6000001430511475,4.200000166893005,3.0000001192092896,6.292853339076425,1.6970563422826717,32.24965244239005,10
868,13,11,38,8.208000978469888,0.003043896187119513,0.0023066650479543526,281.7368421052632,70.1842105263158,156.26315789473685,33.21789323028767,104.28630923911146,70.70789922538557,281,68,154,283,72,160,1.8000000715255737,3.0000001192092896,4.200000166893005,5.466260364696242,1.6970563422826717,1.2000000476837158,14
868,3,12,17,3.6720004377365285,0.001361743031079782,0.0010319291004006314,56.11764705882353,125.58823529411765,173.0,-102.15362917675691,137.52872542072745,80.75000488758087,55,125,172,58,126,174,2.4000000953674316,1.2000000476837158,1.8000000715255737,3.231099012673037,1.2000000476837158,29.104639962038206,7
868,2,13,6,1.2960001544952453,0.00048061518743992306,0.0003642102707296346,51.0,126.33333333333333,171.33333333333334,-105.22421753406525,137.97578426202136,79.75000484784445,50,126,171,52,127,172,1.8000000715255737,1.2000000476837158,1.2000000476837158,2.4738634736730947,1.2000000476837158,1.8973666714956023,3
868,11,14,1,0.21600002574920757,8.010253123998718e-05,6.0701711788272434e-05,266.0,79.0,160.0,23.775787591934204,109.57578313350677,72.95000457763672,266,79,160,266,79,160,0.6000000238418579,0.6000000238418579,0.6000000238418579,1.0392305258366357,1.2000000476837158,9.93176760900108,13
869,8,1,17965,3880.440462584514,1.0,0.4889100557899034,208.41541887002504,216.47759532424158,80.51539103812969,-7.270079646474173,180.567226418273,-196.74076650924349,112,161,28,249,268,155,82.80000329017639,64.80000257492065,76.80000305175781,130.20415257322998,5.499091052461245,inf,-1
869,4,2,17376,3753.216447418231,0.9672140272752575,0.47288066403592327,126.7292817679558,185.2814226519337,141.3846685082873,-56.281763855265,161.84952207111357,-160.21919857591226,69,117,95,186,262,166,70.80000281333923,87.60000348091125,43.20000171661377,120.63432826745436,6.000000238418579,25.29980337609344,8
869,5,3,622,134.3520160160071,0.0346228778179794,0.016927473125595317,104.43408360128618,255.4887459807074,37.41961414790997,-69.65888328682571,203.97391774225082,-222.59823367085872,99,242,24,110,263,54,7.200000286102295,13.200000524520874,18.600000739097595,23.917358663984107,2.9393878081405864,24.63655918014624,4
869,14,4,314,67.82400808525118,0.017478430281102145,0.008545380323853586,162.64331210191082,140.43949044585986,61.289808917197455,-34.733344798634775,134.9443616783543,-208.2761162401764,153,137,57,173,144,65,12.600000500679016,4.800000190734863,5.400000214576721,14.524462701442515,2.6832816796237777,13.469967127634572,8
869,15,5,145,31.320003733635097,0.008071249652101308,0.003946115117703089,276.21379310344827,97.97241379310344,137.77241379310345,33.40894651001898,109.46411467420643,-162.38655149114544,273,95,135,279,101,141,4.200000166893005,4.200000166893005,4.200000166893005,7.274613680856449,2.9393878081405864,73.72679588850897,4
869,11,6,118,25.488003038406493,0.00656832730308934,0.003211321268199755,143.08474576271186,113.05932203389831,93.5,-46.468485068466705,118.51625997838327,-188.9500008225441,140,111,85,146,116,101,4.200000166893005,3.6000001430511475,10.200000405311584,11.603448224567817,2.4000000953674316,3.888444573557615,4
869,2,7,65,14.040001673698493,0.003618146395769552,0.0017689481562117295,54.353846153846156,128.86153846153846,97.78461538461538,-99.70702694929562,127.99759021172156,-186.37923148962167,51,125,96,58,133,99,4.800000190734863,5.400000214576721,2.4000000953674316,7.613146826788975,2.0784610516732713,20.55821085572405,4
869,9,8,50,10.800001287460379,0.0027831895352073478,0.0013607293509320995,113.76,215.44,27.52,-64.06333322525025,179.94466919898986,-228.5380023956299,112,212,26,115,218,29,2.4000000953674316,4.200000166893005,2.4000000953674316,5.400000214576721,2.0784610516732713,5.6603889041576,8
869,1,9,45,9.720001158714341,0.002504870581686613,0.0012246564158388898,52.46666666666667,120.4,106.26666666666667,-100.83933468659718,122.92066693305969,-181.29000051816305,50,119,103,55,121,109,3.6000001430511475,1.8000000715255737,4.200000166893005,5.817216060054983,1.6970563422826717,4.947726947346189,2
869,7,10,25,5.4000006437301895,0.0013915947676036739,0.0006803646754660498,102.56,237.48,22.24,-70.78333349227904,193.16866972446442,-231.7060025215149,102,235,21,104,240,23,1.8000000715255737,3.6000001430511475,1.8000000715255737,4.40908171221088,1.6970563422826717,1.4696939040702932,5
869,3,11,14,3.024000360488906,0.0007792930698580573,0.00038100421826098784,56.92857142857143,96.5,150.64285714285714,-98.16219172307423,108.58066636323929,-154.66428517443794,55,96,150,59,97,152,3.0000001192092896,1.2000000476837158,1.8000000715255737,3.6986485487524687,1.2000000476837158,28.212764190295474,1
869,10,12,2,0.43200005149841514,0.0001113275814082939,5.4429174037283984e-05,133.0,121.0,99.5,-52.5193327665329,123.28066694736481,-185.35000067949295,133,121,99,133,121,100,0.6000000238418579,0.6000000238418579,1.2000000476837158,1.4696939040702932,1.2000000476837158,3.231099012673037,4
869,6,13,1,0.21600002574920757,5.566379070414695e-05,2.7214587018641992e-05,101.0,241.0,23.0,-71.71933352947235,195.28066980838776,-231.25000250339508,101,241,23,101,241,23,0.6000000238418579,0.6000000238418579,0.6000000238418579,1.0392305258366357,1.2000000476837158,0.8485281711413358,5
869,12,14,1,0.21600002574920757,5.566379070414695e-05,2.7214587018641992e-05,141.0,181.0,36.0,-47.719332575798035,159.28066837787628,-223.45000219345093,141,181,36,141,181,36,0.6000000238418579,0.6000000238418579,0.6000000238418579,1.0392305258366357,1.2000000476837158,1.3416408398118889,8
869,13,15,1,0.21600002574920757,5.566379070414695e-05,2.7214587018641992e-05,150.0,176.0,38.0,-42.31933236122131,156.280668258667,-222.2500021457672,150,176,38,150,176,38,0.6000000238418579,0.6000000238418579,0.6000000238418579,1.0392305258366357,1.2000000476837158,0.8485281711413358,8
869,16,16,1,0.21600002574920757,5.566379070414695e-05,2.7214587018641992e-05,283.0,101.0,124.0,37.48067080974579,111.28066647052765,-170.65000009536743,283,101,124,283,101,124,0.6000000238418579,0.6000000238418579,0.6000000238418579,1.0392305258366357,1.2000000476837158,7.469940055621977,15
870,7,1,13995,3022.92036036016,1.0,0.5029649595687331,184.11668453018936,170.96027152554484,71.54312254376563,0.643843232797451,176.7499951163374,116.37587218022253,107,108,18,232,207,127,75.6000030040741,60.00000238418579,66.00000262260437,116.924595729479,5.3665633592475555,inf,-1
870,1,2,11382,2458.5122930774805,0.8132904608788853,0.4090566037735848,99.80820593920225,172.44104726761555,138.80530662449482,-49.94124593186558,177.63846059688427,156.73318423231547,63,132,81,150,236,159,52.800002098083496,63.00000250339508,47.400001883506775,94.88730534450778,5.091169026848015,31.709305888151707,7
870,8,3,1160,250.56002986908078,0.08288674526616649,0.04168912848158131,217.22931034482758,229.1293103448276,81.34051724137932,20.51141951104691,211.65141979476502,122.25430923237883,197,213,60,236,239,99,24.000000953674316,16.200000643730164,24.000000953674316,37.6090429605646,3.3941126845653433,8.094442859583474,7
870,2,4,1016,219.4560261611949,0.07259735619864237,0.036513926325247074,83.8494094488189,167.9005905511811,28.820866141732285,-59.51652420658295,174.9141864587707,90.74251732042455,67,149,18,101,184,38,21.000000834465027,21.600000858306885,12.600000500679016,32.65455687562613,3.3941126845653433,14.274453271260171,7
870,5,5,114,24.624002935409663,0.008145766345123259,0.004097035040431267,103.16666666666667,115.54385964912281,124.75438596491227,-47.92616941531499,143.50014666925398,148.30263150156588,101,111,121,106,121,129,3.6000001430511475,6.600000262260437,5.400000214576721,9.256349540139176,2.4000000953674316,13.655768554720717,1
870,3,6,111,23.97600285816204,0.007931404072883173,0.00398921832884097,94.25225225225225,238.87387387387386,67.13513513513513,-53.27481827649984,217.49815814452128,113.73107962994962,89,237,58,98,241,75,6.000000238418579,3.0000001192092896,10.800000429153442,12.713772565450165,1.6970563422826717,3.7947333429912047,1
870,6,7,27,5.832000695228604,0.0019292604501607716,0.0009703504043126683,108.37037037037037,182.8148148148148,22.444444444444443,-44.803947069026805,183.8627213725337,86.91666415002611,107,180,21,110,185,24,2.4000000953674316,3.6000001430511475,2.4000000953674316,4.947726947346189,1.6970563422826717,1.9899749532877369,7
870,4,8,10,2.160000257492076,0.0007145409074669525,0.0003593890386343216,97.0,103.6,121.4,-51.62616956233978,136.33383059501648,146.28999984264374,96,103,121,98,104,122,1.8000000715255737,1.2000000476837158,1.2000000476837158,2.4738634736730947,1.2000000476837158,4.569464045092525,5
870,9,9,10,2.160000257492076,0.0007145409074669525,0.0003593890386343216,295.6,178.8,131.5,67.5338351726532,181.4538323879242,152.3500000834465,295,178,131,296,180,132,1.2000000476837158,1.8000000715255737,1.2000000476837158,2.4738634736730947,1.2000000476837158,45.40220439386371,8
871,1,1,19539,4220.424503113767,1.0,0.6015701970443349,89.01049183683914,136.62260095194227,142.13050821434055,-55.93452308822102,163.132743516002,116.22830908019917,50,69,26,137,198,193,52.800002098083496,78.00000309944153,100.80000400543213,137.958260037468,5.878775616281173,inf,-1
871,6,2,11851,2559.816305153859,0.6065305286862173,0.36487068965517233,182.98455826512532,139.51843726267825,99.84946418023796,0.44991900926702044,164.8702453714857,90.85968165167897,114,68,54,217,194,152,62.40000247955322,76.20000302791595,59.40000236034393,115.01548178967697,5.3665633592475555,30.558797002089868,1
871,9,3,363,78.40800934696234,0.01857822815906648,0.011176108374384234,201.19559228650138,181.20110192837467,102.2534435261708,11.376539856277546,189.87984516469572,92.302069316554,197,173,87,211,185,111,9.000000357627869,7.800000309944153,15.000000596046448,19.153068400489367,2.6832816796237777,3.9799499065754738,6
871,5,4,296,63.93600762176544,0.015149188801883411,0.009113300492610835,113.17905405405405,77.83445945945945,72.02702702702703,-41.43338518166864,127.8598572188938,74.16621869641381,104,76,69,121,80,75,10.800000429153442,3.0000001192092896,4.200000166893005,11.969962881599573,3.3941126845653433,5.531726894186801,6
871,2,5,140,30.24000360488906,0.007165156865755668,0.004310344827586206,65.85,90.3,70.81428571428572,-69.83081874251366,135.33918184041977,73.43857387985503,59,85,69,75,95,73,10.200000405311584,6.600000262260437,3.0000001192092896,12.513992666029898,2.4000000953674316,10.057833168206493,1
871,4,6,132,28.5120033988954,0.006755719330569629,0.004064039408866994,98.68939393939394,62.81818181818182,125.91666666666667,-50.12718159592513,118.85009027611126,106.50000376502673,93,60,121,106,66,130,8.40000033378601,4.200000166893005,6.000000238418579,11.144505815446882,2.4000000953674316,5.692100014486806,1
871,10,7,86,18.576002214431853,0.00440145350324991,0.002647783251231527,215.0,81.15116279069767,99.75581395348837,19.65918481349945,129.84987929671308,90.80349151339641,213,79,96,217,83,103,3.0000001192092896,3.0000001192092896,4.800000190734863,6.406247205780169,2.6832816796237777,31.663860782909758,6
871,7,8,70,15.12000180244453,0.003582578432877834,0.002155172413793103,118.71428571428571,61.48571428571429,108.48571428571428,-38.112246053559446,118.05060972486223,96.041431920869,117,60,105,120,64,112,2.4000000953674316,3.0000001192092896,4.800000190734863,6.148170703882103,2.4000000953674316,8.919641602825802,4
871,3,9,2,0.43200005149841514,0.00010235938379650953,6.157635467980294e-05,76.5,159.0,150.0,-63.44081848859787,176.5591834783554,120.95000433921814,76,159,150,77,159,150,1.2000000476837158,0.6000000238418579,0.6000000238418579,1.4696939040702932,1.2000000476837158,0.8485281711413358,1
871,8,10,1,0.21600002574920757,5.117969189825477e-05,3.078817733990147e-05,193.0,185.0,82.0,6.459184288978577,192.1591840982437,80.1500027179718,193,185,82,193,185,82,0.6000000238418579,0.6000000238418579,0.6000000238418579,1.0392305258366357,1.2000000476837158,3.8418746951220877,9
872,4,1,13067,2822.4723364648953,1.0,0.4883764389295858,111.13530267085024,184.5841432616515,132.5777148542129,-67.14108137281777,182.4282247328198,118.49663283636623,73,118,36,169,270,162,58.20000231266022,91.80000364780426,76.20000302791595,132.7438186899297,5.878775616281173,inf,-1
872,13,2,8714,1882.2242243785947,0.6668707430932884,0.3256839587382269,203.3356667431719,217.1712187284829,86.14677530410833,-11.820860731196774,201.98047078985508,90.63806799930363,154,165,38,231,253,164,46.80000185966492,53.400002121925354,76.20000302791595,104.15488880576213,4.489989042544857,32.24407050337076,4
872,14,3,2036,439.77605242538664,0.1558123517257213,0.07609508147705187,168.95530451866404,157.65225933202356,55.28831041257367,-32.44907888559321,166.2690937329369,72.12298832865969,159,151,38,186,165,95,16.80000066757202,9.000000357627869,34.80000138282776,39.67719905830723,5.499091052461245,2.6832816796237777,13
872,6,4,1773,382.96804565334503,0.13568531415014923,0.06626551053969203,114.39029892837,116.2741116751269,86.59672870840383,-65.18808354070075,141.44220415226698,90.90804005260865,108,109,55,119,130,115,7.200000286102295,13.200000524520874,36.60000145435333,39.568170597411886,3.9799499065754738,1.2000000476837158,4
872,5,5,478,103.24801230812122,0.03658069947195225,0.01786515174166542,109.00836820083683,142.14853556485355,43.09414225941423,-68.41724210553588,156.96685910299732,64.80648714603241,99,127,38,117,157,52,11.4000004529953,18.600000739097595,9.000000357627869,23.59915346490263,2.6832816796237777,2.163330851241435,6
872,7,6,193,41.68800496959706,0.014770031376750592,0.007213335326655702,121.61139896373057,204.29533678756476,29.207253886010363,-60.85542334731997,194.25494131831925,56.474353790900864,108,194,27,131,214,31,14.40000057220459,12.600000500679016,3.0000001192092896,19.36801563949853,2.0784610516732713,21.085540906830776,13
872,3,7,172,37.152004428863705,0.013162929517104157,0.006428464643444461,49.656976744186046,153.8081395348837,105.41279069767442,-104.02807839457378,163.96262176300203,102.19767769478088,46,147,103,54,160,108,5.400000214576721,8.40000033378601,3.6000001430511475,10.615084029578005,2.6832816796237777,13.295112411996483,4
872,1,8,148,31.96800381088272,0.011326241677508227,0.005531469576917326,34.62162162162162,188.5,108.43243243243244,-113.04929182658324,184.77773886919022,104.00946280762956,32,186,102,38,192,114,4.200000166893005,4.200000166893005,7.800000309944153,9.804081172600084,2.6832816796237777,17.097368897918383,3
872,10,9,47,10.152001210212756,0.003596847019208694,0.0017566153386156375,127.04255319148936,190.08510638297872,32.808510638297875,-57.596730681175885,185.72880273676932,58.635107928134026,124,188,32,130,191,34,4.200000166893005,2.4000000953674316,1.8000000715255737,5.161395365320993,2.0784610516732713,1.9899749532877369,7
872,2,10,43,9.288001107215926,0.003290732379276039,0.0016071161608611152,42.58139534883721,186.48837209302326,114.81395348837209,-108.2734274004781,183.57076207704324,107.83837559334067,41,185,113,44,188,117,2.4000000953674316,2.4000000953674316,3.0000001192092896,4.52990084116453,1.6970563422826717,1.8973666714956023,1
872,16,11,31,6.696000798225435,0.0023723884594780745,0.001158618627597548,187.19354838709677,94.41935483870968,181.4516129032258,-21.50613212969995,128.32934952935864,147.8209728310185,185,93,180,189,96,183,3.0000001192092896,2.4000000953674316,2.4000000953674316,4.52990084116453,1.6970563422826717,42.09418179296935,4
872,8,12,24,5.184000617980981,0.0018366878395959284,0.0008969950665271339,116.79166666666667,174.41666666666666,30.875,-63.74726284046967,176.32773853341737,57.475001499056816,115,172,30,119,178,32,3.0000001192092896,4.200000166893005,1.8000000715255737,5.466260364696242,1.6970563422826717,9.079647931045713,10
872,12,13,19,4.104000489234944,0.0014540445396801103,0.0007101210943339811,146.78947368421052,149.05263157894737,40.78947368421053,-45.74857791473991,161.1093168760601,63.4236859459626,144,148,40,148,150,42,3.0000001192092896,1.8000000715255737,1.8000000715255737,3.934463270922718,1.6970563422826717,10.733126718495111,13
872,9,14,6,1.2960001544952453,0.0004591719598989821,0.00022424876663178347,117.66666666666667,194.66666666666666,32.5,-63.22226281960805,188.477739016215,58.450001537799835,117,194,32,118,195,33,1.2000000476837158,1.2000000476837158,1.2000000476837158,2.0784610516732713,1.2000000476837158,4.024922519435666,10
872,11,15,3,0.6480000772476227,0.00022958597994949105,0.00011212438331589174,131.33333333333334,192.0,31.333333333333332,-55.02226249376932,186.87773895263672,57.75000150998433,131,192,31,132,192,32,1.2000000476837158,0.6000000238418579,1.2000000476837158,1.8000000715255737,1.2000000476837158,0.8485281711413358,10
872,15,16,2,0.43200005149841514,0.0001530573199663274,7.474958887726116e-05,182.5,255.0,50.0,-24.32226127386093,224.67774045467377,68.95000195503235,182,255,50,183,255,50,1.2000000476837158,0.6000000238418579,0.6000000238418579,1.4696939040702932,1.2000000476837158,5.939697197989351,13
873,4,1,29436,6358.176757953674,1.0,0.6439587845376386,239.19065090365538,202.38612583231418,86.13113194727545,-5.278572505057269,197.13871157464976,-199.37132182986633,121,145,38,299,248,160,107.40000426769257,62.40000247955322,73.80000293254852,144.48170008341125,6.8934754497677275,inf,-1
873,1,2,14955,3230.2803850793994,0.5080513656746841,0.32716413992255694,138.66151788699432,187.6086258776329,164.83824807756602,-65.5960547118552,188.27221124951794,-152.1470502751681,79,112,116,193,274,187,69.00000274181366,97.80000388622284,43.20000171661377,127.24810916799875,5.878775616281173,38.409375382121524,4
873,9,3,529,114.2640136213308,0.01797119173800788,0.01157270678830041,250.2835538752363,274.4423440453686,130.74291115311908,1.3771695423667154,240.37244422043653,-172.60425324273245,235,264,126,262,283,139,16.80000066757202,12.000000476837158,8.40000033378601,22.289011630893764,3.3941126845653433,15.885843385095148,4
873,3,4,258,55.72800664329555,0.008764777823073788,0.005644155673689046,131.93798449612405,143.72868217054264,164.5503875968992,-69.63017490667889,161.9442439790844,-152.31976657043134,121,140,160,142,150,169,13.200000524520874,6.600000262260437,6.000000238418579,15.931102289867207,2.6832816796237777,3.8418746951220877,1
873,10,5,199,42.984005124092306,0.006760429406169317,0.004353437903349303,269.51256281407035,256.42713567839195,139.60804020100502,12.914575364122442,229.5633187707345,-167.28517560263975,263,250,137,278,264,142,9.600000381469727,9.000000357627869,3.6000001430511475,13.642580943189925,2.6832816796237777,0.8485281711413358,9
873,12,6,195,42.12000502109547,0.006624541377904606,0.004265931613834744,321.06666666666666,56.04102564102564,146.7128205128205,43.84703890482584,109.33164797073755,-163.0223072461593,316,52,144,325,64,150,6.000000238418579,7.800000309944153,4.200000166893005,10.699533125237435,2.6832816796237777,94.32794234547072,4
873,5,7,64,13.824001647949284,0.002174208452235358,0.0014001006322329418,186.8125,139.203125,62.984375,-36.70546429604292,159.22890956886113,-213.2593765500933,182,137,62,191,142,64,6.000000238418579,3.6000001430511475,1.8000000715255737,7.224957034369364,2.0784610516732713,1.8973666714956023,4
873,13,8,23,4.968000592231774,0.0007813561625220818,0.0005031611647087134,337.04347826086956,212.30434782608697,127.91304347826087,53.43312624226445,203.08964500738227,-174.30217391511667,336,211,127,339,213,129,2.4000000953674316,1.8000000715255737,1.8000000715255737,3.498571275927907,1.6970563422826717,25.603906969430053,4
873,8,9,16,3.456000411987321,0.0005435521130588395,0.00035002515805823546,232.0625,216.625,154.75,-9.555463217198849,205.68203641474247,-158.1999993622303,231,216,153,234,217,157,2.4000000953674316,1.2000000476837158,3.0000001192092896,4.024922519435666,1.2000000476837158,5.091169026848015,4
873,11,10,15,3.2400003862381137,0.0005095801059926621,0.00032814858567959575,285.1333333333333,240.86666666666667,137.86666666666667,22.28703804810843,220.22703699270883,-168.32999976476032,284,239,137,286,242,139,1.8000000715255737,2.4000000953674316,1.8000000715255737,3.498571275927907,1.6970563422826717,2.163330851241435,4
873,6,11,6,1.2960001544952453,0.00020383204239706482,0.00013125943427183827,192.66666666666666,269.1666666666667,190.83333333333334,-33.19296415646872,237.20703766743344,-136.54999850193659,192,268,190,193,270,191,1.2000000476837158,1.8000000715255737,1.2000000476837158,2.4738634736730947,1.2000000476837158,43.84928907983844,8
873,14,12,6,1.2960001544952453,0.00020383204239706482,0.00013125943427183827,352.6666666666667,226.5,125.33333333333333,62.807039658228575,211.60703665018082,-175.8500000635783,352,226,125,353,227,126,1.2000000476837158,1.2000000476837158,1.2000000476837158,2.0784610516732713,1.2000000476837158,11.095945646257405,13
873,2,13,5,1.080000128746038,0.00016986003533088736,0.00010938286189319858,119.2,152.6,49.0,-77.27296590805054,167.26703488826752,-221.65000188350677,118,152,49,120,153,49,1.8000000715255737,1.2000000476837158,0.6000000238418579,2.2449945212724285,1.2000000476837158,1.3416408398118889,4
873,7,14,4,0.8640001029968303,0.00013588802826470988,8.750628951455886e-05,193.5,269.5,193.0,-32.692964136600494,237.4070376753807,-135.24999845027924,193,269,193,194,270,193,1.2000000476837158,1.2000000476837158,0.6000000238418579,1.8000000715255737,1.2000000476837158,1.2000000476837158,6
874,3,1,18593,4016.0884787550162,1.0,0.6616490516351732,116.86871403216264,179.33942881729683,141.14032162641854,-55.697128169335144,177.78530219116328,-216.86579145207014,65,97,62,170,254,168,63.60000252723694,94.80000376701355,64.2000025510788,130.97191058867872,6.000000238418579,inf,-1
874,7,2,8703,1879.8482240953535,0.4680793847146776,0.3097042809864418,193.13719407101,183.43237963920487,76.88808456853958,-9.936038327644468,180.24107278189166,-255.41713521869022,133,113,47,224,217,122,55.20000219345093,63.00000250339508,45.6000018119812,95.36981033239744,4.489989042544857,25.72314235441702,3
874,2,3,467,100.87201202487994,0.025116979508417146,0.016618625671684283,67.32334047109208,141.73233404710922,111.67880085653105,-85.42435348723123,155.2210444324277,-234.54270461642,62,137,99,74,149,124,7.800000309944153,7.800000309944153,15.600000619888306,19.106020752913814,2.9393878081405864,1.9899749532877369,3
874,4,4,191,41.25600491809865,0.01027268326789652,0.006796911141952244,70.2303664921466,234.18848167539267,41.109947643979055,-83.68013780528962,210.6947352137241,-276.8840182264438,68,225,35,73,244,51,3.6000001430511475,12.000000476837158,10.200000405311584,16.155495063365183,2.4000000953674316,6.81469028575178,3
874,1,5,105,22.680002703666794,0.005647286613241542,0.0037365218319632756,52.76190476190476,82.29523809523809,124.63809523809523,-94.16121525991531,119.55878544421424,-226.76712767850785,46,81,121,60,83,129,9.000000357627869,1.8000000715255737,5.400000214576721,10.64894403273031,1.6970563422826717,32.03123602890085,3
874,5,6,34,7.344000875473057,0.0018286451890496423,0.0012099213551119178,89.97058823529412,117.67647058823529,128.05882352941177,-71.83600428875755,140.78752578356688,-224.7146906221614,88,116,127,92,119,130,3.0000001192092896,2.4000000953674316,2.4000000953674316,4.52990084116453,1.6970563422826717,9.35307473252972,3
874,6,7,8,1.7280002059936606,0.00043026945624697466,0.00028468737767339244,130.25,97.875,99.75,-47.66835626959801,128.90664295852184,-241.69998541474342,130,97,99,131,99,101,1.2000000476837158,1.8000000715255737,1.8000000715255737,2.8142495677222836,1.2000000476837158,2.6832816796237777,3
875,1,1,32095,6932.520826420817,1.0,0.8023950598764968,105.79383081476865,140.15793737342264,125.53837046268889,-37.86451930131732,163.7539454531792,-125.22697778107649,53,71,41,160,233,183,64.80000257492065,97.80000388622284,85.80000340938568,145.3462131563995,6.462198025346074,inf,-1
875,6,2,5477,1183.0321410284098,0.17064963389936127,0.13692842321058027,190.40405331385796,178.78820522183676,132.43472704035057,12.901616215401162,186.93210708324506,-121.08916367005753,171,132,98,216,225,163,27.600001096725464,56.400002241134644,39.60000157356262,74.23530452530926,4.32666170248287,29.643887562827715,1
875,7,3,863,186.40802222156614,0.026888923508334633,0.021575539388484714,217.1066048667439,183.04287369640787,92.28852838933952,28.923147783771157,189.4849082694269,-145.17688381782412,207,177,76,222,190,107,9.600000381469727,8.40000033378601,19.200000762939453,23.051248170732524,3.6000001430511475,0.8485281711413358,6
875,8,4,810,174.96002085685814,0.0252375759464091,0.020250506262656568,225.75185185185185,102.21728395061729,131.52962962962962,34.11029618095469,140.98955249492033,-121.6322221380693,221,96,117,230,109,144,6.000000238418579,8.40000033378601,16.80000066757202,19.718012853709382,3.6000001430511475,24.127164074187046,6
875,2,5,326,70.41600839424167,0.010157345380900453,0.008150203755093878,84.5122699386503,168.340490797546,162.44478527607362,-50.633456334380284,180.66347817957768,-103.08312801312816,77,165,156,92,173,168,9.600000381469727,5.400000214576721,7.800000309944153,13.496666791351723,2.9393878081405864,1.8973666714956023,1
875,3,6,197,42.55200507259389,0.00613802773017604,0.0049251231280782026,117.73096446700508,105.08629441624366,56.36040609137056,-30.70223882537202,142.7109588426987,-166.7337580531987,114,100,53,122,113,59,5.400000214576721,8.40000033378601,4.200000166893005,10.833282481636626,2.6832816796237777,3.6496576632032918,1
875,5,7,185,39.9600047636034,0.005764137716155165,0.004625115627890697,152.66486486486485,121.53513513513514,49.68648648648649,-9.741897753767077,152.5802636662045,-170.73810997524777,149,115,48,157,128,52,5.400000214576721,8.40000033378601,3.0000001192092896,10.426888732516977,2.6832816796237777,7.249827872239009,1
875,4,8,45,9.720001158714341,0.0014020875525782833,0.0011250281257031427,121.0,129.44444444444446,50.577777777777776,-28.740817427635193,157.32584944036273,-170.20333517922296,118,127,49,124,132,52,4.200000166893005,3.6000001430511475,2.4000000953674316,6.029925612280241,1.6970563422826717,3.5496480109101034,1
875,9,9,1,0.21600002574920757,3.1157501168406295e-05,2.500062501562539e-05,230.0,109.0,134.0,36.65918517112732,145.0591822862625,-120.14999985694885,230,109,134,230,109,134,0.6000000238418579,0.6000000238418579,0.6000000238418579,1.0392305258366357,1.2000000476837158,0.8485281711413358,8
876,2,1,14802,3197.2323811397705,1.0,0.546138803822455,126.729293338738,171.88332657748953,158.5764085934333,-55.77882722529539,153.81359379451158,-237.90413885615254,72,104,70,180,250,193,65.40000259876251,88.20000350475311,74.40000295639038,132.63393758034744,5.628499135444567,inf,-1
876,9,2,10607,2291.1122731218447,0.7165923523848129,0.3913588901597609,213.1500895634958,215.08400113132836,106.52710474215141,-3.926347430008363,179.7339995567992,-269.1337224078738,172,138,62,240,271,165,41.400001645088196,80.40000319480896,62.40000247955322,109.87211183638387,4.947726947346189,29.26499731870374,2
876,4,3,702,151.6320180759437,0.04742602351033644,0.025901191749990775,101.12535612535612,180.26353276353277,50.58119658119658,-71.14119016376995,158.84171770593719,-302.7012686383011,95,160,40,106,197,63,7.200000286102295,22.8000009059906,14.40000057220459,27.911289148166155,2.9393878081405864,28.428859706818468,2
876,7,4,580,125.28001493454039,0.03918389406836914,0.021399845035604916,150.16379310344828,104.6103448275862,122.26034482758621,-41.71812680774721,113.4498031406567,-259.6937779815033,135,101,115,166,108,136,19.200000762939453,4.800000190734863,13.200000524520874,23.789074067211644,3.3941126845653433,4.60868763185395,2
876,10,5,252,54.432006488800305,0.0170247263883259,0.009297863705124892,265.8174603174603,156.23015873015873,118.09126984126983,27.674076278058294,144.4216927129125,-262.1952230726916,263,151,111,269,162,126,4.200000166893005,7.200000286102295,9.600000381469727,12.713772565450165,2.6832816796237777,40.698404534277124,9
876,8,6,121,26.136003115654116,0.00817457100391839,0.004464450429841715,171.69421487603304,165.71900826446281,66.82644628099173,-28.7998732308711,150.11500265972674,-292.9541184311071,163,164,63,179,167,71,10.200000405311584,2.4000000953674316,5.400000214576721,11.788130091051286,2.0784610516732713,4.874423236473746,9
876,3,7,19,4.104000489234944,0.001283610322929334,0.0007010294063387818,83.0,131.10526315789474,103.94736842105263,-82.0164042711258,129.3467547705299,-270.68156426203876,82,130,103,84,133,105,1.8000000715255737,2.4000000953674316,1.8000000715255737,3.498571275927907,1.6970563422826717,3.1176915775099068,2
876,5,8,16,3.456000411987321,0.001080935008782597,0.0005903405527063425,104.75,141.25,72.75,-68.96640375256538,135.43359711766243,-289.3999860584736,104,140,72,106,143,74,1.8000000715255737,2.4000000953674316,1.8000000715255737,3.498571275927907,1.6970563422826717,11.556816629781549,4
876,1,9,2,0.43200005149841514,0.00013511687609782462,7.379256908829281e-05,61.0,152.5,164.0,-95.21640479564667,142.18359738588333,-234.64998388290405,61,152,164,61,153,164,0.6000000238418579,1.2000000476837158,0.6000000238418579,1.4696939040702932,1.2000000476837158,25.575770799426316,2
876,6,10,2,0.43200005149841514,0.00013511687609782462,7.379256908829281e-05,105.0,133.0,76.5,-68.81640374660492,130.4835969209671,-287.1499859690666,105,133,76,105,133,77,0.6000000238418579,0.6000000238418579,1.2000000476837158,1.4696939040702932,1.2000000476837158,4.368066107139657,5
877,1,1,17568,3794.6884523620784,1.0,0.5569363428861273,97.04178051001821,154.8012295081967,156.234118852459,-47.60500750533273,153.05066327066694,-189.30951275658168,47,83,50,150,238,207,62.40000247955322,93.60000371932983,94.80000376701355,147.1113922166893,5.3665633592475555,inf,-1
877,5,2,12548,2710.3683231010564,0.7142531876138434,0.39779355820441287,190.6412974179152,193.46772394007013,115.43664328976729,8.554704870991856,176.25056085167205,-213.7879990668843,144,113,73,227,242,199,50.400002002716064,78.00000309944153,76.20000302791595,120.12743711093262,4.489989042544857,21.881499904065212,1
877,2,3,982,212.11202528572184,0.05589708561020037,0.031131118437737765,69.58044806517312,200.65682281059063,152.20061099796334,-64.08180762696898,180.5640203453858,-191.7296175654454,54,189,133,83,209,167,18.000000715255737,12.600000500679016,21.000000834465027,30.39342154831947,3.3941126845653433,1.3416408398118889,1
877,8,4,218,47.08800561332725,0.012408925318761385,0.006910981486178036,177.57339449541286,87.45871559633028,195.77522935779817,0.713962805927352,112.64515331797644,-165.58484551064464,171,84,191,184,90,200,8.40000033378601,4.200000166893005,6.000000238418579,11.144505815446882,2.6832816796237777,40.777936830480435,1
877,7,5,109,23.544002806663624,0.006204462659380692,0.003455490743089018,159.13761467889907,229.32110091743118,174.70642201834863,-10.347505523524163,197.7625878928998,-178.22613041663388,153,225,173,165,231,177,7.800000309944153,4.200000166893005,3.0000001192092896,9.35307473252972,2.4000000953674316,8.919641602825802,5
877,10,6,104,22.464002677917588,0.005919854280510018,0.003296981993406036,258.0192307692308,117.52884615384616,101.0,48.981466488196304,130.68723236941375,-222.4499853849411,255,116,98,262,119,104,4.800000190734863,2.4000000953674316,4.200000166893005,6.81469028575178,2.4000000953674316,37.00108253557867,5
877,3,7,7,1.512000180244453,0.00039845173041894356,0.0002219122495561755,82.71428571428571,162.0,186.71428571428572,-56.20150472436633,157.36992573738098,-171.02141191278184,82,161,186,83,163,188,1.2000000476837158,1.8000000715255737,1.8000000715255737,2.8142495677222836,1.2000000476837158,5.6603889041576,1
877,9,8,5,1.080000128746038,0.000284608378870674,0.00015850874968298252,227.8,134.2,90.2,30.849927306175232,140.68992507457733,-228.92998564243317,227,133,90,228,135,91,1.2000000476837158,1.8000000715255737,1.2000000476837158,2.4738634736730947,1.2000000476837158,16.74634354978331,5
877,4,9,2,0.43200005149841514,0.0001138433515482696,6.3403499873193e-05,86.5,203.0,50.0,-53.93007606267929,181.96992671489716,-253.04998660087585,86,203,50,87,203,50,1.2000000476837158,0.6000000238418579,0.6000000238418579,1.4696939040702932,1.2000000476837158,6.867314158238295,1
877,6,10,1,0.21600002574920757,5.69216757741348e-05,3.17017499365965e-05,144.0,124.0,77.0,-19.43007469177246,134.56992483139038,-236.8499859571457,144,124,77,144,124,77,0.6000000238418579,0.6000000238418579,0.6000000238418579,1.0392305258366357,1.2000000476837158,0.8485281711413358,5
878,6,1,16378,3537.6484217205216,1.0,0.5401358749422862,174.39546953229942,166.14250824276468,79.79191598485774,7.29646556479166,175.8446885943049,-253.6748362996666,66,99,38,222,236,140,94.20000374317169,82.80000329017639,61.800002455711365,139.816742751334,5.230678940097307,inf,-1
878,2,2,12873,2780.568331469549,0.7859934057882525,0.4245432359343051,89.91175328206323,167.5680105647479,144.94725394235996,-43.393766199598815,176.69999002148143,-214.58163197174093,43,98,72,134,237,181,55.20000219345093,84.00000333786011,66.00000262260437,120.24575314372346,5.091169026848015,24.43112865660859,6
878,8,3,310,66.96000798225435,0.018927830015874957,0.010223600026383485,87.2,103.90645161290323,67.26451612903226,-45.02081823348999,138.5030531325648,-261.19127651183834,75,97,62,98,111,73,14.40000057220459,9.000000357627869,7.200000286102295,18.444512111646308,2.6832816796237777,3.888444573557615,6
878,1,4,294,63.50400757026703,0.017950909756991085,0.009695930347602402,35.11904761904762,160.7891156462585,56.30612244897959,-76.26939090376808,172.63265290876635,-267.7663129811384,32,151,53,39,171,60,4.800000190734863,12.600000500679016,4.800000190734863,14.3122330989689,2.6832816796237777,22.649504205822648,6
878,7,5,198,42.768005098343096,0.012089388203687873,0.006529912274915902,76.45959595959596,196.56060606060606,142.09595959595958,-51.465060913803605,194.09554801023367,-216.29240864756133,74,190,137,80,204,147,4.200000166893005,9.000000357627869,6.600000262260437,11.924764622458628,2.6832816796237777,3.1176915775099068,2
878,4,6,110,23.760002832412834,0.006716326779826597,0.0036277290416199463,65.12727272727273,120.33636363636364,59.58181818181818,-58.26445512338118,148.36100073836067,-265.8008954633366,61,117,58,69,125,62,5.400000214576721,5.400000214576721,3.0000001192092896,8.20487692473891,2.0784610516732713,2.7495455262306225,6
878,9,7,70,15.12000180244453,0.0042740261326169255,0.0023085548446672385,159.85714285714286,235.17142857142858,69.18571428571428,-1.4265307869229957,217.26204243728094,-260.0385575720242,154,234,68,165,236,71,7.200000286102295,1.8000000715255737,2.4000000953674316,7.800000309944153,1.6970563422826717,1.9899749532877369,6
878,3,8,55,11.880001416206417,0.0033581633899132986,0.0018138645208099732,54.81818181818182,114.05454545454545,91.25454545454545,-64.4499099146236,144.59190967949954,-246.79725834456357,52,112,89,57,117,94,3.6000001430511475,3.6000001430511475,3.6000001430511475,6.2353831550198136,2.0784610516732713,1.4696939040702932,2
878,5,9,34,7.344000875473057,0.0020759555501282207,0.0011212980674098014,62.911764705882355,102.0,120.8529411764706,-59.59375998903723,137.3591821193695,-229.03822020572773,62,101,118,64,103,123,1.8000000715255737,1.8000000715255737,3.6000001430511475,4.40908171221088,2.0784610516732713,3.888444573557615,2
879,2,1,22182,4791.312571168923,1.0,0.6076927291655252,217.91362365882247,184.22504733567757,102.0050040573438,1.4366559532591339,203.72350935617396,-1112.84704396173,109,120,35,273,247,177,99.00000393390656,76.80000305175781,85.80000340938568,151.85809768568194,5.499091052461245,inf,-1
879,1,2,14060,3036.9603620338585,0.63384726354702,0.38518437345898854,130.70761024182076,169.90682788051208,170.68328591749645,-50.88695417609527,195.1325773417017,-1071.6400732082204,65,93,97,186,262,200,73.20000290870667,102.00000405311584,62.40000247955322,140.19986291761685,5.499091052461245,32.39444525530296,2
879,3,3,260,56.16000669479397,0.011721215399873771,0.0071228973754862744,237.4269230769231,84.4,191.7153846153846,13.144636069352828,143.8284785747528,-1059.0208134880434,233,82,185,243,89,202,6.600000262260437,4.800000190734863,10.800000429153442,13.536617545111005,2.6832816796237777,45.295034640120335,1
880,1,1,9655,2085.480248608599,1.0,0.41697257611746924,119.50160538581046,148.7173485240808,124.73360952874158,-67.11153391937343,175.91791266014638,-181.2098191018428,63,108,64,166,198,148,62.40000247955322,54.60000216960907,51.00000202655792,97.34434114563864,4.947726947346189,inf,-1
880,5,2,9592,2071.872246986399,0.9934748834800622,0.41425178147268416,213.5137614678899,189.80817347789824,74.11301084236864,-10.704238028701297,200.57240861211847,-211.58217952055568,135,154,24,249,217,139,69.00000274181366,38.400001525878906,69.60000276565552,105.26025308983942,4.800000190734863,33.56784308754467,1
880,2,3,3179,686.6640818567308,0.3292594510616261,0.13729216152019003,104.49512425290972,241.82604592639194,71.90751808744888,-76.11542295689625,231.78313332141738,-212.9054752260906,88,208,14,123,256,118,21.600000858306885,29.400001168251038,63.00000250339508,72.80055234130994,3.6000001430511475,13.708392135277576,1
880,3,4,417,90.07201073741956,0.04319005696530295,0.01800906931548262,110.8441247002398,154.90407673860912,135.10071942446044,-72.30602253712625,179.62994973636646,-174.98955291724033,101,151,129,122,158,142,13.200000524520874,4.800000190734863,8.40000033378601,16.36581868670221,3.3941126845653433,3.6986485487524687,1
880,6,5,186,40.17600478935261,0.019264629725530814,0.008032822284603757,144.44086021505376,122.41935483870968,131.16666666666666,-52.14798042722927,160.13911582193066,-177.34998466571173,141,116,129,148,128,134,4.800000190734863,7.800000309944153,3.6000001430511475,9.84073207114958,2.6832816796237777,1.3416408398118889,1
880,8,6,63,13.608001622200076,0.006525116519937856,0.0027207946447851436,171.95238095238096,137.25396825396825,139.85714285714286,-35.641067328907184,169.03988422477056,-172.1356987442289,170,136,137,174,140,142,3.0000001192092896,3.0000001192092896,3.6000001430511475,5.564171318397717,2.4000000953674316,2.4000000953674316,1
880,4,7,60,12.960001544952455,0.006214396685655101,0.0025912329950334703,115.41666666666667,202.66666666666666,127.01666666666667,-69.56249724825223,208.28750483194986,-179.8399847646554,114,199,125,117,206,130,2.4000000953674316,4.800000190734863,3.6000001430511475,6.462198025346074,2.0784610516732713,5.466260364696242,2
880,9,8,2,0.43200005149841514,0.00020714655618850336,8.637443316778233e-05,212.5,240.0,94.0,-11.312494933605194,230.6875057220459,-199.6499855518341,212,240,94,213,240,94,1.2000000476837158,0.6000000238418579,0.6000000238418579,1.4696939040702932,1.2000000476837158,21.24711829583552,5
880,7,9,1,0.21600002574920757,0.00010357327809425168,4.318721658389117e-05,168.0,137.0,140.0,-38.01249599456787,168.88750326633453,-172.04998445510864,168,137,140,168,137,140,0.6000000238418579,0.6000000238418579,0.6000000238418579,1.0392305258366357,1.2000000476837158,1.2000000476837158,1
881,1,1,17080,3689.280439796465,1.0,0.5531088082901555,99.45444964871194,161.95954332552694,162.58319672131148,-62.65252315209398,158.85053454423257,-171.00006588389638,38,90,55,158,232,200,72.60000288486481,85.80000340938568,87.60000348091125,142.49968987260513,5.091169026848015,inf,-1
881,10,2,11895,2569.3203062868242,0.6964285714285715,0.38520077720207263,188.97284573350146,167.91685582177385,99.6078184110971,-8.941483366935387,162.42492218401412,-208.78529437147503,112,107,51,234,208,168,73.80000293254852,61.20000243186951,70.80000281333923,119.18272160373687,4.800000190734863,30.40526391056441,1
881,13,3,531,114.69601367282922,0.03108899297423888,0.017195595854922283,193.83992467043313,223.77212806026364,144.06591337099812,-6.021235888736172,195.93808685880146,-182.11043633557085,181,214,133,203,231,160,13.800000548362732,10.800000429153442,16.80000066757202,24.275914953610844,2.6832816796237777,3.6986485487524687,10
881,6,4,437,94.3920112524037,0.025585480093676817,0.014151554404145079,99.53546910755149,163.62700228832952,54.51716247139588,-62.60391147485859,159.85100996166943,-235.83968901034078,92,152,49,108,177,59,10.200000405311584,15.600000619888306,6.600000262260437,19.77270924963774,2.6832816796237777,2.5455845134240076,10
881,12,5,270,58.32000695228604,0.015807962529274005,0.008743523316062178,149.24074074074073,101.93333333333334,105.75185185185185,-32.78074730987902,122.83480711778006,-205.098874160537,146,98,101,152,106,110,4.200000166893005,5.400000214576721,6.000000238418579,9.099450894441539,3.3941126845653433,8.674099721558317,10
881,3,6,171,36.936004403114495,0.010011709601873538,0.0055375647668393785,54.80701754385965,122.02923976608187,128.93567251461988,-89.4409834794831,134.89235145655292,-191.18858121013085,50,118,125,58,128,133,5.400000214576721,6.600000262260437,5.400000214576721,10.093562705838563,2.6832816796237777,7.77688914711523,1
881,4,7,120,25.92000308990491,0.007025761124121781,0.003886010362694301,89.21666666666667,167.425,48.90833333333333,-68.79519318540892,162.12980867922306,-239.2049866269032,87,159,45,91,175,53,3.0000001192092896,10.200000405311584,5.400000214576721,11.924764622458628,2.0784610516732713,2.2449945212724285,6
881,9,8,116,25.056002986908076,0.006791569086651053,0.003756476683937824,114.42241379310344,113.31896551724138,65.77586206896552,-53.671744308594995,129.6661866995795,-229.08446898337067,112,110,64,117,117,68,3.6000001430511475,4.800000190734863,3.0000001192092896,6.708204199059444,2.6832816796237777,8.049845038871332,10
881,2,9,112,24.192002883911247,0.006557377049180328,0.003626943005181347,42.392857142857146,147.79464285714286,102.84821428571429,-96.88948001606124,150.3515939254846,-206.84105676944768,40,143,100,44,153,106,3.0000001192092896,6.600000262260437,4.200000166893005,8.378544359194791,2.4000000953674316,10.883014720782366,1
881,11,10,55,11.880001416206417,0.003220140515222483,0.0017810880829015547,134.70909090909092,100.50909090909092,93.4,-41.49973755533044,121.980261629278,-212.50998556613922,131,99,91,138,102,96,4.800000190734863,2.4000000953674316,3.6000001430511475,6.462198025346074,1.6970563422826717,6.029925612280241,12
881,14,11,35,7.560000901222265,0.0020491803278688526,0.001133419689119171,195.77142857142857,208.05714285714285,166.2,-4.862333502088276,186.50909536225453,-168.82998383045197,194,206,165,197,210,168,2.4000000953674316,3.0000001192092896,2.4000000953674316,4.52990084116453,2.0784610516732713,2.5455845134240076,10
881,7,12,30,6.480000772476227,0.0017564402810304452,0.0009715025906735752,100.33333333333333,135.76666666666668,60.93333333333333,-62.12519292036693,143.1348079244296,-231.9899863402049,99,133,59,101,138,63,1.8000000715255737,3.6000001430511475,3.0000001192092896,5.019960358679748,1.6970563422826717,8.756712059556316,6
881,8,13,24,5.184000617980981,0.001405152224824356,0.0007772020725388601,105.91666666666667,128.58333333333334,62.708333333333336,-58.77519278724988,138.82480775316557,-230.92498629788557,104,128,61,109,129,64,3.6000001430511475,1.2000000476837158,2.4000000953674316,4.489989042544857,1.2000000476837158,3.3941126845653433,7
881,5,14,4,0.8640001029968303,0.000234192037470726,0.0001295336787564767,89.5,157.25,54.25,-68.62519317865372,156.02480843663216,-235.99998649954796,89,157,54,90,158,55,1.2000000476837158,1.2000000476837158,1.2000000476837158,2.0784610516732713,1.2000000476837158,0.8485281711413358,4
882,4,1,25276,5459.616650836971,1.0,0.549669450243563,116.65635385345783,163.20406709922457,134.43432505143218,-56.81868490662109,164.60994415062294,-176.38938955694536,68,90,35,170,250,183,61.800002455711365,96.60000383853912,89.40000355243683,145.40688319439153,6.462198025346074,inf,-1
882,11,2,19965,4312.440514082929,0.7898797278050325,0.43417275574112735,209.2014525419484,192.80190333082896,90.4175306786877,-1.2916234870796472,182.36864659525298,-202.79946723003422,136,115,38,252,258,158,70.20000278949738,86.40000343322754,72.60000288486481,132.90508419089747,5.878775616281173,28.85619632202869,4
882,13,3,285,61.56000733852416,0.011275518278208578,0.006197807933194154,214.29122807017544,79.42456140350878,143.4842105263158,1.7622419512062777,114.34223873573437,-170.9594580562491,209,73,138,220,85,149,7.200000286102295,7.800000309944153,7.200000286102295,12.826535505539878,2.6832816796237777,48.0374872718336,4
882,8,4,248,53.56800638580348,0.009811679063142903,0.005393180236604036,91.90725806451613,214.03629032258064,136.3709677419355,-71.66814297005052,195.1092792965712,-175.2274038964702,84,207,129,97,217,145,8.40000033378601,6.600000262260437,10.200000405311584,14.770240937026024,2.6832816796237777,3.0000001192092896,4
882,6,5,97,20.952002497673135,0.0038376325367937966,0.002109429366736256,85.0618556701031,109.45360824742268,83.65979381443299,-75.77538456990547,132.359667558031,-206.85410950970405,82,105,80,88,114,88,4.200000166893005,6.000000238418579,5.400000214576721,9.099450894441539,2.0784610516732713,4.0693981515785085,4
882,9,6,51,11.016001313209586,0.0020177243234689034,0.001109081419624217,95.47058823529412,96.07843137254902,101.86274509803921,-69.53014478262733,124.33456111421772,-195.93233830554811,94,94,100,97,98,104,2.4000000953674316,3.0000001192092896,3.0000001192092896,4.874423236473746,2.4000000953674316,5.3665633592475555,4
882,2,7,33,7.12800084972385,0.0013055863269504668,0.0007176409185803757,64.51515151515152,135.15151515151516,102.48484848484848,-88.10340755274802,147.7784123131723,-195.55907625863045,63,134,100,66,137,105,2.4000000953674316,2.4000000953674316,3.6000001430511475,4.947726947346189,1.6970563422826717,16.475436915970192,4
882,12,8,12,2.5920003089904906,0.00047475866434562423,0.00026096033402922753,196.16666666666666,236.66666666666666,147.16666666666666,-9.112495323022216,208.68750564257303,-168.749984284242,195,235,146,197,238,148,1.8000000715255737,2.4000000953674316,1.8000000715255737,3.498571275927907,1.2000000476837158,4.024922519435666,11
882,3,9,6,1.2960001544952453,0.00023737933217281212,0.00013048016701461377,67.16666666666667,133.0,108.0,-86.51249839862187,146.4875031709671,-192.2499852180481,66,133,107,68,133,109,1.8000000715255737,0.6000000238418579,1.8000000715255737,2.6153394700486534,1.2000000476837158,1.3416408398118889,2
882,10,10,5,1.080000128746038,0.00019781611014401014,0.00010873347251217815,94.2,98.6,96.6,-70.29249775409698,125.84750235080719,-199.08998548984528,94,98,96,95,99,97,1.2000000476837158,1.2000000476837158,1.2000000476837158,2.0784610516732713,1.2000000476837158,1.8973666714956023,9
882,1,11,3,0.6480000772476227,0.00011868966608640606,6.524008350730688e-05,53.666666666666664,133.0,154.33333333333334,-94.61249872048697,146.4875031709671,-164.44998411337534,53,133,154,54,133,155,1.2000000476837158,0.6000000238418579,1.2000000476837158,1.8000000715255737,1.2000000476837158,20.479258612823806,4
882,5,12,2,0.43200005149841514,7.912644405760404e-05,4.3493389004871255e-05,77.0,226.0,107.5,-80.61249816417694,202.2875053882599,-192.54998522996902,77,226,107,77,226,108,0.6000000238418579,0.6000000238418579,1.2000000476837158,1.4696939040702932,1.2000000476837158,6.264184154262635,4
882,7,13,1,0.21600002574920757,3.956322202880202e-05,2.1746694502435628e-05,83.0,228.0,115.0,-77.0124980211258,203.4875054359436,-188.0499850511551,83,228,115,83,228,115,0.6000000238418579,0.6000000238418579,0.6000000238418579,1.0392305258366357,1.2000000476837158,0.8485281711413358,4
883,1,1,19477,4207.032501517316,1.0,0.6899886637381324,107.84663962622581,144.90188427375878,130.1319505057247,-41.619162090500254,161.1139855814854,99.52917416896175,41,77,38,163,227,188,73.80000293254852,90.60000360012054,90.60000360012054,147.8619685298687,5.878775616281173,inf,-1
883,6,2,5063,1093.6081303682379,0.25994763053858394,0.1793609182372113,196.08097965633024,213.48745802883667,118.66245309105274,11.321444031233,202.26533146973964,92.64747544670445,157,191,73,220,244,163,38.400001525878906,32.40000128746033,54.60000216960907,74.19892477345105,3.6000001430511475,25.71614381195191,1
883,3,3,1117,241.27202876186485,0.05734969451147507,0.03957063908176279,95.75649059982095,149.26410026857656,177.37869292748434,-48.873251794594786,163.7313152823794,127.87722074846765,69,146,159,123,155,188,33.000001311302185,6.000000238418579,18.000000715255737,38.06573413394487,3.3941126845653433,0.8485281711413358,1
883,2,4,1092,235.87202811813466,0.05606612928069005,0.038684993623352704,74.68498168498168,140.87820512820514,46.67032967032967,-61.516157645882274,158.69977799822124,49.452199677844625,55,119,40,95,160,54,24.600000977516174,25.200001001358032,9.000000357627869,36.348316398418575,3.3941126845653433,3.0000001192092896,1
883,9,5,852,184.03202193832485,0.04374390306515377,0.030182797222615843,237.7406103286385,132.21361502347418,149.906103286385,36.31722342786094,153.50102372880275,111.39366630881047,234,125,125,243,147,170,6.000000238418579,13.800000548362732,27.600001096725464,31.43564980297181,2.9393878081405864,44.7432694279429,6
883,4,6,313,67.60800805950197,0.016070236689428558,0.011088281139294318,95.6964856230032,170.05431309904154,38.66453674121406,-48.909254782116065,176.2054434763357,44.64872372950228,83,168,36,108,172,41,15.600000619888306,3.0000001192092896,3.6000001430511475,16.288646999850528,2.6832816796237777,14.00714159250828,1
883,5,7,160,34.56000411987321,0.008214817477024183,0.005668130933824572,108.55625,138.45,178.7625,-41.19339584931731,157.24285486340523,128.70750502496958,101,136,177,117,141,181,10.200000405311584,3.6000001430511475,3.0000001192092896,11.224972606362144,2.4000000953674316,3.7947333429912047,1
883,7,8,136,29.376003501892228,0.006982594855470555,0.004817911293750886,197.08823529411765,235.68382352941177,122.375,11.925797437920295,215.5831512992873,94.87500368058681,193,233,119,203,239,125,6.600000262260437,4.200000166893005,4.200000166893005,8.879189504996521,2.6832816796237777,0.8485281711413358,6
883,8,9,18,3.8880004634857364,0.0009241669661652206,0.0006376647300552643,230.27777777777777,114.77777777777777,151.0,31.839523719416718,143.03952096568213,112.05000436306,229,114,149,231,116,153,1.8000000715255737,1.8000000715255737,3.0000001192092896,3.934463270922718,1.2000000476837158,6.945502417663594,9
884,3,1,10781,2328.696277602207,1.0,0.5555784591600104,171.74102587886097,148.33818755217513,76.79983303960671,-17.29620069055828,170.16209575546307,-12.970097582245813,102,93,33,211,186,129,66.00000262260437,56.400002241134644,58.20000231266022,104.51890196599575,4.947726947346189,inf,-1
884,1,2,8433,1821.5282171430674,0.7822094425377979,0.43457871682556043,94.2107197912961,137.68077789635953,144.7251274753943,-63.81438619156375,163.76764970788128,27.785080698691957,43,72,103,137,207,167,57.0000022649765,81.60000324249268,39.000001549720764,106.90444756070892,4.800000190734863,30.0539526815204,3
884,4,3,108,23.328002780914417,0.010017623597068917,0.005565575882504509,183.00925925925927,206.99074074074073,97.31481481481481,-10.535260393663691,205.35362906698828,-0.6611080280056711,175,204,94,189,210,100,9.000000357627869,4.200000166893005,4.200000166893005,10.783320881857513,2.0784610516732713,12.193441344264752,3
884,2,4,83,17.92800213718423,0.007698729245895557,0.004277248131924762,57.65060240963855,144.42168674698794,139.89156626506025,-85.7504574922194,167.8121951789741,24.884943857250448,54,143,136,62,146,144,5.400000214576721,2.4000000953674316,5.400000214576721,8.00499875656586,2.0784610516732713,6.000000238418579,1
885,10,1,12566,2714.2563235645425,1.0,0.46568336792173143,211.52092949228077,183.7630908801528,101.26245424160433,-1.4009138240795949,187.94438234684517,-230.7925128337211,139,118,48,249,244,161,66.60000264644623,76.20000302791595,68.4000027179718,122.14974902053461,4.947726947346189,inf,-1
885,2,2,11807,2550.312304020894,0.9395989177144676,0.437555588496887,111.00135512831372,148.2561192512916,153.48149402896587,-61.712660839033234,166.64019852297628,-199.46108771630526,55,78,94,161,236,185,64.2000025510788,95.40000379085541,55.20000219345093,127.55328805252626,4.800000190734863,34.131511724251304,10
885,5,3,907,195.91202335453127,0.07217889543211842,0.033612511117699376,96.43550165380375,100.68687982359427,66.07276736493937,-70.45217327101622,138.09865373221885,-251.9063257987076,86,87,56,109,119,78,14.40000057220459,19.80000078678131,13.800000548362732,28.104093345469174,3.6000001430511475,26.603760190012846,2
885,6,4,556,120.0960143165594,0.0442463791182556,0.02060480284613104,97.16726618705036,78.51618705035972,118.42625899280576,-70.01311453362163,124.79623753968761,-220.49422957378326,94,76,108,100,81,130,4.200000166893005,3.6000001430511475,13.800000548362732,14.867414622814595,3.3941126845653433,7.613146826788975,2
885,11,5,425,91.80001094341321,0.03382142288715581,0.01575007411799585,191.60235294117646,242.56470588235294,67.92235294117647,-13.352060229638042,223.225352750105,-250.79657440886777,180,239,65,203,246,71,14.40000057220459,4.800000190734863,4.200000166893005,15.74928632390841,2.9393878081405864,1.8973666714956023,10
885,1,6,364,78.62400937271155,0.02896705395511698,0.013489475244589386,50.85989010989011,143.55494505494505,126.47802197802197,-97.79754128397167,163.81949389308363,-215.66317159068456,45,137,116,59,150,139,9.000000357627869,8.40000033378601,14.40000057220459,18.94518483743031,2.6832816796237777,15.863165510028281,2
885,12,7,160,34.56000411987321,0.01273277096928219,0.005929439667951379,249.8875,105.04375,111.29375,21.61902939528227,140.71277594193816,-224.77373513951898,243,99,108,256,111,114,8.40000033378601,7.800000309944153,4.200000166893005,12.208194454735525,2.0784610516732713,39.54996996599934,10
885,13,8,142,30.672003656387474,0.011300334235237942,0.005262377705306848,270.4718309859155,116.5774647887324,105.05633802816901,33.96962847760028,147.63300509016278,-228.51618247132905,265,113,102,275,122,109,6.600000262260437,6.000000238418579,4.800000190734863,10.129166212177365,2.6832816796237777,5.723635435938503,12
885,9,9,49,10.58400126171117,0.0038994111093426705,0.0018158908983101096,110.44897959183673,128.30612244897958,39.46938775510204,-62.04408617408909,154.6701999659441,-267.868354198884,108,127,38,114,130,41,4.200000166893005,2.4000000953674316,2.4000000953674316,5.400000214576721,1.6970563422826717,16.299693896338965,5
885,4,10,5,1.080000128746038,0.00039789909279006844,0.0001852949896234806,75.8,197.0,141.6,-82.83347475528717,195.886528134346,-206.58998441696167,75,197,141,77,197,142,1.8000000715255737,0.6000000238418579,1.2000000476837158,2.2449945212724285,1.2000000476837158,6.734983563817286,2
885,3,11,1,0.21600002574920757,7.957981855801368e-05,3.7058997924696115e-05,74.0,196.0,140.0,-83.91347479820251,195.28652811050415,-207.54998445510864,74,196,140,74,196,140,0.6000000238418579,0.6000000238418579,0.6000000238418579,1.0392305258366357,1.2000000476837158,1.0392305258366357,4
885,7,12,1,0.21600002574920757,7.957981855801368e-05,3.7058997924696115e-05,105.0,197.0,152.0,-65.31347405910492,195.886528134346,-200.34998416900635,105,197,152,105,197,152,0.6000000238418579,0.6000000238418579,0.6000000238418579,1.0392305258366357,1.2000000476837158,1.0392305258366357,2
885,8,13,1,0.21600002574920757,7.957981855801368e-05,3.7058997924696115e-05,105.0,198.0,151.0,-65.31347405910492,196.48652815818787,-200.9499841928482,105,198,151,105,198,151,0.6000000238418579,0.6000000238418579,0.6000000238418579,1.0392305258366357,1.2000000476837158,0.8485281711413358,7
886,5,1,23234,5018.544598257089,1.0,0.5325845272206304,177.70861668244814,165.12275114056985,63.580700697254024,6.284353933872467,180.23283430867508,99.0984226971739,78,91,28,223,233,137,87.60000348091125,85.80000340938568,66.00000262260437,139.2530126822757,5.499091052461245,inf,-1
886,3,2,13599,2937.3843501634738,0.5853060170439872,0.31172492836676213,104.01889844841533,162.63497315979117,141.7880726524009,-37.92947876344701,178.7401674608946,146.02284773487108,55,101,75,165,229,170,66.60000264644623,77.40000307559967,57.60000228881836,117.23515297162947,4.489989042544857,35.03198677683403,5
886,1,3,3358,725.328086465839,0.14452956873547385,0.07697421203438394,89.1673615247171,104.18880285884455,72.34514592019059,-46.84040127175418,143.67246388686135,104.35709003989649,40,81,59,137,152,98,58.800002336502075,43.20000171661377,24.000000953674316,76.80937747999558,4.32666170248287,5.161395365320993,5
886,11,4,1111,239.9760286073696,0.04781785314625118,0.02546704871060172,191.79207920792078,210.02610261026103,127.58235823582358,14.73443178493197,207.17484626106912,137.49941874623406,177,189,110,202,226,141,15.600000619888306,22.8000009059906,19.200000762939453,33.6428311821488,2.9393878081405864,1.6970563422826717,5
886,10,5,1088,235.00802801513782,0.04682792459326848,0.024939828080229223,184.72886029411765,195.14430147058823,156.4172794117647,10.496500268249832,198.24576522245565,154.80037213927682,166,179,139,194,214,165,17.40000069141388,21.600000858306885,16.200000643730164,32.12102243075272,3.3941126845653433,2.4000000953674316,5
886,6,6,950,205.2000244617472,0.0408883532753723,0.02177650429799427,115.97473684210526,88.00842105263158,118.50842105263158,-30.755975442183654,133.96423441736323,132.05505621997935,110,81,105,125,101,141,9.600000381469727,12.600000500679016,22.200000882148743,27.271964709362898,3.9799499065754738,5.264978841646728,1
886,2,7,209,45.144005381584385,0.008995437720581905,0.004790830945558739,51.3732057416268,177.7177033492823,105.05741626794259,-69.51689564269125,187.7898059341896,123.984453028469,47,175,98,57,180,111,6.600000262260437,3.6000001430511475,8.40000033378601,11.272976984781403,3.3941126845653433,3.0000001192092896,3
886,7,8,65,14.040001673698493,0.0027976241714728414,0.001489971346704871,122.21538461538462,154.92307692307693,30.476923076923075,-27.0115866294274,174.11302953500015,79.23615533571977,118,151,29,127,158,32,6.000000238418579,4.800000190734863,2.4000000953674316,8.049845038871332,1.6970563422826717,0.8485281711413358,5
886,8,9,9,1.9440002317428682,0.0003873633468193165,0.00020630372492836676,121.55555555555556,96.88888888888889,59.22222222222222,-27.40748408105638,139.29251533084445,96.4833355082406,120,96,58,123,97,60,2.4000000953674316,1.2000000476837158,1.8000000715255737,3.231099012673037,1.2000000476837158,1.9899749532877369,5
886,4,10,1,0.21600002574920757,4.3040371868812945e-05,2.292263610315186e-05,61.0,179.0,114.0,-63.74081885814667,188.55918395519257,129.35000348091125,61,179,114,61,179,114,0.6000000238418579,0.6000000238418579,0.6000000238418579,1.0392305258366357,1.2000000476837158,2.9393878081405864,3
886,9,11,1,0.21600002574920757,4.3040371868812945e-05,2.292263610315186e-05,127.0,150.0,32.0,-24.140817284584045,171.1591832637787,80.1500015258789,127,150,32,127,150,32,0.6000000238418579,0.6000000238418579,0.6000000238418579,1.0392305258366357,1.2000000476837158,0.8485281711413358,7
887,11,1,22498,4859.568579305672,1.0,0.5577509482609019,206.55542714907992,182.0007111743266,84.13601208996356,-2.8694731608868977,166.89769666883106,91.93161002287644,105,105,26,250,231,168,87.60000348091125,76.20000302791595,85.80000340938568,144.36703798430116,6.572670951236461,inf,-1
887,5,2,9850,2127.6002536296946,0.4378166948173171,0.2441926766988125,99.78548223350253,214.94324873096446,128.42527918781727,-66.9314426558272,186.66321998822508,118.50517133752707,50,182,43,134,249,175,51.00000202655792,40.80000162124634,79.8000031709671,103.1197403269082,5.878775616281173,36.24913936119505,11
887,9,3,2809,606.7440723295241,0.12485554271490801,0.06963829734486947,104.5436098255607,140.47098611605554,152.40904236383054,-64.07656598714969,141.97986064372262,132.8954298149525,72,129,116,131,154,179,36.000001430511475,15.600000619888306,38.400001525878906,54.89918250324722,5.499091052461245,16.90680403614245,5
887,13,4,1709,369.14404400539576,0.07596230776068984,0.042368049185611226,132.9596255119953,116.5143358689292,156.56641310708017,-47.02695589779832,127.60586992427575,135.38985236002173,124,100,137,141,134,172,10.800000429153442,21.000000834465027,21.600000858306885,32.003126119116935,4.32666170248287,8.357033298389126,9
887,10,5,946,204.33602435875036,0.04204818206062761,0.02345241341696209,98.12684989429175,170.68816067653276,30.8615221987315,-67.92662209889853,160.11016610044254,59.966914817974384,80,150,26,114,188,37,21.000000834465027,23.40000092983246,7.200000286102295,32.25523341542524,3.3941126845653433,6.406247205780169,11
887,15,6,941,203.25602423000433,0.04182594008356298,0.02332845774351092,222.95749202975557,104.05526036131775,200.95749202975557,6.971766158574184,120.13042432266138,162.02450077199276,215,94,189,233,118,216,11.4000004529953,15.000000596046448,16.80000066757202,25.24282176461473,3.3941126845653433,52.7010457270814,13
887,12,7,585,126.36001506328643,0.02600231131656147,0.01450281379378734,121.5982905982906,175.55555555555554,169.18974358974359,-53.84375711689647,163.03060314390393,142.96385095058343,106,173,161,135,178,174,18.000000715255737,3.6000001430511475,8.40000033378601,20.187125411677126,3.3941126845653433,2.4000000953674316,5
887,18,8,357,77.1120091924671,0.015868077162414437,0.008850435084413813,250.54621848739495,215.50980392156862,63.549019607843135,23.52500269092431,187.0031531160953,79.57941404277203,246,207,58,253,225,74,4.800000190734863,11.4000004529953,10.200000405311584,16.032467696137868,2.6832816796237777,3.6986485487524687,11
887,14,9,255,55.08000656604793,0.011334340830296026,0.006321739346009866,185.06666666666666,239.81960784313725,164.9294117647059,-15.762729962666825,201.58903604862735,140.40765175398658,176,235,161,194,243,170,11.4000004529953,5.400000214576721,6.000000238418579,13.968536627247131,2.6832816796237777,6.945502417663594,11
887,17,10,120,25.92000308990491,0.005333807449551071,0.0029749361628281725,231.6,244.525,104.1,12.157271146774292,204.4122714549303,103.91000324487686,228,242,99,235,247,108,4.800000190734863,3.6000001430511475,6.000000238418579,8.485281711413359,2.6832816796237777,12.61427812622354,11
887,4,11,95,20.52000244617472,0.0042225975642279315,0.002355157795572303,50.09473684210526,161.14736842105262,94.58947368421053,-96.74589107538525,154.38569051968423,98.20368722865456,48,158,88,53,165,101,3.6000001430511475,4.800000190734863,8.40000033378601,10.322790730641985,2.0784610516732713,17.410342446081113,9
887,3,12,90,19.440002317428682,0.004000355587163304,0.0022312021221211295,53.43333333333333,143.12222222222223,154.77777777777777,-94.74273310105006,143.57060237063303,134.3166711197959,47,138,153,59,149,157,7.800000309944153,7.200000286102295,3.0000001192092896,11.030866224837366,1.6970563422826717,19.553005661126996,9
887,6,13,35,7.560000901222265,0.001555693839452396,0.000867689714158217,58.51428571428571,90.45714285714286,124.22857142857143,-91.69416155133928,111.97155349595207,115.98714658192226,57,88,123,61,92,126,3.0000001192092896,3.0000001192092896,2.4000000953674316,4.874423236473746,1.6970563422826717,28.999311488956035,9
887,1,14,33,7.12800084972385,0.0014667970486265446,0.0008181074447777474,41.36363636363637,93.78787878787878,106.12121212121212,-101.98455157063223,113.96999513380456,105.12273056579359,39,92,105,44,95,107,3.6000001430511475,2.4000000953674316,1.8000000715255737,4.6861499917548555,1.6970563422826717,13.213629852389598,6
887,16,15,5,1.080000128746038,0.000222241977064628,0.00012395567345117384,219.6,250.4,88.4,4.957270860671997,207.93727159500122,94.49000287055969,219,250,88,220,251,89,1.2000000476837158,1.2000000476837158,1.2000000476837158,2.0784610516732713,1.2000000476837158,7.891768176370223,17
887,8,16,4,0.8640001029968303,0.00017779358165170237,9.916453876093907e-05,71.0,218.5,113.5,-84.20273268222809,188.79727083444595,109.55000346899033,71,218,113,71,219,114,0.6000000238418579,1.2000000476837158,1.2000000476837158,1.8000000715255737,1.2000000476837158,1.4696939040702932,5
887,19,17,3,0.6480000772476227,0.00013334518623877678,7.43734040707043e-05,317.6666666666667,224.33333333333334,147.0,63.79727319876355,192.29727097352347,129.65000426769257,317,224,147,318,225,147,1.2000000476837158,1.2000000476837158,0.6000000238418579,1.8000000715255737,1.2000000476837158,48.2020765595262,11
887,7,18,1,0.21600002574920757,4.444839541292559e-05,2.479113469023477e-05,60.0,137.0,157.0,-90.80273294448853,139.89726889133453,135.65000450611115,60,137,157,60,137,157,0.6000000238418579,0.6000000238418579,0.6000000238418579,1.0392305258366357,1.2000000476837158,0.8485281711413358,3
887,2,19,1,0.21600002574920757,4.444839541292559e-05,2.479113469023477e-05,46.0,150.0,153.0,-99.20273327827454,147.6972692012787,133.2500044107437,46,150,153,46,150,153,0.6000000238418579,0.6000000238418579,0.6000000238418579,1.0392305258366357,1.2000000476837158,0.8485281711413358,3
888,3,1,10830,2339.280278863918,1.0,0.49558413032535575,227.78670360110803,205.44228993536473,92.88504155124653,-0.13461303347696685,186.9587382343447,105.68102790823934,135,142,46,267,263,169,79.8000031709671,73.20000290870667,74.40000295639038,131.3835658361879,4.947726947346189,inf,-1
888,1,2,10582,2285.7122724781143,0.9771006463527239,0.48423557406305767,129.17832167832168,158.79323379323378,162.46843696843698,-59.2996445381558,158.96930343686597,147.43106681755103,80,106,99,181,244,191,61.20000243186951,83.40000331401825,55.800002217292786,117.53570137574782,4.947726947346189,46.23894646200491,3
888,2,3,340,73.44000875473057,0.03139427516158818,0.015558504553150596,140.39411764705883,150.83823529411765,177.22941176470587,-52.5701666895081,154.19630414773437,156.2876520472414,132,149,173,152,153,182,12.600000500679016,3.0000001192092896,6.000000238418579,14.274453271260171,3.3941126845653433,2.5455845134240076,1
888,4,4,69,14.904001776695322,0.006371191135734072,0.0031574612181393858,203.7391304347826,202.91304347826087,167.9855072463768,-14.563157506611049,185.4411902997805,150.74130911585212,201,202,165,206,204,170,3.6000001430511475,1.8000000715255737,3.6000001430511475,5.400000214576721,2.4000000953674316,14.818907431124615,3
888,6,5,22,4.752000566482566,0.002031394275161588,0.0010067267652038622,215.0,209.5,171.04545454545453,-7.806635499000549,189.39336436986923,152.57727756825358,214,208,170,217,211,172,2.4000000953674316,2.4000000953674316,1.8000000715255737,3.8418746951220877,1.6970563422826717,5.400000214576721,4
888,5,6,5,1.080000128746038,0.00046168051708217917,0.0002288015375463323,209.2,206.0,170.6,-11.286635637283325,187.29336428642273,152.3100048303604,209,205,170,210,207,171,1.2000000476837158,1.8000000715255737,1.2000000476837158,2.4738634736730947,1.2000000476837158,1.8973666714956023,4
888,7,7,5,1.080000128746038,0.00046168051708217917,0.0002288015375463323,219.0,212.0,171.0,-5.406635403633118,190.89336442947388,152.55000483989716,218,211,171,220,213,171,1.8000000715255737,1.8000000715255737,0.6000000238418579,2.6153394700486534,1.2000000476837158,0.8485281711413358,6
889,7,1,12469,2693.3043210668693,1.0,0.5355869593230532,193.31229449033603,142.53885636378217,105.3740476381426,3.149490678125872,165.18542659166047,92.67443185813809,130,76,55,231,195,179,61.20000243186951,72.00000286102295,75.00000298023224,120.64178860031457,4.800000190734863,inf,-1
889,2,2,9276,2003.6162388496493,0.743924933835913,0.3984364932777802,102.16645105648986,136.40944372574384,174.86157826649418,-51.53801755526808,161.5077788627009,134.36695189186088,63,85,94,152,198,203,54.00000214576721,68.4000027179718,66.00000262260437,109.31862123968267,4.947726947346189,27.192647145237856,7
889,3,3,548,118.36801411056575,0.043948993503889644,0.023538507796056873,90.30656934306569,164.41788321167883,38.277372262773724,-58.65394686608419,178.3128432220351,52.41642503320736,73,153,34,101,173,44,17.40000069141388,12.600000500679016,6.600000262260437,22.473985853429575,2.6832816796237777,28.687280550846676,7
889,8,4,474,102.38401220512439,0.03801427540299944,0.020359950173961604,136.66244725738397,69.20253164556962,112.5084388185654,-30.840419012282965,121.1836300122587,96.9550667364889,132,64,107,141,75,118,6.000000238418579,7.200000286102295,7.200000286102295,11.818629831785461,3.3941126845653433,8.00499875656586,7
889,5,5,466,100.65601199913073,0.03737268425695725,0.020016322322924274,119.63733905579399,66.05364806866953,137.90128755364807,-41.05548433914717,119.29429979104341,112.1907765829512,114,63,127,126,70,151,7.800000309944153,4.800000190734863,15.000000596046448,17.57498291741922,3.3941126845653433,6.997142551855814,8
889,1,6,36,7.776000926971473,0.0028871601571898308,0.0015463253296679697,61.0,163.22222222222223,134.63888888888889,-76.23788917064667,177.59544659985437,110.23333730631404,58,161,130,63,164,139,3.6000001430511475,2.4000000953674316,6.000000238418579,7.3972970975049375,1.2000000476837158,2.163330851241435,2
889,4,7,10,2.160000257492076,0.0008019889325527308,0.0004295348137966583,85.8,181.6,39.2,-61.35788857936859,188.6221137046814,52.97000169754028,85,180,38,86,183,40,1.2000000476837158,2.4000000953674316,1.8000000715255737,3.231099012673037,1.2000000476837158,4.284857227390632,3
889,6,8,2,0.43200005149841514,0.00016039778651054615,8.590696275933165e-05,127.0,118.0,183.5,-36.637887597084045,150.46211218833923,139.55000513792038,127,118,183,127,118,184,0.6000000238418579,0.6000000238418579,1.2000000476837158,1.4696939040702932,1.2000000476837158,1.8000000715255737,2
890,2,1,13535,2923.5603485155243,1.0,0.5744418979713097,169.7416328038419,140.12463982268193,85.99054303657185,-9.495836583238969,170.73396692194092,68.04332727702464,98,66,40,206,199,160,65.40000259876251,80.40000319480896,72.60000288486481,126.5388528181199,5.091169026848015,inf,-1
890,1,2,10027,2165.8322581873044,0.7408200960472849,0.42555810202869027,91.291113992221,128.51092051461055,145.19547222499253,-56.56614974061763,163.76573506020543,103.56628620163256,38,64,42,155,190,181,70.80000281333923,76.20000302791595,84.00000333786011,133.69772406658146,5.091169026848015,30.245000788536846,2
891,1,1,13674,2953.584352094664,1.0,0.5908992696944816,92.20740090683049,129.32711715664766,135.36148895714496,-56.01637757000596,158.75545306488735,93.1668964108215,48,64,31,136,193,187,53.400002121925354,78.00000309944153,94.20000374317169,133.45111994789733,4.947726947346189,inf,-1
891,4,2,7693,1661.6881980886537,0.5626005557993272,0.3324402575515319,179.21396074353308,145.40335369816717,101.74678278954894,-3.8124395935863618,168.4011953730864,72.99807190882684,130,94,60,209,177,164,48.00000190734863,50.400002002716064,63.00000250339508,93.87843575820297,4.32666170248287,22.98086251582406,1
891,6,3,717,154.8720184621818,0.0524352786309785,0.030983967849271852,159.02649930264994,177.7670850767085,175.6276150627615,-15.924916939422843,187.8194349718227,117.32657303421068,150,166,167,165,194,182,9.600000381469727,17.40000069141388,9.600000381469727,22.06988986627802,2.9393878081405864,3.0594118297257697,4
891,2,4,393,84.88801011943858,0.02874067573497148,0.016982844302320558,76.18829516539441,118.7150127226463,163.40458015267177,-65.62784139679285,152.38819015147425,109.99275179673698,66,116,156,87,121,171,13.200000524520874,3.6000001430511475,9.600000381469727,16.714066596778252,2.6832816796237777,5.723635435938503,1
891,8,5,387,83.59200996494333,0.02830188679245283,0.016723564236636273,202.1343669250646,169.8578811369509,74.82687338501292,9.93980466179761,183.07391241939803,56.84612562428457,189,164,64,214,178,91,15.600000619888306,9.000000357627869,16.80000066757202,24.62925188080705,2.4000000953674316,3.231099012673037,4
891,7,6,207,44.712005330085965,0.015138218516893374,0.008945162266107774,182.8743961352657,193.98067632850243,115.18357487922705,-1.616178271275217,197.54759010946117,81.0601474829918,172,188,111,194,198,118,13.800000548362732,6.600000262260437,4.800000190734863,16.032467696137868,2.4000000953674316,7.3972970975049375,4
891,3,7,69,14.904001776695322,0.005046072838964458,0.002981720755369258,99.21739130434783,142.768115942029,45.79710144927536,-51.81038316436436,166.82005265657455,39.428261770718336,95,140,44,102,145,48,4.800000190734863,3.6000001430511475,3.0000001192092896,6.708204199059444,2.0784610516732713,9.967949031592381,1
891,5,8,1,0.21600002574920757,7.313149041977477e-05,4.3213344280713883e-05,149.0,195.0,165.0,-21.94081676006317,198.1591843366623,110.95000374317169,149,195,165,149,195,165,0.6000000238418579,0.6000000238418579,0.6000000238418579,1.0392305258366357,1.2000000476837158,1.4696939040702932,6
892,4,1,22321,4821.336574748062,1.0,0.5463869577988836,107.94762779445365,161.22651314905247,141.5780206979974,-59.56638168715581,173.9009507958711,116.39681655722094,54,94,39,169,249,172,69.60000276565552,93.60000371932983,80.40000319480896,141.6660919026254,6.000000238418579,inf,-1
892,18,2,13854,2992.4643567295216,0.6206711168854442,0.3391266033486732,199.9402338674751,176.7140897935614,84.39158365814927,-4.370815850068297,183.19349715182906,82.08495296988116,132,98,36,236,219,162,63.00000250339508,73.20000290870667,76.20000302791595,123.0190278075585,5.499091052461245,27.762565826207464,4
892,27,3,1456,314.4960374908462,0.06523005241700641,0.035640849897189845,230.53296703296704,209.14697802197801,43.856456043956044,13.984824778614467,202.65323086213934,57.76387543493247,212,187,26,244,231,70,19.80000078678131,27.000001072883606,27.000001072883606,43.01209303240162,2.9393878081405864,1.3416408398118889,18
892,13,4,1292,279.07203326797617,0.057882711348057884,0.031626358562616266,122.45046439628483,102.25851393188854,133.38854489164086,-50.864679380282524,138.52014985966608,111.48313087815471,118,89,112,130,119,148,7.800000309944153,18.600000739097595,22.200000882148743,29.994000591734423,3.9799499065754738,1.8973666714956023,4
892,6,5,1172,253.15203017807127,0.05250660812687604,0.028688925878781937,118.19283276450511,93.49488054607508,92.37372013651877,-53.419258460860206,133.2619696192367,86.87423504721183,82,90,83,145,108,100,38.400001525878906,11.4000004529953,10.800000429153442,41.48686703988999,3.3941126845653433,4.2426408557066795,18
892,32,6,124,26.78400319290174,0.0055553066618879085,0.0030353471066288055,237.82258064516128,114.53225806451613,102.00806451612904,18.358593119728937,145.88439663187148,92.65484190467865,236,112,97,240,117,106,3.0000001192092896,3.6000001430511475,6.000000238418579,7.613146826788975,2.4000000953674316,44.40810913253164,18
892,29,7,124,26.78400319290174,0.0055553066618879085,0.0030353471066288055,224.23387096774192,219.56451612903226,97.26612903225806,10.205366989297232,208.90375397474534,89.80968050129951,219,216,95,230,224,99,7.200000286102295,5.400000214576721,3.0000001192092896,9.48683335747801,2.0784610516732713,5.400000214576721,18
892,25,8,122,26.352003141403323,0.005465704941534877,0.0029863898952315667,194.7295081967213,231.6639344262295,25.188524590163933,-7.497251376753951,216.1634052415363,46.563116117579035,188,230,23,204,234,27,10.200000405311584,3.0000001192092896,3.0000001192092896,11.04717202268834,2.4000000953674316,4.800000190734863,27
892,31,9,65,14.040001673698493,0.0029120559114735006,0.0015911093704102611,232.96923076923076,117.27692307692308,82.27692307692308,15.446583078457763,147.5311957047536,80.81615657072801,230,115,80,237,120,86,4.800000190734863,3.6000001430511475,4.200000166893005,7.323933660467186,1.6970563422826717,7.541883353673428,32
892,10,10,56,12.096001441955623,0.0025088481698848615,0.0013708019191226864,119.625,146.03571428571428,160.98214285714286,-52.55995808541775,164.7864711156913,128.03929031533855,115,145,160,124,147,162,6.000000238418579,1.8000000715255737,1.8000000715255737,6.517668553708998,2.0784610516732713,4.40908171221088,4
892,5,11,52,11.232001338958794,0.0023296447291788003,0.0012728874963282089,58.15384615384615,64.03846153846153,122.0,-89.44265185869656,115.58811751237282,104.65000367164612,55,61,120,61,67,123,4.200000166893005,4.200000166893005,2.4000000953674316,6.406247205780169,2.0784610516732713,27.192647145237856,4
892,28,12,39,8.424001004219095,0.0017472335468841002,0.0009546656222461566,217.25641025641025,228.69230769230768,92.05128205128206,6.018890396142609,214.3804291303341,86.68077218838228,214,226,91,220,230,94,4.200000166893005,3.0000001192092896,2.4000000953674316,5.692100014486806,1.6970563422826717,1.6970563422826717,29
892,9,13,39,8.424001004219095,0.0017472335468841002,0.0009546656222461566,115.46153846153847,100.97435897435898,143.89743589743588,-55.05803510775932,137.7496568545317,117.7884657321832,114,99,141,117,103,147,2.4000000953674316,3.0000001192092896,4.200000166893005,5.692100014486806,1.6970563422826717,1.8000000715255737,4
892,24,14,38,8.208000978469888,0.001702432686707585,0.0009301870165475373,157.6578947368421,144.81578947368422,43.6578947368421,-29.740220336537604,164.054516199388,57.64473864593003,156,142,43,159,148,45,2.4000000953674316,4.200000166893005,1.8000000715255737,5.161395365320993,1.6970563422826717,4.024922519435666,18
892,8,15,21,4.536000540733359,0.0009408180637068232,0.0005140507196710074,112.95238095238095,115.47619047619048,55.80952380952381,-56.563529673076815,146.45075610138122,64.93571637925648,111,114,55,115,117,57,3.0000001192092896,2.4000000953674316,1.8000000715255737,4.2426408557066795,1.6970563422826717,10.287857328492052,18
892,19,16,18,3.8880004634857364,0.000806415483177277,0.0004406149025751492,134.44444444444446,90.16666666666667,102.05555555555556,-43.66829106542798,131.26504121224087,92.68333652946684,133,88,101,136,92,103,2.4000000953674316,3.0000001192092896,1.8000000715255737,4.2426408557066795,1.6970563422826717,5.723635435938503,13
892,12,17,17,3.6720004377365285,0.0007616146230007616,0.00041613629687652976,118.11764705882354,97.47058823529412,136.94117647058823,-53.46436988606172,135.64739432755638,113.61470991022446,117,96,135,119,99,140,1.8000000715255737,2.4000000953674316,3.6000001430511475,4.6861499917548555,1.2000000476837158,0.8485281711413358,13
892,1,18,10,2.160000257492076,0.00044800860176515394,0.000244786056986194,40.8,100.2,98.0,-99.8549599647522,137.28504145145416,90.25000309944153,39,99,97,43,101,99,3.0000001192092896,1.8000000715255737,1.8000000715255737,3.934463270922718,1.2000000476837158,19.690607680140747,4
892,15,19,6,1.2960001544952453,0.00026880516105909233,0.0001468716341917164,127.0,109.0,55.5,-48.134957909584045,142.5650416612625,64.75000208616257,126,108,55,128,110,56,1.8000000715255737,1.8000000715255737,1.2000000476837158,2.8142495677222836,1.2000000476837158,5.1264024508954416,18
892,17,20,5,1.080000128746038,0.00022400430088257697,0.000122393028493097,132.6,109.4,61.8,-44.77495777606964,142.80504167079926,68.53000223636627,132,109,61,133,110,62,1.2000000476837158,1.2000000476837158,1.2000000476837158,2.0784610516732713,1.2000000476837158,2.2449945212724285,18
892,3,21,4,0.8640001029968303,0.00017920344070606155,9.79144227944776e-05,54.25,158.5,125.75,-91.78495964407921,172.26504284143448,106.90000376105309,54,158,125,55,159,126,1.2000000476837158,1.2000000476837158,1.2000000476837158,2.0784610516732713,1.2000000476837158,8.611620398839431,4
892,20,22,3,0.6480000772476227,0.00013440258052954617,7.34358170958582e-05,133.66666666666666,108.0,58.666666666666664,-44.134957750638335,141.96504163742065,66.65000216166177,133,108,58,134,108,59,1.2000000476837158,0.6000000238418579,1.2000000476837158,1.8000000715255737,1.2000000476837158,1.2000000476837158,18
892,30,23,3,0.6480000772476227,0.00013440258052954617,7.34358170958582e-05,222.33333333333334,191.33333333333334,108.0,9.065044363339751,191.96504362424216,96.25000333786011,222,191,108,223,192,108,1.2000000476837158,1.2000000476837158,0.6000000238418579,1.8000000715255737,1.2000000476837158,2.4738634736730947,18
892,21,24,2,0.43200005149841514,8.960172035303078e-05,4.89572113972388e-05,134.0,137.0,165.5,-43.93495774269104,159.36504232883453,130.75000470876694,134,137,165,134,137,166,0.6000000238418579,0.6000000238418579,1.2000000476837158,1.4696939040702932,1.2000000476837158,3.7947333429912047,4
892,2,25,2,0.43200005149841514,8.960172035303078e-05,4.89572113972388e-05,53.0,160.5,125.0,-92.53495967388153,173.4650428891182,106.45000374317169,53,160,125,53,161,125,0.6000000238418579,1.2000000476837158,0.6000000238418579,1.4696939040702932,1.2000000476837158,0.8485281711413358,3
892,22,26,1,0.21600002574920757,4.480086017651539e-05,2.44786056986194e-05,153.0,157.0,41.0,-32.53495728969574,171.3650428056717,56.05000174045563,153,157,41,153,157,41,0.6000000238418579,0.6000000238418579,0.6000000238418579,1.0392305258366357,1.2000000476837158,5.817216060054983,24
892,23,27,1,0.21600002574920757,4.480086017651539e-05,2.44786056986194e-05,154.0,156.0,41.0,-31.934957265853882,170.76504278182983,56.05000174045563,154,156,41,154,156,41,0.6000000238418579,0.6000000238418579,0.6000000238418579,1.0392305258366357,1.2000000476837158,0.8485281711413358,22
892,14,28,1,0.21600002574920757,4.480086017651539e-05,2.44786056986194e-05,124.0,110.0,55.0,-49.93495798110962,143.16504168510437,64.45000207424164,124,110,55,124,110,55,0.6000000238418579,0.6000000238418579,0.6000000238418579,1.0392305258366357,1.2000000476837158,1.2000000476837158,15
892,11,29,1,0.21600002574920757,4.480086017651539e-05,2.44786056986194e-05,116.0,114.0,55.0,-54.73495817184448,145.5650417804718,64.45000207424164,116,114,55,116,114,55,0.6000000238418579,0.6000000238418579,0.6000000238418579,1.0392305258366357,1.2000000476837158,0.8485281711413358,8
892,26,30,1,0.21600002574920757,4.480086017651539e-05,2.44786056986194e-05,210.0,231.0,26.0,1.6650440692901611,215.76504456996918,47.05000138282776,210,231,26,210,231,26,0.6000000238418579,0.6000000238418579,0.6000000238418579,1.0392305258366357,1.2000000476837158,1.2000000476837158,27
892,7,31,1,0.21600002574920757,4.480086017651539e-05,2.44786056986194e-05,103.0,119.0,152.0,-62.534958481788635,148.5650418996811,122.65000438690186,103,119,152,103,119,152,0.6000000238418579,0.6000000238418579,0.6000000238418579,1.0392305258366357,1.2000000476837158,3.0594118297257697,4
892,16,32,1,0.21600002574920757,4.480086017651539e-05,2.44786056986194e-05,130.0,110.0,62.0,-46.33495783805847,143.16504168510437,68.65000224113464,130,110,62,130,110,62,0.6000000238418579,0.6000000238418579,0.6000000238418579,1.0392305258366357,1.2000000476837158,1.2000000476837158,17
893,2,1,18529,4002.2644771070673,1.0,0.5185257737728773,133.34092503642938,187.1251011927249,179.0204544227967,-59.293293361546986,171.477213614545,119.86227673112339,92,107,89,184,269,213,55.800002217292786,97.80000388622284,75.00000298023224,135.29035979932172,6.1188236594515395,inf,-1
893,5,2,15928,3440.4484101333783,0.8596254519941713,0.4457379526501371,233.3068181818182,183.77109492717227,90.58230788548468,0.686244909058928,169.46480977524772,66.79938670020647,163,99,45,274,224,150,67.20000267028809,75.6000030040741,63.60000252723694,119.48289055160694,5.878775616281173,44.049973373534975,2
893,4,3,573,123.76801475429593,0.030924496734848074,0.016035148597973916,157.24956369982547,174.63176265270505,49.038394415357764,-44.94810959348297,163.9812101926687,41.87303762764623,145,170,46,170,181,52,15.600000619888306,7.200000286102295,4.200000166893005,17.68728427040991,3.6000001430511475,10.129166212177365,5
893,6,4,554,119.664014265061,0.02989907712234875,0.015503442099960822,233.98194945848377,249.6046931407942,88.86642599277978,1.0913236911546562,208.96497027301615,65.7698575236737,215,243,76,250,256,95,21.600000858306885,8.40000033378601,12.000000476837158,26.098276842170158,2.9393878081405864,16.949336943696753,5
893,1,5,119,25.7040030641557,0.006422364941443143,0.0033301617507136057,58.21008403361345,96.88235294117646,144.89915966386553,-104.37179975449538,117.33156251206117,99.38949906224963,54,95,140,63,99,150,6.000000238418579,3.0000001192092896,6.600000262260437,9.410632658759802,2.0784610516732713,19.3214913934926,2
893,3,6,17,3.6720004377365285,0.000917480705920449,0.00047573739295908655,95.29411764705883,176.2941176470588,179.05882352941177,-82.12137870227589,164.97862322891459,119.88529819600723,94,175,177,97,177,181,2.4000000953674316,1.8000000715255737,3.0000001192092896,4.2426408557066795,1.2000000476837158,1.0392305258366357,2
893,7,7,14,3.024000360488906,0.0007555723460521345,0.00039178373537807125,302.5,65.21428571428571,148.14285714285714,42.20215564966202,98.33072142090116,101.33571762698037,301,65,147,304,66,150,2.4000000953674316,1.2000000476837158,2.4000000953674316,3.6000001430511475,1.2000000476837158,84.52550246995652,5
894,4,1,18843,4070.0884851923183,1.0,0.4691865242399341,132.3700578464151,200.0725999044738,146.7969007058324,-81.89534494870283,189.22618190028678,126.52814468634975,66,113,57,199,282,175,80.40000319480896,102.00000405311584,71.40000283718109,148.20972217000613,5.628499135444567,inf,-1
894,8,2,17586,3798.5764528255645,0.9332908772488457,0.43788750280122496,222.76378937791424,206.43983850790403,75.02092573638122,-27.65910387464885,193.0465252141517,83.46255799340643,138,136,33,267,250,134,78.00000309944153,69.00000274181366,61.20000243186951,120.79089849630233,5.878775616281173,30.268797016284534,4
894,5,3,1228,265.2480316200269,0.06517008968847848,0.03057692786534199,92.85504885993485,261.61319218241044,36.62052117263843,-105.6043512827022,226.15053873429082,60.422314339623775,82,237,25,97,279,55,9.600000381469727,25.80000102519989,18.600000739097595,33.22288499993589,3.6000001430511475,2.163330851241435,4
894,9,4,943,203.68802428150275,0.050045109589768086,0.023480491023629885,144.78048780487805,131.32555673382822,141.7253446447508,-74.44908667773736,147.9779543588422,123.48521092878546,141,116,125,149,148,154,5.400000214576721,19.80000078678131,18.000000715255737,27.298352683324612,3.6000001430511475,1.3416408398118889,4
894,1,5,447,96.55201150989578,0.023722337207451042,0.011130200941211619,52.81208053691275,203.0111856823266,121.08277404921701,-129.63013323121422,190.98933343705983,111.09966807930795,46,199,112,60,207,132,9.000000357627869,5.400000214576721,12.600000500679016,16.398781094088726,3.3941126845653433,7.249827872239009,4
894,11,6,432,93.31201112365767,0.02292628562330839,0.010756704265332035,247.75462962962962,256.9837962962963,109.83796296296296,-12.664599127791547,223.37290109224895,104.35278115945833,238,252,103,258,266,119,12.600000500679016,9.000000357627869,10.200000405311584,18.54184530522164,2.6832816796237777,4.284857227390632,8
894,7,7,389,84.02401001644175,0.020644271082099454,0.009686013794477227,109.33933161953728,233.52185089974293,147.8611825192802,-95.71378123392482,209.29573329494053,127.16671379979287,107,222,141,111,244,154,3.0000001192092896,13.800000548362732,8.40000033378601,16.431677378091152,2.6832816796237777,1.4696939040702932,4
894,6,8,227,49.03200584507012,0.012046913973358806,0.005652249694977713,107.54625550660793,225.75330396475772,25.374449339207047,-96.7896269444327,204.63460494873283,53.6746709714377,100,217,24,116,236,27,10.200000405311584,12.000000476837158,2.4000000953674316,15.931102289867207,2.4000000953674316,8.072174749003619,5
894,2,9,29,6.264000746727019,0.0015390330626757947,0.0007220935733671968,56.06896551724138,130.55172413793105,120.55172413793103,-127.67600216536687,147.5136547828543,110.78103811987515,53,129,119,59,132,122,4.200000166893005,2.4000000953674316,2.4000000953674316,5.400000214576721,1.6970563422826717,27.710648874135384,4
894,12,10,19,4.104000489234944,0.0010083320065806933,0.00047309578944747385,260.57894736842104,248.42105263157896,120.10526315789474,-4.970008178761134,218.2352546892668,110.51316152120891,260,247,119,262,250,121,1.8000000715255737,2.4000000953674316,1.8000000715255737,3.498571275927907,1.6970563422826717,1.6970563422826717,11
894,3,11,13,2.8080003347396985,0.0006899113729236322,0.00032369711909563994,55.15384615384615,100.84615384615384,102.6923076923077,-128.22507380522214,129.69031189955197,100.06538782669948,54,100,102,57,102,104,2.4000000953674316,1.8000000715255737,1.8000000715255737,3.498571275927907,1.2000000476837158,19.386594076038218,2
894,10,12,5,1.080000128746038,0.0002653505280475508,0.00012449889195986153,168.8,131.4,64.4,-60.037378787994385,148.02262032032013,77.0900022983551,168,131,64,169,132,65,1.2000000476837158,1.2000000476837158,1.2000000476837158,2.0784610516732713,1.2000000476837158,5.6603889041576,8
895,1,1,22062,4765.392568079017,1.0,0.5974813811780636,102.7062369685432,133.40019037258634,108.97837911340767,-47.717075682666575,161.1992970915602,160.33702701453382,40,67,36,160,225,143,72.60000288486481,95.40000379085541,64.80000257492065,136.2753149909672,6.462198025346074,inf,-1
895,12,2,13515,2919.2403480005405,0.6125917867827033,0.36601218686526743,180.8849426563078,159.30588235294118,62.563522012578616,-0.8098504060822194,176.7427128974129,132.48811164741997,117,89,22,216,210,120,60.00000238418579,73.20000290870667,59.40000236034393,111.74346062452975,4.947726947346189,24.570715251684387,1
895,5,3,334,72.14400860023532,0.015139153295258816,0.00904536222071767,81.67964071856288,113.94610778443113,37.67065868263473,-60.33303393396788,149.5268470748456,117.55239305596152,71,97,36,90,130,39,12.000000476837158,20.40000081062317,2.4000000953674316,23.789074067211644,2.4000000953674316,11.462984360223736,1
895,17,4,271,58.53600697803525,0.012283564500045328,0.007339201083276912,181.93726937269372,210.12915129151293,39.59778597785978,-0.17845435116124975,207.2366754722771,118.70866947904284,171,208,32,189,214,49,11.4000004529953,4.200000166893005,10.800000429153442,16.25546126690685,2.4000000953674316,3.0000001192092896,12
895,14,5,180,38.880004634857364,0.008158825129181398,0.004874746106973595,125.05555555555556,124.9888888888889,26.67222222222222,-34.30748399760988,156.15251600080066,110.95333091749086,120,119,25,130,131,29,6.600000262260437,7.800000309944153,3.0000001192092896,10.64894403273031,2.6832816796237777,1.6970563422826717,12
895,7,6,173,37.36800445461291,0.007841537485268788,0.004685172647257954,91.19653179190752,206.91907514450867,109.94219653179191,-54.622899063060736,205.3106297075404,160.91531748854356,84,205,108,99,209,112,9.600000381469727,3.0000001192092896,3.0000001192092896,10.495713827783721,2.4000000953674316,3.0594118297257697,1
895,8,7,168,36.28800432586687,0.007614903453902639,0.004549763033175355,104.95833333333333,62.904761904761905,97.375,-46.365817810098335,118.90203833012353,153.3749992698431,102,61,91,107,65,102,3.6000001430511475,3.0000001192092896,7.200000286102295,8.590692979329267,2.9393878081405864,3.2863354756182304,1
895,11,8,108,23.328002780914417,0.004895295077508839,0.002924847664184157,123.51851851851852,76.91666666666667,50.101851851851855,-35.229706256477925,127.30918152133624,125.01110925387454,116,75,49,134,79,52,11.4000004529953,3.0000001192092896,2.4000000953674316,12.029963071485817,2.4000000953674316,7.823043197102973,12
895,10,9,103,22.24800265216838,0.00466866104614269,0.002789438050101557,106.30097087378641,182.92233009708738,132.8640776699029,-45.56023525381551,190.91258210696063,174.6684467179104,105,176,129,108,189,137,2.4000000953674316,8.40000033378601,5.400000214576721,10.270346069281084,2.0784610516732713,2.7495455262306225,1
895,6,10,2,0.43200005149841514,9.065361254645998e-05,5.416384563303994e-05,77.0,90.5,49.0,-63.14081847667694,135.45918184518814,124.34999811649323,77,90,49,77,91,49,0.6000000238418579,1.2000000476837158,0.6000000238418579,1.4696939040702932,1.2000000476837158,2.6832816796237777,1
895,13,11,2,0.43200005149841514,9.065361254645998e-05,5.416384563303994e-05,118.0,146.5,24.0,-38.54081749916077,169.05918318033218,109.34999752044678,118,146,24,118,147,24,0.6000000238418579,1.2000000476837158,0.6000000238418579,1.4696939040702932,1.2000000476837158,3.2863354756182304,12
895,15,12,2,0.43200005149841514,9.065361254645998e-05,5.416384563303994e-05,132.0,126.5,26.0,-30.140817165374756,157.05918270349503,110.5499975681305,132,126,26,132,127,26,0.6000000238418579,1.2000000476837158,0.6000000238418579,1.4696939040702932,1.2000000476837158,1.6970563422826717,12
895,3,13,1,0.21600002574920757,4.532680627322999e-05,2.708192281651997e-05,65.0,97.0,54.0,-70.34081876277924,139.35918200016022,127.34999823570251,65,97,54,65,97,54,0.6000000238418579,0.6000000238418579,0.6000000238418579,1.0392305258366357,1.2000000476837158,8.590692979329267,6
895,16,14,1,0.21600002574920757,4.532680627322999e-05,2.708192281651997e-05,133.0,125.0,26.0,-29.540817141532898,156.15918266773224,110.5499975681305,133,125,26,133,125,26,0.6000000238418579,0.6000000238418579,0.6000000238418579,1.0392305258366357,1.2000000476837158,0.8485281711413358,15
895,2,15,1,0.21600002574920757,4.532680627322999e-05,2.708192281651997e-05,64.0,98.0,54.0,-70.9408187866211,139.95918202400208,127.34999823570251,64,98,54,64,98,54,0.6000000238418579,0.6000000238418579,0.6000000238418579,1.0392305258366357,1.2000000476837158,0.8485281711413358,3
895,4,16,1,0.21600002574920757,4.532680627322999e-05,2.708192281651997e-05,67.0,95.0,54.0,-69.14081871509552,138.1591819524765,127.34999823570251,67,95,54,67,95,54,0.6000000238418579,0.6000000238418579,0.6000000238418579,1.0392305258366357,1.2000000476837158,1.6970563422826717,3
895,9,17,1,0.21600002574920757,4.532680627322999e-05,2.708192281651997e-05,104.0,62.0,90.0,-46.94081783294678,118.35918116569519,148.9499990940094,104,62,90,104,62,90,0.6000000238418579,0.6000000238418579,0.6000000238418579,1.0392305258366357,1.2000000476837158,0.8485281711413358,8
896,1,1,8648,1867.968222679147,1.0,0.468269439029673,93.6927613320999,140.62523126734504,154.09805735430157,-65.12516127943056,165.5343218006738,109.40883884950439,44,77,74,146,192,186,61.800002455711365,69.60000276565552,67.80000269412994,115.15312003514804,4.800000190734863,inf,-1
896,10,2,5535,1195.560142521864,0.6400323774283072,0.29970760233918137,182.44841915085817,120.48238482384824,71.46305329719964,-11.87176447207581,153.44861345433284,59.8278344450712,138,58,58,222,174,94,51.00000202655792,70.20000278949738,22.200000882148743,89.56495206006508,4.156922103346543,50.9611637072212,1
896,11,3,2221,479.73605718899,0.2568223866790009,0.12026207494043753,183.4155785682125,161.79828905898245,131.4826654660063,-11.291468798604328,178.23815698046127,95.83960317733425,157,147,101,208,172,144,31.20000123977661,15.600000619888306,26.400001049041748,43.74654445887107,3.9799499065754738,7.224957034369364,10
896,9,4,573,123.76801475429593,0.06625809435707679,0.031026640675763485,135.282722513089,54.48516579406632,88.00698080279233,-40.17118357925516,113.85028046296736,69.75419134286477,121,49,83,145,59,100,15.000000596046448,6.600000262260437,10.800000429153442,19.626513460442894,3.3941126845653433,1.6970563422826717,10
896,4,5,443,95.68801140689895,0.05122571692876966,0.023987437730127792,84.28668171557563,168.25056433408577,33.19638826185101,-70.76880927360354,182.1095222993575,36.867834511513635,72,157,30,93,180,37,13.200000524520874,14.40000057220459,4.800000190734863,20.115666336412986,2.6832816796237777,25.92527827073992,1
896,5,6,344,74.30400885772741,0.03977798334875116,0.01862681394845138,82.68604651162791,82.12209302325581,165.2122093023256,-71.72919043413428,130.43243745939677,116.07733028330082,74,79,157,93,88,173,12.000000476837158,6.000000238418579,10.200000405311584,16.85348695592314,2.9393878081405864,10.340213174651591,1
896,3,7,328,70.84800844574008,0.037927844588344126,0.017760450508988522,82.64329268292683,60.78048780487805,72.22560975609755,-71.75484273237427,117.62747381954658,60.285368338590715,72,55,68,93,70,76,13.200000524520874,9.600000381469727,5.400000214576721,17.191859221416365,2.6832816796237777,18.000000715255737,9
896,8,8,216,46.656005561828835,0.024976873265494914,0.011695906432748539,114.98611111111111,134.31944444444446,45.64351851851852,-52.34915090435081,161.7508495565918,44.33611296227684,108,127,42,120,141,49,7.800000309944153,9.000000357627869,4.800000190734863,12.840561245657659,2.6832816796237777,14.211263703497274,4
896,2,9,113,24.408002909660457,0.013066604995374655,0.006118691791206412,63.176991150442475,186.0353982300885,38.309734513274336,-83.43462411597767,192.78042306098263,39.9358423842793,58,181,34,70,189,45,7.800000309944153,5.400000214576721,7.200000286102295,11.90966041801489,2.0784610516732713,1.3416408398118889,4
896,7,10,26,5.616000669479397,0.003006475485661425,0.001407840589127139,101.26923076923077,92.07692307692308,171.8846153846154,-60.57927943651492,136.40533572893878,120.08077409175726,100,91,171,103,93,173,2.4000000953674316,1.8000000715255737,1.8000000715255737,3.498571275927907,1.6970563422826717,4.40908171221088,1
896,6,11,12,2.5920003089904906,0.0013876040703052729,0.000649772579597141,99.0,148.75,39.333333333333336,-61.94081795215607,170.40918323397636,40.5500017007192,98,148,38,100,150,40,1.8000000715255737,1.8000000715255737,1.8000000715255737,3.1176915775099068,1.2000000476837158,5.466260364696242,4
896,12,12,9,1.9440002317428682,0.0010407030527289547,0.00048732943469785583,207.11111111111111,139.0,68.22222222222223,2.9258512920803526,164.55918300151825,57.88333572281732,206,138,68,208,140,69,1.8000000715255737,1.8000000715255737,1.2000000476837158,2.8142495677222836,1.2000000476837158,1.8000000715255737,10
897,1,1,18958,4094.9284881534772,1.0,0.5426183525101608,104.61868340542252,118.09658191792383,147.45627175862433,-47.5696077749427,152.01713165389623,132.42376733374553,39,62,68,163,210,182,75.00000298023224,89.40000355243683,69.00000274181366,135.56681548439815,5.3665633592475555,inf,-1
897,7,2,12872,2780.3523314438,0.6789745753771494,0.36842406548743484,193.38354568054692,160.64628651336233,89.86458980733374,5.689311706451164,177.54695542562334,97.86875678987849,126,100,44,219,211,153,56.400002241134644,67.20000267028809,66.00000262260437,109.7852492727074,5.230678940097307,31.124910875215836,1
897,9,3,1210,261.36003115654114,0.06382529802721805,0.03463277806399908,175.62066115702478,183.38595041322313,163.69421487603304,-4.968419431162275,191.19075430769567,142.1665335913335,168,165,147,182,203,173,9.000000357627869,23.40000092983246,16.200000643730164,29.84962429931605,3.3941126845653433,3.0594118297257697,7
897,2,4,746,161.13601920890883,0.039350142420086505,0.02135210945102753,62.88069705093834,206.69571045576407,73.52680965147454,-72.61240058274436,205.17661088896818,88.06608830683993,59,191,60,69,216,92,6.600000262260437,15.600000619888306,19.80000078678131,26.056861936136784,3.3941126845653433,17.656727465089876,1
897,6,5,564,121.82401452255307,0.029749973625909906,0.01614288167611197,101.29078014184397,142.32978723404256,46.23936170212766,-49.56634981243323,166.5570554213321,71.69361888664834,97,124,40,108,165,50,7.200000286102295,25.200001001358032,6.600000262260437,27.02665458487522,2.6832816796237777,10.816654256207174,7
897,5,6,215,46.440005536079624,0.011340858740373456,0.006153758085751903,84.55348837209303,182.35813953488372,152.06976744186048,-59.60872527333193,190.57406775618708,135.19186485368152,82,175,147,87,189,157,3.6000001430511475,9.000000357627869,6.600000262260437,11.726892637400066,2.6832816796237777,4.947726947346189,1
897,8,7,209,45.144005381584385,0.011024369659246757,0.005982025301963478,149.23444976076556,123.52153110047847,47.665071770334926,-20.80014689801412,155.2721012927699,72.54904496156428,144,121,45,155,126,51,7.200000286102295,3.6000001430511475,4.200000166893005,9.079647931045713,3.3941126845653433,0.8485281711413358,7
897,4,8,156,33.69600401687638,0.008228716109294229,0.004465052378499055,82.03846153846153,200.26923076923077,133.44230769230768,-61.11774143347374,201.320722923829,124.0153885598366,76,198,128,88,203,138,7.800000309944153,3.6000001430511475,6.600000262260437,10.833282481636626,2.4000000953674316,3.0594118297257697,1
897,3,9,8,1.7280002059936606,0.00042198544150226817,0.00022897704505123358,72.0,86.625,79.375,-67.14081859588623,133.13418175280094,91.57500265538692,71,86,79,73,87,80,1.8000000715255737,1.2000000476837158,1.2000000476837158,2.4738634736730947,1.2000000476837158,3.8418746951220877,1
898,1,1,25219,5447.3046493692655,1.0,0.6176283307210031,100.95554938736667,157.03382370434989,131.42801062690828,-61.753816398112136,175.89314952908805,213.8068064578751,55,94,45,169,247,176,69.00000274181366,92.40000367164612,79.20000314712524,139.8978254133893,5.230678940097307,inf,-1
898,4,2,15592,3367.8724014816444,0.6182640072960863,0.3818573667711599,196.4865956900975,204.55156490507952,102.96369933299128,-4.435186338836019,204.40379538243707,196.72821900288284,135,120,55,236,257,167,61.20000243186951,82.80000329017639,67.80000269412994,123.28066031555024,5.3665633592475555,29.79530282700324,1
898,3,3,13,2.8080003347396985,0.0005154843570323962,0.00031837774294670844,106.92307692307692,170.23076923076923,167.53846153846155,-58.17329973440904,183.81131715957935,235.4730778657473,105,169,167,109,171,168,3.0000001192092896,1.8000000715255737,1.2000000476837158,3.6986485487524687,1.2000000476837158,4.6861499917548555,1
898,2,4,7,1.512000180244453,0.000277568499940521,0.00017143416927899687,93.28571428571429,223.57142857142858,137.42857142857142,-66.35571764196668,215.8157140357154,217.4071430819375,93,223,136,94,224,138,1.2000000476837158,1.2000000476837158,1.8000000715255737,2.4738634736730947,1.2000000476837158,1.0392305258366357,1
898,5,5,1,0.21600002574920757,3.965264284864586e-05,2.4490595611285266e-05,168.0,235.0,158.0,-21.52714443206787,222.6728571653366,229.75000071525574,168,235,158,168,235,158,0.6000000238418579,0.6000000238418579,0.6000000238418579,1.0392305258366357,1.2000000476837158,0.8485281711413358,4
899,6,1,18827,4066.6324847803307,1.0,0.6079501420821494,215.0770701651883,189.42396558134595,82.83364317204015,3.22593472694993,187.33407136502683,-1111.247810168743,127,116,27,257,255,157,78.60000312328339,84.00000333786011,78.60000312328339,139.32667204351372,6.000000238418579,inf,-1
899,1,2,8601,1857.8162214689344,0.45684389440696876,0.2777383105140791,108.29787234042553,190.9524473898384,152.6041158004883,-60.841586513722206,188.25116048656417,-1069.3855249282165,57,151,78,157,247,181,60.60000240802765,58.20000231266022,62.40000247955322,104.65830531063868,5.499091052461245,37.35451928339129,6
899,9,3,2360,509.76006076812985,0.12535188824560473,0.0762076982691811,162.97161016949153,142.80677966101695,171.2470338983051,-28.03734251275911,159.36375870138912,-1058.1997736250446,134,130,158,179,153,182,27.600001096725464,14.40000057220459,15.000000596046448,34.55604281309035,5.091169026848015,2.4000000953674316,1
899,10,4,700,151.20001802444528,0.037180644818611566,0.022603978300180832,141.46857142857144,102.96,145.45,-40.93916626998356,135.4556899547577,-1073.6779945790768,137,90,128,146,119,157,6.000000238418579,18.000000715255737,18.000000715255737,26.153394700486533,3.3941126845653433,7.613146826788975,9
899,4,5,383,82.7280098619465,0.020343124236468904,0.012367605269956086,120.54830287206266,119.31331592689295,158.0574412532637,-53.491327902666896,145.2676799007869,-1066.1135295265337,113,111,147,131,128,166,11.4000004529953,10.800000429153442,12.000000476837158,19.763603695735746,2.9393878081405864,2.8142495677222836,9
899,5,6,61,13.176001570701661,0.0032400276199075796,0.001969775251872901,121.77049180327869,189.59016393442624,25.770491803278688,-52.75801451479802,187.43379038083748,-1145.4857023504915,115,188,24,127,192,27,7.800000309944153,3.0000001192092896,2.4000000953674316,8.694826393215008,1.6970563422826717,0.8485281711413358,6
899,3,7,23,4.968000592231774,0.0012216497583258086,0.0007427021441487987,111.91304347826087,196.95652173913044,25.434782608695652,-58.6724837448286,191.85360523928767,-1145.687127875245,110,194,24,113,199,27,2.4000000953674316,3.6000001430511475,2.4000000953674316,4.947726947346189,1.2000000476837158,1.6970563422826717,5
899,2,8,9,1.9440002317428682,0.00047803686195357735,0.00029062257814518216,80.33333333333333,246.44444444444446,74.77777777777777,-77.62031058470409,221.5463600423601,-1116.0813295973671,80,246,74,81,247,76,1.2000000476837158,1.2000000476837158,1.8000000715255737,2.4738634736730947,1.2000000476837158,1.2000000476837158,1
899,11,9,2,0.43200005149841514,0.00010623041376746162,6.45827951433738e-05,146.5,120.0,157.0,-37.920309007167816,145.67969036102295,-1066.7479943037033,146,120,157,147,120,157,1.2000000476837158,0.6000000238418579,0.6000000238418579,1.4696939040702932,1.2000000476837158,0.8485281711413358,10
899,7,10,1,0.21600002574920757,5.311520688373081e-05,3.22913975716869e-05,132.0,129.0,166.0,-46.620309352874756,151.07969057559967,-1061.3479940891266,132,129,166,132,129,166,0.6000000238418579,0.6000000238418579,0.6000000238418579,1.0392305258366357,1.2000000476837158,1.0392305258366357,4
899,8,11,1,0.21600002574920757,5.311520688373081e-05,3.22913975716869e-05,133.0,130.0,167.0,-46.0203093290329,151.67969059944153,-1060.7479940652847,133,130,167,133,130,167,0.6000000238418579,0.6000000238418579,0.6000000238418579,1.0392305258366357,1.2000000476837158,0.8485281711413358,9
900,1,1,17253,3726.648444251078,1.0,0.6118302067449201,99.68730075928823,128.0164609053498,127.84008578218281,-38.5284374801966,156.96905928286014,-1076.84599431087,58,63,48,144,216,168,52.20000207424164,92.40000367164612,72.60000288486481,128.58211895109454,5.499091052461245,inf,-1
900,3,2,10899,2354.1842806406135,0.6317162232655191,0.3865030674846626,203.48142031379027,159.53344343517753,92.72758968712726,23.74803672714927,175.87924955218023,-1097.9134928050507,139,112,38,235,212,146,58.20000231266022,60.60000240802765,65.40000259876251,106.47422646333128,4.947726947346189,32.934481720570965,1
900,5,3,41,8.85600105571751,0.0023763983075407173,0.0014539522678109153,216.3658536585366,192.9268292682927,71.5609756097561,31.47869704118588,195.91528184820964,-1110.6134617561247,215,192,69,218,194,74,2.4000000953674316,1.8000000715255737,3.6000001430511475,4.6861499917548555,2.0784610516732713,6.734983563817286,3
900,4,4,5,1.080000128746038,0.000289804671651307,0.00017731125217206286,167.2,111.0,51.6,1.9791836738586426,146.75918233394623,-1122.5900475978851,166,111,51,168,111,52,1.8000000715255737,0.6000000238418579,1.2000000476837158,2.2449945212724285,1.2000000476837158,0.8485281711413358,3
900,2,5,1,0.21600002574920757,5.79609343302614e-05,3.546225043441257e-05,64.0,108.0,57.0,-59.940818786621094,144.95918226242065,-1119.350047469139,64,108,57,64,108,57,0.6000000238418579,0.6000000238418579,0.6000000238418579,1.0392305258366357,1.2000000476837158,0.8485281711413358,1
901,3,1,15139,3270.0243898172535,1.0,0.46005409183456414,196.3252526586961,179.51542374000925,109.15463372745889,1.4777734634764244,174.39187571148676,185.94277978716678,105,109,65,253,223,173,89.40000355243683,69.00000274181366,65.40000259876251,130.50103966430365,4.947726947346189,inf,-1
901,1,2,14332,3095.712369037643,0.9466939692185745,0.4355304342541101,112.8854312029026,168.68413340775885,179.38536142897013,-48.58612139936004,167.89310125389846,228.08121808250456,63,104,116,175,229,204,67.80000269412994,75.6000030040741,53.400002121925354,114.73343473531015,5.3665633592475555,28.26375883505413,3
901,14,3,2222,479.9520572147392,0.14677323469185546,0.06752362719178291,280.94059405940595,122.36093609360937,34.75832583258326,52.2469803212893,140.09918176097767,141.30499327649522,268,105,26,300,143,52,19.80000078678131,23.40000092983246,16.200000643730164,34.670449889344646,4.32666170248287,48.43304849402171,3
901,7,4,601,129.81601547527376,0.03969879120153247,0.018263591333151002,169.04658901830283,140.79700499168052,91.14475873544093,-14.889425371133555,151.16082353937048,175.13685436256714,152,134,83,182,146,98,18.600000739097595,7.800000309944153,9.600000381469727,22.337413450392567,3.3941126845653433,1.6970563422826717,3
901,10,5,183,39.52800471210499,0.012087984675341832,0.005561126811924515,212.24590163934425,113.5464480874317,67.79234972677595,11.030163231443183,134.8104887471173,161.12540840060333,210,108,59,215,118,76,3.6000001430511475,6.600000262260437,10.800000429153442,13.15902784256955,2.4000000953674316,21.415882808080386,3
901,11,6,140,30.24000360488906,0.00924763854944184,0.004254413954477771,232.45714285714286,226.38571428571427,145.03571428571428,23.15690844399589,202.5140511563846,207.47142897759164,225,225,142,240,228,147,9.600000381469727,2.4000000953674316,3.6000001430511475,10.529957683293455,2.0784610516732713,2.4000000953674316,3
901,2,7,74,15.98400190544136,0.004888037518990686,0.0022487616616525363,106.87837837837837,100.62162162162163,160.1216216216216,-52.19035323729386,127.05559255947938,216.5229737388121,104,98,158,110,103,163,4.200000166893005,3.6000001430511475,3.6000001430511475,6.600000262260437,2.0784610516732713,1.8000000715255737,1
901,6,8,66,14.2560016994477,0.004359601030451152,0.0020056522928252347,152.8030303030303,158.95454545454547,72.07575757575758,-24.635560987573683,162.05534824999899,163.69545321211672,149,156,70,157,162,74,5.400000214576721,4.200000166893005,3.0000001192092896,7.469940055621977,2.0784610516732713,1.8000000715255737,3
901,16,9,53,11.448001364708,0.0035008917365744103,0.0016105995684808703,281.1698113207547,62.075471698113205,189.9433962264151,52.38451068356352,103.9279016863625,234.41603921269473,279,60,188,283,63,192,3.0000001192092896,2.4000000953674316,3.0000001192092896,4.874423236473746,2.0784610516732713,82.73911133226012,10
901,15,10,35,7.560000901222265,0.00231190963736046,0.0010636034886194429,271.1142857142857,55.05714285714286,192.5142857142857,46.351195079939686,99.7169042144503,235.95857296671187,270,53,191,273,58,194,2.4000000953674316,3.6000001430511475,2.4000000953674316,4.947726947346189,1.6970563422826717,4.837354841198334,16
901,17,11,22,4.752000566482566,0.0014532003434837176,0.0006685507642750783,289.77272727272725,54.04545454545455,205.1818181818182,57.54626045985654,99.10989120331678,243.55909274924886,288,53,204,291,55,206,2.4000000953674316,1.8000000715255737,1.8000000715255737,3.498571275927907,1.6970563422826717,9.333809882554695,16
901,4,12,15,3.2400003862381137,0.0009908184160116256,0.00045583006655118975,127.13333333333334,159.93333333333334,75.26666666666667,-40.03737978140512,162.6426210006078,165.60999874273935,126,159,74,128,161,76,1.8000000715255737,1.8000000715255737,1.8000000715255737,3.1176915775099068,1.6970563422826717,1.3416408398118889,3
901,13,13,11,2.376000283241283,0.0007266001717418588,0.00033427538213753915,257.45454545454544,42.90909090909091,192.0,38.15535059842196,92.42807275598699,235.6500015258789,256,41,192,259,45,192,2.4000000953674316,3.0000001192092896,0.6000000238418579,3.888444573557615,1.2000000476837158,8.919641602825802,15
901,5,14,10,2.160000257492076,0.0006605456106744171,0.0003038867110341265,138.5,162.5,193.5,-33.21737951040268,164.1826210618019,236.5500015616417,137,162,193,140,163,194,2.4000000953674316,1.2000000476837158,1.2000000476837158,2.9393878081405864,1.2000000476837158,1.6970563422826717,1
901,8,15,2,0.43200005149841514,0.00013210912213488342,6.07773422068253e-05,158.5,155.0,74.0,-21.21737903356552,159.68262088298798,164.84999871253967,158,155,74,159,155,74,1.2000000476837158,0.6000000238418579,0.6000000238418579,1.4696939040702932,1.2000000476837158,0.8485281711413358,6
901,12,16,1,0.21600002574920757,6.605456106744171e-05,3.038867110341265e-05,241.0,225.0,145.0,28.282622933387756,201.68262255191803,207.45000040531158,241,225,145,241,225,145,0.6000000238418579,0.6000000238418579,0.6000000238418579,1.0392305258366357,1.2000000476837158,0.8485281711413358,11
901,9,17,1,0.21600002574920757,6.605456106744171e-05,3.038867110341265e-05,162.0,155.0,74.0,-19.11737895011902,159.68262088298798,164.84999871253967,162,155,74,162,155,74,0.6000000238418579,0.6000000238418579,0.6000000238418579,1.0392305258366357,1.2000000476837158,1.8000000715255737,8
902,3,1,22497,4859.352579279923,1.0,0.5785670198539244,134.82971062808375,151.13637373872072,138.473840956572,-60.92248290855895,136.8615153466044,211.53430482365903,80,94,38,189,230,193,66.00000262260437,82.20000326633453,93.60000371932983,140.97447137488317,4.947726947346189,inf,-1
902,8,2,12568,2714.6883236160406,0.5586522647464106,0.3232177759489764,210.10781349458944,202.4914863144494,90.68499363462763,-15.75561939388571,167.67458411644287,182.8609952911175,152,140,38,248,237,168,58.20000231266022,58.800002336502075,78.60000312328339,114.11678682361531,4.800000190734863,21.03425860737603,3
902,2,3,2071,447.33605332660886,0.09205671867360092,0.053260981380516395,100.89328826653791,224.63978754225013,101.13809753742153,-81.28433713459381,180.96356538117996,189.13285788201526,79,209,92,120,236,116,25.200001001358032,16.80000066757202,15.000000596046448,33.797634396215656,4.947726947346189,1.3416408398118889,3
902,1,4,1384,298.94403563690327,0.06151931368626928,0.03559304598292356,90.96170520231213,126.07731213872832,122.46459537572254,-87.24328720991667,121.82607778915435,201.92875709345918,75,117,105,104,140,136,18.000000715255737,14.40000057220459,19.200000762939453,30.000001192092896,4.156922103346543,2.5455845134240076,3
902,7,5,109,23.544002806663624,0.004845090456505312,0.0028032095463429683,141.72477064220183,188.22935779816513,153.86238532110093,-56.78544673569705,159.1173066666367,220.76743180926786,139,185,149,145,191,159,4.200000166893005,4.200000166893005,6.600000262260437,8.879189504996521,2.4000000953674316,3.7947333429912047,3
902,5,6,96,20.736002471923925,0.004267235631417522,0.002468881802283715,113.125,190.875,32.489583333333336,-73.94530980288982,160.70469205081463,147.94374772285423,111,184,30,116,197,35,3.6000001430511475,8.40000033378601,3.6000001430511475,9.822423716554976,2.0784610516732713,3.8418746951220877,3
902,6,7,77,16.632001982688983,0.0034226785793661377,0.00198024894558173,124.1038961038961,109.7012987012987,152.35064935064935,-67.35797187879488,112.000469336262,219.86039019095432,120,107,149,128,112,156,5.400000214576721,3.6000001430511475,4.800000190734863,8.072174749003619,1.6970563422826717,0.8485281711413358,3
902,4,8,69,14.904001776695322,0.0030670756100813442,0.0017745087953914204,93.08695652173913,127.3913043478261,109.73913043478261,-85.96813636759053,122.61447314594103,194.2934778254965,91,125,106,96,130,113,3.6000001430511475,3.6000001430511475,4.800000190734863,6.997142551855814,2.0784610516732713,1.6970563422826717,3
902,10,9,8,1.7280002059936606,0.00035560296928479354,0.0002057401501903096,206.75,234.375,125.5,-17.770307570695877,186.80469308793545,203.74999994039536,205,234,125,209,235,126,3.0000001192092896,1.2000000476837158,1.2000000476837158,3.4467377248838638,1.2000000476837158,7.249827872239009,8
902,9,10,5,1.080000128746038,0.00022225185580299596,0.00012858759386894352,159.4,110.4,92.2,-46.18030869960785,112.41969013214111,183.7699991464615,159,110,92,160,111,93,1.2000000476837158,1.2000000476837158,1.2000000476837158,2.0784610516732713,1.2000000476837158,2.4738634736730947,3
903,1,1,18944,4091.904487792988,1.0,0.6211351191842356,93.70745354729729,162.9182326858108,108.07400760135135,-48.11634594996183,169.41012318325983,-1105.2056416906291,35,97,9,147,256,150,67.80000269412994,96.00000381469727,85.20000338554382,145.16157092923248,6.000000238418579,inf,-1
903,5,2,11179,2414.6642878503912,0.5901076858108107,0.36653660775763136,195.42016280525985,196.58690401645944,65.11065390464263,12.911282029835661,189.6113267843727,-1130.9836549329805,144,121,25,227,248,129,50.400002002716064,76.80000305175781,63.00000250339508,111.38851370788453,5.091169026848015,31.59557056513093,1
903,3,3,174,37.58400448036212,0.009184966216216216,0.005705105085412637,128.80459770114942,156.54597701149424,19.816091954022987,-27.05805862086943,165.5867696267435,-1158.1603931832587,122,149,16,136,164,26,9.000000357627869,9.600000381469727,6.600000262260437,14.72141356063875,2.0784610516732713,9.256349540139176,5
903,2,4,103,22.24800265216838,0.005437077702702703,0.0033771599068821933,76.35922330097087,216.45631067961165,103.94174757281553,-58.52528451137173,201.5329712559876,-1107.6849978062712,71,215,99,81,218,108,6.600000262260437,2.4000000953674316,6.000000238418579,9.236882958045129,2.0784610516732713,6.489992553724305,1
903,6,5,80,17.280002059936606,0.004222972972972973,0.002623036820879373,193.3875,183.5,105.65,11.691684298217297,181.75918406248093,-1106.6600463092327,191,178,103,196,188,108,3.6000001430511475,6.600000262260437,3.6000001430511475,8.335466724891559,2.0784610516732713,4.200000166893005,5
903,8,6,15,3.2400003862381137,0.0007918074324324325,0.0004918194039148824,212.26666666666668,222.06666666666666,48.46666666666667,23.01918474833171,204.8991849819819,-1140.9700476725895,211,221,46,213,223,51,1.8000000715255737,1.8000000715255737,3.6000001430511475,4.40908171221088,1.2000000476837158,5.723635435938503,5
903,7,7,3,0.6480000772476227,0.00015836148648648647,9.836388078297648e-05,192.0,175.66666666666666,108.66666666666667,10.859184265136719,177.0591838757197,-1104.8500462373097,192,175,108,192,176,109,0.6000000238418579,1.2000000476837158,1.2000000476837158,1.8000000715255737,1.2000000476837158,1.2000000476837158,6
903,4,8,1,0.21600002574920757,5.2787162162162165e-05,3.2787960260992165e-05,136.0,148.0,26.0,-22.740817070007324,160.45918321609497,-1154.4500482082367,136,148,26,136,148,26,0.6000000238418579,0.6000000238418579,0.6000000238418579,1.0392305258366357,1.2000000476837158,0.8485281711413358,3
904,4,1,19538,4220.208503088017,1.0,0.5307940992692004,129.20140239533217,138.97594431364521,141.89528099088955,-39.80630391989922,177.55842146413184,134.08717274052032,58,66,58,193,220,173,81.60000324249268,93.00000369548798,69.60000276565552,141.95675961895878,5.628499135444567,inf,-1
904,13,2,16187,3496.3924168024228,0.8284880745214455,0.43975658127088485,202.97831593253846,153.90430592450733,86.41199728176932,4.459845961403246,186.515438786569,100.79720119222361,127,94,48,239,218,145,67.80000269412994,75.00000298023224,58.800002336502075,116.9584588096625,5.091169026848015,28.781245036171374,4
904,14,3,512,110.59201318359428,0.02620534343330945,0.013909641663723547,132.826171875,77.578125,138.701171875,-37.63144214567728,140.71972841210663,132.17070719483308,128,69,125,137,88,152,6.000000238418579,12.000000476837158,16.80000066757202,21.499768294926703,3.3941126845653433,4.156922103346543,4
904,3,4,198,42.768005098343096,0.010134097655850138,0.00537911923714309,56.63636363636363,150.92424242424244,142.24242424242425,-83.34532890536568,184.72740061535978,134.29545869971767,53,147,138,61,156,146,5.400000214576721,6.000000238418579,5.400000214576721,9.711848819657371,3.3941126845653433,29.771128135130965,4
904,8,5,84,18.144002162933436,0.0042993141570273315,0.0022820505854546443,91.8452380952381,158.97619047619048,164.6547619047619,-62.22000339059602,189.55856963850204,147.74286183147203,89,154,163,95,165,166,4.200000166893005,7.200000286102295,2.4000000953674316,8.674099721558317,2.0784610516732713,16.00999751313172,4
904,15,6,79,17.064002034187396,0.004043402600061419,0.0021462142410823438,216.81012658227849,184.22784810126583,141.49367088607596,12.75893268102331,204.7095648155937,133.84620666805702,211,181,138,223,186,145,7.800000309944153,3.6000001430511475,4.800000190734863,9.84073207114958,1.6970563422826717,1.3416408398118889,13
904,9,7,63,13.608001622200076,0.003224485617770499,0.001711537939090983,93.82539682539682,82.88888888888889,147.85714285714286,-61.03190810529013,143.90618687205844,137.66429000241416,91,81,146,96,85,150,3.6000001430511475,3.0000001192092896,3.0000001192092896,5.564171318397717,2.6832816796237777,9.693297038019109,4
904,6,8,48,10.368001235961962,0.002456750946872761,0.0013040289059740825,79.04166666666667,188.72916666666666,137.625,-69.90214655299981,207.41035606215397,131.52500404417515,74,186,135,84,191,140,6.600000262260437,3.6000001430511475,3.6000001430511475,8.335466724891559,1.6970563422826717,6.148170703882103,4
904,7,9,44,9.504001132965133,0.002252021701300031,0.0011953598304762423,78.70454545454545,176.29545454545453,147.6818181818182,-70.10441928831014,199.95012849298388,137.5590951930393,76,175,145,81,178,151,3.6000001430511475,2.4000000953674316,4.200000166893005,6.029925612280241,1.6970563422826717,6.8410528224338325,6
904,1,10,21,4.536000540733359,0.0010748285392568329,0.0005705126463636611,50.38095238095238,123.71428571428571,126.9047619047619,-87.09857580775306,168.40142594064986,125.09286093144189,49,122,126,51,126,128,1.8000000715255737,3.0000001192092896,1.8000000715255737,3.934463270922718,1.2000000476837158,13.268007159720803,4
904,10,11,19,4.104000489234944,0.000972463916470468,0.0005161781086147411,104.78947368421052,114.26315789473684,159.6315789473684,-54.453461728597944,162.7307490235881,144.7289519372739,103,113,158,106,115,161,2.4000000953674316,1.8000000715255737,2.4000000953674316,3.8418746951220877,1.6970563422826717,12.427389600144862,4
904,11,12,8,1.7280002059936606,0.00040945849114546015,0.00021733815099568042,115.375,116.375,164.375,-48.102145686745644,163.99785433709621,147.57500468194485,115,115,164,116,117,165,1.2000000476837158,1.8000000715255737,1.2000000476837158,2.4738634736730947,1.2000000476837158,5.692100014486806,10
904,12,13,3,0.6480000772476227,0.00015354693417954756,8.150180662338015e-05,121.33333333333333,136.33333333333334,172.0,-44.52714554468791,175.97285481293997,152.150004863739,121,136,172,122,137,172,1.2000000476837158,1.2000000476837158,0.6000000238418579,1.8000000715255737,1.2000000476837158,1.2000000476837158,4
904,2,14,2,0.43200005149841514,0.00010236462278636504,5.4334537748920105e-05,53.5,68.0,143.0,-85.2271471619606,134.97285318374634,134.75000417232513,53,68,143,54,68,143,1.2000000476837158,0.6000000238418579,0.6000000238418579,1.4696939040702932,1.2000000476837158,22.06988986627802,4
904,16,15,2,0.43200005149841514,0.00010236462278636504,5.4334537748920105e-05,294.0,138.0,167.5,59.072858572006226,176.9728548526764,149.45000475645065,294,138,167,294,138,168,0.6000000238418579,0.6000000238418579,1.2000000476837158,1.4696939040702932,1.2000000476837158,47.58571403224236,13
904,5,16,1,0.21600002574920757,5.118231139318252e-05,2.7167268874460053e-05,62.0,112.0,99.0,-80.12714695930481,161.3728542327881,108.35000312328339,62,112,99,62,112,99,0.6000000238418579,0.6000000238418579,0.6000000238418579,1.0392305258366357,1.2000000476837158,1.8973666714956023,4
905,4,1,24166,5219.85662225535,1.0,0.7691034658349513,158.66560456840187,162.58764379707026,142.76578664239014,-57.10043816357607,157.75278546713366,-1183.8905734388893,104,98,53,210,250,197,64.2000025510788,91.80000364780426,87.0000034570694,141.83751830466255,5.3665633592475555,inf,-1
905,11,2,4735,1022.7601219224979,0.19593643962592072,0.15069539479965632,255.179303062302,224.86399155227033,127.89904963041182,0.8077832338298947,195.11859560503754,-1192.810616000527,227,198,83,275,250,158,29.400001168251038,31.80000126361847,45.6000018119812,62.888475210582,3.6000001430511475,31.28066619755093,4
905,2,3,1341,289.65603452968736,0.05549118596375073,0.04267846344801248,94.76584638329605,181.4317673378076,137.37882177479494,-95.44029459812853,169.05926004085498,-1187.1227524878816,82,155,120,112,202,156,18.600000739097595,28.80000114440918,22.200000882148743,40.84409544328049,3.3941126845653433,8.715503774123361,4
905,10,4,1066,230.25602744865526,0.04411156169825375,0.03392635498551924,219.37429643527204,244.6622889305816,76.28705440900563,-20.675221596045958,206.9975745040525,-1223.7778143638966,199,241,66,235,249,88,22.200000882148743,5.400000214576721,13.800000548362732,26.691572764070035,3.3941126845653433,5.909314915892731,11
905,12,5,60,12.960001544952455,0.0024828271124720685,0.001909550937271252,315.43333333333334,82.38333333333334,148.93333333333334,36.96020283301672,109.63019727667174,-1180.1900452772777,313,80,146,318,85,152,3.6000001430511475,3.6000001430511475,4.200000166893005,6.600000262260437,2.0784610516732713,71.0791136798706,4
905,9,6,19,4.104000489234944,0.000786228585616155,0.0006046911301358965,166.21052631578948,141.78947368421052,57.10526315789474,-52.57348493525856,145.2738829035508,-1235.2868895718925,165,141,56,168,143,58,2.4000000953674316,1.8000000715255737,1.8000000715255737,3.498571275927907,1.6970563422826717,4.2426408557066795,4
905,7,7,14,3.024000360488906,0.0005793263262434825,0.00044556188536329215,128.42857142857142,195.07142857142858,47.285714285714285,-75.2426587683814,177.24305710622244,-1241.1786191293172,128,194,46,129,196,48,1.2000000476837158,1.8000000715255737,1.8000000715255737,2.8142495677222836,1.2000000476837158,15.047924042732097,4
905,1,8,10,2.160000257492076,0.00041380451874534473,0.0003182584895452087,62.0,120.5,100.5,-115.09980320930481,132.50019818544388,-1209.2500464320183,61,120,100,63,121,101,1.8000000715255737,1.2000000476837158,1.2000000476837158,2.4738634736730947,1.2000000476837158,31.80000126361847,4
905,3,9,5,1.080000128746038,0.00020690225937267237,0.00015912924477260435,88.4,203.4,130.0,-99.25980257987976,182.2402001619339,-1191.5500457286835,88,203,129,89,204,131,1.2000000476837158,1.2000000476837158,1.8000000715255737,2.4738634736730947,1.2000000476837158,3.4467377248838638,2
905,6,10,3,0.6480000772476227,0.0001241413556236034,9.547754686356259e-05,127.0,204.33333333333334,46.666666666666664,-76.09980165958405,182.8002001841863,-1241.550047715505,127,204,46,127,205,47,0.6000000238418579,1.2000000476837158,1.2000000476837158,1.8000000715255737,1.2000000476837158,4.837354841198334,7
905,5,11,1,0.21600002574920757,4.138045187453447e-05,3.1825848954520867e-05,126.0,206.0,47.0,-76.6998016834259,183.80020022392273,-1241.3500477075577,126,206,47,126,206,47,0.6000000238418579,0.6000000238418579,0.6000000238418579,1.0392305258366357,1.2000000476837158,0.8485281711413358,6
905,8,12,1,0.21600002574920757,4.138045187453447e-05,3.1825848954520867e-05,150.0,103.0,95.0,-62.29980111122131,122.00019776821136,-1212.5500465631485,150,103,95,150,103,95,0.6000000238418579,0.6000000238418579,0.6000000238418579,1.0392305258366357,1.2000000476837158,6.997142551855814,4
906,1,1,13992,3022.2723602829124,1.0,0.5033636723387416,91.79838479130932,129.21626643796455,118.26064894225271,-57.261787249070366,158.6889426310346,55.40639199417035,45,75,44,150,205,154,63.60000252723694,78.60000312328339,66.60000264644623,121.07221466939203,6.000000238418579,inf,-1
906,10,2,12665,2735.640326113714,0.9051600914808462,0.45562470770227004,191.61579155151995,157.20615870509278,66.47801026450848,2.6286591868884415,175.48287865864256,24.3368075529295,128,86,32,225,189,117,58.800002336502075,62.40000247955322,51.60000205039978,100.06878032544496,5.499091052461245,40.97609221775684,1
906,12,3,375,81.00000965595284,0.026801029159519724,0.013490664460193546,203.44533333333334,194.33333333333334,85.26133333333334,9.726384538014727,197.75918432076773,35.606801842053734,193,192,76,213,197,92,12.600000500679016,3.6000001430511475,10.200000405311584,16.606023663581723,2.6832816796237777,1.8000000715255737,10
906,8,4,293,63.28800754451782,0.020940537449971413,0.010540705831564558,105.09215017064847,114.67576791808874,28.450511945392492,-49.285527704518806,149.9646431724366,1.5203076548136956,101,109,25,112,125,31,7.200000286102295,10.200000405311584,4.200000166893005,13.172699563496119,2.6832816796237777,17.317044315711662,10
906,5,5,163,35.208004197120836,0.011649514008004574,0.0058639421520307955,91.98159509202453,142.85276073619633,18.52760736196319,-57.151861064273156,166.870839535093,-4.433435331824366,90,136,14,95,151,23,3.6000001430511475,9.600000381469727,6.000000238418579,11.879394395978702,2.4000000953674316,9.039911863205427,8
906,11,6,119,25.7040030641557,0.008504859919954259,0.004281037522034752,176.26050420168067,173.85714285714286,130.0672268907563,-6.584513589113698,185.47346954686302,62.49033904476326,174,172,123,178,177,136,3.0000001192092896,3.6000001430511475,8.40000033378601,9.618732107342897,2.4000000953674316,9.000000357627869,10
906,9,7,95,20.52000244617472,0.006789594053744997,0.003417634996582365,131.8842105263158,133.2421052631579,29.71578947368421,-33.21029085234592,161.10444602213408,2.279474201955292,126,131,28,136,135,31,6.600000262260437,3.0000001192092896,2.4000000953674316,7.636753540272022,2.4000000953674316,4.40908171221088,10
906,6,8,83,17.92800213718423,0.005931961120640366,0.0029859337338561717,95.09638554216868,63.25301204819277,101.12048192771084,-55.28298671992428,119.11098842448499,45.1222913767918,91,62,98,98,65,103,4.800000190734863,2.4000000953674316,3.6000001430511475,6.462198025346074,2.4000000953674316,14.709181391047846,1
906,2,9,8,1.7280002059936606,0.0005717552887364208,0.0002878008418174623,46.25,103.25,68.25,-84.59081920981407,143.10918214917183,25.40000143647194,46,103,66,47,104,70,1.2000000476837158,1.2000000476837158,3.0000001192092896,3.4467377248838638,1.2000000476837158,2.4738634736730947,1
906,4,10,2,0.43200005149841514,0.0001429388221841052,7.195021045436558e-05,81.0,187.0,100.5,-63.74081838130951,193.35918414592743,44.75000220537186,81,187,100,81,187,101,0.6000000238418579,0.6000000238418579,1.2000000476837158,1.4696939040702932,1.2000000476837158,1.3416408398118889,1
906,3,11,1,0.21600002574920757,7.14694110920526e-05,3.597510522718279e-05,46.0,105.0,65.0,-84.74081921577454,144.15918219089508,23.4500013589859,46,105,65,46,105,65,0.6000000238418579,0.6000000238418579,0.6000000238418579,1.0392305258366357,1.2000000476837158,0.8485281711413358,2
906,7,12,1,0.21600002574920757,7.14694110920526e-05,3.597510522718279e-05,95.0,82.0,132.0,-55.3408180475235,130.35918164253235,63.65000295639038,95,82,132,95,82,132,0.6000000238418579,0.6000000238418579,0.6000000238418579,1.0392305258366357,1.2000000476837158,4.724404912138064,1
907,2,1,18166,3923.856467760105,1.0,0.6294307196562836,94.30964439061984,118.80639656501155,111.04519431905759,-54.75503142961096,152.44302045907216,102.57712000189775,31,63,43,147,230,147,70.20000278949738,100.80000400543213,63.00000250339508,138.04956180505738,5.628499135444567,inf,-1
907,5,2,8547,1846.152220078477,0.4704943300671584,0.29614358476837255,185.34000234000234,154.2022932022932,60.530595530595534,-0.1368144896486001,173.68055928534508,72.26835952445863,119,125,23,220,166,105,61.20000243186951,25.200001001358032,49.80000197887421,82.82825933958262,4.947726947346189,36.27892094038908,2
907,1,3,1381,298.29603555965565,0.07602113839039965,0.047850039846159174,41.706734250543086,146.04851556842868,109.86748732802317,-86.31677876780812,168.78829251062518,101.87049577919838,30,127,90,53,168,122,14.40000057220459,25.200001001358032,19.80000078678131,35.134599728821144,3.7947333429912047,12.657014368781935,2
907,3,4,571,123.33601470279753,0.03143234614114279,0.01978448425210492,52.873905429071804,98.20140105078809,111.50963222416813,-79.61647579444478,140.08002265927672,102.85578275603714,40,90,98,64,111,123,15.000000596046448,13.200000524520874,15.600000619888306,25.34955721643399,2.6832816796237777,12.966110186211493,1
907,4,5,91,19.65600234317789,0.005009358141583177,0.0031530439000727628,84.97802197802197,193.26373626373626,122.46153846153847,-60.354005099652895,197.1174260535083,109.42692675957313,80,191,119,91,195,125,7.200000286102295,3.0000001192092896,4.200000166893005,8.858894188160853,2.0784610516732713,3.2863354756182304,2
907,8,6,33,7.12800084972385,0.0018165804249697236,0.0011434115242022107,185.87878787878788,166.87878787878788,149.75757575757575,0.18645684646837424,181.2864563934731,125.80454978798375,185,165,147,187,168,153,1.8000000715255737,2.4000000953674316,4.200000166893005,5.161395365320993,1.6970563422826717,25.31402873756387,5
907,7,7,32,6.912000823974642,0.0017615325333039744,0.0011087626901354769,183.03125,162.15625,138.40625,-1.5220659486949444,178.45293355360627,118.9937540628016,182,161,136,185,163,141,2.4000000953674316,1.8000000715255737,3.6000001430511475,4.6861499917548555,1.6970563422826717,3.9799499065754738,8
907,6,8,27,5.832000695228604,0.0014862930749752284,0.0009355185198018087,177.55555555555554,157.37037037037038,122.55555555555556,-4.807482745912353,175.58140566172423,109.48333701822493,176,156,120,179,159,126,2.4000000953674316,2.4000000953674316,4.200000166893005,5.400000214576721,1.6970563422826717,6.378087741083216,7
907,9,9,13,2.8080003347396985,0.0007156225916547396,0.00045043484286753753,210.07692307692307,175.30769230769232,56.15384615384615,14.705338542277985,186.3437992517765,69.64230979405917,209,174,54,211,177,58,1.8000000715255737,2.4000000953674316,3.0000001192092896,4.2426408557066795,1.2000000476837158,7.274613680856449,5
908,2,1,22933,4953.5285905065775,1.0,0.6996674497360954,123.51589412636811,138.2969083852963,129.03375049055947,-41.215655891830735,174.652953015933,41.37025413367948,74,66,33,180,240,169,64.2000025510788,105.00000417232513,82.20000326633453,147.9982491137386,5.3665633592475555,inf,-1
908,9,2,9409,2032.344242274294,0.41028212619369464,0.28706104890624523,216.74396854075886,172.60899139122117,96.5474545647784,14.721190979534214,195.24020363755176,21.87847580367719,143,132,34,250,206,182,64.80000257492065,45.00000178813934,89.40000355243683,119.23255063034586,4.800000190734863,31.205769937475864,2
908,4,3,271,58.53600697803525,0.011817032224305586,0.008267992799829147,106.41328413284133,96.8339483394834,53.46863468634686,-51.477222295704806,149.77517599989127,-3.9688171504608434,100,87,50,109,105,58,6.000000238418579,11.4000004529953,5.400000214576721,13.968536627247131,2.6832816796237777,10.800000429153442,2
908,1,4,81,17.496002085685813,0.0035320280818035145,0.002471245080391738,50.46913580246913,151.69135802469137,169.06172839506172,-85.04371262774056,182.68962311891863,65.3870418307222,47,147,166,54,156,172,4.800000190734863,6.000000238418579,4.200000166893005,8.756712059556316,2.0784610516732713,22.6733332541867,2
908,5,5,49,10.58400126171117,0.0021366589630663234,0.0014949507276443847,111.3265306122449,117.04081632653062,47.0,-48.529274290921734,161.89929727388886,-7.849998116493225,108,114,46,116,120,48,5.400000214576721,4.200000166893005,1.8000000715255737,7.073895954622317,1.6970563422826717,7.800000309944153,4
908,10,6,17,3.6720004377365285,0.0007412898443291326,0.0005186563748970314,218.41176470588235,209.41176470588235,68.52941176470588,15.721868718371667,217.32186850379495,5.067649455631482,216,208,68,221,211,69,3.6000001430511475,2.4000000953674316,1.2000000476837158,4.489989042544857,1.2000000476837158,3.6986485487524687,9
908,3,7,12,2.5920003089904906,0.0005232634195264465,0.0003661103822802574,77.5,141.0,49.5,-68.82519346475601,176.27480804920197,-6.34999805688858,77,140,49,78,142,50,1.2000000476837158,1.8000000715255737,1.2000000476837158,2.4738634736730947,1.2000000476837158,21.641627416206696,5
908,6,8,3,0.6480000772476227,0.00013081585488161163,9.152759557006435e-05,117.33333333333333,113.0,46.333333333333336,-44.92519251505534,159.47480738162994,-8.249998132387795,117,113,46,118,113,47,1.2000000476837158,0.6000000238418579,1.2000000476837158,1.8000000715255737,1.2000000476837158,0.8485281711413358,5
908,7,9,1,0.21600002574920757,4.3605284960537216e-05,3.050919852335479e-05,125.0,102.0,48.0,-40.32519233226776,152.8748071193695,-7.249998092651367,125,102,48,125,102,48,0.6000000238418579,0.6000000238418579,0.6000000238418579,1.0392305258366357,1.2000000476837158,2.7495455262306225,2
908,8,10,1,0.21600002574920757,4.3605284960537216e-05,3.050919852335479e-05,126.0,100.0,49.0,-39.7251923084259,151.6748070716858,-6.649998068809509,126,100,49,126,100,49,0.6000000238418579,0.6000000238418579,0.6000000238418579,1.0392305258366357,1.2000000476837158,1.3416408398118889,2
909,1,1,15677,3386.232403670327,1.0,0.6218070759955577,102.9519678509919,145.37666645404096,147.74472156662625,-43.56182464733867,172.3929955259744,-192.40315133048432,49,71,35,156,222,185,64.80000257492065,91.2000036239624,90.60000360012054,143.96125050534374,4.947726947346189,inf,-1
909,6,2,8655,1869.4802228593915,0.5520826688779741,0.34328891004283674,201.79780473714615,133.7466204506066,97.28619295205084,15.74567984102228,165.41496764663188,-222.67826970225465,126,57,58,234,200,149,65.40000259876251,86.40000343322754,55.20000219345093,121.61069515193498,4.32666170248287,33.98882304243894,1
909,9,3,465,100.44001197338152,0.02966128723607833,0.01844359828653022,198.8752688172043,159.33118279569894,170.1440860215054,13.992158219378481,180.7657056636708,-178.9635321235144,188,151,164,207,168,178,12.000000476837158,10.800000429153442,9.000000357627869,18.483506895367782,2.9393878081405864,11.833850224224552,6
909,10,4,149,32.18400383663193,0.009504369458442305,0.005909884182135491,209.46308724832215,179.04697986577182,156.80536912751677,20.34484953048245,192.59518437577574,-186.96676257792734,205,173,151,212,185,163,4.800000190734863,7.800000309944153,7.800000309944153,12.029963071485817,2.0784610516732713,6.708204199059444,9
909,8,5,148,31.96800381088272,0.009440581743956114,0.005870220529906394,175.42567567567568,114.63513513513513,52.972972972972975,-0.07759822462055865,153.94807600169568,-249.26620274621087,168,112,51,183,117,56,9.600000381469727,3.6000001430511475,3.6000001430511475,10.86646259755931,2.4000000953674316,2.8142495677222836,6
909,7,6,66,14.2560016994477,0.004209989156088537,0.002617801047120419,141.0,99.16666666666667,57.78787878787879,-20.733004450798035,144.6669945518176,-246.37725914247108,137,98,56,145,101,60,5.400000214576721,2.4000000953674316,3.0000001192092896,6.627216873654285,2.0784610516732713,11.788130091051285,6
909,3,7,43,9.288001107215926,0.0027428717229061685,0.0017055370458511823,91.18604651162791,178.41860465116278,147.90697674418604,-50.62137773147849,192.21815923202868,-192.30579822008002,90,175,144,92,182,152,1.8000000715255737,4.800000190734863,5.400000214576721,7.445804483464189,1.6970563422826717,8.421401643207343,1
909,2,8,7,1.512000180244453,0.00044651400140332967,0.0002776455656036808,81.57142857142857,92.28571428571429,72.28571428571429,-56.39014872482845,140.53842295919145,-237.67855749811446,81,91,72,82,93,73,1.2000000476837158,1.8000000715255737,1.2000000476837158,2.4738634736730947,1.2000000476837158,26.906505858902836,1
909,4,9,1,0.21600002574920757,6.378771448618996e-05,3.966365222909726e-05,113.0,108.0,176.0,-37.533005118370056,149.96699476242065,-175.44998359680176,113,108,176,113,108,176,0.6000000238418579,0.6000000238418579,0.6000000238418579,1.0392305258366357,1.2000000476837158,5.1264024508954416,1
909,5,10,1,0.21600002574920757,6.378771448618996e-05,3.966365222909726e-05,114.0,108.0,177.0,-36.9330050945282,149.96699476242065,-174.8499835729599,114,108,177,114,108,177,0.6000000238418579,0.6000000238418579,0.6000000238418579,1.0392305258366357,1.2000000476837158,0.8485281711413358,4
910,5,1,20477,4423.032527266523,1.0,0.5266040889803265,184.67563607950385,171.36958538848464,105.17351174488451,-8.523715511787415,183.49265375636008,-1105.9459392736624,83,102,54,239,232,196,94.20000374317169,78.60000312328339,85.80000340938568,149.7105266213579,5.3665633592475555,inf,-1
910,2,2,10565,2282.040272040378,0.5159447184646189,0.2716985984312717,106.11462375769048,160.1214387127307,172.57160435399905,-55.66032477791593,176.74376548273102,-1065.5070821012978,53,122,121,158,227,193,63.60000252723694,63.60000252723694,43.80000174045563,100.04179524275345,5.499091052461245,22.465975164936477,5
910,1,3,6781,1464.6961746053764,0.33115202422229817,0.17438601002957438,110.9100427665536,103.57498893968442,149.1741631027872,-52.783073258266356,142.81589427073084,-1079.5455474098635,52,80,80,160,131,184,65.40000259876251,31.20000123977661,63.00000250339508,96.01875198474511,4.32666170248287,1.6970563422826717,2
910,4,4,693,149.68801784420086,0.03384284807344826,0.017821782178217824,89.28427128427128,137.87301587301587,64.41558441558442,-65.75853666323431,163.39471124845838,-1130.4006966429872,80,120,58,94,157,70,9.000000357627869,22.8000009059906,7.800000309944153,25.72314235441702,3.3941126845653433,4.284857227390632,5
910,10,5,171,36.936004403114495,0.00835083264150022,0.004397582615404397,123.0233918128655,155.08771929824562,201.8421052631579,-45.51506354167448,173.72353371402676,-1047.9447808579396,120,148,199,128,161,204,5.400000214576721,8.40000033378601,3.6000001430511475,10.615084029578005,2.6832816796237777,5.939697197989351,2
910,11,6,130,28.080003347396985,0.006348586218684379,0.0033431914620033433,167.5076923076923,153.3230769230769,63.88461538461539,-18.824482184190018,172.66474824685315,-1130.7192780742278,162,151,62,172,155,66,6.600000262260437,3.0000001192092896,3.0000001192092896,7.84601841014596,2.4000000953674316,2.4738634736730947,5
910,3,7,36,7.776000926971473,0.00175807002978952,0.0009258068664009258,77.86111111111111,174.77777777777777,165.27777777777777,-72.61243303947978,185.5375692711936,-1069.883378220929,76,173,163,80,176,167,3.0000001192092896,2.4000000953674316,3.0000001192092896,4.874423236473746,1.6970563422826717,8.049845038871332,2
910,7,8,17,3.6720004377365285,0.0008301997362894955,0.00043718657580043717,104.82352941176471,81.29411764705883,131.05882352941177,-56.43498141625348,129.4473709639381,-1090.4147515857921,103,80,129,107,83,133,3.0000001192092896,2.4000000953674316,3.0000001192092896,4.874423236473746,1.2000000476837158,3.6986485487524687,1
910,8,9,8,1.7280002059936606,0.00039068222884211556,0.00020573485920020573,114.0,91.25,156.875,-50.9290988445282,135.42090061306953,-1074.9250450879335,113,91,155,115,92,158,1.8000000715255737,1.2000000476837158,2.4000000953674316,3.231099012673037,1.2000000476837158,0.8485281711413358,1
910,6,10,6,1.2960001544952453,0.00029301167163158664,0.00015430114440015427,88.83333333333333,161.5,173.83333333333334,-66.0290994445483,177.57090228796005,-1064.7500446836154,88,161,173,89,162,175,1.2000000476837158,1.2000000476837158,1.8000000715255737,2.4738634736730947,1.2000000476837158,5.161395365320993,2
910,9,11,1,0.21600002574920757,4.8835278605264445e-05,2.5716857400025716e-05,114.0,93.0,159.0,-50.9290988445282,136.47090065479279,-1073.6500450372696,114,93,159,114,93,159,0.6000000238418579,0.6000000238418579,0.6000000238418579,1.0392305258366357,1.2000000476837158,0.8485281711413358,8
911,5,1,13962,3015.792359510436,1.0,0.48267994192076336,125.28620541469704,189.46705343074058,166.2390058730841,-50.64663313912587,176.8618772006909,153.69340825023667,82,115,76,178,271,203,58.20000231266022,94.20000374317169,76.80000305175781,134.75578445156714,5.499091052461245,inf,-1
911,6,2,13961,3015.5763594846867,0.999928377023349,0.48264537094655324,225.45054079220685,207.05064107155647,116.05085595587708,9.451970475483876,187.41203020440585,123.58051710333372,169,138,62,265,269,185,58.20000231266022,79.20000314712524,74.40000295639038,123.2689790969699,4.947726947346189,35.16020617470168,5
911,1,3,702,151.6320180759437,0.05027932960893854,0.024268823895457373,51.3019943019943,96.83048433048432,163.005698005698,-95.03716157066856,121.27993353190925,151.75342345271696,34,82,153,64,108,169,18.600000739097595,16.200000643730164,10.200000405311584,26.691572764070035,2.6832816796237777,41.085765590449554,5
911,2,4,257,55.51200661754635,0.01840710499928377,0.008884740371983684,59.27237354085603,114.8443579766537,157.80155642023345,-90.25493383732288,132.08825814909508,148.63093837736182,50,109,156,68,121,160,11.4000004529953,7.800000309944153,3.0000001192092896,14.135063348944625,2.6832816796237777,7.730459543215926,1
911,4,5,29,6.264000746727019,0.0020770663228763787,0.001002558252091544,54.758620689655174,200.48275862068965,167.20689655172413,-92.96318565565964,183.47130057729524,154.274142680497,53,198,166,56,203,168,2.4000000953674316,3.6000001430511475,1.8000000715255737,4.6861499917548555,1.6970563422826717,24.789514897183096,5
911,3,6,15,3.2400003862381137,0.0010743446497636442,0.0005185646131507986,54.266666666666666,192.46666666666667,180.86666666666667,-93.25835808118185,178.66164521376294,162.47000507513684,53,192,180,56,193,182,2.4000000953674316,1.2000000476837158,1.8000000715255737,3.231099012673037,1.2000000476837158,7.823043197102973,4
912,4,1,20079,4337.064517018339,1.0,0.6150900624923417,115.28905822003088,157.36231884057972,135.17137307634843,-50.15175763177612,187.5921997436579,-1121.9472217595792,57,83,26,161,251,184,63.00000250339508,101.40000402927399,95.40000379085541,152.81401066610283,6.000000238418579,inf,-1
912,9,2,11886,2567.3763060550814,0.5919617510832214,0.3641097904668546,215.01463907117616,166.56865219586066,111.29067810869931,9.683593256554161,193.11599997632254,-1136.275639309529,161,98,54,256,214,185,57.60000228881836,70.20000278949738,79.20000314712524,120.49249418043419,4.947726947346189,25.27132863057556,4
912,6,3,265,57.24000682354001,0.013197868419742019,0.00811787771106482,95.72452830188679,100.57358490566038,128.0943396226415,-61.890476049117325,153.51895802875737,-1126.193442000533,89,97,124,104,107,136,9.600000381469727,6.600000262260437,7.800000309944153,14.019986291761686,2.6832816796237777,3.231099012673037,4
912,7,4,194,41.90400499534627,0.00966183574879227,0.0059428991545153785,100.5360824742268,153.55154639175257,159.01546391752578,-59.00354343099693,185.3057361835057,-1107.6407666863854,96,150,156,105,159,164,6.000000238418579,6.000000238418579,5.400000214576721,10.057833168206493,2.6832816796237777,9.17823548917731,4
912,1,5,97,20.952002497673135,0.004830917874396135,0.0029714495772576893,38.896907216494846,103.05154639175258,123.6082474226804,-95.98705005522856,155.00573497949188,-1128.8850974274665,33,99,121,47,106,127,9.000000357627869,4.800000190734863,4.200000166893005,11.030866224837366,2.4000000953674316,25.32113842138263,6
912,2,6,81,17.496002085685813,0.004034065441506051,0.0024813135645141526,40.407407407407405,123.37037037037037,152.33333333333334,-95.0807499046679,167.19702985110106,-1111.6500451962154,33,121,150,49,128,156,10.200000405311584,4.800000190734863,4.200000166893005,12.029963071485817,1.6970563422826717,18.725384585272582,1
912,3,7,25,5.4000006437301895,0.0012450819263907565,0.0007658375199117755,37.32,53.12,126.6,-96.93319442272187,125.04680595397949,-1127.0900458097458,35,52,126,40,55,128,3.6000001430511475,2.4000000953674316,1.8000000715255737,4.6861499917548555,1.6970563422826717,26.73200435416893,1
912,8,8,12,2.5920003089904906,0.0005976393246675631,0.0003676020095576522,98.5,184.58333333333334,149.91666666666666,-60.225192964076996,203.92480908830962,-1113.100045253833,98,183,149,99,186,151,1.2000000476837158,2.4000000953674316,1.8000000715255737,3.231099012673037,1.2000000476837158,9.372299983509711,4
912,10,9,4,0.8640001029968303,0.00019921310822252104,0.00012253400318588408,247.5,93.5,109.0,29.174810588359833,149.27480691671371,-1137.6500462293625,247,93,109,248,94,109,1.2000000476837158,1.2000000476837158,0.6000000238418579,1.8000000715255737,1.2000000476837158,40.733771392599415,9
912,5,10,1,0.21600002574920757,4.980327705563026e-05,3.063350079647102e-05,59.0,61.0,158.0,-83.92519390583038,129.77480614185333,-1108.2500450611115,59,61,158,59,61,158,0.6000000238418579,0.6000000238418579,0.6000000238418579,1.0392305258366357,1.2000000476837158,22.489998670461794,3
913,4,1,18383,3970.7284733476827,1.0,0.5149011259873396,128.0548332698689,185.90980797475927,116.39411412718272,-66.48057354751352,177.73241265479078,-1070.2135775767633,72,118,42,180,277,153,65.40000259876251,96.00000381469727,67.20000267028809,134.19762081060438,5.628499135444567,inf,-1
913,7,2,12241,2644.05631519605,0.6658869607789807,0.34286594588538455,211.55755248754187,241.21795604934238,58.675516706151456,-16.378940026049776,210.91730281818965,-1104.8447374055008,142,189,20,243,309,104,61.20000243186951,72.60000288486481,51.00000202655792,107.78311984374976,5.091169026848015,31.061231087569865,4
913,6,3,2629,567.8640676946667,0.14301256595767828,0.07363733124194723,116.46329402814759,206.38265500190187,18.471662228984403,-73.43549736891013,190.01612135918705,-1128.9670510503356,98,169,7,141,250,24,26.400001049041748,49.20000195503235,10.800000429153442,56.870381192975195,3.7947333429912047,13.968536627247131,7
913,1,4,1251,270.21603221225865,0.06805200456943915,0.0350400537784998,64.93445243804956,170.64428457234212,93.16546762589928,-104.35280355151227,168.57309824938204,-1084.1507660313475,53,157,68,79,188,118,16.200000643730164,19.200000762939453,30.600001215934753,39.59090962037803,3.3941126845653433,20.523158467301496,4
913,10,5,755,163.0800194406517,0.04107055431648806,0.02114727466248389,281.05960264900665,204.4887417218543,53.133774834437084,25.32229172788709,188.8797733460041,-1108.1697826606548,275,192,46,290,219,57,9.600000381469727,16.80000066757202,7.200000286102295,20.64558146128397,3.6000001430511475,36.40274859559724,7
913,3,6,333,71.92800857448611,0.018114562367404666,0.009327208559744551,80.72372372372372,154.7057057057057,57.04504504504504,-94.87924040366221,159.0099505493949,-1105.8230204410381,72,144,53,90,164,60,11.4000004529953,12.600000500679016,4.800000190734863,17.656727465089876,2.6832816796237777,1.3416408398118889,4
913,2,7,62,13.39200159645087,0.0033726812816188873,0.0017365973895019885,60.88709677419355,78.80645161290323,62.096774193548384,-106.78121704632235,113.47039628413415,-1102.7919828314934,57,75,58,66,83,66,6.000000238418579,5.400000214576721,5.400000214576721,9.711848819657371,1.6970563422826717,38.259118080912366,4
913,8,8,26,5.616000669479397,0.0014143502148724364,0.0007282505181782533,175.23076923076923,188.34615384615384,34.76923076923077,-38.175010846211364,179.19422023571454,-1119.1885095376235,174,187,33,177,190,36,2.4000000953674316,2.4000000953674316,2.4000000953674316,4.156922103346543,1.6970563422826717,1.3416408398118889,7
913,5,9,21,4.536000540733359,0.0011423597889354295,0.0005882023416055122,84.0,164.66666666666666,44.904761904761905,-92.91347455978394,164.98652736345926,-1113.1071906146549,83,163,44,85,166,46,1.8000000715255737,2.4000000953674316,1.8000000715255737,3.498571275927907,1.6970563422826717,3.8418746951220877,4
913,9,10,1,0.21600002574920757,5.439808518740141e-05,2.8009635314548202e-05,177.0,191.0,33.0,-37.11347234249115,180.78652799129486,-1120.2500480413437,177,191,33,177,191,33,0.6000000238418579,0.6000000238418579,0.6000000238418579,1.0392305258366357,1.2000000476837158,0.8485281711413358,7
914,7,1,10904,2355.264280769359,1.0,0.4817105495670614,196.62527512839324,135.06172046955245,113.33308877476155,4.634349452447822,147.69621518935384,-1123.5501928611966,147,78,63,229,173,186,49.80000197887421,57.60000228881836,74.40000295639038,106.45731962001793,4.947726947346189,inf,-1
914,2,2,9917,2142.0722553548912,0.9094827586206896,0.4381074394769395,108.19995966522134,127.21690027225975,165.41464152465463,-48.42084193367913,142.9893228839431,-1092.3012599695398,78,65,116,144,194,200,40.20000159740448,78.00000309944153,51.00000202655792,101.49404326684953,4.800000190734863,28.649608465585086,7
914,1,3,966,208.6560248737345,0.08859134262655907,0.0426753843435236,83.0703933747412,132.60041407867496,158.71532091097308,-63.498582307102765,146.21943129614522,-1096.320852497473,71,126,142,100,137,176,18.000000715255737,7.200000286102295,21.000000834465027,28.5804140088385,3.3941126845653433,3.0594118297257697,2
914,6,4,665,143.64001712322303,0.06098679383712399,0.029377981975614073,107.84210526315789,117.49924812030075,50.76240601503759,-48.63555458344912,137.1587313610808,-1161.0926040088323,98,102,42,113,136,57,9.600000381469727,21.000000834465027,9.600000381469727,25.006400174674674,2.6832816796237777,23.027810189917513,7
914,8,5,87,18.79200224018106,0.00797872340425532,0.0038434352359074052,164.70114942528735,98.17241379310344,81.51724137931035,-14.520126730546181,125.5626303039748,-1142.6397020570164,162,96,78,167,101,85,3.6000001430511475,3.6000001430511475,4.800000190734863,6.997142551855814,2.6832816796237777,1.3416408398118889,7
914,5,6,43,9.288001107215926,0.003943506969919296,0.0018996289097013613,96.67441860465117,177.67441860465115,35.627906976744185,-55.33616684481155,173.26383508637895,-1170.173303792643,94,175,34,99,180,37,3.6000001430511475,3.6000001430511475,2.4000000953674316,5.628499135444567,1.6970563422826717,23.675304529110672,6
914,4,7,25,5.4000006437301895,0.0022927366104181952,0.0011044354126170705,95.36,155.56,163.84,-56.12481803894043,159.99518339633943,-1093.246044921875,94,154,162,96,157,166,1.8000000715255737,2.4000000953674316,3.0000001192092896,4.2426408557066795,1.6970563422826717,1.9899749532877369,2
914,3,8,23,4.968000592231774,0.0021093176815847395,0.0010160805796077046,94.43478260869566,169.6086956521739,151.56521739130434,-56.679948495781936,168.42440112259078,-1100.610914779746,93,168,150,95,171,153,1.8000000715255737,2.4000000953674316,2.4000000953674316,3.8418746951220877,1.6970563422826717,1.3416408398118889,2
914,10,9,4,0.8640001029968303,0.00036683785766691124,0.00017670966601873126,213.0,176.5,116.5,14.459184765815735,172.55918389558792,-1121.6500460505486,213,176,116,213,177,117,0.6000000238418579,1.2000000476837158,1.2000000476837158,1.8000000715255737,1.2000000476837158,2.163330851241435,7
914,9,10,2,0.43200005149841514,0.00018341892883345562,8.835483300936563e-05,210.5,179.0,117.0,12.95918470621109,174.05918395519257,-1121.3500460386276,210,179,117,211,179,117,1.2000000476837158,0.6000000238418579,0.6000000238418579,1.4696939040702932,1.2000000476837158,1.6970563422826717,10
915,2,1,24379,5265.864627739931,1.0,0.5302664491571506,109.17777595471513,154.49222691660856,142.68464662209277,-67.3234099491699,177.36526170834685,141.0607921380622,49,75,33,159,237,195,66.60000264644623,97.80000388622284,97.80000388622284,153.50974520465158,6.1188236594515395,inf,-1
915,7,2,21117,4561.272543746016,0.8661963165019073,0.4593148450244698,191.46393900648766,166.17654022825212,100.42169815788228,-17.95171015625138,184.37584997390871,115.70302205190868,81,97,47,237,238,173,94.20000374317169,85.20000338554382,76.20000302791595,148.1186070133143,5.878775616281173,19.058856966453213,2
915,5,3,222,47.95200571632408,0.009106197957258297,0.004828711256117456,83.79729729729729,155.1216216216216,164.76576576576576,-82.55169774873838,177.74289854636064,154.30946415072088,78,152,158,89,158,171,7.200000286102295,4.200000166893005,8.40000033378601,11.833850224224552,2.9393878081405864,3.2863354756182304,2
915,9,4,156,33.69600401687638,0.006398949915911235,0.003393148450244698,191.57692307692307,191.85897435897436,179.07051282051282,-17.883919711296386,199.78531106465903,162.89231272462087,187,186,175,197,195,185,6.600000262260437,6.000000238418579,6.600000262260437,11.095945646257405,2.0784610516732713,1.2000000476837158,7
915,3,5,56,12.096001441955623,0.0022970589441732637,0.00121805328983143,63.82142857142857,191.42857142857142,130.25,-94.53721946052143,199.52706929615564,133.60000386834145,62,190,128,65,193,133,2.4000000953674316,2.4000000953674316,3.6000001430511475,4.947726947346189,2.0784610516732713,3.0594118297257697,2
915,1,6,34,7.344000875473057,0.0013946429303909101,0.0007395323545405112,37.1764705882353,96.08823529411765,143.23529411764707,-110.52419488570268,142.32286534239265,141.39118064852323,34,95,142,41,97,145,4.800000190734863,1.8000000715255737,2.4000000953674316,5.6603889041576,1.6970563422826717,31.257640308381635,2
915,8,7,8,1.7280002059936606,0.0003281512777390377,0.00017400761283306145,136.5,165.0,49.0,-50.930074870586395,183.66992580890656,84.85000193119049,135,165,48,138,165,50,2.4000000953674316,0.6000000238418579,1.8000000715255737,3.0594118297257697,1.2000000476837158,1.6970563422826717,7
915,6,8,2,0.43200005149841514,8.203781943475943e-05,4.3501903208265364e-05,79.0,141.0,59.5,-85.43007624149323,169.26992523670197,91.15000218153,79,141,59,79,141,60,0.6000000238418579,0.6000000238418579,1.2000000476837158,1.4696939040702932,1.2000000476837158,2.163330851241435,7
915,4,9,1,0.21600002574920757,4.1018909717379714e-05,2.1750951604132682e-05,78.0,142.0,59.0,-86.03007626533508,169.86992526054382,90.85000216960907,78,142,59,78,142,59,0.6000000238418579,0.6000000238418579,0.6000000238418579,1.0392305258366357,1.2000000476837158,0.8485281711413358,6
916,6,1,18161,3922.7764676313586,1.0,0.5508006793643092,203.35102692583007,185.53625901657398,100.123506414845,-6.813597746235672,166.9975410834735,-1136.4759425920877,110,113,49,246,248,176,82.20000326633453,81.60000324249268,76.80000305175781,138.97352818040648,5.3665633592475555,inf,-1
916,4,2,14239,3075.6243666429664,0.7840427289246187,0.4318512677423269,124.18322915935107,179.42144813540276,146.69534377414143,-54.31427829363045,163.32865440898235,-1108.5328390661507,82,114,34,176,251,193,57.0000022649765,82.80000329017639,96.00000381469727,138.999429982581,5.499091052461245,21.848570615423906,6
916,1,3,216,46.656005561828835,0.011893618192830791,0.006551012980710908,44.81481481481482,103.77777777777777,163.5787037037037,-101.93532879264266,117.94245039092169,-1098.4028227058825,33,102,156,53,106,168,12.600000500679016,3.0000001192092896,7.800000309944153,15.119524402820879,2.4000000953674316,42.53657418969018,4
916,2,4,168,36.28800432586687,0.009250591927757281,0.005095232318330706,50.958333333333336,168.45238095238096,165.95238095238096,-98.24921753505865,156.7472138376463,-1096.9786163000833,45,163,162,58,173,170,8.40000033378601,6.600000262260437,5.400000214576721,11.969962881599573,2.4000000953674316,26.386361161254975,4
916,7,5,150,32.40000386238113,0.008259457078354716,0.00454931456993813,136.91333333333333,108.58,126.71333333333334,-46.67621548573176,120.82378383874894,-1120.5220458070437,135,105,120,139,113,132,3.0000001192092896,5.400000214576721,7.800000309944153,9.949874766438684,2.6832816796237777,9.967949031592381,4
916,3,6,37,7.99200095272068,0.0020373327459941633,0.0011221642605847388,53.54054054054054,63.513513513513516,141.13513513513513,-96.69989314916972,93.78389087238827,-1111.86896438212,51,61,140,56,66,142,3.6000001430511475,3.6000001430511475,1.8000000715255737,5.400000214576721,1.6970563422826717,25.377944187496777,1
916,5,7,1,0.21600002574920757,5.506304718903144e-05,3.0328763799587534e-05,88.0,154.0,63.0,-76.0242166519165,148.07578492164612,-1158.750047326088,88,154,63,88,154,63,0.6000000238418579,0.6000000238418579,0.6000000238418579,1.0392305258366357,1.2000000476837158,13.536617545111005,6
917,1,1,28513,6158.808734187155,1.0,0.648258457620953,129.35446989092694,184.81138428085436,146.60933609230878,-61.69883841889295,177.07531153725938,185.9156020990664,40,97,47,201,285,183,97.20000386238098,113.40000450611115,82.20000326633453,170.48238122990398,6.1188236594515395,inf,-1
917,8,2,13920,3006.7203584289696,0.4881983656577702,0.3164787195343761,243.9862787356322,225.87349137931034,95.00919540229886,7.080249620965503,201.7125767753299,154.95551645481723,187,157,41,281,261,148,57.0000022649765,63.00000250339508,64.80000257492065,106.85055408066368,6.000000238418579,34.59768915880098,1
917,10,3,1187,256.3920305643094,0.04163013362325957,0.02698708621316842,240.63605728727885,271.28980623420387,106.00758213984835,5.070116672078001,228.96236677107532,161.55454875956892,220,260,91,260,278,120,24.600000977516174,11.4000004529953,18.000000715255737,32.54412518675678,3.3941126845653433,2.163330851241435,8
917,9,4,96,20.736002471923925,0.0033668852803984146,0.0021826118588577663,191.95833333333334,132.5625,63.572916666666664,-24.136518860856683,145.7259797230363,136.09374846393862,189,129,61,195,136,66,4.200000166893005,4.800000190734863,3.6000001430511475,7.323933660467186,2.6832816796237777,15.976232981671652,8
917,11,5,83,17.92800213718423,0.0029109528986777963,0.0018870498363041106,249.2289156626506,266.26506024096386,90.80722891566265,10.22583190217074,225.94751905533204,152.43433646265282,244,264,88,255,269,94,7.200000286102295,3.6000001430511475,4.200000166893005,9.079647931045713,2.0784610516732713,6.81469028575178,10
917,5,6,71,15.336001828193737,0.0024900922386279943,0.0016142233539468895,58.15492957746479,145.26760563380282,60.0,-104.41856430449955,153.34904340623132,133.94999837875366,56,142,58,61,148,62,3.6000001430511475,4.200000166893005,3.0000001192092896,6.292853339076425,2.4000000953674316,25.57577079942632,1
917,7,7,43,9.288001107215926,0.0015080840318451236,0.0009776282284467079,162.0,190.34883720930233,166.0,-42.11151957511902,180.39778342635134,197.5500009059906,160,189,164,164,192,168,3.0000001192092896,2.4000000953674316,3.0000001192092896,4.874423236473746,2.0784610516732713,1.8973666714956023,1
917,4,8,25,5.4000006437301895,0.0008767930417704206,0.0005683885049108766,57.72,120.32,158.28,-104.67952206134797,138.38047943115234,192.91800072193146,56,118,156,60,122,161,3.0000001192092896,3.0000001192092896,3.6000001430511475,5.564171318397717,1.2000000476837158,30.886891650295755,1
917,3,9,23,4.968000592231774,0.0008066495984287869,0.0005229174245180065,52.17391304347826,154.17391304347825,60.95652173913044,-108.00717436749002,158.69282806437948,134.52391144503719,51,152,60,54,157,62,2.4000000953674316,3.6000001430511475,1.8000000715255737,4.6861499917548555,1.6970563422826717,2.6832816796237777,5
917,2,10,18,3.8880004634857364,0.0006312909900747028,0.0004092397235358312,47.0,162.38888888888889,63.388888888888886,-111.11152231693268,163.62181376748615,135.9833317928844,45,160,63,49,164,64,3.0000001192092896,3.0000001192092896,1.2000000476837158,4.40908171221088,1.2000000476837158,2.2449945212724285,3
917,6,11,5,1.080000128746038,0.00017535860835408412,0.00011367770098217533,90.8,230.8,151.0,-84.8315212726593,204.6684820652008,188.55000054836273,90,230,150,91,231,152,1.2000000476837158,1.2000000476837158,1.8000000715255737,2.4738634736730947,1.2000000476837158,8.756712059556316,1
918,1,1,14470,3125.5203725910337,1.0,0.5239526378679799,88.86717346233587,132.65003455425017,143.4821008984105,-60.02051411633995,160.74920358267337,-229.9607238330426,33,76,77,148,216,184,69.60000276565552,84.60000336170197,64.80000257492065,127.28063987696228,4.947726947346189,inf,-1
918,12,2,12630,2728.0803252124915,0.8728403593642017,0.457327008726509,184.74410134600157,162.35835312747426,97.1313539192399,-2.494355100256442,178.57419543490934,-257.77117312563286,121,99,42,213,195,171,55.800002217292786,58.20000231266022,78.00000309944153,112.1823560109005,4.947726947346189,34.6236926868303,1
918,15,3,154,33.26400396537797,0.010642709053213545,0.005576275482492668,177.58441558441558,212.72727272727272,110.51948051948052,-6.790166727908243,208.79554839567703,-249.73829684629067,173,210,107,183,215,114,6.600000262260437,3.6000001430511475,4.800000190734863,8.919641602825802,2.6832816796237777,14.019986291761686,12
918,11,4,118,25.488003038406493,0.008154803040774015,0.0042727305645073686,114.44915254237289,98.97457627118644,53.440677966101696,-44.671326058395834,140.54392780994965,-283.9855797391827,106,96,51,120,102,56,9.000000357627869,4.200000166893005,3.6000001430511475,10.564090536774632,2.4000000953674316,15.22629365357795,12
918,5,5,82,17.71200211143502,0.005666897028334485,0.0029691856465220694,76.70731707317073,193.29268292682926,131.8658536585366,-67.31642823975261,197.13479405205425,-236.93047245391983,76,187,126,78,199,138,1.8000000715255737,7.800000309944153,7.800000309944153,11.176762050242898,1.6970563422826717,1.9899749532877369,1
918,14,6,76,16.416001956939777,0.0052522460262612305,0.002751928160191187,139.3815789473684,92.53947368421052,67.60526315789474,-29.711869620963157,136.6828661043393,-275.4868282863968,136,91,64,142,94,70,4.200000166893005,2.4000000953674316,4.200000166893005,6.406247205780169,2.0784610516732713,4.52990084116453,12
918,2,7,42,9.072001081466718,0.002902557014512785,0.001520802404316182,61.404761904761905,214.14285714285714,58.76190476190476,-76.49796170563926,209.64489907877785,-280.7928435348329,60,213,56,63,215,61,2.4000000953674316,1.8000000715255737,3.6000001430511475,4.6861499917548555,1.6970563422826717,19.944924958853672,1
918,7,8,13,2.8080003347396985,0.0008984105044920525,0.00047072455371691347,92.84615384615384,162.3846153846154,31.46153846153846,-57.63312579118289,178.58995278982016,-297.17306396594415,92,161,31,94,164,32,1.8000000715255737,2.4000000953674316,1.2000000476837158,3.231099012673037,1.2000000476837158,19.209373475610438,12
918,3,9,11,2.376000283241283,0.0007601935038009675,0.0003983053916066191,63.09090909090909,212.72727272727272,52.45454545454545,-75.48627335375005,208.79554839567703,-284.57725926962763,62,212,51,64,213,54,1.8000000715255737,1.2000000476837158,2.4000000953674316,3.231099012673037,1.2000000476837158,1.2000000476837158,2
918,6,10,10,2.160000257492076,0.000691085003455425,0.0003620958105514719,88.0,110.1,50.2,-60.540818214416504,147.21918231248856,-285.9299865961075,86,109,50,90,111,51,3.0000001192092896,1.8000000715255737,1.2000000476837158,3.6986485487524687,1.2000000476837158,10.495713827783721,11
918,9,11,4,0.8640001029968303,0.00027643400138217,0.00014483832422058877,96.5,105.75,49.75,-55.44081801176071,144.60918220877647,-286.1999866068363,96,105,49,97,106,50,1.2000000476837158,1.2000000476837158,1.2000000476837158,2.0784610516732713,1.2000000476837158,4.024922519435666,6
918,4,12,3,0.6480000772476227,0.00020732550103662748,0.00010862874316544156,75.0,134.66666666666666,41.333333333333336,-68.34081852436066,161.95918289820352,-291.2499868075053,75,134,41,75,135,42,0.6000000238418579,1.2000000476837158,1.2000000476837158,1.8000000715255737,1.2000000476837158,16.222207646127522,6
918,8,13,2,0.43200005149841514,0.000138217000691085,7.241916211029438e-05,94.5,107.0,49.0,-56.64081805944443,145.3591822385788,-286.6499866247177,94,107,49,95,107,49,1.2000000476837158,0.6000000238418579,0.6000000238418579,1.4696939040702932,1.2000000476837158,0.8485281711413358,9
918,10,14,1,0.21600002574920757,6.91085003455425e-05,3.620958105514719e-05,97.0,159.0,33.0,-55.14081799983978,176.5591834783554,-296.24998700618744,97,159,33,97,159,33,0.6000000238418579,0.6000000238418579,0.6000000238418579,1.0392305258366357,1.2000000476837158,2.2449945212724285,7
918,13,15,1,0.21600002574920757,6.91085003455425e-05,3.620958105514719e-05,128.0,95.0,58.0,-36.54081726074219,138.1591819524765,-281.249986410141,128,95,58,128,95,58,0.6000000238418579,0.6000000238418579,0.6000000238418579,1.0392305258366357,1.2000000476837158,5.499091052461245,11
919,1,1,17870,3859.9204601383394,1.0,0.5417614067000152,93.71298265249021,171.84913262451036,130.52148852825965,-50.113028486714256,169.76866335940883,120.76289699177003,40,97,42,144,262,158,63.00000250339508,99.60000395774841,70.20000278949738,137.1758050658232,5.499091052461245,inf,-1
919,6,2,14740,3183.8403795433196,0.8248461108002239,0.44686978929816584,186.08453188602442,182.09084124830395,66.65780189959294,5.309903255715625,175.91368877786633,82.44468349194105,105,117,19,220,243,123,69.60000276565552,76.20000302791595,63.00000250339508,120.91154271557966,5.878775616281173,29.448940030534956,1
919,3,3,150,32.40000386238113,0.008393956351426972,0.004547521600727603,76.16666666666667,224.07333333333332,12.306666666666667,-60.64081849654515,201.10318502982457,49.83400105635325,71,214,10,79,232,14,5.400000214576721,11.4000004529953,3.0000001192092896,12.966110186211491,2.0784610516732713,22.45796161905466,6
919,2,4,116,25.056002986908076,0.006491326245103525,0.003516750037896013,61.06896551724138,226.4051724137931,13.137931034482758,-69.69943954615758,202.5022885336958,50.33275969686179,56,224,11,68,230,16,7.800000309944153,4.200000166893005,3.6000001430511475,9.562426850282225,2.0784610516732713,2.163330851241435,3
919,4,5,72,15.552001853942945,0.004029099048684947,0.00218281036834925,77.875,262.5833333333333,65.0,-59.615818455815315,224.2091859479745,81.45000231266022,73,262,63,83,263,68,6.600000262260437,1.2000000476837158,3.6000001430511475,7.613146826788975,1.2000000476837158,3.6000001430511475,1
919,5,6,37,7.99200095272068,0.0020705092333519865,0.001121721994846142,84.91891891891892,92.5945945945946,74.5945945945946,-55.38946693652385,122.21593865188393,87.20675929816994,82,89,73,87,95,77,3.6000001430511475,4.200000166893005,3.0000001192092896,6.292853339076425,1.6970563422826717,12.074767558306998,1
920,6,1,16721,3611.7364305524998,1.0,0.5422206368765808,125.89898929489863,182.78272830572334,142.04610968243526,-55.77993935889501,167.85030540381382,-115.3223338556535,75,111,38,183,263,178,65.40000259876251,91.80000364780426,84.60000336170197,140.93105256988255,4.800000190734863,inf,-1
920,10,2,12075,2608.200310921681,0.7221458046767537,0.3915623581295804,217.13026915113872,216.91917184265012,94.46666666666667,-1.0411692700277513,188.33217233984615,-143.87000079949698,149,139,38,251,264,156,61.800002455711365,75.6000030040741,71.40000283718109,120.96512374602612,4.489989042544857,31.48714148335116,6
920,11,3,568,122.6880146255499,0.033969260211709824,0.018418833906219602,178.03521126760563,128.47359154929578,69.23767605633803,-24.49820493224641,135.2648220551266,-159.00739576720017,163,124,64,191,134,76,17.40000069141388,6.600000262260437,7.800000309944153,20.178206866770154,3.3941126845653433,3.1176915775099068,10
920,7,4,502,108.4320129261022,0.03002212786316608,0.016278617290356057,93.3187250996016,219.84462151394422,31.910358565737052,-75.32809865284726,190.08744221237075,-181.40378715151334,82,208,29,108,234,36,16.200000643730164,16.200000643730164,4.800000190734863,23.407691973895464,2.6832816796237777,2.0784610516732713,6
920,18,5,394,85.10401014518779,0.023563184020094493,0.012776444646215709,261.1218274111675,154.6979695431472,93.87055837563452,25.353766734830003,150.99944947667532,-144.22766578832858,254,144,88,270,165,97,10.200000405311584,13.200000524520874,6.000000238418579,17.727944747678194,2.6832816796237777,33.55711682330291,10
920,8,6,334,72.14400860023532,0.01997488188505472,0.01083079317724885,122.38023952095809,160.22754491017963,162.54191616766468,-57.89118930715287,154.31719482873012,-103.02484947585774,114,158,156,132,163,170,11.4000004529953,3.6000001430511475,9.000000357627869,14.963957290622126,2.9393878081405864,5.692100014486806,6
920,17,7,102,22.03200262641917,0.00610011362956761,0.0033076074972436605,220.8921568627451,136.2058823529412,52.1764705882353,1.215963446626489,139.904196721666,-169.24411945483263,215,134,50,226,139,54,7.200000286102295,3.6000001430511475,3.0000001192092896,8.590692979329267,2.4000000953674316,16.155495063365183,10
920,9,8,37,7.99200095272068,0.0022127863166078584,0.0011998184058628965,120.08108108108108,201.94594594594594,164.7027027027027,-59.27068442589528,179.34823644483413,-101.72837750331774,119,198,163,121,206,166,1.8000000715255737,5.400000214576721,2.4000000953674316,6.177378330059151,1.6970563422826717,2.5455845134240076,6
920,2,9,34,7.344000875473057,0.0020333712098558696,0.0011025358324145535,44.588235294117645,106.5,88.94117647058823,-104.56639369796304,122.08066660165787,-147.18529504888198,42,106,87,47,107,91,3.6000001430511475,1.2000000476837158,3.0000001192092896,4.837354841198334,1.2000000476837158,39.27594839841345,6
920,19,10,20,4.320000514984152,0.0011961007116799236,0.0006485504896556198,267.8,162.85,84.85,29.36067044734955,155.89066794514656,-149.64000102877617,267,162,83,269,164,86,1.8000000715255737,1.8000000715255737,2.4000000953674316,3.498571275927907,1.6970563422826717,1.2000000476837158,18
920,3,11,17,3.6720004377365285,0.0010166856049279348,0.0005512679162072767,49.705882352941174,108.41176470588235,93.70588235294117,-101.49580534065471,123.2277254707673,-144.3264714058708,48,108,92,51,109,95,2.4000000953674316,1.2000000476837158,2.4000000953674316,3.6000001430511475,1.2000000476837158,1.0392305258366357,2
920,16,12,14,3.024000360488906,0.0008372704981759463,0.0004539853427589338,208.5,137.0,63.42857142857143,-6.219330966472626,140.38066732883453,-162.49285868235995,208,135,63,209,139,64,1.2000000476837158,3.0000001192092896,1.2000000476837158,3.4467377248838638,1.2000000476837158,6.489992553724305,17
920,12,13,9,1.9440002317428682,0.0005382453202559655,0.0002918477203450289,188.77777777777777,142.66666666666666,63.666666666666664,-18.052664770020385,143.78066746393839,-162.3500015338262,188,142,63,190,143,65,1.8000000715255737,1.2000000476837158,1.8000000715255737,2.8142495677222836,1.2000000476837158,2.7495455262306225,10
920,1,14,4,0.8640001029968303,0.0002392201423359847,0.00012971009793112396,41.5,132.75,94.75,-106.4193349480629,137.83066722750664,-143.70000079274178,41,132,94,42,133,95,1.2000000476837158,1.2000000476837158,1.2000000476837158,2.0784610516732713,1.2000000476837158,14.437451872311929,3
920,5,15,3,0.6480000772476227,0.0001794151067519885,9.728257344834295e-05,58.666666666666664,116.0,104.33333333333333,-96.11933453877768,127.78066682815552,-137.95000056425732,58,116,104,59,116,105,1.2000000476837158,0.6000000238418579,1.2000000476837158,1.8000000715255737,1.2000000476837158,8.02745321513811,3
920,4,16,1,0.21600002574920757,5.980503558399617e-05,3.242752448278099e-05,49.0,125.0,100.0,-101.91933476924896,133.18066704273224,-140.55000066757202,49,125,100,49,125,100,0.6000000238418579,0.6000000238418579,0.6000000238418579,1.0392305258366357,1.2000000476837158,6.654322168264645,1
920,13,17,1,0.21600002574920757,5.980503558399617e-05,3.242752448278099e-05,191.0,143.0,66.0,-16.71933138370514,143.98066747188568,-160.9500014781952,191,143,66,191,143,66,0.6000000238418579,0.6000000238418579,0.6000000238418579,1.0392305258366357,1.2000000476837158,1.3416408398118889,12
920,14,18,1,0.21600002574920757,5.980503558399617e-05,3.242752448278099e-05,203.0,230.0,177.0,-9.519331097602844,196.18066954612732,-94.34999883174896,203,230,177,203,230,177,0.6000000238418579,0.6000000238418579,0.6000000238418579,1.0392305258366357,1.2000000476837158,16.90680403614245,10
920,15,19,1,0.21600002574920757,5.980503558399617e-05,3.242752448278099e-05,204.0,229.0,177.0,-8.919331073760986,195.58066952228546,-94.34999883174896,204,229,177,204,229,177,0.6000000238418579,0.6000000238418579,0.6000000238418579,1.0392305258366357,1.2000000476837158,0.8485281711413358,14
921,4,1,27832,6011.712716651945,1.0,0.8098230912476723,141.21820206956022,170.05385886749065,106.12334722621443,-61.580598828859564,158.7207959373943,-1117.8760379622186,91,104,13,190,266,157,60.00000238418579,97.80000388622284,87.0000034570694,143.9925055264252,6.000000238418579,inf,-1
921,7,2,6353,1372.2481635847157,0.2282624317332567,0.1848521880819367,218.31103415709114,229.91610262867937,114.57248543994963,-15.324897738304657,194.63814362133468,-1112.8065548325344,180,196,43,257,262,145,46.80000185966492,40.20000159740448,61.800002455711365,87.32422691339382,3.9799499065754738,28.8124984334089,4
921,2,3,71,15.336001828193737,0.0025510204081632655,0.002065875232774674,58.11267605633803,84.28169014084507,83.50704225352112,-111.44391641818302,107.25749265643913,-1131.4458214850492,54,83,81,63,86,86,6.000000238418579,2.4000000953674316,3.6000001430511475,7.3972970975049375,2.0784610516732713,32.956336057229784,4
921,5,4,60,12.960001544952455,0.002155791894222478,0.0017458100558659221,99.61666666666666,82.88333333333334,103.81666666666666,-86.5415210624536,106.41847853859267,-1119.2600463529427,97,81,101,103,86,107,4.200000166893005,3.6000001430511475,4.200000166893005,6.945502417663594,1.6970563422826717,20.36467610739206,4
921,10,5,47,10.152001210212756,0.0016887036504742742,0.0013675512104283055,304.02127659574467,92.19148936170212,56.59574468085106,36.10124976837889,112.00337237753766,-1147.5926006702666,302,89,55,306,95,58,3.0000001192092896,4.200000166893005,2.4000000953674316,5.692100014486806,1.6970563422826717,74.38064559871752,4
921,1,6,1,0.21600002574920757,3.592986490370796e-05,2.9096834264432033e-05,47.0,132.0,93.0,-118.11152231693268,135.88847970962524,-1125.7500466108322,47,132,93,47,132,93,0.6000000238418579,0.6000000238418579,0.6000000238418579,1.0392305258366357,1.2000000476837158,28.649608465585082,2
921,3,7,1,0.21600002574920757,3.592986490370796e-05,2.9096834264432033e-05,54.0,125.0,139.0,-113.91152215003967,131.68847954273224,-1098.1500455141068,54,125,139,54,125,139,0.6000000238418579,0.6000000238418579,0.6000000238418579,1.0392305258366357,1.2000000476837158,28.23189797627941,1
921,6,8,1,0.21600002574920757,3.592986490370796e-05,2.9096834264432033e-05,101.0,81.0,101.0,-85.71152102947235,105.28847849369049,-1120.9500464200974,101,81,101,101,81,101,0.6000000238418579,0.6000000238418579,0.6000000238418579,1.0392305258366357,1.2000000476837158,0.8485281711413358,5
921,8,9,1,0.21600002574920757,3.592986490370796e-05,2.9096834264432033e-05,300.0,97.0,57.0,33.68848371505737,114.88847887516022,-1147.350047469139,300,97,57,300,97,57,0.6000000238418579,0.6000000238418579,0.6000000238418579,1.0392305258366357,1.2000000476837158,1.6970563422826717,10
921,9,10,1,0.21600002574920757,3.592986490370796e-05,2.9096834264432033e-05,301.0,96.0,57.0,34.28848373889923,114.28847885131836,-1147.350047469139,301,96,57,301,96,57,0.6000000238418579,0.6000000238418579,0.6000000238418579,1.0392305258366357,1.2000000476837158,0.8485281711413358,10
922,8,1,11885,2567.160306029332,1.0,0.724209371762842,105.42818679007152,132.55035759360538,147.722675641565,-44.08390572485324,160.18939740391002,-1041.916439921203,75,74,99,150,211,173,45.6000018119812,82.80000329017639,45.00000178813934,104.69097798300699,4.947726947346189,inf,-1
922,15,2,2057,444.31205296611995,0.17307530500631046,0.12534275790628238,188.45308701993193,183.2756441419543,136.38648517258142,5.731036392530882,190.62457054230447,-1048.718154472869,168,171,123,201,194,143,20.40000081062317,14.40000057220459,12.600000500679016,27.969269961334884,5.3665633592475555,28.874903744623857,8
922,6,3,698,150.7680179729469,0.05872949095498528,0.0425324477484614,73.43839541547278,87.26934097421203,85.86676217765043,-63.27778131230854,133.02078635269044,-1079.0299894743116,60,78,79,84,101,100,15.000000596046448,14.40000057220459,13.200000524520874,24.62925188080705,2.9393878081405864,1.3416408398118889,8
922,2,4,609,131.5440156812674,0.051241060159865376,0.0371092559868381,61.97536945812808,95.77668308702792,100.00164203612479,-70.15559716001519,138.12519182321083,-1070.5490612222252,48,85,92,76,115,113,17.40000069141388,18.600000739097595,13.200000524520874,28.687280550846676,2.9393878081405864,0.8485281711413358,8
922,16,5,338,73.00800870323216,0.028439209087084565,0.02059594174638962,190.95562130177515,76.3698224852071,92.92603550295858,7.232557021301886,126.48107499942272,-1074.7944253108205,185,73,87,197,80,99,7.800000309944153,4.800000190734863,7.800000309944153,12.029963071485817,3.6000001430511475,50.47138003310379,8
922,10,6,173,37.36800445461291,0.0145561632309634,0.010541709828773383,84.3699421965318,99.20809248554913,147.14450867052022,-56.71885298304475,140.18403754413472,-1042.2633401176145,79,97,142,89,101,152,6.600000262260437,3.0000001192092896,6.600000262260437,9.804081172600084,2.6832816796237777,1.3416408398118889,8
922,14,7,128,27.64800329589857,0.010769877997475811,0.007799646578514411,98.375,211.4609375,93.7890625,-48.31581796705723,207.53574722912163,-1074.2766090920195,94,210,91,103,213,97,6.000000238418579,2.4000000953674316,4.200000166893005,7.707139853453287,2.4000000953674316,1.4696939040702932,8
922,9,8,123,26.568003167152533,0.010349179638199412,0.007494972884041193,77.6178861788618,183.89430894308944,129.20325203252034,-60.77008675462831,190.99576943773565,-1053.0280945281672,75,179,124,82,188,135,4.800000190734863,6.000000238418579,7.200000286102295,10.529957683293455,2.0784610516732713,5.466260364696242,8
922,5,9,116,25.056002986908076,0.009760201935212452,0.007068429711778685,59.26724137931034,112.06896551724138,69.12931034482759,-71.78047407187265,147.90056166977718,-1089.0724609730573,57,107,66,62,119,72,3.6000001430511475,7.800000309944153,4.200000166893005,9.562426850282225,2.0784610516732713,5.531726894186801,6
922,1,10,95,20.52000244617472,0.007993268826251577,0.005788800194991164,46.2,115.33684210526316,114.72631578947369,-79.62081921100616,149.8612877005025,-1061.7142566191524,41,112,109,51,119,120,6.600000262260437,4.800000190734863,7.200000286102295,10.883014720782366,1.6970563422826717,8.40000033378601,2
922,11,11,70,15.12000180244453,0.005889777029869584,0.004265431722625069,88.32857142857142,214.34285714285716,64.95714285714286,-54.3436753494399,209.26489908354623,-1091.5757615651403,84,213,63,93,216,67,6.000000238418579,2.4000000953674316,3.0000001192092896,7.1246055353291275,2.0784610516732713,14.818907431124615,14
922,4,12,25,5.4000006437301895,0.002103491796381994,0.001523368472366096,56.36,108.04,125.8,-73.52481896877289,145.48318226337432,-1055.0700458288193,55,106,124,58,109,127,2.4000000953674316,2.4000000953674316,2.4000000953674316,4.156922103346543,1.6970563422826717,4.156922103346543,1
922,18,13,23,4.968000592231774,0.0019352124526714346,0.0014014989945768082,209.95652173913044,194.52173913043478,129.69565217391303,18.633097736731827,197.37222780352053,-1052.732654431592,209,193,128,211,196,131,1.8000000715255737,2.4000000953674316,2.4000000953674316,3.8418746951220877,1.6970563422826717,5.939697197989351,15
922,12,14,17,3.6720004377365285,0.0014303744215397559,0.0010358905612089452,87.41176470588235,178.94117647058823,141.7058823529412,-54.89375940491172,188.02388983614304,-1045.5265160378287,86,178,140,89,180,143,2.4000000953674316,1.8000000715255737,2.4000000953674316,3.8418746951220877,1.6970563422826717,1.3416408398118889,8
922,13,15,15,3.2400003862381137,0.0012620950778291966,0.0009140210834196576,91.33333333333333,207.6,87.2,-52.54081813494365,205.2191846370697,-1078.230046749115,90,207,86,92,208,89,1.8000000715255737,1.2000000476837158,2.4000000953674316,3.231099012673037,1.2000000476837158,2.0784610516732713,14
922,7,16,13,2.8080003347396985,0.001093815734118637,0.0007921516056303699,73.3076923076923,93.3076923076923,119.23076923076923,-63.35620318009303,136.64379729674414,-1059.0115844469804,72,93,118,74,94,121,1.8000000715255737,1.2000000476837158,2.4000000953674316,3.231099012673037,1.2000000476837158,1.3416408398118889,8
922,20,17,13,2.8080003347396985,0.001093815734118637,0.0007921516056303699,212.6153846153846,192.92307692307693,117.46153846153847,20.228415525876557,196.41303044099075,-1060.0731229507005,212,192,117,214,194,118,1.8000000715255737,1.8000000715255737,1.2000000476837158,2.8142495677222836,1.2000000476837158,6.1188236594515395,18
922,17,18,6,1.2960001544952453,0.0005048380311316786,0.000365608433367863,205.33333333333334,76.5,108.66666666666667,15.859184583028167,126.55918151140213,-1065.3500462373097,205,76,108,206,77,109,1.2000000476837158,1.2000000476837158,1.2000000476837158,2.0784610516732713,1.2000000476837158,7.249827872239009,16
922,3,19,5,1.080000128746038,0.00042069835927639884,0.0003046736944732192,55.8,101.2,90.4,-73.86081898212433,141.37918210029602,-1076.310046672821,55,100,90,56,102,91,1.2000000476837158,1.8000000715255737,1.2000000476837158,2.4738634736730947,1.2000000476837158,0.8485281711413358,2
922,19,20,2,0.43200005149841514,0.00016827934371055955,0.00012186947778928768,212.5,179.0,87.0,20.159184753894806,188.05918395519257,-1078.3500467538834,212,179,87,213,179,87,1.2000000476837158,0.6000000238418579,0.6000000238418579,1.4696939040702932,1.2000000476837158,19.617340048649204,20
923,4,1,22815,4928.040587468171,1.0,0.5346847902507617,218.60714442252905,219.45299145299145,105.45811965811966,6.844955928017896,209.8524641664619,150.7248712574315,145,127,43,262,294,181,70.80000281333923,100.80000400543213,83.40000331401825,148.75766117629783,6.462198025346074,inf,-1
923,1,2,19408,4192.12849974062,0.850668419899189,0.45483946566674466,114.57393858202803,210.06435490519374,145.30611088211046,-55.57497005662762,204.21928201394076,174.63366694187613,59,122,24,166,292,189,64.80000257492065,102.6000040769577,99.60000395774841,156.99032441104438,5.499091052461245,32.092991164020034,4
923,5,3,207,44.712005330085965,0.009072978303747533,0.004851183501288961,213.92753623188406,260.20772946859904,167.42512077294685,4.03719090206036,234.30530794749515,187.90507340373625,210,253,161,218,267,176,5.400000214576721,9.000000357627869,9.600000381469727,14.223924074563577,2.6832816796237777,8.357033298389126,4
923,2,4,152,32.832003913879554,0.006662283585360509,0.003562221701429576,100.1842105263158,242.23684210526315,159.32894736842104,-64.2088072331328,223.52277510103426,183.04736916799294,98,234,153,102,250,165,3.0000001192092896,10.200000405311584,7.800000309944153,13.18635710948028,2.0784610516732713,3.0000001192092896,1
923,6,5,66,14.2560016994477,0.002892833662064431,0.001546754159831263,217.4848484848485,248.6818181818182,179.6060606060606,6.171578338651955,227.3897609006275,195.21363759402072,216,245,177,219,252,182,2.4000000953674316,4.800000190734863,3.6000001430511475,6.462198025346074,2.0784610516732713,0.8485281711413358,5
923,7,6,16,3.456000411987321,0.0007012930089853166,0.0003749707054136395,247.25,85.375,40.125,24.03066995739937,129.40566609799862,111.52499790489674,246,84,39,248,87,41,1.8000000715255737,2.4000000953674316,1.8000000715255737,3.498571275927907,1.6970563422826717,52.86133012016067,4
923,3,7,6,1.2960001544952453,0.0002629848783694937,0.0001406140145301148,118.33333333333333,253.83333333333334,27.833333333333332,-53.319333116213485,230.48067011435828,104.14999761184056,118,253,27,119,255,28,1.2000000476837158,1.8000000715255737,1.2000000476837158,2.4738634736730947,1.2000000476837158,2.7495455262306225,1
924,1,1,21253,4590.648547247908,1.0,0.5719014046606749,90.34489248576672,179.5824589469722,145.60800828118383,-53.133882667049875,150.9086593372628,-231.185179352693,44,118,14,141,229,219,58.800002336502075,67.20000267028809,123.60000491142273,152.48029986776356,5.499091052461245,inf,-1
924,6,2,12143,2622.8883126726273,0.5713546322872065,0.3267585167644368,190.80383760191057,171.0944577122622,114.0700815284526,7.14148679776433,145.81585839406705,-250.1079361562545,133,123,64,229,220,203,58.20000231266022,58.800002336502075,84.00000333786011,117.90114971757829,4.489989042544857,24.127164074187046,1
924,8,3,2859,617.5440736169844,0.13452218510327954,0.07693342661858889,195.86288912207064,219.19517313746064,102.02063658621896,10.176917830477564,174.67628879599656,-257.33760340887585,166,201,53,212,227,149,28.200001120567322,16.200000643730164,58.20000231266022,66.67023588716715,3.3941126845653433,1.8000000715255737,6
924,2,4,664,143.42401709747384,0.031242648096739288,0.01786771433184436,68.69578313253012,141.03463855421685,162.53614457831324,-66.12334879514682,127.77996618255793,-221.02829717081715,59,138,142,79,144,181,12.600000500679016,4.200000166893005,24.000000953674316,27.429911771556625,2.9393878081405864,3.231099012673037,1
924,3,5,125,27.000003218650946,0.0058815226085729075,0.0033636510413863627,85.576,157.552,34.248,-55.99521827220917,137.6903834438324,-298.0011869764328,82,155,32,91,159,36,6.000000238418579,3.0000001192092896,3.0000001192092896,7.3484695203514665,2.6832816796237777,10.800000429153442,1
924,5,6,46,9.936001184463548,0.00216440031995483,0.0012378235832301815,128.7173913043478,130.02173913043478,72.26086956521739,-30.11038246102956,121.1722262657207,-275.1934643310049,126,128,69,131,133,75,3.6000001430511475,3.6000001430511475,4.200000166893005,6.600000262260437,1.6970563422826717,7.224957034369364,6
924,4,7,43,9.288001107215926,0.0020232437773490806,0.001157095958236909,96.76744186046511,158.7674418604651,35.74418604651163,-49.28035288910533,138.41964858908986,-297.10347531285396,92,158,35,100,160,37,5.400000214576721,1.8000000715255737,1.8000000715255737,5.969924859863211,2.0784610516732713,0.8485281711413358,3
924,9,8,23,4.968000592231774,0.001082200159977415,0.0006189117916150907,188.17391304347825,218.43478260869566,68.3913043478261,5.5635320000026525,174.22005446060845,-277.51520355369735,187,218,66,189,219,71,1.8000000715255737,1.2000000476837158,3.6000001430511475,4.200000166893005,1.2000000476837158,8.590692979329267,8
924,7,9,6,1.2960001544952453,0.00028231308521149955,0.0001614552499865454,154.0,128.0,125.5,-14.940816640853882,119.95918273925781,-243.24998480081558,154,127,125,154,129,126,0.6000000238418579,1.8000000715255737,1.2000000476837158,2.2449945212724285,1.2000000476837158,6.81469028575178,6
925,4,1,21188,4576.6085455742095,1.0,0.627420787681374,120.31069473286766,136.82678874834812,153.11275250141588,-58.12900997934892,149.2806468237137,158.81765209958422,61,74,70,183,232,196,73.80000293254852,95.40000379085541,76.20000302791595,142.66759133592254,5.878775616281173,inf,-1
925,7,2,9333,2015.9282403173543,0.44048518029073064,0.27636955877998226,199.12429015321976,184.07200257152041,106.72988321011465,-10.840850848075107,177.62777624403077,130.9879294189497,116,130,70,237,234,160,73.20000290870667,63.00000250339508,54.60000216960907,110.94323313381383,4.32666170248287,27.456147943763373,4
925,17,3,1474,318.384037954332,0.06956767981876535,0.04364820846905538,294.4952510176391,153.859565807327,10.177069199457259,46.38172794439737,159.5003134651941,73.05623871055678,281,140,4,303,162,19,13.800000548362732,13.800000548362732,9.600000381469727,21.749483616717026,4.800000190734863,60.49595268157696,7
925,6,4,891,192.45602294254394,0.042052104965074576,0.026384364820846905,92.78787878787878,97.0729517396184,166.03367003367003,-74.6427002025373,125.42834367067056,166.57020292699536,77,90,153,101,104,174,15.000000596046448,9.000000357627869,13.200000524520874,21.914379712098786,4.32666170248287,1.4696939040702932,4
925,16,5,350,75.60000901222264,0.016518784217481593,0.010364228605270951,286.66,126.26285714285714,1.26,41.680577147007,142.94228760855538,67.70599697828293,276,122,0,297,131,4,13.200000524520874,6.000000238418579,3.0000001192092896,14.806755803471269,2.6832816796237777,12.014991114133304,17
925,3,6,205,44.28000527858755,0.009675287898810649,0.006070476754515843,60.68780487804878,113.8,136.37560975609756,-93.9027453137607,135.46457302570343,148.77536605334865,56,110,129,63,119,143,4.800000190734863,6.000000238418579,9.000000357627869,11.833850224224552,2.6832816796237777,5.230678940097307,4
925,18,7,111,23.97600285816204,0.005238814423258449,0.0032869410719573587,309.98198198198196,139.40540540540542,27.17117117117117,55.673766892235534,150.82781687942713,83.2527002987561,308,137,24,311,142,31,2.4000000953674316,3.6000001430511475,4.800000190734863,6.462198025346074,2.4000000953674316,5.161395365320993,17
925,12,8,78,16.84800200843819,0.0036813290541816124,0.0023097423748889546,225.28205128205127,228.67948717948718,122.43589743589743,4.853806452873414,204.39226807233615,140.4115383288799,219,227,121,230,230,124,7.200000286102295,2.4000000953674316,2.4000000953674316,7.9598998131509475,1.6970563422826717,7.800000309944153,7
925,1,9,66,14.2560016994477,0.003114970738153672,0.001954397394136808,56.84848484848485,74.54545454545455,143.1818181818182,-96.20633742303559,111.91184481707486,152.85909127105367,53,73,142,60,76,145,4.800000190734863,2.4000000953674316,2.4000000953674316,5.878775616281173,2.0784610516732713,18.63867022104506,4
925,19,10,29,6.264000746727019,0.0013686992637341891,0.0008587503701510216,313.62068965517244,138.68965517241378,34.827586206896555,57.85699158290339,150.39836672256732,87.84654950273449,313,136,33,314,141,36,1.2000000476837158,3.6000001430511475,2.4000000953674316,4.489989042544857,1.2000000476837158,2.163330851241435,18
925,11,11,17,3.6720004377365285,0.0008023409477062489,0.0005034053893988748,207.76470588235293,239.47058823529412,107.23529411764706,-5.656601204591652,210.8669289631002,131.29117597551908,206,239,106,210,240,109,3.0000001192092896,1.2000000476837158,2.4000000953674316,4.024922519435666,1.2000000476837158,10.495713827783721,12
925,2,12,10,2.160000257492076,0.00047196526335661703,0.00029612081729345576,56.5,60.5,152.5,-96.41542834043503,103.4845717549324,158.45000058412552,55,60,152,58,61,153,2.4000000953674316,1.2000000476837158,1.2000000476837158,2.9393878081405864,1.2000000476837158,8.674099721558317,1
925,15,13,5,1.080000128746038,0.00023598263167830852,0.00014806040864672788,254.6,77.0,75.8,22.444576382637024,113.38457214832306,112.42999875545502,254,77,75,255,77,77,1.2000000476837158,0.6000000238418579,1.8000000715255737,2.2449945212724285,1.2000000476837158,54.50101133064421,7
925,5,14,4,0.8640001029968303,0.0001887861053426468,0.0001184483269173823,71.0,105.25,150.0,-87.71542799472809,130.33457282185555,156.95000052452087,71,105,149,71,106,151,0.6000000238418579,1.2000000476837158,1.8000000715255737,2.2449945212724285,1.2000000476837158,3.9799499065754738,6
925,14,15,3,0.6480000772476227,0.0001415895790069851,8.883624518803672e-05,240.66666666666666,215.33333333333334,124.0,14.084576050440461,196.38457544644675,141.34999990463257,240,215,124,241,216,124,1.2000000476837158,1.2000000476837158,0.6000000238418579,1.8000000715255737,1.2000000476837158,2.5455845134240076,7
925,9,16,3,0.6480000772476227,0.0001415895790069851,8.883624518803672e-05,203.0,241.0,104.0,-8.515424847602844,211.78457605838776,129.3499994277954,202,241,104,204,241,104,1.8000000715255737,0.6000000238418579,0.6000000238418579,1.9899749532877369,1.2000000476837158,1.8000000715255737,11
925,8,17,1,0.21600002574920757,4.71965263356617e-05,2.9612081729345575e-05,201.0,242.0,104.0,-9.71542489528656,212.38457608222961,129.3499994277954,201,242,104,201,242,104,0.6000000238418579,0.6000000238418579,0.6000000238418579,1.0392305258366357,1.2000000476837158,0.8485281711413358,9
925,13,18,1,0.21600002574920757,4.71965263356617e-05,2.9612081729345575e-05,239.0,214.0,124.0,13.08457601070404,195.5845754146576,141.34999990463257,239,214,124,239,214,124,0.6000000238418579,0.6000000238418579,0.6000000238418579,1.0392305258366357,1.2000000476837158,0.8485281711413358,14
925,10,19,1,0.21600002574920757,4.71965263356617e-05,2.9612081729345575e-05,205.0,240.0,105.0,-7.315424799919128,211.1845760345459,129.94999945163727,205,240,105,205,240,105,0.6000000238418579,0.6000000238418579,0.6000000238418579,1.0392305258366357,1.2000000476837158,0.8485281711413358,11
926,2,1,13465,2908.44034671308,1.0,0.5729055865208698,113.75209803193465,181.49290753806164,149.70857779428147,-41.075886906277844,158.56860041246512,-183.22483754706923,71,112,73,149,258,194,47.400001883506775,88.20000350475311,73.20000290870667,124.03322628485309,5.628499135444567,inf,-1
926,9,2,8825,1906.2002272367567,0.655402896398069,0.37548398076841255,214.13065155807365,178.90175637393767,109.67773371104816,19.151247602616763,157.01390965221287,-207.24334495141892,154,136,53,241,212,174,52.800002098083496,46.20000183582306,73.20000290870667,101.392903188647,4.489989042544857,31.49857264781682,2
926,6,3,463,100.00801192188311,0.0343854437430375,0.01969961281538527,117.32181425485962,258.92872570194385,52.16846652267819,-38.9340570874142,205.0300931570082,-241.7489066355687,111,254,41,127,265,65,10.200000405311584,7.200000286102295,15.000000596046448,19.516147936250725,3.3941126845653433,10.615084029578005,2
926,3,4,416,89.85601071167035,0.03089491273672484,0.017699868101944433,81.82451923076923,155.78365384615384,156.68509615384616,-60.232434948189905,143.14304758436404,-179.03892636499725,74,152,146,90,159,167,10.200000405311584,4.800000190734863,13.200000524520874,17.358572059554973,2.9393878081405864,15.011995800359257,2
926,4,5,175,37.80000450611132,0.012996658002227997,0.007445857975577585,108.31428571428572,213.2057142857143,14.057142857142857,-44.338574426514754,177.59628521714893,-264.61570174353466,99,209,12,115,218,16,10.200000405311584,6.000000238418579,3.0000001192092896,12.208194454735525,2.4000000953674316,29.831528132572902,6
926,5,6,66,14.2560016994477,0.004901596732268845,0.002808152150789261,109.51515151515152,222.42424242424244,11.409090909090908,-43.618054917364404,183.12740232005265,-266.2045329755003,108,219,10,111,226,13,2.4000000953674316,4.800000190734863,2.4000000953674316,5.878775616281173,2.0784610516732713,2.7495455262306225,4
926,1,7,46,9.936001184463548,0.0034162643891570733,0.001957196953580394,71.71739130434783,148.80434782608697,80.02173913043478,-66.29671194501546,138.9554638059243,-225.03694240684095,70,146,79,73,151,82,2.4000000953674316,3.6000001430511475,2.4000000953674316,4.947726947346189,1.6970563422826717,2.6832816796237777,2
926,7,8,46,9.936001184463548,0.0034162643891570733,0.001957196953580394,115.5,170.58695652173913,177.1086956521739,-40.02714568376541,152.02502954265344,-166.78476617906404,112,169,175,118,172,179,4.200000166893005,2.4000000953674316,3.0000001192092896,5.692100014486806,2.0784610516732713,2.7495455262306225,2
926,8,9,1,0.21600002574920757,7.426661715558855e-05,4.254775986044335e-05,124.0,166.0,180.0,-34.92714548110962,149.2728555202484,-165.04998350143433,124,166,180,124,166,180,0.6000000238418579,0.6000000238418579,0.6000000238418579,1.0392305258366357,1.2000000476837158,1.0392305258366357,2
927,1,1,16381,3538.296421797769,1.0,0.5812369158712699,120.77595995360478,186.5126671143398,114.89780843660338,-32.857663335813854,156.0843625279124,-27.111315250418556,64,114,20,171,258,169,64.80000257492065,87.0000034570694,90.00000357627869,140.9540406620895,5.091169026848015,inf,-1
927,8,2,7598,1641.168195642479,0.4638300470056773,0.26959514601000606,214.1872861279284,212.26033166622796,95.05764674914451,23.189134595879864,171.53296187291744,-39.0154127359202,175,155,45,242,246,146,40.80000162124634,55.20000219345093,61.20000243186951,91.96260474840588,4.156922103346543,26.406818350911106,1
927,2,3,1063,229.60802737140764,0.06489225322019412,0.037717773125643124,98.05644402634054,164.20884289746002,40.952022577610535,-46.48937343384787,142.7020674660199,-71.4787885288192,80,142,36,113,187,46,20.40000081062317,27.600001096725464,6.600000262260437,34.94967949888111,3.3941126845653433,7.517978750422624,1
927,10,4,920,198.72002368927096,0.056162627434222574,0.032643792357094706,186.7967391304348,245.19021739130434,155.88152173913045,6.754805744342178,191.29089409307292,-2.521086291774452,177,229,136,195,262,168,11.4000004529953,20.40000081062317,19.80000078678131,30.629398860543436,2.9393878081405864,4.837354841198334,8
927,11,5,854,184.46402198982327,0.05213356937915878,0.03030195507930313,191.9672131147541,265.94145199063234,84.05269320843091,9.857090258207478,203.7416353474177,-45.6183851227269,181,262,64,206,269,102,15.600000619888306,4.800000190734863,23.40000092983246,28.529985360804694,3.3941126845653433,17.90977457958963,8
927,7,6,488,105.40801256561329,0.029790611073805016,0.01731540290245893,144.47540983606558,116.76024590163935,93.41598360655738,-18.637992841298455,114.2329081372648,-40.00041066061278,137,113,78,148,120,106,7.200000286102295,4.800000190734863,17.40000069141388,19.432962461038496,2.9393878081405864,2.163330851241435,1
927,5,7,416,89.85601071167035,0.025395275013735424,0.014760671326686303,115.13221153846153,125.80288461538461,111.37259615384616,-36.243912519457254,119.65849158110527,-29.2264427041205,106,122,101,126,130,123,12.600000500679016,5.400000214576721,13.800000548362732,19.45147886586909,2.9393878081405864,3.8418746951220877,1
927,3,8,349,75.38400898647345,0.021305170624504,0.012383351665897883,102.27507163323783,215.06590257879657,135.2922636103152,-43.95819676912958,173.21630448734862,-14.874641659949773,97,210,128,109,220,144,7.800000309944153,6.600000262260437,10.200000405311584,14.437451872311929,2.9393878081405864,2.4000000953674316,1
927,13,9,83,17.92800213718423,0.005066845735913559,0.002945037788737892,218.3975903614458,253.3012048192771,111.39759036144578,25.71531723637179,196.1574867432376,-29.21144617896482,214,250,107,224,257,115,6.600000262260437,4.800000190734863,5.400000214576721,9.785704247028988,1.6970563422826717,3.3941126845653433,8
927,6,10,26,5.616000669479397,0.001587204688358464,0.0009225419579178939,123.61538461538461,118.5,92.88461538461539,-31.154008471048797,115.27676063776016,-40.31923160644678,122,118,91,126,119,95,3.0000001192092896,1.2000000476837158,3.0000001192092896,4.40908171221088,1.2000000476837158,1.6970563422826717,1
927,4,11,2,0.43200005149841514,0.00012209266833526647,7.096476599368414e-05,98.0,142.5,62.0,-46.523239850997925,129.67676120996475,-58.85000157356262,98,142,62,98,143,62,0.6000000238418579,1.2000000476837158,0.6000000238418579,1.4696939040702932,1.2000000476837158,5.969924859863211,1
927,12,12,2,0.43200005149841514,0.00012209266833526647,7.096476599368414e-05,186.5,151.0,60.0,6.5767622590065,134.77676141262054,-60.05000162124634,186,151,60,187,151,60,1.2000000476837158,0.6000000238418579,0.6000000238418579,1.4696939040702932,1.2000000476837158,3.8418746951220877,8
927,9,13,1,0.21600002574920757,6.104633416763323e-05,3.548238299684207e-05,176.0,263.0,133.0,0.2767620086669922,201.97676408290863,-16.24999988079071,176,263,133,176,263,133,0.6000000238418579,0.6000000238418579,0.6000000238418579,1.0392305258366357,1.2000000476837158,1.9899749532877369,10
928,2,1,20110,4343.760517816564,1.0,0.5993502816439662,131.30596718050722,186.2583789159622,139.2699154649428,-55.522080623617455,174.94936772782313,-236.98803519354954,63,97,25,187,277,174,75.00000298023224,108.60000431537628,90.00000357627869,159.74655560626266,5.878775616281173,inf,-1
928,6,2,13044,2817.5043358726634,0.6486325211337644,0.3887580842249575,236.1610702238577,227.76464274762344,95.16490340386385,7.390983702333301,199.85312701640632,-263.4510434817423,193,158,42,275,273,138,49.80000197887421,69.60000276565552,58.20000231266022,103.49609099511336,5.499091052461245,33.36345438444334,2
928,1,3,270,58.32000695228604,0.013426156141223273,0.008046970464638035,65.83333333333333,160.95185185185184,131.27037037037036,-94.80566249291103,159.76545088600227,-241.78776244101704,62,153,128,71,169,135,6.000000238418579,10.200000405311584,4.800000190734863,12.770278499720913,2.6832816796237777,11.208925460764306,2
928,3,4,67,14.472001725196908,0.003331675783192442,0.0019968408190027716,96.38805970149254,232.3134328358209,139.40298507462686,-76.47282594353405,202.5824011777764,-236.9081934245665,94,231,137,100,234,141,4.200000166893005,2.4000000953674316,3.0000001192092896,5.692100014486806,2.4000000953674316,2.4738634736730947,2
928,4,5,20,4.320000514984152,0.0009945300845350573,0.0005960718862694841,116.95,109.4,63.45,-64.13566127419472,128.83433854579926,-282.47998628020287,116,108,62,118,111,65,1.8000000715255737,2.4000000953674316,2.4000000953674316,3.8418746951220877,1.6970563422826717,0.8485281711413358,2
928,5,6,14,3.024000360488906,0.00069617105917454,0.00041725032038863883,128.35714285714286,179.14285714285714,161.35714285714286,-57.29137528794152,170.68005449431283,-223.73569823162896,127,178,160,130,180,162,2.4000000953674316,1.8000000715255737,1.8000000715255737,3.498571275927907,1.2000000476837158,2.4738634736730947,2
928,7,7,14,3.024000360488906,0.00069617105917454,0.00041725032038863883,205.78571428571428,186.64285714285714,37.42857142857143,-10.834230584757677,175.18005467312676,-298.0928440434592,204,186,36,208,188,38,3.0000001192092896,1.8000000715255737,1.8000000715255737,3.934463270922718,1.2000000476837158,7.823043197102973,6
928,8,8,14,3.024000360488906,0.00069617105917454,0.00041725032038863883,230.71428571428572,268.57142857142856,112.5,4.1229128667286545,224.33719948359897,-253.04998511075974,229,268,112,232,269,113,2.4000000953674316,1.2000000476837158,1.2000000476837158,2.9393878081405864,1.2000000476837158,1.8000000715255737,6
929,5,1,15103,3262.248388890282,1.0,0.5018108117088083,173.31914189233927,199.62689531881082,64.63411242799444,-17.832729482346082,193.45192320076256,135.7304659460362,100,123,23,202,236,127,61.800002455711365,68.4000027179718,63.00000250339508,111.65482967956319,5.878775616281173,inf,-1
929,3,2,10865,2346.84027976514,0.7193934979805336,0.36099943515965044,102.89590427979752,144.75987114588128,144.56060745513116,-60.08667372889196,160.53170738887303,183.68636486791434,54,84,98,153,215,163,60.00000238418579,79.20000314712524,39.60000157356262,106.96167962982402,6.1188236594515395,35.236913864251555,5
929,13,3,1015,219.24002613544567,0.06720519102165132,0.03372429145762036,182.0630541871921,248.0886699507389,122.12118226600985,-12.58638189696326,222.52898913533815,170.22270921944397,161,240,108,198,259,131,22.8000009059906,12.000000476837158,14.40000057220459,29.516098475861554,3.3941126845653433,6.378087741083216,5
929,1,4,980,211.68002523422342,0.06488777064159439,0.03256138485563345,61.18163265306122,197.7826530612245,26.86938775510204,-85.11523769947948,192.3453778022406,113.07163024191954,42,183,22,80,213,33,23.40000092983246,18.600000739097595,7.200000286102295,30.74670836252987,3.3941126845653433,13.213629852389598,5
929,7,5,838,181.00802157783593,0.05548566509964907,0.027843306641857992,115.39618138424821,141.35680190930788,25.380668257756565,-52.586507168191716,158.48986576579352,112.17839850801842,102,120,22,126,161,28,15.000000596046448,25.200001001358032,4.200000166893005,29.62566572672656,3.3941126845653433,2.8142495677222836,5
929,2,6,545,117.72001403331812,0.03608554591802953,0.018108117088081868,50.456880733944956,107.6348623853211,115.71192660550459,-91.55008910664725,138.25670124740776,166.37715567033226,44,102,104,58,121,126,9.000000357627869,12.000000476837158,13.800000548362732,20.38234611167727,2.9393878081405864,15.611534817855858,3
929,4,7,372,80.35200957870522,0.02463086803946236,0.012360035883975148,66.63172043010752,166.3521505376344,150.66129032258064,-81.84518490331148,173.48707553872498,187.34677473383564,59,164,144,73,169,159,9.000000357627869,3.6000001430511475,9.600000381469727,13.642580943189925,3.3941126845653433,5.1264024508954416,3
929,10,8,140,30.24000360488906,0.009269681520227769,0.0046516264079476365,117.05714285714286,86.72142857142858,70.82857142857142,-51.589930244854514,125.70864046045713,139.44714149406977,113,85,66,120,89,75,4.800000190734863,3.0000001192092896,6.000000238418579,8.248636578691867,2.6832816796237777,24.847536076370723,3
929,14,9,93,20.088002394676305,0.00615771700986559,0.003090008970993787,187.4516129032258,108.06451612903226,62.333333333333336,-9.353246538869797,138.5144935038782,134.34999843438467,185,105,60,190,110,65,3.6000001430511475,3.6000001430511475,3.6000001430511475,6.2353831550198136,2.4000000953674316,30.006000592451258,5
929,16,10,66,14.2560016994477,0.004369992716678805,0.0021929095923181713,211.16666666666666,243.8030303030303,74.07575757575758,4.8757862846056526,219.9576052445354,141.39545325980043,209,241,70,213,247,78,3.0000001192092896,4.200000166893005,5.400000214576721,7.469940055621977,1.6970563422826717,8.072174749003619,5
929,9,11,21,4.536000540733359,0.0013904522280341653,0.0006977439611921454,112.0952380952381,137.47619047619048,157.95238095238096,-54.5670732202984,156.1614988134021,191.721429285549,110,136,157,114,139,159,3.0000001192092896,2.4000000953674316,1.8000000715255737,4.2426408557066795,1.6970563422826717,4.874423236473746,3
929,8,12,21,4.536000540733359,0.0013904522280341653,0.0006977439611921454,106.80952380952381,83.95238095238095,62.142857142857146,-57.73850191774822,124.0472118230093,134.23571271555764,105,83,61,109,85,64,3.0000001192092896,1.8000000715255737,2.4000000953674316,4.2426408557066795,1.6970563422826717,3.0594118297257697,10
929,17,13,13,2.8080003347396985,0.0008607561411640071,0.0004319367378808519,214.76923076923077,236.30769230769232,66.92307692307692,7.037324832035949,215.46040226862982,137.10384469765881,214,235,65,216,238,68,1.8000000715255737,2.4000000953674316,2.4000000953674316,3.8418746951220877,1.2000000476837158,2.2449945212724285,16
929,12,14,9,1.9440002317428682,0.0005959080977289281,0.0002990331262252052,138.55555555555554,128.66666666666666,35.55555555555556,-38.69088211324481,150.87578431765237,118.28333112928603,138,128,35,139,130,36,1.2000000476837158,1.8000000715255737,1.2000000476837158,2.4738634736730947,1.2000000476837158,2.4000000953674316,5
929,11,15,8,1.7280002059936606,0.0005296960868701583,0.0002658072233112935,124.5,140.5,158.75,-47.12421578168869,157.97578459978104,192.20000073313713,123,140,158,127,141,159,3.0000001192092896,1.2000000476837158,1.2000000476837158,3.4467377248838638,1.2000000476837158,2.2449945212724285,3
929,6,16,5,1.080000128746038,0.0003310600542938489,0.00016612951456955845,102.6,91.0,111.2,-60.26421630382538,128.27578341960907,163.6699995994568,102,91,110,103,91,112,1.2000000476837158,0.6000000238418579,1.8000000715255737,2.2449945212724285,1.2000000476837158,1.3416408398118889,3
929,15,17,3,0.6480000772476227,0.00019863603257630933,9.967770874173505e-05,207.33333333333334,239.0,96.33333333333333,2.575786193211883,217.07578694820404,154.7499992450078,207,239,96,208,239,97,1.2000000476837158,0.6000000238418579,1.2000000476837158,1.8000000715255737,1.2000000476837158,7.730459543215926,5
930,8,1,19860,4289.760511379262,1.0,0.5649749658625398,199.49108761329305,185.07245720040282,98.51691842900303,7.864579199213992,184.2134006077129,-106.43984964552962,102,104,52,236,234,154,81.00000321865082,78.60000312328339,61.800002455711365,128.67867467427357,6.000000238418579,inf,-1
930,5,2,14639,3162.0243769426497,0.7371097683786506,0.41644856622667276,108.2187307876221,159.3711319079172,155.49846300976841,-46.89883707229113,168.7926048194542,-72.25092153852451,65,80,57,160,237,182,57.60000228881836,94.80000376701355,75.6000030040741,134.23919484306242,5.878775616281173,34.99600116201854,8
930,10,3,269,58.10400692653683,0.013544813695871096,0.007652480655439235,202.4460966542751,237.81412639405204,126.8736059479554,9.637584694256134,215.85840338136182,-89.42583645808209,191,236,122,212,241,131,13.200000524520874,3.6000001430511475,6.000000238418579,14.939880111243953,2.6832816796237777,1.2000000476837158,8
930,4,4,212,45.792005458832,0.01067472306143001,0.006030951297223486,59.60849056603774,124.93867924528301,93.16037735849056,-76.0649823642002,148.13313240094004,-109.65377441554699,51,110,91,71,138,95,12.600000500679016,17.40000069141388,3.0000001192092896,21.691473840971955,2.0784610516732713,24.833043490666302,8
930,6,5,70,15.12000180244453,0.003524672708962739,0.0019913518434228495,86.82857142857142,90.4,111.95714285714286,-59.732933197702685,127.40992403030396,-98.3757146682058,83,87,110,90,94,114,4.800000190734863,4.800000190734863,3.0000001192092896,7.4215904210192845,2.0784610516732713,5.264978841646728,5
930,2,6,44,9.504001132965133,0.002215508559919436,0.0012517068730086482,47.02272727272727,147.13636363636363,87.25,-83.61644064025445,161.45174356482244,-113.20000097155571,45,144,85,49,150,89,3.0000001192092896,4.200000166893005,3.0000001192092896,5.969924859863211,1.6970563422826717,4.40908171221088,4
930,7,7,31,6.696000798225435,0.0015609264853977845,0.0008818843878015476,101.25806451612904,91.70967741935483,144.03225806451613,-51.07523700114219,128.195730513142,-79.13064477905151,99,90,143,103,93,145,3.0000001192092896,2.4000000953674316,1.8000000715255737,4.2426408557066795,1.6970563422826717,1.8000000715255737,5
930,1,8,23,4.968000592231774,0.0011581067472306143,0.0006543013199817934,44.82608695652174,156.69565217391303,81.73913043478261,-84.93442488234976,167.1873169152633,-116.50652284207551,44,153,80,46,159,83,1.8000000715255737,4.200000166893005,2.4000000953674316,5.161395365320993,1.6970563422826717,2.2449945212724285,2
930,9,9,3,0.6480000772476227,0.0001510574018126888,8.534365043240783e-05,142.0,244.66666666666666,125.66666666666667,-26.630074739456177,219.9699277083079,-90.150000055631,142,244,125,142,245,126,0.6000000238418579,1.2000000476837158,1.2000000476837158,1.8000000715255737,1.2000000476837158,28.44784814912715,5
930,3,10,1,0.21600002574920757,5.0352467270896274e-05,2.8447883477469277e-05,45.0,152.0,84.0,-84.8300770521164,164.3699254989624,-115.15000104904175,45,152,84,45,152,84,0.6000000238418579,0.6000000238418579,0.6000000238418579,1.0392305258366357,1.2000000476837158,0.8485281711413358,1
931,3,1,7735,1670.7601991701206,1.0,0.4391891891891892,125.66270200387848,183.99754363283776,136.39573367808663,-54.41487580164063,178.08603056654596,-145.71255959297815,90,134,40,177,250,167,52.800002098083496,70.20000278949738,76.80000305175781,116.67956582861059,6.000000238418579,inf,-1
931,7,2,2653,573.0480683126477,0.3429864253393665,0.15063593004769477,139.53071993969093,100.34602336977007,109.91368262344515,-46.094064709513844,127.89511641429766,-161.60179085714432,125,93,60,156,115,144,19.200000762939453,13.800000548362732,51.00000202655792,56.21459108755128,4.156922103346543,17.10789359506649,3
931,13,3,1593,344.0880410184877,0.20594699418228832,0.09044969339086988,214.03075957313246,198.1789077212806,141.66792215944758,-1.3940391532295564,186.59484935772173,-142.54924637846278,198,194,135,232,203,148,21.000000834465027,6.000000238418579,8.40000033378601,23.40000092983246,5.091169026848015,31.629734104285944,3
931,12,4,1541,332.85603967952886,0.19922430510665803,0.08749716102657279,212.72874756651524,169.2173913043478,51.4445165476963,-2.175246388242286,169.2179388170657,-196.6832918966072,184,154,46,237,185,59,32.40000128746033,19.200000762939453,8.40000033378601,38.58704599126385,3.6000001430511475,34.477820326566174,7
931,2,5,1348,291.1680347099318,0.1742727860374919,0.07653872359754714,111.6387240356083,206.1587537091988,27.8486646884273,-62.82926291696042,191.382757140727,-210.84080357473752,90,181,24,136,228,34,28.200001120567322,28.80000114440918,6.600000262260437,40.84409544328049,3.3941126845653433,10.883014720782366,3
931,1,6,1140,246.24002935409663,0.14738202973497092,0.06472859414035885,77.6561403508772,165.95877192982456,133.25438596491227,-83.21881393800702,167.2627671146602,-147.59736829577832,61,155,115,103,181,155,25.80000102519989,16.200000643730164,24.600000977516174,39.15661019356719,3.3941126845653433,11.556816629781549,3
931,4,7,955,206.28002459049324,0.12346477052359406,0.054224392459686584,115.21361256544503,178.70052356020943,29.55392670157068,-60.6843297138264,174.90781839667815,-209.81764632619488,91,147,19,136,207,37,27.600001096725464,36.60000145435333,11.4000004529953,47.236428498841924,2.6832816796237777,1.6970563422826717,2
931,14,8,153,33.04800393962876,0.01978021978021978,0.008687258687258687,235.13725490196077,205.27450980392157,123.62091503267973,11.26985854728548,190.85221077647864,-153.37745108479768,232,200,115,238,209,133,4.200000166893005,6.000000238418579,11.4000004529953,13.549908287188416,2.0784610516732713,1.8000000715255737,13
931,20,9,80,17.280002059936606,0.010342598577892695,0.0045423574835339545,261.9875,149.45,65.5625,27.38000624626875,157.35750356316566,-188.212501488626,260,146,64,264,153,67,3.0000001192092896,4.800000190734863,2.4000000953674316,6.148170703882103,2.4000000953674316,24.54872803005331,12
931,5,10,79,17.064002034187396,0.010213316095669035,0.00448557801498978,94.73417721518987,194.27848101265823,142.1012658227848,-72.97199141224729,184.25459323955488,-142.28924017012875,93,190,140,96,198,145,2.4000000953674316,5.400000214576721,3.6000001430511475,6.919537831760196,2.0784610516732713,3.1176915775099068,3
931,18,11,60,12.960001544952455,0.007756948933419522,0.003406768112650466,249.16666666666666,200.65,71.43333333333334,19.687505940596253,188.0775047838688,-184.69000134865442,248,198,67,251,203,75,2.4000000953674316,3.6000001430511475,5.400000214576721,6.919537831760196,1.6970563422826717,12.163881442977178,12
931,23,12,59,12.744001519203247,0.007627666451195863,0.0033499886441062912,302.50847457627117,185.864406779661,131.35593220338984,51.69259195812677,179.20614849914938,-148.73644059795444,301,184,130,304,188,133,2.4000000953674316,3.0000001192092896,2.4000000953674316,4.52990084116453,2.4000000953674316,40.02949072051921,14
931,6,13,55,11.880001416206417,0.007110536522301228,0.003122870769929594,100.27272727272727,232.61818181818182,32.41818181818182,-69.64886124567553,207.25841463695872,-208.09909318793905,99,227,30,101,237,37,1.8000000715255737,6.600000262260437,4.800000190734863,8.357033298389126,1.6970563422826717,2.163330851241435,3
931,15,14,50,10.800001287460379,0.006464124111182935,0.002838973427208722,234.3,195.38,65.52,10.767505586147308,184.91550465822218,-188.2380014896393,233,193,63,236,198,68,2.4000000953674316,3.6000001430511475,3.6000001430511475,5.628499135444567,2.0784610516732713,6.378087741083216,12
931,17,15,48,10.368001235961962,0.006205559146735617,0.0027254144901203725,246.16666666666666,194.79166666666666,63.3125,17.88750586907068,184.56250464419523,-189.56250154227018,244,193,61,248,197,66,3.0000001192092896,3.0000001192092896,3.6000001430511475,5.564171318397717,2.0784610516732713,0.8485281711413358,18
931,8,16,21,4.536000540733359,0.0027149321266968325,0.001192368839427663,144.52380952380952,111.52380952380952,56.19047619047619,-43.09821083999816,134.60178837322053,-193.83571599778674,143,110,55,147,113,57,3.0000001192092896,2.4000000953674316,1.8000000715255737,4.2426408557066795,1.6970563422826717,2.8142495677222836,7
931,11,17,15,3.2400003862381137,0.0019392372333548805,0.0008516920281626165,170.13333333333333,114.4,67.46666666666667,-27.732495943705246,136.32750272750854,-187.07000144322714,169,114,66,171,115,69,1.8000000715255737,1.2000000476837158,2.4000000953674316,3.231099012673037,1.2000000476837158,9.391485878683222,7
931,10,18,12,2.5920003089904906,0.0015513897866839042,0.0006813536225300931,161.08333333333334,112.5,63.166666666666664,-33.162496159474045,135.18750268220901,-189.65000154574713,160,112,62,162,113,64,1.8000000715255737,1.2000000476837158,1.8000000715255737,2.8142495677222836,1.2000000476837158,4.40908171221088,11
931,21,19,9,1.9440002317428682,0.0011635423400129282,0.0005110152168975699,268.44444444444446,86.55555555555556,81.88888888888889,31.25417306688098,119.62083539697859,-178.41666776604123,268,86,81,269,87,83,1.2000000476837158,1.2000000476837158,1.8000000715255737,2.4738634736730947,1.2000000476837158,36.76683434063115,20
931,19,20,3,0.6480000772476227,0.00038784744667097606,0.00017033840563252328,255.0,140.66666666666666,63.333333333333336,23.187506079673767,152.08750335375467,-189.55000154177347,255,140,63,255,141,64,0.6000000238418579,1.2000000476837158,1.2000000476837158,1.8000000715255737,1.2000000476837158,4.284857227390632,20
931,16,21,1,0.21600002574920757,0.0001292824822236587,5.6779468544174426e-05,243.0,191.0,60.0,15.987505793571472,182.28750455379486,-191.55000162124634,243,191,60,243,191,60,0.6000000238418579,0.6000000238418579,0.6000000238418579,1.0392305258366357,1.2000000476837158,1.8000000715255737,17
931,9,22,1,0.21600002574920757,0.0001292824822236587,5.6779468544174426e-05,147.0,109.0,58.0,-41.61249649524689,133.0875025987625,-192.75000166893005,147,109,58,147,109,58,0.6000000238418579,0.6000000238418579,0.6000000238418579,1.0392305258366357,1.2000000476837158,0.8485281711413358,8
931,22,23,1,0.21600002574920757,0.0001292824822236587,5.6779468544174426e-05,269.0,85.0,80.0,31.587506413459778,118.68750202655792,-179.55000114440918,269,85,80,269,85,80,0.6000000238418579,0.6000000238418579,0.6000000238418579,1.0392305258366357,1.2000000476837158,0.8485281711413358,21
932,1,1,20523,4432.968528450987,1.0,0.6549545236955481,114.82171222530819,122.10510159333431,120.13151098767237,-68.44779023975214,150.92224355471308,-193.47107833620692,70,61,23,168,205,162,59.40000236034393,87.0000034570694,84.00000333786011,134.73441075946212,6.000000238418579,inf,-1
932,3,2,10638,2297.80827392007,0.5183452711591873,0.3394925801819052,202.8213009964279,164.9592968603121,86.6676066929874,-15.648034879006616,176.63476173662337,-213.54942171085955,146,113,32,233,204,143,52.800002098083496,55.20000219345093,67.20000267028809,101.7384923350122,4.947726947346189,26.21526377164512,1
932,4,3,158,34.12800406837479,0.007698679530283096,0.005042284984841231,186.87974683544303,171.50632911392404,151.7405063291139,-25.212967755673816,180.56298124488396,-174.50568037772481,185,169,144,189,176,159,3.0000001192092896,4.800000190734863,9.600000381469727,11.144505815446882,2.4000000953674316,2.4000000953674316,3
932,2,4,16,3.456000411987321,0.0007796131169906934,0.0005106111377054411,141.875,133.1875,31.375,-52.21581692993641,157.57168286293745,-246.72498704493046,141,132,30,143,135,32,1.8000000715255737,2.4000000953674316,1.8000000715255737,3.498571275927907,1.2000000476837158,2.6153394700486534,3
933,1,1,17936,3874.176461837787,1.0,0.560377417439935,98.35671275646745,165.8931199821588,133.58067573595005,-44.31311843861276,157.70872750699547,-198.90157916658723,46,100,27,147,249,186,61.20000243186951,90.00000357627869,96.00000381469727,145.12560654072354,6.1188236594515395,inf,-1
933,16,2,12361,2669.9763182859547,0.6891726137377342,0.3861967694566813,194.62600113259444,193.17797912790226,102.00784726154842,13.448456882302125,174.07964364496328,-217.84527700398309,133,122,37,223,237,177,54.60000216960907,69.60000276565552,84.60000336170197,122.40294600499023,5.091169026848015,27.43647316664427,1
933,3,3,537,115.99201382732447,0.029939785905441572,0.016777579904395913,88.90875232774674,187.42271880819368,21.556797020484172,-49.98189492110212,170.62648731592202,-266.11590906672416,78,173,18,97,199,27,12.000000476837158,16.200000643730164,6.000000238418579,21.03425860737603,2.9393878081405864,23.67530452911067,1
933,2,4,313,67.60800805950197,0.017450936663693132,0.009779110819508231,83.91373801916933,148.07987220447285,42.72523961661342,-52.97890362533899,147.02077841568297,-253.4148430043516,77,136,37,94,161,48,10.800000429153442,15.600000619888306,7.200000286102295,20.293842236750123,2.6832816796237777,13.227245136632638,3
933,10,5,290,62.640007467270195,0.016168599464763605,0.009060518011684943,101.15172413793104,186.57931034482758,21.482758620689655,-42.63611154309634,170.12044221779394,-266.1603321083661,98,175,18,103,200,26,3.6000001430511475,15.600000619888306,5.400000214576721,16.896154079787284,2.4000000953674316,3.0000001192092896,3
933,17,6,242,52.27200623130823,0.013492417484388938,0.007560846064923297,194.80165289256198,184.27685950413223,156.59504132231405,13.553847942470512,168.73897165848206,-185.0929592660636,192,174,153,200,195,159,5.400000214576721,13.200000524520874,4.200000166893005,14.867414622814595,2.4000000953674316,1.6970563422826717,16
933,9,7,73,15.768001879692152,0.0040700267618198034,0.0022807510857000028,98.75342465753425,109.01369863013699,71.3972602739726,-44.07509128851433,123.5810733396713,-236.21162992634186,97,106,67,100,112,76,2.4000000953674316,4.200000166893005,6.000000238418579,7.707139853453287,1.6970563422826717,1.0392305258366357,1
933,7,8,62,13.39200159645087,0.003456735057983943,0.0019370762645671258,91.62903225806451,231.6290322580645,101.41935483870968,-48.349726898054925,197.1502764398052,-218.1983724717171,90,230,99,93,233,104,2.4000000953674316,2.4000000953674316,3.6000001430511475,4.947726947346189,2.4000000953674316,2.4738634736730947,1
933,8,9,58,12.528001493454038,0.0032337198929527204,0.0018121036023369885,92.91379310344827,229.6206896551724,18.362068965517242,-47.578870360193584,195.9452708301873,-268.03274597587256,92,226,16,94,233,20,1.8000000715255737,4.800000190734863,3.0000001192092896,5.939697197989351,2.0784610516732713,4.874423236473746,1
933,4,10,52,11.232001338958794,0.0028991971454058875,0.001624644608991783,87.42307692307692,189.25,153.94230769230768,-50.87330019932527,171.7228560745716,-186.68459950731352,86,187,152,89,192,156,2.4000000953674316,3.6000001430511475,3.0000001192092896,5.264978841646728,2.0784610516732713,2.4738634736730947,1
933,15,11,44,9.504001132965133,0.0024531668153434435,0.0013746992845315087,130.3409090909091,152.4318181818182,34.25,-25.122599875385106,149.63194610584867,-258.4999869763851,129,147,33,131,157,36,1.8000000715255737,6.600000262260437,2.4000000953674316,7.249827872239009,1.6970563422826717,4.911211858277488,16
933,14,12,18,3.8880004634857364,0.0010035682426404995,0.0005623769800356172,105.05555555555556,103.55555555555556,125.5,-40.29381259944704,120.30618736479018,-203.74998480081558,104,103,124,106,104,127,1.8000000715255737,1.2000000476837158,2.4000000953674316,3.231099012673037,1.2000000476837158,6.708204199059444,1
933,5,13,8,1.7280002059936606,0.00044603033006244426,0.0002499453244602743,86.0,203.5,139.0,-51.72714638710022,180.27285641431808,-195.6499844789505,86,202,137,86,205,141,0.6000000238418579,2.4000000953674316,3.0000001192092896,3.888444573557615,1.2000000476837158,4.2426408557066795,1
933,12,14,7,1.512000180244453,0.0003902765388046387,0.00021870215890274,101.42857142857143,100.71428571428571,104.71428571428571,-42.47000316211155,118.60142539228711,-216.2214138678142,101,100,104,102,101,106,1.2000000476837158,1.2000000476837158,1.8000000715255737,2.4738634736730947,1.2000000476837158,2.6832816796237777,1
933,13,15,3,0.6480000772476227,0.00016726137377341658,9.372949667260285e-05,103.0,102.0,109.0,-41.527145981788635,119.3728539943695,-213.64998519420624,103,102,108,103,102,110,0.6000000238418579,0.6000000238418579,1.8000000715255737,1.9899749532877369,1.2000000476837158,1.4696939040702932,12
933,11,16,2,0.43200005149841514,0.00011150758251561107,6.248633111506858e-05,100.0,100.5,103.0,-43.32714605331421,118.47285395860672,-217.24998533725739,100,100,103,100,101,103,0.6000000238418579,1.2000000476837158,0.6000000238418579,1.4696939040702932,1.2000000476837158,0.8485281711413358,12
933,6,17,1,0.21600002574920757,5.575379125780553e-05,3.124316555753429e-05,87.0,206.0,137.0,-51.12714636325836,181.77285647392273,-196.84998452663422,87,206,137,87,206,137,0.6000000238418579,0.6000000238418579,0.6000000238418579,1.0392305258366357,1.2000000476837158,0.8485281711413358,5
934,2,1,17510,3782.1604508686246,1.0,0.5196925177336539,108.51245002855511,164.11096516276413,158.90868075385495,-50.72455864572852,156.6345517603688,-176.7047755519776,62,93,39,162,240,210,60.60000240802765,88.80000352859497,103.20000410079956,149.02362821021532,6.000000238418579,inf,-1
934,4,2,15648,3379.9684029236,0.8936607652769846,0.46442881310657996,204.79345603271983,181.98741053169735,107.81192484662577,7.0440472522883795,167.36041940793638,-207.36283031455667,116,121,42,241,234,186,75.6000030040741,68.4000027179718,87.0000034570694,134.02582373395305,5.499091052461245,27.586954534381398,2
934,1,3,238,51.4080061283114,0.013592233009708738,0.007063781794438013,60.60504201680672,200.93697478991598,128.14705882352942,-79.46900459497917,178.7301584146604,-195.16174944358713,57,193,125,65,211,131,5.400000214576721,11.4000004529953,4.200000166893005,13.295112411996483,2.6832816796237777,1.0392305258366357,2
934,5,4,151,32.616003888130344,0.008623643632210166,0.004481643071261093,129.64238410596028,118.62913907284768,66.20529801324503,-38.04659769550854,129.3454550220477,-232.32680740656443,122,113,61,136,124,71,9.000000357627869,7.200000286102295,6.600000262260437,13.281566700469215,2.4000000953674316,16.714066596778252,4
934,3,5,146,31.536003759384304,0.008338092518560821,0.004333244294067016,73.0,223.56849315068493,114.20547945205479,-72.03202950954437,192.3090699706992,-203.52669739886505,68,221,110,78,226,118,6.600000262260437,3.6000001430511475,5.400000214576721,9.256349540139176,2.4000000953674316,2.6832816796237777,2
935,1,1,17895,3865.3204607820694,1.0,0.5066534541336353,120.15875943000839,147.54048616932104,150.86789606035205,-69.7133352271869,158.71570146923193,50.47074199612163,47,76,61,192,228,186,87.60000348091125,91.80000364780426,75.6000030040741,147.70362803197676,6.462198025346074,inf,-1
935,6,2,16244,3508.704418270128,0.9077395920648226,0.4599093997734994,217.13586555035707,206.49039645407535,96.69127062299926,-11.52706924286332,194.0856490455599,17.96476544203854,174,102,41,254,252,163,48.60000193119049,90.60000360012054,73.80000293254852,126.55734381258854,6.000000238418579,27.534706467531926,1
935,5,3,704,152.06401812744213,0.03934059793238335,0.019932049830124574,173.9715909090909,118.15625,52.95170454545455,-37.42563505673951,141.08515906706452,-8.278975247320805,156,114,46,187,122,64,19.200000762939453,5.400000214576721,11.4000004529953,22.97302857575808,3.3941126845653433,2.4000000953674316,6
935,2,4,382,82.5120098361973,0.02134674490081028,0.010815402038505097,68.01832460732984,218.77486910994764,38.22774869109948,-100.99759736391886,201.45633293196792,-17.11334911098031,64,208,34,72,228,47,5.400000214576721,12.600000500679016,8.40000033378601,16.077313847224143,2.9393878081405864,19.80000078678131,1
935,4,5,92,19.872002368927095,0.005141100866163733,0.0026047565118912795,119.20652173913044,174.43478260869566,174.40217391304347,-70.28467786441678,174.85227997406668,64.59130926883738,116,170,173,122,179,176,4.200000166893005,6.000000238418579,2.4000000953674316,7.707139853453287,2.0784610516732713,2.6153394700486534,1
935,3,6,3,0.6480000772476227,0.00016764459346186084,8.493771234428086e-05,115.33333333333333,182.33333333333334,173.0,-72.60859100023906,179.59141059716544,63.75000488758087,115,182,173,116,183,173,1.2000000476837158,1.2000000476837158,0.6000000238418579,1.8000000715255737,1.2000000476837158,1.8973666714956023,4
936,10,1,16661,3598.7764290075474,1.0,0.5344689314470856,217.85793169677692,216.11691975271592,58.355620911109774,-14.604571725296012,189.85082106675844,-196.03662911378552,145,134,22,243,273,114,59.40000236034393,84.00000333786011,55.800002217292786,117.03845986947732,6.2353831550198136,inf,-1
936,4,2,13053,2819.4483361044063,0.7834463717664005,0.4187277451640843,146.047958323757,180.73178579636865,129.92093771546772,-57.69055746119113,168.61973984930273,-153.09743732492063,79,112,76,192,252,150,68.4000027179718,84.60000336170197,45.00000178813934,117.73156374376023,5.878775616281173,25.827892926345275,10
936,8,3,1163,251.2080299463284,0.06980373326931157,0.03730792673146633,112.8804815133276,263.6913155631986,89.10576096302665,-77.59104433822304,218.39545968731005,-177.58654434949494,99,251,62,129,272,108,18.600000739097595,13.200000524520874,28.200001120567322,36.26899646449817,3.3941126845653433,4.837354841198334,4
936,12,4,144,31.10400370788589,0.008642938599123701,0.004619382157636416,226.31944444444446,258.71527777777777,43.270833333333336,-9.527663874957284,215.40983689741955,-205.08750202010074,220,251,42,230,269,45,6.600000262260437,11.4000004529953,2.4000000953674316,13.38954869470568,2.0784610516732713,1.8000000715255737,10
936,9,5,53,11.448001364708,0.003181081567733029,0.001700189266352292,106.50943396226415,140.16981132075472,48.283018867924525,-81.41367302075872,144.28255419686155,-202.08019057984623,102,138,47,112,142,50,6.600000262260437,3.0000001192092896,2.4000000953674316,7.636753540272022,1.6970563422826717,20.905502498931213,10
936,11,6,31,6.696000798225435,0.0018606326150891303,0.000994450325602284,150.0,174.70967741935485,142.96774193548387,-55.31933236122131,165.0064746795162,-145.26935448185088,147,174,142,152,176,144,3.6000001430511475,1.8000000715255737,1.8000000715255737,4.40908171221088,1.6970563422826717,1.2000000476837158,4
936,6,7,30,6.480000772476227,0.0018006122081507712,0.0009623712828409201,92.3,142.6,59.233333333333334,-89.93933373689651,145.74066746234894,-195.5100016395251,90,141,58,94,144,61,3.0000001192092896,2.4000000953674316,2.4000000953674316,4.52990084116453,1.6970563422826717,6.788225369130687,9
936,1,8,24,5.184000617980981,0.0014404897665206168,0.000769897026272736,60.666666666666664,98.08333333333333,89.08333333333333,-108.91933449109396,119.03066640098889,-177.60000092784566,58,97,87,63,99,91,3.6000001430511475,1.8000000715255737,3.0000001192092896,5.019960358679748,1.6970563422826717,35.804470417547435,6
936,13,9,6,1.2960001544952453,0.0003601224416301542,0.000192474256568184,261.8333333333333,105.0,79.0,11.78067030509311,123.18066656589508,-183.65000116825104,261,104,78,262,106,80,1.2000000476837158,1.8000000715255737,1.8000000715255737,2.8142495677222836,1.2000000476837158,57.59062652538214,10
936,2,10,4,0.8640001029968303,0.00024008162775343615,0.00012831617104545602,61.75,160.75,88.25,-108.26933446526527,156.63066789507866,-178.10000094771385,61,160,88,62,161,89,1.2000000476837158,1.2000000476837158,1.2000000476837158,2.0784610516732713,1.2000000476837158,25.624988823120677,6
936,3,11,2,0.43200005149841514,0.00012004081387671808,6.415808552272801e-05,67.0,135.0,126.5,-105.11933434009552,141.18066728115082,-155.1500000357628,67,135,126,67,135,127,0.6000000238418579,0.6000000238418579,1.2000000476837158,1.4696939040702932,1.2000000476837158,27.298352683324616,2
936,5,12,1,0.21600002574920757,6.002040693835904e-05,3.2079042761364005e-05,83.0,106.0,121.0,-95.5193339586258,123.78066658973694,-158.450000166893,83,106,121,83,106,121,0.6000000238418579,0.6000000238418579,0.6000000238418579,1.0392305258366357,1.2000000476837158,20.097761867946343,3
936,7,13,1,0.21600002574920757,6.002040693835904e-05,3.2079042761364005e-05,97.0,145.0,51.0,-87.11933362483978,147.1806675195694,-200.45000183582306,97,145,51,97,145,51,0.6000000238418579,0.6000000238418579,0.6000000238418579,1.0392305258366357,1.2000000476837158,3.5496480109101034,9
937,4,1,20833,4499.928536433241,1.0,0.7710500018505495,112.32923726779629,158.79206067297076,149.42183074929198,-51.42862683618452,159.4490683146802,-162.39690103968854,59,106,61,163,261,199,63.00000250339508,93.60000371932983,83.40000331401825,140.30510170505062,4.947726947346189,inf,-1
937,8,2,4880,1054.0801256561329,0.2342437478999664,0.18061364225174875,200.27336065573772,216.32684426229508,149.09467213114755,1.3378492933316437,193.96993984001094,-162.59319621837528,171,186,108,223,242,182,31.80000126361847,34.2000013589859,45.00000178813934,64.8527588792745,3.9799499065754738,30.316333436646282,4
937,1,3,1157,249.91202979183316,0.05553688859021745,0.04282171805026093,68.95764909248055,136.990492653414,103.6914433880726,-77.4515807754332,146.3681269831563,-189.8351345467176,52,117,94,86,160,113,21.000000834465027,26.400001049041748,12.000000476837158,35.804470417547435,3.3941126845653433,0.8485281711413358,4
937,9,4,92,19.872002368927095,0.004416070657130514,0.0034050112883526403,263.6195652173913,52.48913043478261,133.15217391304347,39.34557354061499,95.66730763730796,-172.1586955293365,260,50,131,267,55,135,4.800000190734863,3.6000001430511475,3.0000001192092896,6.708204199059444,2.6832816796237777,84.11135810488523,4
937,5,5,33,7.12800084972385,0.0015840253444055106,0.0012213627447351862,96.0,248.5151515151515,66.27272727272727,-61.22616958618164,213.28292495915383,-212.28636510805651,95,247,64,97,250,69,1.8000000715255737,2.4000000953674316,3.6000001430511475,4.6861499917548555,1.6970563422826717,12.14907452155078,4
937,7,6,7,1.512000180244453,0.00033600537608601737,0.0002590769458529183,97.0,253.85714285714286,76.14285714285714,-60.62616956233978,216.48811989171165,-206.36428695065635,97,253,74,97,254,79,0.6000000238418579,1.2000000476837158,3.6000001430511475,3.8418746951220877,1.2000000476837158,3.498571275927907,5
937,3,7,6,1.2960001544952453,0.0002880046080737292,0.00022206595358821566,58.666666666666664,153.5,132.33333333333334,-83.62617047627768,156.2738317847252,-172.64999989668527,58,152,132,59,155,133,1.2000000476837158,2.4000000953674316,1.2000000476837158,2.9393878081405864,1.2000000476837158,9.35307473252972,4
937,6,8,6,1.2960001544952453,0.0002880046080737292,0.00022206595358821566,97.0,252.16666666666666,71.0,-60.62616956233978,215.47383413712183,-209.4500013589859,97,251,70,97,253,72,0.6000000238418579,1.8000000715255737,1.8000000715255737,2.6153394700486534,1.2000000476837158,0.8485281711413358,5
937,2,9,5,1.080000128746038,0.000240003840061441,0.0001850549613235131,57.2,156.4,130.6,-84.50617051124573,158.01383185386658,-173.68999993801117,57,156,130,58,157,131,1.2000000476837158,1.2000000476837158,1.2000000476837158,2.0784610516732713,1.2000000476837158,0.8485281711413358,3
938,6,1,24878,5373.648640588786,1.0,0.5689521108722501,234.1634375753678,250.60426883189967,109.63855615403168,-16.300759996887905,186.06373914901118,-237.76685148656287,133,159,57,278,320,183,87.60000348091125,97.20000386238098,76.20000302791595,151.42008394581262,6.462198025346074,inf,-1
938,3,2,17003,3672.648437813776,0.6834552616769836,0.3888533138178658,156.14209257189907,215.10468740810444,178.8664353349409,-63.11356885914297,164.76398944835805,-196.23012232749608,90,143,95,216,304,209,76.20000302791595,97.20000386238098,69.00000274181366,141.47537450267296,6.000000238418579,25.042365100745194,6
938,11,3,1046,225.93602693367112,0.042045180480746035,0.02392169418652518,233.78011472275335,194.92160611854683,72.24952198852772,-16.5307537175957,152.65414019342134,-260.2002728772893,213,185,64,252,211,78,24.000000953674316,16.200000643730164,9.000000357627869,30.32227024928258,3.3941126845653433,7.224957034369364,6
938,15,4,265,57.24000682354001,0.010651981670552294,0.0060604674564332444,328.8716981132076,119.98113207547169,106.75094339622642,40.524198583836835,107.68985398085611,-239.49941921009207,325,117,102,333,123,112,5.400000214576721,4.200000166893005,6.600000262260437,9.505788088378981,3.7947333429912047,68.87728491328336,11
938,2,5,186,40.17600478935261,0.00747648524801029,0.004253762063760692,94.62903225806451,121.3225806451613,157.88172043010752,-100.02140651402935,108.4947231546525,-208.82095177071068,88,119,155,103,123,162,9.600000381469727,3.0000001192092896,4.800000190734863,11.144505815446882,2.6832816796237777,30.95093013354885,3
938,12,6,125,27.000003218650946,0.005024519655920894,0.002858711064355304,235.072,111.496,179.712,-15.755622520446764,102.5987745332718,-195.72278350830078,230,110,176,239,113,184,6.000000238418579,2.4000000953674316,5.400000214576721,8.421401643207343,2.4000000953674316,43.84928907983844,3
938,10,7,94,20.304002420425512,0.003778438781252512,0.0021497507203951886,195.31914893617022,202.5212765957447,71.8936170212766,-39.607334106526466,157.21394266093031,-260.4138158661254,192,200,69,200,206,75,5.400000214576721,4.200000166893005,4.200000166893005,8.02745321513811,2.0784610516732713,7.249827872239009,6
938,4,8,58,12.528001493454038,0.0023313771203472946,0.0013264419338608609,126.5,158.01724137931035,130.48275862068965,-80.89882510900497,130.51152047001082,-225.26032950960357,124,156,128,129,160,133,3.6000001430511475,3.0000001192092896,3.6000001430511475,5.909314915892731,2.0784610516732713,12.441865306391922,3
938,5,9,33,7.12800084972385,0.0013264731891631158,0.0007546997209898001,133.5151515151515,153.6969696969697,137.87878787878788,-76.68973403265983,127.91935735760313,-220.82271177840954,131,152,135,136,155,140,3.6000001430511475,2.4000000953674316,3.6000001430511475,5.628499135444567,1.6970563422826717,1.8000000715255737,4
938,14,10,23,4.968000592231774,0.0009245116166894443,0.0005260028358413758,325.5217391304348,146.6086956521739,107.78260869565217,38.514223114303945,123.66639276172803,-238.88042000583982,323,145,106,329,149,109,4.200000166893005,3.0000001192092896,2.4000000953674316,5.692100014486806,1.6970563422826717,13.200000524520874,15
938,7,11,4,0.8640001029968303,0.0001607846289894686,9.147875405936972e-05,141.5,150.75,144.75,-71.8988247513771,126.15117546916008,-216.69998434185982,141,150,144,142,151,145,1.2000000476837158,1.2000000476837158,1.2000000476837158,2.0784610516732713,1.2000000476837158,1.3416408398118889,3
938,13,12,4,0.8640001029968303,0.0001607846289894686,9.147875405936972e-05,263.5,49.0,115.5,1.3011781573295593,65.10117304325104,-234.24998503923416,263,49,115,264,49,116,1.2000000476837158,0.6000000238418579,1.2000000476837158,1.8000000715255737,1.2000000476837158,54.603298773516656,12
938,1,13,3,0.6480000772476227,0.00012058847174210144,6.860906554452729e-05,81.0,120.33333333333333,143.33333333333334,-108.19882619380951,107.90117474397023,-217.54998437563577,81,120,143,81,121,144,0.6000000238418579,1.2000000476837158,1.2000000476837158,1.8000000715255737,1.2000000476837158,7.914543889459457,2
938,9,14,3,0.6480000772476227,0.00012058847174210144,6.860906554452729e-05,148.66666666666666,207.66666666666666,65.0,-67.59882458051047,160.30117682615915,-264.549986243248,148,207,65,149,208,65,1.2000000476837158,1.2000000476837158,0.6000000238418579,1.8000000715255737,1.2000000476837158,21.62498640842784,6
938,8,15,1,0.21600002574920757,4.019615724736715e-05,2.286968851484243e-05,143.0,151.0,146.0,-70.99882471561432,126.30117547512054,-215.9499843120575,143,151,146,143,151,146,0.6000000238418579,0.6000000238418579,0.6000000238418579,1.0392305258366357,1.2000000476837158,0.8485281711413358,3
939,1,1,17739,3831.624456765193,1.0,0.5332471592617086,126.81019223180563,172.15694233045832,135.9643159140876,-49.72638163752603,169.98166950281635,134.52859355303391,54,103,38,185,251,185,79.20000314712524,89.40000355243683,88.80000352859497,148.8302447769231,4.800000190734863,inf,-1
939,11,2,10711,2313.5762757997622,0.6038108123344045,0.3219804004088258,222.9035570908412,224.61077397068433,85.73550555503688,7.929639568939649,201.45396973754876,104.39130614005532,180,143,47,252,277,170,43.80000174045563,81.00000321865082,74.40000295639038,118.38412526093292,4.947726947346189,28.104093345469174,1
939,2,3,1849,399.38404761028477,0.10423360956085462,0.05558227619791979,107.70470524607896,194.81341265548946,167.21254732287724,-61.189674284472346,183.5755522380074,153.27753314332358,82,180,148,141,201,181,36.000001430511475,13.200000524520874,20.40000081062317,43.432708295909954,3.6000001430511475,3.0594118297257697,1
939,10,4,1566,338.25604032325907,0.08828006088280062,0.04707509168520411,180.26819923371647,169.38888888888889,41.40357598978289,-17.65157616184132,168.32083737187915,77.79214734394736,148,164,37,209,177,48,37.20000147819519,8.40000033378601,7.200000286102295,38.810309451294025,3.6000001430511475,2.0784610516732713,11
939,5,5,907,195.91202335453127,0.05113027791871019,0.027265075452413873,119.37596471885337,104.41234840132304,96.84674751929438,-54.18691832254319,129.3349115301782,111.05805158352248,111,99,78,128,113,115,10.800000429153442,9.000000357627869,22.8000009059906,26.785818207032403,3.7947333429912047,11.803389812768154,1
939,3,6,168,36.28800432586687,0.009470657872484358,0.0050502014068418205,106.10714285714286,169.86309523809524,169.60714285714286,-62.14821175592286,168.60536119270893,154.71429052097457,101,166,165,113,173,175,7.800000309944153,4.800000190734863,6.600000262260437,11.288933081917946,2.6832816796237777,13.200000524520874,2
939,4,7,139,30.02400357913985,0.007835841930210271,0.0041784404497084105,112.55395683453237,217.66187050359713,163.0863309352518,-58.280123215785125,197.28462749162168,150.80180321237165,108,214,159,120,221,167,7.800000309944153,4.800000190734863,5.400000214576721,10.632027510480409,2.6832816796237777,6.406247205780169,1
939,9,8,136,29.376003501892228,0.0076667230396301935,0.004088258281729092,152.5735294117647,180.33823529411765,182.7941176470588,-34.26837871530478,174.89044547606917,162.62647570932612,144,178,181,159,182,185,9.600000381469727,3.0000001192092896,3.0000001192092896,10.495713827783721,2.4000000953674316,2.4738634736730947,1
939,12,9,17,3.6720004377365285,0.0009583403799537742,0.0005110322852161365,189.0,154.88235294117646,50.11764705882353,-12.412495493888855,159.61691545738893,83.0205901931314,187,154,49,191,156,51,3.0000001192092896,1.8000000715255737,1.8000000715255737,3.934463270922718,1.6970563422826717,2.7495455262306225,11
939,6,10,14,3.024000360488906,0.0007892214893736964,0.0004208501172368183,123.57142857142857,212.14285714285714,166.71428571428572,-51.66963991097042,193.97321934359414,152.9785761662892,122,211,166,126,213,167,3.0000001192092896,1.8000000715255737,1.2000000476837158,3.6986485487524687,1.2000000476837158,1.3416408398118889,4
939,13,11,8,1.7280002059936606,0.0004509837082135408,0.0002404857812781819,271.5,150.25,93.5,37.08750647306442,156.83750358223915,109.05000299215317,271,149,93,272,151,94,1.2000000476837158,1.8000000715255737,1.2000000476837158,2.4738634736730947,1.2000000476837158,41.22572176528746,11
939,8,12,7,1.512000180244453,0.0003946107446868482,0.00021042505861840915,141.42857142857142,179.42857142857142,181.42857142857142,-40.95535377093725,174.34464713505335,161.80714794567652,141,179,181,142,180,182,1.2000000476837158,1.2000000476837158,1.2000000476837158,2.0784610516732713,1.2000000476837158,1.2000000476837158,9
939,7,13,5,1.080000128746038,0.000281864817633463,0.0001503036132988637,132.0,205.4,170.2,-46.612496852874756,189.92750489711761,155.07000482082367,131,205,170,133,206,171,1.8000000715255737,1.2000000476837158,1.2000000476837158,2.4738634736730947,1.2000000476837158,1.0392305258366357,1
940,2,1,12043,2601.288310097707,1.0,0.4896921888342213,110.03919289213651,96.31902349912812,116.16059121481358,-44.31730195367929,135.95059608340134,-187.3536302945963,70,44,44,164,185,156,57.0000022649765,85.20000338554382,67.80000269412994,122.90191699248646,4.32666170248287,inf,-1
940,10,2,10790,2330.6402778339498,0.8959561571037117,0.438742731671614,184.74346617238183,143.58007414272475,68.83531047265987,0.5052637955565729,164.30722759635057,-215.74879986821114,106,79,19,224,179,157,71.40000283718109,60.60000240802765,83.40000331401825,125.40287576359914,4.32666170248287,26.324894208233637,2
940,3,3,541,116.8560139303213,0.0449223615378228,0.021998129549058682,85.15526802218115,134.2735674676525,138.1256931608133,-59.247657468931514,158.72332336942281,-174.1745686033076,77,126,127,93,141,148,10.200000405311584,9.600000381469727,13.200000524520874,19.246818683614357,3.3941126845653433,3.0000001192092896,2
940,1,4,496,107.13601277160696,0.0411857510587063,0.020168340584719235,47.149193548387096,116.46370967741936,89.14717741935483,-82.05130305934337,148.03740827066284,-203.56167921592152,42,104,75,54,130,103,7.800000309944153,16.200000643730164,17.40000069141388,25.02079234862857,2.6832816796237777,27.066585640265345,2
940,7,5,251,54.2160064630511,0.020841982894627582,0.01020615622331558,103.16334661354581,122.90836653386454,28.44223107569721,-48.44280988476666,151.90420253818252,-239.9846484694348,96,115,26,114,129,31,11.4000004529953,9.000000357627869,3.6000001430511475,14.963957290622126,2.6832816796237777,2.2449945212724285,10
940,14,6,163,35.208004197120836,0.013534833513244209,0.006627902248607329,205.53374233128835,186.78527607361963,80.87116564417178,12.97942998657929,190.2303497849798,-208.52728647834684,199,184,78,212,189,85,8.40000033378601,3.6000001430511475,4.800000190734863,10.322790730641985,2.4000000953674316,4.200000166893005,10
940,6,7,73,15.768001879692152,0.006061612555011209,0.0029683243199284354,100.20547945205479,116.6027397260274,146.26027397260273,-50.21753025218232,148.1208263031424,-169.29381992229042,94,115,144,106,118,149,7.800000309944153,2.4000000953674316,3.6000001430511475,8.919641602825802,1.6970563422826717,3.0594118297257697,2
940,13,8,72,15.552001853942945,0.005978576766586399,0.0029276623429431146,172.47222222222223,179.23611111111111,144.375,-6.857482867108445,185.70085062748856,-170.42498435080051,168,177,140,178,182,149,6.600000262260437,3.6000001430511475,6.000000238418579,9.618732107342897,1.6970563422826717,1.6970563422826717,10
940,15,9,62,13.39200159645087,0.005148218882338288,0.0025210425730899043,216.5483870967742,181.51612903225808,83.6774193548387,19.588217108480393,187.0688614345366,-206.84353418504037,213,180,80,219,184,87,4.200000166893005,3.0000001192092896,4.800000190734863,7.048404354760852,2.0784610516732713,0.8485281711413358,14
940,12,10,44,9.504001132965133,0.0036535746906916876,0.0017891269873541256,135.52272727272728,61.06818181818182,56.61363636363637,-29.027180717750028,114.80009023438801,-223.08180462501267,131,60,54,139,62,59,5.400000214576721,1.8000000715255737,3.6000001430511475,6.734983563817286,1.6970563422826717,9.099450894441539,2
940,4,11,29,6.264000746727019,0.0024080378643195214,0.00117919733257431,79.79310344827586,119.89655172413794,135.55172413793105,-62.46495634111865,150.09711358053931,-175.71895007840516,78,118,134,81,122,137,2.4000000953674316,3.0000001192092896,2.4000000953674316,4.52990084116453,1.6970563422826717,6.627216873654285,3
940,5,12,10,2.160000257492076,0.0008303578842481109,0.00040661976985321036,87.8,112.5,144.6,-57.660818219184875,145.65918236970901,-170.2899843454361,87,112,144,89,113,145,1.8000000715255737,1.2000000476837158,1.2000000476837158,2.4738634736730947,1.2000000476837158,3.498571275927907,6
940,8,13,10,2.160000257492076,0.0008303578842481109,0.00040661976985321036,104.3,130.5,23.2,-47.76081782579422,156.45918279886246,-243.12998723983765,103,129,22,105,132,24,1.8000000715255737,2.4000000953674316,1.8000000715255737,3.498571275927907,1.2000000476837158,1.8973666714956023,10
940,11,14,8,1.7280002059936606,0.0006642863073984887,0.0003252958158825683,121.375,60.5,52.125,-37.515817418694496,114.4591811299324,-225.7749865502119,120,60,51,122,61,53,1.8000000715255737,1.2000000476837158,1.8000000715255737,2.8142495677222836,1.2000000476837158,2.4738634736730947,2
940,9,15,1,0.21600002574920757,8.303578842481108e-05,4.0661976985321036e-05,103.0,133.0,22.0,-48.540817856788635,157.9591828584671,-243.84998726844788,103,133,22,103,133,22,0.6000000238418579,0.6000000238418579,0.6000000238418579,1.0392305258366357,1.2000000476837158,0.8485281711413358,8
941,3,1,11754,2538.864302656186,1.0,0.5505902192242833,174.7137995575974,134.6272758209971,96.2556576484601,-10.512536412439971,159.93554838986265,-1.7966023530707744,84,85,44,220,176,186,82.20000326633453,55.20000219345093,85.80000340938568,131.01725597871825,3.9799499065754738,inf,-1
941,1,2,8620,1861.9202219581693,0.7333673643015144,0.4037848978827056,109.97958236658933,151.7701856148492,160.6838747099768,-49.353068270428835,170.2212946748927,36.86032941992765,68,109,86,152,212,192,51.00000202655792,62.40000247955322,64.2000025510788,103.03592016241561,4.800000190734863,23.917358663984107,3
941,6,3,471,101.73601212787676,0.040071465033180195,0.022062956717256884,217.2632696390658,181.82165605095543,125.71337579617834,15.017146650899491,188.25217765303933,15.878029237886906,209,174,117,222,190,133,8.40000033378601,10.200000405311584,10.200000405311584,16.69251395519315,2.9393878081405864,2.2449945212724285,3
941,5,4,249,53.78400641155268,0.021184277692700357,0.011663856098931983,110.12048192771084,100.31726907630522,163.90763052208834,-49.26852853039661,139.3495435250332,38.7945829840549,108,92,159,112,108,169,3.0000001192092896,10.200000405311584,6.600000262260437,12.513992666029898,2.9393878081405864,2.5455845134240076,1
941,4,5,236,50.976006076812986,0.0200782712268164,0.011054899756417462,93.91949152542372,204.60169491525423,118.22457627118644,-58.989123158030594,201.92020151473707,11.384749344344868,88,199,107,100,208,127,7.800000309944153,6.000000238418579,12.600000500679016,15.98749574865505,2.4000000953674316,1.2000000476837158,1
941,2,6,18,3.8880004634857364,0.0015313935681470138,0.0008431703204047217,76.55555555555556,124.77777777777777,59.611111111111114,-69.40748515393999,154.0258493291007,-23.783331149154236,76,123,58,77,126,61,1.2000000476837158,2.4000000953674316,2.4000000953674316,3.6000001430511475,1.2000000476837158,6.406247205780169,3
942,9,1,12215,2638.4403145265705,1.0,0.5249699157641396,185.14236594351206,147.6379042161277,94.00401146131806,-6.237818207254776,154.25950386213856,-230.14757867494762,116,78,58,220,187,169,63.00000250339508,66.00000262260437,67.20000267028809,113.31743475960924,4.947726947346189,inf,-1
942,1,2,9126,1971.2162349872683,0.7471142038477282,0.3922124806601341,116.6787201402586,137.3539338154723,166.65724304185844,-47.31600732150737,148.08912137655636,-186.5556379944354,65,78,99,172,193,189,64.80000257492065,69.60000276565552,54.60000216960907,109.65564716698495,4.32666170248287,29.41836278209569,9
942,10,3,939,202.8240241785059,0.07687269750306999,0.04035585353274884,188.66986155484557,201.7689030883919,82.28966986155484,-4.121320756352631,186.73810447608065,-237.17618391409724,166,191,74,209,208,90,26.400001049041748,10.800000429153442,10.200000405311584,30.292574550993127,3.3941126845653433,7.3972970975049375,9
942,4,4,392,84.67201009368937,0.032091690544412604,0.01684717208182912,96.56377551020408,80.39285714285714,101.87244897959184,-59.38497457911774,113.91247401492936,-225.4265159763852,88,76,97,106,86,108,11.4000004529953,6.600000262260437,7.200000286102295,15.011995800359257,2.9393878081405864,21.289434845018306,9
942,3,5,307,66.31200790500672,0.025133033155955792,0.01319408629877944,92.39087947882736,163.93811074918565,162.03908794788273,-61.888712297433365,164.03962817060054,-189.3265311609262,85,158,154,100,169,168,9.600000381469727,7.200000286102295,9.000000357627869,15.000000596046448,2.6832816796237777,1.2000000476837158,1
942,2,6,151,32.616003888130344,0.012361850184199755,0.006489599449888259,82.18543046357615,145.17218543046357,161.39072847682118,-68.01198194990096,152.78007253195275,-189.71554685902123,74,143,153,90,147,168,10.200000405311584,3.0000001192092896,9.600000381469727,14.324804232792543,1.6970563422826717,4.40908171221088,1
942,8,7,133,28.728003424644605,0.010888252148997133,0.005716004813477738,121.51127819548873,92.82706766917293,79.93984962406014,-44.41647237315213,121.37300062717352,-238.58607611261812,114,90,78,128,96,82,9.000000357627869,4.200000166893005,3.0000001192092896,10.374970291738613,2.6832816796237777,0.8485281711413358,9
942,6,8,2,0.43200005149841514,0.0001637331150225133,8.595495960116899e-05,113.5,107.0,181.0,-49.22323948144913,129.8767603635788,-177.94998347759247,113,107,181,114,107,181,1.2000000476837158,0.6000000238418579,0.6000000238418579,1.4696939040702932,1.2000000476837158,10.547037917849783,1
942,5,9,1,0.21600002574920757,8.186655751125665e-05,4.2977479800584495e-05,112.0,96.0,79.0,-50.123239517211914,123.27676010131836,-239.14998590946198,112,96,79,112,96,79,0.6000000238418579,0.6000000238418579,0.6000000238418579,1.0392305258366357,1.2000000476837158,1.2000000476837158,8
942,7,10,1,0.21600002574920757,8.186655751125665e-05,4.2977479800584495e-05,113.0,108.0,182.0,-49.523239493370056,130.47676038742065,-177.3499834537506,113,108,182,113,108,182,0.6000000238418579,0.6000000238418579,0.6000000238418579,1.0392305258366357,1.2000000476837158,0.8485281711413358,6
942,11,11,1,0.21600002574920757,8.186655751125665e-05,4.2977479800584495e-05,219.0,186.0,105.0,14.076763033866882,177.27676224708557,-223.54998528957367,219,186,105,219,186,105,0.6000000238418579,0.6000000238418579,0.6000000238418579,1.0392305258366357,1.2000000476837158,0.8485281711413358,9
943,1,1,12516,2703.456322277082,1.0,0.48934589670407014,103.58517098114413,183.05696708213486,116.46484499840204,-37.18971525415059,185.4933643011991,-215.67107801718925,68,114,11,145,260,163,46.80000185966492,88.20000350475311,91.80000364780426,135.63451427287958,4.800000190734863,inf,-1
943,11,2,8972,1937.9522310218904,0.7168424416746564,0.35078390741681986,189.88096299598752,183.66127953633526,77.39924208649131,14.587762012207449,185.8559517881273,-239.11044069573222,131,148,22,224,214,154,56.400002241134644,40.20000159740448,79.8000031709671,105.66475707310208,4.489989042544857,25.235690016551896,1
943,16,3,1330,287.28003424644606,0.10626398210290827,0.05199984360949291,199.8984962406015,237.56616541353384,64.84887218045112,20.598282197812452,218.19888459963906,-246.64066293858048,185,222,33,217,244,92,19.80000078678131,13.800000548362732,36.000001430511475,43.34143686229358,3.3941126845653433,7.589466685982409,11
943,10,4,889,192.02402289104552,0.07102908277404921,0.034757790202134736,118.61642294713161,118.13273340832396,109.0,-28.170963716185128,146.5388225489982,-220.14998519420624,106,112,95,130,132,132,15.000000596046448,12.600000500679016,22.8000009059906,30.05994131417554,3.6000001430511475,3.4467377248838638,1
943,15,5,464,100.2240119476323,0.03707254713966123,0.018141298823161435,162.1293103448276,144.4375,56.44181034482759,-2.063230240139461,162.32168313115835,-251.68490024039457,159,141,45,165,148,67,4.200000166893005,4.800000190734863,13.800000548362732,15.202631955282206,3.6000001430511475,1.2000000476837158,11
943,3,6,390,84.24001004219095,0.031160115052732498,0.015248074441881379,86.92564102564103,244.44871794871796,11.194871794871794,-47.1854336246466,222.32841628484238,-278.83306444913916,78,231,2,96,253,23,11.4000004529953,13.800000548362732,13.200000524520874,22.240504475178977,2.6832816796237777,2.2449945212724285,1
943,7,7,313,67.60800805950197,0.025007989773090444,0.01223755718027916,91.23961661341853,184.06709265175718,142.2300319488818,-44.59704816912691,186.09943966705578,-200.21196523261148,88,173,137,96,194,147,5.400000214576721,13.200000524520874,6.600000262260437,15.714961648907,2.6832816796237777,3.888444573557615,1
943,4,8,229,49.46400589656853,0.01829658037711729,0.008953356531258554,84.79039301310044,129.5764192139738,99.1528384279476,-48.466582483079236,153.40503430522685,-226.05828237221232,79,126,89,91,135,107,7.800000309944153,6.000000238418579,11.4000004529953,15.059881076039243,2.6832816796237777,2.6153394700486534,1
943,2,9,162,34.992004171371626,0.012943432406519654,0.006333815537396881,75.67901234567901,144.24074074074073,109.62962962962963,-53.93341110076433,162.2036275709117,-219.77220740141692,71,138,103,80,150,113,6.000000238418579,7.800000309944153,6.600000262260437,11.849051065717868,2.4000000953674316,7.613146826788975,4
943,9,10,145,31.320003733635097,0.011585170981144135,0.005669155882237949,105.0,203.39310344827587,7.772413793103448,-36.34081780910492,197.695046605735,-280.8865393317979,99,198,5,113,208,11,9.000000357627869,6.600000262260437,4.200000166893005,11.924764622458628,2.4000000953674316,18.049931465029395,11
943,13,11,70,15.12000180244453,0.005592841163310962,0.0027368338741838374,145.57142857142858,152.9142857142857,36.542857142857144,-11.99795969894953,167.4077547618321,-263.62427263600483,142,150,34,149,156,39,4.800000190734863,4.200000166893005,3.6000001430511475,7.323933660467186,1.6970563422826717,2.5455845134240076,11
943,12,12,43,9.288001107215926,0.0034356024288910198,0.0016811979512843574,142.53488372093022,120.34883720930233,73.88372093023256,-13.819886681645414,147.86848488242128,-241.21975347330402,139,119,70,146,121,78,4.800000190734863,1.8000000715255737,5.400000214576721,7.445804483464189,1.6970563422826717,16.05490643027622,10
943,8,13,38,8.208000978469888,0.0030361137743688082,0.0014857098174140832,93.39473684210526,121.28947368421052,86.63157894736842,-43.3039759805328,148.4328667897927,-233.5710383590899,92,120,83,95,123,90,2.4000000953674316,2.4000000953674316,4.800000190734863,5.878775616281173,1.2000000476837158,4.024922519435666,1
943,17,14,7,1.512000180244453,0.0005592841163310962,0.0002736833874183837,187.42857142857142,180.42857142857142,141.57142857142858,13.116327013288213,183.9163268463952,-200.6071272747857,187,180,141,188,181,142,1.2000000476837158,1.2000000476837158,1.2000000476837158,2.0784610516732713,1.2000000476837158,10.322790730641985,11
943,6,15,5,1.080000128746038,0.0003994886545222116,0.00019548813387027411,86.6,196.0,135.4,-47.380818247795105,193.25918436050415,-204.3099845647812,86,195,135,87,197,136,1.2000000476837158,1.8000000715255737,1.2000000476837158,2.4738634736730947,1.2000000476837158,1.8000000715255737,7
943,14,16,3,0.6480000772476227,0.0002396931927133269,0.00011729288032216445,153.66666666666666,166.33333333333334,28.0,-7.140816648801177,175.4591836531957,-268.74998712539673,153,166,28,154,167,28,1.2000000476837158,1.2000000476837158,0.6000000238418579,1.8000000715255737,1.2000000476837158,1.3416408398118889,11
943,5,17,1,0.21600002574920757,7.989773090444231e-05,3.909762677405482e-05,85.0,199.0,132.0,-48.34081828594208,195.05918443202972,-206.3499846458435,85,199,132,85,199,132,0.6000000238418579,0.6000000238418579,0.6000000238418579,1.0392305258366357,1.2000000476837158,2.2449945212724285,6
944,6,1,25013,5402.808644064929,1.0,0.5910444234404536,132.26862031743494,156.83228721065046,123.55870947107505,-61.45132465600939,149.78687606556338,156.08522557675641,80,83,25,200,241,174,72.60000288486481,95.40000379085541,90.00000357627869,149.90637673530696,5.499091052461245,inf,-1
944,15,2,15287,3301.992393628136,0.6111621956582578,0.36122400756143663,230.13213841826388,204.78825145548504,89.49466867272847,-2.733211462263938,178.5604557558234,135.64680028559843,179,115,43,270,259,154,55.20000219345093,87.0000034570694,67.20000267028809,123.01171164801261,5.230678940097307,31.50428667464801,6
944,17,3,426,92.01601096916242,0.017031143805221284,0.010066162570888468,303.6525821596244,70.65258215962442,148.518779342723,41.37905653541634,98.07905098026347,171.06126809483965,300,59,143,308,78,157,5.400000214576721,12.000000476837158,9.000000357627869,15.942396940197618,2.4000000953674316,77.26034218398354,6
944,5,4,420,90.72001081466718,0.016791268540359013,0.00992438563327032,74.27380952380952,164.13809523809525,105.4,-96.24821251488868,154.1703610562143,145.189999461174,69,157,95,81,170,118,7.800000309944153,8.40000033378601,14.40000057220459,18.405434711579797,2.9393878081405864,1.3416408398118889,6
944,4,5,195,42.12000502109547,0.0077959461080238275,0.004607750472589792,61.78974358974359,93.13333333333334,107.62564102564103,-103.73865237297156,111.56750222047171,146.52538412962204,58,89,104,67,96,112,6.000000238418579,4.800000190734863,5.400000214576721,9.391485878683222,2.6832816796237777,18.97366671495602,6
944,10,6,158,34.12800406837479,0.006316715308039819,0.0037334593572778824,103.26582278481013,140.5379746835443,143.66455696202533,-78.85300386706484,140.010288160813,168.14873455068732,99,138,139,108,143,147,6.000000238418579,3.6000001430511475,5.400000214576721,8.83855226880624,2.6832816796237777,1.4696939040702932,6
944,14,7,145,31.320003733635097,0.005796985567504897,0.003426275992438563,137.93793103448274,80.91724137931034,101.17241379310344,-58.0497380906138,104.23784675680358,142.65344763624256,136,80,92,140,82,110,3.0000001192092896,1.8000000715255737,11.4000004529953,11.924764622458628,2.4000000953674316,1.6970563422826717,6
944,11,8,133,28.728003424644605,0.005317235037780354,0.003142722117202268,107.15789473684211,236.8045112781955,41.88721804511278,-76.51776060305143,197.7702124127768,107.08232877397896,103,233,38,111,239,46,5.400000214576721,4.200000166893005,5.400000214576721,8.715503774123361,2.6832816796237777,2.5455845134240076,6
944,2,9,94,20.304002420425512,0.003758045816175589,0.00222117202268431,59.787234042553195,169.80851063829786,144.30851063829786,-104.94015814902934,157.57261043152909,168.5351067718039,55,167,142,65,172,146,6.600000262260437,3.6000001430511475,3.0000001192092896,8.094442859583474,2.4000000953674316,18.297541545451235,6
944,19,10,82,17.71200211143502,0.0032782952864510453,0.0019376181474480148,313.609756097561,168.6341463414634,0.5365853658536586,47.353361135575824,156.86799182542939,82.27194818054757,312,163,0,316,174,2,3.0000001192092896,7.200000286102295,1.8000000715255737,8.00499875656586,1.6970563422826717,49.98039814293586,15
944,7,11,72,15.552001853942945,0.00287850317834726,0.0017013232514177694,84.45833333333333,153.93055555555554,123.23611111111111,-90.13749798635642,148.04583700332375,155.8916665530867,82,152,119,87,156,126,3.6000001430511475,3.0000001192092896,4.800000190734863,6.708204199059444,2.0784610516732713,1.4696939040702932,5
944,12,12,72,15.552001853942945,0.00287850317834726,0.0017013232514177694,128.08333333333334,118.72222222222223,46.125,-63.96249694625536,126.92083616389169,109.62499804794788,127,114,44,129,123,48,1.8000000715255737,6.000000238418579,3.0000001192092896,6.945502417663594,2.4000000953674316,4.6861499917548555,6
944,16,13,57,12.312001467704832,0.0022788150161915806,0.0013468809073724007,251.12280701754386,232.10526315789474,65.40350877192982,9.861190197760607,194.95066342855756,121.19210377074124,249,230,63,253,235,68,3.0000001192092896,3.6000001430511475,3.6000001430511475,5.909314915892731,2.0784610516732713,8.072174749003619,15
944,8,14,56,12.096001441955623,0.002238835805381202,0.001323251417769376,94.21428571428571,146.32142857142858,135.28571428571428,-84.28392632518496,143.48036063143186,163.12142874513353,92,144,132,97,149,138,3.6000001430511475,3.6000001430511475,4.200000166893005,6.600000262260437,2.0784610516732713,1.4696939040702932,10
944,3,15,39,8.424001004219095,0.0015591892216047657,0.0009215500945179584,59.05128205128205,139.17948717948718,152.82051282051282,-105.3817293613385,139.19519562598987,173.64230828407483,57,137,152,61,141,154,3.0000001192092896,3.0000001192092896,1.8000000715255737,4.60868763185395,2.0784610516732713,16.110866538705356,2
944,9,16,35,7.560000901222265,0.0013992723783632513,0.0008270321361058601,100.2,138.25714285714287,131.94285714285715,-80.69249761104584,138.64178901059287,161.11571437971935,99,137,129,102,139,134,2.4000000953674316,1.8000000715255737,3.6000001430511475,4.6861499917548555,1.6970563422826717,3.888444573557615,10
944,1,17,17,3.6720004377365285,0.0006796465837764363,0.00040170132325141773,53.23529411764706,134.52941176470588,150.88235294117646,-108.87132226018345,136.40515026625465,172.47941231026368,52,134,150,55,135,152,2.4000000953674316,1.2000000476837158,1.8000000715255737,3.231099012673037,1.2000000476837158,2.2449945212724285,3
944,20,18,17,3.6720004377365285,0.0006796465837764363,0.00040170132325141773,318.7647058823529,63.588235294117645,127.0,50.446331129354576,93.84044269253226,158.14999997615814,318,62,125,319,65,129,1.2000000476837158,2.4000000953674316,3.0000001192092896,4.024922519435666,1.2000000476837158,11.462984360223736,17
944,18,19,1,0.21600002574920757,3.9979210810378605e-05,2.3629489603024573e-05,305.0,71.0,156.0,42.18750727176666,98.28750169277191,175.55000066757202,305,71,156,305,71,156,0.6000000238418579,0.6000000238418579,0.6000000238418579,1.0392305258366357,1.2000000476837158,1.3416408398118889,17
944,13,20,1,0.21600002574920757,3.9979210810378605e-05,2.3629489603024573e-05,130.0,128.0,43.0,-62.81249690055847,132.4875030517578,107.74999797344208,130,128,43,130,128,43,0.6000000238418579,0.6000000238418579,0.6000000238418579,1.0392305258366357,1.2000000476837158,3.1176915775099068,12
945,2,1,18200,3931.2004686355776,1.0,0.5436730792209343,152.6623076923077,197.6793956043956,146.18802197802196,-66.69265080736233,173.81760301318144,-185.83717112076152,94,140,70,201,299,187,64.80000257492065,96.00000381469727,70.80000281333923,135.74859654707467,5.499091052461245,inf,-1
945,7,2,12398,2677.9683192386756,0.6812087912087913,0.3703548811088541,242.52847233424745,233.07662526213906,105.62945636392966,-12.77294987962216,195.05594165176322,-210.17231145620846,179,177,51,271,291,167,55.800002217292786,69.00000274181366,70.20000278949738,113.14893290467045,5.499091052461245,21.0428143362665,2
945,8,3,1985,428.76005111217705,0.10906593406593408,0.059296212211733784,223.48211586901763,260.5405541561713,176.1521410579345,-24.200764212860577,211.53429964297365,-167.85869895841373,202,235,158,238,283,187,22.200000882148743,29.400001168251038,18.000000715255737,41.002440581138266,3.3941126845653433,1.8000000715255737,7
945,3,4,634,136.9440163249976,0.034835164835164835,0.01893894133110288,125.44479495268139,296.1545741324921,57.78864353312303,-83.02315910005419,232.90271247787052,-238.8768002953063,122,286,46,129,303,74,4.800000190734863,10.800000429153442,17.40000069141388,21.03425860737603,3.3941126845653433,8.421401643207343,2
945,5,5,95,20.52000244617472,0.0052197802197802195,0.0028378539849444376,132.47368421052633,181.86315789473684,65.30526315789474,-78.80582537776544,164.32786001029768,-234.3668283412331,130,178,64,135,186,68,3.6000001430511475,5.400000214576721,3.0000001192092896,7.149825456796317,2.6832816796237777,3.0594118297257697,2
945,6,6,60,12.960001544952455,0.003296703296703297,0.0017923288325964871,151.78333333333333,230.95,176.61666666666667,-67.22003544370334,193.77996644377708,-167.57998358209926,151,226,175,153,236,178,1.8000000715255737,6.600000262260437,2.4000000953674316,7.249827872239009,1.6970563422826717,1.8000000715255737,2
945,1,7,55,11.880001416206417,0.003021978021978022,0.0016429680965467798,93.4,106.41818181818182,105.10909090909091,-102.25003683567047,119.06087256561626,-210.4845307415182,91,105,102,96,108,108,3.6000001430511475,2.4000000953674316,4.200000166893005,6.029925612280241,2.0784610516732713,36.2044210583438,2
945,4,8,49,10.58400126171117,0.002692307692307692,0.001463735213287131,125.08163265306122,196.20408163265307,63.224489795918366,-83.24105648848476,172.9324145949617,-235.61529240802844,123,193,62,128,199,65,3.6000001430511475,4.200000166893005,2.4000000953674316,6.029925612280241,2.0784610516732713,4.60868763185395,5
946,3,1,13238,2859.40834086801,1.0,0.5616461603733559,188.5357304728811,172.96162562320592,96.87566097597825,-12.70277597122923,184.45276074765005,-203.42458889768605,102,107,34,231,206,170,78.00000309944153,60.00000238418579,82.20000326633453,128.22184410856286,5.230678940097307,inf,-1
946,1,2,10185,2199.960262255679,0.7693760386765371,0.43211709800593967,111.52920962199313,145.75493372606775,161.16416298478154,-58.906690317740555,168.12874496070907,-164.85148615964675,60,88,112,157,219,186,58.800002336502075,79.20000314712524,45.00000178813934,108.4208510122008,4.489989042544857,27.691154922461973,3
946,5,3,78,16.84800200843819,0.005892128720350506,0.0033092914722104363,276.0,165.89743589743588,156.01282051282053,39.77578783035278,180.21424674376462,-167.94229176564093,274,164,154,278,169,159,3.0000001192092896,3.6000001430511475,3.6000001430511475,5.909314915892731,2.4000000953674316,37.209677639492455,3
946,4,4,36,7.776000926971473,0.0027194440247771566,0.0015273652948663554,170.27777777777777,110.61111111111111,89.30555555555556,-23.657548023594757,147.04245055384106,-207.96665233042506,169,109,86,172,112,93,2.4000000953674316,2.4000000953674316,4.800000190734863,5.878775616281173,1.6970563422826717,1.8973666714956023,3
946,9,5,17,3.6720004377365285,0.0012841819005892127,0.00072125583368689,288.5882352941176,180.58823529411765,152.41176470588235,47.328729306950265,189.02872673202964,-170.1029253356597,287,179,152,290,183,153,2.4000000953674316,3.0000001192092896,1.2000000476837158,4.024922519435666,1.2000000476837158,8.50646846527137,5
946,6,6,13,2.8080003347396985,0.000982021453391751,0.0005515485787017394,282.0769230769231,169.3846153846154,161.3846153846154,43.42194182139178,182.30655451921317,-164.71921471449045,281,168,160,284,171,162,2.4000000953674316,2.4000000953674316,1.8000000715255737,3.8418746951220877,1.2000000476837158,2.8142495677222836,5
946,2,7,1,0.21600002574920757,7.554011179936546e-05,4.242681374628765e-05,62.0,88.0,141.0,-88.62421727180481,133.4757833480835,-176.94998443126678,62,88,141,62,88,141,0.6000000238418579,0.6000000238418579,0.6000000238418579,1.0392305258366357,1.2000000476837158,35.76422935912568,1
946,7,8,1,0.21600002574920757,7.554011179936546e-05,4.242681374628765e-05,284.0,172.0,163.0,44.57578802108765,183.87578535079956,-163.7499839067459,284,172,163,284,172,163,0.6000000238418579,0.6000000238418579,0.6000000238418579,1.0392305258366357,1.2000000476837158,0.8485281711413358,6
946,8,9,1,0.21600002574920757,7.554011179936546e-05,4.242681374628765e-05,285.0,173.0,163.0,45.175788044929504,184.47578537464142,-163.7499839067459,285,173,163,285,173,163,0.6000000238418579,0.6000000238418579,0.6000000238418579,1.0392305258366357,1.2000000476837158,0.8485281711413358,7
947,9,1,29908,6460.1287701073,1.0,0.6091862715144107,226.09134679684365,175.34709776648387,75.39116624314565,-0.6606162189560507,191.89283315299093,134.18469849159504,150,68,26,264,239,156,69.00000274181366,103.20000410079956,78.60000312328339,146.93264346548554,6.462198025346074,inf,-1
947,2,2,16856,3640.896434028643,0.5635950247425439,0.34333435176698235,143.70064072140485,134.69725913621264,160.4014594209777,-50.095041828566835,167.5029290056605,185.1908764250976,58,46,110,206,194,184,89.40000355243683,89.40000355243683,45.00000178813934,134.20030339490287,6.000000238418579,32.31099012673037,9
947,5,3,753,162.6480193891533,0.025177210111007087,0.015337610754659331,91.56972111553785,64.32005312084993,131.26826029216468,-81.37359483498501,125.27660371851952,167.71095625322022,84,60,123,100,68,139,10.200000405311584,5.400000214576721,10.200000405311584,15.402597795636346,4.156922103346543,19.395876621016395,2
947,3,4,386,83.37600993919412,0.01290624582051625,0.007862307770648742,67.08549222797927,194.90414507772022,47.479274611398964,-96.06413275126965,203.62706200600906,117.43756284707568,62,189,39,71,199,57,6.000000238418579,6.600000262260437,11.4000004529953,14.474806273354883,2.9393878081405864,32.56071381676279,2
947,11,5,294,63.50400757026703,0.009830145780393207,0.005988389856400855,177.94557823129253,222.9387755102041,127.2312925170068,-29.548078506171294,220.44784093389706,165.28877549187666,175,218,118,181,230,136,4.200000166893005,7.800000309944153,11.4000004529953,14.437451872311929,2.6832816796237777,10.948972989609874,9
947,10,6,203,43.84800522708914,0.0067874816102715,0.004134840615133924,177.1576354679803,144.35960591133005,27.448275862068964,-30.020844182944643,173.30033730109926,105.41896311990146,168,142,26,186,147,29,11.4000004529953,3.6000001430511475,2.4000000953674316,12.193441344264752,2.4000000953674316,3.0000001192092896,9
947,1,7,176,38.01600453186053,0.005884713120235388,0.0035848864446481306,51.28409090909091,97.92045454545455,93.61931818181819,-105.54497391933745,145.4368453743783,145.1215900893916,49,94,90,54,103,96,3.6000001430511475,6.000000238418579,4.200000166893005,8.160882629525593,2.6832816796237777,30.149628061401202,5
947,8,8,171,36.936004403114495,0.0057175337702287015,0.003483043079743354,140.44444444444446,131.8421052631579,28.46783625730994,-52.04875967237683,165.78983661375548,106.03069938135425,132,130,27,148,134,30,10.200000405311584,3.0000001192092896,2.4000000953674316,10.899541707859827,2.4000000953674316,1.3416408398118889,9
947,4,9,144,31.10400370788589,0.004814765280192591,0.0029330889092575615,81.67361111111111,84.82638888888889,55.55555555555556,-87.3112610735827,137.58040566825204,122.28333160612318,76,81,53,88,89,58,7.800000309944153,5.400000214576721,3.6000001430511475,10.146921118375062,2.6832816796237777,24.984796369194985,1
947,12,10,142,30.672003656387474,0.004747893540189916,0.002892351563295651,218.5211267605634,205.45774647887325,152.11971830985917,-5.202748421212306,209.95922309831835,180.2218315609744,214,202,147,223,209,156,6.000000238418579,4.800000190734863,6.000000238418579,9.748846472947491,2.6832816796237777,4.837354841198334,9
947,6,11,51,11.016001313209586,0.001705229370068209,0.0010388023220287196,131.35294117647058,106.03921568627452,173.86274509803923,-57.503661849919496,150.30810225243664,193.2676481522766,127,105,172,136,107,176,6.000000238418579,1.8000000715255737,3.0000001192092896,6.945502417663594,1.6970563422826717,15.297059148628847,2
947,7,12,11,2.376000283241283,0.00036779457001471176,0.00022405540279050816,131.27272727272728,91.36363636363636,33.54545454545455,-57.551790194077924,141.50275430896065,109.07727047530088,130,91,33,133,92,34,2.4000000953674316,1.2000000476837158,1.2000000476837158,2.9393878081405864,1.2000000476837158,16.133196232774097,9
948,1,1,20975,4530.600540089628,1.0,0.4429591147153235,125.44324195470799,185.14870083432658,152.77444576877235,-72.54264558637526,190.78063116488497,168.61466805193223,52,108,43,194,263,184,85.80000340938568,93.60000371932983,85.20000338554382,152.9105681704369,6.462198025346074,inf,-1
948,8,2,14952,3229.6323850021518,0.7128486293206199,0.3157627977698936,231.5187265917603,233.8012306046014,105.94495719636168,-8.897352275107238,219.97215018701655,140.51697379198382,176,195,47,256,274,160,48.60000193119049,48.00000190734863,68.4000027179718,96.66706131167814,6.000000238418579,29.258845979209894,1
948,6,3,10682,2307.312275053035,0.5092729439809297,0.22558709241425917,192.2765399737877,157.8416026961243,54.906852649316605,-32.442665181497446,174.39637163091163,109.89410984691352,131,104,40,247,214,91,70.20000278949738,66.60000264644623,31.20000123977661,101.67123891009761,5.230678940097307,3.0000001192092896,8
948,3,4,409,88.3440105314259,0.019499404052443388,0.008637438756546715,104.91198044009779,193.8606356968215,166.559902200489,-84.8614029846448,196.00779229009063,176.8859422396331,96,191,159,116,197,173,12.600000500679016,4.200000166893005,9.000000357627869,16.0436909860641,3.3941126845653433,9.158602877414415,1
948,9,5,295,63.72000759601623,0.014064362336114423,0.006229937489440784,206.1220338983051,255.20677966101695,140.98983050847457,-24.135368496684706,232.81548013121395,161.54389861478643,201,249,132,210,262,150,6.000000238418579,8.40000033378601,11.4000004529953,15.379207352686326,2.6832816796237777,0.8485281711413358,8
948,2,6,28,6.048000720977812,0.0013349225268176402,0.0005913161006926846,69.53571428571429,230.25,43.5,-106.0871635207108,217.84141173958778,103.049997985363,69,227,43,70,234,44,1.2000000476837158,4.800000190734863,1.2000000476837158,5.091169026848015,1.2000000476837158,4.200000166893005,1
948,10,7,7,1.512000180244453,0.00033373063170441005,0.00014782902517317115,309.0,104.28571428571429,101.0,37.591413617134094,142.26283730779375,137.54999935626984,308,104,100,310,105,102,1.8000000715255737,1.2000000476837158,1.8000000715255737,2.8142495677222836,1.2000000476837158,71.94748370434158,6
948,5,8,2,0.43200005149841514,9.535160905840288e-05,4.223686433519176e-05,131.0,117.0,63.5,-69.20859062671661,149.89140903949738,115.04999846220016,131,117,63,131,117,64,0.6000000238418579,0.6000000238418579,1.2000000476837158,1.4696939040702932,1.2000000476837158,1.6970563422826717,6
948,4,9,1,0.21600002574920757,4.767580452920144e-05,2.111843216759588e-05,120.0,194.0,172.0,-75.80859088897705,196.09141087532043,180.15000104904175,120,194,172,120,194,172,0.6000000238418579,0.6000000238418579,0.6000000238418579,1.0392305258366357,1.2000000476837158,2.4000000953674316,3
948,7,10,1,0.21600002574920757,4.767580452920144e-05,2.111843216759588e-05,132.0,116.0,64.0,-68.60859060287476,149.29140901565552,115.3499984741211,132,116,64,132,116,64,0.6000000238418579,0.6000000238418579,0.6000000238418579,1.0392305258366357,1.2000000476837158,0.8485281711413358,6
949,2,1,17005,3673.0804378652747,1.0,0.6367006140482252,115.97683034401646,168.64910320493973,149.51390767421347,-58.73128184098701,172.8720831313718,-1109.3417006589075,65,93,37,161,247,193,58.20000231266022,93.00000369548798,94.20000374317169,144.6024953511107,5.3665633592475555,inf,-1
949,4,2,9146,1975.5362355022523,0.5378418112319906,0.34244421147221804,211.67986004810845,196.38388366499015,84.54034550623223,-1.3094617367937786,189.51295206865075,-1148.3258395087867,158,126,39,235,231,148,46.80000185966492,63.60000252723694,66.00000262260437,102.91356004780404,4.32666170248287,29.807382820537057,2
949,3,3,424,91.584010917664,0.02493384298735666,0.015875393140632018,85.90801886792453,143.5,61.31132075471698,-76.77256944353852,157.7826206088066,-1162.263254913519,78,126,55,98,159,66,12.600000500679016,20.40000081062317,7.200000286102295,25.035176248838564,2.6832816796237777,31.320920771313173,2
949,5,4,129,27.864003321647775,0.007586004116436342,0.004830013479107383,176.51162790697674,149.84496124031008,52.64341085271318,-22.410401859948806,161.58959750426834,-1167.4640010613803,165,148,50,188,154,54,14.40000057220459,4.200000166893005,3.0000001192092896,15.297059148628847,2.0784610516732713,2.2449945212724285,4
949,1,5,4,0.8640001029968303,0.00023522493384298736,0.0001497678598172832,57.0,94.0,146.75,-94.1173814535141,128.08261942863464,-1111.0000453293324,56,94,146,58,94,147,1.8000000715255737,0.6000000238418579,1.2000000476837158,2.2449945212724285,1.2000000476837158,22.305157240856605,2
950,12,1,11424,2467.584294158947,1.0,0.4413878371068696,214.82528011204482,206.79324229691878,90.50035014005603,0.5699778765606993,186.25075499598637,141.25020918997228,161,120,33,244,274,157,50.400002002716064,93.00000369548798,75.00000298023224,129.66943100156413,5.3665633592475555,inf,-1
950,3,2,8546,1845.9362200527278,0.7480742296918768,0.330190866239085,131.721273110227,183.87233793587643,149.63620407208052,-49.29242830588392,172.498211832884,176.73172295909563,62,126,87,191,208,170,78.00000309944153,49.80000197887421,50.400002002716064,105.37647214858991,4.947726947346189,31.50428667464801,12
950,5,3,3669,792.5040944738425,0.32116596638655465,0.14175875125569892,119.24829653856636,250.4766966475879,120.2229490324339,-56.77621454625924,212.46082864788255,159.083769234041,92,203,38,146,278,165,33.000001311302185,45.6000018119812,76.80000305175781,95.21869942689116,3.6000001430511475,4.156922103346543,3
950,17,4,1087,234.79202798938863,0.09515056022408964,0.04199829997681786,202.9696412143514,270.5179392824287,64.82796688132474,-6.5434057447158125,224.48557470660748,125.84677862265622,183,265,45,222,276,82,24.000000953674316,7.200000286102295,22.8000009059906,33.877427458551416,3.3941126845653433,23.667700448449104,12
950,8,5,437,94.3920112524037,0.03825280112044818,0.016884321149833858,111.57894736842105,230.56521739130434,145.6315789473684,-61.37782423119796,200.51394061938575,174.32894778879063,104,214,134,120,242,158,10.200000405311584,17.40000069141388,15.000000596046448,25.135633077584373,2.6832816796237777,5.6603889041576,3
950,9,6,332,71.71200854873692,0.02906162464985995,0.012827447647013369,117.55722891566265,131.0512048192771,130.41867469879517,-57.790855160319666,140.80553070357047,165.2012048769428,111,128,124,124,135,136,8.40000033378601,4.800000190734863,7.800000309944153,12.427389600144862,3.3941126845653433,9.099450894441539,3
950,11,7,126,27.216003244400152,0.011029411764705883,0.004868248203384591,145.29365079365078,131.984126984127,54.29365079365079,-41.149001372238956,141.365284024723,119.52618871889416,137,129,52,153,135,57,10.200000405311584,4.200000166893005,3.6000001430511475,11.603448224567817,2.0784610516732713,16.475436915970192,12
950,7,8,99,21.384002549171548,0.008665966386554622,0.0038250521598021787,103.58585858585859,136.82828282828282,119.95959595959596,-66.17367769130553,144.27177764671018,158.9257573840594,100,134,116,107,139,123,4.800000190734863,3.6000001430511475,4.800000190734863,7.683749390244175,2.0784610516732713,2.7495455262306225,9
950,6,9,53,11.448001364708,0.004639355742296919,0.0020477551966617724,96.60377358490567,221.49056603773585,140.9245283018868,-70.36292885834315,195.06914959088812,171.50471728927684,95,220,139,98,223,143,2.4000000953674316,2.4000000953674316,3.0000001192092896,4.52990084116453,2.0784610516732713,8.611620398839431,8
950,4,10,33,7.12800084972385,0.002888655462184874,0.0012750173866007263,89.81818181818181,228.27272727272728,133.24242424242425,-74.43428408015859,199.1384464935823,166.89545467044368,88,227,131,92,230,135,3.0000001192092896,2.4000000953674316,3.0000001192092896,4.874423236473746,1.6970563422826717,4.156922103346543,6
950,14,11,32,6.912000823974642,0.0028011204481792717,0.001236380496097674,174.21875,145.5,46.5625,-23.793941158801317,149.47480815649033,114.8874980583787,170,144,45,179,147,49,6.000000238418579,2.4000000953674316,3.0000001192092896,7.1246055353291275,1.2000000476837158,6.378087741083216,12
950,1,12,19,4.104000489234944,0.0016631652661064427,0.000734100919557994,54.8421052631579,92.63157894736842,102.42105263157895,-95.41993084706758,117.75375426443,148.40263096909774,51,91,102,58,95,103,4.800000190734863,3.0000001192092896,1.2000000476837158,5.786190686518324,1.2000000476837158,37.31112582911108,7
950,10,13,12,2.5920003089904906,0.0010504201680672268,0.0004636426860366277,128.08333333333334,124.66666666666667,133.83333333333334,-51.47519225875536,136.97480765978497,167.2500001390775,127,124,133,129,125,135,1.8000000715255737,1.2000000476837158,1.8000000715255737,2.8142495677222836,1.2000000476837158,2.5455845134240076,9
950,13,14,10,2.160000257492076,0.0008753501400560224,0.0003863689050305231,171.1,134.9,53.6,-25.66519123315811,143.11480790376663,119.10999822616577,170,134,53,173,136,54,2.4000000953674316,1.8000000715255737,1.2000000476837158,3.231099012673037,1.2000000476837158,6.406247205780169,14
950,16,15,1,0.21600002574920757,8.753501400560224e-05,3.8636890503052314e-05,177.0,137.0,56.0,-22.12519109249115,144.37480795383453,120.54999828338623,177,137,56,177,137,56,0.6000000238418579,0.6000000238418579,0.6000000238418579,1.0392305258366357,1.2000000476837158,2.9393878081405864,13
950,2,16,1,0.21600002574920757,8.753501400560224e-05,3.8636890503052314e-05,53.0,139.0,162.0,-96.52519404888153,145.57480800151825,184.15000081062317,53,139,162,53,139,162,0.6000000238418579,0.6000000238418579,0.6000000238418579,1.0392305258366357,1.2000000476837158,38.2732297620024,7
950,15,17,1,0.21600002574920757,8.753501400560224e-05,3.8636890503052314e-05,173.0,136.0,55.0,-24.52519118785858,143.77480792999268,119.94999825954437,173,136,55,173,136,55,0.6000000238418579,0.6000000238418579,0.6000000238418579,1.0392305258366357,1.2000000476837158,0.8485281711413358,13
951,2,1,25828,5578.848665050533,1.0,0.5577678918498682,202.24516029115688,203.5710856434877,79.74705745702339,10.518975996594506,196.81453123960551,134.79823332377424,94,139,45,257,264,141,98.4000039100647,75.6000030040741,58.20000231266022,137.05897085893508,6.8934754497677275,inf,-1
951,1,2,16921,3654.9364357023414,0.6551417066749264,0.3654170085949985,119.16045150995804,180.0028958099403,152.21694935287513,-39.33185125301863,182.67361677756764,178.28017018910214,69,119,91,168,279,177,60.00000238418579,96.60000383853912,52.20000207424164,125.12554193392693,5.230678940097307,23.113633259563098,2
951,7,3,1862,402.1920479450245,0.07209230292705592,0.040210771822226064,208.93823845327606,214.83941997851772,162.1219119226638,14.534823053441428,203.57553210928157,184.22314796712806,191,204,134,223,234,180,19.80000078678131,18.600000739097595,28.200001120567322,39.15661019356719,3.3941126845653433,5.161395365320993,2
951,8,4,889,192.02402289104552,0.034420009292240976,0.019198376020386126,240.58605174353207,164.3970753655793,57.61304836895388,33.52351178213769,173.3101241388793,121.51782734321662,226,146,49,253,181,63,16.80000066757202,21.600000858306885,9.000000357627869,28.806250466636236,2.9393878081405864,17.646530105033367,2
951,9,5,604,130.46401555252137,0.023385473129936503,0.013043666047596424,245.2682119205298,232.02317880794703,117.09271523178808,36.33280799996774,213.88578781663188,157.20562887902292,235,218,113,253,247,122,11.4000004529953,18.000000715255737,6.000000238418579,22.135040974403527,3.3941126845653433,2.0784610516732713,2
951,3,6,84,18.144002162933436,0.003252284342573951,0.0018140197814538073,112.8452380952381,215.67857142857142,169.5,-43.120979452417004,204.0790229993207,188.6500009894371,111,211,167,114,223,172,2.4000000953674316,7.800000309944153,3.6000001430511475,8.919641602825802,2.4000000953674316,8.77724365177299,1
951,5,7,82,17.71200211143502,0.0031748490010840946,0.0017708288342763354,112.1951219512195,235.4512195121951,161.21951219512195,-43.511049154328134,215.9426123209116,183.68170810908805,111,230,158,114,241,165,2.4000000953674316,7.200000286102295,4.800000190734863,8.979978085089714,2.0784610516732713,4.368066107139657,3
951,10,8,24,5.184000617980981,0.0009292240978782715,0.0005182913661296592,269.875,40.25,156.29166666666666,51.0968814343214,98.82187595963478,180.7250006745259,267,38,155,272,44,157,3.6000001430511475,4.200000166893005,1.8000000715255737,5.817216060054983,1.2000000476837158,89.24886908543968,8
951,4,9,11,2.376000283241283,0.00042589437819420784,0.0002375502094760938,111.9090909090909,226.0,165.45454545454547,-43.682667786424815,210.2718803882599,186.22272816571325,111,224,165,113,228,166,1.8000000715255737,3.0000001192092896,1.2000000476837158,3.6986485487524687,1.2000000476837158,0.8485281711413358,3
951,6,10,1,0.21600002574920757,3.8717670744927986e-05,2.15954735887358e-05,114.0,243.0,157.0,-42.4281222820282,220.47188079357147,181.15000069141388,114,243,157,114,243,157,0.6000000238418579,0.6000000238418579,0.6000000238418579,1.0392305258366357,1.2000000476837158,1.4696939040702932,5
952,3,1,16778,3624.0484320202045,1.0,0.5581132326525181,184.3524853975444,178.80164501132435,75.42776254619145,-8.719559053667595,194.94993658225803,168.75765877673646,102,86,43,227,250,140,75.6000030040741,99.00000393390656,58.800002336502075,137.745422820151,5.499091052461245,inf,-1
952,1,2,13169,2844.5043390913147,0.7848968887829301,0.43806133989754514,109.45515984509075,176.35036828916395,160.57460703166527,-53.657956170831184,193.4791704905188,219.84576749807974,45,124,57,170,248,184,75.6000030040741,75.00000298023224,76.80000305175781,131.29585435192107,4.489989042544857,30.997420479141553,3
952,6,3,70,15.12000180244453,0.004172130170461319,0.002328521056483268,212.68571428571428,235.84285714285716,110.94285714285714,8.280378954751143,229.17466522114617,190.0667163814817,209,234,109,216,237,114,4.800000190734863,2.4000000953674316,3.6000001430511475,6.462198025346074,2.0784610516732713,10.217632225568051,3
952,2,4,36,7.776000926971473,0.002145666944808678,0.0011975251147628237,102.66666666666667,126.19444444444444,61.583333333333336,-57.73105223973592,163.3856149878767,160.4510009189447,100,122,61,105,130,63,3.6000001430511475,5.400000214576721,1.8000000715255737,6.734983563817286,1.6970563422826717,15.669078451273926,3
952,5,5,8,1.7280002059936606,0.0004768148766241507,0.00026611669216951636,107.375,118.0,61.625,-54.90605212748051,158.46894812583923,160.4760009199381,107,117,61,108,119,62,1.2000000476837158,1.8000000715255737,1.2000000476837158,2.4738634736730947,1.2000000476837158,2.163330851241435,2
952,4,6,1,0.21600002574920757,5.960185957801884e-05,3.3264586521189545e-05,106.0,120.0,62.0,-55.73105216026306,159.66894817352295,160.70100092887878,106,120,62,106,120,62,0.6000000238418579,0.6000000238418579,0.6000000238418579,1.0392305258366357,1.2000000476837158,0.8485281711413358,5
953,2,1,30628,6615.648788646729,1.0,0.6438511667017027,102.3981324278438,122.5481585477341,111.4819119759697,-41.901938414431996,149.18807773791625,204.3391467917599,38,49,17,154,217,165,70.20000278949738,101.40000402927399,89.40000355243683,152.32321505259117,6.2353831550198136,inf,-1
953,9,2,13238,2859.40834086801,0.43221888468068437,0.27828463317216734,194.167170267412,148.84159238555674,72.39462154403988,13.159486477253282,164.96413866749413,180.8867716006884,140,84,19,222,203,130,49.80000197887421,72.00000286102295,67.20000267028809,110.36249801436135,5.230678940097307,18.2778561803701,2
953,7,3,1345,290.5200346326842,0.04391406556092465,0.0282741223460164,94.57620817843866,184.63866171003718,14.235687732342008,-46.59509315056429,186.44238111565105,145.99140992705264,88,151,8,103,211,25,9.600000381469727,36.60000145435333,10.800000429153442,39.349207400563984,3.3941126845653433,2.163330851241435,2
953,1,4,1069,230.9040275259029,0.03490270340864569,0.02247214631070002,43.47708138447147,164.044901777362,46.23573433115061,-77.25457044524272,174.08612466505247,165.19143864927835,36,154,23,54,175,76,11.4000004529953,13.200000524520874,32.40000128746033,36.79619691765815,3.3941126845653433,3.5496480109101034,2
953,10,5,919,198.50402366352176,0.030005223978059294,0.01931889846541938,182.6474428726877,165.8367791077258,139.47007616974972,6.247649765766994,175.1612511059924,221.13204597531774,168,157,129,192,181,148,15.000000596046448,15.000000596046448,12.000000476837158,24.37211618236873,3.3941126845653433,1.3416408398118889,9
953,3,6,304,65.66400782775911,0.009925558312655089,0.0063905822997687625,49.9375,107.4967105263158,103.9967105263158,-73.37831912189722,140.15720856621078,199.84802574350647,46,102,99,55,112,110,6.000000238418579,6.600000262260437,7.200000286102295,11.462984360223736,3.3941126845653433,9.84073207114958,2
953,8,7,30,6.480000772476227,0.0009794958861172784,0.0006306495690561278,91.96666666666667,117.2,24.733333333333334,-48.1608181198438,145.97918248176575,152.28999753793082,91,114,23,93,120,26,1.8000000715255737,4.200000166893005,2.4000000953674316,5.161395365320993,1.6970563422826717,17.420678061385097,2
953,4,8,18,3.8880004634857364,0.000587697531670367,0.0003783897414336767,57.0,99.5,114.0,-69.1408189535141,135.35918205976486,205.849999666214,55,99,113,59,101,115,3.0000001192092896,1.8000000715255737,1.8000000715255737,3.934463270922718,1.2000000476837158,2.4738634736730947,3
953,6,9,13,2.8080003347396985,0.00042444821731748726,0.000273281479924322,67.0,171.76923076923077,16.615384615384617,-63.14081871509552,178.72072224433606,147.4192281136146,66,171,16,68,173,17,1.8000000715255737,1.8000000715255737,1.2000000476837158,2.8142495677222836,1.2000000476837158,4.2426408557066795,2
953,5,10,6,1.2960001544952453,0.00019589917722345564,0.00012612991381122555,56.333333333333336,99.16666666666667,119.83333333333333,-69.54081896940866,135.1591820518176,209.34999980529147,56,98,119,57,100,120,1.2000000476837158,1.8000000715255737,1.2000000476837158,2.4738634736730947,1.2000000476837158,2.4000000953674316,4
954,3,1,16763,3620.8084316339664,1.0,0.5539839386628771,177.32345045636222,163.58044502773967,67.99737517150868,-15.946745810962156,163.80745060420554,175.24842367233114,78,93,22,223,227,127,87.60000348091125,81.00000321865082,63.60000252723694,135.20252014197683,5.3665633592475555,inf,-1
954,1,2,12392,2676.6723190841803,0.739247151464535,0.40953104861363554,101.14347966429955,158.42382182052938,134.74669141381537,-61.6547301024718,160.71347655693586,215.2980150091429,44,93,77,153,223,166,66.00000262260437,78.60000312328339,54.00000214576721,115.97396720344962,5.3665633592475555,29.117006497528067,3
954,2,3,901,194.616023200036,0.05374932887907892,0.029776264912918463,85.61487236403995,159.66481687014428,19.783573806881243,-70.97189485285841,161.45807361629244,146.3201417040481,72,147,13,100,176,25,17.40000069141388,18.000000715255737,7.800000309944153,26.22212910206834,3.3941126845653433,4.800000190734863,3
954,6,4,181,39.09600466060657,0.010797589930203425,0.005981691397600713,163.4585635359116,228.93370165745856,75.85635359116021,-24.265678293797194,203.0194061401799,179.9638109114947,157,227,74,171,231,78,9.000000357627869,3.0000001192092896,3.0000001192092896,9.949874766438684,2.4000000953674316,11.939849719726421,3
954,5,5,16,3.456000411987321,0.0009544830877527889,0.0005287683003403945,93.0625,158.875,18.625,-66.5033180937171,160.98418347537518,145.6249973922968,92,158,17,94,160,20,1.8000000715255737,1.8000000715255737,2.4000000953674316,3.498571275927907,1.2000000476837158,2.7495455262306225,2
954,4,6,6,1.2960001544952453,0.0003579311579072958,0.00019828811262764793,90.5,161.66666666666666,16.666666666666668,-68.04081815481186,162.6591835419337,144.44999734560648,90,161,16,91,162,17,1.2000000476837158,1.2000000476837158,1.2000000476837158,2.0784610516732713,1.2000000476837158,0.8485281711413358,5
955,1,1,32045,6921.720825133357,1.0,0.9723570821701661,143.23292245280075,148.8367920112342,113.78112029957872,-11.401063425880565,150.46125844278617,137.21867184074273,51,82,22,220,210,200,102.00000405311584,77.40000307559967,107.40000426769257,167.1212799724765,5.499091052461245,inf,-1
955,3,2,685,147.96001763820718,0.021376189733187702,0.020785289476878258,180.7810218978102,206.56642335766423,158.61167883211678,11.127797136341556,185.09903862702586,164.11700802910937,162,192,149,198,216,165,22.200000882148743,15.000000596046448,10.200000405311584,28.668450696142532,2.6832816796237777,3.0000001192092896,1
955,6,3,129,27.864003321647775,0.004025589015447027,0.003914309989076344,214.53488372093022,194.06976744186048,121.96124031007751,31.380115034968355,177.6010447796001,142.12674404207127,210,188,117,219,199,129,6.000000238418579,7.200000286102295,7.800000309944153,12.193441344264752,2.0784610516732713,6.517668553708998,1
955,2,4,51,11.016001313209586,0.0015915119363395225,0.0015475179026580893,97.80392156862744,84.72549019607843,96.50980392156863,-38.658465039496335,111.99447582516015,126.8558816021564,95,82,94,102,87,98,4.800000190734863,3.6000001430511475,3.0000001192092896,6.708204199059444,2.0784610516732713,16.938713729275708,1
955,5,5,22,4.752000566482566,0.0006865345607739116,0.0006675567423230973,190.1818181818182,212.5909090909091,87.5909090909091,16.76827513087879,188.7137302106077,121.50454449111766,188,212,86,193,213,89,3.6000001430511475,1.2000000476837158,2.4000000953674316,4.489989042544857,1.2000000476837158,21.666564963273252,6
955,4,6,20,4.320000514984152,0.0006241223279762834,0.0006068697657482704,185.75,212.9,81.4,14.109184116125107,188.89918476343155,117.78999888896942,184,212,79,187,214,85,2.4000000953674316,1.8000000715255737,4.200000166893005,5.161395365320993,1.2000000476837158,0.8485281711413358,5
955,7,7,4,0.8640001029968303,0.00012482446559525665,0.00012137395314965407,218.75,172.75,70.75,33.90918490290642,164.80918380618095,111.39999863505363,218,172,70,219,173,71,1.2000000476837158,1.2000000476837158,1.2000000476837158,2.0784610516732713,1.2000000476837158,4.6861499917548555,1
956,1,1,13022,2812.752335306181,1.0,0.5227409578098029,93.36561204116111,152.98218399631392,152.5898479496237,-58.32145086179368,162.44849373266783,223.0039093560419,48,90,87,146,243,178,59.40000236034393,92.40000367164612,55.20000219345093,122.93559777821096,5.3665633592475555,inf,-1
956,6,2,11152,2408.8322871551627,0.856396866840731,0.447673718437638,180.11791606886658,176.19234218077474,89.41328909612625,-6.2700663768342935,176.37458919671764,185.09797253769688,114,106,45,212,239,147,59.40000236034393,80.40000319480896,61.800002455711365,117.5234491395657,4.947726947346189,33.845532807709674,1
956,9,3,558,120.52801436805782,0.04285056058977116,0.022399743085383967,229.79032258064515,111.12544802867383,93.05017921146954,23.533378714515322,137.33445115414145,187.28010669361305,222,107,85,240,121,104,11.4000004529953,9.000000357627869,12.000000476837158,18.840382910378622,3.3941126845653433,34.62889104924783,6
956,7,4,80,17.280002059936606,0.006143449546920596,0.003211432700413472,129.6,240.725,107.5875,-36.580817222595215,215.09418542683125,196.00249951332808,128,239,103,131,242,114,2.4000000953674316,2.4000000953674316,7.200000286102295,7.9598998131509475,2.0784610516732713,21.914379712098786,6
956,2,5,70,15.12000180244453,0.005375518353555522,0.0028100036128617884,66.12857142857143,245.77142857142857,47.75714285714286,-74.66367587872914,218.12204269000463,160.10428380114692,65,244,44,67,247,52,1.8000000715255737,2.4000000953674316,5.400000214576721,6.177378330059151,2.4000000953674316,21.757758101938087,1
956,5,6,17,3.6720004377365285,0.0013054830287206264,0.0006824294488378627,112.11764705882354,127.41176470588235,161.11764705882354,-47.070229404112865,147.1062415487626,228.12058902488036,111,126,160,113,128,162,1.8000000715255737,1.8000000715255737,1.8000000715255737,3.1176915775099068,1.6970563422826717,1.8000000715255737,1
956,8,7,9,1.9440002317428682,0.000691138074028567,0.0003612861787965156,132.33333333333334,239.22222222222223,115.44444444444444,-34.94081715742746,214.19251872433557,200.7166663673189,132,239,114,133,240,117,1.2000000476837158,1.2000000476837158,2.4000000953674316,2.9393878081405864,1.2000000476837158,0.8485281711413358,7
956,3,8,2,0.43200005149841514,0.00015358623867301488,8.02858175103368e-05,82.5,199.0,145.0,-64.84081834554672,190.05918443202972,218.45000040531158,82,199,145,83,199,145,1.2000000476837158,0.6000000238418579,0.6000000238418579,1.4696939040702932,1.2000000476837158,4.024922519435666,1
956,4,9,1,0.21600002574920757,7.679311933650744e-05,4.01429087551684e-05,82.0,200.0,144.0,-65.14081835746765,190.65918445587158,217.85000038146973,82,200,144,82,200,144,0.6000000238418579,0.6000000238418579,0.6000000238418579,1.0392305258366357,1.2000000476837158,0.8485281711413358,3
957,3,1,25774,5567.184663660076,1.0,0.6937072724336546,117.37134321409172,132.66555443470165,98.70058974160006,-51.906292835694074,152.77023426131427,146.17035314640765,57,64,11,176,220,158,72.00000286102295,94.20000374317169,88.80000352859497,148.13197407676492,4.489989042544857,inf,-1
957,13,2,9475,2046.6002439737417,0.3676185303018546,0.25501964795176835,194.83229551451188,201.78965699208445,66.82258575197889,-5.429719608628957,194.24469744379098,127.04354999260411,138,156,10,223,229,119,51.60000205039978,44.400001764297485,66.00000262260437,94.8151924242875,3.9799499065754738,20.749940583477226,3
957,16,3,655,141.48001686573096,0.02541320710793823,0.017629326586639394,191.61374045801526,224.406106870229,87.21068702290076,-7.360852719263278,207.8145679098959,139.27641124124744,180,218,80,207,231,92,16.80000066757202,8.40000033378601,7.800000309944153,20.338142316179084,3.3941126845653433,2.5455845134240076,13
957,10,4,418,90.28801076316877,0.01621789400170715,0.011250471012542392,123.78947368421052,71.07894736842105,99.58851674641149,-48.05541440060264,115.81826855320679,146.70310937046435,114,68,91,132,75,107,11.4000004529953,4.800000190734863,10.200000405311584,16.032467696137868,3.3941126845653433,0.8485281711413358,3
957,1,5,255,55.08000656604793,0.009893691316830915,0.006863325617699306,52.090196078431376,164.03529411764706,28.062745098039215,-91.07498267351411,171.59207881899442,103.7876446761337,48,160,20,58,167,35,6.600000262260437,4.800000190734863,9.600000381469727,12.600000500679016,2.6832816796237777,10.598113460724592,3
957,2,6,225,48.600005793571704,0.008729727632497866,0.0060558755450287995,60.81333333333333,121.44888888888889,54.044444444444444,-85.84110011259715,146.04023466640047,119.37666490342882,57,112,48,66,131,60,6.000000238418579,12.000000476837158,7.800000309944153,15.519021204323547,2.4000000953674316,10.18233805369603,3
957,14,7,142,30.672003656387474,0.0055094281058430975,0.0038219303439737313,152.21830985915494,87.5774647887324,35.34507042253521,-30.998112017839716,125.7173793987489,108.15704004445546,146,86,33,160,89,39,9.000000357627869,2.4000000953674316,4.200000166893005,10.217632225568051,2.4000000953674316,3.1176915775099068,3
957,15,8,141,30.456003630638268,0.005470629316365329,0.003795015341551381,185.17021276595744,191.77304964539007,125.46808510638297,-11.226969488123629,188.23473279695986,162.23085100346424,180,189,122,191,195,129,7.200000286102295,4.200000166893005,4.800000190734863,9.618732107342897,2.6832816796237777,1.8000000715255737,13
957,11,9,26,5.616000669479397,0.0010087685264219756,0.0006997900629811057,135.3846153846154,157.84615384615384,128.73076923076923,-41.098329103910004,167.87859450853787,164.18846155588443,134,156,127,136,159,131,1.8000000715255737,2.4000000953674316,3.0000001192092896,4.2426408557066795,1.6970563422826717,10.632027510480409,3
957,18,10,14,3.024000360488906,0.0005431830526887561,0.0003768100339129031,211.85714285714286,175.92857142857142,30.5,4.785189202853616,178.72804548910685,105.24999767541885,211,174,30,213,178,31,1.8000000715255737,3.0000001192092896,1.2000000476837158,3.6986485487524687,1.2000000476837158,19.171855132225595,13
957,12,11,10,2.160000257492076,0.00038798789477768295,0.00026915002422350223,135.6,153.1,134.0,-40.96909832954407,165.03090208768845,167.35000014305115,135,152,133,136,154,135,1.2000000476837158,1.8000000715255737,1.8000000715255737,2.8142495677222836,1.2000000476837158,2.163330851241435,11
957,4,12,7,1.512000180244453,0.00027159152634437803,0.00018840501695645154,71.57142857142857,106.0,54.857142857142854,-79.38624271324703,136.77090096473694,119.86428397042411,70,105,54,73,107,55,2.4000000953674316,1.8000000715255737,1.2000000476837158,3.231099012673037,1.2000000476837158,3.8418746951220877,3
957,7,13,6,1.2960001544952453,0.00023279273686660975,0.0001614900145341013,79.66666666666667,132.66666666666666,17.5,-74.52909966309865,152.7709016005198,97.4499973654747,79,132,17,80,133,18,1.2000000476837158,1.2000000476837158,1.2000000476837158,2.0784610516732713,1.2000000476837158,16.48635865194991,3
957,5,14,2,0.43200005149841514,7.759757895553658e-05,5.383000484470044e-05,77.0,115.0,39.5,-76.12909972667694,142.17090117931366,110.64999788999557,77,115,39,77,115,40,0.6000000238418579,0.6000000238418579,1.2000000476837158,1.4696939040702932,1.2000000476837158,5.161395365320993,3
957,8,15,1,0.21600002574920757,3.879878947776829e-05,2.691500242235022e-05,81.0,131.0,18.0,-73.72909963130951,151.7709015607834,97.74999737739563,81,131,18,81,131,18,0.6000000238418579,0.6000000238418579,0.6000000238418579,1.0392305258366357,1.2000000476837158,0.8485281711413358,7
957,6,16,1,0.21600002574920757,3.879878947776829e-05,2.691500242235022e-05,77.0,145.0,14.0,-76.12909972667694,160.1709018945694,95.3499972820282,77,145,14,77,145,14,0.6000000238418579,0.6000000238418579,0.6000000238418579,1.0392305258366357,1.2000000476837158,7.517978750422624,7
957,17,17,1,0.21600002574920757,3.879878947776829e-05,2.691500242235022e-05,207.0,167.0,28.0,1.8709033727645874,173.37090241909027,103.74999761581421,207,167,28,207,167,28,0.6000000238418579,0.6000000238418579,0.6000000238418579,1.0392305258366357,1.2000000476837158,4.9839745157961906,18
957,9,18,1,0.21600002574920757,3.879878947776829e-05,2.691500242235022e-05,82.0,112.0,37.0,-73.12909960746765,140.3709011077881,109.14999783039093,82,112,37,82,112,37,0.6000000238418579,0.6000000238418579,0.6000000238418579,1.0392305258366357,1.2000000476837158,1.4696939040702932,3
958,3,1,21094,4556.304543153785,1.0,0.5441787271367025,108.49729780980374,192.83706267184982,127.71797667583199,-46.727790602340605,173.37607032570372,163.08078599877524,50,125,32,161,270,177,67.20000267028809,87.60000348091125,87.60000348091125,140.93743852716372,6.1188236594515395,inf,-1
958,7,2,16148,3487.9684157982038,0.7655257419171327,0.41658282382684514,198.80982164973992,204.04663116175377,76.42178597968788,7.459725854839462,180.10181168690303,132.30307035809227,90,140,23,246,257,149,94.20000374317169,70.80000281333923,76.20000302791595,140.33075772986052,5.878775616281173,26.49528365181148,3
958,11,3,650,140.40001673698492,0.03081444960652318,0.016768567964295846,222.9323076923077,255.53230769230768,63.13076923076923,21.933218055505023,210.9932188327496,124.32845999185855,216,249,47,229,260,83,8.40000033378601,7.200000286102295,22.200000882148743,24.80403291593694,3.3941126845653433,5.564171318397717,7
958,10,4,375,81.00000965595284,0.017777567080686448,0.009674173825555295,188.38133333333334,251.36,137.08,1.2026326163609866,208.48983411788942,168.69800021648408,178,241,130,193,257,150,9.600000381469727,10.200000405311584,12.600000500679016,18.840382910378622,2.6832816796237777,2.5455845134240076,7
958,9,5,152,32.832003913879554,0.007205840523371575,0.003921265123958414,165.3815789473684,142.14473684210526,55.51973684210526,-12.59722056357485,142.96067361925776,119.76184037719902,161,140,52,170,144,60,6.000000238418579,3.0000001192092896,5.400000214576721,8.611620398839431,2.9393878081405864,1.2000000476837158,7
958,2,6,150,32.40000386238113,0.0071110268322745794,0.0038696695302221184,41.86666666666667,82.86,121.14,-86.70617087682088,107.38983010053634,159.13399983644484,36,79,117,49,88,129,8.40000033378601,6.000000238418579,7.800000309944153,12.938315705831148,2.6832816796237777,41.95712263613921,3
958,8,7,78,16.84800200843819,0.0036977339527827814,0.0020122281557155017,94.93589743589743,147.84615384615384,119.62820512820512,-54.864631150013366,146.3815239576193,158.22692287732394,92,146,116,98,149,123,4.200000166893005,2.4000000953674316,4.800000190734863,6.81469028575178,2.4000000953674316,2.2449945212724285,3
958,13,8,61,13.176001570701661,0.002891817578458329,0.0015736656089569948,257.39344262295083,187.52459016393442,62.47540983606557,42.60989983550837,170.18858669429528,123.93524433941138,255,185,60,260,190,65,3.6000001430511475,3.6000001430511475,3.6000001430511475,6.2353831550198136,2.4000000953674316,16.22220764612752,7
958,12,9,34,7.344000875473057,0.0016118327486489047,0.0008771250935170136,255.23529411764707,186.91176470588235,73.38235294117646,41.315010680871865,169.82089140485314,130.4794104625197,254,185,71,256,188,76,1.8000000715255737,2.4000000953674316,3.6000001430511475,4.6861499917548555,1.6970563422826717,3.6000001430511475,13
958,4,10,9,1.9440002317428682,0.0004266616099364748,0.00023218017181332712,84.77777777777777,192.11111111111111,131.88888888888889,-60.95950318707361,172.94049937195248,165.58333342605167,83,192,131,86,193,133,2.4000000953674316,1.2000000476837158,1.8000000715255737,3.231099012673037,1.2000000476837158,7.613146826788975,3
958,6,11,7,1.512000180244453,0.0003318479188394804,0.0001805845780770322,89.0,263.0,16.0,-58.426169753074646,215.47383439540863,96.04999732971191,88,263,15,90,263,17,1.8000000715255737,0.6000000238418579,1.8000000715255737,2.6153394700486534,1.2000000476837158,9.000000357627869,3
958,1,12,4,0.8640001029968303,0.0001896273821939888,0.00010319118747258983,36.5,74.5,115.0,-89.92617100477219,102.37382990121841,155.44999969005585,36,74,115,37,75,115,1.2000000476837158,1.2000000476837158,0.6000000238418579,1.8000000715255737,1.2000000476837158,2.6832816796237777,2
958,5,13,1,0.21600002574920757,4.74068455484972e-05,2.5797796868147457e-05,87.0,174.0,24.0,-59.62616980075836,162.07383227348328,100.84999752044678,87,174,24,87,174,24,0.6000000238418579,0.6000000238418579,0.6000000238418579,1.0392305258366357,1.2000000476837158,2.5455845134240076,7
959,14,1,15982,3452.1124115238354,1.0,0.518038313182717,220.21374045801528,218.54561381554248,104.4002627956451,3.315749525113887,185.31487349985895,194.59015711472549,144,128,60,262,273,192,71.40000283718109,87.60000348091125,79.8000031709671,138.34652695709963,5.878775616281173,inf,-1
959,6,2,13226,2856.8163405590194,0.8275560005005632,0.42870571456354745,134.63412974444276,184.30084681687586,178.7405867231211,-48.032018943406555,164.7680124842001,239.19435324362252,82,118,126,193,256,199,67.20000267028809,83.40000331401825,44.400001764297485,115.94292159651059,5.878775616281173,34.9290723747435,14
959,2,3,644,139.10401658248966,0.040295332248779875,0.020874525947295063,55.017080745341616,170.70962732919256,131.3136645962733,-95.8022502410856,156.61328046755023,210.73819883676788,49,163,118,62,181,142,8.40000033378601,11.4000004529953,15.000000596046448,20.628136944893786,3.6000001430511475,27.36421128973533,6
959,21,4,247,53.35200636005427,0.01545488674759104,0.00800622346115199,232.61943319838056,231.65587044534414,128.48178137651823,10.759165465107799,193.18102779031284,209.0390688373975,228,214,125,242,242,137,9.000000357627869,17.40000069141388,7.800000309944153,21.085540906830776,2.4000000953674316,2.9393878081405864,14
959,17,5,168,36.28800432586687,0.010511825804029533,0.005445528507990017,168.50595238095238,172.0952380952381,55.351190476190474,-27.7089245539336,157.44464696021308,165.1607125536317,158,168,54,178,174,57,12.600000500679016,4.200000166893005,2.4000000953674316,13.496666791351721,2.4000000953674316,4.569464045092525,14
959,22,6,126,27.216003244400152,0.00788386935302215,0.004084146380992513,294.5952380952381,183.5952380952381,4.642857142857143,47.94464988084064,164.34464723439444,134.7357113446508,286,180,0,302,191,7,10.200000405311584,7.200000286102295,4.800000190734863,13.376098617283155,2.0784610516732713,53.42696160975762,14
959,1,7,82,17.71200211143502,0.005130772118633462,0.002657936533661794,54.146341463414636,98.8170731707317,138.1341463414634,-96.32469383100184,113.47774625842163,214.8304880464949,49,96,136,58,102,141,6.000000238418579,4.200000166893005,3.6000001430511475,8.160882629525593,2.4000000953674316,23.924883395541674,6
959,8,8,81,17.496002085685813,0.00506820172694281,0.0026255226734951866,133.59259259259258,128.4814814814815,165.22222222222223,-48.65694125934884,131.27639195212612,231.08333422078027,132,125,162,135,132,168,2.4000000953674316,4.800000190734863,4.200000166893005,6.81469028575178,2.0784610516732713,6.600000262260437,6
959,9,9,78,16.84800200843819,0.004880490551870855,0.002528281092995365,134.89743589743588,118.3076923076923,153.1153846153846,-47.874035245332976,125.17211820529057,223.8192313680282,133,116,149,137,120,156,3.0000001192092896,3.0000001192092896,4.800000190734863,6.406247205780169,2.4000000953674316,4.6861499917548555,8
959,4,10,68,14.688001750946114,0.004254786634964335,0.0022041424913292924,57.60294117647059,151.36764705882354,176.5735294117647,-94.25073392075652,145.00809184418006,237.894118805142,54,148,175,61,155,178,4.800000190734863,4.800000190734863,2.4000000953674316,7.200000286102295,1.6970563422826717,20.94850913253424,2
959,13,11,50,10.800001287460379,0.003128519584532599,0.0016206930083303623,143.76,194.3,48.78,-42.55649657249451,170.767504632473,161.21799811124802,140,192,47,147,196,50,4.800000190734863,3.0000001192092896,2.4000000953674316,6.148170703882103,1.6970563422826717,13.509996835876263,17
959,7,12,24,5.184000617980981,0.0015016894005756476,0.0007779326439985738,117.66666666666667,201.45833333333334,49.291666666666664,-58.21249719460805,175.06250480314097,161.5249981234471,114,200,48,120,203,50,4.200000166893005,2.4000000953674316,1.8000000715255737,5.161395365320993,1.6970563422826717,12.237647318903079,13
959,3,13,23,4.968000592231774,0.0014391190088849956,0.0007455187838319666,53.391304347826086,87.52173913043478,156.65217391304347,-96.77771611835647,106.70054556494173,225.94130503094715,51,86,155,55,89,158,3.0000001192092896,2.4000000953674316,2.4000000953674316,4.52990084116453,1.6970563422826717,10.146921118375062,1
959,20,14,17,3.6720004377365285,0.0010636966587410836,0.0005510356228323231,201.58823529411765,277.4117647058824,103.11764705882354,-7.8595540172913445,220.6345654375413,193.8205876420526,199,277,102,204,278,104,3.6000001430511475,1.2000000476837158,1.8000000715255737,4.200000166893005,1.2000000476837158,18.840382910378622,14
959,16,15,15,3.2400003862381137,0.0009385558753597798,0.0004862079024991087,149.66666666666666,188.2,50.93333333333333,-39.01249643166861,167.10750448703766,162.5099981625875,148,186,50,151,191,52,2.4000000953674316,3.6000001430511475,1.8000000715255737,4.6861499917548555,1.2000000476837158,1.0392305258366357,13
959,15,16,4,0.8640001029968303,0.0002502815667626079,0.00012965544066642897,146.5,196.0,181.5,-40.912496507167816,171.78750467300415,240.8500012755394,146,196,181,147,196,182,1.2000000476837158,0.6000000238418579,1.2000000476837158,1.8000000715255737,1.2000000476837158,2.163330851241435,6
959,12,17,3,0.6480000772476227,0.00018771117507195595,9.724158049982173e-05,134.0,194.66666666666666,49.666666666666664,-48.41249680519104,170.987504641215,161.7499981323878,134,194,49,134,195,50,0.6000000238418579,1.2000000476837158,1.2000000476837158,1.8000000715255737,1.2000000476837158,3.6000001430511475,13
959,24,18,3,0.6480000772476227,0.00018771117507195595,9.724158049982173e-05,291.3333333333333,111.0,103.33333333333333,45.98750694592792,120.78750264644623,193.94999941190082,291,111,103,292,111,104,1.2000000476837158,0.6000000238418579,1.2000000476837158,1.8000000715255737,1.2000000476837158,69.43947280333731,14
959,10,19,2,0.43200005149841514,0.00012514078338130396,6.482772033321449e-05,134.0,116.5,149.0,-48.41249680519104,124.08750277757645,221.35000050067902,134,116,149,134,117,149,0.6000000238418579,1.2000000476837158,0.6000000238418579,1.4696939040702932,1.2000000476837158,0.8485281711413358,9
959,18,20,2,0.43200005149841514,0.00012514078338130396,6.482772033321449e-05,179.0,166.5,57.0,-21.412495732307434,154.08750396966934,166.1499983072281,179,166,57,179,167,57,0.6000000238418579,1.2000000476837158,0.6000000238418579,1.4696939040702932,1.2000000476837158,0.8485281711413358,17
959,25,21,2,0.43200005149841514,0.00012514078338130396,6.482772033321449e-05,293.0,110.0,102.5,46.98750698566437,120.18750262260437,193.44999939203262,293,110,102,293,110,103,0.6000000238418579,0.6000000238418579,1.2000000476837158,1.4696939040702932,1.2000000476837158,0.8485281711413358,24
959,19,22,1,0.21600002574920757,6.257039169065198e-05,3.241386016660724e-05,180.0,165.0,57.0,-20.812495708465576,153.18750393390656,166.1499983072281,180,165,57,180,165,57,0.6000000238418579,0.6000000238418579,0.6000000238418579,1.0392305258366357,1.2000000476837158,0.8485281711413358,18
959,5,23,1,0.21600002574920757,6.257039169065198e-05,3.241386016660724e-05,71.0,141.0,125.0,-86.21249830722809,138.78750336170197,206.94999992847443,71,141,125,71,141,125,0.6000000238418579,0.6000000238418579,0.6000000238418579,1.0392305258366357,1.2000000476837158,15.34405483277124,6
959,23,24,1,0.21600002574920757,6.257039169065198e-05,3.241386016660724e-05,290.0,112.0,104.0,45.187506914138794,121.38750267028809,194.3499994277954,290,112,104,290,112,104,0.6000000238418579,0.6000000238418579,0.6000000238418579,1.0392305258366357,1.2000000476837158,0.8485281711413358,24
959,11,25,1,0.21600002574920757,6.257039169065198e-05,3.241386016660724e-05,134.0,139.0,176.0,-48.41249680519104,137.58750331401825,237.55000114440918,134,139,176,134,139,176,0.6000000238418579,0.6000000238418579,0.6000000238418579,1.0392305258366357,1.2000000476837158,3.231099012673037,6
960,15,1,24683,5331.528635567691,1.0,0.5759789051197086,231.37361746951342,188.9587165255439,87.04128347445611,-10.972699001915032,181.5783594204532,79.67477292283903,119,103,40,291,255,172,103.80000412464142,91.80000364780426,79.8000031709671,159.90535335659908,5.878775616281173,inf,-1
960,11,2,16829,3635.0644333334144,0.6818052910910343,0.39270546506743814,135.38190029116407,178.96250519935825,152.94414403707884,-68.56773159754553,175.58063238641358,119.21649083165931,79,98,42,197,257,189,71.40000283718109,96.00000381469727,88.80000352859497,148.99463669625774,5.878775616281173,33.541020995297224,15
960,19,3,446,96.33601148414658,0.01806911639590001,0.010407429878191064,243.42152466367713,197.21973094170403,146.76905829596413,-3.7439543981723205,186.53496826710722,115.51143923976497,240,183,144,248,211,149,5.400000214576721,17.40000069141388,3.6000001430511475,18.570945786593647,2.6832816796237777,4.874423236473746,15
960,18,4,426,92.01601096916242,0.01725884211805696,0.00994072898679236,220.56807511737088,131.7511737089202,100.62676056338029,-17.456024670824775,147.25383236654488,87.82605950009656,215,124,91,224,140,111,6.000000238418579,10.200000405311584,12.600000500679016,17.285833035942783,3.3941126845653433,9.804081172600084,15
960,5,5,154,33.26400396537797,0.006239111939391484,0.0035935968637700083,56.12337662337662,115.81168831168831,96.05194805194805,-116.12284768788845,137.6901407481788,85.08117188416517,51,110,94,62,121,98,7.200000286102295,7.200000286102295,3.0000001192092896,10.615084029578005,2.6832816796237777,45.390309139025995,15
960,4,6,87,18.79200224018106,0.003524693108617267,0.0020301488775843553,56.93103448275862,89.95402298850574,136.5977011494253,-115.63825295300319,122.17554093777449,109.40862470933762,51,88,135,62,91,138,7.200000286102295,2.4000000953674316,2.4000000953674316,7.9598998131509475,1.6970563422826717,25.765093688113463,5
960,16,7,77,16.632001982688983,0.003119555969695742,0.0017967984318850042,138.94805194805195,136.16883116883116,45.57142857142857,-66.42804051838911,149.9044269478166,54.79285899230412,134,134,44,144,139,48,6.600000262260437,3.6000001430511475,3.0000001192092896,8.094442859583474,2.0784610516732713,2.163330851241435,15
960,12,8,69,14.904001776695322,0.002795446258558522,0.0016101180753255232,84.85507246376811,177.2463768115942,135.31884057971016,-98.88382949863654,174.55095531283945,108.64130833701812,82,176,131,89,180,140,4.800000190734863,3.0000001192092896,6.000000238418579,8.248636578691867,2.0784610516732713,5.019960358679748,11
960,1,9,43,9.288001107215926,0.0017420896973625573,0.0010034069165072103,46.16279069767442,141.13953488372093,147.90697674418604,-122.09919948078866,152.8868492952613,116.1941903358282,43,138,145,49,144,150,4.200000166893005,4.200000166893005,3.6000001430511475,6.945502417663594,1.6970563422826717,29.203425617170925,12
960,20,10,17,3.6720004377365285,0.0006887331361665923,0.000396695757688897,331.3529411764706,65.41176470588235,162.76470588235293,49.014897605952115,107.4501853830674,125.1088281729642,331,64,162,332,67,164,1.2000000476837158,2.4000000953674316,1.8000000715255737,3.231099012673037,1.2000000476837158,83.01927816924726,18
960,13,11,6,1.2960001544952453,0.00024308228335291493,0.0001400102674196107,82.83333333333333,195.0,132.0,-100.09687302509944,185.2031296491623,106.6500039100647,82,195,131,84,195,133,1.8000000715255737,0.6000000238418579,1.8000000715255737,2.6153394700486534,1.2000000476837158,10.200000405311584,12
960,8,12,4,0.8640001029968303,0.00016205485556860995,9.334017827974048e-05,54.5,52.0,99.5,-117.09687370061874,99.40312623977661,87.15000313520432,54,52,99,55,52,100,1.2000000476837158,0.6000000238418579,1.2000000476837158,1.8000000715255737,1.2000000476837158,30.552906149601,4
960,6,13,4,0.8640001029968303,0.00016205485556860995,9.334017827974048e-05,52.25,50.75,96.5,-118.44687375426292,98.65312620997429,85.35000306367874,52,50,96,53,51,97,1.2000000476837158,1.2000000476837158,1.2000000476837158,2.0784610516732713,1.2000000476837158,1.4696939040702932,8
960,7,14,3,0.6480000772476227,0.00012154114167645747,7.000513370980534e-05,53.333333333333336,84.0,72.66666666666667,-117.79687372843424,118.60312700271606,71.0500024954478,53,84,72,54,84,73,1.2000000476837158,0.6000000238418579,1.2000000476837158,1.8000000715255737,1.2000000476837158,21.373816605987383,5
960,14,15,1,0.21600002574920757,4.051371389215249e-05,2.333504456993512e-05,85.0,194.0,135.0,-98.79687297344208,184.60312962532043,108.45000398159027,85,194,135,85,194,135,0.6000000238418579,0.6000000238418579,0.6000000238418579,1.0392305258366357,1.2000000476837158,1.4696939040702932,13
960,3,16,1,0.21600002574920757,4.051371389215249e-05,2.333504456993512e-05,51.0,84.0,71.0,-119.19687378406525,118.60312700271606,70.05000245571136,51,84,71,51,84,71,0.6000000238418579,0.6000000238418579,0.6000000238418579,1.0392305258366357,1.2000000476837158,1.3416408398118889,7
960,17,17,1,0.21600002574920757,4.051371389215249e-05,2.333504456993512e-05,146.0,169.0,42.0,-62.196871519088745,169.603129029274,52.650001764297485,146,169,42,146,169,42,0.6000000238418579,0.6000000238418579,0.6000000238418579,1.0392305258366357,1.2000000476837158,1.2000000476837158,15
960,2,18,1,0.21600002574920757,4.051371389215249e-05,2.333504456993512e-05,51.0,50.0,95.0,-119.19687378406525,98.2031261920929,84.45000302791595,51,50,95,51,50,95,0.6000000238418579,0.6000000238418579,0.6000000238418579,1.0392305258366357,1.2000000476837158,0.8485281711413358,6
960,9,19,1,0.21600002574920757,4.051371389215249e-05,2.333504456993512e-05,56.0,53.0,101.0,-116.19687366485596,100.00312626361847,88.0500031709671,56,53,101,56,53,101,0.6000000238418579,0.6000000238418579,0.6000000238418579,1.0392305258366357,1.2000000476837158,1.0392305258366357,8
960,10,20,1,0.21600002574920757,4.051371389215249e-05,2.333504456993512e-05,57.0,54.0,103.0,-115.5968736410141,100.60312628746033,89.25000321865082,57,54,103,57,54,103,0.6000000238418579,0.6000000238418579,0.6000000238418579,1.0392305258366357,1.2000000476837158,1.4696939040702932,9
961,2,1,15383,3322.72839610006,1.0,0.5425910902613665,111.57206006630696,145.1402197230709,120.70870441396346,-66.37805036263062,147.26284623175505,169.87522247454004,61,90,47,171,223,158,66.60000264644623,80.40000319480896,67.20000267028809,124.15941859206116,5.091169026848015,inf,-1
961,5,2,12291,2654.8563164835105,0.7989988948839629,0.4335296814927164,207.0516638190546,205.10650069156293,86.40794076966887,-9.090285834570892,183.2426162425578,149.29476347016936,171,134,27,233,246,162,37.80000150203705,67.80000269412994,81.60000324249268,112.62433577186081,4.947726947346189,26.02229916467495,2
961,1,3,572,123.55201472854672,0.037183904309952547,0.020175655179711476,67.5979020979021,117.75174825174825,90.05244755244755,-92.76254619209917,130.8297626959694,151.48146762672837,59,110,78,80,124,102,13.200000524520874,9.000000357627869,15.000000596046448,21.914379712098786,3.3941126845653433,11.3207778083152,2
961,9,4,28,6.048000720977812,0.0018201911200676072,0.000987619484321541,287.42857142857144,57.535714285714285,108.67857142857143,39.13586064747403,94.70014088068689,162.65714239648412,286,55,107,288,61,111,1.8000000715255737,4.200000166893005,3.0000001192092896,5.466260364696242,1.2000000476837158,83.71021775684333,5
961,8,5,25,5.4000006437301895,0.0016251706429175066,0.0008818031110013757,283.44,63.6,155.6,36.742717695236195,98.33871245384216,190.81000065803528,282,62,155,287,66,157,3.6000001430511475,3.0000001192092896,1.8000000715255737,5.019960358679748,1.2000000476837158,26.758924808477406,9
961,11,6,19,4.104000489234944,0.001235129688617305,0.0006701703643610457,293.36842105263156,64.52631578947368,120.73684210526316,42.69977056352715,98.89450194961147,169.8921050899907,292,63,120,295,67,121,2.4000000953674316,3.0000001192092896,1.2000000476837158,4.024922519435666,1.2000000476837158,7.4215904210192845,9
961,12,7,14,3.024000360488906,0.0009100955600338036,0.0004938097421607704,295.85714285714283,62.57142857142857,115.0,44.19300370556965,97.72156957217625,166.44999969005585,295,61,114,297,64,116,1.8000000715255737,2.4000000953674316,1.8000000715255737,3.498571275927907,1.6970563422826717,2.5455845134240076,11
961,6,8,7,1.512000180244453,0.0004550477800169018,0.0002469048710803852,283.7142857142857,57.42857142857143,113.0,36.907289130347124,94.6358551638467,165.24999964237213,282,57,113,286,59,113,3.0000001192092896,1.8000000715255737,0.6000000238418579,3.5496480109101034,1.2000000476837158,2.0784610516732713,9
961,7,9,7,1.512000180244453,0.0004550477800169018,0.0002469048710803852,282.2857142857143,58.857142857142854,110.14285714285714,36.05014623914445,95.49299805504936,163.53571385996682,282,58,109,283,60,112,1.2000000476837158,1.8000000715255737,2.4000000953674316,3.231099012673037,1.2000000476837158,0.8485281711413358,6
961,4,10,2,0.43200005149841514,0.00013001365143340053,7.054424888011006e-05,113.0,97.5,127.0,-65.52128636837006,118.67871326208115,173.64999997615814,113,97,127,113,98,127,0.6000000238418579,1.2000000476837158,0.6000000238418579,1.4696939040702932,1.2000000476837158,1.8973666714956023,2
961,10,11,2,0.43200005149841514,0.00013001365143340053,7.054424888011006e-05,286.0,61.0,111.5,38.27871775627136,96.77871239185333,164.34999960660934,286,61,111,286,61,112,0.6000000238418579,0.6000000238418579,1.2000000476837158,1.4696939040702932,1.2000000476837158,1.2000000476837158,9
961,3,12,1,0.21600002574920757,6.500682571670026e-05,3.527212444005503e-05,81.0,111.0,103.0,-84.72128713130951,126.77871358394623,159.24999940395355,81,111,103,81,111,103,0.6000000238418579,0.6000000238418579,0.6000000238418579,1.0392305258366357,1.2000000476837158,1.3416408398118889,1
962,6,1,22870,4939.920588884377,1.0,0.527712400203055,209.9120244862265,216.81950153038915,84.90354175776126,-19.35649124107144,192.28799515011323,95.89212784185439,101,128,40,256,283,161,93.60000371932983,93.60000371932983,73.20000290870667,151.26189810508058,6.462198025346074,inf,-1
962,3,2,19202,4147.632494436284,0.8396152164407521,0.4430753611149569,125.09327153421519,191.50208311634205,146.96141026976358,-70.24774503451488,177.09754349807068,133.12685042863066,60,107,56,192,273,176,79.8000031709671,100.20000398159027,72.60000288486481,147.23736524021152,5.091169026848015,28.731168886824943,6
962,17,3,233,50.32800599956536,0.010188019239177962,0.005376344086021505,276.587982832618,111.89270386266094,63.103004291845494,20.649085356442214,129.3319140478265,82.8118048425396,273,106,54,280,120,72,4.800000190734863,9.000000357627869,11.4000004529953,15.297059148628847,2.6832816796237777,52.553974345406886,6
962,10,4,191,41.25600491809865,0.00835155225185833,0.004407217684249389,161.12041884816753,205.50785340314135,41.738219895287955,-48.63145578718935,185.50100600407387,69.99293369522894,152,202,40,170,208,44,11.4000004529953,4.200000166893005,3.0000001192092896,12.513992666029896,2.4000000953674316,1.3416408398118889,6
962,11,5,162,34.992004171371626,0.007083515522518583,0.003738058978263879,165.89506172839506,116.70987654320987,84.14197530864197,-45.76666994521648,132.22221777100623,95.43518795422565,162,114,80,169,120,90,4.800000190734863,4.200000166893005,6.600000262260437,9.17823548917731,3.3941126845653433,8.858894188160853,6
962,4,6,150,32.40000386238113,0.006558810668998688,0.003461165720614703,92.22,232.62666666666667,54.126666666666665,-89.97170873880387,201.77229460875193,77.42600205341975,88,225,51,97,239,57,6.000000238418579,9.000000357627869,4.200000166893005,11.603448224567817,2.4000000953674316,1.3416408398118889,3
962,22,7,101,21.816002600669965,0.004416265850459117,0.0023305182518805665,313.76237623762376,60.693069306930695,196.32673267326732,42.953722285752235,98.61213209369396,162.7460450476939,311,57,194,317,64,199,4.200000166893005,4.800000190734863,3.6000001430511475,7.323933660467186,2.6832816796237777,83.80477646385663,17
962,19,8,77,16.632001982688983,0.003366856143419327,0.0017767317365822142,284.038961038961,169.55844155844156,14.181818181818182,25.11967245789316,163.9313580401532,53.45909201015125,281,167,10,287,173,17,4.200000166893005,4.200000166893005,4.800000190734863,7.636753540272022,1.6970563422826717,43.41198163842045,17
962,14,9,68,14.688001750946114,0.002973327503279405,0.001569061793345332,215.77941176470588,157.7941176470588,164.64705882352942,-15.836058734094394,156.87276341284021,143.7382399825489,210,156,163,220,159,166,6.600000262260437,2.4000000953674316,2.4000000953674316,7.4215904210192845,2.0784610516732713,11.224972606362144,3
962,16,10,64,13.824001647949284,0.0027984258854394403,0.0014767640407956067,271.84375,108.015625,47.765625,17.80254554376006,127.00566663779318,73.6093769017607,270,107,44,273,110,52,2.4000000953674316,2.4000000953674316,5.400000214576721,6.378087741083216,2.4000000953674316,1.3416408398118889,17
962,9,11,58,12.528001493454038,0.0025360734586794926,0.0013383174119710184,144.58620689655172,107.96551724137932,115.20689655172414,-58.55198335236517,126.97560198142611,114.0741414407204,142,106,113,147,109,118,3.6000001430511475,2.4000000953674316,3.6000001430511475,5.628499135444567,2.4000000953674316,12.952220401628718,3
962,7,12,40,8.640001029968303,0.0017490161783996502,0.0009229775254972542,103.925,198.275,51.75,-82.94870845973492,181.16129378974438,76.0000019967556,101,196,51,107,201,53,4.200000166893005,3.6000001430511475,1.8000000715255737,5.817216060054983,1.6970563422826717,3.8418746951220877,6
962,2,13,26,5.616000669479397,0.0011368605159597727,0.0005999353915732152,56.76923076923077,111.73076923076923,123.53846153846153,-111.2421711224776,129.23475326483066,119.07308063140282,54,110,123,60,113,125,4.200000166893005,2.4000000953674316,1.8000000715255737,5.161395365320993,1.2000000476837158,19.293522995631925,3
962,13,14,21,4.536000540733359,0.0009182334936598163,0.0004845632008860584,205.33333333333334,160.61904761904762,163.28571428571428,-22.103706041971833,158.56772146338508,142.92143322740282,204,160,162,207,161,165,2.4000000953674316,1.2000000476837158,2.4000000953674316,3.6000001430511475,1.2000000476837158,1.8973666714956023,14
962,24,15,18,3.8880004634857364,0.0007870572802798426,0.0004153398864737644,320.3333333333333,70.72222222222223,210.61111111111111,46.8962966998418,104.62962408198251,171.3166724509663,319,70,209,322,71,212,2.4000000953674316,1.2000000476837158,2.4000000953674316,3.6000001430511475,1.2000000476837158,8.979978085089714,22
962,1,16,10,2.160000257492076,0.00043725404459991256,0.00023074438137431354,0.5,122.2,180.5,-145.00371092557907,135.51629197597504,153.2500050663948,0,121,179,1,123,182,1.2000000476837158,1.8000000715255737,2.4000000953674316,3.231099012673037,1.2000000476837158,46.4951628860942,2
962,25,17,9,1.9440002317428682,0.0003935286401399213,0.0002076699432368822,324.6666666666667,70.33333333333333,194.33333333333334,49.496296803156554,104.39629073937733,161.55000539620718,324,69,194,326,71,195,1.8000000715255737,1.8000000715255737,1.2000000476837158,2.8142495677222836,1.2000000476837158,5.161395365320993,22
962,5,18,6,1.2960001544952453,0.0002623524267599475,0.0001384466288245881,101.0,220.33333333333334,50.166666666666664,-84.70370852947235,194.39629431565604,75.05000195900598,100,219,50,102,221,51,1.8000000715255737,1.8000000715255737,1.2000000476837158,2.8142495677222836,1.2000000476837158,3.0000001192092896,4
962,20,19,5,1.080000128746038,0.00021862702229995628,0.00011537219068715677,296.4,189.8,25.4,32.536296129226685,176.07629358768463,60.190001368522644,296,189,25,297,190,26,1.2000000476837158,1.2000000476837158,1.2000000476837158,2.0784610516732713,1.2000000476837158,12.014991114133304,19
962,21,20,5,1.080000128746038,0.00021862702229995628,0.00011537219068715677,307.0,56.4,198.4,38.89629638195038,96.03629040718079,163.99000549316406,306,56,198,308,57,199,1.8000000715255737,1.2000000476837158,1.2000000476837158,2.4738634736730947,1.2000000476837158,2.2449945212724285,22
962,26,21,5,1.080000128746038,0.00021862702229995628,0.00011537219068715677,333.8,257.4,158.6,54.97629702091217,216.63629519939423,140.11000454425812,333,257,158,334,258,159,1.2000000476837158,1.2000000476837158,1.2000000476837158,2.0784610516732713,1.2000000476837158,56.902023314820795,6
962,18,22,4,0.8640001029968303,0.00017490161783996502,9.229775254972542e-05,276.0,163.5,0.5,20.296295642852783,160.29629296064377,45.25000077486038,276,163,0,276,164,1,0.6000000238418579,1.2000000476837158,1.2000000476837158,1.8000000715255737,1.2000000476837158,6.734983563817286,19
962,12,23,4,0.8640001029968303,0.00017490161783996502,9.229775254972542e-05,189.25,169.75,52.5,-31.75370642542839,164.04629310965538,76.450002014637,189,169,52,190,170,53,1.2000000476837158,1.2000000476837158,1.2000000476837158,2.0784610516732713,1.2000000476837158,1.8973666714956023,6
962,23,24,4,0.8640001029968303,0.00017490161783996502,9.229775254972542e-05,312.0,102.5,198.5,41.89629650115967,123.69629150629044,164.05000549554825,312,102,198,312,103,199,0.6000000238418579,1.2000000476837158,1.2000000476837158,1.8000000715255737,1.2000000476837158,20.025983917695438,25
962,15,25,4,0.8640001029968303,0.00017490161783996502,9.229775254972542e-05,236.25,86.5,147.25,-3.5537053048610687,114.09629112482071,133.30000427365303,236,86,147,237,87,148,1.2000000476837158,1.2000000476837158,1.2000000476837158,2.0784610516732713,1.2000000476837158,43.984544487255704,14
962,8,26,1,0.21600002574920757,4.3725404459991255e-05,2.3074438137431354e-05,107.0,182.0,165.0,-81.1037083864212,171.39629340171814,143.950004696846,107,182,165,107,182,165,0.6000000238418579,0.6000000238418579,0.6000000238418579,1.0392305258366357,1.2000000476837158,3.2863354756182304,3
963,5,1,37016,7995.456953132667,1.0,0.6012311790407199,132.38926410200995,149.03463367192566,126.74130105900151,-56.376985257388014,166.61023688141796,225.99478060539118,61,68,18,197,246,174,82.20000326633453,107.40000426769257,94.20000374317169,164.8188161554965,7.099296021820207,inf,-1
963,10,2,23044,4977.504593364739,0.6225416036308623,0.3742914223528839,221.79027078632183,178.06075334143378,73.30771567436209,-2.736379115314776,184.02590937515944,193.9346281006516,132,89,18,277,242,137,87.60000348091125,92.40000367164612,72.00000286102295,146.27208106936607,5.878775616281173,13.281566700469215,5
963,12,3,436,94.1760112266545,0.011778690296088178,0.007081715854272581,225.35321100917432,214.7545871559633,146.9105504587156,-0.5986148966561871,206.04221053872632,238.096330726092,213,205,138,231,230,151,11.4000004529953,15.600000619888306,8.40000033378601,21.0684606764807,2.6832816796237777,1.8000000715255737,10
963,4,4,378,81.64800973320047,0.010211800302571862,0.006139652736043661,62.383597883597886,132.52116402116403,80.04497354497354,-98.3803866575004,156.70215469724917,197.9769829836472,59,124,76,67,142,87,5.400000214576721,11.4000004529953,7.200000286102295,14.524462701442515,3.3941126845653433,2.4000000953674316,5
963,7,5,235,50.760006051063776,0.006348606008212665,0.0038169798755826987,81.05531914893616,117.71063829787234,126.25106382978723,-87.1773534531289,147.81583891016373,225.70063825617444,75,114,120,88,121,134,8.40000033378601,4.800000190734863,9.000000357627869,13.213629852389598,2.6832816796237777,12.840561245657659,5
963,9,6,204,44.06400525283834,0.005511130322022909,0.003313463381356896,103.6421568627451,226.7549019607843,111.84803921568627,-73.62525028633137,213.24239970772874,217.058823144319,100,224,105,107,231,120,4.800000190734863,4.800000190734863,9.600000381469727,11.757551232562346,2.6832816796237777,4.2426408557066795,5
963,11,7,176,38.01600453186053,0.004754700669980549,0.0028586742897981064,215.5340909090909,235.4034090909091,144.20454545454547,-6.4900871908122895,218.4315041920001,236.47272765907377,209,232,141,222,239,148,8.40000033378601,4.800000190734863,4.800000190734863,10.800000429153442,2.6832816796237777,1.6970563422826717,12
963,2,8,27,5.832000695228604,0.0007294143073265615,0.0004385466240031186,54.629629629629626,148.33333333333334,156.14814814814815,-103.03276779475036,166.18945666154227,243.63888955999306,53,148,154,58,149,158,3.6000001430511475,1.2000000476837158,3.0000001192092896,4.837354841198334,1.2000000476837158,25.178563310534916,5
963,6,9,24,5.184000617980981,0.0006483682731791658,0.0003898192213361054,61.541666666666664,176.41666666666666,115.20833333333333,-98.88554540773234,183.0394573311011,219.07499969502288,61,174,114,62,179,117,1.2000000476837158,3.6000001430511475,2.4000000953674316,4.489989042544857,1.2000000476837158,23.43074995877428,5
963,1,10,15,3.2400003862381137,0.00040523017073697867,0.0002436370133350659,53.333333333333336,149.2,136.4,-103.81054560343424,166.7094566822052,231.7900002002716,52,148,136,55,151,137,2.4000000953674316,2.4000000953674316,1.2000000476837158,3.6000001430511475,1.2000000476837158,10.200000405311584,2
963,3,11,11,2.376000283241283,0.0002971687918737843,0.00017866714311238165,59.0,117.81818181818181,171.63636363636363,-100.41054546833038,147.88036502491343,252.93181922219014,57,117,171,61,119,172,3.0000001192092896,1.8000000715255737,1.2000000476837158,3.6986485487524687,1.2000000476837158,19.3214913934926,2
963,8,12,1,0.21600002574920757,2.7015344715798574e-05,1.624246755567106e-05,96.0,218.0,118.0,-78.21054458618164,207.98945832252502,220.74999976158142,96,218,118,96,218,118,0.6000000238418579,0.6000000238418579,0.6000000238418579,1.0392305258366357,1.2000000476837158,2.8142495677222836,5
964,2,1,23388,5051.808602222467,1.0,0.5519552545252874,223.4905079527963,220.24717804002051,108.51667521806054,0.2896226001066964,185.34362457511423,101.06000848101493,115,146,47,267,271,190,91.80000364780426,75.6000030040741,86.40000343322754,146.99510780027552,6.000000238418579,inf,-1
964,1,2,18853,4072.2484854498102,0.806097143834445,0.4449295541972482,135.27205219328488,179.33915026786187,175.59194823105076,-52.64145295889203,160.79880693649568,141.3051738880082,54,114,114,190,263,209,82.20000326633453,90.00000357627869,57.60000228881836,134.81320945807747,5.3665633592475555,29.74088213714138,2
964,4,3,58,12.528001493454038,0.002479904224388575,0.0013687961673707312,299.9310344827586,103.48275862068965,97.46551724137932,46.15394034056828,115.28497013963502,94.42931343152605,299,101,94,302,106,101,2.4000000953674316,3.6000001430511475,4.800000190734863,6.462198025346074,1.6970563422826717,63.353297617215276,2
964,3,4,51,11.016001313209586,0.0021806054386865055,0.001203596629929436,184.05882352941177,274.54901960784315,162.45098039215685,-23.36938899404862,217.9247308104646,133.42059287136675,180,274,161,188,276,164,5.400000214576721,1.8000000715255737,2.4000000953674316,6.177378330059151,1.6970563422826717,14.324804232792541,2
964,5,5,23,4.968000592231774,0.000983410295878228,0.0005427984801642555,304.5217391304348,102.91304347826087,95.8695652173913,48.90836323862493,114.94314104059468,93.47174217908278,304,101,94,305,104,98,1.2000000476837158,2.4000000953674316,3.0000001192092896,4.024922519435666,1.2000000476837158,1.3416408398118889,4
965,3,1,20217,4366.872520571729,1.0,0.5260323159784559,188.2020082109116,178.24588217836475,81.6835831231142,-23.885431211367504,155.64089293173186,109.46015258429637,64,115,46,234,238,171,102.6000040769577,74.40000295639038,75.6000030040741,147.57195441789963,5.230678940097307,inf,-1
965,4,2,15745,3400.9204054212732,0.7788000197853292,0.40967397809174405,125.97161003493173,171.10346141632263,155.19161638615432,-61.22367160064374,151.355440304218,153.5649742946885,66,103,62,196,235,184,78.60000312328339,79.8000031709671,73.80000293254852,134.13590656461335,5.230678940097307,28.85619632202869,3
965,12,3,1211,261.57603118229036,0.05990008408764901,0.031509379959930264,156.3443435177539,112.50867052023122,71.02394715111478,-43.000030786808026,116.19856436955448,103.06437074695117,136,106,65,170,119,80,21.000000834465027,8.40000033378601,9.600000381469727,24.570715251684387,4.947726947346189,3.231099012673037,3
965,11,4,290,62.640007467270195,0.0143443636543503,0.007545598834335076,134.55862068965519,153.5103448275862,176.52758620689656,-56.07146500307937,140.79956993152354,166.36655669582302,124,150,174,144,156,179,12.600000500679016,4.200000166893005,3.6000001430511475,13.760814476221274,3.3941126845653433,4.024922519435666,4
965,9,5,259,55.94400666904476,0.012811000643023198,0.006739000338250981,109.18532818532819,177.0,52.988416988416986,-71.29544111062201,154.89336359500885,92.24305221933196,100,173,51,120,180,55,12.600000500679016,4.800000190734863,3.0000001192092896,13.813037868746393,2.6832816796237777,11.0797116278398,3
965,10,6,213,46.00800548458121,0.010535687787505564,0.005542112247287487,129.39906103286384,135.96244131455398,52.225352112676056,-59.16720092016767,130.2708274053296,91.7852132756945,122,131,50,136,145,55,9.000000357627869,9.000000357627869,3.6000001430511475,13.22724513663264,2.6832816796237777,5.019960358679748,3
965,13,7,195,42.12000502109547,0.009645347974476925,0.005073764733432206,188.1846153846154,238.42564102564103,86.16410256410256,-23.895866907559906,191.74874967489487,112.14846435571329,180,236,79,196,241,93,10.200000405311584,3.6000001430511475,9.000000357627869,14.07124783861142,2.4000000953674316,1.2000000476837158,3
965,5,8,128,27.64800329589857,0.006331305337092546,0.0033304712096375506,79.9453125,114.5390625,96.9765625,-88.83945121895522,117.41679960582405,118.63594057504088,77,111,93,83,118,100,4.200000166893005,4.800000190734863,4.800000190734863,7.982481134585331,2.6832816796237777,9.63742742548235,3
965,2,9,121,26.136003115654116,0.005985062076470297,0.0031483360653604972,61.93388429752066,149.1900826446281,134.60330578512398,-99.64630856986872,138.20741251874563,141.21198744320674,58,147,129,66,151,140,5.400000214576721,3.0000001192092896,7.200000286102295,9.48683335747801,2.4000000953674316,21.757758101938087,4
965,8,10,27,5.832000695228604,0.001335509719542959,0.0007025212707829208,100.66666666666667,176.2962962962963,50.0,-76.40663822491963,154.471141356009,90.45000195503235,100,174,49,102,178,51,1.8000000715255737,3.0000001192092896,1.8000000715255737,3.934463270922718,1.6970563422826717,0.8485281711413358,9
965,6,11,12,2.5920003089904906,0.0005935598753524262,0.0003122316759035204,92.75,183.58333333333334,49.583333333333336,-81.15663841366768,158.84336375196776,90.20000194509825,91,182,49,94,185,50,2.4000000953674316,2.4000000953674316,1.2000000476837158,3.6000001430511475,1.2000000476837158,4.32666170248287,8
965,7,12,10,2.160000257492076,0.0004946332294603552,0.0002601930632529337,95.1,181.1,54.6,-79.74663835763931,157.35336369276047,93.2100020647049,94,180,54,96,182,55,1.8000000715255737,1.8000000715255737,1.2000000476837158,2.8142495677222836,1.2000000476837158,2.4000000953674316,9
965,15,13,2,0.43200005149841514,9.892664589207104e-05,5.203861265058673e-05,296.0,81.0,177.5,40.79336643218994,97.29336130619049,166.95000499486923,296,81,177,296,81,178,0.6000000238418579,0.6000000238418579,1.2000000476837158,1.4696939040702932,1.2000000476837158,73.92915821487834,4
965,1,14,1,0.21600002574920757,4.946332294603552e-05,2.6019306325293364e-05,57.0,150.0,128.0,-102.6066392660141,138.6933629512787,137.25000381469727,57,150,128,57,150,128,0.6000000238418579,0.6000000238418579,0.6000000238418579,1.0392305258366357,1.2000000476837158,0.8485281711413358,2
965,14,15,1,0.21600002574920757,4.946332294603552e-05,2.6019306325293364e-05,294.0,83.0,178.0,39.593366384506226,98.4933613538742,167.25000500679016,294,83,178,294,83,178,0.6000000238418579,0.6000000238418579,0.6000000238418579,1.0392305258366357,1.2000000476837158,1.6970563422826717,15
965,16,16,1,0.21600002574920757,4.946332294603552e-05,2.6019306325293364e-05,297.0,79.0,178.0,41.3933664560318,96.09336125850677,167.25000500679016,297,79,178,297,79,178,0.6000000238418579,0.6000000238418579,0.6000000238418579,1.0392305258366357,1.2000000476837158,1.3416408398118889,15
966,3,1,21660,4678.560557727836,1.0,0.5121535987893691,180.4793628808864,177.1287626962142,81.1775623268698,-11.047338906004825,184.4423009033073,95.15654009448525,73,107,28,239,231,150,100.20000398159027,75.00000298023224,73.80000293254852,145.29790665315767,5.091169026848015,inf,-1
966,2,2,20409,4408.3445255155775,0.9422437673130195,0.4825735363662158,102.35944926258023,154.5845950316037,132.9472291636043,-57.91928893951242,170.91579976704617,126.21834143081098,51,83,47,152,257,175,61.20000243186951,105.00000417232513,77.40000307559967,144.08747915746173,5.499091052461245,5.939697197989351,3
966,5,3,116,25.056002986908076,0.005355493998153278,0.002742835524449068,115.00862068965517,179.22413793103448,40.439655172413794,-50.329785781687704,185.69952609415714,70.71379483054424,111,176,38,118,183,43,4.800000190734863,4.800000190734863,3.6000001430511475,7.683749390244175,2.6832816796237777,0.8485281711413358,3
966,6,4,100,21.600002574920758,0.0046168051708217915,0.0023645133831457486,180.87,196.16,164.07,-10.812956625223151,195.86104373931886,144.89200467467307,179,192,160,183,202,167,3.0000001192092896,6.600000262260437,4.800000190734863,8.694826393215008,2.4000000953674316,7.2993153264065835,3
966,7,5,3,0.6480000772476227,0.00013850415512465372,7.093540149437244e-05,184.66666666666666,235.0,128.33333333333334,-8.534956534703582,219.1650446653366,123.45000382264456,184,235,128,185,235,129,1.2000000476837158,0.6000000238418579,1.2000000476837158,1.8000000715255737,1.2000000476837158,3.231099012673037,3
966,1,6,2,0.43200005149841514,9.233610341643583e-05,4.729026766291497e-05,50.0,144.5,79.0,-89.3349597454071,164.86504250764847,93.85000264644623,50,144,79,50,145,79,0.6000000238418579,1.2000000476837158,0.6000000238418579,1.4696939040702932,1.2000000476837158,1.9899749532877369,2
966,4,7,1,0.21600002574920757,4.616805170821792e-05,2.3645133831457484e-05,92.0,201.0,30.0,-64.13495874404907,198.76504385471344,64.45000147819519,92,201,30,92,201,30,0.6000000238418579,0.6000000238418579,0.6000000238418579,1.0392305258366357,1.2000000476837158,11.030866224837366,3
966,8,8,1,0.21600002574920757,4.616805170821792e-05,2.3645133831457484e-05,196.0,146.0,134.0,-1.7349562644958496,165.76504254341125,126.85000395774841,196,146,134,196,146,134,0.6000000238418579,0.6000000238418579,0.6000000238418579,1.0392305258366357,1.2000000476837158,1.2000000476837158,3
967,4,1,20062,4333.392516580602,1.0,0.5389533634214485,210.1790948061011,190.21927026218722,106.25889741800418,-3.211874042779229,173.31223075499315,101.7053417471515,102,116,52,256,256,173,93.00000369548798,84.60000336170197,73.20000290870667,145.47990129909846,5.499091052461245,inf,-1
967,3,2,16848,3639.168433822649,0.8397966304456186,0.45261121856866543,122.56095679012346,190.94931149097815,151.41126543209876,-55.78275894134501,173.75025550967325,128.79676363212457,82,105,32,170,259,200,53.400002121925354,93.00000369548798,101.40000402927399,147.58902984679852,5.091169026848015,29.57093284788711,4
967,5,3,289,62.424007441520985,0.014405343435350413,0.0077638082957231895,112.37716262975779,156.99653979238755,169.64705882352942,-61.89303568036499,153.37859168102173,139.73824010175818,107,154,163,119,160,175,7.800000309944153,4.200000166893005,7.800000309944153,11.803389812768154,2.9393878081405864,6.378087741083216,3
967,2,4,15,3.2400003862381137,0.0007476821852258,0.0004029658284977434,54.06666666666667,97.2,151.4,-96.87933464845021,117.50066637992859,128.79000437259674,52,96,151,57,98,152,3.6000001430511475,1.8000000715255737,1.2000000476837158,4.200000166893005,1.2000000476837158,34.94967949888111,3
967,7,5,8,1.7280002059936606,0.00039876383212042666,0.00021491510853212983,121.5,113.25,143.5,-56.419333040714264,127.13066676259041,124.05000418424606,121,112,143,122,114,144,1.2000000476837158,1.8000000715255737,1.2000000476837158,2.4738634736730947,1.2000000476837158,1.6970563422826717,3
967,1,6,1,0.21600002574920757,4.984547901505333e-05,2.686438856651623e-05,43.0,96.0,151.0,-103.51933491230011,116.78066635131836,128.55000436306,43,96,151,43,96,151,0.6000000238418579,0.6000000238418579,0.6000000238418579,1.0392305258366357,1.2000000476837158,5.433231298779655,2
967,6,7,1,0.21600002574920757,4.984547901505333e-05,2.686438856651623e-05,114.0,229.0,35.0,-60.9193332195282,196.58066952228546,58.95000159740448,114,229,35,114,229,35,0.6000000238418579,0.6000000238418579,0.6000000238418579,1.0392305258366357,1.2000000476837158,6.000000238418579,3
968,1,1,12087,2610.792311230672,1.0,0.4955516378992252,121.08488458674609,161.57309506080912,166.7785223794159,-59.169378861063734,164.62354838868825,163.51711816689883,82,96,101,165,249,206,50.400002002716064,92.40000367164612,63.60000252723694,122.97512432137869,5.091169026848015,inf,-1
968,10,2,11850,2559.6003051281095,0.980392156862745,0.48583493911688735,203.37679324894515,175.67957805907173,117.53535864978903,-9.79423170175231,173.08743852397058,133.97121875507418,140,113,79,240,209,179,60.60000240802765,58.20000231266022,60.60000240802765,103.59517774925418,4.947726947346189,20.601942474714885,1
968,5,3,274,59.184007055282876,0.022668983205096385,0.01123365175679554,98.47080291970804,129.51459854014598,177.41970802919707,-72.73782840044828,145.38844971195624,169.90182981047315,93,126,171,107,133,183,9.000000357627869,4.800000190734863,7.800000309944153,12.840561245657659,2.9393878081405864,8.094442859583474,1
968,9,4,85,18.360002188682643,0.007032348804500702,0.0034848919683489812,141.76470588235293,106.17647058823529,104.91764705882353,-46.761485590654274,131.3855723843855,126.40059149966521,138,105,102,146,108,108,5.400000214576721,2.4000000953674316,4.200000166893005,7.249827872239009,2.4000000953674316,7.636753540272022,10
968,7,5,35,7.560000901222265,0.002895673037147348,0.0014349555163789924,104.51428571428572,245.11428571428573,73.08571428571429,-69.11173857961381,214.7482647725514,107.30143107686723,103,244,70,105,246,77,1.8000000715255737,1.8000000715255737,4.800000190734863,5.433231298779655,1.6970563422826717,15.760711270150809,1
968,3,6,23,4.968000592231774,0.001902870852982543,0.0009429707679061949,90.56521739130434,119.3913043478261,103.95652173913044,-77.48117990597436,139.31447295520616,125.82391628493434,89,117,103,92,121,105,2.4000000953674316,3.0000001192092896,1.8000000715255737,4.2426408557066795,1.6970563422826717,2.0784610516732713,1
968,6,7,23,4.968000592231774,0.001902870852982543,0.0009429707679061949,101.6086956521739,168.7391304347826,191.04347826086956,-70.85509268615557,168.92316978392392,178.07609227429265,100,167,189,104,170,193,3.0000001192092896,2.4000000953674316,3.0000001192092896,4.874423236473746,1.6970563422826717,7.4215904210192845,1
968,12,8,6,1.2960001544952453,0.0004964010920824025,0.00024599237423639865,194.16666666666666,194.16666666666666,193.66666666666666,-15.320307870705932,184.17969212929407,179.6500053803126,194,194,192,195,195,195,1.2000000476837158,1.2000000476837158,2.4000000953674316,2.9393878081405864,1.2000000476837158,8.674099721558317,10
968,2,9,3,0.6480000772476227,0.00024820054604120126,0.00012299618711819933,88.0,122.33333333333333,103.33333333333333,-79.0203104019165,141.07969041665393,125.4500032265981,88,122,103,88,123,104,0.6000000238418579,1.2000000476837158,1.2000000476837158,1.8000000715255737,1.2000000476837158,0.8485281711413358,3
968,4,10,2,0.43200005149841514,0.00016546703069413417,8.199745807879956e-05,93.0,116.5,106.0,-76.02031028270721,137.57969027757645,127.05000329017639,93,116,106,93,117,106,0.6000000238418579,1.2000000476837158,0.6000000238418579,1.4696939040702932,1.2000000476837158,0.8485281711413358,3
968,11,11,2,0.43200005149841514,0.00016546703069413417,8.199745807879956e-05,151.0,108.5,110.0,-41.220308899879456,132.77969008684158,129.45000338554382,151,108,110,151,109,110,0.6000000238418579,1.2000000476837158,0.6000000238418579,1.4696939040702932,1.2000000476837158,3.2863354756182304,9
968,8,12,1,0.21600002574920757,8.273351534706709e-05,4.099872903939978e-05,106.0,244.0,66.0,-68.22030997276306,214.07969331741333,103.05000233650208,106,244,66,106,244,66,0.6000000238418579,0.6000000238418579,0.6000000238418579,1.0392305258366357,1.2000000476837158,2.4738634736730947,7
969,3,1,24264,5241.024624778773,1.0,0.6295796574987027,112.01669139465875,166.42865974282887,130.19642268381142,-55.6200606175187,161.02712168866577,-198.4321310785573,61,96,10,169,239,185,65.40000259876251,86.40000343322754,105.60000419616699,151.30592129659158,6.572670951236461,inf,-1
969,11,2,12496,2699.136321762098,0.5150016485328058,0.32423456149455115,214.95934699103714,191.663652368758,86.18806017925736,6.145535194652496,176.16811786587238,-224.83714963053086,159,132,30,253,241,169,57.0000022649765,66.00000262260437,84.00000333786011,121.08262123505429,5.3665633592475555,28.75621786184161,3
969,8,3,618,133.4880159130103,0.025469831849653807,0.016035288012454595,155.64077669902912,106.80906148867314,85.12297734627832,-29.445608394817242,125.25536131473035,-225.47619935571183,137,100,75,168,113,101,19.200000762939453,8.40000033378601,16.200000643730164,26.488489118130886,3.3941126845653433,12.600000500679016,3
969,6,4,555,119.8800142908102,0.02287339268051434,0.014400622729631551,97.11711711711712,240.96396396396398,46.913513513513514,-64.55980553927722,205.74830599840698,-248.40187856635532,84,236,34,109,244,57,15.600000619888306,5.400000214576721,14.40000057220459,21.90616438670715,3.3941126845653433,0.8485281711413358,3
969,7,5,222,47.95200571632408,0.009149357072205737,0.00576024909185262,110.28828828828829,183.88288288288288,13.288288288288289,-56.65710252254934,171.4996559888393,-268.5770145031783,103,174,10,116,195,17,8.40000033378601,13.200000524520874,4.800000190734863,16.36581868670221,2.0784610516732713,9.000000357627869,3
969,2,6,137,29.592003527641438,0.005646224859874711,0.0035547483134405816,58.99270072992701,193.5036496350365,95.5036496350365,-87.4344562805482,177.27211626950844,-219.2477957349624,57,189,92,61,197,100,3.0000001192092896,5.400000214576721,5.400000214576721,8.20487692473891,2.6832816796237777,2.163330851241435,3
969,5,7,108,23.328002780914417,0.004451038575667656,0.002802283341982356,65.52777777777777,138.99074074074073,88.86111111111111,-83.51340989602937,144.56436963324194,-223.2333190076881,63,133,85,69,142,91,4.200000166893005,6.000000238418579,4.200000166893005,8.44274870316685,2.4000000953674316,1.8973666714956023,3
969,9,8,52,11.232001338958794,0.002143092647543686,0.001349247535028542,152.23076923076923,108.25,67.3076923076923,-31.491612957074096,126.11992445588112,-236.16537080361292,149,107,65,155,110,69,4.200000166893005,2.4000000953674316,3.0000001192092896,5.692100014486806,1.6970563422826717,7.224957034369364,8
969,13,9,51,11.016001313209586,0.0021018793273986152,0.0013233004670472237,191.35294117647058,221.62745098039215,170.41176470588235,-8.018308856908021,194.1463977472455,-174.30292490650626,189,216,167,193,225,173,3.0000001192092896,6.000000238418579,4.200000166893005,7.914543889459457,1.6970563422826717,1.6970563422826717,11
969,12,10,21,4.536000540733359,0.0008654797230464886,0.0005448884276076804,181.1904761904762,151.9047619047619,31.19047619047619,-14.115788090796684,152.31278263954889,-257.8357013350441,179,151,30,184,153,32,3.6000001430511475,1.8000000715255737,1.8000000715255737,4.40908171221088,1.6970563422826717,6.600000262260437,11
969,1,11,9,1.9440002317428682,0.000370919881305638,0.000233523611831863,46.44444444444444,109.77777777777777,95.11111111111111,-94.96341035101149,127.03659115897284,-219.48331885867648,45,108,95,48,111,96,2.4000000953674316,2.4000000953674316,1.2000000476837158,3.6000001430511475,1.2000000476837158,18.159295862091426,3
969,4,12,6,1.2960001544952453,0.0002472799208704253,0.00015568240788790865,62.5,143.5,82.0,-85.33007663488388,147.2699252963066,-227.3499858379364,62,143,81,63,144,83,1.2000000476837158,1.2000000476837158,1.8000000715255737,2.4738634736730947,1.2000000476837158,2.2449945212724285,5
969,10,13,1,0.21600002574920757,4.121332014507089e-05,2.5947067981318112e-05,153.0,151.0,29.0,-31.03007447719574,151.76992547512054,-259.14998710155487,153,151,29,153,151,29,0.6000000238418579,0.6000000238418579,0.6000000238418579,1.0392305258366357,1.2000000476837158,3.9799499065754738,11
970,4,1,9796,2115.9362522392375,1.0,0.4747274048945967,122.19824418129849,142.7375459371172,120.60004083299306,-50.00038651528773,152.3231950278986,197.81002432336706,70,84,64,165,202,149,57.60000228881836,71.40000283718109,51.60000205039978,105.25341267827191,4.947726947346189,inf,-1
970,13,2,7310,1578.9601882267073,0.7462229481420987,0.35425248364429374,206.65485636114911,178.67400820793435,60.47236662106703,0.6735828062251841,173.8850732471809,161.73341836265598,166,127,17,234,213,119,41.400001645088196,52.20000207424164,61.800002455711365,90.87376219949336,4.156922103346543,23.834429826344557,4
970,1,3,2189,472.8240563650154,0.22345855451204572,0.10608189968500124,67.8698035632709,112.63590680676108,78.58702603928735,-82.59745218139524,134.26221083200593,172.6022144454753,47,91,37,103,149,108,34.2000013589859,35.40000140666962,43.20000171661377,65.4907653097922,3.6000001430511475,10.632027510480409,4
970,11,4,472,101.95201215362597,0.04818293180890159,0.022873758177853167,116.90889830508475,91.02542372881356,103.3707627118644,-53.17399416712381,121.29592047000335,187.47245703991186,112,86,94,121,97,113,6.000000238418579,7.200000286102295,12.000000476837158,15.22629365357795,2.9393878081405864,1.2000000476837158,4
970,5,5,331,71.49600852298771,0.0337893017558187,0.016040707535740252,74.26283987915407,196.12990936555892,7.942598187311178,-78.76163023944349,184.3586143579368,130.2155560499952,70,184,2,77,203,17,4.800000190734863,12.000000476837158,9.600000381469727,16.099690077742665,2.6832816796237777,30.600001215934753,4
970,2,6,299,64.58400769901306,0.030522662311147402,0.014489944269445118,72.33779264214047,167.53846153846155,105.81605351170569,-79.91665862754834,167.20374498000513,188.93963157811692,66,163,100,80,173,111,9.000000357627869,6.600000262260437,7.200000286102295,13.281566700469215,2.9393878081405864,4.024922519435666,4
970,14,7,78,16.84800200843819,0.00796243364638628,0.003779985461594379,204.8846153846154,220.7051282051282,85.82051282051282,-0.38856182190087907,199.10374624759723,176.94230668667035,201,218,84,209,224,87,5.400000214576721,4.200000166893005,2.4000000953674316,7.249827872239009,2.0784610516732713,7.84601841014596,13
970,12,8,69,14.904001776695322,0.007043691302572478,0.003343833292948874,127.43478260869566,140.8840579710145,131.97101449275362,-46.85846333400063,151.2111022040464,204.63260879032853,124,140,130,132,142,134,5.400000214576721,1.8000000715255737,3.0000001192092896,6.434283432533607,2.4000000953674316,3.231099012673037,4
970,15,9,50,10.800001287460379,0.005104124132298897,0.002423067603586141,218.1,219.92,85.92,7.54066926240921,198.6326693058014,177.0019989967346,214,219,84,221,221,88,4.800000190734863,1.8000000715255737,3.0000001192092896,5.939697197989351,2.0784610516732713,3.0000001192092896,14
970,9,10,18,3.8880004634857364,0.001837484687627603,0.0008723043372910106,107.11111111111111,91.33333333333333,109.72222222222223,-59.05266671710544,121.48066624005635,191.28333289755716,105,90,108,109,92,111,3.0000001192092896,1.8000000715255737,2.4000000953674316,4.2426408557066795,1.2000000476837158,1.4696939040702932,1
970,8,11,12,2.5920003089904906,0.0012249897917517353,0.0005815362248606737,102.5,92.41666666666667,95.41666666666667,-61.819333493709564,122.13066626588504,182.69999922315282,101,92,95,104,93,96,2.4000000953674316,1.2000000476837158,1.2000000476837158,2.9393878081405864,1.2000000476837158,3.8418746951220877,1
970,6,12,4,0.8640001029968303,0.00040832993058391177,0.00019384540828689125,77.0,182.0,5.5,-77.11933410167694,175.88066840171814,128.7499970793724,77,181,5,77,183,6,0.6000000238418579,1.8000000715255737,1.2000000476837158,2.2449945212724285,1.2000000476837158,0.8485281711413358,5
970,7,13,4,0.8640001029968303,0.00040832993058391177,0.00019384540828689125,78.0,177.5,6.5,-76.51933407783508,173.18066829442978,129.34999710321426,78,177,6,78,178,7,0.6000000238418579,1.2000000476837158,1.2000000476837158,1.8000000715255737,1.2000000476837158,1.8973666714956023,6
970,3,14,2,0.43200005149841514,0.00020416496529195588,9.692270414344562e-05,69.0,203.0,18.5,-81.9193342924118,188.48066890239716,136.54999738931656,69,203,18,69,203,19,0.6000000238418579,0.6000000238418579,1.2000000476837158,1.4696939040702932,1.2000000476837158,0.8485281711413358,5
970,10,15,1,0.21600002574920757,0.00010208248264597794,4.846135207172281e-05,112.0,88.0,95.0,-56.119333267211914,119.4806661605835,182.4499992132187,112,88,95,112,88,95,0.6000000238418579,0.6000000238418579,0.6000000238418579,1.0392305258366357,1.2000000476837158,1.2000000476837158,11
971,1,1,15654,3381.2644030780953,1.0,0.5753877821068881,122.1099399514501,148.2734764277501,149.5026830203143,-69.5523924928021,127.64573001676521,143.65161413954974,74,94,77,176,217,198,61.800002455711365,74.40000295639038,73.20000290870667,121.29650105947611,5.3665633592475555,inf,-1
971,10,2,8802,1901.232226644525,0.5622844001533155,0.3235315739175182,218.84412633492389,180.01931379231993,92.22847080209043,-11.511878356395101,146.69323319238686,109.2870854430918,178,121,42,240,210,165,37.80000150203705,54.00000214576721,74.40000295639038,99.39919911753698,4.32666170248287,31.309424745684108,1
971,3,3,1138,245.80802930259821,0.0726970742302287,0.0418290083069911,105.41827768014059,200.33128295254832,23.51933216168717,-79.56739025354804,158.88041517279896,68.06160062069632,100,180,12,111,214,43,7.200000286102295,21.000000834465027,19.200000762939453,29.35098070702716,3.6000001430511475,28.22552148879519,1
971,8,4,643,138.88801655674047,0.04107576338316085,0.02363449239138425,198.92068429237946,122.9751166407465,56.89424572317263,-23.465944056933637,112.46671354140317,88.08654955330755,173,115,50,219,137,63,28.200001120567322,13.800000548362732,8.40000033378601,32.499847444909875,2.6832816796237777,3.4467377248838638,10
971,4,5,304,65.66400782775911,0.019419956560623484,0.011174005734029258,108.61842105263158,104.83552631578948,131.84868421052633,-77.6473041537561,101.58295891394741,133.05921443277285,103,103,125,115,107,139,7.800000309944153,3.0000001192092896,9.000000357627869,12.281694182305893,2.9393878081405864,2.4738634736730947,1
971,5,6,303,65.4480078020099,0.0193560751245688,0.01113724913621995,105.91089108910892,215.8118811881188,70.25412541254126,-79.27182219642224,168.16877448322748,96.10247768545308,103,214,60,108,218,78,3.6000001430511475,3.0000001192092896,11.4000004529953,12.32558364027915,2.9393878081405864,7.200000286102295,1
971,7,7,187,40.392004815101814,0.01194582854222563,0.006873483790340365,167.7807486631016,114.9572192513369,65.70053475935829,-42.149906176934266,107.65597491659582,93.37032318497725,158,113,62,176,118,72,11.4000004529953,3.6000001430511475,6.600000262260437,13.655768554720717,2.0784610516732713,3.9799499065754738,8
971,11,8,148,31.96800381088272,0.009454452536093012,0.005439976475777402,206.6283783783784,178.24324324324326,28.594594594594593,-18.841327421568536,145.62759082059603,71.10675820144448,201,175,26,213,182,31,7.800000309944153,4.800000190734863,3.6000001430511475,9.84073207114958,2.6832816796237777,13.708392135277576,10
971,2,9,14,3.024000360488906,0.0008943401047655552,0.0005145923693302947,82.71428571428571,180.71428571428572,129.21428571428572,-93.18978597436633,147.11021636213576,131.47857527221953,82,180,127,84,181,131,1.8000000715255737,1.2000000476837158,3.0000001192092896,3.6986485487524687,1.2000000476837158,2.2449945212724285,1
971,9,10,8,1.7280002059936606,0.0005110514884374601,0.00029405278247445415,175.75,114.625,62.25,-37.36835518479347,107.45664335787296,91.30000224709511,175,114,61,177,115,63,1.8000000715255737,1.2000000476837158,1.8000000715255737,2.8142495677222836,1.2000000476837158,1.8000000715255737,8
971,6,11,5,1.080000128746038,0.0003194071802734126,0.00018378298904653384,115.0,108.6,64.2,-73.81835663318634,103.84164321422577,92.47000229358673,115,108,63,115,109,65,0.6000000238418579,1.2000000476837158,1.8000000715255737,2.2449945212724285,1.2000000476837158,9.859006426854691,1
972,1,1,15386,3323.3763961773075,1.0,0.5716090203217298,106.36734693877551,131.60951514363708,140.54335109840113,-55.52040961323952,160.12489191149763,96.77601381912042,49,69,73,149,205,176,60.60000240802765,82.20000326633453,62.40000247955322,119.67857426576661,5.499091052461245,inf,-1
972,9,2,10116,2185.056260478984,0.6574808267255947,0.37582197124493816,192.46975088967972,166.14936733886913,102.97321075523922,-3.8589651898557236,180.84880405213107,74.23392871748132,161,112,56,220,215,164,36.000001430511475,62.40000247955322,65.40000259876251,97.29810251162773,4.947726947346189,30.411183362369854,1
972,4,3,699,150.9840179986961,0.04543091121799038,0.025968718653638964,97.43204577968527,101.65808297567955,62.795422031473535,-60.88159052172785,142.1540318966253,50.127254525308786,87,89,58,110,117,67,14.40000057220459,17.40000069141388,6.000000238418579,23.369211441589528,3.3941126845653433,3.9799499065754738,1
972,5,4,256,55.29600659179714,0.016638502534771872,0.009510718133521567,95.2265625,218.56640625,97.73046875,-62.20488054212183,212.2990286485292,71.08828338934109,90,211,88,98,222,106,5.400000214576721,7.200000286102295,11.4000004529953,14.524462701442515,2.6832816796237777,8.674099721558317,1
972,3,5,109,23.544002806663624,0.007084362407383336,0.004049485455288479,79.13761467889908,210.13761467889907,100.3302752293578,-71.85824961837278,207.2417535049106,72.64816733893997,75,209,96,83,212,104,5.400000214576721,2.4000000953674316,5.400000214576721,8.00499875656586,2.4000000953674316,4.9839745157961906,1
972,8,6,101,21.816002600669965,0.006564409203171715,0.003752275513615931,141.34653465346534,87.6930693069307,75.58415841584159,-34.53289615045681,133.77502336242412,57.800496660836856,138,85,74,145,90,78,4.800000190734863,3.6000001430511475,3.0000001192092896,6.708204199059444,2.4000000953674316,13.747727631153113,1
972,13,7,77,16.632001982688983,0.0050045495905368526,0.002860645688598284,192.2077922077922,153.35064935064935,135.74025974025975,-4.016140405233799,173.169572954054,93.89415888972097,191,148,133,194,157,138,2.4000000953674316,6.000000238418579,3.6000001430511475,7.3972970975049375,2.0784610516732713,5.6603889041576,9
972,6,8,48,10.368001235961962,0.0031197192252697256,0.0017832596500352938,112.66666666666667,86.54166666666667,70.9375,-51.74081762631734,133.08418175081414,55.01250150054693,110,85,70,116,88,72,4.200000166893005,2.4000000953674316,1.8000000715255737,5.161395365320993,2.0784610516732713,3.231099012673037,1
972,15,9,46,9.936001184463548,0.0029897309242168206,0.0017089571646171564,212.04347826086956,198.32608695652175,66.3695652173913,7.885271699532211,200.15483658987543,52.27174052207366,210,196,65,214,201,68,3.0000001192092896,3.6000001430511475,2.4000000953674316,5.264978841646728,1.6970563422826717,10.800000429153442,9
972,16,10,34,7.344000875473057,0.002209801117899389,0.001263142252108333,222.02941176470588,188.08823529411765,72.82352941176471,13.876832039917218,194.01212534834357,56.144119192572205,221,186,70,223,190,76,1.8000000715255737,3.0000001192092896,4.200000166893005,5.466260364696242,2.0784610516732713,3.9799499065754738,9
972,7,11,17,3.6720004377365285,0.0011049005589496945,0.0006315711260541665,128.05882352941177,84.11764705882354,73.11764705882354,-42.50552314169266,131.6297699283151,56.32058978781981,126,83,72,130,85,74,3.0000001192092896,1.8000000715255737,1.8000000715255737,3.934463270922718,1.6970563422826717,4.9839745157961906,8
972,10,12,12,2.5920003089904906,0.0007799298063174314,0.00044581491250882344,165.0,112.33333333333333,72.16666666666667,-20.340816378593445,148.55918236573535,55.750001529852554,164,112,70,166,113,73,1.8000000715255737,1.2000000476837158,2.4000000953674316,3.231099012673037,1.2000000476837158,1.2000000476837158,9
972,2,13,10,2.160000257492076,0.0006499415052645263,0.0003715124270906862,54.1,125.3,182.6,-86.88081902265549,156.3391826748848,122.01000416278839,53,124,182,55,126,184,1.8000000715255737,1.8000000715255737,1.8000000715255737,3.1176915775099068,1.2000000476837158,31.822634719340527,1
972,14,14,3,0.6480000772476227,0.00019498245157935785,0.00011145372812720586,192.0,144.66666666666666,139.66666666666666,-4.140815734863281,167.9591831366221,96.25000313917795,192,144,139,192,145,140,0.6000000238418579,1.2000000476837158,1.2000000476837158,1.8000000715255737,1.2000000476837158,1.8973666714956023,13
972,12,15,2,0.43200005149841514,0.00012998830105290525,7.430248541813724e-05,186.5,217.0,68.0,-7.4408158659935,211.35918486118317,53.250001430511475,186,217,68,187,217,68,1.2000000476837158,0.6000000238418579,0.6000000238418579,1.4696939040702932,1.2000000476837158,16.85348695592314,15
972,11,16,1,0.21600002574920757,6.499415052645263e-05,3.715124270906862e-05,166.0,113.0,70.0,-19.740816354751587,148.95918238162994,54.45000147819519,166,113,70,166,113,70,0.6000000238418579,0.6000000238418579,0.6000000238418579,1.0392305258366357,1.2000000476837158,1.2000000476837158,10
973,2,1,24396,5269.536628177668,1.0,0.5923803511157518,199.86219052303656,185.31357599606494,78.03947368421052,-2.4039699835921198,192.86686095335892,110.77368683407181,95,108,35,253,248,168,95.40000379085541,84.60000336170197,80.40000319480896,150.7397817625477,6.000000238418579,inf,-1
973,1,2,15246,3293.1363925724186,0.6249385145105755,0.37020129665153106,126.98386462022826,173.15754952118587,150.25245966155057,-46.13096726283179,185.5732447786092,154.1014801421676,78,108,107,176,242,176,59.40000236034393,81.00000321865082,42.000001668930054,108.87314150891594,6.1188236594515395,19.10602075291381,2
973,10,3,1176,254.0160302810681,0.048204623708804725,0.028555471918024437,188.97448979591837,207.86139455782313,31.3843537414966,-8.936590679446041,206.3955526279957,82.78061375609872,180,189,21,198,229,36,11.4000004529953,24.600000977516174,9.600000381469727,28.762476697014613,3.6000001430511475,11.208925460764306,2
973,3,4,290,62.640007467270195,0.011887194622069192,0.007041740524002624,113.7,179.60344827586206,160.87241379310345,-54.101286351680756,189.44078418509713,160.47345287429874,104,177,158,123,182,164,12.000000476837158,3.6000001430511475,4.200000166893005,13.213629852389598,2.6832816796237777,3.231099012673037,1
973,7,5,64,13.824001647949284,0.0026233808821118218,0.0015540392880557515,133.46875,103.15625,97.203125,-42.24003588035703,143.57246339693666,122.27187808044255,129,102,93,138,104,102,6.000000238418579,1.8000000715255737,6.000000238418579,8.674099721558317,2.0784610516732713,10.409611357379259,1
973,9,6,5,1.080000128746038,0.0002049516314149861,0.00012140931937935559,155.6,182.8,147.6,-28.96128535270691,191.35871529579163,152.51000428199768,155,182,147,156,183,148,1.2000000476837158,1.2000000476837158,1.2000000476837158,2.0784610516732713,1.2000000476837158,4.874423236473746,1
973,5,7,3,0.6480000772476227,0.00012297097884899163,7.284559162761334e-05,120.33333333333333,160.33333333333334,36.0,-50.12128619352977,177.87871476014456,85.55000162124634,120,160,36,121,161,36,1.2000000476837158,1.2000000476837158,0.6000000238418579,1.8000000715255737,1.2000000476837158,7.445804483464189,2
973,4,8,1,0.21600002574920757,4.0990326282997215e-05,2.4281863875871117e-05,119.0,174.0,31.0,-50.92128622531891,186.07871508598328,82.55000150203705,119,174,31,119,174,31,0.6000000238418579,0.6000000238418579,0.6000000238418579,1.0392305258366357,1.2000000476837158,5.969924859863211,2
973,6,9,1,0.21600002574920757,4.0990326282997215e-05,2.4281863875871117e-05,120.0,172.0,33.0,-50.32128620147705,184.87871503829956,83.75000154972076,120,172,33,120,172,33,0.6000000238418579,0.6000000238418579,0.6000000238418579,1.0392305258366357,1.2000000476837158,1.8000000715255737,4
973,8,10,1,0.21600002574920757,4.0990326282997215e-05,2.4281863875871117e-05,129.0,131.0,44.0,-44.92128598690033,160.2787140607834,90.3500018119812,129,131,44,129,131,44,0.6000000238418579,0.6000000238418579,0.6000000238418579,1.0392305258366357,1.2000000476837158,2.6153394700486534,2
974,1,1,33235,7178.760855774914,1.0,0.541568895841481,112.7710846998646,179.60923724988717,144.12348427862193,-40.652776178909065,150.45011694465023,8.424090951586976,50,107,36,183,256,190,80.40000319480896,90.00000357627869,93.00000369548798,152.3586618634341,6.997142551855814,inf,-1
974,9,2,27152,5864.832699142484,0.8169700616819617,0.4424455742406467,208.85883176193283,206.2610489098409,93.03767678255745,16.99987434924229,166.44120457605118,-22.22739476403227,126,112,45,250,262,159,75.00000298023224,90.60000360012054,69.00000274181366,136.3611435774392,6.1188236594515395,24.847536076370723,1
974,12,3,303,65.4480078020099,0.009116894839777344,0.004937426671881112,219.1914191419142,217.15841584158414,128.03960396039605,23.199427023579176,172.97962499491058,-1.2262376228181324,216,206,120,225,228,139,6.000000238418579,13.800000548362732,12.000000476837158,19.246818683614357,2.4000000953674316,7.823043197102973,9
974,6,4,169,36.50400435161608,0.005085000752219047,0.0027538782427323693,74.05325443786982,129.95857988165682,114.18343195266272,-63.88347525921093,120.65972133994809,-9.539941157815022,70,124,111,78,135,117,5.400000214576721,7.200000286102295,4.200000166893005,9.93176760900108,2.4000000953674316,3.498571275927907,1
974,10,5,153,33.04800393962876,0.004603580562659846,0.0024931560422369967,182.2156862745098,256.437908496732,60.81699346405229,1.0139864215663863,196.54732152449537,-41.55980552333632,176,253,57,190,259,64,9.000000357627869,4.200000166893005,4.800000190734863,11.030866224837366,2.4000000953674316,3.0000001192092896,9
974,11,6,149,32.18400383663193,0.004483225515270047,0.0024279754921131542,199.2013422818792,258.5771812080537,97.96644295302013,11.205380430957618,197.83088520229262,-19.270134944243722,196,257,88,206,261,103,6.600000262260437,3.0000001192092896,9.600000381469727,12.029963071485817,2.4000000953674316,1.2000000476837158,9
974,8,7,92,19.872002368927095,0.002768166089965398,0.0014991526528483903,102.23913043478261,105.5,93.21739130434783,-46.97194898905961,105.98457282781601,-22.11956604667332,99,103,88,105,108,97,4.200000166893005,3.6000001430511475,6.000000238418579,8.160882629525593,2.4000000953674316,6.029925612280241,1
974,3,8,45,9.720001158714341,0.001353994283135249,0.0007332811888932344,58.82222222222222,119.17777777777778,117.02222222222223,-73.0220949517356,114.1912398205863,-7.836666928397278,55,117,116,63,121,118,5.400000214576721,3.0000001192092896,1.8000000715255737,6.434283432533607,1.6970563422826717,8.858894188160853,6
974,4,9,40,8.640001029968303,0.0012035504738979992,0.0006518055012384306,56.5,169.925,131.425,-74.41542834043503,144.6395743638277,0.8050000816583633,55,168,129,58,171,134,2.4000000953674316,2.4000000953674316,3.6000001430511475,4.947726947346189,2.0784610516732713,12.369317368365474,1
974,13,10,16,3.456000411987321,0.00048142018955919964,0.0002607222004953722,295.25,100.375,192.0,68.83457735180855,102.90957270562649,37.150001525878906,294,98,192,297,103,192,2.4000000953674316,3.6000001430511475,0.6000000238418579,4.368066107139657,1.2000000476837158,77.36976460950947,1
974,2,11,12,2.5920003089904906,0.0003610651421693997,0.00019554165037152915,55.916666666666664,114.33333333333333,129.25,-74.76542835434279,111.28457303841908,-0.4999999701976776,55,114,128,57,115,130,1.8000000715255737,1.2000000476837158,1.8000000715255737,2.8142495677222836,1.2000000476837158,6.708204199059444,3
974,5,12,1,0.21600002574920757,3.0088761847449978e-05,1.6295137530960764e-05,67.0,161.0,138.0,-68.11542809009552,139.28457415103912,4.750000238418579,67,161,138,67,161,138,0.6000000238418579,0.6000000238418579,0.6000000238418579,1.0392305258366357,1.2000000476837158,8.072174749003619,4
974,7,13,1,0.21600002574920757,3.0088761847449978e-05,1.6295137530960764e-05,95.0,173.0,163.0,-51.3154274225235,146.48457443714142,19.750000834465027,95,173,163,95,173,163,0.6000000238418579,0.6000000238418579,0.6000000238418579,1.0392305258366357,1.2000000476837158,1.4696939040702932,1
975,5,1,24986,5396.9766433697005,1.0,0.5234753095472543,148.30068838549587,167.57504202353317,166.17441767389738,-26.313528745438532,193.25108389692025,126.15465532918473,77,96,48,219,254,199,85.80000340938568,95.40000379085541,91.2000036239624,157.4174131707054,5.878775616281173,inf,-1
975,7,2,19636,4241.37650561144,0.7858800928519971,0.41138882487272416,232.37833570992055,178.36086779384803,92.44280912609493,24.133061653783585,199.7225796162633,81.91568844260473,126,97,46,278,219,166,91.80000364780426,73.80000293254852,72.60000288486481,138.36343997408935,5.499091052461245,31.680910336752024,5
975,6,3,1796,387.9360462455768,0.07188025294164732,0.03762753765896377,97.66314031180401,134.72438752783964,70.20712694877506,-56.69605879694688,173.5406904162835,68.57427860607282,86,102,58,120,170,77,21.000000834465027,41.400001645088196,12.000000476837158,47.94747316287824,3.6000001430511475,12.014991114133304,7
975,11,4,398,85.96801024818461,0.015928920195309372,0.008338396429993084,266.3819095477387,221.64070351758795,116.40452261306532,44.53520676718287,225.69048208237894,96.29271710607874,261,212,110,269,234,127,5.400000214576721,13.800000548362732,10.800000429153442,18.33684887656423,2.9393878081405864,0.8485281711413358,7
975,8,5,328,70.84800844574008,0.013127351316737371,0.006871844294064652,243.2469512195122,186.59146341463415,176.5121951219512,30.654231218666553,204.66093718496765,132.35732204448885,240,180,167,246,197,183,4.200000166893005,10.800000429153442,10.200000405311584,15.437617009758089,2.6832816796237777,5.969924859863211,7
975,12,6,267,57.67200687503842,0.01068598415112463,0.005593848861327019,299.0449438202247,113.4494382022472,155.64794007490636,64.1330281094219,160.77572031369368,119.83876851881934,296,110,151,304,117,161,5.400000214576721,4.800000190734863,6.600000262260437,9.785704247028988,2.6832816796237777,47.58193123371241,5
975,3,7,158,34.12800406837479,0.006323541183062514,0.0033102176782384605,59.462025316455694,108.57594936708861,133.59493670886076,-79.61672870494142,157.85162689640552,106.60696597340741,54,107,129,65,110,138,7.200000286102295,2.4000000953674316,6.000000238418579,9.674709682396667,2.0784610516732713,12.854571682171896,5
975,10,8,75,16.200001931190567,0.003001680941327143,0.0015713058599233199,248.85333333333332,221.36,65.04,34.01806062062582,225.52205996513368,65.4740023136139,247,219,62,251,224,68,3.0000001192092896,3.6000001430511475,4.200000166893005,6.292853339076425,2.4000000953674316,2.163330851241435,7
975,2,9,53,11.448001364708,0.0021211878652045144,0.0011103894743458127,52.264150943396224,139.1320754716981,164.20754716981133,-83.93545350038781,176.18530328768605,124.97453297983927,50,136,162,54,143,167,3.0000001192092896,4.800000190734863,3.6000001430511475,6.708204199059444,1.6970563422826717,23.423066485880764,3
975,1,10,25,5.4000006437301895,0.0010005603137757143,0.00052376861997444,47.64,93.24,185.84,-86.70994417667389,148.65005691051482,137.95400519371032,44,91,185,51,95,187,4.800000190734863,3.0000001192092896,1.8000000715255737,5.939697197989351,1.6970563422826717,26.926567876745885,2
975,4,11,8,1.7280002059936606,0.0003201793004082286,0.0001676059583918208,70.125,120.5,222.75,-73.21894364058971,165.00605756044388,160.1000060737133,69,120,222,71,121,224,1.8000000715255737,1.2000000476837158,1.8000000715255737,2.8142495677222836,1.2000000476837158,29.117006497528067,1
975,9,12,1,0.21600002574920757,4.0022412551028574e-05,2.09507447989776e-05,246.0,196.0,192.0,32.306060552597046,210.30605936050415,141.65000534057617,246,196,192,246,196,192,0.6000000238418579,0.6000000238418579,0.6000000238418579,1.0392305258366357,1.2000000476837158,5.433231298779655,8
976,7,1,14509,3133.9443735952527,1.0,0.5397894266899811,184.2647322351644,160.3124956923289,97.22096629678131,-11.770257828187809,140.35839967504506,-1.7174171410632937,102,108,42,228,227,178,76.20000302791595,72.00000286102295,82.20000326633453,133.21892286918973,5.230678940097307,inf,-1
976,1,2,9261,2000.3762384634113,0.6382934730167482,0.3445440678596674,109.00669474138861,176.8352229780801,160.82021379980563,-56.9250821187447,150.27203644042834,36.44213287707552,75,117,92,154,234,192,48.00000190734863,70.80000281333923,60.60000240802765,104.8284354234445,4.489989042544857,25.035176248838564,7
976,4,3,1142,246.67202940559505,0.0787097663519195,0.042486699654004985,96.60332749562171,106.4614711033275,102.93169877408056,-64.36710276192417,108.04778363773576,1.7090224814707256,87,100,83,103,115,126,10.200000405311584,9.600000381469727,26.400001049041748,29.885783760543752,3.3941126845653433,5.466260364696242,7
976,12,4,815,176.04002098560417,0.0561720311530774,0.030321068492131405,212.15337423312883,212.17423312883435,99.45766871165644,4.9629280355079,171.4754433734285,-0.37539563881107796,191,205,79,225,219,119,21.000000834465027,9.000000357627869,24.600000977516174,33.57320493456992,2.9393878081405864,7.1246055353291275,7
976,2,5,535,115.56001377582605,0.036873664621958784,0.019904014286245768,92.21495327102804,133.38691588785048,63.183177570093456,-67.00012740130737,124.20305115040219,-22.14009118860013,78,125,58,104,142,67,16.200000643730164,10.800000429153442,6.000000238418579,20.373513025190213,3.3941126845653433,7.249827872239009,7
976,11,6,252,54.432006488800305,0.01736852987800675,0.00937534878529707,141.515873015873,122.09920634920636,69.43650793650794,-37.41957437897486,117.43042515809574,-18.38809281966043,134,120,62,149,125,76,9.600000381469727,3.6000001430511475,9.000000357627869,13.642580943189925,2.6832816796237777,4.2426408557066795,7
976,6,7,205,44.28000527858755,0.014129161210283273,0.007626771829309126,97.2,124.94634146341464,69.99024390243902,-64.00909924507141,119.1387062945017,-18.055851226899684,91,120,66,103,131,73,7.800000309944153,7.200000286102295,4.800000190734863,11.649893166293703,2.6832816796237777,0.8485281711413358,2
976,9,8,90,19.440002317428682,0.006203046385002412,0.0033483388518918116,109.03333333333333,121.07777777777778,69.63333333333334,-56.909098962942764,116.81756799088585,-18.269997576872505,106,118,67,112,124,72,4.200000166893005,4.200000166893005,3.6000001430511475,6.945502417663594,2.6832816796237777,2.0784610516732713,2
976,3,9,67,14.472001725196908,0.00461782341994624,0.0024926522564083487,84.16417910447761,140.3582089552239,155.67164179104478,-71.83059209318304,128.3858271570348,33.35298954906749,82,139,152,87,142,159,3.6000001430511475,2.4000000953674316,4.800000190734863,6.462198025346074,2.0784610516732713,1.6970563422826717,1
976,5,10,1,0.21600002574920757,6.892273761113791e-05,3.720376502102013e-05,90.0,132.0,66.0,-68.32909941673279,123.37090158462524,-20.449997663497925,90,132,66,90,132,66,0.6000000238418579,0.6000000238418579,0.6000000238418579,1.0392305258366357,1.2000000476837158,0.8485281711413358,2
976,8,11,1,0.21600002574920757,6.892273761113791e-05,3.720376502102013e-05,103.0,120.0,74.0,-60.529099106788635,116.17090129852295,-15.649997472763062,103,120,74,103,120,74,0.6000000238418579,0.6000000238418579,0.6000000238418579,1.0392305258366357,1.2000000476837158,0.8485281711413358,6
976,10,12,1,0.21600002574920757,6.892273761113791e-05,3.720376502102013e-05,125.0,157.0,41.0,-47.32909858226776,138.3709021806717,-35.44999825954437,125,157,41,125,157,41,0.6000000238418579,0.6000000238418579,0.6000000238418579,1.0392305258366357,1.2000000476837158,2.2449945212724285,7
977,2,1,15035,3247.560387139336,1.0,0.5045132713667326,209.49378117725308,187.3516461589624,118.15483870967742,0.37693776357281195,198.5916562246888,-1119.1571427852878,152,113,53,244,238,190,55.800002217292786,75.6000030040741,82.80000329017639,125.23913624150845,5.091169026848015,inf,-1
977,1,2,14766,3189.456380212799,0.9821084137013635,0.4954867286332673,116.7553162671001,141.48990925098198,160.16592171204118,-55.266143393576286,171.0746129864715,-1093.950491982247,73,88,79,170,236,202,58.800002336502075,89.40000355243683,74.40000295639038,130.32713205568234,5.3665633592475555,20.088803649597153,2
978,9,1,17214,3718.224443246859,1.0,0.4843692844480712,206.22859300569303,180.6010805158592,100.48355989311025,-4.582175217211372,178.54131667788081,122.24013909452037,131,92,55,248,221,165,70.80000281333923,78.00000309944153,66.60000264644623,124.62825215170265,5.878775616281173,inf,-1
978,7,2,8183,1767.5282107057656,0.4753688857906355,0.230254087059287,133.38127825980692,159.34510570695343,154.18697299278992,-48.29056580155836,165.78773128575543,154.4621882347173,99,84,98,184,237,176,51.60000205039978,92.40000367164612,47.400001883506775,115.96154995806982,4.489989042544857,22.712992779430447,9
978,2,3,2361,509.97606079387907,0.1371558034158243,0.06643405835842314,103.91317238458281,119.87717069038543,85.18212621770436,-65.97143002926722,142.10696933482572,113.05927852446223,68,88,74,148,158,105,48.60000193119049,42.60000169277191,19.200000762939453,67.41928775382283,3.6000001430511475,8.094442859583474,9
978,3,4,2033,439.12805234813897,0.11810154525386313,0.05720476096682518,92.6207575012297,177.09886866699458,152.62124938514512,-72.74687922851123,176.43998948506282,153.52275403280066,74,156,125,112,202,170,23.40000092983246,28.200001120567322,27.600001096725464,45.8754854716046,3.6000001430511475,5.6603889041576,7
978,5,5,1725,372.60004441738306,0.10020913210177762,0.048538225611300265,100.45855072463767,141.26028985507247,153.16,-68.0442031075989,154.93684134345125,153.84600441455842,81,134,128,126,152,170,27.600001096725464,11.4000004529953,25.80000102519989,39.46340233390749,3.6000001430511475,4.9839745157961906,7
978,6,6,1589,343.22404091549083,0.09230858603462298,0.04471144376600355,109.01006922592826,209.7684078036501,71.00503461296412,-62.91329180294046,196.04171374595865,104.55302322360987,99,184,56,130,233,97,19.200000762939453,30.000001192092896,25.200001001358032,43.63118324422221,3.3941126845653433,0.8485281711413358,7
978,8,7,1027,221.83202644443617,0.0596607412571163,0.02889783055235094,138.59201557935737,138.96007789678677,52.36319376825706,-45.16412328559444,153.5567141136385,93.36791827232952,125,124,48,151,157,56,16.200000643730164,20.40000081062317,5.400000214576721,26.603760190012842,3.3941126845653433,13.18635710948028,9
978,18,8,641,138.45601650524205,0.037237132566515625,0.018036523256141142,229.78783151326053,228.42433697347894,133.54758190327613,9.553368449025157,207.23527169264796,142.0785530889276,220,222,126,242,235,140,13.800000548362732,8.40000033378601,9.000000357627869,18.49324274376234,3.3941126845653433,1.6970563422826717,9
978,11,9,463,100.00801192188311,0.02689671197862205,0.013027941135091028,165.37365010799135,147.44060475161987,60.96544276457883,-29.09514192989012,158.64503042872985,98.52926787521618,154,141,57,176,153,66,13.800000548362732,7.800000309944153,6.000000238418579,16.949336943696753,2.9393878081405864,3.0000001192092896,9
978,17,10,107,23.11200275516521,0.006215870802834902,0.003010776892990799,202.22429906542055,242.47663551401868,125.83177570093459,-6.984751676844667,215.6666511520047,137.44906918356352,198,239,119,205,246,131,4.800000190734863,4.800000190734863,7.800000309944153,10.340213174651591,2.0784610516732713,9.93176760900108,18
978,13,11,80,17.280002059936606,0.0046473800395027305,0.002251048144292186,164.425,91.225,97.2375,-29.664332017302513,124.91566623747349,120.29250308126211,160,89,96,168,93,99,5.400000214576721,3.0000001192092896,2.4000000953674316,6.627216873654285,2.0784610516732713,2.7495455262306225,9
978,1,12,49,10.58400126171117,0.0028465202741954224,0.001378766988378964,61.6530612244898,127.08163265306122,140.91836734693877,-91.32749773288259,146.42964668419896,146.5010245308584,59,124,140,65,130,142,4.200000166893005,4.200000166893005,1.8000000715255737,6.206448506295256,1.6970563422826717,16.724832502304732,5
978,12,13,34,7.344000875473057,0.00197513651678866,0.0009566954613241791,156.73529411764707,162.26470588235293,59.05882352941177,-34.27815573005114,167.5394914606038,97.3852962886586,155,160,58,159,164,60,3.0000001192092896,3.0000001192092896,1.8000000715255737,4.60868763185395,1.6970563422826717,0.8485281711413358,9
978,16,14,19,4.104000489234944,0.0011037527593818985,0.0005346239342693943,192.78947368421052,246.21052631578948,116.15789473684211,-12.645647130514448,217.90698572209007,131.64474037446473,191,245,115,196,247,118,3.6000001430511475,1.8000000715255737,2.4000000953674316,4.6861499917548555,1.6970563422826717,1.4696939040702932,17
978,10,15,6,1.2960001544952453,0.0003485535029627047,0.00016882861082191395,150.16666666666666,166.66666666666666,60.166666666666664,-38.21933235724768,170.18066803614298,98.05000219742456,149,166,60,151,167,61,1.8000000715255737,1.2000000476837158,1.2000000476837158,2.4738634736730947,1.2000000476837158,2.4738634736730947,9
978,15,16,4,0.8640001029968303,0.0002323690019751365,0.00011255240721460931,167.0,86.0,104.5,-28.11933195590973,121.78066611289978,124.6500032544136,166,86,104,168,86,105,1.8000000715255737,0.6000000238418579,1.2000000476837158,2.2449945212724285,1.2000000476837158,4.2426408557066795,13
978,4,17,3,0.6480000772476227,0.00017427675148135236,8.441430541095698e-05,78.66666666666667,152.33333333333334,124.0,-81.1193340619405,161.5806676944097,136.35000371932983,78,152,124,79,153,124,1.2000000476837158,1.2000000476837158,0.6000000238418579,1.8000000715255737,1.2000000476837158,2.7495455262306225,5
978,14,18,1,0.21600002574920757,5.809225049378413e-05,2.8138101803652328e-05,166.0,85.0,106.0,-28.719331979751587,121.18066608905792,125.55000329017639,166,85,106,166,85,106,0.6000000238418579,0.6000000238418579,0.6000000238418579,1.0392305258366357,1.2000000476837158,0.8485281711413358,15
979,2,1,19651,4244.616505997678,1.0,0.6240790142276422,118.52541855376317,173.59849371533255,132.7985853137245,-42.209941354375914,172.33390505561016,133.12915511733917,72,98,20,171,260,180,60.00000238418579,97.80000388622284,96.60000383853912,149.9880054799492,6.462198025346074,inf,-1
979,8,2,9918,2142.2882553806407,0.5047071395857717,0.31497713414634143,220.82093163944344,217.52591248235532,80.47297842306916,19.167368935947337,198.6903573631351,101.73378973540628,167,153,38,252,262,142,51.60000205039978,66.00000262260437,63.00000250339508,104.82156683246454,4.32666170248287,31.228834072137776,2
979,5,3,1129,243.86402907085534,0.05745254694417586,0.03585492886178861,112.78122232063774,165.68644818423383,159.63507528786536,-45.656459231203485,167.58667754831305,149.23104974165545,95,160,147,134,171,173,24.000000953674316,7.200000286102295,16.200000643730164,29.83756140761337,3.6000001430511475,2.7495455262306225,2
979,9,4,613,132.40801578426425,0.031194341254897968,0.019467733739837397,193.61663947797717,216.2430668841762,155.0195758564437,2.844792990466715,197.92064997364218,146.46174997276037,185,205,141,198,229,165,8.40000033378601,15.000000596046448,15.000000596046448,22.81578491681565,2.9393878081405864,1.8000000715255737,8
979,7,5,83,17.92800213718423,0.004223703628314081,0.002635924796747967,128.21686746987953,195.40963855421685,142.13253012048193,-36.39507177364395,185.42059247895895,138.72952222393218,126,193,138,131,197,146,3.6000001430511475,3.0000001192092896,5.400000214576721,7.149825456796317,2.4000000953674316,2.8142495677222836,2
979,6,6,41,8.85600105571751,0.002086407816396112,0.001302083333333333,109.39024390243902,126.60975609756098,58.31707317073171,-47.69104636296993,144.1406613646484,88.44024605576585,106,124,57,114,129,59,5.400000214576721,3.6000001430511475,1.8000000715255737,6.734983563817286,1.2000000476837158,10.235233672250818,2
979,3,7,31,6.696000798225435,0.0015775278611775481,0.0009845020325203251,83.93548387096774,233.83870967741936,21.29032258064516,-62.963902988741474,208.4780360691009,66.2241948189274,82,232,19,86,235,23,3.0000001192092896,2.4000000953674316,3.0000001192092896,4.874423236473746,1.6970563422826717,2.163330851241435,2
979,4,8,21,4.536000540733359,0.001068647905958984,0.0006669207317073169,94.52380952380952,132.1904761904762,139.04761904761904,-56.610907344591055,147.48909355345228,136.87857550666445,93,131,138,96,133,140,2.4000000953674316,1.8000000715255737,1.8000000715255737,3.498571275927907,1.6970563422826717,3.0594118297257697,2
979,1,9,1,0.21600002574920757,5.0887995521856387e-05,3.175813008130081e-05,63.0,68.0,140.0,-75.52519381046295,108.97480630874634,137.45000410079956,63,68,140,63,68,140,0.6000000238418579,0.6000000238418579,0.6000000238418579,1.0392305258366357,1.2000000476837158,37.72373408209001,2
980,6,1,21754,4698.864560148261,1.0,0.5820156780908045,196.203594741197,190.2358187000092,50.37248322147651,5.400872460076428,166.32020669308088,-201.82651191789833,91,112,11,246,234,110,93.60000371932983,73.80000293254852,60.00000238418579,133.44437573462972,6.1188236594515395,inf,-1
980,4,2,14242,3076.272366720214,0.6546841960099292,0.3810364662760521,125.70327201235781,203.13256565089173,124.39200954922062,-36.89932285808577,174.0582551710928,-157.4147943564888,72,120,21,174,265,156,61.800002455711365,87.60000348091125,81.60000324249268,134.7277307853005,6.462198025346074,26.946614958224977,6
980,12,3,821,177.3360211400994,0.03774018571297233,0.02196537977900848,205.11571254567602,235.54323995127893,128.9622411693057,10.74814335524529,193.50466052405582,-154.67265527547494,193,223,113,217,253,139,15.000000596046448,18.600000739097595,16.200000643730164,28.868669284064385,3.3941126845653433,2.163330851241435,6
980,8,4,136,29.376003501892228,0.0062517238209065,0.0036386012788613316,112.31617647058823,191.63235294117646,145.08823529411765,-44.93158050232074,167.1581272710772,-144.99705841611413,109,190,142,117,194,148,5.400000214576721,3.0000001192092896,4.200000166893005,7.469940055621977,2.6832816796237777,9.391485878683222,4
980,11,5,134,28.944003450393815,0.00615978670589317,0.0035850924365251357,158.29850746268656,185.53731343283582,135.42537313432837,-17.34218081075754,163.50110342075575,-150.7947759423683,157,180,134,160,191,138,2.4000000953674316,7.200000286102295,3.0000001192092896,8.160882629525593,2.4000000953674316,1.2000000476837158,4
980,9,6,110,23.760002832412834,0.0050565413257331986,0.002942986328490783,123.25454545454545,112.47272727272727,90.3,-38.36855885115537,119.66234998269515,-177.87000089883804,118,110,88,131,114,94,8.40000033378601,3.0000001192092896,4.200000166893005,9.859006426854691,2.6832816796237777,10.287857328492052,4
980,7,7,99,21.384002549171548,0.004550887193159879,0.0026486876956417047,111.12121212121212,160.95959595959596,140.22222222222223,-45.648559140436575,148.7544723508334,-147.91666637526617,107,159,138,117,164,142,6.600000262260437,3.6000001430511475,3.0000001192092896,8.094442859583474,2.4000000953674316,11.603448224567817,4
980,5,8,68,14.688001750946114,0.00312586191045325,0.0018193006394306658,80.0,152.10294117647058,40.279411764705884,-64.32128715515137,143.44047926979906,-207.88235503259827,78,149,39,83,155,42,3.6000001430511475,4.200000166893005,2.4000000953674316,6.029925612280241,2.0784610516732713,6.378087741083216,6
980,2,9,6,1.2960001544952453,0.0002758113450399926,0.00016052652700858814,57.666666666666664,106.16666666666667,83.33333333333333,-77.72128768761954,115.87871346871059,-182.05000106493634,57,106,83,59,107,84,1.8000000715255737,1.2000000476837158,1.2000000476837158,2.4738634736730947,1.2000000476837158,34.16313938668936,6
980,3,10,3,0.6480000772476227,0.0001379056725199963,8.026326350429407e-05,57.333333333333336,148.33333333333334,152.0,-77.9212876955668,141.17871447404227,-140.8499994277954,57,148,152,58,149,152,1.2000000476837158,1.2000000476837158,0.6000000238418579,1.8000000715255737,1.2000000476837158,30.979994775255747,7
980,10,11,3,0.6480000772476227,0.0001379056725199963,8.026326350429407e-05,154.66666666666666,160.0,20.333333333333332,-19.52128537495932,148.17871475219727,-219.85000256697336,154,160,20,155,160,21,1.2000000476837158,0.6000000238418579,1.2000000476837158,1.8000000715255737,1.2000000476837158,1.3416408398118889,6
980,1,12,1,0.21600002574920757,4.5968557506665444e-05,2.6754421168098025e-05,49.0,108.0,85.0,-82.92128789424896,116.97871351242065,-181.0500010251999,49,108,85,49,108,85,0.6000000238418579,0.6000000238418579,0.6000000238418579,1.0392305258366357,1.2000000476837158,4.9839745157961906,2
981,5,1,13001,2808.2163347654478,1.0,0.6425958877026493,124.38204753480501,140.34812706714868,151.34981924467348,-54.18912788861789,174.8905202114493,-168.24009263770375,73,77,82,179,222,172,64.2000025510788,87.60000348091125,54.60000216960907,121.5588794549189,5.3665633592475555,inf,-1
981,13,2,6482,1400.1121669063634,0.49857703253595875,0.32038355081059705,234.2607219993829,179.28031471767972,115.28108608454181,11.738079409840594,198.2498337299836,-189.88133339372837,202,162,62,254,193,141,31.80000126361847,19.200000762939453,48.00000190734863,60.69497749211614,6.000000238418579,33.7709948126674,5
981,8,3,232,50.11200597381615,0.017844781170679176,0.011466982997232106,105.99137931034483,172.99137931034483,148.01293103448276,-65.2235292617617,194.47647233564277,-170.24222564337583,102,167,143,111,178,154,6.000000238418579,7.200000286102295,7.200000286102295,11.818629831785461,2.9393878081405864,3.6000001430511475,5
981,11,4,214,46.22400551033042,0.016460272286747173,0.010577303281929617,135.00467289719626,58.995327102803735,70.51869158878505,-47.81555241792002,126.07883829324044,-216.7387711584011,130,56,67,139,61,76,6.000000238418579,3.6000001430511475,6.000000238418579,9.2173752637079,3.3941126845653433,40.17760729919431,5
981,4,5,176,38.01600453186053,0.013537420198446273,0.008699090549624356,73.61931818181819,107.97727272727273,50.02272727272727,-84.64676671068776,155.46800683574241,-229.03635023669761,66,97,49,84,117,52,11.4000004529953,12.600000500679016,2.4000000953674316,17.16042025718392,2.0784610516732713,36.859735592852644,11
981,9,6,86,18.576002214431853,0.006614875778786247,0.004250691973111902,110.38372093023256,86.20930232558139,145.88372093023256,-62.588124185107475,142.40722407573878,-171.51975175669025,107,85,143,114,88,148,4.800000190734863,2.4000000953674316,3.6000001430511475,6.462198025346074,2.4000000953674316,1.8000000715255737,5
981,12,7,22,4.752000566482566,0.0016921775248057841,0.0010873863187030445,150.13636363636363,68.5,52.68181818181818,-38.736537613651976,131.78164225816727,-227.4408956278454,148,68,51,152,69,54,3.0000001192092896,1.2000000476837158,2.4000000953674316,4.024922519435666,1.2000000476837158,12.485191724127812,11
981,10,8,8,1.7280002059936606,0.0006153372817475579,0.00039541320680110717,121.375,62.875,63.125,-55.993356481194496,128.40664212405682,-221.17498628795147,121,62,62,122,64,64,1.2000000476837158,1.8000000715255737,1.8000000715255737,2.8142495677222836,1.2000000476837158,5.433231298779655,11
981,7,9,4,0.8640001029968303,0.00030766864087377894,0.00019770660340055358,96.0,214.0,10.75,-71.21835708618164,219.0816457271576,-252.59998753666878,96,213,10,96,215,11,0.6000000238418579,1.8000000715255737,1.2000000476837158,2.2449945212724285,1.2000000476837158,42.95765527418878,5
981,1,10,3,0.6480000772476227,0.00023075148065533418,0.00014827995255041517,61.666666666666664,128.66666666666666,51.0,-91.8183579047521,167.88164369265237,-228.449986577034,61,128,51,62,129,51,1.2000000476837158,1.2000000476837158,0.6000000238418579,1.8000000715255737,1.2000000476837158,7.249827872239009,4
981,3,11,2,0.43200005149841514,0.00015383432043688947,9.885330170027679e-05,63.0,124.5,51.0,-91.01835787296295,165.3816435933113,-228.449986577034,63,124,51,63,125,51,0.6000000238418579,1.2000000476837158,0.6000000238418579,1.4696939040702932,1.2000000476837158,1.8973666714956023,1
981,2,12,1,0.21600002574920757,7.691716021844474e-05,4.9426650850138396e-05,62.0,126.0,51.0,-91.61835789680481,166.2816436290741,-228.449986577034,62,126,51,62,126,51,0.6000000238418579,0.6000000238418579,0.6000000238418579,1.0392305258366357,1.2000000476837158,0.8485281711413358,3
981,6,13,1,0.21600002574920757,7.691716021844474e-05,4.9426650850138396e-05,96.0,93.0,139.0,-71.21835708618164,146.48164284229279,-175.6499844789505,96,93,139,96,93,139,0.6000000238418579,0.6000000238418579,0.6000000238418579,1.0392305258366357,1.2000000476837158,0.8485281711413358,5
982,3,1,11262,2432.5922899875754,1.0,0.5149519890260631,192.94246137453382,150.4621736814065,46.1594743384834,-19.573385762672956,193.93844060864166,117.14568265185986,126,62,2,226,209,101,60.60000240802765,88.80000352859497,60.00000238418579,123.11702239996603,4.32666170248287,inf,-1
982,1,2,10034,2167.3442583675487,0.890960752974605,0.4588020118884317,104.3838947578234,126.4498704405023,104.20580027905123,-72.70852784409998,179.5310580916012,151.9734796001328,59,54,44,155,209,127,58.20000231266022,93.60000371932983,50.400002002716064,121.19554928843714,4.947726947346189,23.292059658081264,3
982,2,3,574,123.98401478004514,0.05096785650861304,0.02624599908550526,91.42857142857143,97.12020905923345,11.69163763066202,-80.48172215053013,161.9332605635663,96.46497980538976,77,83,8,107,109,16,18.600000739097595,16.200000643730164,5.400000214576721,25.24995149834386,2.9393878081405864,29.005517869228047,3
983,5,1,22628,4887.648582653069,1.0,0.5499842014437449,183.6091567968888,160.8030316422132,96.203729892169,-6.175321856783285,149.64100250667096,-209.8277475639917,49,104,49,237,211,180,113.40000450611115,64.80000257492065,79.20000314712524,152.7456770393205,5.878775616281173,inf,-1
983,2,2,16186,3496.1764167766737,0.71530846738554,0.3934083562209853,93.68478932410726,139.91801556901027,145.6749660200173,-60.129944484416214,137.1099923648116,-180.14500470779655,42,81,80,142,220,184,60.60000240802765,84.00000333786011,63.00000250339508,121.23267368181423,5.230678940097307,17.646530105033367,5
983,7,3,1367,295.27203519916674,0.06041187908785575,0.03322557907785042,92.70885149963424,191.3467446964155,47.493782004389175,-60.715507202368194,167.9672310674112,-239.05371745799525,77,164,38,98,220,70,13.200000524520874,34.2000013589859,19.80000078678131,41.66437492581077,3.3941126845653433,6.462198025346074,2
983,11,4,589,127.22401516628325,0.026029697719639384,0.014315922514157935,118.73174872665535,144.3276740237691,53.54668930390493,-45.1017682457213,139.75578754280136,-235.42197293397322,108,138,50,133,153,57,15.600000619888306,9.600000381469727,4.800000190734863,18.935681358107743,3.3941126845653433,5.564171318397717,5
983,8,5,169,36.50400435161608,0.007468622945023865,0.004107624626303381,94.80473372781066,119.42603550295858,59.47337278106509,-59.45797781549261,124.81480383661372,-231.86596270637398,88,117,58,104,122,61,10.200000405311584,3.6000001430511475,2.4000000953674316,11.0797116278398,2.4000000953674316,1.2000000476837158,5
983,12,6,84,18.144002162933436,0.0037122149549231043,0.002041659577570911,113.26190476190476,110.42857142857143,59.404761904761905,-48.383674754982906,119.41632517746517,-231.90712923379172,111,107,57,116,115,62,3.6000001430511475,5.400000214576721,3.6000001430511475,7.4215904210192845,2.4000000953674316,4.874423236473746,8
983,6,7,73,15.768001879692152,0.003226091567968888,0.001774299394793768,69.3013698630137,106.82191780821918,141.56164383561645,-74.75999674241837,117.25233291926449,-182.61299811650628,67,105,138,72,109,145,3.6000001430511475,3.0000001192092896,4.800000190734863,6.708204199059444,2.4000000953674316,2.163330851241435,2
983,13,8,17,3.6720004377365285,0.000751281598020152,0.0004131930097464939,243.8235294117647,60.94117647058823,191.88235294117646,29.953303147764757,89.72388702280381,-152.42057145343108,242,59,191,245,63,192,2.4000000953674316,3.0000001192092896,1.2000000476837158,4.024922519435666,1.2000000476837158,71.40252380118001,2
983,10,9,12,2.5920003089904906,0.000530316422131872,0.00029166565393870156,103.0,85.0,102.33333333333333,-54.540817856788635,104.15918171405792,-206.14998535315198,102,84,101,104,86,104,1.8000000715255737,1.8000000715255737,2.4000000953674316,3.498571275927907,1.6970563422826717,15.576906601867236,2
983,9,10,10,2.160000257492076,0.00044193035177656,0.00024305471161558466,100.8,83.7,113.3,-55.86081790924072,103.3791816830635,-199.56998509168625,100,83,112,102,84,115,1.8000000715255737,1.2000000476837158,2.4000000953674316,3.231099012673037,1.2000000476837158,4.9839745157961906,10
983,1,11,5,1.080000128746038,0.00022096517588828,0.00012152735580779233,41.6,151.2,76.0,-91.38081932067871,143.87918329238892,-221.94998598098755,41,150,76,42,152,76,1.2000000476837158,1.8000000715255737,0.6000000238418579,2.2449945212724285,1.2000000476837158,6.627216873654285,5
983,3,12,2,0.43200005149841514,8.838607035531201e-05,4.8610942323116934e-05,42.0,143.5,105.0,-91.14081931114197,139.2591831088066,-204.54998528957367,42,143,105,42,144,105,0.6000000238418579,1.2000000476837158,0.6000000238418579,1.4696939040702932,1.2000000476837158,0.8485281711413358,2
983,4,13,1,0.21600002574920757,4.4193035177656004e-05,2.4305471161558467e-05,43.0,149.0,76.0,-90.54081928730011,142.55918323993683,-221.94998598098755,43,149,76,43,149,76,0.6000000238418579,0.6000000238418579,0.6000000238418579,1.0392305258366357,1.2000000476837158,0.8485281711413358,1
984,10,1,21551,4655.016554921172,1.0,0.48038428959921536,163.14528328151826,214.50016240545682,159.37687346294837,-54.88821676640238,195.92471193235647,171.576124825852,103,118,39,221,303,197,71.40000283718109,111.60000443458557,95.40000379085541,163.25955444703447,6.462198025346074,inf,-1
984,15,2,21060,4548.960542278312,0.9772168344856387,0.46943961481877755,261.81001899335234,241.1312440645774,99.32037037037037,4.3106270130486735,211.9033615627633,135.54222153844657,168,134,55,301,312,174,80.40000319480896,107.40000426769257,72.00000286102295,152.25938999750716,6.1188236594515395,37.12250139093486,10
984,6,3,518,111.88801333808952,0.024036007609855692,0.01154652044046186,91.44980694980696,163.84169884169884,96.25675675675676,-97.90550427478252,165.52963258630982,133.70405329723616,82,152,88,105,177,105,14.40000057220459,15.600000619888306,10.800000429153442,23.81932083602978,2.6832816796237777,24.201653797805726,10
984,9,4,420,90.72001081466718,0.01948865481880191,0.009362043600374481,98.99285714285715,150.7404761904762,124.11190476190477,-93.37967397911208,157.66889868321874,150.41714276444344,91,140,119,108,163,129,10.800000429153442,14.40000057220459,6.600000262260437,19.171855132225595,2.6832816796237777,7.469940055621977,10
984,12,5,305,65.8800078535083,0.014152475523177577,0.006798626900271944,129.24262295081968,282.39344262295083,147.9672131147541,-75.22981377312394,236.66068168155482,164.73032834490792,119,280,143,141,285,156,13.800000548362732,3.6000001430511475,8.40000033378601,16.551737726667405,2.6832816796237777,1.8000000715255737,10
984,23,6,258,55.72800664329555,0.01197160224583546,0.005750969640230038,360.06201550387595,199.8875968992248,148.46899224806202,63.26182726187298,187.15717228022658,165.031395836856,356,193,145,364,205,152,5.400000214576721,7.800000309944153,4.800000190734863,10.632027510480409,2.6832816796237777,53.09237444321078,15
984,18,7,244,52.704006282806645,0.011321980418542063,0.005438901520217556,280.17622950819674,111.86475409836065,137.5655737704918,15.330353759839909,134.34346450107995,158.48934449035613,273,107,128,286,116,144,8.40000033378601,6.000000238418579,10.200000405311584,14.512064523595,2.6832816796237777,57.74045605084308,15
984,30,8,120,25.92000308990491,0.0055681870910862605,0.0026748696001069948,371.30833333333334,176.63333333333333,151.375,70.00961822768053,173.20461358626682,166.77500055730343,368,173,149,374,181,155,4.200000166893005,5.400000214576721,4.200000166893005,8.02745321513811,2.4000000953674316,10.18233805369603,23
984,11,9,112,24.192002883911247,0.0051969746183471765,0.0024965449600998614,114.10714285714286,147.89285714285714,85.13392857142857,-84.311102190188,155.96032718675477,127.03035612085036,110,145,83,118,151,87,5.400000214576721,4.200000166893005,3.0000001192092896,7.469940055621977,2.6832816796237777,3.2863354756182304,6
984,21,10,39,8.424001004219095,0.0018096608046030346,0.0008693326200347732,344.46153846153845,78.43589743589743,165.87179487179486,53.901540664526124,114.28614970659598,175.47307782601087,342,76,164,347,80,167,3.6000001430511475,3.0000001192092896,2.4000000953674316,5.264978841646728,1.6970563422826717,39.6227223291032,18
984,16,11,35,7.560000901222265,0.0016240545682334926,0.0007801703000312069,208.28571428571428,186.62857142857143,52.42857142857143,-27.803957087653032,179.20175668171476,107.4071410553796,206,185,51,211,188,54,3.6000001430511475,2.4000000953674316,2.4000000953674316,4.947726947346189,1.6970563422826717,6.654322168264645,15
984,22,12,25,5.4000006437301895,0.0011600389773096377,0.0005572645000222906,354.08,243.8,188.2,59.672617816925026,213.50461518764496,188.87000143527985,353,241,187,355,246,189,1.8000000715255737,3.6000001430511475,1.8000000715255737,4.40908171221088,1.6970563422826717,31.11912718829882,23
984,20,13,25,5.4000006437301895,0.0011600389773096377,0.0005572645000222906,277.36,240.64,147.96,13.640615987777721,211.60861511230468,164.7260004758835,276,239,146,279,243,149,2.4000000953674316,3.0000001192092896,2.4000000953674316,4.52990084116453,1.6970563422826717,5.939697197989351,15
984,5,14,22,4.752000566482566,0.001020834300032481,0.0004903927600196157,65.5,185.77272727272728,124.5909090909091,-113.4753890633583,178.68825016780335,150.7045453732664,64,184,123,67,188,127,2.4000000953674316,3.0000001192092896,3.0000001192092896,4.874423236473746,1.2000000476837158,16.066114045205047,6
984,26,15,20,4.320000514984152,0.0009280311818477101,0.00044581160001783246,361.1,248.1,160.8,63.88461798429489,216.08461529016495,172.43000078201294,360,246,160,362,250,162,1.8000000715255737,3.0000001192092896,1.8000000715255737,3.934463270922718,1.6970563422826717,15.680561837535897,22
984,14,16,18,3.8880004634857364,0.0008352280636629391,0.0004012304400160492,151.44444444444446,135.16666666666666,70.77777777777777,-61.908720347616395,148.32461259762445,118.41666530238257,150,134,70,153,136,72,2.4000000953674316,1.8000000715255737,1.8000000715255737,3.498571275927907,1.6970563422826717,10.632027510480409,15
984,27,17,15,3.2400003862381137,0.0006960233863857826,0.00033435870001337435,365.6,223.93333333333334,163.26666666666668,66.58461809158325,201.58461471398672,173.91000084082287,364,223,162,367,225,164,2.4000000953674316,1.8000000715255737,1.8000000715255737,3.498571275927907,1.2000000476837158,12.485191724127812,23
984,3,18,15,3.2400003862381137,0.0006960233863857826,0.00033435870001337435,61.06666666666667,98.93333333333334,128.0,-116.1353891690572,126.58461173375449,152.75,60,98,127,62,100,129,1.8000000715255737,1.8000000715255737,1.8000000715255737,3.1176915775099068,1.6970563422826717,36.12976755724695,9
984,28,19,15,3.2400003862381137,0.0006960233863857826,0.00033435870001337435,365.6,254.26666666666668,162.6,66.58461809158325,219.78461543718976,173.51000082492828,364,252,162,367,255,164,2.4000000953674316,2.4000000953674316,1.8000000715255737,3.8418746951220877,1.2000000476837158,1.8000000715255737,26
984,25,20,13,2.8080003347396985,0.0006032202682010115,0.00028977754001159107,360.38461538461536,73.38461538461539,153.69230769230768,63.455387198008,111.2553803553948,168.16538522793695,359,73,152,362,74,155,2.4000000953674316,1.2000000476837158,2.4000000953674316,3.6000001430511475,1.2000000476837158,9.93176760900108,21
984,31,21,10,2.160000257492076,0.00046401559092385506,0.00022290580000891623,370.2,214.9,141.8,69.3446182012558,196.16461449861526,161.03000032901764,369,214,141,371,216,142,1.8000000715255737,1.8000000715255737,1.2000000476837158,2.8142495677222836,1.2000000476837158,6.734983563817286,23
984,4,22,6,1.2960001544952453,0.000278409354554313,0.00013374348000534973,62.0,128.0,136.83333333333334,-115.57538914680481,144.0246124267578,158.0500002106031,61,128,136,63,128,138,1.8000000715255737,0.6000000238418579,1.8000000715255737,2.6153394700486534,1.2000000476837158,17.317044315711662,3
984,29,23,4,0.8640001029968303,0.00018560623636954202,8.916232000356649e-05,366.5,211.5,142.0,67.12461811304092,194.12461441755295,161.150000333786,366,211,142,367,212,142,1.2000000476837158,1.2000000476837158,0.6000000238418579,1.8000000715255737,1.2000000476837158,1.6970563422826717,31
984,2,24,3,0.6480000772476227,0.0001392046772771565,6.687174000267486e-05,59.0,129.0,94.0,-117.37538921833038,144.62461245059967,132.34999918937683,59,129,93,59,129,95,0.6000000238418579,0.6000000238418579,1.8000000715255737,1.9899749532877369,1.2000000476837158,24.63655918014624,4
984,17,25,2,0.43200005149841514,9.280311818477101e-05,4.4581160001783245e-05,219.0,189.5,55.0,-21.375385403633118,180.92461389303207,108.94999825954437,219,189,55,219,190,55,0.6000000238418579,1.2000000476837158,0.6000000238418579,1.4696939040702932,1.2000000476837158,3.2863354756182304,15
984,1,26,2,0.43200005149841514,9.280311818477101e-05,4.4581160001783245e-05,58.0,130.0,93.5,-117.97538924217224,145.22461247444153,132.0499991774559,58,130,93,58,130,94,0.6000000238418579,0.6000000238418579,1.2000000476837158,1.4696939040702932,1.2000000476837158,0.8485281711413358,2
984,13,27,1,0.21600002574920757,4.6401559092385505e-05,2.2290580000891622e-05,134.0,139.0,78.0,-72.37538743019104,150.62461268901825,122.7499988079071,134,139,78,134,139,78,0.6000000238418579,0.6000000238418579,0.6000000238418579,1.0392305258366357,1.2000000476837158,10.529957683293455,14
984,24,28,1,0.21600002574920757,4.6401559092385505e-05,2.2290580000891622e-05,358.0,79.0,154.0,62.02461791038513,114.62461125850677,168.3500006198883,358,79,154,358,79,154,0.6000000238418579,0.6000000238418579,0.6000000238418579,1.0392305258366357,1.2000000476837158,3.0594118297257697,25
984,8,29,1,0.21600002574920757,4.6401559092385505e-05,2.2290580000891622e-05,90.0,107.0,146.0,-98.77538847923279,131.4246119260788,163.55000042915344,90,107,146,90,107,146,0.6000000238418579,0.6000000238418579,0.6000000238418579,1.0392305258366357,1.2000000476837158,20.540692138562168,3
984,7,30,1,0.21600002574920757,4.6401559092385505e-05,2.2290580000891622e-05,89.0,106.0,146.0,-99.37538850307465,130.82461190223694,163.55000042915344,89,106,146,89,106,146,0.6000000238418579,0.6000000238418579,0.6000000238418579,1.0392305258366357,1.2000000476837158,0.8485281711413358,8
984,19,31,1,0.21600002574920757,4.6401559092385505e-05,2.2290580000891622e-05,276.0,114.0,188.0,12.824615955352783,135.6246120929718,188.75000143051147,276,114,188,276,114,188,0.6000000238418579,0.6000000238418579,0.6000000238418579,1.0392305258366357,1.2000000476837158,27.000001072883606,18
985,1,1,17580,3797.2804526710693,1.0,0.513389597874018,143.40483503981798,190.7226962457338,173.78390216154722,-70.74811118207151,144.64260666962372,88.72034524952457,59,116,78,209,256,207,90.60000360012054,84.60000336170197,78.00000309944153,146.45655227627995,6.000000238418579,inf,-1
985,6,2,16139,3486.024415566461,0.9180318543799771,0.47130800455567556,227.14691120887292,241.23960592353924,114.75159551397236,-20.502863484071867,174.95275368072396,53.300959853539794,169,148,49,268,287,195,60.00000238418579,84.00000333786011,88.20000350475311,135.77643928569225,5.3665633592475555,23.68290616826276,1
985,7,3,366,79.05600942420998,0.020819112627986348,0.010688315860175802,191.63934426229508,279.5983606557377,59.330601092896174,-41.80740449858493,197.96800743458698,20.048361879554605,178,277,56,204,282,62,16.200000643730164,3.6000001430511475,4.200000166893005,17.11841182144907,2.9393878081405864,26.873035879708894,6
985,11,4,61,13.176001570701661,0.003469852104664391,0.0017813859766959669,302.0,96.0,98.70491803278688,24.40899157524109,87.80898666381836,43.672952982245896,300,94,97,304,99,101,3.0000001192092896,3.6000001430511475,3.0000001192092896,5.564171318397717,2.4000000953674316,65.46602432258116,6
985,12,5,46,9.936001184463548,0.0026166097838452784,0.0013433402447215487,334.39130434782606,234.3695652173913,141.7826086956522,43.84377495620561,170.83072909324065,69.51956840701726,333,230,141,336,237,144,2.4000000953674316,4.800000190734863,2.4000000953674316,5.878775616281173,1.6970563422826717,54.08659937994558,6
985,2,6,18,3.8880004634857364,0.0010238907849829352,0.0005256548783693017,67.61111111111111,244.66666666666666,64.5,-116.22434734635883,177.0089902083079,23.150001347064972,66,244,63,69,246,66,2.4000000953674316,1.8000000715255737,2.4000000953674316,3.8418746951220877,1.6970563422826717,7.84601841014596,1
985,3,7,10,2.160000257492076,0.0005688282138794084,0.00029203048798294543,117.6,116.4,127.0,-86.23101282119751,100.04898715019226,60.65000283718109,117,116,126,119,117,128,1.8000000715255737,1.2000000476837158,1.8000000715255737,2.8142495677222836,1.2000000476837158,12.896511668584116,1
985,5,8,8,1.7280002059936606,0.0004550625711035267,0.0002336243903863563,147.0,106.875,132.75,-68.59101212024689,94.33398692309856,64.10000297427177,146,106,131,148,107,134,1.8000000715255737,1.2000000476837158,2.4000000953674316,3.231099012673037,1.2000000476837158,13.007690550086442,1
985,10,9,6,1.2960001544952453,0.000341296928327645,0.00017521829278976722,260.1666666666667,59.833333333333336,90.83333333333333,-0.6910094221432814,66.10898580153784,38.95000197490056,259,59,90,262,60,91,2.4000000953674316,1.2000000476837158,1.2000000476837158,2.9393878081405864,1.2000000476837158,31.686591482738113,11
985,8,10,4,0.8640001029968303,0.00022753128555176336,0.00011681219519317815,199.25,146.75,72.75,-37.24101087450981,118.25898787379265,28.1000015437603,199,146,72,200,147,73,1.2000000476837158,1.2000000476837158,1.2000000476837158,2.0784610516732713,1.2000000476837158,0.8485281711413358,6
985,9,11,4,0.8640001029968303,0.00022753128555176336,0.00011681219519317815,212.75,278.25,60.0,-29.14101055264473,197.15899100899696,20.45000123977661,212,278,60,214,279,60,1.8000000715255737,1.2000000476837158,0.6000000238418579,2.2449945212724285,1.2000000476837158,4.800000190734863,7
985,4,12,1,0.21600002574920757,5.688282138794084e-05,2.920304879829454e-05,122.0,113.0,132.0,-83.59101271629333,98.00898706912994,63.65000295639038,122,113,132,122,113,132,0.6000000238418579,0.6000000238418579,0.6000000238418579,1.0392305258366357,1.2000000476837158,3.498571275927907,3
986,5,1,22465,4852.440578455948,1.0,0.6122254319507276,155.2781660360561,181.00730024482527,151.65688849321165,-42.12313573874637,149.8143453999455,-1096.555912116416,93,102,24,211,243,183,71.40000283718109,85.20000338554382,96.00000381469727,146.87750581511125,6.8934754497677275,inf,-1
986,9,2,12495,2698.920321736349,0.5561985310482974,0.3405188859214041,243.07450980392156,204.72773109243698,80.831212484994,10.554672615200872,164.04660447405166,-1139.0513194099624,188,131,46,273,238,140,51.60000205039978,64.80000257492065,57.0000022649765,100.55148334817498,5.499091052461245,29.203425617170925,5
986,3,3,770,166.32001982688982,0.0342755397284665,0.020984357115604733,87.41948051948052,204.1116883116883,127.65974025974026,-82.83834866656886,163.67697879091486,-1110.9542016286355,76,191,111,98,209,139,13.800000548362732,11.4000004529953,17.40000069141388,24.963173867205033,3.3941126845653433,3.0000001192092896,5
986,1,4,438,94.60801127815292,0.019496995326062767,0.011936556385240094,60.71917808219178,168.9497716894977,101.69406392694064,-98.85853076552692,142.57982797927508,-1126.533608047385,55,163,84,66,175,114,7.200000286102295,7.800000309944153,18.600000739097595,21.415882808080386,2.9393878081405864,22.577866163835893,3
986,4,5,234,50.54400602531457,0.010416202982417095,0.006377064370196763,93.71367521367522,148.7008547008547,138.16239316239316,-79.06183169998674,130.43047730331747,-1104.652609636641,90,146,135,97,152,142,4.800000190734863,4.200000166893005,4.800000190734863,7.982481134585331,3.6000001430511475,10.392305258366356,5
986,12,6,171,36.936004403114495,0.007611840640997108,0.004660162424374558,339.1578947368421,70.32748538011695,131.08771929824562,68.20470586575959,83.40645384230808,-1108.897414123803,332,63,129,346,76,133,9.000000357627869,8.40000033378601,3.0000001192092896,12.671227752675057,2.0784610516732713,89.50061807946484,9
986,10,7,54,11.664001390457209,0.0024037391497885603,0.0014716302392761762,204.74074074074073,153.92592592592592,45.870370370370374,-12.445589736655904,133.56552016293563,-1160.027825512268,202,152,44,208,156,48,4.200000166893005,3.0000001192092896,3.0000001192092896,5.969924859863211,1.6970563422826717,8.270429579891465,9
986,11,8,24,5.184000617980981,0.0010683285110171378,0.0006540578841227448,321.0,85.875,134.79166666666666,57.30996859073639,92.73496298491955,-1106.6750456144412,319,84,133,323,88,137,3.0000001192092896,3.0000001192092896,3.0000001192092896,5.196152629183178,1.6970563422826717,8.357033298389126,12
986,2,9,21,4.536000540733359,0.0009347874471399957,0.0005723006486074018,75.85714285714286,211.04761904761904,104.52380952380952,-89.77575153963906,167.83853739783876,-1124.8357606217974,74,210,103,77,212,106,2.4000000953674316,1.8000000715255737,2.4000000953674316,3.8418746951220877,1.6970563422826717,3.2863354756182304,3
986,6,10,15,3.2400003862381137,0.0006677053193857112,0.0004087861775767156,138.66666666666666,218.66666666666666,149.46666666666667,-52.090035756429046,172.4099661509196,-1097.870045264562,138,217,148,139,220,151,1.2000000476837158,2.4000000953674316,2.4000000953674316,3.6000001430511475,1.2000000476837158,2.7495455262306225,5
986,8,11,4,0.8640001029968303,0.00017805475183618963,0.00010900964735379082,141.0,215.5,153.5,-50.690035700798035,170.50996607542038,-1095.4500451683998,141,215,153,141,216,154,0.6000000238418579,1.2000000476837158,1.2000000476837158,1.8000000715255737,1.2000000476837158,1.8000000715255737,6
986,13,12,2,0.43200005149841514,8.902737591809482e-05,5.450482367689541e-05,348.0,61.5,131.0,73.50996923446655,78.10996240377426,-1108.9500457048416,348,61,131,348,62,131,0.6000000238418579,1.2000000476837158,0.6000000238418579,1.4696939040702932,1.2000000476837158,1.3416408398118889,12
986,7,13,1,0.21600002574920757,4.451368795904741e-05,2.7252411838447706e-05,140.0,217.0,152.0,-51.29003572463989,171.40996611118317,-1096.3500452041626,140,217,152,140,217,152,0.6000000238418579,0.6000000238418579,0.6000000238418579,1.0392305258366357,1.2000000476837158,0.8485281711413358,6
987,4,1,26235,5666.7606755304605,1.0,0.5305144382431448,161.3202591957309,159.55826186392224,95.26609491137793,4.451339051113237,146.89414061001875,93.6096599810869,70,96,46,218,220,168,89.40000355243683,75.00000298023224,73.80000293254852,138.07172597984982,6.2353831550198136,inf,-1
987,1,2,23138,4997.8085957851645,0.8819515913855536,0.4678880530615546,72.7005359149451,165.4863428126891,150.8817097415507,-48.72049703021709,150.45098932061532,126.97903020517016,21,98,32,134,232,196,68.4000027179718,81.00000321865082,99.00000393390656,145.05365101283562,6.462198025346074,24.80403291593694,4
987,2,3,71,15.336001828193737,0.0027063083666857253,0.0014357356628650004,47.83098591549296,121.56338028169014,159.2394366197183,-63.642227622824656,124.09721075481093,131.99366653133444,45,120,156,51,123,163,4.200000166893005,2.4000000953674316,4.800000190734863,6.81469028575178,2.0784610516732713,6.177378330059151,1
987,3,4,8,1.7280002059936606,0.0003049361539927578,0.000161773032435493,54.0,167.625,47.375,-59.94081902503967,151.73418368399143,64.87500189244747,53,167,47,55,169,48,1.8000000715255737,1.8000000715255737,1.2000000476837158,2.8142495677222836,1.2000000476837158,14.12232331629847,4
988,3,1,11878,2565.6483058490876,1.0,0.4471970181845563,114.61256103721165,156.15600269405624,163.4822360666779,-69.55179658259662,151.37426940198299,162.53934248596917,69,96,69,170,225,191,61.20000243186951,78.00000309944153,73.80000293254852,123.59563590199248,4.489989042544857,inf,-1
988,12,2,9549,2062.584245879183,0.8039232193972049,0.3595120665637589,206.041575034035,166.58121269242852,109.79296261388627,-14.694386004665049,157.6293956495627,130.32577713424217,151,113,70,236,197,167,51.60000205039978,51.00000202655792,58.800002336502075,93.38629820847822,4.800000190734863,23.307510445623258,3
988,5,3,1636,353.3760421257036,0.13773362518942583,0.061594066488460525,134.52567237163814,93.130195599022,105.14425427872861,-57.60392930717515,113.55878364231009,127.53655202231371,101,86,99,161,106,112,36.60000145435333,12.600000500679016,8.40000033378601,39.609091439761436,4.489989042544857,13.695255196816518,12
988,9,4,1582,341.7120407352464,0.13318740528708536,0.05956101050412259,124.53350189633376,96.91782553729456,166.17509481668773,-63.59923183058969,115.83136169557775,164.15505780017781,119,80,139,137,120,183,11.4000004529953,24.600000977516174,27.000001072883606,38.2638225528737,3.9799499065754738,1.6970563422826717,3
988,2,5,790,170.640020341874,0.06650951338609194,0.02974285606716615,84.30886075949367,194.3493670886076,156.00759493670887,-87.73401747172392,174.29028894931457,158.0545576297784,67,185,144,99,199,170,19.80000078678131,9.000000357627869,16.200000643730164,27.119735589616283,2.9393878081405864,0.8485281711413358,3
988,4,6,538,116.20801385307367,0.04529382050850311,0.020255261473589095,98.41078066914498,159.02230483271376,65.3996282527881,-79.27286518971715,153.09405075351543,103.6897754591637,84,147,62,108,167,71,15.000000596046448,12.600000500679016,6.000000238418579,20.48804610887842,2.9393878081405864,22.545953969562806,3
988,8,7,222,47.95200571632408,0.01869001515406634,0.008358119046722639,119.09909909909909,91.41441441441441,151.13513513513513,-66.85987363849675,112.52931489063812,155.13108163266568,117,88,143,121,95,159,3.0000001192092896,4.800000190734863,10.200000405311584,11.665333720672844,2.6832816796237777,1.3416408398118889,9
988,10,8,165,35.64000424861925,0.013891227479373632,0.006212115507699258,150.56363636363636,121.26060606060607,78.18787878787879,-47.98115052960135,130.4370305899418,111.36272608511376,146,118,76,155,124,81,6.000000238418579,4.200000166893005,3.6000001430511475,8.160882629525593,2.9393878081405864,1.0392305258366357,12
988,1,9,70,15.12000180244453,0.00589324802155245,0.002635442942660292,50.7,152.67142857142858,134.95714285714286,-107.8993347287178,149.28352484532763,145.42428588015693,49,151,132,53,155,138,3.0000001192092896,3.0000001192092896,4.200000166893005,5.969924859863211,2.4000000953674316,24.847536076370723,2
988,6,10,62,13.39200159645087,0.0052197339619464555,0.0023342494634991154,111.7258064516129,141.93548387096774,69.1774193548387,-71.28384940278146,142.84195776908626,105.95645021046361,108,140,68,115,144,71,4.800000190734863,3.0000001192092896,2.4000000953674316,6.148170703882103,2.0784610516732713,2.2449945212724285,4
988,7,11,32,6.912000823974642,0.002694056238423977,0.0012047739166447047,112.625,153.3125,63.40625,-70.74433325231075,149.66816771775484,102.49374845996499,110,151,62,115,156,65,3.6000001430511475,3.6000001430511475,2.4000000953674316,5.628499135444567,1.6970563422826717,1.2000000476837158,4
988,13,12,26,5.616000669479397,0.002188920693719481,0.0009788788072738225,154.76923076923077,105.96153846153847,95.46153846153847,-45.457793785975525,121.25758966574303,121.7269223011457,152,105,93,157,107,97,3.6000001430511475,1.8000000715255737,3.0000001192092896,5.019960358679748,1.6970563422826717,3.498571275927907,5
988,11,13,8,1.7280002059936606,0.0006735140596059942,0.0003011934791611762,149.0,105.75,90.0,-48.91933238506317,121.13066658377647,118.4499990940094,148,105,89,150,106,91,1.8000000715255737,1.2000000476837158,1.8000000715255737,2.8142495677222836,1.2000000476837158,1.6970563422826717,13
988,14,14,2,0.43200005149841514,0.00016837851490149856,7.529836979029404e-05,162.0,112.5,92.0,-41.11933207511902,125.18066674470901,119.64999914169312,162,112,92,162,113,92,0.6000000238418579,1.2000000476837158,0.6000000238418579,1.4696939040702932,1.2000000476837158,5.196152629183178,13
988,15,15,1,0.21600002574920757,8.418925745074928e-05,3.764918489514702e-05,184.0,197.0,88.0,-27.919331550598145,175.880668759346,117.24999904632568,184,197,88,184,197,88,0.6000000238418579,0.6000000238418579,0.6000000238418579,1.0392305258366357,1.2000000476837158,0.8485281711413358,12
989,3,1,18672,4033.1524807892038,1.0,0.5219724924521972,174.94960368466153,149.72091902313625,98.21443873179092,-9.371053930579492,180.9917346710066,-1116.6213832474357,82,78,55,217,208,178,81.60000324249268,78.60000312328339,74.40000295639038,135.5429137213225,5.091169026848015,inf,-1
989,1,2,16085,3474.360414176004,0.8614502999143102,0.4496533601699653,76.03425551756294,147.18949331675475,149.3122785203606,-68.72026518916432,179.47287918682383,-1085.9626781560264,29,76,43,126,218,193,58.800002336502075,85.80000340938568,90.60000360012054,137.93999243209018,5.3665633592475555,29.326439748967818,3
989,2,3,765,165.24001969814378,0.040970437017994854,0.02138544112713854,75.06143790849673,112.06535947712419,64.82222222222222,-69.30395577779782,158.3983980456209,-1136.6567139493095,64,93,60,88,132,69,15.000000596046448,24.000000953674316,6.000000238418579,28.930953432591622,2.9393878081405864,7.445804483464189,3
989,4,4,165,35.64000424861925,0.008836760925449872,0.004612546125461254,112.76363636363637,131.07272727272726,54.127272727272725,-46.68263580582358,169.80281917615372,-1143.0736839012666,109,123,52,115,141,57,4.200000166893005,11.4000004529953,3.6000001430511475,12.671227752675057,2.4000000953674316,3.0594118297257697,3
989,5,5,64,13.824001647949284,0.003427592116538132,0.0017891088001789107,170.359375,145.859375,154.640625,-12.125191250815988,178.6748081650585,-1082.7656701412052,169,141,153,172,150,156,2.4000000953674316,6.000000238418579,2.4000000953674316,6.8934754497677275,2.4000000953674316,3.498571275927907,3
989,6,6,21,4.536000540733359,0.0011246786632390746,0.0005870513250587051,170.42857142857142,204.38095238095238,127.76190476190476,-12.083673392023371,213.78775598889305,-1098.892902924901,169,203,126,172,205,129,2.4000000953674316,1.8000000715255737,2.4000000953674316,3.8418746951220877,1.6970563422826717,9.543584611580085,3
990,1,1,17174,3709.5844422168907,1.0,0.5170088506231562,104.51543030161872,146.41114475369744,170.75986957028067,-58.61007526468673,169.02735440543216,-1059.0941230147241,38,66,68,161,226,214,74.40000295639038,96.60000383853912,88.20000350475311,150.4864173264655,5.230678940097307,inf,-1
990,4,2,15293,3303.2883937826314,0.8904739722836846,0.46038292492022403,195.0763748120055,152.53442751585692,123.98057935002943,-4.27350639931349,172.7013242087183,-1087.16169826218,110,85,83,244,203,180,81.00000321865082,71.40000283718109,58.800002336502075,122.94877470452302,5.3665633592475555,27.10645787249746,1
990,2,3,488,105.40801256561329,0.02841504599976709,0.014690830272743694,60.96311475409836,93.19672131147541,128.3012295081967,-84.74146563156705,137.09869907136823,-1084.5693080642673,53,84,124,69,105,133,10.200000405311584,13.200000524520874,6.000000238418579,17.727944747678194,3.3941126845653433,1.3416408398118889,1
990,5,4,165,35.64000424861925,0.009607546290904857,0.004967186465169487,150.1818181818182,120.9030303030303,17.67878787878788,-31.210241447795525,153.72248512687105,-1150.942775679357,144,118,16,157,123,20,8.40000033378601,3.6000001430511475,3.0000001192092896,9.618732107342897,2.6832816796237777,38.39062538081767,4
990,3,5,69,14.904001776695322,0.004017701176196577,0.0020771870672526946,92.56521739130434,121.3913043478261,83.17391304347827,-65.78020329579064,154.01544956538987,-1111.6456990190175,89,117,82,96,126,85,4.800000190734863,6.000000238418579,2.4000000953674316,8.049845038871332,1.6970563422826717,11.525624085366262,4
990,7,6,8,1.7280002059936606,0.00046582042622569003,0.0002408332831597327,223.375,56.75,90.25,12.70566938817501,115.23066541552544,-1107.4000466763973,223,56,89,224,57,92,1.2000000476837158,1.2000000476837158,2.4000000953674316,2.9393878081405864,1.2000000476837158,41.41738929879268,4
990,9,7,8,1.7280002059936606,0.00046582042622569003,0.0002408332831597327,270.875,128.75,4.625,41.20567052066326,158.4306671321392,-1158.7750487178564,270,128,4,272,129,5,1.8000000715255737,1.2000000476837158,1.2000000476837158,2.4738634736730947,1.2000000476837158,68.34998442775942,5
990,6,8,7,1.512000180244453,0.00040759287294747876,0.00021072912276476612,207.57142857142858,218.28571428571428,121.0,3.2235261542456612,212.15209783826555,-1088.9500459432602,207,218,120,209,219,122,1.8000000715255737,1.2000000476837158,1.8000000715255737,2.8142495677222836,1.2000000476837158,19.50692262354606,4
990,8,9,6,1.2960001544952453,0.0003493653196692675,0.00018062496236979952,226.33333333333334,202.33333333333334,124.5,14.480669458707183,202.5806688865026,-1086.8500458598137,226,202,124,227,203,125,1.2000000476837158,1.2000000476837158,1.2000000476837158,2.0784610516732713,1.2000000476837158,5.628499135444567,4
991,8,1,14688,3172.6083782043606,1.0,0.47357730130581976,144.60511982570807,197.3418436819172,137.35096677559912,-63.546494969420436,183.59554060164652,-1072.1394654880633,79,135,82,197,288,163,71.40000283718109,92.40000367164612,49.20000195503235,126.71369806001589,4.800000190734863,inf,-1
991,11,2,12684,2739.7443266029486,0.8635620915032679,0.408963404804127,224.7123935666982,225.35122989593188,76.55912961210974,-15.482128814920117,200.40117299785112,-1108.6145692355472,138,170,34,260,273,143,73.80000293254852,62.40000247955322,66.00000262260437,117.03076983629649,5.091169026848015,31.646802043708302,8
991,18,3,945,204.12002433300114,0.06433823529411764,0.030469127841367082,291.06243386243386,71.82962962962964,143.2095238095238,24.32789694442951,108.2882091778296,-1068.6243311280296,285,66,136,297,78,150,7.800000309944153,7.800000309944153,9.000000357627869,14.236573186956177,4.32666170248287,79.77518728133234,8
991,22,4,842,181.87202168083277,0.05732570806100218,0.027148154118974692,305.25534441805223,67.59619952494062,120.5106888361045,32.84364361618589,105.74815101408336,-1082.2436326532636,301,61,114,310,74,127,6.000000238418579,8.40000033378601,8.40000033378601,13.30864433652929,3.3941126845653433,7.683749390244175,18
991,6,5,398,85.96801024818461,0.027096949891067538,0.012832500403030793,89.95226130653266,100.9748743718593,113.80150753768844,-96.33821138395137,125.77535671804418,-1086.2691415922725,79,95,108,99,107,120,12.600000500679016,7.800000309944153,7.800000309944153,16.74634354978331,3.3941126845653433,23.276598614453878,8
991,15,6,377,81.43200970745126,0.025667211328976036,0.012155408673222635,264.0,101.52254641909815,59.06366047745358,8.090435981750488,126.103959959445,-1119.1118511334655,261,93,50,270,109,69,6.000000238418579,10.200000405311584,12.000000476837158,16.85348695592314,2.9393878081405864,41.2475470205435,22
991,20,7,362,78.19200932121313,0.024645969498910673,0.011671771723359665,304.0055248618784,55.005524861878456,138.51381215469613,32.093751852683596,98.19374591606098,-1071.4417582328806,299,50,135,309,61,142,6.600000262260437,7.200000286102295,4.800000190734863,10.883014720782366,3.3941126845653433,5.817216060054983,18
991,1,8,265,57.24000682354001,0.01804193899782135,0.008544252780912462,51.11698113207547,99.24905660377358,101.27924528301887,-119.63938041453092,124.73986601604605,-1093.7824992436283,41,94,98,64,103,104,14.40000057220459,6.000000238418579,4.200000166893005,16.155495063365183,2.4000000953674316,12.427389600144862,6
991,12,9,197,42.55200507259389,0.013412309368191723,0.006351765274867,215.73096446700507,95.28426395939087,122.55329949238579,-20.87098648886996,122.36099033488841,-1081.0180662107953,208,88,119,222,100,126,9.000000357627869,7.800000309944153,4.800000190734863,12.840561245657659,2.6832816796237777,41.83682754587086,18
991,2,10,94,20.304002420425512,0.006399782135076253,0.003030791552474609,52.59574468085106,161.7872340425532,142.9787234042553,-118.7521222500091,162.26277397034016,-1068.7628113766934,47,159,141,57,164,145,6.600000262260437,3.6000001430511475,3.0000001192092896,8.094442859583474,2.4000000953674316,36.08490132289684,8
991,14,11,44,9.504001132965133,0.0029956427015250544,0.0014186683862647106,234.0681818181818,268.4318181818182,58.11363636363637,-9.868655640970587,226.2495269965042,-1119.681865624406,231,267,54,237,270,63,4.200000166893005,2.4000000953674316,6.000000238418579,7.707139853453287,1.6970563422826717,0.8485281711413358,11
991,7,12,35,7.560000901222265,0.002382897603485839,0.001128486216346929,85.05714285714286,102.85714285714286,98.57142857142857,-99.27528257029397,126.9047178540911,-1095.4071893351418,79,100,97,87,105,100,5.400000214576721,3.6000001430511475,2.4000000953674316,6.919537831760196,1.2000000476837158,6.489992553724305,6
991,4,13,35,7.560000901222265,0.002382897603485839,0.001128486216346929,54.714285714285715,152.31428571428572,103.4,-117.48099757943834,156.579004747527,-1092.510046362877,52,151,102,57,153,105,3.6000001430511475,1.8000000715255737,2.4000000953674316,4.6861499917548555,1.6970563422826717,22.337413450392567,2
991,9,14,18,3.8880004634857364,0.0012254901960784314,0.0005803643398355635,83.72222222222223,118.55555555555556,154.66666666666666,-100.07623498307333,136.32376584741803,-1061.7500451405842,81,118,154,87,119,156,4.200000166893005,1.2000000476837158,1.8000000715255737,4.724404912138064,1.2000000476837158,23.667700448449104,6
991,19,15,12,2.5920003089904906,0.0008169934640522875,0.0003869095598903756,289.9166666666667,76.58333333333333,110.41666666666667,23.64043659965199,111.14043151338895,-1088.3000461955864,289,76,109,291,78,111,1.8000000715255737,1.8000000715255737,1.8000000715255737,3.1176915775099068,1.2000000476837158,8.160882629525593,22
991,3,16,4,0.8640001029968303,0.0002723311546840959,0.00012896985329679189,50.5,177.0,131.5,-120.00956910848618,171.39043390750885,-1075.6500456929207,50,177,131,51,177,132,1.2000000476837158,0.6000000238418579,1.2000000476837158,1.8000000715255737,1.2000000476837158,9.859006426854691,2
991,16,17,3,0.6480000772476227,0.00020424836601307187,9.67273899725939e-05,282.3333333333333,81.66666666666667,159.0,19.090436418851198,114.19043163458507,-1059.1500450372696,282,81,159,283,82,159,1.2000000476837158,1.2000000476837158,0.6000000238418579,1.8000000715255737,1.2000000476837158,8.44274870316685,18
991,17,18,3,0.6480000772476227,0.00020424836601307187,9.67273899725939e-05,283.6666666666667,79.33333333333333,155.0,19.89043645064038,112.79043157895406,-1061.550045132637,283,79,155,284,80,155,1.2000000476837158,1.2000000476837158,0.6000000238418579,1.8000000715255737,1.2000000476837158,2.7495455262306225,16
991,21,19,3,0.6480000772476227,0.00020424836601307187,9.67273899725939e-05,300.0,74.66666666666667,123.66666666666667,29.690436840057373,109.99043146769206,-1080.3500458796818,300,74,123,300,75,124,0.6000000238418579,1.2000000476837158,1.2000000476837158,1.8000000715255737,1.2000000476837158,1.0392305258366357,22
991,10,20,2,0.43200005149841514,0.00013616557734204794,6.448492664839594e-05,99.0,89.5,115.0,-90.90956795215607,118.89043182134628,-1085.5500460863113,99,89,115,99,90,115,0.6000000238418579,1.2000000476837158,0.6000000238418579,1.4696939040702932,1.2000000476837158,7.048404354760852,6
991,23,21,2,0.43200005149841514,0.00013616557734204794,6.448492664839594e-05,312.0,54.5,103.0,36.89043712615967,97.89043098688126,-1092.7500463724136,312,54,103,312,55,103,0.6000000238418579,1.2000000476837158,0.6000000238418579,1.4696939040702932,1.2000000476837158,8.248636578691867,22
991,5,22,1,0.21600002574920757,6.808278867102397e-05,3.224246332419797e-05,58.0,158.0,143.0,-115.50956892967224,159.99043345451355,-1068.7500454187393,58,158,143,58,158,143,0.6000000238418579,0.6000000238418579,0.6000000238418579,1.0392305258366357,1.2000000476837158,0.8485281711413358,2
991,13,23,1,0.21600002574920757,6.808278867102397e-05,3.224246332419797e-05,223.0,229.0,153.0,-16.509564995765686,202.59043514728546,-1062.7500451803207,223,229,153,223,229,153,0.6000000238418579,0.6000000238418579,0.6000000238418579,1.0392305258366357,1.2000000476837158,7.891768176370223,11
992,1,1,14260,3080.1603671837,1.0,0.5613731202267539,90.28786816269285,143.9673211781206,166.22650771388498,-50.16809726225377,167.5395758268208,169.68590553972194,35,91,104,147,222,196,67.80000269412994,79.20000314712524,55.800002217292786,118.2502478275566,5.499091052461245,inf,-1
992,10,2,10010,2162.160257749568,0.7019635343618513,0.39406345957011263,175.67722277722277,152.10729270729271,104.5971028971029,1.0655175423050451,172.42355893839607,132.7082611802932,107,85,54,220,187,164,68.4000027179718,61.800002455711365,66.60000264644623,113.72493582258521,4.947726947346189,31.401275107285375,1
992,3,3,1073,231.76802762889972,0.0752454417952314,0.04224076844342965,95.19757688723206,87.37371854613234,156.48835041938491,-47.222271910473665,133.58341289833118,163.84301093084616,90,78,141,101,103,174,7.200000286102295,15.600000619888306,20.40000081062317,26.671333984894993,3.7947333429912047,3.0000001192092896,1
992,7,4,30,6.480000772476227,0.0021037868162692847,0.0011810093693409968,101.86666666666666,172.83333333333334,53.333333333333336,-43.22081788380941,184.85918380816778,101.94999821980795,100,171,52,104,175,55,3.0000001192092896,3.0000001192092896,2.4000000953674316,4.874423236473746,1.6970563422826717,1.9899749532877369,10
992,5,5,15,3.2400003862381137,0.0010518934081346423,0.0005905046846704984,98.73333333333333,78.6,136.53333333333333,-45.10081795851389,128.31918156147003,151.8700002034505,97,78,135,100,79,139,2.4000000953674316,1.2000000476837158,3.0000001192092896,4.024922519435666,1.2000000476837158,1.2000000476837158,3
992,2,6,10,2.160000257492076,0.0007012622720897616,0.0003936697897803323,49.8,120.0,100.0,-74.46081912517548,153.15918254852295,129.94999933242798,49,119,99,51,121,101,1.8000000715255737,1.8000000715255737,1.8000000715255737,3.1176915775099068,1.2000000476837158,2.163330851241435,1
992,4,7,1,0.21600002574920757,7.012622720897615e-05,3.9366978978033224e-05,96.0,79.0,135.0,-46.74081802368164,128.55918157100677,150.950000166893,96,79,135,96,79,135,0.6000000238418579,0.6000000238418579,0.6000000238418579,1.0392305258366357,1.2000000476837158,0.8485281711413358,5
992,6,8,1,0.21600002574920757,7.012622720897615e-05,3.9366978978033224e-05,98.0,79.0,139.0,-45.540817975997925,128.55918157100677,153.35000026226044,98,79,139,98,79,139,0.6000000238418579,0.6000000238418579,0.6000000238418579,1.0392305258366357,1.2000000476837158,1.2000000476837158,3
992,8,9,1,0.21600002574920757,7.012622720897615e-05,3.9366978978033224e-05,102.0,79.0,137.0,-43.14081788063049,128.55918157100677,152.15000021457672,102,79,137,102,79,137,0.6000000238418579,0.6000000238418579,0.6000000238418579,1.0392305258366357,1.2000000476837158,1.2000000476837158,5
992,9,10,1,0.21600002574920757,7.012622720897615e-05,3.9366978978033224e-05,102.0,79.0,139.0,-43.14081788063049,128.55918157100677,153.35000026226044,102,79,139,102,79,139,0.6000000238418579,0.6000000238418579,0.6000000238418579,1.0392305258366357,1.2000000476837158,1.2000000476837158,5
993,2,1,36592,7903.872942215004,1.0,0.6132908740467611,199.09335373852207,170.84168670747704,81.9556460428509,-9.863318947631313,220.68568016016945,-1111.3766592484396,63,91,31,258,250,191,117.60000467300415,96.00000381469727,96.60000383853912,179.9369961211931,6.1188236594515395,inf,-1
993,3,2,22166,4787.856570756935,0.6057608220376038,0.3715075840107266,125.71041234322837,135.6914644049445,150.9261932689705,-53.893085534393194,199.5955459406033,-1069.9943292683818,70,70,78,192,226,179,73.80000293254852,94.20000374317169,61.20000243186951,134.40804081496972,6.000000238418579,19.12485370056445,2
993,4,3,653,141.04801681423254,0.01784543069523393,0.010944439788820917,112.9969372128637,253.19908116385912,98.77947932618683,-61.521170915724866,270.100118797552,-1101.2823588773265,101,243,87,121,258,111,12.600000500679016,9.600000381469727,15.000000596046448,21.815591622111103,2.9393878081405864,21.491394480278036,3
993,6,4,111,23.97600285816204,0.003033449934411893,0.00186038716165256,140.6936936936937,202.13513513513513,45.37837837837838,-44.90311636688473,239.46174996285825,-1133.3230207191932,135,196,43,148,208,47,8.40000033378601,7.800000309944153,3.0000001192092896,11.849051065717866,1.6970563422826717,2.4738634736730947,2
993,1,5,69,14.904001776695322,0.0018856580673371228,0.0011564568842705103,63.73913043478261,146.85507246376812,100.76811594202898,-91.07585615697114,206.29371104205865,-1100.0891768604085,62,143,99,66,151,103,3.0000001192092896,5.400000214576721,3.0000001192092896,6.867314158238295,2.0784610516732713,6.600000262260437,3
993,12,6,35,7.560000901222265,0.0009564932225623087,0.0005866085644850415,254.88571428571427,191.42857142857142,70.8,23.612098710877547,233.03781148365564,-1118.0700471401215,253,188,70,256,196,72,2.4000000953674316,5.400000214576721,1.8000000715255737,6.177378330059151,1.2000000476837158,2.163330851241435,2
993,7,7,14,3.024000360488906,0.00038259728902492344,0.0002346434257940166,144.35714285714286,71.0,88.42857142857143,-42.70504678147179,160.7806657552719,-1107.4929038626808,143,70,88,146,72,89,2.4000000953674316,1.8000000715255737,1.2000000476837158,3.231099012673037,1.2000000476837158,2.7495455262306225,3
993,5,8,13,2.8080003347396985,0.00035526891123742894,0.00021788318109444398,113.92307692307692,234.92307692307693,139.0,-60.96548706751604,259.13451581734876,-1077.1500455141068,113,234,137,115,236,141,1.8000000715255737,1.8000000715255737,3.0000001192092896,3.934463270922718,1.2000000476837158,7.249827872239009,3
993,10,9,7,1.512000180244453,0.00019129864451246172,0.0001173217128970083,178.71428571428572,89.71428571428571,65.71428571428571,-22.090760248047957,172.0092376300267,-1121.1214758328028,178,89,65,179,90,67,1.2000000476837158,1.2000000476837158,1.8000000715255737,2.4738634736730947,1.2000000476837158,3.3941126845653433,2
993,9,10,3,0.6480000772476227,8.19851333624836e-05,5.0280734098717835e-05,153.66666666666666,192.66666666666666,48.0,-37.11933227380118,233.78066865603128,-1131.7500476837158,153,192,48,154,193,48,1.2000000476837158,1.2000000476837158,0.6000000238418579,1.8000000715255737,1.2000000476837158,3.5496480109101034,6
993,8,11,1,0.21600002574920757,2.7328377787494535e-05,1.6760244699572615e-05,152.0,194.0,48.0,-38.1193323135376,234.58066868782043,-1131.7500476837158,152,194,48,152,194,48,0.6000000238418579,0.6000000238418579,0.6000000238418579,1.0392305258366357,1.2000000476837158,0.8485281711413358,9
993,11,12,1,0.21600002574920757,2.7328377787494535e-05,1.6760244699572615e-05,200.0,176.0,53.0,-9.319331169128418,223.780668258667,-1128.7500475645065,200,176,53,200,176,53,0.6000000238418579,0.6000000238418579,0.6000000238418579,1.0392305258366357,1.2000000476837158,0.8485281711413358,2
994,3,1,21612,4668.192556491874,1.0,0.5665897651006712,123.69669627984453,137.82111789746438,129.1616231723117,-59.59838553293423,163.37626777439013,-1069.5530718452849,58,61,39,191,221,164,80.40000319480896,96.60000383853912,75.6000030040741,146.66656643402774,5.628499135444567,inf,-1
994,7,2,13082,2825.7123368511334,0.6053118637793818,0.34296350671140946,223.8429903684452,168.87165571013605,80.80973857208377,0.48939330789988844,182.00659120229565,-1098.5642037582204,154,87,36,254,208,149,60.60000240802765,73.20000290870667,68.4000027179718,117.08612680205188,5.230678940097307,31.41273751873021,3
994,6,3,1612,348.1920415077226,0.07458819174532667,0.04226090604026846,177.7016129032258,150.4361042183623,39.8560794044665,-27.195434271327912,170.9452598676936,-1123.136400235202,143,145,35,210,158,45,40.80000162124634,8.40000033378601,6.600000262260437,42.1753499257937,3.7947333429912047,4.368066107139657,7
994,9,4,741,160.0560190801628,0.034286507495835644,0.01942638422818792,203.84615384615384,230.2294197031039,89.02294197031038,-11.508709082236663,218.82125106095944,-1093.6362815234666,188,224,81,221,235,100,20.40000081062317,7.200000286102295,12.000000476837158,24.738634736730948,3.3941126845653433,21.238644868461318,7
994,5,5,665,143.64001712322303,0.03076994262446789,0.017433934563758392,152.73082706766917,127.50977443609023,155.27518796992481,-42.17790636801182,157.18946145172407,-1053.8849323441211,137,122,152,168,132,158,19.200000762939453,6.600000262260437,4.200000166893005,20.732583875644025,3.3941126845653433,1.0392305258366357,3
994,1,6,279,60.26400718402891,0.012909494725152694,0.007314387583892619,47.494623655913976,130.04659498207886,110.37275985663082,-105.31963092409154,158.71155383979976,-1080.8263902826548,40,125,99,55,134,120,9.600000381469727,6.000000238418579,13.200000524520874,17.389652786430016,2.6832816796237777,15.178933371964819,3
994,10,7,90,19.440002317428682,0.004164353137146031,0.0023594798657718126,208.05555555555554,214.54444444444445,141.84444444444443,-8.983067956235686,209.41026553180484,-1061.9433787796233,206,212,138,211,218,145,3.6000001430511475,4.200000166893005,4.800000190734863,7.323933660467186,2.4000000953674316,4.60868763185395,7
994,12,8,28,6.048000720977812,0.0012955765315565426,0.0007340604026845638,226.67857142857142,219.07142857142858,93.39285714285714,2.1907420115811362,212.12645611592703,-1091.0143323157515,224,217,92,229,221,94,3.6000001430511475,3.0000001192092896,1.8000000715255737,5.019960358679748,1.6970563422826717,3.498571275927907,9
994,4,9,13,2.8080003347396985,0.0006015176753655377,0.0003408137583892618,110.3076923076923,174.84615384615384,142.07692307692307,-67.63178823544429,185.59129022634946,-1061.8038915945933,109,174,141,111,176,143,1.8000000715255737,1.8000000715255737,1.8000000715255737,3.1176915775099068,1.6970563422826717,2.5455845134240076,3
994,8,10,13,2.8080003347396985,0.0006015176753655377,0.0003408137583892618,175.07692307692307,129.53846153846155,38.15384615384615,-28.77024822968704,158.40667376151453,-1124.1577402261587,174,129,37,176,130,40,1.8000000715255737,1.2000000476837158,2.4000000953674316,3.231099012673037,1.2000000476837158,4.837354841198334,7
994,2,11,4,0.8640001029968303,0.00018508236165093466,0.00010486577181208055,56.5,124.5,122.0,-99.91640490293503,155.3835967183113,-1073.8500459194183,56,124,122,57,125,122,1.2000000476837158,1.2000000476837158,0.6000000238418579,1.8000000715255737,1.2000000476837158,1.3416408398118889,1
994,11,12,3,0.6480000772476227,0.00013881177123820098,7.864932885906041e-05,213.33333333333334,153.0,44.666666666666664,-5.81640116373697,172.48359739780426,-1120.2500477631886,213,153,44,214,153,45,1.2000000476837158,0.6000000238418579,1.2000000476837158,1.8000000715255737,1.2000000476837158,1.8973666714956023,7
994,13,13,2,0.43200005149841514,9.254118082546733e-05,5.2432885906040274e-05,291.0,101.0,73.5,40.78360068798065,141.28359615802765,-1102.9500470757484,291,101,73,291,101,74,0.6000000238418579,0.6000000238418579,1.2000000476837158,1.4696939040702932,1.2000000476837158,51.60697832327022,7
995,10,1,15337,3312.7923949155966,1.0,0.5120697138659811,218.392123622612,211.57494946860533,98.72373997522331,14.727662192941182,192.13735753800307,-1123.3158024892336,129,142,58,262,279,154,80.40000319480896,82.80000329017639,58.20000231266022,129.25649433499336,4.800000190734863,inf,-1
995,2,2,12542,2709.072322946561,0.8177609702027775,0.4187506260225034,151.34149258491468,198.45845957582523,162.1531653643757,-25.50271802828884,184.26746328961354,-1085.258145743467,94,130,96,207,276,184,68.4000027179718,88.20000350475311,53.400002121925354,123.73100345781829,4.800000190734863,26.400001049041748,10
995,13,3,660,142.560016994477,0.04303318771598096,0.022035992120463425,158.4090909090909,128.30757575757576,151.42424242424244,-21.262158865278423,142.17693132613644,-1091.6954997633443,152,123,140,164,134,158,7.800000309944153,7.200000286102295,11.4000004529953,15.576906601867234,4.489989042544857,1.6970563422826717,2
995,1,4,526,113.61601354408319,0.034296146573645436,0.017562017962672368,3.8517110266159698,83.66349809885932,173.7300380228137,-113.99659047969847,115.39048366650883,-1078.31202187239,0,77,162,7,92,186,4.800000190734863,9.600000381469727,15.000000596046448,18.444512111646308,3.6000001430511475,80.83984487467494,2
995,17,5,431,93.09601109790846,0.02810197561452696,0.0143901706119996,277.2807424593968,137.7030162412993,105.47795823665894,50.06083489902613,147.81419584037533,-1119.2632713713392,266,134,97,285,144,112,12.000000476837158,6.600000262260437,9.600000381469727,16.724832502304732,2.9393878081405864,35.24202177380426,10
995,6,6,197,42.55200507259389,0.01284475451522462,0.006577409769289841,128.28934010152284,70.60913705583756,159.4720812182741,-39.33401006793008,107.55786672945555,-1086.8667962950499,124,66,157,132,75,164,5.400000214576721,6.000000238418579,4.800000190734863,9.391485878683222,2.6832816796237777,33.81893095434421,13
995,14,7,75,16.200001931190567,0.004890134967725109,0.0025040900136890257,171.68,126.92,112.04,-13.299613094329828,141.3443858385086,-1115.3260461568832,168,125,110,175,129,114,4.800000190734863,3.0000001192092896,3.0000001192092896,6.406247205780169,2.4000000953674316,16.043690986064103,10
995,5,8,51,11.016001313209586,0.003325291778053074,0.0017027812093085373,118.92156862745098,149.0,137.66666666666666,-44.95467317571827,154.59238636493683,-1099.9500455458958,115,146,136,123,153,140,5.400000214576721,4.800000190734863,3.0000001192092896,7.823043197102973,1.6970563422826717,7.914543889459457,2
995,16,9,50,10.800001287460379,0.003260089978483406,0.0016693933424593505,234.12,235.54,160.2,24.16438839435577,206.5163884282112,-1086.4300450086594,232,232,158,237,240,162,3.6000001430511475,5.400000214576721,3.0000001192092896,7.149825456796317,1.6970563422826717,6.000000238418579,10
995,7,10,29,6.264000746727019,0.0018908521875203755,0.0009682481386264232,126.82758620689656,149.48275862068965,105.96551724137932,-40.211062439556784,154.88204154886049,-1118.9707359568827,126,148,104,128,151,108,1.8000000715255737,2.4000000953674316,3.0000001192092896,4.2426408557066795,1.6970563422826717,6.997142551855814,2
995,3,11,27,5.832000695228604,0.0017604485883810392,0.0009014724049280492,97.55555555555556,173.5185185185185,116.18518518518519,-57.77428152826097,169.30349806061497,-1112.8389349469433,96,171,115,99,175,118,2.4000000953674316,3.0000001192092896,2.4000000953674316,4.52990084116453,1.6970563422826717,11.924764622458628,2
995,15,12,13,2.8080003347396985,0.0008476233944056856,0.00043404226903943113,217.6153846153846,224.3846153846154,168.15384615384616,14.261618770085846,199.82315739301535,-1081.6577371267172,216,223,167,219,226,169,2.4000000953674316,2.4000000953674316,1.8000000715255737,3.8418746951220877,1.6970563422826717,8.160882629525593,10
995,4,13,6,1.2960001544952453,0.0003912107974180087,0.00020032720109512204,100.33333333333333,168.83333333333334,117.16666666666667,-56.10761479536693,166.49238683780035,-1112.250046034654,100,168,117,101,170,118,1.2000000476837158,1.8000000715255737,1.2000000476837158,2.4738634736730947,1.2000000476837158,0.8485281711413358,3
995,9,14,3,0.6480000772476227,0.00019560539870900435,0.00010016360054756102,128.33333333333334,243.0,58.666666666666664,-39.30761412779489,210.99238860607147,-1147.3500474294026,128,243,58,129,243,59,1.2000000476837158,0.6000000238418579,1.2000000476837158,1.8000000715255737,1.2000000476837158,2.4000000953674316,10
995,8,15,2,0.43200005149841514,0.00013040359913933625,6.677573369837401e-05,127.0,147.0,109.5,-40.107614159584045,153.3923863172531,-1116.8500462174416,127,147,109,127,147,110,0.6000000238418579,0.6000000238418579,1.2000000476837158,1.4696939040702932,1.2000000476837158,0.8485281711413358,7
995,11,16,1,0.21600002574920757,6.520179956966813e-05,3.3387866849187006e-05,130.0,76.0,162.0,-38.30761408805847,110.7923846244812,-1085.350044965744,130,76,162,130,76,162,0.6000000238418579,0.6000000238418579,0.6000000238418579,1.0392305258366357,1.2000000476837158,0.8485281711413358,6
995,12,17,1,0.21600002574920757,6.520179956966813e-05,3.3387866849187006e-05,130.0,241.0,59.0,-38.30761408805847,209.79238855838776,-1147.1500474214554,130,241,59,130,241,59,0.6000000238418579,0.6000000238418579,0.6000000238418579,1.0392305258366357,1.2000000476837158,1.2000000476837158,10
996,12,1,13659,2950.344351708426,1.0,0.5016711352701362,188.32205871586498,186.4708983088074,64.00988359323523,-4.326096218033243,182.06320749359708,169.85592863029788,119,102,20,227,241,137,65.40000259876251,84.00000333786011,70.80000281333923,127.85069925130443,4.947726947346189,inf,-1
996,2,2,13060,2820.960336284651,0.956146130756278,0.4796709149006501,116.9323124042879,153.34356814701377,122.54984686064319,-47.15994570704369,162.18680860670383,204.97990798644412,66,100,41,172,235,148,64.2000025510788,81.60000324249268,64.80000257492065,122.38971031276715,4.947726947346189,28.231897976279406,12
996,15,3,243,52.48800625705744,0.017790467823413137,0.008924964189958497,176.50205761316872,164.8148148148148,23.86008230452675,-11.418097161461787,169.06955688088027,145.76604689982693,164,161,22,186,168,26,13.800000548362732,4.800000190734863,3.0000001192092896,14.915764066286451,2.6832816796237777,3.6986485487524687,12
996,10,4,69,14.904001776695322,0.005051614320228421,0.0025342490909758693,114.59420289855072,120.84057971014492,31.08695652173913,-48.56281146623087,142.68501476965088,150.10217160245645,110,118,30,119,124,33,6.000000238418579,4.200000166893005,2.4000000953674316,7.707139853453287,2.0784610516732713,10.200000405311584,12
996,1,5,56,12.096001441955623,0.0040998608975766895,0.0020567818709369373,55.125,112.39285714285714,135.96428571428572,-84.24433462321758,137.6163810278688,213.0285716184548,51,107,134,59,117,138,5.400000214576721,6.600000262260437,3.0000001192092896,9.039911863205427,1.6970563422826717,21.873272229435536,2
996,4,6,45,9.720001158714341,0.00329453107840984,0.0016527711462886107,92.31111111111112,194.53333333333333,118.31111111111112,-61.932667069964936,186.90066870053607,202.43666643566556,89,193,116,96,196,121,4.800000190734863,2.4000000953674316,3.6000001430511475,6.462198025346074,1.6970563422826717,6.708204199059444,2
996,11,7,34,7.344000875473057,0.00248920125924299,0.0012487604216402835,119.17647058823529,87.0,90.70588235294117,-45.81345074317035,122.38066613674164,185.87352852260364,117,86,89,121,88,92,3.0000001192092896,1.8000000715255737,2.4000000953674316,4.2426408557066795,2.0784610516732713,15.680561837535897,2
996,3,8,32,6.912000823974642,0.0023427776557581083,0.0011753039262496787,80.875,109.09375,70.90625,-68.79433400928974,135.6369166634977,173.99374863877892,79,106,70,83,112,72,3.0000001192092896,4.200000166893005,1.8000000715255737,5.466260364696242,1.6970563422826717,5.909314915892731,2
996,13,9,16,3.456000411987321,0.0011713888278790541,0.0005876519631248393,135.0,102.3125,121.1875,-36.31933271884918,131.5681665018201,204.16249983757734,134,101,120,136,103,122,1.8000000715255737,1.8000000715255737,1.8000000715255737,3.1176915775099068,1.6970563422826717,2.6153394700486534,2
996,7,10,5,1.080000128746038,0.0003660590087122044,0.00018364123847651229,105.8,128.6,31.6,-53.83933341503143,147.34066712856293,150.4099977016449,105,128,31,106,129,32,1.2000000476837158,1.2000000476837158,1.2000000476837158,2.0784610516732713,1.2000000476837158,3.3941126845653433,10
996,5,11,2,0.43200005149841514,0.00014642360348488177,7.345649539060492e-05,103.0,133.0,31.5,-55.519333481788635,149.9806672334671,150.3499976992607,103,133,31,103,133,32,0.6000000238418579,0.6000000238418579,1.2000000476837158,1.4696939040702932,1.2000000476837158,2.6832816796237777,7
996,8,12,2,0.43200005149841514,0.00014642360348488177,7.345649539060492e-05,107.0,127.0,31.5,-53.119333386421204,146.38066709041595,150.3499976992607,107,127,31,107,127,32,0.6000000238418579,0.6000000238418579,1.2000000476837158,1.4696939040702932,1.2000000476837158,0.8485281711413358,7
996,9,13,2,0.43200005149841514,0.00014642360348488177,7.345649539060492e-05,108.0,126.0,31.5,-52.519333362579346,145.7806670665741,150.3499976992607,108,126,31,108,126,32,0.6000000238418579,0.6000000238418579,1.2000000476837158,1.4696939040702932,1.2000000476837158,0.8485281711413358,8
996,6,14,1,0.21600002574920757,7.321180174244088e-05,3.672824769530246e-05,104.0,130.0,31.0,-54.91933345794678,148.18066716194153,150.04999768733978,104,130,31,104,130,31,0.6000000238418579,0.6000000238418579,0.6000000238418579,1.0392305258366357,1.2000000476837158,1.0392305258366357,7
996,14,15,1,0.21600002574920757,7.321180174244088e-05,3.672824769530246e-05,162.0,162.0,23.0,-20.11933207511902,167.38066792488098,145.24999749660492,162,162,23,162,162,23,0.6000000238418579,0.6000000238418579,0.6000000238418579,1.0392305258366357,1.2000000476837158,1.2000000476837158,15
997,1,1,22958,4958.9285911503075,1.0,0.5335471426247413,106.85203414931614,153.26226152103843,111.14591863402735,-42.229597275359296,189.6165402541801,101.63755459328107,39,77,21,154,254,152,69.60000276565552,106.80000424385071,79.20000314712524,150.07678631277534,5.878775616281173,inf,-1
997,9,2,18881,4078.2964861707883,0.8224148444986498,0.43879709033442554,200.21598432286424,170.954398601769,66.43112123298555,13.788775054739602,200.23182292443187,74.80867508657214,118,111,27,238,240,121,72.60000288486481,78.00000309944153,57.0000022649765,120.84602252702649,5.878775616281173,30.576462749977598,1
997,11,3,482,104.11201241111804,0.02099486017945814,0.011201747658555855,152.14315352697096,106.13485477178423,40.32572614107884,-15.05492456894197,161.34009508102267,59.14543740902699,138,101,34,165,111,47,16.80000066757202,6.600000262260437,8.40000033378601,19.908792818748786,2.9393878081405864,1.4696939040702932,9
997,2,4,252,54.432006488800305,0.010976565902953218,0.0058565153733528535,43.214285714285715,185.13095238095238,46.551587301587304,-80.4122478536197,208.7377555299373,62.88095425376817,40,172,43,48,192,51,5.400000214576721,12.600000500679016,5.400000214576721,14.733635574832462,2.4000000953674316,3.231099012673037,1
997,3,5,152,32.832003913879554,0.006620785782733688,0.003532501336308071,56.19078947368421,155.30263157894737,48.80263157894737,-72.62634528859665,190.8407623375717,64.23158087385329,51,150,47,60,163,52,6.000000238418579,8.40000033378601,3.6000001430511475,10.932520729392484,2.6832816796237777,5.969924859863211,2
997,7,6,141,30.456003630638268,0.006141649969509539,0.0032768597922331446,107.15602836879432,142.63829787234042,139.75177304964538,-42.0472007364246,183.24216181166628,118.8010679246686,105,132,138,110,149,142,3.6000001430511475,10.800000429153442,3.0000001192092896,11.772850590020182,2.6832816796237777,3.0594118297257697,1
997,12,7,132,28.5120033988954,0.005749629758689781,0.003067698528899114,160.88636363636363,160.42424242424244,36.40909090909091,-9.808998294852003,193.91372896685743,56.795456176454366,155,154,34,167,166,38,7.800000309944153,7.800000309944153,3.0000001192092896,11.431535784202993,2.0784610516732713,0.8485281711413358,9
997,4,8,15,3.2400003862381137,0.0006533670180329297,0.00034860210555671755,61.266666666666666,145.4,55.06666666666667,-69.58081885178885,184.89918315410614,67.9900020758311,60,144,54,62,147,56,1.8000000715255737,2.4000000953674316,1.8000000715255737,3.498571275927907,1.6970563422826717,2.8142495677222836,3
997,8,9,6,1.2960001544952453,0.0002613468072131719,0.000139440842222687,105.83333333333333,216.83333333333334,23.666666666666668,-42.84081778923671,227.75918485720953,49.15000132719676,105,216,23,107,217,24,1.8000000715255737,1.2000000476837158,1.2000000476837158,2.4738634736730947,1.2000000476837158,5.3665633592475555,1
997,10,10,5,1.080000128746038,0.00021778900601097657,0.00011620070185223917,135.6,110.8,34.6,-24.980817079544067,164.13918232917786,55.71000158786774,135,110,34,136,111,35,1.2000000476837158,1.2000000476837158,1.2000000476837158,2.0784610516732713,1.2000000476837158,0.8485281711413358,9
997,5,11,3,0.6480000772476227,0.00013067340360658594,6.97204211113435e-05,94.33333333333333,96.66666666666667,85.0,-49.740818063418075,155.65918199221295,85.95000278949738,94,96,85,95,97,85,1.2000000476837158,1.2000000476837158,0.6000000238418579,1.8000000715255737,1.2000000476837158,8.919641602825802,1
997,6,12,2,0.43200005149841514,8.711560240439062e-05,4.648028074089567e-05,104.0,218.0,23.5,-43.94081783294678,228.45918488502502,49.050001323223114,104,218,23,104,218,24,0.6000000238418579,0.6000000238418579,1.2000000476837158,1.4696939040702932,1.2000000476837158,0.8485281711413358,8
998,1,1,28936,6250.17674507907,1.0,0.6390882788170594,98.64217583632845,133.99948161459773,139.0335913740669,-37.15551245889019,173.55887185105524,133.87015890219874,34,76,54,152,234,180,71.40000283718109,95.40000379085541,76.20000302791595,141.44101806017622,6.8934754497677275,inf,-1
998,5,2,15760,3404.1604058075113,0.5446502626486038,0.3480795989133556,185.36668781725888,182.24200507614214,95.56611675126904,14.879196797341564,202.50438707817327,107.78967309217465,108,116,45,218,230,166,66.60000264644623,69.00000274181366,73.20000290870667,120.6432806115268,6.788225369130687,29.05512118527454,1
998,2,3,427,92.23201099491163,0.014756704451202654,0.009430836848731144,67.34192037470726,106.47540983606558,83.17798594847775,-55.935666482119146,157.04442812771094,100.35679431514383,58,99,80,76,117,87,11.4000004529953,11.4000004529953,4.800000190734863,16.8214155910744,2.9393878081405864,2.163330851241435,1
998,4,4,138,29.808003553390645,0.004769145700857064,0.0030479051173885195,83.08695652173913,135.05072463768116,165.6231884057971,-46.48864441850911,174.18961768996888,149.82391775518224,80,131,163,86,139,169,4.200000166893005,5.400000214576721,4.200000166893005,8.02745321513811,2.4000000953674316,0.8485281711413358,1
998,3,5,16,3.456000411987321,0.000552944429084877,0.00035338030346533563,71.625,223.25,51.3125,-53.36581860482693,227.10918501019478,81.23750198632479,71,222,50,72,225,53,1.2000000476837158,2.4000000953674316,2.4000000953674316,3.6000001430511475,1.2000000476837158,0.8485281711413358,1
999,3,1,12445,2688.1203204488884,1.0,0.5944590398853594,97.54206508638008,130.39043792687826,120.82699879469666,-43.8155789350879,158.39344555237727,178.4461991058003,59,87,58,145,195,147,52.20000207424164,65.40000259876251,54.00000214576721,99.5891599935045,4.947726947346189,inf,-1
999,10,2,2757,595.5120709905652,0.22153475291281635,0.13169333651779316,173.196227783823,141.82771128037723,38.54624591947769,1.5769204871136537,165.25580983716247,129.07774541894292,134,129,25,212,157,53,47.400001883506775,17.40000069141388,17.40000069141388,53.40674326973002,3.6000001430511475,44.387837935450165,3
999,18,3,2534,547.344065248492,0.2036159100040177,0.12104131836637211,215.1353591160221,170.09510655090764,77.05564325177585,26.740400286339934,182.21624767342794,152.18338473645738,201,164,49,225,179,111,15.000000596046448,9.600000381469727,37.80000150203705,41.78516649194563,4.32666170248287,5.909314915892731,10
999,14,4,1950,421.20005021095477,0.1566894335074327,0.09314545020300931,190.3574358974359,168.97538461538463,130.2076923076923,11.873645764436475,181.5444144854179,184.07461543725088,163,164,118,214,175,140,31.20000123977661,7.200000286102295,13.800000548362732,34.86717792733945,3.9799499065754738,5.564171318397717,18
999,9,5,371,80.13600955295601,0.029811169144234633,0.017721518987341773,130.81401617250674,164.722371967655,22.26145552560647,-23.852407490146774,178.99260679538037,119.30687079436052,121,158,18,139,171,27,11.4000004529953,8.40000033378601,6.000000238418579,15.379207352686326,2.6832816796237777,1.8973666714956023,10
999,4,6,191,41.25600491809865,0.01534752912816392,0.009123477430140912,80.19895287958116,140.94240837696336,31.82198952879581,-54.22144667265927,164.7246280740069,125.04319142421502,75,132,28,84,152,35,6.000000238418579,12.600000500679016,4.800000190734863,14.758049237930777,2.6832816796237777,16.12203525168538,3
999,17,7,178,38.448004583358944,0.014302932904781034,0.008502507762120848,202.58988764044943,193.75280898876406,51.03932584269663,19.21311710188897,196.41086970018537,136.57359367073252,197,191,42,207,196,57,6.600000262260437,3.6000001430511475,9.600000381469727,12.193441344264752,2.6832816796237777,9.674709682396667,18
999,5,8,127,27.432003270149362,0.010204901566894334,0.006066395987580606,76.92913385826772,194.50393700787401,94.06299212598425,-56.18333816340589,196.86154652955963,162.38779446646924,75,191,90,80,199,98,3.6000001430511475,5.400000214576721,5.400000214576721,8.44274870316685,2.6832816796237777,2.163330851241435,3
999,6,9,103,22.24800265216838,0.00827641623141824,0.004919990446620492,83.48543689320388,95.70873786407768,72.95145631067962,-52.249556186129745,137.58442468782073,149.72087247394822,80,91,69,86,101,77,4.200000166893005,6.600000262260437,5.400000214576721,9.505788088378981,2.4000000953674316,1.3416408398118889,3
999,15,10,96,20.736002471923925,0.007713941341904378,0.004585622163840458,188.59375,198.04166666666666,35.4375,10.81543418392539,198.98418440918127,127.21249779313803,184,195,32,192,200,39,5.400000214576721,3.6000001430511475,4.800000190734863,8.072174749003619,2.0784610516732713,4.2426408557066795,17
999,8,11,54,11.664001390457209,0.004339092004821213,0.0025794124671602576,107.77777777777777,84.61111111111111,113.18518518518519,-37.674151076210876,130.92584837145276,173.86111075789842,106,81,112,109,87,115,2.4000000953674316,4.200000166893005,2.4000000953674316,5.400000214576721,2.0784610516732713,5.969924859863211,3
999,11,12,50,10.800001287460379,0.004017677782241864,0.0023883448770002386,147.86,99.26,44.5,-13.624816787242878,139.71518205404283,132.64999800920486,143,98,42,152,101,48,6.000000238418579,2.4000000953674316,4.200000166893005,7.707139853453287,1.6970563422826717,21.01713670091034,10
999,12,13,39,8.424001004219095,0.0031337886701486538,0.001862909004060186,156.3846153846154,116.61538461538461,49.07692307692308,-8.510047353230988,150.1284132370582,135.39615196448108,154,114,48,159,120,50,3.6000001430511475,4.200000166893005,1.8000000715255737,5.817216060054983,1.6970563422826717,9.467840679053872,11
999,13,14,24,5.184000617980981,0.0019284853354760946,0.0011464055409601145,157.91666666666666,125.25,49.291666666666664,-7.590816547473281,155.3091826736927,135.5249981234471,157,124,48,159,127,51,1.8000000715255737,2.4000000953674316,2.4000000953674316,3.8418746951220877,1.6970563422826717,2.6832816796237777,12
999,7,15,8,1.7280002059936606,0.0006428284451586982,0.00038213518032003817,87.375,121.625,39.375,-49.915818229317665,153.13418258726597,129.57499788701534,87,121,39,88,123,40,1.2000000476837158,1.8000000715255737,1.2000000476837158,2.4738634736730947,1.2000000476837158,6.378087741083216,4
999,2,16,5,1.080000128746038,0.0004017677782241864,0.0002388344877000239,58.0,166.6,90.2,-67.54081892967224,180.11918365955353,160.06999909877777,58,166,89,58,167,91,0.6000000238418579,1.2000000476837158,1.8000000715255737,2.2449945212724285,1.2000000476837158,2.163330851241435,3
999,1,17,2,0.43200005149841514,0.00016070711128967456,9.553379508000954e-05,57.0,98.5,154.0,-68.1408189535141,139.259182035923,198.3500006198883,57,98,154,57,99,154,0.6000000238418579,1.2000000476837158,0.6000000238418579,1.4696939040702932,1.2000000476837158,26.324894208233637,3
999,16,18,1,0.21600002574920757,8.035355564483728e-05,4.776689754000477e-05,184.0,201.0,36.0,8.059184074401855,200.75918447971344,127.54999780654907,184,201,36,184,201,36,0.6000000238418579,0.6000000238418579,0.6000000238418579,1.0392305258366357,1.2000000476837158,0.8485281711413358,15
