case_id,strategy,variant_id,kind,primary_variant,spacing_x_mm,spacing_y_mm,spacing_z_mm,spacing_as_expected,segmentation_threshold_frozen,strength,stage_a_component_count,stage_a_total_volume_mm3,stage_a_largest_component_mm3,stage_a_largest_component_ratio,stage_a_second_component_ratio,stage_a_n_components_ge_5mm3,stage_a_n_components_lt_5mm3,stage_a_median_component_volume_mm3,stage_a_median_gap_to_larger_mm,stage_a_min_gap_to_larger_mm,stage_a_n_components_within_1p2mm,correction_components_before,correction_components_after,correction_bridges_added,correction_added_volume_mm3,correction_removed_volume_mm3,connected_components,pred_voxels,pred_volume_mm3,dice,precision,recall,jaccard,tp_voxels,fp_voxels,fn_voxels,gt_volume_mm3,volume_diff_from_gt_mm3,volume_diff_from_gt_relative,cldice,topology_precision,topology_sensitivity,hd95,hd,assd,masd_pred_to_gt,masd_gt_to_pred,skeleton_voxels,skeleton_length_mm_approx,skeleton_endpoints,skeleton_branchpoints,skeleton_components,centerline_mean_mm,centerline_p95_mm,provenance_checked,provenance_ok,authoritative_dice,dice_abs_delta,mesh_attempted,corrected_mask_path,mesh_mask_path,mesh_status,mesh_target_wall_thickness_mm,mesh_voxel_connected_component_count,mesh_watertight,mesh_non_manifold_edge_count,mesh_connected_component_count,mesh_surface_area_mm2,mesh_volume_mm3,mesh_bbox_x_mm,mesh_bbox_y_mm,mesh_bbox_z_mm,mesh_edge_length_min_mm,mesh_edge_length_median_mm,mesh_edge_length_mean_mm,mesh_raw_stl,mesh_repaired_stl,mesh_smoothed_stl,mesh_repair_success,mesh_surface_roughness_pre_mean,mesh_surface_roughness_pre_max,mesh_surface_roughness_post_mean,mesh_surface_roughness_post_max,mesh_smoothing_volume_change_relative,mesh_wall_thickness_compliance_fraction,mesh_slicer_compatibility_proxy,mesh_phaseb_source,mesh_slicability_planes_total,mesh_slicability_planes_intersecting,mesh_slicability_planes_closed,mesh_slicability_closed_fraction,mesh_slicable,mesh_mask_centroid_world_x,mesh_mask_centroid_world_y,mesh_mask_centroid_world_z,mesh_mesh_centroid_world_x,mesh_mesh_centroid_world_y,mesh_mesh_centroid_world_z,mesh_mesh_to_mask_centroid_mm,mesh_integrity_pass,repaired_stl,geom_vs_gt_geometry_status,geom_vs_gt_distance_method,geom_vs_gt_n_sample_points_a,geom_vs_gt_n_sample_points_b,geom_vs_gt_chamfer_mm,geom_vs_gt_symmetric_mean_surface_distance_mm,geom_vs_gt_symmetric_p95_surface_distance_mm,geom_vs_gt_hausdorff_mm,geom_vs_gt_directed_mean_a_to_b_mm,geom_vs_gt_directed_mean_b_to_a_mm,geom_vs_gt_mesh_volume_a_mm3,geom_vs_gt_mesh_volume_b_mm3,geom_vs_gt_mesh_volume_change_mm3,geom_vs_gt_mesh_volume_change_relative,geom_vs_gt_centroid_displacement_mm,geom_vs_gt_bbox_extent_change_x_mm,geom_vs_gt_bbox_extent_change_y_mm,geom_vs_gt_bbox_extent_change_z_mm,geom_vs_gt_bbox_extent_change_norm_mm,reference_volume_mm3,volume_diff_from_original_mm3,volume_diff_from_original_relative,dice_vs_original_prediction,geom_vs_original_geometry_status,geom_vs_original_distance_method,geom_vs_original_n_sample_points_a,geom_vs_original_n_sample_points_b,geom_vs_original_chamfer_mm,geom_vs_original_symmetric_mean_surface_distance_mm,geom_vs_original_symmetric_p95_surface_distance_mm,geom_vs_original_hausdorff_mm,geom_vs_original_directed_mean_a_to_b_mm,geom_vs_original_directed_mean_b_to_a_mm,geom_vs_original_mesh_volume_a_mm3,geom_vs_original_mesh_volume_b_mm3,geom_vs_original_mesh_volume_change_mm3,geom_vs_original_mesh_volume_change_relative,geom_vs_original_centroid_displacement_mm,geom_vs_original_bbox_extent_change_x_mm,geom_vs_original_bbox_extent_change_y_mm,geom_vs_original_bbox_extent_change_z_mm,geom_vs_original_bbox_extent_change_norm_mm
1000,s0_original,s0_original,identity,True,0.6000000238418579,0.6000000238418579,0.6000000238418579,True,0.5,,9,7188.264856907878,4042.0084818449213,0.5623065596922985,0.7519905947736867,7,2,21.384002549171548,2.9698485989946755,0.8485281711413358,2,9,9,0,0.0,0.0,9,33279,7188.264856907878,0.7841487639174053,0.7057904384146159,0.8820790145711281,0.6449380817705044,23488,9791,3140,5751.6486856499,1436.6161712579787,0.24977467327625041,0.896689029431023,0.8377777777777777,0.9645120405576679,3.7947333429912047,17.90977457958963,0.7699345683677657,1.0553722450928897,0.4504268514785025,900,540.0000214576721,26,25,7,1.1207815745837566,5.939697197989351,True,True,0.7841487639174053,0.0,True,/Users/angadkumar16ak/Projects/Automated_Cardiovascular_Segmentation_for_Bioprinting_Project/outputs/topology_correction/case_outputs/1000/mask__s0_original.nii.gz,/Users/angadkumar16ak/Projects/Automated_Cardiovascular_Segmentation_for_Bioprinting_Project/outputs/topology_correction/case_outputs/1000/mask__s0_original.nii.gz,ok,3.0,9.0,True,0.0,7.0,8224.39592026524,7061.877841841374,112.80000448226929,99.60000395774841,87.0000034570694,0.4242640855706679,0.6000000238418579,0.5892606688454143,/Users/angadkumar16ak/Projects/Automated_Cardiovascular_Segmentation_for_Bioprinting_Project/outputs/topology_correction/mesh_qc/s0_original/case_outputs/1000__s0_original/segmentation_raw.stl,/Users/angadkumar16ak/Projects/Automated_Cardiovascular_Segmentation_for_Bioprinting_Project/outputs/topology_correction/mesh_qc/s0_original/case_outputs/1000__s0_original/segmentation_repaired.stl,/Users/angadkumar16ak/Projects/Automated_Cardiovascular_Segmentation_for_Bioprinting_Project/outputs/topology_correction/mesh_qc/s0_original/case_outputs/1000__s0_original/segmentation_smoothed.stl,True,0.5846051209689358,3.141592653589793,0.5276767342309249,3.1404698574224024,-0.003074502281855277,0.08801346194296704,True,"phaseb_mesh_qc.run_phaseb_for_case (repository implementation, unmodified)",50.0,50.0,50.0,1.0,True,-23.97811398906933,178.82664619867944,-180.29657022869355,-27.631705722475857,178.79410402104963,-181.48395000662595,3.841830590328547,True,/Users/angadkumar16ak/Projects/Automated_Cardiovascular_Segmentation_for_Bioprinting_Project/outputs/topology_correction/mesh_qc/s0_original/case_outputs/1000__s0_original/segmentation_repaired.stl,ok,exact_point_to_surface,77801.0,81713.0,1.4096258133568218,0.7125215938841618,3.670700163092833,17.824141575071582,0.39048685071262496,1.019138962644197,5637.861512633685,7061.877662341317,1424.0161497076315,0.25258090262001004,1.2456576437454523,0.6000003814697266,1.1999969482421875,2.399993896484375,2.7495388407361396,,,,,,,,,,,,,,,,,,,,,,,
751,s0_original,s0_original,identity,True,0.6000000238418579,0.6000000238418579,0.6000000238418579,True,0.5,,9,7269.912866641079,5515.776657531765,0.758712897762724,0.22646459899749372,7,2,21.816002600669965,7.6808541159961,2.4738634736730947,0,9,9,0,0.0,0.0,9,33657,7269.912866641079,0.7646604461471915,0.7353299462221826,0.7964279967819791,0.6189880699297201,24749,8908,6326,6712.2008001566255,557.7120664844533,0.08308930008045043,0.8625976166172692,0.817738791423002,0.9126637554585153,11.556816629781547,49.655213180002214,2.1678674115560623,3.5927330167531464,0.7093172481964896,1026,615.6000244617462,24,12,9,3.2311003660070523,25.289837811144714,True,True,0.7646604461471915,0.0,True,/Users/angadkumar16ak/Projects/Automated_Cardiovascular_Segmentation_for_Bioprinting_Project/outputs/topology_correction/case_outputs/751/mask__s0_original.nii.gz,/Users/angadkumar16ak/Projects/Automated_Cardiovascular_Segmentation_for_Bioprinting_Project/outputs/topology_correction/case_outputs/751/mask__s0_original.nii.gz,ok,3.0,9.0,True,0.0,9.0,8857.119370337401,7127.406849653038,123.00000488758087,112.80000448226929,97.80000388622284,0.4242640855706679,0.6000000238418579,0.5905223490007478,/Users/angadkumar16ak/Projects/Automated_Cardiovascular_Segmentation_for_Bioprinting_Project/outputs/topology_correction/mesh_qc/s0_original/case_outputs/751__s0_original/segmentation_raw.stl,/Users/angadkumar16ak/Projects/Automated_Cardiovascular_Segmentation_for_Bioprinting_Project/outputs/topology_correction/mesh_qc/s0_original/case_outputs/751__s0_original/segmentation_repaired.stl,/Users/angadkumar16ak/Projects/Automated_Cardiovascular_Segmentation_for_Bioprinting_Project/outputs/topology_correction/mesh_qc/s0_original/case_outputs/751__s0_original/segmentation_smoothed.stl,True,0.562456389906713,3.141592653589793,0.5097164259539586,3.139885094606429,-0.0032812164871648094,0.05835338859672579,True,"phaseb_mesh_qc.run_phaseb_for_case (repository implementation, unmodified)",50.0,50.0,50.0,1.0,True,-27.605030681302267,172.57563694603613,111.71905615474464,-28.00134291407404,173.54110849762282,108.84128282697391,3.0611726558291923,True,/Users/angadkumar16ak/Projects/Automated_Cardiovascular_Segmentation_for_Bioprinting_Project/outputs/topology_correction/mesh_qc/s0_original/case_outputs/751__s0_original/segmentation_repaired.stl,ok,exact_point_to_surface,81982.0,83986.0,4.287645217296312,2.1618385837529264,12.067906374802082,49.64433938571926,0.6517690376957934,3.635876179600518,6582.824882273708,7127.406283170065,544.5814008963571,0.0827276147604672,7.685654410144587,19.800003051757812,20.400001525878906,17.39999771118164,33.33106814151936,,,,,,,,,,,,,,,,,,,,,,,
752,s0_original,s0_original,identity,True,0.6000000238418579,0.6000000238418579,0.6000000238418579,True,0.5,,5,8330.688993095438,4624.776551316283,0.5551493466085874,0.7589089720237261,5,0,130.46401555252137,5.191987365186456,2.4738634736730947,0,5,5,0,0.0,0.0,5,38568,8330.688993095437,0.7582567580878938,0.6985583903754408,0.8291121711032466,0.6106389247750504,26942,11626,5553,7018.9208367205,1311.7681563749366,0.18689029081397124,0.8528463043779931,0.7607655502392344,0.9702868852459017,14.424978909402709,33.5892853401864,1.8314085953741828,3.127255775242325,0.32636005895355985,1254,752.4000298976898,24,52,5,2.414574196581863,19.113998879276654,True,True,0.7582567580878938,0.0,True,/Users/angadkumar16ak/Projects/Automated_Cardiovascular_Segmentation_for_Bioprinting_Project/outputs/topology_correction/case_outputs/752/mask__s0_original.nii.gz,/Users/angadkumar16ak/Projects/Automated_Cardiovascular_Segmentation_for_Bioprinting_Project/outputs/topology_correction/case_outputs/752/mask__s0_original.nii.gz,ok,3.0,5.0,True,0.0,5.0,10278.857701420297,8168.364973744904,106.20000422000885,88.20000350475311,103.20000410079956,0.4242640855706679,0.6000000238418579,0.5910894174105579,/Users/angadkumar16ak/Projects/Automated_Cardiovascular_Segmentation_for_Bioprinting_Project/outputs/topology_correction/mesh_qc/s0_original/case_outputs/752__s0_original/segmentation_raw.stl,/Users/angadkumar16ak/Projects/Automated_Cardiovascular_Segmentation_for_Bioprinting_Project/outputs/topology_correction/mesh_qc/s0_original/case_outputs/752__s0_original/segmentation_repaired.stl,/Users/angadkumar16ak/Projects/Automated_Cardiovascular_Segmentation_for_Bioprinting_Project/outputs/topology_correction/mesh_qc/s0_original/case_outputs/752__s0_original/segmentation_smoothed.stl,True,0.5717864858554659,3.141592653589793,0.5131073328378501,3.1377673473701657,-0.0031448699922995795,0.05011926986102468,True,"phaseb_mesh_qc.run_phaseb_for_case (repository implementation, unmodified)",50.0,50.0,50.0,1.0,True,-37.43453189577954,186.1669620909129,44.35540181822152,-37.70703710855925,187.15257922832316,42.391488942755295,2.2141937618399465,True,/Users/angadkumar16ak/Projects/Automated_Cardiovascular_Segmentation_for_Bioprinting_Project/outputs/topology_correction/mesh_qc/s0_original/case_outputs/752__s0_original/segmentation_repaired.stl,ok,exact_point_to_surface,83590.0,89329.0,3.348580170222464,1.7203944251415921,12.902654490585455,33.483449455672776,0.28514278179883307,3.0634373884236306,6883.353729119558,8168.365147648103,1285.0114185285447,0.18668391442566604,6.2407095977059095,4.8000030517578125,1.8000030517578125,-2.399998188018799,5.66039146929921,,,,,,,,,,,,,,,,,,,,,,,
753,s0_original,s0_original,identity,True,0.6000000238418579,0.6000000238418579,0.6000000238418579,True,0.5,,5,4440.528529352209,3502.65641754915,0.7887926841132405,0.23316477553034043,5,0,75.16800896072424,6.859776614812458,4.837354841198334,0,5,5,0,0.0,0.0,5,20558,4440.528529352209,0.7687141811204524,0.7405389629341376,0.7991181565272164,0.6243182284191101,15224,5334,3827,4115.016490548153,325.5120388040559,0.07910345913600339,0.9062682696383894,0.9351081530782029,0.879154078549849,9.197826195542296,29.72271976467673,1.421315006866792,0.6441973690676798,2.17260541346028,601,360.6000143289566,15,7,5,1.440384089781677,9.256349540139176,True,True,0.7687141811204524,0.0,True,/Users/angadkumar16ak/Projects/Automated_Cardiovascular_Segmentation_for_Bioprinting_Project/outputs/topology_correction/case_outputs/753/mask__s0_original.nii.gz,/Users/angadkumar16ak/Projects/Automated_Cardiovascular_Segmentation_for_Bioprinting_Project/outputs/topology_correction/case_outputs/753/mask__s0_original.nii.gz,ok,3.0,5.0,True,0.0,5.0,5405.133048195258,4353.471518974205,107.40000426769257,94.80000376701355,78.60000312328339,0.4242640855706679,0.6000000238418579,0.5904866878588882,/Users/angadkumar16ak/Projects/Automated_Cardiovascular_Segmentation_for_Bioprinting_Project/outputs/topology_correction/mesh_qc/s0_original/case_outputs/753__s0_original/segmentation_raw.stl,/Users/angadkumar16ak/Projects/Automated_Cardiovascular_Segmentation_for_Bioprinting_Project/outputs/topology_correction/mesh_qc/s0_original/case_outputs/753__s0_original/segmentation_repaired.stl,/Users/angadkumar16ak/Projects/Automated_Cardiovascular_Segmentation_for_Bioprinting_Project/outputs/topology_correction/mesh_qc/s0_original/case_outputs/753__s0_original/segmentation_smoothed.stl,True,0.5786350503965773,3.141592653589793,0.5236996721852472,3.1379749526094463,-0.0030007682012072844,0.053799007685572525,True,"phaseb_mesh_qc.run_phaseb_for_case (repository implementation, unmodified)",50.0,50.0,50.0,1.0,True,-47.56209311515212,163.3478303036983,99.63792993612054,-47.97512068196148,163.9706048141854,97.80984684394309,1.9749247210367278,True,/Users/angadkumar16ak/Projects/Automated_Cardiovascular_Segmentation_for_Bioprinting_Project/outputs/topology_correction/mesh_qc/s0_original/case_outputs/753__s0_original/segmentation_repaired.stl,ok,exact_point_to_surface,71208.0,70741.0,2.6116913850017114,1.3081223978084635,8.745384920734438,29.698484385958277,1.9978714777462636,0.6138199072554477,4025.8892480079994,4353.471373241594,327.5821252335945,0.08136888648779432,4.52319488614913,-0.6000041961669922,0.0,-1.8000030517578125,1.8973708181996045,,,,,,,,,,,,,,,,,,,,,,,
754,s0_original,s0_original,identity,True,0.6000000238418579,0.6000000238418579,0.6000000238418579,True,0.5,,8,6406.992763772994,5239.2966245727785,0.8177466118265795,0.2126071899736148,5,3,13.716001635074681,3.7947333429912047,0.8485281711413358,1,8,8,0,0.0,0.0,8,29662,6406.992763772995,0.8639282228652637,0.8505158114759626,0.8777704324832122,0.7604521477015825,25228,4434,3513,6208.056740057975,198.93602371502038,0.03204481402873947,0.9480815447087098,0.9354838709677419,0.9610231425091352,0.8485281711413358,14.236573186956175,0.43856150635767127,0.48114517017462266,0.3966408291932314,775,465.0000184774399,17,11,6,0.73201368222542,2.2449945212724285,True,True,0.8639282228652637,0.0,True,/Users/angadkumar16ak/Projects/Automated_Cardiovascular_Segmentation_for_Bioprinting_Project/outputs/topology_correction/case_outputs/754/mask__s0_original.nii.gz,/Users/angadkumar16ak/Projects/Automated_Cardiovascular_Segmentation_for_Bioprinting_Project/outputs/topology_correction/case_outputs/754/mask__s0_original.nii.gz,ok,3.0,8.0,True,0.0,6.0,7171.468558351423,6298.497750839381,91.2000036239624,85.80000340938568,112.80000448226929,0.4242640855706679,0.6000000238418579,0.5893352350904526,/Users/angadkumar16ak/Projects/Automated_Cardiovascular_Segmentation_for_Bioprinting_Project/outputs/topology_correction/mesh_qc/s0_original/case_outputs/754__s0_original/segmentation_raw.stl,/Users/angadkumar16ak/Projects/Automated_Cardiovascular_Segmentation_for_Bioprinting_Project/outputs/topology_correction/mesh_qc/s0_original/case_outputs/754__s0_original/segmentation_repaired.stl,/Users/angadkumar16ak/Projects/Automated_Cardiovascular_Segmentation_for_Bioprinting_Project/outputs/topology_correction/mesh_qc/s0_original/case_outputs/754__s0_original/segmentation_smoothed.stl,True,0.5436647028573173,3.141592653589793,0.46584049081889856,3.138164346071734,-0.0028597623502286456,0.09985840469287303,True,"phaseb_mesh_qc.run_phaseb_for_case (repository implementation, unmodified)",50.0,50.0,50.0,1.0,True,-21.634782778759416,157.23325056856828,-161.12598279353443,-21.03947063387547,159.1153864588593,-165.7009339281842,4.9826709648341385,True,/Users/angadkumar16ak/Projects/Automated_Cardiovascular_Segmentation_for_Bioprinting_Project/outputs/topology_correction/mesh_qc/s0_original/case_outputs/754__s0_original/segmentation_repaired.stl,ok,exact_point_to_surface,78308.0,77648.0,0.8103680870303585,0.4049694844953013,0.8485219334345526,14.23656559558344,0.3544843972968573,0.45588368973350113,6099.579900350291,6298.497766615019,198.91786626472822,0.03261173220360711,1.4627207377535099,2.3999996185302734,0.5999984741210938,0.5999984741210938,2.5455833333129636,,,,,,,,,,,,,,,,,,,,,,,
755,s0_original,s0_original,identity,True,0.6000000238418579,0.6000000238418579,0.6000000238418579,True,0.5,,10,6231.600742864638,3582.792427102106,0.5749393414211439,0.6333273045155844,7,3,13.608001622200076,3.8418746951220877,0.8485281711413358,2,10,10,0,0.0,0.0,10,28850,6231.600742864638,0.7661699366964181,0.6754246100519931,0.8850835755813954,0.6209687699171447,19486,9364,2530,4755.456566894554,1476.1441759700838,0.3104106104651161,0.8436066905215597,0.7552204176334106,0.9554234769687965,13.695255196816518,34.430801533125646,1.995716236584054,3.335920279504333,0.36246533620164106,862,517.2000205516815,24,20,8,2.555532599399887,17.260151093920587,True,True,0.7661699366964181,0.0,True,/Users/angadkumar16ak/Projects/Automated_Cardiovascular_Segmentation_for_Bioprinting_Project/outputs/topology_correction/case_outputs/755/mask__s0_original.nii.gz,/Users/angadkumar16ak/Projects/Automated_Cardiovascular_Segmentation_for_Bioprinting_Project/outputs/topology_correction/case_outputs/755/mask__s0_original.nii.gz,ok,3.0,10.0,True,0.0,8.0,7540.712841735823,6111.324728526622,100.20000398159027,84.60000336170197,90.60000360012054,0.4242640855706679,0.6000000238418579,0.590375188630538,/Users/angadkumar16ak/Projects/Automated_Cardiovascular_Segmentation_for_Bioprinting_Project/outputs/topology_correction/mesh_qc/s0_original/case_outputs/755__s0_original/segmentation_raw.stl,/Users/angadkumar16ak/Projects/Automated_Cardiovascular_Segmentation_for_Bioprinting_Project/outputs/topology_correction/mesh_qc/s0_original/case_outputs/755__s0_original/segmentation_repaired.stl,/Users/angadkumar16ak/Projects/Automated_Cardiovascular_Segmentation_for_Bioprinting_Project/outputs/topology_correction/mesh_qc/s0_original/case_outputs/755__s0_original/segmentation_smoothed.stl,True,0.574957642570036,3.141592653589793,0.5250637760057062,3.1407189442127272,-0.0032643518794641035,0.06097053726169844,True,"phaseb_mesh_qc.run_phaseb_for_case (repository implementation, unmodified)",50.0,50.0,50.0,1.0,True,-40.37263105320558,157.03642255014108,106.08381964228595,-42.42948197906023,156.82578828818805,103.97591539098916,2.952670461824802,True,/Users/angadkumar16ak/Projects/Automated_Cardiovascular_Segmentation_for_Bioprinting_Project/outputs/topology_correction/mesh_qc/s0_original/case_outputs/755__s0_original/segmentation_repaired.stl,ok,exact_point_to_surface,73142.0,78949.0,3.6010700861034737,1.8575852706721399,12.993843357916262,34.407265649923374,0.3063338773870761,3.2947362087163974,4661.46105004374,6111.325722623973,1449.8646725802328,0.3110322401099175,8.780253898634653,9.5367431640625e-07,-2.399993896484375,21.599998474121094,21.73292214096385,,,,,,,,,,,,,,,,,,,,,,,
756,s0_original,s0_original,identity,True,0.6000000238418579,0.6000000238418579,0.6000000238418579,True,0.5,,8,4613.976550028822,3809.1604540872754,0.8255699639529985,0.2051034873830451,4,4,5.724000682354,6.734983563817286,0.8485281711413358,1,8,8,0,0.0,0.0,8,21361,4613.976550028823,0.7393484272770195,0.769720518702308,0.7112822287593009,0.5864811842339932,16442,4919,6674,4993.056595218683,-379.08004518985945,-0.07592143969544907,0.8316498316498316,0.890625,0.78,4.837354841198334,16.12203525168538,0.9198551524955757,0.5336663630865763,1.2478752179078254,640,384.00001525878906,20,12,7,1.1318969818627012,5.2183662773001425,True,True,0.7393484272770195,0.0,True,/Users/angadkumar16ak/Projects/Automated_Cardiovascular_Segmentation_for_Bioprinting_Project/outputs/topology_correction/case_outputs/756/mask__s0_original.nii.gz,/Users/angadkumar16ak/Projects/Automated_Cardiovascular_Segmentation_for_Bioprinting_Project/outputs/topology_correction/case_outputs/756/mask__s0_original.nii.gz,ok,3.0,8.0,True,0.0,7.0,5597.841103958384,4522.545539129399,103.20000410079956,86.40000343322754,80.40000319480896,0.4242640855706679,0.6000000238418579,0.5894393178760339,/Users/angadkumar16ak/Projects/Automated_Cardiovascular_Segmentation_for_Bioprinting_Project/outputs/topology_correction/mesh_qc/s0_original/case_outputs/756__s0_original/segmentation_raw.stl,/Users/angadkumar16ak/Projects/Automated_Cardiovascular_Segmentation_for_Bioprinting_Project/outputs/topology_correction/mesh_qc/s0_original/case_outputs/756__s0_original/segmentation_repaired.stl,/Users/angadkumar16ak/Projects/Automated_Cardiovascular_Segmentation_for_Bioprinting_Project/outputs/topology_correction/mesh_qc/s0_original/case_outputs/756__s0_original/segmentation_smoothed.stl,True,0.5878618082476562,3.141592653589793,0.5312908834648778,3.140097551330158,-0.0031735247312292374,0.05898600252797154,True,"phaseb_mesh_qc.run_phaseb_for_case (repository implementation, unmodified)",50.0,50.0,50.0,1.0,True,-52.363447439324005,153.1760681250151,-1053.745051069165,-53.073989415218605,154.51032493064022,-1056.6782358263615,3.299800591356353,True,/Users/angadkumar16ak/Projects/Automated_Cardiovascular_Segmentation_for_Bioprinting_Project/outputs/topology_correction/mesh_qc/s0_original/case_outputs/756__s0_original/segmentation_repaired.stl,ok,exact_point_to_surface,75049.0,71571.0,1.7072390309920524,0.8617727158861538,4.6507447111573015,16.122008091421968,1.1973291880666115,0.5099098429254411,4886.692997544482,4522.547022515665,-364.1459750288168,-0.07451787440131737,3.905291932812359,-4.800005912780762,-2.399993896484375,0.0,5.366565704982333,,,,,,,,,,,,,,,,,,,,,,,
757,s0_original,s0_original,identity,True,0.6000000238418579,0.6000000238418579,0.6000000238418579,True,0.5,,7,7687.224916388548,5209.920621070886,0.677737503161089,0.47346600331674965,3,4,0.6480000772476227,15.586612117552686,0.8485281711413358,1,7,7,0,0.0,0.0,7,35589,7687.224916388548,0.8609104996929914,0.8273342886847059,0.8973272788224179,0.7557882848195493,29444,6145,3369,7087.608844908748,599.6160714797998,0.08460061560966683,0.9616905919826176,0.9523281596452328,0.9712389380530974,0.8485281711413358,28.327373047499528,0.36759837572120146,0.3805211400399388,0.3551764818302264,902,541.2000215053558,19,24,6,0.6533894036983592,1.0392305258366357,True,True,0.8609104996929914,0.0,True,/Users/angadkumar16ak/Projects/Automated_Cardiovascular_Segmentation_for_Bioprinting_Project/outputs/topology_correction/case_outputs/757/mask__s0_original.nii.gz,/Users/angadkumar16ak/Projects/Automated_Cardiovascular_Segmentation_for_Bioprinting_Project/outputs/topology_correction/case_outputs/757/mask__s0_original.nii.gz,ok,3.0,7.0,True,0.0,6.0,8607.090819109562,7557.102900876799,133.20000529289246,115.20000457763672,97.80000388622284,0.4242640855706679,0.6000000238418579,0.5890116185535104,/Users/angadkumar16ak/Projects/Automated_Cardiovascular_Segmentation_for_Bioprinting_Project/outputs/topology_correction/mesh_qc/s0_original/case_outputs/757__s0_original/segmentation_raw.stl,/Users/angadkumar16ak/Projects/Automated_Cardiovascular_Segmentation_for_Bioprinting_Project/outputs/topology_correction/mesh_qc/s0_original/case_outputs/757__s0_original/segmentation_repaired.stl,/Users/angadkumar16ak/Projects/Automated_Cardiovascular_Segmentation_for_Bioprinting_Project/outputs/topology_correction/mesh_qc/s0_original/case_outputs/757__s0_original/segmentation_smoothed.stl,True,0.5685327927567697,3.141592653589793,0.5076119773903043,3.1397774231449804,-0.0025948056860855685,0.0908707746775689,True,"phaseb_mesh_qc.run_phaseb_for_case (repository implementation, unmodified)",50.0,45.0,45.0,1.0,True,-50.9571882622639,178.49570796899974,78.17914432202973,-51.76856065344091,180.18310850733718,74.40471094382664,4.2133114127060844,True,/Users/angadkumar16ak/Projects/Automated_Cardiovascular_Segmentation_for_Bioprinting_Project/outputs/topology_correction/mesh_qc/s0_original/case_outputs/757__s0_original/segmentation_repaired.stl,ok,exact_point_to_surface,82005.0,83230.0,0.6680271721174105,0.3341949548916216,0.7367613205873317,28.327369530227283,0.30954952148161874,0.3584776506357917,6955.182521282732,7557.103168710254,601.9206474275225,0.0865427536352434,3.301981449185473,15.600000381469727,6.0,-1.1999988555908203,16.757088325698916,,,,,,,,,,,,,,,,,,,,,,,
758,s0_original,s0_original,identity,True,0.6000000238418579,0.6000000238418579,0.6000000238418579,True,0.5,,5,5556.168662346866,3689.9284398737127,0.6641138280915913,0.4719311596323831,4,1,108.4320129261022,4.991454707438339,0.8485281711413358,1,5,5,0,0.0,0.0,5,25723,5556.168662346866,0.8461103859416704,0.8441861369202659,0.8480434273217214,0.7332680488957926,21715,4008,3891,5530.896659334209,25.27200301265657,0.00456924158400362,0.9489529555078601,0.957002457002457,0.9410377358490566,0.8485281711413358,10.833282481636626,0.3880315560636097,0.3335833939563866,0.4384165981000207,814,488.40001940727234,15,19,4,0.6114881993157666,1.8000000715255737,True,True,0.8461103859416704,0.0,True,/Users/angadkumar16ak/Projects/Automated_Cardiovascular_Segmentation_for_Bioprinting_Project/outputs/topology_correction/case_outputs/758/mask__s0_original.nii.gz,/Users/angadkumar16ak/Projects/Automated_Cardiovascular_Segmentation_for_Bioprinting_Project/outputs/topology_correction/case_outputs/758/mask__s0_original.nii.gz,ok,3.0,5.0,True,0.0,4.0,6880.599018422789,5444.199648999122,110.40000438690186,87.0000034570694,115.80000460147858,0.4242640855706679,0.6000000238418579,0.5906022350555473,/Users/angadkumar16ak/Projects/Automated_Cardiovascular_Segmentation_for_Bioprinting_Project/outputs/topology_correction/mesh_qc/s0_original/case_outputs/758__s0_original/segmentation_raw.stl,/Users/angadkumar16ak/Projects/Automated_Cardiovascular_Segmentation_for_Bioprinting_Project/outputs/topology_correction/mesh_qc/s0_original/case_outputs/758__s0_original/segmentation_repaired.stl,/Users/angadkumar16ak/Projects/Automated_Cardiovascular_Segmentation_for_Bioprinting_Project/outputs/topology_correction/mesh_qc/s0_original/case_outputs/758__s0_original/segmentation_smoothed.stl,True,0.5381908305333813,3.141592653589793,0.4756812551353487,3.1398647149653995,-0.0033728598208024813,0.04991641721416631,True,"phaseb_mesh_qc.run_phaseb_for_case (repository implementation, unmodified)",50.0,50.0,50.0,1.0,True,-31.683093798409416,167.30366186110288,30.495430076789162,-31.98076321311016,168.79833549907767,27.60310447281929,3.269281842222348,True,/Users/angadkumar16ak/Projects/Automated_Cardiovascular_Segmentation_for_Bioprinting_Project/outputs/topology_correction/mesh_qc/s0_original/case_outputs/758__s0_original/segmentation_repaired.stl,ok,exact_point_to_surface,77863.0,76388.0,0.7161417101502061,0.3585357351858135,1.0392252262985653,10.833281200774712,0.4066865987749054,0.3094551113753007,5413.770471330204,5444.199270686588,30.428799356383934,0.005620629747331595,1.3080353028922493,-1.8000030517578125,0.0,-0.6000022888183594,1.8973702150409941,,,,,,,,,,,,,,,,,,,,,,,
759,s0_original,s0_original,identity,True,0.6000000238418579,0.6000000238418579,0.6000000238418579,True,0.5,,9,3981.0964745836445,2244.672267585765,0.5638326732136075,0.7474018475750577,4,5,3.456000411987321,5.696233156251498,0.8485281711413358,1,9,9,0,0.0,0.0,9,18431,3981.0964745836445,0.7057681574413356,0.7889967988714666,0.6384230397752217,0.545318183522706,14542,3889,8236,4920.04858651545,-938.9521119318051,-0.19084204056545787,0.8305024790682445,0.9139414802065404,0.7610241820768137,9.448809824276127,22.55393625126787,1.4856634192010294,0.5540190923438706,2.203494158639705,581,348.60001385211945,20,10,8,1.5130414010047861,8.091102642996493,True,True,0.7057681574413356,0.0,True,/Users/angadkumar16ak/Projects/Automated_Cardiovascular_Segmentation_for_Bioprinting_Project/outputs/topology_correction/case_outputs/759/mask__s0_original.nii.gz,/Users/angadkumar16ak/Projects/Automated_Cardiovascular_Segmentation_for_Bioprinting_Project/outputs/topology_correction/case_outputs/759/mask__s0_original.nii.gz,ok,3.0,9.0,True,0.0,8.0,4963.250774577081,3896.1814644609863,93.00000369548798,76.80000305175781,82.80000329017639,0.4242640855706679,0.6000000238418579,0.5882642360078958,/Users/angadkumar16ak/Projects/Automated_Cardiovascular_Segmentation_for_Bioprinting_Project/outputs/topology_correction/mesh_qc/s0_original/case_outputs/759__s0_original/segmentation_raw.stl,/Users/angadkumar16ak/Projects/Automated_Cardiovascular_Segmentation_for_Bioprinting_Project/outputs/topology_correction/mesh_qc/s0_original/case_outputs/759__s0_original/segmentation_repaired.stl,/Users/angadkumar16ak/Projects/Automated_Cardiovascular_Segmentation_for_Bioprinting_Project/outputs/topology_correction/mesh_qc/s0_original/case_outputs/759__s0_original/segmentation_smoothed.stl,True,0.5765346298926003,3.141592653589793,0.5254843316312646,3.1390293282074007,-0.0038527667388125767,0.05013292821876187,True,"phaseb_mesh_qc.run_phaseb_for_case (repository implementation, unmodified)",50.0,50.0,50.0,1.0,True,-8.485269579753634,165.30223581489003,-215.5551661615758,-9.816381781152769,165.83253494357407,-217.50041186593396,2.4160003536673007,True,/Users/angadkumar16ak/Projects/Automated_Cardiovascular_Segmentation_for_Bioprinting_Project/outputs/topology_correction/mesh_qc/s0_original/case_outputs/759__s0_original/segmentation_repaired.stl,ok,exact_point_to_surface,74292.0,69219.0,2.6249669114637895,1.340182223883806,8.45431568545522,22.413837775471386,2.0960588383947942,0.5289080730689953,4823.289983201942,3896.1820949229586,-927.1078882789834,-0.19221483500013878,10.587683986710802,1.1999969482421875,-4.1999969482421875,-3.5999755859375,5.660370240574401,,,,,,,,,,,,,,,,,,,,,,,
760,s0_original,s0_original,identity,True,0.6000000238418579,0.6000000238418579,0.6000000238418579,True,0.5,,10,7885.080939974821,3961.440472240467,0.5023969319271333,0.911886586695747,8,2,42.44400505971929,3.0000001192092896,1.0392305258366357,1,10,10,0,0.0,0.0,10,36505,7885.080939974822,0.7638670105248484,0.7505273250239693,0.7776894692023844,0.6179488914450685,27398,9107,7832,7609.680907144582,275.40003283024,0.03619074652284989,0.8675553324902345,0.8648111332007953,0.8703170028818443,7.048404354760852,28.949612546709766,1.2717564881172958,1.539087486111676,1.0191666985307577,1006,603.6000239849091,26,22,9,1.87203546885956,9.667438736525186,True,True,0.7638670105248484,0.0,True,/Users/angadkumar16ak/Projects/Automated_Cardiovascular_Segmentation_for_Bioprinting_Project/outputs/topology_correction/case_outputs/760/mask__s0_original.nii.gz,/Users/angadkumar16ak/Projects/Automated_Cardiovascular_Segmentation_for_Bioprinting_Project/outputs/topology_correction/case_outputs/760/mask__s0_original.nii.gz,ok,3.0,10.0,True,0.0,10.0,9073.078470945751,7740.693922762551,117.60000467300415,85.80000340938568,93.00000369548798,0.4242640855706679,0.6000000238418579,0.5903204053482762,/Users/angadkumar16ak/Projects/Automated_Cardiovascular_Segmentation_for_Bioprinting_Project/outputs/topology_correction/mesh_qc/s0_original/case_outputs/760__s0_original/segmentation_raw.stl,/Users/angadkumar16ak/Projects/Automated_Cardiovascular_Segmentation_for_Bioprinting_Project/outputs/topology_correction/mesh_qc/s0_original/case_outputs/760__s0_original/segmentation_repaired.stl,/Users/angadkumar16ak/Projects/Automated_Cardiovascular_Segmentation_for_Bioprinting_Project/outputs/topology_correction/mesh_qc/s0_original/case_outputs/760__s0_original/segmentation_smoothed.stl,True,0.5713943089262099,3.141592653589793,0.5191297235252875,3.139631606672826,-0.003068229756084506,0.0898233118750856,True,"phaseb_mesh_qc.run_phaseb_for_case (repository implementation, unmodified)",50.0,49.0,47.0,0.9591836734693877,False,-25.65987024457793,171.610484492222,114.5475465096671,-28.410565352786584,171.9472288619821,112.15950496040473,3.658204858928972,True,/Users/angadkumar16ak/Projects/Automated_Cardiovascular_Segmentation_for_Bioprinting_Project/outputs/topology_correction/mesh_qc/s0_original/case_outputs/760__s0_original/segmentation_repaired.stl,ok,exact_point_to_surface,86597.0,84838.0,2.4507273630312474,1.2227494825832554,7.035625762438732,28.90606245476674,0.9705796030786943,1.4801477599525532,7462.963285764746,7740.6940703225555,277.7307845578098,0.03721454520452597,3.125275822397478,6.599994659423828,0.0,-3.5999908447265625,7.517969379196627,,,,,,,,,,,,,,,,,,,,,,,
761,s0_original,s0_original,identity,True,0.6000000238418579,0.6000000238418579,0.6000000238418579,True,0.5,,7,8373.024998142284,4566.456544363998,0.5453771540604684,0.7943805874840357,4,3,45.5760054330828,5.622497439450148,0.8485281711413358,1,7,7,0,0.0,0.0,7,38764,8373.024998142282,0.7908047890567556,0.735244040862656,0.8554491700933458,0.6539926571821937,28501,10263,4816,7196.472857886349,1176.5521402559334,0.1634901101539754,0.886223096762605,0.8484573502722323,0.9275074478649454,7.445804483464189,36.104848754670655,1.286708805975703,1.8415097007025587,0.689491054267814,1102,661.2000262737274,26,20,6,1.6643256690560368,10.598031673428151,True,True,0.7908047890567556,0.0,True,/Users/angadkumar16ak/Projects/Automated_Cardiovascular_Segmentation_for_Bioprinting_Project/outputs/topology_correction/case_outputs/761/mask__s0_original.nii.gz,/Users/angadkumar16ak/Projects/Automated_Cardiovascular_Segmentation_for_Bioprinting_Project/outputs/topology_correction/case_outputs/761/mask__s0_original.nii.gz,ok,3.0,7.0,True,0.0,6.0,9801.354654282737,8224.974980493347,105.00000417232513,102.00000405311584,84.00000333786011,0.4242640855706679,0.6000000238418579,0.5912737950167406,/Users/angadkumar16ak/Projects/Automated_Cardiovascular_Segmentation_for_Bioprinting_Project/outputs/topology_correction/mesh_qc/s0_original/case_outputs/761__s0_original/segmentation_raw.stl,/Users/angadkumar16ak/Projects/Automated_Cardiovascular_Segmentation_for_Bioprinting_Project/outputs/topology_correction/mesh_qc/s0_original/case_outputs/761__s0_original/segmentation_repaired.stl,/Users/angadkumar16ak/Projects/Automated_Cardiovascular_Segmentation_for_Bioprinting_Project/outputs/topology_correction/mesh_qc/s0_original/case_outputs/761__s0_original/segmentation_smoothed.stl,True,0.597137386593477,3.141592653589793,0.5412861648464253,3.1398635451763397,-0.002815081561979672,0.07161283665256424,True,"phaseb_mesh_qc.run_phaseb_for_case (repository implementation, unmodified)",50.0,50.0,42.0,0.84,False,-37.64025065870541,181.39671236664418,82.48803847884875,-41.19327957032936,180.7267078969403,82.1906067091543,3.6278624689867187,True,/Users/angadkumar16ak/Projects/Automated_Cardiovascular_Segmentation_for_Bioprinting_Project/outputs/topology_correction/mesh_qc/s0_original/case_outputs/761__s0_original/segmentation_repaired.stl,ok,exact_point_to_surface,84141.0,87482.0,2.4799433916968785,1.251675903195654,7.71589279151095,36.10484970359572,0.6387411727861859,1.8412022189106927,7062.282553166212,8224.974813778523,1162.6922606123107,0.16463406156003266,5.066220821391912,-1.2000045776367188,20.400001525878906,7.62939453125e-06,20.43526543116749,,,,,,,,,,,,,,,,,,,,,,,
762,s0_original,s0_original,identity,True,0.6000000238418579,0.6000000238418579,0.6000000238418579,True,0.5,,12,8528.977016733212,3456.8644120903177,0.405308210504989,0.9184578855286178,9,3,47.08800561332725,4.284857227390632,1.2000000476837158,0,12,12,0,0.0,0.0,12,39486,8528.97701673321,0.7473259892020897,0.6502811122929646,0.8784167493414525,0.5965845724907063,25677,13809,3554,6313.896752675087,2215.0802640581232,0.35082617768807084,0.8404558404558405,0.75,0.9557235421166307,10.200000405311584,30.950930133548848,1.5844503587100072,2.563937346470715,0.378543171028968,1152,691.2000274658203,36,55,11,2.0444043855000302,13.10742775277713,True,True,0.7473259892020897,0.0,True,/Users/angadkumar16ak/Projects/Automated_Cardiovascular_Segmentation_for_Bioprinting_Project/outputs/topology_correction/case_outputs/762/mask__s0_original.nii.gz,/Users/angadkumar16ak/Projects/Automated_Cardiovascular_Segmentation_for_Bioprinting_Project/outputs/topology_correction/case_outputs/762/mask__s0_original.nii.gz,ok,3.0,12.0,True,0.0,12.0,10011.637346490661,8374.527998321457,121.80000483989716,109.80000436306,103.20000410079956,0.4242640855706679,0.6000000238418579,0.5902125034025376,/Users/angadkumar16ak/Projects/Automated_Cardiovascular_Segmentation_for_Bioprinting_Project/outputs/topology_correction/mesh_qc/s0_original/case_outputs/762__s0_original/segmentation_raw.stl,/Users/angadkumar16ak/Projects/Automated_Cardiovascular_Segmentation_for_Bioprinting_Project/outputs/topology_correction/mesh_qc/s0_original/case_outputs/762__s0_original/segmentation_repaired.stl,/Users/angadkumar16ak/Projects/Automated_Cardiovascular_Segmentation_for_Bioprinting_Project/outputs/topology_correction/mesh_qc/s0_original/case_outputs/762__s0_original/segmentation_smoothed.stl,True,0.578132964050683,3.141592653589793,0.5289564675422157,3.1381437583848015,-0.0030722072626868805,0.073266474193385,True,"phaseb_mesh_qc.run_phaseb_for_case (repository implementation, unmodified)",50.0,50.0,50.0,1.0,True,-40.05009278838156,180.7783383491348,173.5290757618414,-42.0518379001315,181.82389770678742,171.4849353316351,3.0460938858140394,True,/Users/angadkumar16ak/Projects/Automated_Cardiovascular_Segmentation_for_Bioprinting_Project/outputs/topology_correction/mesh_qc/s0_original/case_outputs/762__s0_original/segmentation_repaired.stl,ok,exact_point_to_surface,80257.0,88451.0,2.899551181331664,1.5043615046972927,10.019540205337998,30.948018113076753,0.3258946552960939,2.5736565260355704,6197.491389055009,8374.528035139663,2177.0366460846544,0.3512770747740576,8.055677824081046,11.399995803833008,5.399993896484375,4.8000030517578125,13.496661354066902,,,,,,,,,,,,,,,,,,,,,,,
763,s0_original,s0_original,identity,True,0.6000000238418579,0.6000000238418579,0.6000000238418579,True,0.5,,11,9064.225080539747,5114.880609741235,0.5642932036984081,0.6891469594594595,8,3,7.344000875473057,9.16719434799409,1.3416408398118889,0,11,11,0,0.0,0.0,11,41964,9064.225080539747,0.7540661106647086,0.6485320751120007,0.9006221457409491,0.6052216069562123,27215,14749,3003,6527.088778089555,2537.1363024501925,0.388708716658945,0.7960651662865886,0.6884328358208955,0.9435897435897436,15.402597795636344,37.0156738273199,2.1636505457166053,3.496242884337387,0.4205880449226675,1072,643.2000255584717,24,20,10,2.923860577148378,18.753238033783898,True,True,0.7540661106647086,0.0,True,/Users/angadkumar16ak/Projects/Automated_Cardiovascular_Segmentation_for_Bioprinting_Project/outputs/topology_correction/case_outputs/763/mask__s0_original.nii.gz,/Users/angadkumar16ak/Projects/Automated_Cardiovascular_Segmentation_for_Bioprinting_Project/outputs/topology_correction/case_outputs/763/mask__s0_original.nii.gz,ok,3.0,11.0,True,0.0,11.0,10087.556862622872,8912.422062443417,112.80000448226929,110.40000438690186,93.00000369548798,0.4242640855706679,0.6000000238418579,0.5911725320168002,/Users/angadkumar16ak/Projects/Automated_Cardiovascular_Segmentation_for_Bioprinting_Project/outputs/topology_correction/mesh_qc/s0_original/case_outputs/763__s0_original/segmentation_raw.stl,/Users/angadkumar16ak/Projects/Automated_Cardiovascular_Segmentation_for_Bioprinting_Project/outputs/topology_correction/mesh_qc/s0_original/case_outputs/763__s0_original/segmentation_repaired.stl,/Users/angadkumar16ak/Projects/Automated_Cardiovascular_Segmentation_for_Bioprinting_Project/outputs/topology_correction/mesh_qc/s0_original/case_outputs/763__s0_original/segmentation_smoothed.stl,True,0.5792089499189624,3.141592653589793,0.518893964481868,3.1409251602272086,-0.0026848813509875156,0.0983462015060528,True,"phaseb_mesh_qc.run_phaseb_for_case (repository implementation, unmodified)",50.0,48.0,48.0,1.0,True,-26.2168745147399,197.55770493789436,11.67449561785827,-29.00350681114016,196.98944135579998,10.146482747833673,3.2284774097144493,True,/Users/angadkumar16ak/Projects/Automated_Cardiovascular_Segmentation_for_Bioprinting_Project/outputs/topology_correction/mesh_qc/s0_original/case_outputs/763__s0_original/segmentation_repaired.stl,ok,exact_point_to_surface,78684.0,88600.0,3.9708684263615277,2.080823250862308,15.190788926279376,37.015677950859775,0.3762107582070352,3.5946576681544924,6419.314297214724,8912.421815490452,2493.1075182757277,0.3883759857898626,6.848402554848352,11.399999618530273,22.199981689453125,9.0,26.529213676898614,,,,,,,,,,,,,,,,,,,,,,,
764,s0_original,s0_original,identity,True,0.6000000238418579,0.6000000238418579,0.6000000238418579,True,0.5,,5,11862.72141414648,6346.5127565632165,0.5349963583394027,0.851814035804234,4,1,75.38400898647345,9.983506944825187,2.6832816796237777,0,5,5,0,0.0,0.0,5,54920,11862.72141414648,0.8543170275327453,0.8147123088128186,0.897969013406117,0.7456836210919272,44744,10176,5084,10762.849283031515,1099.8721311149638,0.10219153889379455,0.9598966644371515,0.9664929262844378,0.9533898305084746,0.8485281711413358,15.023981427658057,0.4465096133550281,0.4610909774299484,0.43202564274016136,1343,805.8000320196152,23,31,5,0.6692428060866168,1.6970563422826717,True,True,0.8543170275327453,0.0,True,/Users/angadkumar16ak/Projects/Automated_Cardiovascular_Segmentation_for_Bioprinting_Project/outputs/topology_correction/case_outputs/764/mask__s0_original.nii.gz,/Users/angadkumar16ak/Projects/Automated_Cardiovascular_Segmentation_for_Bioprinting_Project/outputs/topology_correction/case_outputs/764/mask__s0_original.nii.gz,ok,3.0,5.0,True,0.0,5.0,12592.962719914029,11685.241392989212,114.60000455379486,105.00000417232513,86.40000343322754,0.4242640855706679,0.6000000238418579,0.5920171547798693,/Users/angadkumar16ak/Projects/Automated_Cardiovascular_Segmentation_for_Bioprinting_Project/outputs/topology_correction/mesh_qc/s0_original/case_outputs/764__s0_original/segmentation_raw.stl,/Users/angadkumar16ak/Projects/Automated_Cardiovascular_Segmentation_for_Bioprinting_Project/outputs/topology_correction/mesh_qc/s0_original/case_outputs/764__s0_original/segmentation_repaired.stl,/Users/angadkumar16ak/Projects/Automated_Cardiovascular_Segmentation_for_Bioprinting_Project/outputs/topology_correction/mesh_qc/s0_original/case_outputs/764__s0_original/segmentation_smoothed.stl,True,0.600651876933317,3.141592653589793,0.5472957292797008,3.1404066576757144,-0.0021077608402451024,0.12004734158776402,True,"phaseb_mesh_qc.run_phaseb_for_case (repository implementation, unmodified)",50.0,50.0,50.0,1.0,True,-21.698282631487203,183.74279629111896,118.58639359715119,-25.454899095717046,183.36571064912084,117.25713072700957,4.002661691757249,True,/Users/angadkumar16ak/Projects/Automated_Cardiovascular_Segmentation_for_Bioprinting_Project/outputs/topology_correction/mesh_qc/s0_original/case_outputs/764__s0_original/segmentation_repaired.stl,ok,exact_point_to_surface,98668.0,98018.0,0.8130142548747807,0.4064478861314764,0.8000726157724248,14.981983473373853,0.3885810728297488,0.4244331820450319,10572.706127769745,11685.24167042535,1112.5355426556052,0.10522713193866938,0.49376240740358446,-0.5999984741210938,-1.1999969482421875,-2.4000091552734375,2.749551743491023,,,,,,,,,,,,,,,,,,,,,,,
765,s0_original,s0_original,identity,True,0.6000000238418579,0.6000000238418579,0.6000000238418579,True,0.5,,3,5980.824712969808,4823.064574954055,0.8064213225468597,0.23668771552689327,3,0,1141.560136084562,18.935417287850655,4.800000190734863,0,3,3,0,0.0,0.0,3,27689,5980.824712969808,0.7542865635043005,0.7332153562786666,0.7766046974217734,0.605505681648722,20302,7387,5840,5646.672673135784,334.15203983402444,0.05917680361104742,0.8750951241773237,0.8366164542294322,0.917283950617284,10.270346069281084,35.37456854081982,1.5233245965294182,2.116169704987605,0.9289809989547412,863,517.8000205755234,15,15,3,1.791915223262639,12.04191833271568,True,True,0.7542865635043005,0.0,True,/Users/angadkumar16ak/Projects/Automated_Cardiovascular_Segmentation_for_Bioprinting_Project/outputs/topology_correction/case_outputs/765/mask__s0_original.nii.gz,/Users/angadkumar16ak/Projects/Automated_Cardiovascular_Segmentation_for_Bioprinting_Project/outputs/topology_correction/case_outputs/765/mask__s0_original.nii.gz,ok,3.0,3.0,True,0.0,3.0,7503.919561320988,5857.794698303488,104.40000414848328,98.4000039100647,89.40000355243683,0.4242640855706679,0.6000000238418579,0.5884057817559883,/Users/angadkumar16ak/Projects/Automated_Cardiovascular_Segmentation_for_Bioprinting_Project/outputs/topology_correction/mesh_qc/s0_original/case_outputs/765__s0_original/segmentation_raw.stl,/Users/angadkumar16ak/Projects/Automated_Cardiovascular_Segmentation_for_Bioprinting_Project/outputs/topology_correction/mesh_qc/s0_original/case_outputs/765__s0_original/segmentation_repaired.stl,/Users/angadkumar16ak/Projects/Automated_Cardiovascular_Segmentation_for_Bioprinting_Project/outputs/topology_correction/mesh_qc/s0_original/case_outputs/765__s0_original/segmentation_smoothed.stl,True,0.5702215559699759,3.141592653589793,0.523346059731766,3.1408133501435707,-0.0033918887765594253,0.04409693380042616,True,"phaseb_mesh_qc.run_phaseb_for_case (repository implementation, unmodified)",50.0,50.0,50.0,1.0,True,-32.128157308341116,164.63604191855657,81.7598659640863,-32.41989102592359,166.10496687301412,80.39028501402674,2.0294336802587667,True,/Users/angadkumar16ak/Projects/Automated_Cardiovascular_Segmentation_for_Bioprinting_Project/outputs/topology_correction/mesh_qc/s0_original/case_outputs/765__s0_original/segmentation_repaired.stl,ok,exact_point_to_surface,77606.0,79038.0,2.9535021485481887,1.4824812792224054,10.465488679631298,35.3745654270188,0.8499338787969569,2.1035682697512317,5534.307711300135,5857.795376922465,323.4876656223296,0.05845133348147982,7.513149482982965,-1.1999969482421875,6.0,-3.0,6.814689477576404,,,,,,,,,,,,,,,,,,,,,,,
766,s0_original,s0_original,identity,True,0.6000000238418579,0.6000000238418579,0.6000000238418579,True,0.5,,9,13091.545560633722,7084.584844548259,0.5411572538731871,0.7892008902710449,8,1,33.91200404262559,5.583038744523194,3.1176915775099068,0,9,9,0,0.0,0.0,9,60609,13091.545560633722,0.8061685636813015,0.8314606741573034,0.7823697447680557,0.6752783844989079,50394,10215,14018,13912.993658557958,-821.4480979242362,-0.05904179345463577,0.8863929299583639,0.9332443257676902,0.8440207972270364,8.335466724891559,50.716863116916976,1.5042441756371105,1.473274436180596,1.5303034976511642,1498,898.8000357151031,33,31,9,1.9834195912491197,11.0797116278398,True,True,0.8061685636813015,0.0,True,/Users/angadkumar16ak/Projects/Automated_Cardiovascular_Segmentation_for_Bioprinting_Project/outputs/topology_correction/case_outputs/766/mask__s0_original.nii.gz,/Users/angadkumar16ak/Projects/Automated_Cardiovascular_Segmentation_for_Bioprinting_Project/outputs/topology_correction/case_outputs/766/mask__s0_original.nii.gz,ok,3.0,9.0,True,0.0,9.0,14055.363705402586,12892.366536889733,151.2000060081482,110.40000438690186,100.80000400543213,0.4242640855706679,0.6000000238418579,0.59157563273203,/Users/angadkumar16ak/Projects/Automated_Cardiovascular_Segmentation_for_Bioprinting_Project/outputs/topology_correction/mesh_qc/s0_original/case_outputs/766__s0_original/segmentation_raw.stl,/Users/angadkumar16ak/Projects/Automated_Cardiovascular_Segmentation_for_Bioprinting_Project/outputs/topology_correction/mesh_qc/s0_original/case_outputs/766__s0_original/segmentation_repaired.stl,/Users/angadkumar16ak/Projects/Automated_Cardiovascular_Segmentation_for_Bioprinting_Project/outputs/topology_correction/mesh_qc/s0_original/case_outputs/766__s0_original/segmentation_smoothed.stl,True,0.6003609330410519,3.141592653589793,0.5485768158040384,3.1409254272369544,-0.0022776987411590325,0.1150159217277962,True,"phaseb_mesh_qc.run_phaseb_for_case (repository implementation, unmodified)",50.0,49.0,49.0,1.0,True,-34.93567777396322,211.58905170450004,-211.46985324527913,-38.16339262637065,210.63819832697064,-212.37901261392818,3.485518049245038,True,/Users/angadkumar16ak/Projects/Automated_Cardiovascular_Segmentation_for_Bioprinting_Project/outputs/topology_correction/mesh_qc/s0_original/case_outputs/766__s0_original/segmentation_repaired.stl,ok,exact_point_to_surface,110510.0,103692.0,2.9715319071555153,1.486245896838266,8.215840828064911,50.71685849821274,1.5008443939249805,1.4706875132305348,13677.104494271007,12892.36671552166,-784.737778749346,-0.057376016910454464,7.931166668014756,16.20000457763672,-1.79998779296875,1.8000030517578125,16.398783959691176,,,,,,,,,,,,,,,,,,,,,,,
767,s0_original,s0_original,identity,True,0.6000000238418579,0.6000000238418579,0.6000000238418579,True,0.5,,14,4969.08059236052,3474.576414201753,0.6992392958052597,0.16349620788263086,10,4,26.028003102779515,14.3122330989689,1.4696939040702932,0,14,14,0,0.0,0.0,14,23005,4969.08059236052,0.7135594632886074,0.74435992175614,0.685206674402785,0.5546773775589531,17124,5881,7867,5398.056643498447,-428.97605113792633,-0.07946860869913171,0.8227230212881508,0.8142664872139973,0.8313570487483531,8.694826393215008,46.80000185966492,1.766578669166852,2.5175857380717983,1.0801153735316915,743,445.8000177145004,28,17,13,2.4014069587149907,11.046356732795791,True,True,0.7135594632886074,0.0,True,/Users/angadkumar16ak/Projects/Automated_Cardiovascular_Segmentation_for_Bioprinting_Project/outputs/topology_correction/case_outputs/767/mask__s0_original.nii.gz,/Users/angadkumar16ak/Projects/Automated_Cardiovascular_Segmentation_for_Bioprinting_Project/outputs/topology_correction/case_outputs/767/mask__s0_original.nii.gz,ok,3.0,14.0,False,24.0,14.0,6308.7632395770215,not_watertight,139.50000554323196,84.60000336170197,93.3000037074089,0.4242640855706679,0.6000000238418579,0.5912324459921584,/Users/angadkumar16ak/Projects/Automated_Cardiovascular_Segmentation_for_Bioprinting_Project/outputs/topology_correction/mesh_qc/s0_original/case_outputs/767__s0_original/segmentation_raw.stl,/Users/angadkumar16ak/Projects/Automated_Cardiovascular_Segmentation_for_Bioprinting_Project/outputs/topology_correction/mesh_qc/s0_original/case_outputs/767__s0_original/segmentation_repaired.stl,/Users/angadkumar16ak/Projects/Automated_Cardiovascular_Segmentation_for_Bioprinting_Project/outputs/topology_correction/mesh_qc/s0_original/case_outputs/767__s0_original/segmentation_smoothed.stl,True,0.5897326687485975,3.141592653589793,0.5339233044251945,3.140383671395381,not_watertight,0.04677244077374484,False,"phaseb_mesh_qc.run_phaseb_for_case (repository implementation, unmodified)",50.0,41.0,41.0,1.0,True,-39.57659229240426,155.1763093402608,122.62869934392114,-39.188843147836565,155.70787355065946,120.23346432179633,2.4839606921412765,False,/Users/angadkumar16ak/Projects/Automated_Cardiovascular_Segmentation_for_Bioprinting_Project/outputs/topology_correction/mesh_qc/s0_original/case_outputs/767__s0_original/segmentation_repaired.stl,ok,exact_point_to_surface,76080.0,74150.0,3.627243913866134,1.8032323096934908,9.17221326998176,46.800000704252895,1.0048982756887666,2.622345638177367,5295.924529804547,,,,4.981895770863082,48.300004959106445,0.0,8.100006103515625,48.97448905222695,,,,,,,,,,,,,,,,,,,,,,,
768,s0_original,s0_original,identity,True,0.6000000238418579,0.6000000238418579,0.6000000238418579,True,0.5,,16,6576.552783986122,4084.344486891766,0.6210464085131541,0.4695118726532339,13,3,12.528001493454038,10.057833168206493,0.8485281711413358,1,16,16,0,0.0,0.0,16,30447,6576.552783986122,0.7978088782692089,0.8060235819620981,0.7897599279140117,0.6636289886425094,24541,5906,6533,6711.984800130876,-135.4320161447531,-0.02017764047113342,0.908105808750402,0.9408138101109741,0.8775956284153006,2.5455845134240076,55.96749278766748,1.1487800803285102,1.7437176940298451,0.6206215563055356,811,486.60001933574677,36,20,15,1.5421111822046534,3.8418746951220877,True,True,0.7978088782692089,0.0,True,/Users/angadkumar16ak/Projects/Automated_Cardiovascular_Segmentation_for_Bioprinting_Project/outputs/topology_correction/case_outputs/768/mask__s0_original.nii.gz,/Users/angadkumar16ak/Projects/Automated_Cardiovascular_Segmentation_for_Bioprinting_Project/outputs/topology_correction/case_outputs/768/mask__s0_original.nii.gz,ok,3.0,16.0,False,28.0,15.0,7483.863626742814,not_watertight,145.50000578165054,116.40000462532043,99.00000393390656,0.4242640855706679,0.6000000238418579,0.5929061965711246,/Users/angadkumar16ak/Projects/Automated_Cardiovascular_Segmentation_for_Bioprinting_Project/outputs/topology_correction/mesh_qc/s0_original/case_outputs/768__s0_original/segmentation_raw.stl,/Users/angadkumar16ak/Projects/Automated_Cardiovascular_Segmentation_for_Bioprinting_Project/outputs/topology_correction/mesh_qc/s0_original/case_outputs/768__s0_original/segmentation_repaired.stl,/Users/angadkumar16ak/Projects/Automated_Cardiovascular_Segmentation_for_Bioprinting_Project/outputs/topology_correction/mesh_qc/s0_original/case_outputs/768__s0_original/segmentation_smoothed.stl,True,0.6110424433128472,3.141592653589793,0.5657587464411324,3.1399131902631185,not_watertight,0.09281702630801064,False,"phaseb_mesh_qc.run_phaseb_for_case (repository implementation, unmodified)",50.0,39.0,39.0,1.0,True,-20.83294697410348,172.62945330061535,147.48641711226213,-23.425387660043246,172.13649083050845,146.73769782241916,2.7430532772865908,False,/Users/angadkumar16ak/Projects/Automated_Cardiovascular_Segmentation_for_Bioprinting_Project/outputs/topology_correction/mesh_qc/s0_original/case_outputs/768__s0_original/segmentation_repaired.stl,ok,exact_point_to_surface,81368.0,78459.0,2.278406056314048,1.1289040655537919,2.6073139965106904,55.888639967010356,0.573354868656565,1.7050511876574832,6590.548119320066,,,,4.64252257478092,48.30000686645508,11.399993896484375,15.599998474121094,52.02125023999394,,,,,,,,,,,,,,,,,,,,,,,
769,s0_original,s0_original,identity,True,0.6000000238418579,0.6000000238418579,0.6000000238418579,True,0.5,,7,8642.80903030304,4620.24055077555,0.5345762627146179,0.7996727442730247,7,0,113.18401349258477,9.883913560240694,1.3416408398118889,0,7,7,0,0.0,0.0,7,40013,8642.809030303042,0.803306704820953,0.7577037462824582,0.8547504933746828,0.6712720026569247,30318,9695,5152,7661.5209133243925,981.2881169786497,0.1280800676628136,0.8734938672113223,0.8512628624883068,0.896917148362235,5.564171318397717,24.044958846877435,0.9754281473244114,1.083127708733742,0.8632241798285547,1069,641.4000254869461,24,27,7,1.4654917225538209,8.344076570880306,True,True,0.803306704820953,0.0,True,/Users/angadkumar16ak/Projects/Automated_Cardiovascular_Segmentation_for_Bioprinting_Project/outputs/topology_correction/case_outputs/769/mask__s0_original.nii.gz,/Users/angadkumar16ak/Projects/Automated_Cardiovascular_Segmentation_for_Bioprinting_Project/outputs/topology_correction/case_outputs/769/mask__s0_original.nii.gz,ok,3.0,7.0,False,142.0,7.0,9641.612204669907,not_watertight,114.60000455379486,96.00000381469727,83.70000332593918,0.4242640855706679,0.6000000238418579,0.5917200028577273,/Users/angadkumar16ak/Projects/Automated_Cardiovascular_Segmentation_for_Bioprinting_Project/outputs/topology_correction/mesh_qc/s0_original/case_outputs/769__s0_original/segmentation_raw.stl,/Users/angadkumar16ak/Projects/Automated_Cardiovascular_Segmentation_for_Bioprinting_Project/outputs/topology_correction/mesh_qc/s0_original/case_outputs/769__s0_original/segmentation_repaired.stl,/Users/angadkumar16ak/Projects/Automated_Cardiovascular_Segmentation_for_Bioprinting_Project/outputs/topology_correction/mesh_qc/s0_original/case_outputs/769__s0_original/segmentation_smoothed.stl,True,0.5784770798926825,3.141592653589793,0.517333891018179,3.1404338858929393,not_watertight,0.09516907005223302,False,"phaseb_mesh_qc.run_phaseb_for_case (repository implementation, unmodified)",50.0,50.0,40.0,0.8,False,-24.12740644382751,162.0932643270688,130.28540974113736,-28.62171635923575,161.4453646232663,129.48242834394333,4.611222697524364,False,/Users/angadkumar16ak/Projects/Automated_Cardiovascular_Segmentation_for_Bioprinting_Project/outputs/topology_correction/mesh_qc/s0_original/case_outputs/769__s0_original/segmentation_repaired.stl,ok,exact_point_to_surface,85462.0,86865.0,1.9275993027686777,0.9647706231900689,5.761913252994318,24.044957853342023,0.8445375998048452,1.0830617029638325,7522.263520260997,,,,2.4747797804444294,-4.1999969482421875,-0.600006103515625,0.3000030517578125,4.253232126343881,,,,,,,,,,,,,,,,,,,,,,,
770,s0_original,s0_original,identity,True,0.6000000238418579,0.6000000238418579,0.6000000238418579,True,0.5,,9,11763.577402327592,6276.312748194724,0.5335377609665632,0.719000585056957,8,1,123.33601470279753,3.7603182604110557,1.3416408398118889,0,9,9,0,0.0,0.0,9,54461,11763.577402327594,0.8404643508746825,0.8627641798718348,0.8192882425764154,0.7248283841110683,46987,7474,10364,12387.817476742803,-624.2400744152092,-0.05039144914648388,0.931867523748944,0.9382978723404255,0.9255247122545701,1.3416408398118889,43.01209303240162,0.7944170554202352,1.1654247762796037,0.46407518621619437,1410,846.0000336170197,34,30,9,1.0943126556875395,3.0594118297257697,True,True,0.8404643508746825,0.0,True,/Users/angadkumar16ak/Projects/Automated_Cardiovascular_Segmentation_for_Bioprinting_Project/outputs/topology_correction/case_outputs/770/mask__s0_original.nii.gz,/Users/angadkumar16ak/Projects/Automated_Cardiovascular_Segmentation_for_Bioprinting_Project/outputs/topology_correction/case_outputs/770/mask__s0_original.nii.gz,ok,3.0,9.0,True,0.0,9.0,13127.584792234187,11567.40437894195,127.80000507831573,96.60000383853912,93.60000371932983,0.4242640855706679,0.6000000238418579,0.5906890589190927,/Users/angadkumar16ak/Projects/Automated_Cardiovascular_Segmentation_for_Bioprinting_Project/outputs/topology_correction/mesh_qc/s0_original/case_outputs/770__s0_original/segmentation_raw.stl,/Users/angadkumar16ak/Projects/Automated_Cardiovascular_Segmentation_for_Bioprinting_Project/outputs/topology_correction/mesh_qc/s0_original/case_outputs/770__s0_original/segmentation_repaired.stl,/Users/angadkumar16ak/Projects/Automated_Cardiovascular_Segmentation_for_Bioprinting_Project/outputs/topology_correction/mesh_qc/s0_original/case_outputs/770__s0_original/segmentation_smoothed.stl,True,0.5866489684352407,3.141592653589793,0.5321759619619248,3.1376178408811106,-0.002461302790570756,0.09908007565046548,True,"phaseb_mesh_qc.run_phaseb_for_case (repository implementation, unmodified)",50.0,50.0,50.0,1.0,True,-27.167736550588415,175.665096529251,-212.95231278243938,-28.839852052293438,175.37066276775224,-214.8003374145227,2.5095530541790105,True,/Users/angadkumar16ak/Projects/Automated_Cardiovascular_Segmentation_for_Bioprinting_Project/outputs/topology_correction/mesh_qc/s0_original/case_outputs/770__s0_original/segmentation_repaired.stl,ok,exact_point_to_surface,102807.0,100328.0,1.625994823163671,0.8082779952059717,1.5,43.01209392538857,0.426277506171957,1.199717316991714,12185.595499026624,11567.405173416213,-618.1903256104106,-0.050731236373289364,1.7246696421858032,7.799999237060547,-1.1999969482421875,-0.600006103515625,7.914542823068915,,,,,,,,,,,,,,,,,,,,,,,
771,s0_original,s0_original,identity,True,0.6000000238418579,0.6000000238418579,0.6000000238418579,True,0.5,,8,7131.024850084339,3727.9444444055734,0.5227782153025988,0.767309809374819,6,2,128.7360153465277,32.00875007595134,0.8485281711413358,1,8,8,0,0.0,0.0,8,33014,7131.024850084339,0.8309197154471545,0.7925122675228691,0.8732394366197183,0.7107464957079214,26164,6850,3798,6471.792771497757,659.2320785865822,0.10186235898805165,0.9033250282313717,0.8409638554216867,0.9756756756756757,19.886531316736505,82.41869047641094,2.5314362020319043,4.665849467448138,0.3202260573540329,830,498.00001978874207,21,21,7,3.475839906031806,38.30072733396467,True,True,0.8309197154471545,0.0,True,/Users/angadkumar16ak/Projects/Automated_Cardiovascular_Segmentation_for_Bioprinting_Project/outputs/topology_correction/case_outputs/771/mask__s0_original.nii.gz,/Users/angadkumar16ak/Projects/Automated_Cardiovascular_Segmentation_for_Bioprinting_Project/outputs/topology_correction/case_outputs/771/mask__s0_original.nii.gz,ok,3.0,8.0,True,0.0,7.0,7806.619856452513,7014.64583621088,151.80000603199005,120.60000479221344,85.80000340938568,0.4242640855706679,0.6000000238418579,0.5900683850837606,/Users/angadkumar16ak/Projects/Automated_Cardiovascular_Segmentation_for_Bioprinting_Project/outputs/topology_correction/mesh_qc/s0_original/case_outputs/771__s0_original/segmentation_raw.stl,/Users/angadkumar16ak/Projects/Automated_Cardiovascular_Segmentation_for_Bioprinting_Project/outputs/topology_correction/mesh_qc/s0_original/case_outputs/771__s0_original/segmentation_repaired.stl,/Users/angadkumar16ak/Projects/Automated_Cardiovascular_Segmentation_for_Bioprinting_Project/outputs/topology_correction/mesh_qc/s0_original/case_outputs/771__s0_original/segmentation_smoothed.stl,True,0.5907957899200574,3.141592653589793,0.5404062568592828,3.1398647274914993,-0.0026403141677489974,0.11131641121948264,True,"phaseb_mesh_qc.run_phaseb_for_case (repository implementation, unmodified)",50.0,46.0,46.0,1.0,True,-22.75588017633858,208.6424005890973,129.69224059823324,-26.524104488650103,207.93819549949063,128.5874390134418,3.9894869116067095,True,/Users/angadkumar16ak/Projects/Automated_Cardiovascular_Segmentation_for_Bioprinting_Project/outputs/topology_correction/mesh_qc/s0_original/case_outputs/771__s0_original/segmentation_repaired.stl,ok,exact_point_to_surface,76914.0,80010.0,5.263701680808698,2.6784560689917396,33.62635691645162,82.41868985417551,0.26961605653878706,4.9940856242699105,6370.372061406949,7014.645809965642,644.2737485586931,0.10113596856639484,6.76447626694379,16.200000762939453,14.399993896484375,10.199989318847656,23.95495003214643,,,,,,,,,,,,,,,,,,,,,,,
772,s0_original,s0_original,identity,True,0.6000000238418579,0.6000000238418579,0.6000000238418579,True,0.5,,6,7324.5608731556285,4006.152477570553,0.5469478030079623,0.7162344314444383,6,0,142.8840170331008,5.019960358679748,0.8485281711413358,1,6,6,0,0.0,0.0,6,33910,7324.5608731556285,0.7648750946252839,0.6704217045119434,0.8903074211866067,0.6192694287815641,22734,11176,2801,5515.560657506016,1809.000215649613,0.3279812022713921,0.8208010456540006,0.7380952380952381,0.924380704041721,9.849869249002136,41.068237532659325,1.6617858373335068,2.596334991993694,0.4975268315820829,966,579.6000230312347,19,23,5,2.086980272165454,11.531866809463795,True,True,0.7648750946252839,0.0,True,/Users/angadkumar16ak/Projects/Automated_Cardiovascular_Segmentation_for_Bioprinting_Project/outputs/topology_correction/case_outputs/772/mask__s0_original.nii.gz,/Users/angadkumar16ak/Projects/Automated_Cardiovascular_Segmentation_for_Bioprinting_Project/outputs/topology_correction/case_outputs/772/mask__s0_original.nii.gz,ok,3.0,6.0,False,16.0,5.0,8496.891230389578,not_watertight,108.00000429153442,94.80000376701355,86.70000344514847,0.4242640855706679,0.6000000238418579,0.5916286101011305,/Users/angadkumar16ak/Projects/Automated_Cardiovascular_Segmentation_for_Bioprinting_Project/outputs/topology_correction/mesh_qc/s0_original/case_outputs/772__s0_original/segmentation_raw.stl,/Users/angadkumar16ak/Projects/Automated_Cardiovascular_Segmentation_for_Bioprinting_Project/outputs/topology_correction/mesh_qc/s0_original/case_outputs/772__s0_original/segmentation_repaired.stl,/Users/angadkumar16ak/Projects/Automated_Cardiovascular_Segmentation_for_Bioprinting_Project/outputs/topology_correction/mesh_qc/s0_original/case_outputs/772__s0_original/segmentation_smoothed.stl,True,0.592306786121702,3.141592653589793,0.5433986035801814,3.1405412524691716,not_watertight,0.08622825125331761,False,"phaseb_mesh_qc.run_phaseb_for_case (repository implementation, unmodified)",50.0,50.0,49.0,0.98,False,-29.79276611115229,180.22412022086098,86.93124714020044,-33.18549066325746,180.01766650612083,84.95530356339351,3.931609853674675,False,/Users/angadkumar16ak/Projects/Automated_Cardiovascular_Segmentation_for_Bioprinting_Project/outputs/topology_correction/mesh_qc/s0_original/case_outputs/772__s0_original/segmentation_repaired.stl,ok,exact_point_to_surface,76087.0,82452.0,3.061900275599262,1.5743824927872605,9.501139923685711,41.00902554049855,0.4491399056890596,2.6127603699102027,5411.6565262699705,,,,3.8535471370669887,3.0,3.600006103515625,3.299999237060547,5.731495346761606,,,,,,,,,,,,,,,,,,,,,,,
773,s0_original,s0_original,identity,True,0.6000000238418579,0.6000000238418579,0.6000000238418579,True,0.5,,4,6055.560721879035,3912.1924663696477,0.6460495808810416,0.5299801236749117,4,0,1068.9841274328282,18.821265317519604,1.9899749532877369,0,4,4,0,0.0,0.0,4,28035,6055.560721879035,0.8351409978308026,0.8514357053682896,0.8194582718253287,0.7169459962756052,23870,4165,5259,6291.864750048668,-236.30402816963306,-0.037557073706615395,0.9470463032931797,0.9723889555822329,0.9229910714285714,1.3416408398118889,20.628136944893786,0.5294018679366232,0.400160414181573,0.6460371019394001,833,499.80001986026764,12,16,4,0.7364547222784501,2.2123290532600235,True,True,0.8351409978308026,0.0,True,/Users/angadkumar16ak/Projects/Automated_Cardiovascular_Segmentation_for_Bioprinting_Project/outputs/topology_correction/case_outputs/773/mask__s0_original.nii.gz,/Users/angadkumar16ak/Projects/Automated_Cardiovascular_Segmentation_for_Bioprinting_Project/outputs/topology_correction/case_outputs/773/mask__s0_original.nii.gz,ok,3.0,4.0,True,0.0,4.0,7258.539472960744,5942.898708448676,100.80000400543213,93.00000369548798,108.60000431537628,0.4242640855706679,0.6000000238418579,0.5913754300213796,/Users/angadkumar16ak/Projects/Automated_Cardiovascular_Segmentation_for_Bioprinting_Project/outputs/topology_correction/mesh_qc/s0_original/case_outputs/773__s0_original/segmentation_raw.stl,/Users/angadkumar16ak/Projects/Automated_Cardiovascular_Segmentation_for_Bioprinting_Project/outputs/topology_correction/mesh_qc/s0_original/case_outputs/773__s0_original/segmentation_repaired.stl,/Users/angadkumar16ak/Projects/Automated_Cardiovascular_Segmentation_for_Bioprinting_Project/outputs/topology_correction/mesh_qc/s0_original/case_outputs/773__s0_original/segmentation_smoothed.stl,True,0.5385796916300842,3.141592653589793,0.4751030687168512,3.1372826720667253,-0.002933659957451831,0.05774924201890494,True,"phaseb_mesh_qc.run_phaseb_for_case (repository implementation, unmodified)",50.0,50.0,50.0,1.0,True,-34.65177902423572,177.94309595910244,71.54538041758244,-34.571118117165966,178.11577429348213,68.71488929109074,2.836900422334503,True,/Users/angadkumar16ak/Projects/Automated_Cardiovascular_Segmentation_for_Bioprinting_Project/outputs/topology_correction/mesh_qc/s0_original/case_outputs/773__s0_original/segmentation_repaired.stl,ok,exact_point_to_surface,80030.0,77750.0,0.9770338769713559,0.49017178128026034,1.39104067642474,20.62813426114218,0.603034963103757,0.37399891386759887,6171.2291364246,5942.8990807603905,-228.3300556642098,-0.036999121344649416,2.156776244712918,-1.2000045776367188,4.8000030517578125,0.6000003814697266,4.983978404948923,,,,,,,,,,,,,,,,,,,,,,,
774,s0_original,s0_original,identity,True,0.6000000238418579,0.6000000238418579,0.6000000238418579,True,0.5,,14,6234.4087431993785,3454.488411807077,0.5541004053632679,0.7093728506221473,8,6,21.168002523422345,3.498571275927907,0.8485281711413358,1,14,14,0,0.0,0.0,14,28863,6234.4087431993785,0.8222945666816345,0.7613553684648166,0.8938377059182429,0.698217519778858,21975,6888,2610,5310.360633044268,924.0481101551104,0.17400854179377678,0.875541129750565,0.8291770573566085,0.9273972602739726,5.786190686518324,42.991163590730146,1.3372719038013603,2.147944430324606,0.4560416778469912,802,481.20001912117004,22,16,13,2.067940062261634,10.93992424649031,True,True,0.8222945666816345,0.0,True,/Users/angadkumar16ak/Projects/Automated_Cardiovascular_Segmentation_for_Bioprinting_Project/outputs/topology_correction/case_outputs/774/mask__s0_original.nii.gz,/Users/angadkumar16ak/Projects/Automated_Cardiovascular_Segmentation_for_Bioprinting_Project/outputs/topology_correction/case_outputs/774/mask__s0_original.nii.gz,ok,3.0,14.0,True,0.0,13.0,7312.28776914144,6117.804729299096,112.20000445842743,84.00000333786011,100.20000398159027,0.4242640855706679,0.6000000238418579,0.5894019321785147,/Users/angadkumar16ak/Projects/Automated_Cardiovascular_Segmentation_for_Bioprinting_Project/outputs/topology_correction/mesh_qc/s0_original/case_outputs/774__s0_original/segmentation_raw.stl,/Users/angadkumar16ak/Projects/Automated_Cardiovascular_Segmentation_for_Bioprinting_Project/outputs/topology_correction/mesh_qc/s0_original/case_outputs/774__s0_original/segmentation_repaired.stl,/Users/angadkumar16ak/Projects/Automated_Cardiovascular_Segmentation_for_Bioprinting_Project/outputs/topology_correction/mesh_qc/s0_original/case_outputs/774__s0_original/segmentation_smoothed.stl,True,0.57577532188334,3.141592653589793,0.516208894837003,3.140388164250779,-0.003286892103457223,0.0732425596784811,True,"phaseb_mesh_qc.run_phaseb_for_case (repository implementation, unmodified)",50.0,50.0,50.0,1.0,True,-30.47433752322715,166.49090624653954,58.56136308119723,-31.193641128860154,164.82999583231663,56.042020915487875,3.1021131554267747,True,/Users/angadkumar16ak/Projects/Automated_Cardiovascular_Segmentation_for_Bioprinting_Project/outputs/topology_correction/mesh_qc/s0_original/case_outputs/774__s0_original/segmentation_repaired.stl,ok,exact_point_to_surface,75766.0,78188.0,2.67723881291694,1.353141668342689,6.207780631942026,42.991163281276854,0.4155144080591884,2.261724404857752,5206.545692201713,6117.804821568923,911.2591293672103,0.17502182507148276,3.998163757453057,7.200000762939453,-4.1999969482421875,1.2000000476837158,8.421400445651146,,,,,,,,,,,,,,,,,,,,,,,
775,s0_original,s0_original,identity,True,0.6000000238418579,0.6000000238418579,0.6000000238418579,True,0.5,,14,5407.128644579912,2304.072274666797,0.42611752486717536,0.6941970563419894,9,5,16.632001982688983,8.611620398839431,0.8485281711413358,1,14,14,0,0.0,0.0,14,25033,5407.128644579913,0.7786529496865455,0.7740182958494787,0.7833434404689711,0.6375361937351934,19376,5657,5359,5342.760636906649,64.3680076732644,0.012047705680210331,0.8786358133706326,0.9039881831610044,0.8546666666666667,16.606023663581723,51.73586969131823,2.224054824075881,2.990497751527826,1.5230492389738426,677,406.2000161409378,23,15,13,2.882674327133529,22.368400110042156,True,True,0.7786529496865455,0.0,True,/Users/angadkumar16ak/Projects/Automated_Cardiovascular_Segmentation_for_Bioprinting_Project/outputs/topology_correction/case_outputs/775/mask__s0_original.nii.gz,/Users/angadkumar16ak/Projects/Automated_Cardiovascular_Segmentation_for_Bioprinting_Project/outputs/topology_correction/case_outputs/775/mask__s0_original.nii.gz,ok,3.0,14.0,True,0.0,13.0,6349.337142456212,5305.788632499242,111.00000441074371,102.6000040769577,87.0000034570694,0.4242640855706679,0.6000000238418579,0.5911856549850469,/Users/angadkumar16ak/Projects/Automated_Cardiovascular_Segmentation_for_Bioprinting_Project/outputs/topology_correction/mesh_qc/s0_original/case_outputs/775__s0_original/segmentation_raw.stl,/Users/angadkumar16ak/Projects/Automated_Cardiovascular_Segmentation_for_Bioprinting_Project/outputs/topology_correction/mesh_qc/s0_original/case_outputs/775__s0_original/segmentation_repaired.stl,/Users/angadkumar16ak/Projects/Automated_Cardiovascular_Segmentation_for_Bioprinting_Project/outputs/topology_correction/mesh_qc/s0_original/case_outputs/775__s0_original/segmentation_smoothed.stl,True,0.6087618867404228,3.141592653589793,0.5600855177105839,3.137434213444673,-0.0031625095714965094,0.07665881037031119,True,"phaseb_mesh_qc.run_phaseb_for_case (repository implementation, unmodified)",50.0,50.0,50.0,1.0,True,-36.29943778862685,171.90199646543374,138.1796124710599,-38.76981265656549,171.5571698195286,136.57350662202788,2.966687277446668,True,/Users/angadkumar16ak/Projects/Automated_Cardiovascular_Segmentation_for_Bioprinting_Project/outputs/topology_correction/mesh_qc/s0_original/case_outputs/775__s0_original/segmentation_repaired.stl,ok,exact_point_to_surface,75708.0,74296.0,4.486652523529935,2.235868772194261,17.350995868542434,51.73586910651481,1.4510789065495877,3.035573616980347,5239.971107183287,5305.7887698053955,65.8176626221084,0.01256069189615976,4.637802624334548,13.800006866455078,-2.399993896484375,0.0,14.007146755045067,,,,,,,,,,,,,,,,,,,,,,,
776,s0_original,s0_original,identity,True,0.6000000238418579,0.6000000238418579,0.6000000238418579,True,0.5,,9,7181.784856135402,5168.880616178537,0.7197208938614695,0.22758044295862934,8,1,72.14400860023532,1.848683371510588,0.8485281711413358,1,9,9,0,0.0,0.0,9,33249,7181.784856135402,0.7124364689047157,0.6513579355770098,0.7861550747785683,0.5533214103219213,21657,11592,5891,5950.36870933917,1231.4161467962322,0.20694787280383328,0.8193321047721123,0.7544731610337972,0.8963911525029103,14.010995002284293,28.148890972312145,2.0237455303007335,3.159296534430726,0.7052203867425942,1006,603.6000239849091,27,17,8,2.3795710230193574,15.174152742975306,True,True,0.7124364689047157,0.0,True,/Users/angadkumar16ak/Projects/Automated_Cardiovascular_Segmentation_for_Bioprinting_Project/outputs/topology_correction/case_outputs/776/mask__s0_original.nii.gz,/Users/angadkumar16ak/Projects/Automated_Cardiovascular_Segmentation_for_Bioprinting_Project/outputs/topology_correction/case_outputs/776/mask__s0_original.nii.gz,ok,3.0,9.0,True,0.0,8.0,8924.20455599025,7036.362838799745,109.20000433921814,93.00000369548798,88.20000350475311,0.4242640855706679,0.6000000238418579,0.589560663773455,/Users/angadkumar16ak/Projects/Automated_Cardiovascular_Segmentation_for_Bioprinting_Project/outputs/topology_correction/mesh_qc/s0_original/case_outputs/776__s0_original/segmentation_raw.stl,/Users/angadkumar16ak/Projects/Automated_Cardiovascular_Segmentation_for_Bioprinting_Project/outputs/topology_correction/mesh_qc/s0_original/case_outputs/776__s0_original/segmentation_repaired.stl,/Users/angadkumar16ak/Projects/Automated_Cardiovascular_Segmentation_for_Bioprinting_Project/outputs/topology_correction/mesh_qc/s0_original/case_outputs/776__s0_original/segmentation_smoothed.stl,True,0.5703259144315193,3.141592653589793,0.5155598367686111,3.1381123284594703,-0.003442416698042898,0.05194141177178261,True,"phaseb_mesh_qc.run_phaseb_for_case (repository implementation, unmodified)",50.0,50.0,50.0,1.0,True,-37.182087779844636,163.45818142388765,63.02776980987724,-37.35641883421817,165.37685467364642,61.23650086445599,2.6306544415200985,True,/Users/angadkumar16ak/Projects/Automated_Cardiovascular_Segmentation_for_Bioprinting_Project/outputs/topology_correction/mesh_qc/s0_original/case_outputs/776__s0_original/segmentation_repaired.stl,ok,exact_point_to_surface,79052.0,84372.0,3.8194780490828126,1.9507768421775447,13.637213207791827,28.11049520180542,0.6491066355624056,3.170371413520407,5833.026806725416,7036.362878750829,1203.3360720254132,0.20629702415184856,4.808723133612961,5.7220458984375e-06,-2.4000091552734375,0.0,2.4000091552802587,,,,,,,,,,,,,,,,,,,,,,,
777,s0_original,s0_original,identity,True,0.6000000238418579,0.6000000238418579,0.6000000238418579,True,0.5,,9,5719.248681787518,3582.1444270248585,0.6263312939043735,0.5369633381572599,8,1,34.776004145622416,2.9368306987240267,2.4000000953674316,0,9,9,0,0.0,0.0,9,26478,5719.248681787518,0.7937805651995371,0.8030440365586524,0.784728373191615,0.658073102039553,21263,5215,5833,5852.736697700529,-133.4880159130107,-0.022807794508414598,0.8818568052905973,0.8430913348946136,0.9243589743589744,6.462198025346074,23.53805523043788,1.0283999001092845,1.1449321661590683,0.9180194746688717,854,512.4000203609467,26,14,9,1.3925810199568043,8.598977587345823,True,True,0.7937805651995371,0.0,True,/Users/angadkumar16ak/Projects/Automated_Cardiovascular_Segmentation_for_Bioprinting_Project/outputs/topology_correction/case_outputs/777/mask__s0_original.nii.gz,/Users/angadkumar16ak/Projects/Automated_Cardiovascular_Segmentation_for_Bioprinting_Project/outputs/topology_correction/case_outputs/777/mask__s0_original.nii.gz,ok,3.0,9.0,True,0.0,9.0,7289.7579894146165,5592.924666728522,105.00000417232513,91.2000036239624,91.80000364780426,0.4242640855706679,0.6000000238418579,0.588880116732951,/Users/angadkumar16ak/Projects/Automated_Cardiovascular_Segmentation_for_Bioprinting_Project/outputs/topology_correction/mesh_qc/s0_original/case_outputs/777__s0_original/segmentation_raw.stl,/Users/angadkumar16ak/Projects/Automated_Cardiovascular_Segmentation_for_Bioprinting_Project/outputs/topology_correction/mesh_qc/s0_original/case_outputs/777__s0_original/segmentation_repaired.stl,/Users/angadkumar16ak/Projects/Automated_Cardiovascular_Segmentation_for_Bioprinting_Project/outputs/topology_correction/mesh_qc/s0_original/case_outputs/777__s0_original/segmentation_smoothed.stl,True,0.5815263414529123,3.141592653589793,0.5233597336865713,3.138832582810821,-0.003798689563547803,0.044036558652466196,True,"phaseb_mesh_qc.run_phaseb_for_case (repository implementation, unmodified)",50.0,50.0,42.0,0.84,False,-33.82434671893475,165.21365472166747,132.2463510323979,-35.63822095851666,165.0897799123092,129.43493179701068,3.3480685241669934,True,/Users/angadkumar16ak/Projects/Automated_Cardiovascular_Segmentation_for_Bioprinting_Project/outputs/topology_correction/mesh_qc/s0_original/case_outputs/777__s0_original/segmentation_repaired.stl,ok,exact_point_to_surface,77018.0,78151.0,2.0439499710266444,1.023193671446697,6.860820686793224,23.40384651260758,0.855070945269821,1.1888790257568234,5739.669955324721,5592.925073254365,-146.74488207035574,-0.02556678053138226,2.1653956846321627,0.5999984741210938,0.0,-1.1999969482421875,1.341637374530914,,,,,,,,,,,,,,,,,,,,,,,
778,s0_original,s0_original,identity,True,0.6000000238418579,0.6000000238418579,0.6000000238418579,True,0.5,,12,5904.144703828839,3147.3363751917036,0.5330723640886809,0.5711344451307391,5,7,1.7280002059936606,3.8418746951220877,0.8485281711413358,2,12,12,0,0.0,0.0,12,27334,5904.14470382884,0.7806077917956042,0.7198361015584985,0.852586879278967,0.6401613742842269,19676,7658,3402,4984.848594240212,919.2961095886276,0.1844180604905105,0.8631195204012302,0.8288177339901478,0.9003831417624522,12.966110186211493,27.788487928797842,1.5788602014704296,2.184263705737062,0.9164896040350206,812,487.2000193595886,19,15,10,1.99591346103723,14.885538323588673,True,True,0.7806077917956042,0.0,True,/Users/angadkumar16ak/Projects/Automated_Cardiovascular_Segmentation_for_Bioprinting_Project/outputs/topology_correction/case_outputs/778/mask__s0_original.nii.gz,/Users/angadkumar16ak/Projects/Automated_Cardiovascular_Segmentation_for_Bioprinting_Project/outputs/topology_correction/case_outputs/778/mask__s0_original.nii.gz,ok,3.0,12.0,True,0.0,10.0,7306.161107200811,5784.021689509061,98.4000039100647,85.20000338554382,100.20000398159027,0.4242640855706679,0.6000000238418579,0.5887881577313686,/Users/angadkumar16ak/Projects/Automated_Cardiovascular_Segmentation_for_Bioprinting_Project/outputs/topology_correction/mesh_qc/s0_original/case_outputs/778__s0_original/segmentation_raw.stl,/Users/angadkumar16ak/Projects/Automated_Cardiovascular_Segmentation_for_Bioprinting_Project/outputs/topology_correction/mesh_qc/s0_original/case_outputs/778__s0_original/segmentation_repaired.stl,/Users/angadkumar16ak/Projects/Automated_Cardiovascular_Segmentation_for_Bioprinting_Project/outputs/topology_correction/mesh_qc/s0_original/case_outputs/778__s0_original/segmentation_smoothed.stl,True,0.5600400399259123,3.141592653589793,0.5033461625489595,3.1362513126210305,-0.0034264616911488526,0.05158410770469013,True,"phaseb_mesh_qc.run_phaseb_for_case (repository implementation, unmodified)",50.0,47.0,47.0,1.0,True,-33.71798638016773,166.13855201454703,-166.16481716537157,-34.79364379598581,166.2732002812792,-168.8769269328442,2.9207376504504645,True,/Users/angadkumar16ak/Projects/Automated_Cardiovascular_Segmentation_for_Bioprinting_Project/outputs/topology_correction/mesh_qc/s0_original/case_outputs/778__s0_original/segmentation_repaired.stl,ok,exact_point_to_surface,75647.0,78234.0,3.0639030951046227,1.5436633299419409,12.861652697611952,27.684907805051537,0.8353064814917802,2.2285966136128423,4878.954934116475,5784.021771622099,905.0668375056239,0.18550424214351174,4.688213610248542,9.0,4.800018310546875,4.1999969482421875,11.030872592267077,,,,,,,,,,,,,,,,,,,,,,,
779,s0_original,s0_original,identity,True,0.6000000238418579,0.6000000238418579,0.6000000238418579,True,0.5,,11,7549.848900012053,3726.0004441738306,0.4935198695390953,0.9850434782608696,8,3,7.12800084972385,5.118677527887527,0.8485281711413358,2,11,11,0,0.0,0.0,11,34953,7549.848900012053,0.8023056416168312,0.7964409349698166,0.8082573601997561,0.669875111292923,27838,7115,6604,7439.472886854207,110.37601315784559,0.014836536786481691,0.8867983466151377,0.8578154425612052,0.9178082191780822,5.161395365320993,70.07681778071938,1.0194323933495613,1.2764562796255499,0.7784095039152642,1062,637.2000253200531,24,29,8,1.5368162531678387,7.88490571143658,True,True,0.8023056416168312,0.0,True,/Users/angadkumar16ak/Projects/Automated_Cardiovascular_Segmentation_for_Bioprinting_Project/outputs/topology_correction/case_outputs/779/mask__s0_original.nii.gz,/Users/angadkumar16ak/Projects/Automated_Cardiovascular_Segmentation_for_Bioprinting_Project/outputs/topology_correction/case_outputs/779/mask__s0_original.nii.gz,ok,3.0,11.0,True,0.0,9.0,9228.532183656862,7402.014882388867,143.40000569820404,105.60000419616699,99.00000393390656,0.4242640855706679,0.6000000238418579,0.5894097221063841,/Users/angadkumar16ak/Projects/Automated_Cardiovascular_Segmentation_for_Bioprinting_Project/outputs/topology_correction/mesh_qc/s0_original/case_outputs/779__s0_original/segmentation_raw.stl,/Users/angadkumar16ak/Projects/Automated_Cardiovascular_Segmentation_for_Bioprinting_Project/outputs/topology_correction/mesh_qc/s0_original/case_outputs/779__s0_original/segmentation_repaired.stl,/Users/angadkumar16ak/Projects/Automated_Cardiovascular_Segmentation_for_Bioprinting_Project/outputs/topology_correction/mesh_qc/s0_original/case_outputs/779__s0_original/segmentation_smoothed.stl,True,0.5820679499343077,3.141592653589793,0.5302617200659332,3.1366927713209147,-0.0031850556572150567,0.05175521414470861,True,"phaseb_mesh_qc.run_phaseb_for_case (repository implementation, unmodified)",50.0,40.0,40.0,1.0,True,-34.12662640426359,186.3583028811438,114.40738071118548,-35.71754965979479,186.08779956138494,112.22102293522742,2.7174195803156396,True,/Users/angadkumar16ak/Projects/Automated_Cardiovascular_Segmentation_for_Bioprinting_Project/outputs/topology_correction/mesh_qc/s0_original/case_outputs/779__s0_original/segmentation_repaired.stl,ok,exact_point_to_surface,84419.0,85559.0,2.118559201425104,1.0613767182621237,5.14838363786967,70.07680973474777,0.7465920157642312,1.3719671856608728,7293.916478442278,7402.015076237368,108.09859779508952,0.014820377792175588,4.513520735067165,30.60000228881836,0.5999984741210938,9.60000228881836,32.076162211055646,,,,,,,,,,,,,,,,,,,,,,,
780,s0_original,s0_original,identity,True,0.6000000238418579,0.6000000238418579,0.6000000238418579,True,0.5,,11,8966.809068926854,5322.456634486223,0.5935730975838893,0.5915344344791201,9,2,15.98400190544136,5.562955024912233,1.2000000476837158,0,11,11,0,0.0,0.0,11,41513,8966.809068926854,0.7737688991438461,0.76742225327006,0.780221394984326,0.6310139243765722,31858,9655,8974,8819.713051391644,147.0960175352102,0.01667809561128525,0.848592306899177,0.8145231846019247,0.8856358645928637,8.00499875656586,27.969269961334884,1.2971178666626482,1.9408652296038387,0.6785981852318407,1143,685.8000272512436,33,33,11,1.8755405461427033,11.54508012016665,True,True,0.7737688991438461,0.0,True,/Users/angadkumar16ak/Projects/Automated_Cardiovascular_Segmentation_for_Bioprinting_Project/outputs/topology_correction/case_outputs/780/mask__s0_original.nii.gz,/Users/angadkumar16ak/Projects/Automated_Cardiovascular_Segmentation_for_Bioprinting_Project/outputs/topology_correction/case_outputs/780/mask__s0_original.nii.gz,ok,3.0,11.0,True,0.0,11.0,10415.290613326344,8802.18104930167,109.80000436306,109.80000436306,86.40000343322754,0.4242640855706679,0.6000000238418579,0.590904023075258,/Users/angadkumar16ak/Projects/Automated_Cardiovascular_Segmentation_for_Bioprinting_Project/outputs/topology_correction/mesh_qc/s0_original/case_outputs/780__s0_original/segmentation_raw.stl,/Users/angadkumar16ak/Projects/Automated_Cardiovascular_Segmentation_for_Bioprinting_Project/outputs/topology_correction/mesh_qc/s0_original/case_outputs/780__s0_original/segmentation_repaired.stl,/Users/angadkumar16ak/Projects/Automated_Cardiovascular_Segmentation_for_Bioprinting_Project/outputs/topology_correction/mesh_qc/s0_original/case_outputs/780__s0_original/segmentation_smoothed.stl,True,0.5935330966065188,3.141592653589793,0.5443931291849418,3.137898364326735,-0.003021458732432055,0.0785537060679787,True,"phaseb_mesh_qc.run_phaseb_for_case (repository implementation, unmodified)",50.0,50.0,50.0,1.0,True,-41.04954870326999,171.39098538614815,-194.05521114339797,-42.45674048218658,172.10419782797032,-196.8543299031524,3.2130867590262175,True,/Users/angadkumar16ak/Projects/Automated_Cardiovascular_Segmentation_for_Bioprinting_Project/outputs/topology_correction/mesh_qc/s0_original/case_outputs/780__s0_original/segmentation_repaired.stl,ok,exact_point_to_surface,88272.0,89903.0,2.554597125773191,1.2831590008656903,8.248638748226876,27.943516124208756,0.6370879332573779,1.9175091925158132,8669.970935978277,8802.181077649204,132.21014167092653,0.015249202407621287,3.3518177155223343,5.399993896484375,1.20001220703125,0.600006103515625,5.5641684646808205,,,,,,,,,,,,,,,,,,,,,,,
781,s0_original,s0_original,identity,True,0.6000000238418579,0.6000000238418579,0.6000000238418579,True,0.5,,7,5680.152677126911,3487.320415720956,0.6139483591284177,0.6113347785692166,3,4,2.5920003089904906,10.383194826751424,0.8485281711413358,2,7,7,0,0.0,0.0,7,26297,5680.152677126912,0.75735905538001,0.6927025896490094,0.8353281056541477,0.609475374732334,18216,8081,3591,4710.312561512969,969.8401156139425,0.205897188976017,0.8420841266063779,0.7957244655581948,0.8941798941798942,8.674099721558317,23.939925763199145,1.313881305874468,1.6559523995464382,0.9477921009121185,842,505.20002007484436,18,28,5,1.9200988639823944,12.369317368365474,True,True,0.75735905538001,0.0,True,/Users/angadkumar16ak/Projects/Automated_Cardiovascular_Segmentation_for_Bioprinting_Project/outputs/topology_correction/case_outputs/781/mask__s0_original.nii.gz,/Users/angadkumar16ak/Projects/Automated_Cardiovascular_Segmentation_for_Bioprinting_Project/outputs/topology_correction/case_outputs/781/mask__s0_original.nii.gz,ok,3.0,7.0,True,0.0,5.0,7082.721008801129,5563.998663280275,105.00000417232513,106.80000424385071,75.00000298023224,0.4242640855706679,0.6000000238418579,0.5902920380525333,/Users/angadkumar16ak/Projects/Automated_Cardiovascular_Segmentation_for_Bioprinting_Project/outputs/topology_correction/mesh_qc/s0_original/case_outputs/781__s0_original/segmentation_raw.stl,/Users/angadkumar16ak/Projects/Automated_Cardiovascular_Segmentation_for_Bioprinting_Project/outputs/topology_correction/mesh_qc/s0_original/case_outputs/781__s0_original/segmentation_repaired.stl,/Users/angadkumar16ak/Projects/Automated_Cardiovascular_Segmentation_for_Bioprinting_Project/outputs/topology_correction/mesh_qc/s0_original/case_outputs/781__s0_original/segmentation_smoothed.stl,True,0.5827974344409379,3.141592653589793,0.530724129104161,3.1403256164877678,-0.0033955934144876375,0.04791421074647298,True,"phaseb_mesh_qc.run_phaseb_for_case (repository implementation, unmodified)",50.0,49.0,49.0,1.0,True,-39.27852433714327,182.45668220236695,123.26739337343034,-41.39105080372552,182.98904600153267,121.2821749989204,2.9474177310256775,True,/Users/angadkumar16ak/Projects/Automated_Cardiovascular_Segmentation_for_Bioprinting_Project/outputs/topology_correction/mesh_qc/s0_original/case_outputs/781__s0_original/segmentation_repaired.stl,ok,exact_point_to_surface,74790.0,77200.0,2.572674733465878,1.2923485340731884,8.895316320593079,23.939918616597918,0.9072347426480868,1.6654399908177913,4602.664339811347,5563.99950061035,961.3351607990026,0.20886492905507106,6.5790664548228275,-0.5999984741210938,-3.5999908447265625,-4.800010681152344,6.02992825747034,,,,,,,,,,,,,,,,,,,,,,,
782,s0_original,s0_original,identity,True,0.6000000238418579,0.6000000238418579,0.6000000238418579,True,0.5,,15,9140.257089603469,5081.616605775857,0.55595992059741,0.4655700076511094,12,3,101.95201215362597,3.6642879777440305,0.8485281711413358,2,15,15,0,0.0,0.0,15,42316,9140.257089603467,0.7765456316639311,0.6875886189620947,0.8919407743478127,0.6347156475644075,29096,13220,3525,7046.1368399649,2094.1202496385667,0.29720118941785956,0.8237145194788847,0.7323187108325873,0.9411764705882353,16.155495063365183,45.68676138535225,2.2688771940079016,3.618667421836292,0.6336066726491223,1117,670.2000266313553,40,38,13,2.962194729374506,19.8953065093875,True,True,0.7765456316639311,0.0,True,/Users/angadkumar16ak/Projects/Automated_Cardiovascular_Segmentation_for_Bioprinting_Project/outputs/topology_correction/case_outputs/782/mask__s0_original.nii.gz,/Users/angadkumar16ak/Projects/Automated_Cardiovascular_Segmentation_for_Bioprinting_Project/outputs/topology_correction/case_outputs/782/mask__s0_original.nii.gz,ok,3.0,15.0,True,0.0,13.0,10149.669651683484,8986.456071268962,117.00000464916229,83.40000331401825,92.40000367164612,0.4242640855706679,0.6000000238418579,0.5916761480439408,/Users/angadkumar16ak/Projects/Automated_Cardiovascular_Segmentation_for_Bioprinting_Project/outputs/topology_correction/mesh_qc/s0_original/case_outputs/782__s0_original/segmentation_raw.stl,/Users/angadkumar16ak/Projects/Automated_Cardiovascular_Segmentation_for_Bioprinting_Project/outputs/topology_correction/mesh_qc/s0_original/case_outputs/782__s0_original/segmentation_repaired.stl,/Users/angadkumar16ak/Projects/Automated_Cardiovascular_Segmentation_for_Bioprinting_Project/outputs/topology_correction/mesh_qc/s0_original/case_outputs/782__s0_original/segmentation_smoothed.stl,True,0.5808040851061579,3.141592653589793,0.529290246846667,3.1402222037636527,-0.002905803820715582,0.10861139994328387,True,"phaseb_mesh_qc.run_phaseb_for_case (repository implementation, unmodified)",50.0,50.0,50.0,1.0,True,-24.739149355890632,191.4292982296036,103.0430460907142,-30.951769070555983,189.64044015282474,102.54861286557427,6.483912487998881,True,/Users/angadkumar16ak/Projects/Automated_Cardiovascular_Segmentation_for_Bioprinting_Project/outputs/topology_correction/mesh_qc/s0_original/case_outputs/782__s0_original/segmentation_repaired.stl,ok,exact_point_to_surface,81100.0,88748.0,4.325821289114689,2.234201599181548,16.447685784139267,45.68676261588668,0.5796697892995469,3.7461514998151424,6929.353113251013,8986.456454204872,2057.1033409538586,0.2968680203380106,8.35581852920443,7.1999969482421875,1.1999969482421875,-0.6000022888183594,7.323930056812029,,,,,,,,,,,,,,,,,,,,,,,
783,s0_original,s0_original,identity,True,0.6000000238418579,0.6000000238418579,0.6000000238418579,True,0.5,,6,5641.704672543553,2916.864347717299,0.5170182625674796,0.8787766587677724,6,0,57.99600691366223,3.888444573557615,1.2000000476837158,0,6,6,0,0.0,0.0,6,26119,5641.704672543552,0.7710325047801148,0.7410697193613844,0.8035202789655029,0.6273823415013613,19356,6763,4733,5203.224620272661,438.48005227089106,0.08427082900909123,0.8872888831325313,0.8564036222509702,0.9204851752021563,3.8418746951220877,31.692271610323893,0.9373207164381953,1.2809553346799036,0.586710285116558,773,463.80001842975616,22,20,6,1.4793165461890534,6.976372998792766,True,True,0.7710325047801148,0.0,True,/Users/angadkumar16ak/Projects/Automated_Cardiovascular_Segmentation_for_Bioprinting_Project/outputs/topology_correction/case_outputs/783/mask__s0_original.nii.gz,/Users/angadkumar16ak/Projects/Automated_Cardiovascular_Segmentation_for_Bioprinting_Project/outputs/topology_correction/case_outputs/783/mask__s0_original.nii.gz,ok,3.0,6.0,True,0.0,6.0,6767.012692243576,5532.732659553076,102.00000405311584,87.60000348091125,82.20000326633453,0.4242640855706679,0.6000000238418579,0.5912679712654504,/Users/angadkumar16ak/Projects/Automated_Cardiovascular_Segmentation_for_Bioprinting_Project/outputs/topology_correction/mesh_qc/s0_original/case_outputs/783__s0_original/segmentation_raw.stl,/Users/angadkumar16ak/Projects/Automated_Cardiovascular_Segmentation_for_Bioprinting_Project/outputs/topology_correction/mesh_qc/s0_original/case_outputs/783__s0_original/segmentation_repaired.stl,/Users/angadkumar16ak/Projects/Automated_Cardiovascular_Segmentation_for_Bioprinting_Project/outputs/topology_correction/mesh_qc/s0_original/case_outputs/783__s0_original/segmentation_smoothed.stl,True,0.5977107398389934,3.141592653589793,0.54854366667617,3.1384238344986333,-0.003312690279589545,0.07343313296833723,True,"phaseb_mesh_qc.run_phaseb_for_case (repository implementation, unmodified)",50.0,50.0,50.0,1.0,True,-46.56035980066382,156.42695568770262,99.38198393339803,-48.201033199829816,156.95942224625745,97.32493633796719,2.684543657417021,True,/Users/angadkumar16ak/Projects/Automated_Cardiovascular_Segmentation_for_Bioprinting_Project/outputs/topology_correction/mesh_qc/s0_original/case_outputs/783__s0_original/segmentation_repaired.stl,ok,exact_point_to_surface,75611.0,75877.0,1.8622210621052298,0.9317814312346051,3.974785089846507,31.69226637888206,0.549030355228089,1.313190706877141,5100.480726143909,5532.732628684288,432.251902540379,0.08474728672627928,3.414058719291166,1.8000013828277588,-1.7999954223632812,2.4000015258789062,3.498570539939375,,,,,,,,,,,,,,,,,,,,,,,
784,s0_original,s0_original,identity,True,0.6000000238418579,0.6000000238418579,0.6000000238418579,True,0.5,,9,5534.136659720447,3097.224369217887,0.5596580929706101,0.7351977125322547,4,5,3.2400003862381137,3.4081700631311875,0.8485281711413358,1,9,9,0,0.0,0.0,9,25621,5534.136659720447,0.7872326622407716,0.7104328480543304,0.8826495975172146,0.649120930066688,18202,7419,2420,4454.352531000159,1079.7841287202882,0.24241101736010076,0.8828977231926224,0.8237597911227154,0.9511834319526628,7.339881969391914,18.648325062521895,1.0362831974723055,1.485227247117455,0.5211466040979322,766,459.60001826286316,17,9,8,1.3895457718249773,9.668153428855844,True,True,0.7872326622407716,0.0,True,/Users/angadkumar16ak/Projects/Automated_Cardiovascular_Segmentation_for_Bioprinting_Project/outputs/topology_correction/case_outputs/784/mask__s0_original.nii.gz,/Users/angadkumar16ak/Projects/Automated_Cardiovascular_Segmentation_for_Bioprinting_Project/outputs/topology_correction/case_outputs/784/mask__s0_original.nii.gz,ok,3.0,9.0,True,0.0,8.0,6854.4138997349655,5419.494646054055,93.60000371932983,91.2000036239624,87.0000034570694,0.4242640855706679,0.6000000238418579,0.588948975522494,/Users/angadkumar16ak/Projects/Automated_Cardiovascular_Segmentation_for_Bioprinting_Project/outputs/topology_correction/mesh_qc/s0_original/case_outputs/784__s0_original/segmentation_raw.stl,/Users/angadkumar16ak/Projects/Automated_Cardiovascular_Segmentation_for_Bioprinting_Project/outputs/topology_correction/mesh_qc/s0_original/case_outputs/784__s0_original/segmentation_repaired.stl,/Users/angadkumar16ak/Projects/Automated_Cardiovascular_Segmentation_for_Bioprinting_Project/outputs/topology_correction/mesh_qc/s0_original/case_outputs/784__s0_original/segmentation_smoothed.stl,True,0.5864510695265056,3.141592653589793,0.5304786644960489,3.1394355805781107,-0.003409490933915062,0.05194957261621326,True,"phaseb_mesh_qc.run_phaseb_for_case (repository implementation, unmodified)",50.0,50.0,50.0,1.0,True,-33.96345475888225,158.2008829166932,190.39733932345928,-36.15940013124229,158.77326486821102,188.90765309671147,2.714583251804034,True,/Users/angadkumar16ak/Projects/Automated_Cardiovascular_Segmentation_for_Bioprinting_Project/outputs/topology_correction/mesh_qc/s0_original/case_outputs/784__s0_original/segmentation_repaired.stl,ok,exact_point_to_surface,72859.0,76468.0,1.9699990016363809,0.9971750908420439,7.5291743385385965,18.64833225024239,0.48121886033830236,1.4887801412980786,4356.207255602645,5419.494577147082,1063.287321544437,0.2440855678243757,2.7660127281989193,-1.1999969482421875,7.62939453125e-06,-0.5999908447265625,1.3416339626010012,,,,,,,,,,,,,,,,,,,,,,,
785,s0_original,s0_original,identity,True,0.6000000238418579,0.6000000238418579,0.6000000238418579,True,0.5,,3,4397.544524228117,2535.192302218449,0.5765017928189008,0.7294879441083753,3,0,1849.3922204647151,14.79730800145285,3.6000001430511475,0,3,3,0,0.0,0.0,3,20359,4397.544524228117,0.8230623619728679,0.7688491576207083,0.8855009334163036,0.6993253808694099,15653,4706,2024,3818.232455168742,579.3120690593746,0.1517225773604118,0.9266861088887333,0.9495145631067962,0.9049295774647887,1.2000000476837158,11.525624085366262,0.46568428296856507,0.3954937315280789,0.5367200449981046,515,309.0000122785568,12,6,3,0.7063601736170362,3.0594118297257697,True,True,0.8230623619728679,0.0,True,/Users/angadkumar16ak/Projects/Automated_Cardiovascular_Segmentation_for_Bioprinting_Project/outputs/topology_correction/case_outputs/785/mask__s0_original.nii.gz,/Users/angadkumar16ak/Projects/Automated_Cardiovascular_Segmentation_for_Bioprinting_Project/outputs/topology_correction/case_outputs/785/mask__s0_original.nii.gz,ok,3.0,3.0,True,0.0,3.0,4945.454832938545,4325.283515613933,97.80000388622284,88.80000352859497,72.00000286102295,0.4242640855706679,0.6000000238418579,0.5894810125914729,/Users/angadkumar16ak/Projects/Automated_Cardiovascular_Segmentation_for_Bioprinting_Project/outputs/topology_correction/mesh_qc/s0_original/case_outputs/785__s0_original/segmentation_raw.stl,/Users/angadkumar16ak/Projects/Automated_Cardiovascular_Segmentation_for_Bioprinting_Project/outputs/topology_correction/mesh_qc/s0_original/case_outputs/785__s0_original/segmentation_repaired.stl,/Users/angadkumar16ak/Projects/Automated_Cardiovascular_Segmentation_for_Bioprinting_Project/outputs/topology_correction/mesh_qc/s0_original/case_outputs/785__s0_original/segmentation_smoothed.stl,True,0.5908497604926,3.141592653589793,0.5297133838866447,3.1379196120507205,-0.002686879384442762,0.08546588732256005,True,"phaseb_mesh_qc.run_phaseb_for_case (repository implementation, unmodified)",50.0,48.0,48.0,1.0,True,-52.59068194890844,190.2929227664643,86.73319405835213,-54.33810291441515,190.6755804552746,86.20490358686745,1.8652071626925404,True,/Users/angadkumar16ak/Projects/Automated_Cardiovascular_Segmentation_for_Bioprinting_Project/outputs/topology_correction/mesh_qc/s0_original/case_outputs/785__s0_original/segmentation_repaired.stl,ok,exact_point_to_surface,68914.0,69054.0,0.8265580326400159,0.41320564291788,1.1959506700281768,11.525620728041451,0.4855874559256924,0.3409705767143235,3740.4814746699776,4325.283731198385,584.8022565284073,0.15634411251294977,3.064531377876895,-0.5999965667724609,2.399993896484375,-4.200000762939453,4.874420272400912,,,,,,,,,,,,,,,,,,,,,,,
786,s0_original,s0_original,identity,True,0.6000000238418579,0.6000000238418579,0.6000000238418579,True,0.5,,5,6503.97677533439,3612.816430681246,0.5554780644947028,0.7594164773406673,5,0,84.45601006794016,3.564404990652139,1.8973666714956023,0,5,5,0,0.0,0.0,5,30111,6503.9767753343895,0.8137829384908509,0.751785061937498,0.8869255181600909,0.6860320635209262,22637,7474,2886,5512.968657197025,991.0081181373644,0.17975943266857344,0.9149046644534916,0.8948035487959443,0.9359296482412061,2.6832816796237777,11.288933081917946,0.5746968293198553,0.7123957546369415,0.4291842423024101,789,473.4000188112259,16,8,5,0.8507069682041725,4.724404912138064,True,True,0.8156133962365688,0.0018304577457178839,True,/Users/angadkumar16ak/Projects/Automated_Cardiovascular_Segmentation_for_Bioprinting_Project/outputs/topology_correction/case_outputs/786/mask__s0_original.nii.gz,/Users/angadkumar16ak/Projects/Automated_Cardiovascular_Segmentation_for_Bioprinting_Project/outputs/topology_correction/case_outputs/786/mask__s0_original.nii.gz,ok,3.0,5.0,False,78.0,5.0,7341.039662039588,not_watertight,108.00000429153442,85.20000338554382,83.70000332593918,0.4242640855706679,0.6000000238418579,0.5912943885995082,/Users/angadkumar16ak/Projects/Automated_Cardiovascular_Segmentation_for_Bioprinting_Project/outputs/topology_correction/mesh_qc/s0_original/case_outputs/786__s0_original/segmentation_raw.stl,/Users/angadkumar16ak/Projects/Automated_Cardiovascular_Segmentation_for_Bioprinting_Project/outputs/topology_correction/mesh_qc/s0_original/case_outputs/786__s0_original/segmentation_repaired.stl,/Users/angadkumar16ak/Projects/Automated_Cardiovascular_Segmentation_for_Bioprinting_Project/outputs/topology_correction/mesh_qc/s0_original/case_outputs/786__s0_original/segmentation_smoothed.stl,True,0.5817115327635627,3.141592653589793,0.5259259978022608,3.141387771220899,not_watertight,0.08475308026966889,False,"phaseb_mesh_qc.run_phaseb_for_case (repository implementation, unmodified)",50.0,50.0,44.0,0.88,False,-31.11549087165143,165.86517089838713,144.23805382149123,-34.332510979667155,165.65559093305262,140.92132119797293,4.625349439032444,False,/Users/angadkumar16ak/Projects/Automated_Cardiovascular_Segmentation_for_Bioprinting_Project/outputs/topology_correction/mesh_qc/s0_original/case_outputs/786__s0_original/segmentation_repaired.stl,ok,exact_point_to_surface,76588.0,78111.0,1.0768400720202649,0.539951703857774,2.784916829930252,11.288934133681773,0.38284059782083374,0.6939994741994311,5406.732046599272,,,,1.1309145366695454,-2.3999996185302734,-1.1999969482421875,0.3000030517578125,2.69999864366633,,,,,,,,,,,,,,,,,,,,,,,
787,s0_original,s0_original,identity,True,0.6000000238418579,0.6000000238418579,0.6000000238418579,True,0.5,,6,6285.3847492761915,3714.3364427833735,0.5909481425478539,0.615259362642475,6,0,103.68001235961964,4.2426408557066795,1.8000000715255737,0,6,6,0,0.0,0.0,6,29099,6285.384749276191,0.7820545133763007,0.7464174026598852,0.8212651718531403,0.6421096198190741,21720,7379,4727,5712.552680989293,572.832068286898,0.10027602374560433,0.8716081419668279,0.871523178807947,0.8716931216931217,4.9839745157961906,16.949336943696753,0.8470406717354193,0.8261744835954328,0.8677350824290215,755,453.0000180006027,17,17,6,1.1964639600939668,7.03561229012721,True,True,0.7820545133763007,0.0,True,/Users/angadkumar16ak/Projects/Automated_Cardiovascular_Segmentation_for_Bioprinting_Project/outputs/topology_correction/case_outputs/787/mask__s0_original.nii.gz,/Users/angadkumar16ak/Projects/Automated_Cardiovascular_Segmentation_for_Bioprinting_Project/outputs/topology_correction/case_outputs/787/mask__s0_original.nii.gz,ok,3.0,6.0,True,0.0,6.0,6811.900164476872,6184.719737275988,91.2000036239624,96.00000381469727,77.40000307559967,0.4242640855706679,0.6000000238418579,0.5932081841316208,/Users/angadkumar16ak/Projects/Automated_Cardiovascular_Segmentation_for_Bioprinting_Project/outputs/topology_correction/mesh_qc/s0_original/case_outputs/787__s0_original/segmentation_raw.stl,/Users/angadkumar16ak/Projects/Automated_Cardiovascular_Segmentation_for_Bioprinting_Project/outputs/topology_correction/mesh_qc/s0_original/case_outputs/787__s0_original/segmentation_repaired.stl,/Users/angadkumar16ak/Projects/Automated_Cardiovascular_Segmentation_for_Bioprinting_Project/outputs/topology_correction/mesh_qc/s0_original/case_outputs/787__s0_original/segmentation_smoothed.stl,True,0.569869310423647,3.141592653589793,0.5156000775703387,3.140856219364903,-0.0026973524755895904,0.12350939894841748,True,"phaseb_mesh_qc.run_phaseb_for_case (repository implementation, unmodified)",50.0,50.0,50.0,1.0,True,-26.81166486827945,172.35280854156565,-202.21779830526899,-30.381576620170232,171.79888689632062,-205.03626941558554,4.582016859969841,True,/Users/angadkumar16ak/Projects/Automated_Cardiovascular_Segmentation_for_Bioprinting_Project/outputs/topology_correction/mesh_qc/s0_original/case_outputs/787__s0_original/segmentation_repaired.stl,ok,exact_point_to_surface,76360.0,75850.0,1.6239497969426606,0.8119999496969649,5.107124339724603,16.94933406568205,0.8194514613219729,0.8044983356206877,5609.844996099593,6184.719689745315,574.8746936457219,0.10247603882913345,3.6657569539278962,2.399995803833008,0.5999984741210938,-0.600006103515625,2.5455815350563196,,,,,,,,,,,,,,,,,,,,,,,
788,s0_original,s0_original,identity,True,0.6000000238418579,0.6000000238418579,0.6000000238418579,True,0.5,,13,8514.073014956517,4160.592495981236,0.48867240023340175,0.9174021389263834,8,5,25.488003038406493,4.784962501457179,1.3416408398118889,0,13,13,0,0.0,0.0,13,39417,8514.073014956515,0.7919244804061558,0.7597990714666261,0.826886440818355,0.6555256418674896,29949,9468,6270,7823.304932610549,690.7680823459659,0.08829619812805435,0.8863068337012466,0.8475021910604733,0.9288354898336414,6.589068537850807,35.96998891889135,1.2896606003295097,2.0746778194095556,0.4715804957937283,1141,684.6000272035599,31,35,11,1.766935638043984,10.35908450656009,True,True,0.7919244804061558,0.0,True,/Users/angadkumar16ak/Projects/Automated_Cardiovascular_Segmentation_for_Bioprinting_Project/outputs/topology_correction/case_outputs/788/mask__s0_original.nii.gz,/Users/angadkumar16ak/Projects/Automated_Cardiovascular_Segmentation_for_Bioprinting_Project/outputs/topology_correction/case_outputs/788/mask__s0_original.nii.gz,ok,3.0,13.0,True,0.0,13.0,10129.583075276594,8353.413995804463,108.60000431537628,85.80000340938568,112.80000448226929,0.4242640855706679,0.6000000238418579,0.5899900076735896,/Users/angadkumar16ak/Projects/Automated_Cardiovascular_Segmentation_for_Bioprinting_Project/outputs/topology_correction/mesh_qc/s0_original/case_outputs/788__s0_original/segmentation_raw.stl,/Users/angadkumar16ak/Projects/Automated_Cardiovascular_Segmentation_for_Bioprinting_Project/outputs/topology_correction/mesh_qc/s0_original/case_outputs/788__s0_original/segmentation_repaired.stl,/Users/angadkumar16ak/Projects/Automated_Cardiovascular_Segmentation_for_Bioprinting_Project/outputs/topology_correction/mesh_qc/s0_original/case_outputs/788__s0_original/segmentation_smoothed.stl,True,0.5574376350429463,3.141592653589793,0.4993650196482389,3.1368537645954486,-0.003194283604779419,0.06979222163026105,True,"phaseb_mesh_qc.run_phaseb_for_case (repository implementation, unmodified)",50.0,50.0,50.0,1.0,True,-36.689458477351025,150.9675099704383,156.86046495269653,-39.32982616487007,151.29447253171253,154.47868740647334,3.57089769126233,True,/Users/angadkumar16ak/Projects/Automated_Cardiovascular_Segmentation_for_Bioprinting_Project/outputs/topology_correction/mesh_qc/s0_original/case_outputs/788__s0_original/segmentation_repaired.stl,ok,exact_point_to_surface,86930.0,88946.0,2.5124047328897934,1.2656287133517385,6.823834306921325,35.92924301296779,0.43384711416925964,2.078557618720534,7681.294112401272,8353.414198024306,672.1200856230334,0.08750089187939192,3.9934912918404515,0.0,1.1999969482421875,-3.5999908447265625,3.7947235416965004,,,,,,,,,,,,,,,,,,,,,,,
789,s0_original,s0_original,identity,True,0.6000000238418579,0.6000000238418579,0.6000000238418579,True,0.5,,8,7362.144877635991,4322.592515293142,0.5871376598990729,0.6813411952828302,7,1,11.664001390457209,1.4696939040702932,0.8485281711413358,1,8,8,0,0.0,0.0,8,34084,7362.144877635991,0.8523900516968108,0.844149747682197,0.8607928197456993,0.7427524072592095,28772,5312,4653,7219.800860667263,142.34401696872828,0.019715781600598423,0.949627754860552,0.9155701754385965,0.9863169897377423,1.0392305258366357,26.65783292911474,0.48070204477733586,0.6522280230925771,0.3171532970858763,912,547.2000217437744,23,27,7,0.9051910395909761,1.6970563422826717,True,True,0.8523900516968108,0.0,True,/Users/angadkumar16ak/Projects/Automated_Cardiovascular_Segmentation_for_Bioprinting_Project/outputs/topology_correction/case_outputs/789/mask__s0_original.nii.gz,/Users/angadkumar16ak/Projects/Automated_Cardiovascular_Segmentation_for_Bioprinting_Project/outputs/topology_correction/case_outputs/789/mask__s0_original.nii.gz,ok,3.0,8.0,True,0.0,7.0,8370.444147142613,7235.811862575923,130.80000519752502,89.40000355243683,100.80000400543213,0.4242640855706679,0.6000000238418579,0.5908438165927478,/Users/angadkumar16ak/Projects/Automated_Cardiovascular_Segmentation_for_Bioprinting_Project/outputs/topology_correction/mesh_qc/s0_original/case_outputs/789__s0_original/segmentation_raw.stl,/Users/angadkumar16ak/Projects/Automated_Cardiovascular_Segmentation_for_Bioprinting_Project/outputs/topology_correction/mesh_qc/s0_original/case_outputs/789__s0_original/segmentation_repaired.stl,/Users/angadkumar16ak/Projects/Automated_Cardiovascular_Segmentation_for_Bioprinting_Project/outputs/topology_correction/mesh_qc/s0_original/case_outputs/789__s0_original/segmentation_smoothed.stl,True,0.5678426050395317,3.141592653589793,0.5096572510654468,3.1403978097190843,-0.0028366159916716985,0.08842858819387396,True,"phaseb_mesh_qc.run_phaseb_for_case (repository implementation, unmodified)",50.0,45.0,45.0,1.0,True,-37.245219452859445,178.8914727918658,-180.99578915454737,-37.97759991528257,179.6079994423617,-183.91805007365625,3.096675711462381,True,/Users/angadkumar16ak/Projects/Automated_Cardiovascular_Segmentation_for_Bioprinting_Project/outputs/topology_correction/mesh_qc/s0_original/case_outputs/789__s0_original/segmentation_repaired.stl,ok,exact_point_to_surface,81338.0,82072.0,0.9588058988599013,0.4803112847955842,1.0787371044188927,26.657827439496383,0.27718076673488834,0.681625132125013,7097.949851208378,7235.812608278114,137.86275706973538,0.01942289815505884,1.4600580723199532,19.199996948242188,0.5999908447265625,1.8000030517578125,19.293519192013736,,,,,,,,,,,,,,,,,,,,,,,
790,s0_original,s0_original,identity,True,0.6000000238418579,0.6000000238418579,0.6000000238418579,True,0.5,,5,6585.62478506759,4605.336548998855,0.6993013873856144,0.4174288260400544,4,1,30.02400357913985,6.245638717199274,1.8973666714956023,0,5,5,0,0.0,0.0,5,30489,6585.62478506759,0.8014239549311352,0.760536586965791,0.8469574110599751,0.6686467314513106,23188,7301,4190,5913.6487049618045,671.9760801057855,0.11363138286215223,0.885794519142506,0.8294979079497908,0.9502890173410404,12.813884641758557,38.64764053217019,1.5995099221864775,2.7448400315059054,0.37535076877227713,956,573.6000227928162,25,33,5,2.0348866501990726,15.047924042732097,True,True,0.8014239549311352,0.0,True,/Users/angadkumar16ak/Projects/Automated_Cardiovascular_Segmentation_for_Bioprinting_Project/outputs/topology_correction/case_outputs/790/mask__s0_original.nii.gz,/Users/angadkumar16ak/Projects/Automated_Cardiovascular_Segmentation_for_Bioprinting_Project/outputs/topology_correction/case_outputs/790/mask__s0_original.nii.gz,ok,3.0,5.0,True,0.0,5.0,8104.890321080877,6455.268769527946,103.80000412464142,77.40000307559967,117.00000464916229,0.4242640855706679,0.6000000238418579,0.5895675186009341,/Users/angadkumar16ak/Projects/Automated_Cardiovascular_Segmentation_for_Bioprinting_Project/outputs/topology_correction/mesh_qc/s0_original/case_outputs/790__s0_original/segmentation_raw.stl,/Users/angadkumar16ak/Projects/Automated_Cardiovascular_Segmentation_for_Bioprinting_Project/outputs/topology_correction/mesh_qc/s0_original/case_outputs/790__s0_original/segmentation_repaired.stl,/Users/angadkumar16ak/Projects/Automated_Cardiovascular_Segmentation_for_Bioprinting_Project/outputs/topology_correction/mesh_qc/s0_original/case_outputs/790__s0_original/segmentation_smoothed.stl,True,0.5562935402236299,3.141592653589793,0.4900471479125126,3.137350670027598,-0.0034452167949825386,0.05424907343632129,True,"phaseb_mesh_qc.run_phaseb_for_case (repository implementation, unmodified)",50.0,50.0,50.0,1.0,True,-26.36795491007713,142.84551622575202,148.34093775859154,-26.06392470745961,142.7267948636263,145.17592170958446,3.181800703438387,True,/Users/angadkumar16ak/Projects/Automated_Cardiovascular_Segmentation_for_Bioprinting_Project/outputs/topology_correction/mesh_qc/s0_original/case_outputs/790__s0_original/segmentation_repaired.stl,ok,exact_point_to_surface,78894.0,81210.0,3.0458220361257142,1.5400909907082343,12.563164434034416,38.647639871466886,0.3352675204741191,2.710554515651595,5795.604344299762,6455.269031936966,659.6646876372042,0.11382155310274315,8.866999192912678,5.7220458984375e-06,0.0,-1.8000030517578125,1.8000030517669074,,,,,,,,,,,,,,,,,,,,,,,
791,s0_original,s0_original,identity,True,0.6000000238418579,0.6000000238418579,0.6000000238418579,True,0.5,,8,9244.585102040335,9116.065086719556,0.9860978060235052,0.0042886930148801055,7,1,19.440002317428682,3.934463270922718,1.9899749532877369,0,8,8,0,0.0,0.0,8,42799,9244.585102040335,0.7899543378995434,0.699292039533634,0.9076269901440486,0.6528301886792452,29929,12870,3046,7122.60084908012,2121.9842529602156,0.29792266868840034,0.8781631629596497,0.8157894736842105,0.9508644222020018,3.2863354756182304,25.24282176461473,0.6901104677809694,0.9672044080902495,0.36096276721080944,1292,775.2000308036804,32,36,8,1.0647413445461094,5.383281786912138,True,True,0.7899543378995434,0.0,True,/Users/angadkumar16ak/Projects/Automated_Cardiovascular_Segmentation_for_Bioprinting_Project/outputs/topology_correction/case_outputs/791/mask__s0_original.nii.gz,/Users/angadkumar16ak/Projects/Automated_Cardiovascular_Segmentation_for_Bioprinting_Project/outputs/topology_correction/case_outputs/791/mask__s0_original.nii.gz,ok,3.0,8.0,True,0.0,8.0,11043.307895968068,9073.00908158688,115.80000460147858,90.60000360012054,88.80000352859497,0.4242640855706679,0.6000000238418579,0.5916906197509656,/Users/angadkumar16ak/Projects/Automated_Cardiovascular_Segmentation_for_Bioprinting_Project/outputs/topology_correction/mesh_qc/s0_original/case_outputs/791__s0_original/segmentation_raw.stl,/Users/angadkumar16ak/Projects/Automated_Cardiovascular_Segmentation_for_Bioprinting_Project/outputs/topology_correction/mesh_qc/s0_original/case_outputs/791__s0_original/segmentation_repaired.stl,/Users/angadkumar16ak/Projects/Automated_Cardiovascular_Segmentation_for_Bioprinting_Project/outputs/topology_correction/mesh_qc/s0_original/case_outputs/791__s0_original/segmentation_smoothed.stl,True,0.5937420872704973,3.141592653589793,0.5425024424402594,3.1370045458557425,-0.0030367576219829423,0.06708100656557396,True,"phaseb_mesh_qc.run_phaseb_for_case (repository implementation, unmodified)",50.0,50.0,50.0,1.0,True,-24.827917120150815,172.57607156513322,120.58329622478513,-28.055659681522272,172.70538837763934,119.38173858259609,3.4465614237945057,True,/Users/angadkumar16ak/Projects/Automated_Cardiovascular_Segmentation_for_Bioprinting_Project/outputs/topology_correction/mesh_qc/s0_original/case_outputs/791__s0_original/segmentation_repaired.stl,ok,exact_point_to_surface,85690.0,92156.0,1.2574540274608343,0.6405492549340357,3.190748061185084,25.239253343865784,0.3035587011571507,0.9538953263036837,6976.674885511318,9073.008856968952,2096.333971457634,0.3004775205751894,4.014703990813469,0.5999984741210938,0.600006103515625,-0.5999984741210938,1.039232246493191,,,,,,,,,,,,,,,,,,,,,,,
792,s0_original,s0_original,identity,True,0.6000000238418579,0.6000000238418579,0.6000000238418579,True,0.5,,11,5609.73666873267,3771.144449555415,0.6722498171036926,0.322355232258434,11,0,88.5600105571751,2.86651552377928,1.0392305258366357,1,11,11,0,0.0,0.0,11,25971,5609.736668732669,0.8148014657295609,0.7834122675291672,0.848811013767209,0.6874809934110492,20346,5625,3624,5177.520617208505,432.21605152416396,0.08347934918648303,0.8918553754075662,0.845679012345679,0.9433656957928802,3.4204252047246033,18.20878981014449,0.7050912276646913,0.9885310914828734,0.4125653322463953,648,388.8000154495239,21,5,10,1.171861172617291,6.919390018856154,True,True,0.8148014657295609,0.0,True,/Users/angadkumar16ak/Projects/Automated_Cardiovascular_Segmentation_for_Bioprinting_Project/outputs/topology_correction/case_outputs/792/mask__s0_original.nii.gz,/Users/angadkumar16ak/Projects/Automated_Cardiovascular_Segmentation_for_Bioprinting_Project/outputs/topology_correction/case_outputs/792/mask__s0_original.nii.gz,ok,3.0,11.0,True,0.0,11.0,6349.252089067063,5509.296656759286,115.20000457763672,94.80000376701355,85.80000340938568,0.4242640855706679,0.6000000238418579,0.5895098959259192,/Users/angadkumar16ak/Projects/Automated_Cardiovascular_Segmentation_for_Bioprinting_Project/outputs/topology_correction/mesh_qc/s0_original/case_outputs/792__s0_original/segmentation_raw.stl,/Users/angadkumar16ak/Projects/Automated_Cardiovascular_Segmentation_for_Bioprinting_Project/outputs/topology_correction/mesh_qc/s0_original/case_outputs/792__s0_original/segmentation_repaired.stl,/Users/angadkumar16ak/Projects/Automated_Cardiovascular_Segmentation_for_Bioprinting_Project/outputs/topology_correction/mesh_qc/s0_original/case_outputs/792__s0_original/segmentation_smoothed.stl,True,0.5777730071663316,3.141592653589793,0.5181587303503798,3.1332677787289156,-0.0030570061123808847,0.10242193215509607,True,"phaseb_mesh_qc.run_phaseb_for_case (repository implementation, unmodified)",50.0,50.0,50.0,1.0,True,-51.877123153740754,168.55727677110997,31.897964511349684,-51.654099243493604,171.26301172249447,29.339757700206533,3.7303033898417457,True,/Users/angadkumar16ak/Projects/Automated_Cardiovascular_Segmentation_for_Bioprinting_Project/outputs/topology_correction/mesh_qc/s0_original/case_outputs/792__s0_original/segmentation_repaired.stl,ok,exact_point_to_surface,73310.0,74463.0,1.3238191491780473,0.6642637171621484,3.6087417230878813,18.20878935055918,0.3601934336884507,0.9636257154895966,5088.789939993906,5509.296488381145,420.5065483872386,0.08263389791006821,2.8307051120995315,0.5999984741210938,-0.5999908447265625,-0.6000003814697266,1.0392245380412994,,,,,,,,,,,,,,,,,,,,,,,
793,s0_original,s0_original,identity,True,0.6000000238418579,0.6000000238418579,0.6000000238418579,True,0.5,,9,4570.9925449047305,1981.5842362232302,0.43351290048199603,0.933398735557009,9,0,108.64801295185141,3.704540915710085,1.2000000476837158,0,9,9,0,0.0,0.0,9,21162,4570.9925449047305,0.7211357146705457,0.6325016539079482,0.8386591478696742,0.563887601634579,13385,7777,2575,3447.360410957353,1123.6321339473775,0.32593984962406003,0.8064965844137739,0.6974921630094044,0.9558823529411765,16.94402533648623,47.789540503161355,2.558699406182538,4.259154940080615,0.4289847830122494,638,382.80001521110535,22,8,8,3.733698261023212,26.99952756512728,True,True,0.7211357146705457,0.0,True,/Users/angadkumar16ak/Projects/Automated_Cardiovascular_Segmentation_for_Bioprinting_Project/outputs/topology_correction/case_outputs/793/mask__s0_original.nii.gz,/Users/angadkumar16ak/Projects/Automated_Cardiovascular_Segmentation_for_Bioprinting_Project/outputs/topology_correction/case_outputs/793/mask__s0_original.nii.gz,ok,3.0,9.0,True,0.0,9.0,5559.879799048849,4478.499533878704,98.4000039100647,79.8000031709671,82.80000329017639,0.4242640855706679,0.6000000238418579,0.5911250770087282,/Users/angadkumar16ak/Projects/Automated_Cardiovascular_Segmentation_for_Bioprinting_Project/outputs/topology_correction/mesh_qc/s0_original/case_outputs/793__s0_original/segmentation_raw.stl,/Users/angadkumar16ak/Projects/Automated_Cardiovascular_Segmentation_for_Bioprinting_Project/outputs/topology_correction/mesh_qc/s0_original/case_outputs/793__s0_original/segmentation_repaired.stl,/Users/angadkumar16ak/Projects/Automated_Cardiovascular_Segmentation_for_Bioprinting_Project/outputs/topology_correction/mesh_qc/s0_original/case_outputs/793__s0_original/segmentation_smoothed.stl,True,0.5932008653193502,3.141592653589793,0.5417865243437237,3.1383883011634626,-0.0036423045948593418,0.0704564785937057,True,"phaseb_mesh_qc.run_phaseb_for_case (repository implementation, unmodified)",50.0,50.0,50.0,1.0,True,-31.327721492440432,163.04902940157086,116.05975668161174,-35.83642891646659,162.23822585243576,116.12833168961659,4.581544233386983,True,/Users/angadkumar16ak/Projects/Automated_Cardiovascular_Segmentation_for_Bioprinting_Project/outputs/topology_correction/mesh_qc/s0_original/case_outputs/793__s0_original/segmentation_repaired.stl,ok,exact_point_to_surface,66477.0,71278.0,4.750140490253468,2.4445988438402457,15.815437006114543,47.62163108143933,0.38008750907593614,4.370052981177532,3382.111076717776,4478.5001629971075,1096.3890862793314,0.32417299769566993,7.8585123907466325,6.600005149841309,0.5999908447265625,8.399993896484375,10.699530571602768,,,,,,,,,,,,,,,,,,,,,,,
794,s0_original,s0_original,identity,True,0.6000000238418579,0.6000000238418579,0.6000000238418579,True,0.5,,5,11092.465322324806,5799.816691391972,0.5228609261206527,0.8927786674611746,3,2,114.0480135955816,18.077955233480495,2.9393878081405864,0,5,5,0,0.0,0.0,5,51354,11092.465322324806,0.8370759115828083,0.8354948007944853,0.8386630179827991,0.7198027110454972,42906,8448,8254,11050.561317329459,41.90400499534735,0.0037920250195466187,0.9107546417335047,0.8834870075440067,0.9397590361445783,2.5455845134240076,38.48896098534094,0.8704252021983702,1.178760423635381,0.5747078257863523,1193,715.8000284433365,21,31,5,1.3851353187055875,6.470536383859535,True,True,0.8370759115828083,0.0,True,/Users/angadkumar16ak/Projects/Automated_Cardiovascular_Segmentation_for_Bioprinting_Project/outputs/topology_correction/case_outputs/794/mask__s0_original.nii.gz,/Users/angadkumar16ak/Projects/Automated_Cardiovascular_Segmentation_for_Bioprinting_Project/outputs/topology_correction/case_outputs/794/mask__s0_original.nii.gz,ok,3.0,5.0,True,0.0,5.0,11526.170024886933,10933.939303427032,136.20000541210175,103.80000412464142,98.4000039100647,0.4242640855706679,0.6000000238418579,0.5921594766530964,/Users/angadkumar16ak/Projects/Automated_Cardiovascular_Segmentation_for_Bioprinting_Project/outputs/topology_correction/mesh_qc/s0_original/case_outputs/794__s0_original/segmentation_raw.stl,/Users/angadkumar16ak/Projects/Automated_Cardiovascular_Segmentation_for_Bioprinting_Project/outputs/topology_correction/mesh_qc/s0_original/case_outputs/794__s0_original/segmentation_repaired.stl,/Users/angadkumar16ak/Projects/Automated_Cardiovascular_Segmentation_for_Bioprinting_Project/outputs/topology_correction/mesh_qc/s0_original/case_outputs/794__s0_original/segmentation_smoothed.stl,True,0.5871524883075369,3.141592653589793,0.5326005909927193,3.140144715649869,-0.0020432761936316113,0.12688398177357169,True,"phaseb_mesh_qc.run_phaseb_for_case (repository implementation, unmodified)",50.0,42.0,42.0,1.0,True,-44.85600658061651,179.38007280731813,-23.91096546977286,-48.369009639881185,178.5833850022056,-25.147368900418098,3.80848991025699,True,/Users/angadkumar16ak/Projects/Automated_Cardiovascular_Segmentation_for_Bioprinting_Project/outputs/topology_correction/mesh_qc/s0_original/case_outputs/794__s0_original/segmentation_repaired.stl,ok,exact_point_to_surface,92585.0,93924.0,1.6792784008092787,0.841861573047072,2.6495267049528985,38.48896008032943,0.5300854295551726,1.1491929712541062,10901.449922253949,10933.939846191775,32.48992393782646,0.0029803305220438923,1.4300768921027316,23.999996662139893,0.0,2.4000015258789062,24.11969832122589,,,,,,,,,,,,,,,,,,,,,,,
795,s0_original,s0_original,identity,True,0.6000000238418579,0.6000000238418579,0.6000000238418579,True,0.5,,6,5562.864663145092,3068.4963657932426,0.5516036343868913,0.7724201041813319,4,2,59.40000708103208,3.0000001192092896,0.8485281711413358,1,6,6,0,0.0,0.0,6,25754,5562.864663145092,0.7659547473038697,0.7032305661256504,0.8409639673105498,0.6206861098735392,18111,7643,3425,4651.776554534934,911.0881086101581,0.1958580980683508,0.7979177009339724,0.7401273885350318,0.8654970760233918,17.414476692202683,36.52615646395761,2.2341804439139703,3.6223047258612713,0.6794861871982203,785,471.00001871585846,19,17,5,3.25945133769172,24.636324750343647,True,True,0.7659547473038697,0.0,True,/Users/angadkumar16ak/Projects/Automated_Cardiovascular_Segmentation_for_Bioprinting_Project/outputs/topology_correction/case_outputs/795/mask__s0_original.nii.gz,/Users/angadkumar16ak/Projects/Automated_Cardiovascular_Segmentation_for_Bioprinting_Project/outputs/topology_correction/case_outputs/795/mask__s0_original.nii.gz,ok,3.0,6.0,True,0.0,5.0,6717.4199020005435,5456.637650481846,115.20000457763672,87.60000348091125,90.00000357627869,0.4242640855706679,0.6000000238418579,0.5907897940368828,/Users/angadkumar16ak/Projects/Automated_Cardiovascular_Segmentation_for_Bioprinting_Project/outputs/topology_correction/mesh_qc/s0_original/case_outputs/795__s0_original/segmentation_raw.stl,/Users/angadkumar16ak/Projects/Automated_Cardiovascular_Segmentation_for_Bioprinting_Project/outputs/topology_correction/mesh_qc/s0_original/case_outputs/795__s0_original/segmentation_repaired.stl,/Users/angadkumar16ak/Projects/Automated_Cardiovascular_Segmentation_for_Bioprinting_Project/outputs/topology_correction/mesh_qc/s0_original/case_outputs/795__s0_original/segmentation_smoothed.stl,True,0.5857864082850573,3.141592653589793,0.5317405095267762,3.1402327180332454,-0.0034795376530328747,0.06779529393492273,True,"phaseb_mesh_qc.run_phaseb_for_case (repository implementation, unmodified)",50.0,50.0,50.0,1.0,True,-29.535156004013373,174.3081227633499,67.46499089220531,-31.966338429383796,174.94150881825246,65.87311556678772,2.97420458806189,True,/Users/angadkumar16ak/Projects/Automated_Cardiovascular_Segmentation_for_Bioprinting_Project/outputs/topology_correction/mesh_qc/s0_original/case_outputs/795__s0_original/segmentation_repaired.stl,ok,exact_point_to_surface,72939.0,75730.0,4.3756530516132335,2.2167396196284663,17.44840938916867,36.52615492481142,0.6477044385975091,3.727948613015724,4558.149514555579,5456.637755680269,898.4882411246899,0.19711688663470547,3.197968885740521,-1.8000030517578125,0.0,-2.399996757507324,2.9999992370637543,,,,,,,,,,,,,,,,,,,,,,,
796,s0_original,s0_original,identity,True,0.6000000238418579,0.6000000238418579,0.6000000238418579,True,0.5,,12,6844.608815940889,3686.040439410227,0.5385319363797021,0.5456196894227953,11,1,29.16000347614302,6.788225369130687,0.8485281711413358,1,12,12,0,0.0,0.0,12,31688,6844.608815940889,0.779475848523906,0.8015652612976522,0.7585712579142276,0.6386402494217037,25400,6288,8084,7232.544862186466,-387.936046245577,-0.053637558236769835,0.8385275400172691,0.8791866028708134,0.8014629049111808,5.564171318397717,74.47013119862616,1.1945530813298477,1.2749719340407903,1.12534040550857,836,501.6000199317932,31,17,11,1.6974851860422804,8.49375641295656,True,True,0.779475848523906,0.0,True,/Users/angadkumar16ak/Projects/Automated_Cardiovascular_Segmentation_for_Bioprinting_Project/outputs/topology_correction/case_outputs/796/mask__s0_original.nii.gz,/Users/angadkumar16ak/Projects/Automated_Cardiovascular_Segmentation_for_Bioprinting_Project/outputs/topology_correction/case_outputs/796/mask__s0_original.nii.gz,ok,3.0,12.0,True,0.0,11.0,7833.641576342937,6720.597801157625,127.80000507831573,111.60000443458557,94.80000376701355,0.4242640855706679,0.6000000238418579,0.5891282868740362,/Users/angadkumar16ak/Projects/Automated_Cardiovascular_Segmentation_for_Bioprinting_Project/outputs/topology_correction/mesh_qc/s0_original/case_outputs/796__s0_original/segmentation_raw.stl,/Users/angadkumar16ak/Projects/Automated_Cardiovascular_Segmentation_for_Bioprinting_Project/outputs/topology_correction/mesh_qc/s0_original/case_outputs/796__s0_original/segmentation_repaired.stl,/Users/angadkumar16ak/Projects/Automated_Cardiovascular_Segmentation_for_Bioprinting_Project/outputs/topology_correction/mesh_qc/s0_original/case_outputs/796__s0_original/segmentation_smoothed.stl,True,0.578319268386789,3.141592653589793,0.5225748424466651,3.13988895555556,-0.0031883326291324747,0.09460994698308509,True,"phaseb_mesh_qc.run_phaseb_for_case (repository implementation, unmodified)",50.0,48.0,48.0,1.0,True,-36.95983150306073,181.93274711799256,97.78383333909936,-40.7493749566777,181.11165263199226,96.80353542169559,3.9994774344478463,True,/Users/angadkumar16ak/Projects/Automated_Cardiovascular_Segmentation_for_Bioprinting_Project/outputs/topology_correction/mesh_qc/s0_original/case_outputs/796__s0_original/segmentation_repaired.stl,ok,exact_point_to_surface,83910.0,80230.0,2.427241271423196,1.209951693767382,5.583961932997389,74.47013294186095,1.049973861058447,1.3772674103647489,7099.317988933483,6720.59764229709,-378.7203466363935,-0.05334601819875488,4.055824099207855,13.80000114440918,19.20001220703125,0.0,23.644883174501913,,,,,,,,,,,,,,,,,,,,,,,
797,s0_original,s0_original,identity,True,0.6000000238418579,0.6000000238418579,0.6000000238418579,True,0.5,,12,6267.6727471647555,3906.3604656744187,0.623255333080608,0.4805087088747581,7,5,37.58400448036211,2.6832816796237777,0.8485281711413358,3,12,12,0,0.0,0.0,12,29017,6267.672747164756,0.7465583872059268,0.7223351828238619,0.7724625930566816,0.5956068312920917,20960,8057,6174,5860.944698678998,406.72804848575834,0.06939632932851782,0.8663390330846512,0.8326653306613226,0.9028511087645196,5.6603889041576,28.718636206234393,1.0514282172662532,1.521029115303379,0.5670541505383186,998,598.8000237941742,32,28,9,1.5078646773000848,7.896243750988156,True,True,0.7465583872059268,0.0,True,/Users/angadkumar16ak/Projects/Automated_Cardiovascular_Segmentation_for_Bioprinting_Project/outputs/topology_correction/case_outputs/797/mask__s0_original.nii.gz,/Users/angadkumar16ak/Projects/Automated_Cardiovascular_Segmentation_for_Bioprinting_Project/outputs/topology_correction/case_outputs/797/mask__s0_original.nii.gz,ok,3.0,12.0,True,0.0,10.0,8188.330969221008,6125.985730274348,99.00000393390656,83.40000331401825,87.0000034570694,0.4242640855706679,0.6000000238418579,0.5894327274421853,/Users/angadkumar16ak/Projects/Automated_Cardiovascular_Segmentation_for_Bioprinting_Project/outputs/topology_correction/mesh_qc/s0_original/case_outputs/797__s0_original/segmentation_raw.stl,/Users/angadkumar16ak/Projects/Automated_Cardiovascular_Segmentation_for_Bioprinting_Project/outputs/topology_correction/mesh_qc/s0_original/case_outputs/797__s0_original/segmentation_repaired.stl,/Users/angadkumar16ak/Projects/Automated_Cardiovascular_Segmentation_for_Bioprinting_Project/outputs/topology_correction/mesh_qc/s0_original/case_outputs/797__s0_original/segmentation_smoothed.stl,True,0.5766558477831628,3.141592653589793,0.5232008517087953,3.141592653589793,-0.004215437993692153,0.0361167591411931,True,"phaseb_mesh_qc.run_phaseb_for_case (repository implementation, unmodified)",50.0,50.0,50.0,1.0,True,-27.08565679272141,157.87666598822136,196.12943276139845,-28.25827834238905,158.05084713571063,194.53960602984512,1.983161467769875,True,/Users/angadkumar16ak/Projects/Automated_Cardiovascular_Segmentation_for_Bioprinting_Project/outputs/topology_correction/mesh_qc/s0_original/case_outputs/797__s0_original/segmentation_repaired.stl,ok,exact_point_to_surface,80216.0,81549.0,2.082388092011623,1.0455813603170736,5.69174026721516,28.71864172781375,0.5087755167025219,1.5736125753091013,5736.015628218917,6125.985632822319,389.9700046034013,0.06798621724196564,3.2905477011213535,-0.5999984741210938,1.8000030517578125,-2.399993896484375,3.0594084164176794,,,,,,,,,,,,,,,,,,,,,,,
798,s0_original,s0_original,identity,True,0.6000000238418579,0.6000000238418579,0.6000000238418579,True,0.5,,44,9676.153153487254,4504.680536999724,0.46554456771658803,0.6725485495085112,25,19,7.668000914096869,4.724404912138064,0.8485281711413358,6,44,44,0,0.0,0.0,44,44797,9676.153153487252,0.6638508442291169,0.7157398932964261,0.618976833976834,0.49683887563145007,32063,12734,19737,11188.801333808951,-1512.6481803216993,-0.13519305019305008,0.7642616780277204,0.7221764220939819,0.8115555555555556,19.617340048649204,100.70889139512961,3.9955193768452855,6.615401677250283,1.604510715065524,1213,727.8000289201736,65,33,35,4.846029369272463,33.268292267942606,True,True,0.6638508442291169,0.0,True,/Users/angadkumar16ak/Projects/Automated_Cardiovascular_Segmentation_for_Bioprinting_Project/outputs/topology_correction/case_outputs/798/mask__s0_original.nii.gz,/Users/angadkumar16ak/Projects/Automated_Cardiovascular_Segmentation_for_Bioprinting_Project/outputs/topology_correction/case_outputs/798/mask__s0_original.nii.gz,ok,3.0,44.0,False,26.0,39.0,11234.254350559511,not_watertight,169.20000672340393,148.80000591278076,116.70000463724136,0.4242640855706679,0.6000000238418579,0.5921304817250437,/Users/angadkumar16ak/Projects/Automated_Cardiovascular_Segmentation_for_Bioprinting_Project/outputs/topology_correction/mesh_qc/s0_original/case_outputs/798__s0_original/segmentation_raw.stl,/Users/angadkumar16ak/Projects/Automated_Cardiovascular_Segmentation_for_Bioprinting_Project/outputs/topology_correction/mesh_qc/s0_original/case_outputs/798__s0_original/segmentation_repaired.stl,/Users/angadkumar16ak/Projects/Automated_Cardiovascular_Segmentation_for_Bioprinting_Project/outputs/topology_correction/mesh_qc/s0_original/case_outputs/798__s0_original/segmentation_smoothed.stl,True,0.5990264090582882,3.141592653589793,0.5482721987511725,3.141592653589793,not_watertight,0.0904078398107016,False,"phaseb_mesh_qc.run_phaseb_for_case (repository implementation, unmodified)",50.0,38.0,37.0,0.9736842105263158,False,-32.76742107697565,176.92246301614523,158.72297474752912,-33.42859680422601,175.19312295335652,158.1784178290968,1.9298478262504573,False,/Users/angadkumar16ak/Projects/Automated_Cardiovascular_Segmentation_for_Bioprinting_Project/outputs/topology_correction/mesh_qc/s0_original/case_outputs/798__s0_original/segmentation_repaired.stl,ok,exact_point_to_surface,92945.0,92839.0,8.509115090027466,4.253009079185896,22.219049450649347,100.70889585709395,1.54059362653218,6.968521463495287,11042.668432062135,,,,7.3971010504969446,62.40000534057617,33.0,36.90000915527344,79.65156208237977,,,,,,,,,,,,,,,,,,,,,,,
799,s0_original,s0_original,identity,True,0.6000000238418579,0.6000000238418579,0.6000000238418579,True,0.5,,10,8200.440977568667,4101.408488925953,0.5001448702752533,0.9752475247524753,5,5,10.368001235961964,6.029925612280241,0.8485281711413358,2,10,10,0,0.0,0.0,10,37965,8200.440977568665,0.8254184483041334,0.8618464375082313,0.7919450091974054,0.7027340478082515,32720,5245,8596,8924.25706385426,-723.8160862855948,-0.08110659308742378,0.9169033051573835,0.9188458070333634,0.9149689991142604,2.2449945212724285,47.61218520671592,0.7617310407424326,0.8116937196074454,0.7180807280525487,1109,665.4000264406204,19,25,6,1.2607360562971586,4.200000166893005,True,True,0.8254184483041334,0.0,True,/Users/angadkumar16ak/Projects/Automated_Cardiovascular_Segmentation_for_Bioprinting_Project/outputs/topology_correction/case_outputs/799/mask__s0_original.nii.gz,/Users/angadkumar16ak/Projects/Automated_Cardiovascular_Segmentation_for_Bioprinting_Project/outputs/topology_correction/case_outputs/799/mask__s0_original.nii.gz,ok,3.0,10.0,True,0.0,8.0,9605.605349475158,8051.121959768454,126.00000500679016,111.00000441074371,97.20000386238098,0.4242640855706679,0.6000000238418579,0.591349569816779,/Users/angadkumar16ak/Projects/Automated_Cardiovascular_Segmentation_for_Bioprinting_Project/outputs/topology_correction/mesh_qc/s0_original/case_outputs/799__s0_original/segmentation_raw.stl,/Users/angadkumar16ak/Projects/Automated_Cardiovascular_Segmentation_for_Bioprinting_Project/outputs/topology_correction/mesh_qc/s0_original/case_outputs/799__s0_original/segmentation_repaired.stl,/Users/angadkumar16ak/Projects/Automated_Cardiovascular_Segmentation_for_Bioprinting_Project/outputs/topology_correction/mesh_qc/s0_original/case_outputs/799__s0_original/segmentation_smoothed.stl,True,0.5809262339250194,3.141592653589793,0.5189343908809028,3.140643384542307,-0.002910400683643722,0.07438430133017253,True,"phaseb_mesh_qc.run_phaseb_for_case (repository implementation, unmodified)",50.0,46.0,45.0,0.9782608695652174,False,-34.21867153760114,181.98418967541414,150.7756973538461,-36.4252298363608,181.61938284524518,148.5610453613655,3.1474858215663803,True,/Users/angadkumar16ak/Projects/Automated_Cardiovascular_Segmentation_for_Bioprinting_Project/outputs/topology_correction/mesh_qc/s0_original/case_outputs/799__s0_original/segmentation_repaired.stl,ok,exact_point_to_surface,89433.0,86721.0,1.5642887739117537,0.7803032294058901,2.319260701806382,47.610296437255165,0.6625546867123817,0.9017340871993719,8767.935499987905,8051.121964120945,-716.8135358669597,-0.08175397000444956,2.456695713738934,22.800003051757812,15.600006103515625,-3.0000076293945312,27.78849357857161,,,,,,,,,,,,,,,,,,,,,,,
800,s0_original,s0_original,identity,True,0.6000000238418579,0.6000000238418579,0.6000000238418579,True,0.5,,6,9800.353168293044,4991.112594986939,0.5092788503923125,0.9099839875362444,5,1,125.928015011788,26.74546796839657,1.8000000715255737,0,6,6,0,0.0,0.0,6,45372,9800.353168293046,0.8222062958266718,0.8217623203737988,0.8226507512741875,0.6980902452724209,37285,8087,8038,9789.769167031334,10.584001261711819,0.0010811287867088014,0.9165033676210201,0.9252418645558487,0.907928388746803,3.6496576632032918,77.51619493714426,1.4751244325583663,2.2436476336532496,0.7640702312410519,1137,682.2000271081924,22,22,6,1.3311162019843554,4.837354841198334,True,True,0.8222062958266718,0.0,True,/Users/angadkumar16ak/Projects/Automated_Cardiovascular_Segmentation_for_Bioprinting_Project/outputs/topology_correction/case_outputs/800/mask__s0_original.nii.gz,/Users/angadkumar16ak/Projects/Automated_Cardiovascular_Segmentation_for_Bioprinting_Project/outputs/topology_correction/case_outputs/800/mask__s0_original.nii.gz,ok,3.0,6.0,True,0.0,6.0,10822.987053657915,9645.328149812623,148.2000058889389,133.8000053167343,96.60000383853912,0.4242640855706679,0.6000000238418579,0.5922104321840589,/Users/angadkumar16ak/Projects/Automated_Cardiovascular_Segmentation_for_Bioprinting_Project/outputs/topology_correction/mesh_qc/s0_original/case_outputs/800__s0_original/segmentation_raw.stl,/Users/angadkumar16ak/Projects/Automated_Cardiovascular_Segmentation_for_Bioprinting_Project/outputs/topology_correction/mesh_qc/s0_original/case_outputs/800__s0_original/segmentation_repaired.stl,/Users/angadkumar16ak/Projects/Automated_Cardiovascular_Segmentation_for_Bioprinting_Project/outputs/topology_correction/mesh_qc/s0_original/case_outputs/800__s0_original/segmentation_smoothed.stl,True,0.5826519698305418,3.141592653589793,0.5249202611169514,3.140979063656132,-0.0023010009724347674,0.09699814863792647,True,"phaseb_mesh_qc.run_phaseb_for_case (repository implementation, unmodified)",50.0,46.0,46.0,1.0,True,-22.887042812571522,188.72317977248966,73.1363470898827,-26.682878711016322,188.62401622353087,71.11912240114069,4.299697550088224,True,/Users/angadkumar16ak/Projects/Automated_Cardiovascular_Segmentation_for_Bioprinting_Project/outputs/topology_correction/mesh_qc/s0_original/case_outputs/800__s0_original/segmentation_repaired.stl,ok,exact_point_to_surface,91800.0,91238.0,3.029896546832782,1.5125600274141577,3.9572743251382576,77.51619100359834,0.7371194980483627,2.2927770487844192,9627.211645613606,9645.328717629565,18.11707201595891,0.0018818607799293051,3.900269951865531,24.599998474121094,31.800003051757812,-3.0,40.31625130165956,,,,,,,,,,,,,,,,,,,,,,,
801,s0_original,s0_original,identity,True,0.6000000238418579,0.6000000238418579,0.6000000238418579,True,0.5,,13,8471.089009832425,4836.456576550507,0.5709368147279309,0.6296726363270957,6,7,1.9440002317428682,2.581665485225362,0.8485281711413358,2,13,13,0,0.0,0.0,13,39218,8471.089009832422,0.7830462863293864,0.7419552246417461,0.8289556150646686,0.6434478793507585,29098,10120,6004,7582.032903848684,889.0561059837373,0.117258275881716,0.8795315502679102,0.8193445243804957,0.9492619926199262,5.161395365320993,24.497347768549425,0.8732354204519741,1.3259870673944287,0.40191218807684054,1251,750.6000298261642,28,30,10,1.2816633980391607,7.345942691578491,True,True,0.7830462863293864,0.0,True,/Users/angadkumar16ak/Projects/Automated_Cardiovascular_Segmentation_for_Bioprinting_Project/outputs/topology_correction/case_outputs/801/mask__s0_original.nii.gz,/Users/angadkumar16ak/Projects/Automated_Cardiovascular_Segmentation_for_Bioprinting_Project/outputs/topology_correction/case_outputs/801/mask__s0_original.nii.gz,ok,3.0,13.0,True,0.0,10.0,10384.268909184359,8303.994989913264,121.80000483989716,96.00000381469727,78.60000312328339,0.4242640855706679,0.6000000238418579,0.5922436090642923,/Users/angadkumar16ak/Projects/Automated_Cardiovascular_Segmentation_for_Bioprinting_Project/outputs/topology_correction/mesh_qc/s0_original/case_outputs/801__s0_original/segmentation_raw.stl,/Users/angadkumar16ak/Projects/Automated_Cardiovascular_Segmentation_for_Bioprinting_Project/outputs/topology_correction/mesh_qc/s0_original/case_outputs/801__s0_original/segmentation_repaired.stl,/Users/angadkumar16ak/Projects/Automated_Cardiovascular_Segmentation_for_Bioprinting_Project/outputs/topology_correction/mesh_qc/s0_original/case_outputs/801__s0_original/segmentation_smoothed.stl,True,0.5945200960404189,3.141592653589793,0.5491994325722891,3.141467045811688,-0.0031014387277318164,0.056657657198225304,True,"phaseb_mesh_qc.run_phaseb_for_case (repository implementation, unmodified)",50.0,50.0,50.0,1.0,True,-37.72985043707284,175.82608324388718,487.53511847281686,-38.87662421057762,176.79775467235714,485.95628085045115,2.179899926671096,True,/Users/angadkumar16ak/Projects/Automated_Cardiovascular_Segmentation_for_Bioprinting_Project/outputs/topology_correction/mesh_qc/s0_original/case_outputs/801__s0_original/segmentation_repaired.stl,ok,exact_point_to_surface,85662.0,89560.0,1.6206032947251994,0.8203907342667235,4.949883921614304,24.497341675085348,0.3567793319407479,1.2638239627844514,7433.280504193327,8303.996231681374,870.7157274880474,0.11713747745653505,2.510262521686005,0.5999984741210938,-1.2000045776367188,0.60003662109375,1.4697119112092427,,,,,,,,,,,,,,,,,,,,,,,
802,s0_original,s0_original,identity,True,0.6000000238418579,0.6000000238418579,0.6000000238418579,True,0.5,,7,6079.320724711447,3423.3844080991908,0.5631195594244093,0.7681872673354786,5,2,7.776000926971473,3.193729604273048,0.8485281711413358,1,7,7,0,0.0,0.0,7,28145,6079.320724711447,0.8192829912298822,0.7750222064309824,0.8689053537284895,0.6938859905840438,21813,6332,3291,5422.464646408107,656.8560783033399,0.12113607393244098,0.9192796998427839,0.9121621621621622,0.926509186351706,2.2449945212724285,25.554648342306674,0.6311688973307304,0.5845214577742404,0.6773243051602247,740,444.00001764297485,16,18,6,1.028366212919787,5.6603889041576,True,True,0.8192829912298822,0.0,True,/Users/angadkumar16ak/Projects/Automated_Cardiovascular_Segmentation_for_Bioprinting_Project/outputs/topology_correction/case_outputs/802/mask__s0_original.nii.gz,/Users/angadkumar16ak/Projects/Automated_Cardiovascular_Segmentation_for_Bioprinting_Project/outputs/topology_correction/case_outputs/802/mask__s0_original.nii.gz,ok,3.0,7.0,True,0.0,6.0,6932.07855055207,5972.454711972026,122.40000486373901,106.80000424385071,87.60000348091125,0.4242640855706679,0.6000000238418579,0.5897664425952663,/Users/angadkumar16ak/Projects/Automated_Cardiovascular_Segmentation_for_Bioprinting_Project/outputs/topology_correction/mesh_qc/s0_original/case_outputs/802__s0_original/segmentation_raw.stl,/Users/angadkumar16ak/Projects/Automated_Cardiovascular_Segmentation_for_Bioprinting_Project/outputs/topology_correction/mesh_qc/s0_original/case_outputs/802__s0_original/segmentation_repaired.stl,/Users/angadkumar16ak/Projects/Automated_Cardiovascular_Segmentation_for_Bioprinting_Project/outputs/topology_correction/mesh_qc/s0_original/case_outputs/802__s0_original/segmentation_smoothed.stl,True,0.5764403950479082,3.141592653589793,0.5161434280244314,3.1408410468600856,-0.00270231577873989,0.07855747024338249,True,"phaseb_mesh_qc.run_phaseb_for_case (repository implementation, unmodified)",50.0,47.0,47.0,1.0,True,-29.017485506137703,181.99153950566358,-204.8201503969463,-30.210331769694147,182.60210886267407,-206.00584871731047,1.7892897068711875,True,/Users/angadkumar16ak/Projects/Automated_Cardiovascular_Segmentation_for_Bioprinting_Project/outputs/topology_correction/mesh_qc/s0_original/case_outputs/802__s0_original/segmentation_repaired.stl,ok,exact_point_to_surface,76456.0,76678.0,1.1960858443481648,0.5979689965484751,2.530983982799906,25.55464521310834,0.6490362859208227,0.5470495584273422,5314.383974103057,5972.454844858541,658.0708707554841,0.12382825064245588,2.503352004590125,11.400001525878906,5.999992370605469,-8.399993896484375,15.379201562445951,,,,,,,,,,,,,,,,,,,,,,,
803,s0_original,s0_original,identity,True,0.6000000238418579,0.6000000238418579,0.6000000238418579,True,0.5,,30,7072.920843157801,4118.68849098589,0.5823179111314706,0.6635200335640865,16,14,6.804000811100039,19.953947770877683,0.8485281711413358,1,30,30,0,0.0,0.0,30,32745,7072.920843157802,0.8092419686659281,0.7808214994655672,0.8398094925275086,0.6796023603210887,25568,7177,4877,6576.120783934624,496.8000592231774,0.07554606667761538,0.8526116217843313,0.7682119205298014,0.9578454332552693,7.660287505274688,88.99640795815117,2.141683593768536,3.8796715948490297,0.324177630234988,1057,634.2000252008438,48,27,28,3.8479515781834874,24.875598737631663,True,True,0.8092419686659281,0.0,True,/Users/angadkumar16ak/Projects/Automated_Cardiovascular_Segmentation_for_Bioprinting_Project/outputs/topology_correction/case_outputs/803/mask__s0_original.nii.gz,/Users/angadkumar16ak/Projects/Automated_Cardiovascular_Segmentation_for_Bioprinting_Project/outputs/topology_correction/case_outputs/803/mask__s0_original.nii.gz,ok,3.0,30.0,True,0.0,29.0,8837.503711342832,6913.971824209603,172.20000684261322,153.60000610351562,111.60000443458557,0.4242640855706679,0.6000000238418579,0.5906374678562724,/Users/angadkumar16ak/Projects/Automated_Cardiovascular_Segmentation_for_Bioprinting_Project/outputs/topology_correction/mesh_qc/s0_original/case_outputs/803__s0_original/segmentation_raw.stl,/Users/angadkumar16ak/Projects/Automated_Cardiovascular_Segmentation_for_Bioprinting_Project/outputs/topology_correction/mesh_qc/s0_original/case_outputs/803__s0_original/segmentation_repaired.stl,/Users/angadkumar16ak/Projects/Automated_Cardiovascular_Segmentation_for_Bioprinting_Project/outputs/topology_correction/mesh_qc/s0_original/case_outputs/803__s0_original/segmentation_smoothed.stl,True,0.5716267155156405,3.141592653589793,0.5123631305518948,3.1398869519060733,-0.004365694254681951,0.05539777065200794,True,"phaseb_mesh_qc.run_phaseb_for_case (repository implementation, unmodified)",50.0,39.0,39.0,1.0,True,-36.30970243856841,175.50598406041738,27.563993391671744,-38.632164451334106,172.95704060874104,26.325561661415524,3.6639672038773474,True,/Users/angadkumar16ak/Projects/Automated_Cardiovascular_Segmentation_for_Bioprinting_Project/outputs/topology_correction/mesh_qc/s0_original/case_outputs/803__s0_original/segmentation_repaired.stl,ok,exact_point_to_surface,79129.0,83903.0,4.878267873351488,2.5023459959218766,8.807552445282942,88.99640249868109,0.2804434375104104,4.597824435841078,6455.5661302613735,6913.972015989172,458.4058857277987,0.07100940126365629,4.189648552389176,53.99999809265137,70.19998931884766,5.399997711181641,88.7310445653236,,,,,,,,,,,,,,,,,,,,,,,
804,s0_original,s0_original,identity,True,0.6000000238418579,0.6000000238418579,0.6000000238418579,True,0.5,,9,5946.264708849935,3398.544405138032,0.571542736750336,0.6733824837930596,8,1,17.064002034187396,10.00545289838981,2.8142495677222836,0,9,9,0,0.0,0.0,9,27529,5946.264708849935,0.7420942144596524,0.8025718333393875,0.6900924537731135,0.5899441937464954,22094,5435,9922,6915.45682438663,-969.1921155366945,-0.14014867566216893,0.7873963590652651,0.8101644245142003,0.7658730158730159,8.60638854396189,31.366862740665646,1.5554193649742982,1.9617021690012268,1.2236740251587381,669,401.40001595020294,21,11,9,2.449788287434544,12.74193072172124,True,True,0.7420942144596524,0.0,True,/Users/angadkumar16ak/Projects/Automated_Cardiovascular_Segmentation_for_Bioprinting_Project/outputs/topology_correction/case_outputs/804/mask__s0_original.nii.gz,/Users/angadkumar16ak/Projects/Automated_Cardiovascular_Segmentation_for_Bioprinting_Project/outputs/topology_correction/case_outputs/804/mask__s0_original.nii.gz,ok,3.0,9.0,True,0.0,9.0,6556.402803403058,5849.37069729927,105.60000419616699,95.40000379085541,87.0000034570694,0.4242640855706679,0.6000000238418579,0.5898662080482175,/Users/angadkumar16ak/Projects/Automated_Cardiovascular_Segmentation_for_Bioprinting_Project/outputs/topology_correction/mesh_qc/s0_original/case_outputs/804__s0_original/segmentation_raw.stl,/Users/angadkumar16ak/Projects/Automated_Cardiovascular_Segmentation_for_Bioprinting_Project/outputs/topology_correction/mesh_qc/s0_original/case_outputs/804__s0_original/segmentation_repaired.stl,/Users/angadkumar16ak/Projects/Automated_Cardiovascular_Segmentation_for_Bioprinting_Project/outputs/topology_correction/mesh_qc/s0_original/case_outputs/804__s0_original/segmentation_smoothed.stl,True,0.5829093488997817,3.141592653589793,0.5264574751821335,3.138392747632334,-0.002597964729308045,0.09902284863235133,True,"phaseb_mesh_qc.run_phaseb_for_case (repository implementation, unmodified)",50.0,50.0,50.0,1.0,True,-39.85362692749493,168.30922715450166,-183.67682657093206,-41.90214941469474,168.65167866878406,-184.09864858127114,2.1193516057049395,True,/Users/angadkumar16ak/Projects/Automated_Cardiovascular_Segmentation_for_Bioprinting_Project/outputs/topology_correction/mesh_qc/s0_original/case_outputs/804__s0_original/segmentation_repaired.stl,ok,exact_point_to_surface,78493.0,75219.0,3.2324058934977007,1.6070425244859525,9.33148374696453,31.366850169421532,1.1861275567444165,2.046278336753284,6810.3271520733615,5849.370710953169,-960.9564411201927,-0.14110283098920373,1.7232831696576376,12.0,-3.0,6.5999908447265625,14.019981424754972,,,,,,,,,,,,,,,,,,,,,,,
805,s0_original,s0_original,identity,True,0.6000000238418579,0.6000000238418579,0.6000000238418579,True,0.5,,11,7019.568836797747,3352.968399704949,0.47766016370238173,0.8534432777169361,6,5,11.664001390457209,1.6348469877979335,0.8485281711413358,2,11,11,0,0.0,0.0,11,32498,7019.568836797747,0.6840567845647199,0.5656655794202721,0.8651230646148054,0.5198224182784753,18383,14115,2866,4589.784547144912,2429.7842896528355,0.5293896183349803,0.7449765963397882,0.6184668989547039,0.9365517241379311,28.033229889217065,47.129610400735544,3.507757252156652,5.591968028637539,0.4462403414476783,1148,688.8000273704529,24,66,8,4.783993385636312,33.45906960146782,True,True,0.6840567845647199,0.0,True,/Users/angadkumar16ak/Projects/Automated_Cardiovascular_Segmentation_for_Bioprinting_Project/outputs/topology_correction/case_outputs/805/mask__s0_original.nii.gz,/Users/angadkumar16ak/Projects/Automated_Cardiovascular_Segmentation_for_Bioprinting_Project/outputs/topology_correction/case_outputs/805/mask__s0_original.nii.gz,ok,3.0,11.0,True,0.0,9.0,9144.57849753107,6867.48681866816,105.00000417232513,91.2000036239624,93.00000369548798,0.4242640855706679,0.6000000238418579,0.5903338024336585,/Users/angadkumar16ak/Projects/Automated_Cardiovascular_Segmentation_for_Bioprinting_Project/outputs/topology_correction/mesh_qc/s0_original/case_outputs/805__s0_original/segmentation_raw.stl,/Users/angadkumar16ak/Projects/Automated_Cardiovascular_Segmentation_for_Bioprinting_Project/outputs/topology_correction/mesh_qc/s0_original/case_outputs/805__s0_original/segmentation_repaired.stl,/Users/angadkumar16ak/Projects/Automated_Cardiovascular_Segmentation_for_Bioprinting_Project/outputs/topology_correction/mesh_qc/s0_original/case_outputs/805__s0_original/segmentation_smoothed.stl,True,0.5939546141957456,3.141592653589793,0.5436665812000333,3.137635480176872,-0.003952419817999801,0.0384946765954828,True,"phaseb_mesh_qc.run_phaseb_for_case (repository implementation, unmodified)",50.0,50.0,42.0,0.84,False,-42.27829101874107,163.19680330903577,-196.80601332327632,-43.17366363289141,163.72186607690168,-199.0803788323003,2.5000242992833868,True,/Users/angadkumar16ak/Projects/Automated_Cardiovascular_Segmentation_for_Bioprinting_Project/outputs/topology_correction/mesh_qc/s0_original/case_outputs/805__s0_original/segmentation_repaired.stl,ok,exact_point_to_surface,73284.0,85086.0,6.050285197518104,3.221378714780985,26.637506508205778,47.11051265728359,0.3918674170615776,5.658417780456526,4491.874098813206,6867.487372597192,2375.613273783986,0.5288690692403077,8.718052791422972,1.800004482269287,1.20001220703125,12.600006103515625,12.78437324399771,,,,,,,,,,,,,,,,,,,,,,,
806,s0_original,s0_original,identity,True,0.6000000238418579,0.6000000238418579,0.6000000238418579,True,0.5,,15,7374.672879129445,5193.720619139696,0.7042645422060805,0.29661052193803283,10,5,34.12800406837479,5.438679856683169,0.8485281711413358,1,15,15,0,0.0,0.0,15,34142,7374.6728791294445,0.7877871456500489,0.7553453224767149,0.8231407596552824,0.6498752614469672,25789,8353,5541,6767.280806722673,607.3920724067711,0.08975422917331623,0.8465468610635332,0.8154327424400417,0.8801295896328294,4.874423236473746,56.6706295644566,1.1526005058496291,1.6800261657819453,0.6152589658659438,959,575.4000228643417,28,21,13,2.0660124028258657,9.314424497652777,True,True,0.7877871456500489,0.0,True,/Users/angadkumar16ak/Projects/Automated_Cardiovascular_Segmentation_for_Bioprinting_Project/outputs/topology_correction/case_outputs/806/mask__s0_original.nii.gz,/Users/angadkumar16ak/Projects/Automated_Cardiovascular_Segmentation_for_Bioprinting_Project/outputs/topology_correction/case_outputs/806/mask__s0_original.nii.gz,ok,3.0,15.0,True,0.0,14.0,8669.96377458623,7236.702862682138,111.60000443458557,96.00000381469727,90.60000360012054,0.4242640855706679,0.6000000238418579,0.5900998615993089,/Users/angadkumar16ak/Projects/Automated_Cardiovascular_Segmentation_for_Bioprinting_Project/outputs/topology_correction/mesh_qc/s0_original/case_outputs/806__s0_original/segmentation_raw.stl,/Users/angadkumar16ak/Projects/Automated_Cardiovascular_Segmentation_for_Bioprinting_Project/outputs/topology_correction/mesh_qc/s0_original/case_outputs/806__s0_original/segmentation_repaired.stl,/Users/angadkumar16ak/Projects/Automated_Cardiovascular_Segmentation_for_Bioprinting_Project/outputs/topology_correction/mesh_qc/s0_original/case_outputs/806__s0_original/segmentation_smoothed.stl,True,0.5798125374631907,3.141592653589793,0.5225070392993055,3.140519465924766,-0.0031545301410284866,0.08107316501669498,True,"phaseb_mesh_qc.run_phaseb_for_case (repository implementation, unmodified)",50.0,46.0,46.0,1.0,True,-30.29496278601019,176.65877246985877,108.20888132258101,-31.028913925564385,177.6038543774759,104.36350099833584,4.027258860000187,True,/Users/angadkumar16ak/Projects/Automated_Cardiovascular_Segmentation_for_Bioprinting_Project/outputs/topology_correction/mesh_qc/s0_original/case_outputs/806__s0_original/segmentation_repaired.stl,ok,exact_point_to_surface,82152.0,83320.0,2.283232034588615,1.1457158580471714,4.976414251959428,56.6706241865301,0.560786523237866,1.7224455113507489,6639.921722018839,7236.70249250378,596.7807704849411,0.08987768161572429,1.6711237184634813,0.0,0.0,0.0,0.0,,,,,,,,,,,,,,,,,,,,,,,
807,s0_original,s0_original,identity,True,0.6000000238418579,0.6000000238418579,0.6000000238418579,True,0.5,,6,8411.257002699893,4207.032501517316,0.5001669191854343,0.9931714329722238,4,2,9.936001184463548,20.27609510415856,9.099450894441539,0,6,6,0,0.0,0.0,6,38941,8411.257002699893,0.7654418903581343,0.7187283326057369,0.8186498186498187,0.6200128486298487,27988,10953,6200,7384.608880313908,1026.6481223859846,0.13902538902538916,0.8393753850108979,0.7766699900299102,0.9130952380952381,14.573949940906058,50.894009528141964,2.0422310512895048,2.841618581747807,1.1991727829913756,1003,601.8000239133835,19,15,5,2.839140766081061,19.79809084372485,True,True,0.7654418903581343,0.0,True,/Users/angadkumar16ak/Projects/Automated_Cardiovascular_Segmentation_for_Bioprinting_Project/outputs/topology_correction/case_outputs/807/mask__s0_original.nii.gz,/Users/angadkumar16ak/Projects/Automated_Cardiovascular_Segmentation_for_Bioprinting_Project/outputs/topology_correction/case_outputs/807/mask__s0_original.nii.gz,ok,3.0,6.0,True,0.0,6.0,9180.43296122121,8274.582986407077,129.6000051498413,116.40000462532043,93.60000371932983,0.4242640855706679,0.6000000238418579,0.5910854849911396,/Users/angadkumar16ak/Projects/Automated_Cardiovascular_Segmentation_for_Bioprinting_Project/outputs/topology_correction/mesh_qc/s0_original/case_outputs/807__s0_original/segmentation_raw.stl,/Users/angadkumar16ak/Projects/Automated_Cardiovascular_Segmentation_for_Bioprinting_Project/outputs/topology_correction/mesh_qc/s0_original/case_outputs/807__s0_original/segmentation_repaired.stl,/Users/angadkumar16ak/Projects/Automated_Cardiovascular_Segmentation_for_Bioprinting_Project/outputs/topology_correction/mesh_qc/s0_original/case_outputs/807__s0_original/segmentation_smoothed.stl,True,0.5834712377027593,3.141592653589793,0.5259086561752419,3.137927648019386,-0.0024604376067549703,0.11242649135872217,True,"phaseb_mesh_qc.run_phaseb_for_case (repository implementation, unmodified)",50.0,47.0,47.0,1.0,True,-30.873664609787284,185.06312515103104,442.03756090849026,-34.89448758372192,185.17819083300535,440.8399020236008,4.19698037920639,True,/Users/angadkumar16ak/Projects/Automated_Cardiovascular_Segmentation_for_Bioprinting_Project/outputs/topology_correction/mesh_qc/s0_original/case_outputs/807__s0_original/segmentation_repaired.stl,ok,exact_point_to_surface,80733.0,85135.0,4.123889958823251,2.0867393884669325,15.795127275264514,50.89400687618478,1.127688041386724,2.996201917436527,7264.504817372574,8274.583178634313,1010.0783612617397,0.13904297493838882,5.142363003846222,11.399993896484375,3.0,3.600006103515625,12.325579288018504,,,,,,,,,,,,,,,,,,,,,,,
808,s0_original,s0_original,identity,True,0.6000000238418579,0.6000000238418579,0.6000000238418579,True,0.5,,31,7606.008906706846,3543.264422390001,0.46585068014653686,0.9639112411606926,15,16,4.752000566482566,14.66433515983562,0.8485281711413358,3,31,31,0,0.0,0.0,31,35213,7606.008906706847,0.7054472763618191,0.7015306846903132,0.7094078456148412,0.544935145151328,24703,10510,10119,7521.552896638906,84.45601006794095,0.011228533685601163,0.7646502319657964,0.7214659685863875,0.8133333333333334,9.502944878743808,95.5979117256193,2.366495965892862,3.5775537222769795,1.2046511863218274,955,573.0000227689743,53,19,27,4.322333759036587,19.995302957880433,True,True,0.7054472763618191,0.0,True,/Users/angadkumar16ak/Projects/Automated_Cardiovascular_Segmentation_for_Bioprinting_Project/outputs/topology_correction/case_outputs/808/mask__s0_original.nii.gz,/Users/angadkumar16ak/Projects/Automated_Cardiovascular_Segmentation_for_Bioprinting_Project/outputs/topology_correction/case_outputs/808/mask__s0_original.nii.gz,ok,3.0,31.0,False,30.0,30.0,8569.702039769747,not_watertight,207.3000082373619,138.60000550746918,115.20000457763672,0.4242640855706679,0.6000000238418579,0.5905349830293756,/Users/angadkumar16ak/Projects/Automated_Cardiovascular_Segmentation_for_Bioprinting_Project/outputs/topology_correction/mesh_qc/s0_original/case_outputs/808__s0_original/segmentation_raw.stl,/Users/angadkumar16ak/Projects/Automated_Cardiovascular_Segmentation_for_Bioprinting_Project/outputs/topology_correction/mesh_qc/s0_original/case_outputs/808__s0_original/segmentation_repaired.stl,/Users/angadkumar16ak/Projects/Automated_Cardiovascular_Segmentation_for_Bioprinting_Project/outputs/topology_correction/mesh_qc/s0_original/case_outputs/808__s0_original/segmentation_smoothed.stl,True,0.6196200823080463,3.141592653589793,0.566780050736336,3.141592653589793,not_watertight,0.10987419418964586,False,"phaseb_mesh_qc.run_phaseb_for_case (repository implementation, unmodified)",50.0,28.0,28.0,1.0,True,-46.20032559117763,182.31612955334276,-196.0388105382733,-49.466667887008235,179.93466200102176,-196.14112915936423,4.043618280267273,False,/Users/angadkumar16ak/Projects/Automated_Cardiovascular_Segmentation_for_Bioprinting_Project/outputs/topology_correction/mesh_qc/s0_original/case_outputs/808__s0_original/segmentation_repaired.stl,ok,exact_point_to_surface,81248.0,82902.0,5.081194726338298,2.5545492780745813,10.346630129470638,95.59791385497338,1.1559499437454532,3.9252447825928445,7401.45678559611,,,,1.9211562102497715,101.10000133514404,43.800010681152344,33.599998474121094,115.18945743034007,,,,,,,,,,,,,,,,,,,,,,,
809,s0_original,s0_original,identity,True,0.6000000238418579,0.6000000238418579,0.6000000238418579,True,0.5,,10,2016.1442403431035,1006.3441199655581,0.4991429183629741,0.7969521356514273,7,3,15.228001815319132,6.1188236594515395,0.8485281711413358,1,10,10,0,0.0,0.0,10,9334,2016.1442403431035,0.7203179334326876,0.6990572101992715,0.7429124444950472,0.562888198757764,6525,2809,2258,1897.1282261552901,119.01601418781343,0.06273482864624846,0.814317673378076,0.7684729064039408,0.865979381443299,17.32320771402899,47.61596560175199,3.289737213929203,4.8674354811810385,1.720795476635571,203,121.80000483989716,14,0,8,4.451031947992665,44.19263491273417,True,True,0.7203179334326876,0.0,True,/Users/angadkumar16ak/Projects/Automated_Cardiovascular_Segmentation_for_Bioprinting_Project/outputs/topology_correction/case_outputs/809/mask__s0_original.nii.gz,/Users/angadkumar16ak/Projects/Automated_Cardiovascular_Segmentation_for_Bioprinting_Project/outputs/topology_correction/case_outputs/809/mask__s0_original.nii.gz,ok,3.0,10.0,True,0.0,8.0,2190.269541540114,1981.7642362446884,78.00000309944153,63.00000250339508,61.800002455711365,0.4242640855706679,0.6000000238418579,0.5899314866389369,/Users/angadkumar16ak/Projects/Automated_Cardiovascular_Segmentation_for_Bioprinting_Project/outputs/topology_correction/mesh_qc/s0_original/case_outputs/809__s0_original/segmentation_raw.stl,/Users/angadkumar16ak/Projects/Automated_Cardiovascular_Segmentation_for_Bioprinting_Project/outputs/topology_correction/mesh_qc/s0_original/case_outputs/809__s0_original/segmentation_repaired.stl,/Users/angadkumar16ak/Projects/Automated_Cardiovascular_Segmentation_for_Bioprinting_Project/outputs/topology_correction/mesh_qc/s0_original/case_outputs/809__s0_original/segmentation_smoothed.stl,True,0.5998919167605637,3.141592653589793,0.5404697493445987,3.1389289472354243,-0.003533522223113091,0.13284765373901863,True,"phaseb_mesh_qc.run_phaseb_for_case (repository implementation, unmodified)",50.0,42.0,42.0,1.0,True,0.5309638855210608,175.84842755240498,54.813363656704965,-1.939165845454144,177.2378236128489,51.924826136703864,4.046679046462521,True,/Users/angadkumar16ak/Projects/Automated_Cardiovascular_Segmentation_for_Bioprinting_Project/outputs/topology_correction/mesh_qc/s0_original/case_outputs/809__s0_original/segmentation_repaired.stl,ok,exact_point_to_surface,58271.0,58426.0,6.709655657738014,3.357088703407416,19.888873136394682,47.615968278555584,1.6526518546187103,5.057003803119303,1867.6622716522263,1981.763971106494,114.10169945426765,0.061093325697117416,9.414228977131819,4.200000762939453,-5.399993896484375,27.00000238418579,27.85318777513265,,,,,,,,,,,,,,,,,,,,,,,
810,s0_original,s0_original,identity,True,0.6000000238418579,0.6000000238418579,0.6000000238418579,True,0.5,,17,6846.336816146884,3768.9844492979228,0.5505111055022714,0.6855980285403176,11,6,9.288001107215926,7.172409320521295,0.8485281711413358,3,17,17,0,0.0,0.0,17,31696,6846.336816146883,0.8222204485593423,0.8125315497223624,0.8321432033345181,0.6981106502941097,25754,5942,5195,6684.984796912225,161.35201923465866,0.02413648260040721,0.9054094781191377,0.8725490196078431,0.9408418657565415,2.5455845134240076,58.74793846839458,1.1767394341054485,1.860418471865799,0.5249023930126288,918,550.8000218868256,23,19,12,1.565631005055673,4.800000190734863,True,True,0.8222204485593423,0.0,True,/Users/angadkumar16ak/Projects/Automated_Cardiovascular_Segmentation_for_Bioprinting_Project/outputs/topology_correction/case_outputs/810/mask__s0_original.nii.gz,/Users/angadkumar16ak/Projects/Automated_Cardiovascular_Segmentation_for_Bioprinting_Project/outputs/topology_correction/case_outputs/810/mask__s0_original.nii.gz,ok,3.0,17.0,True,0.0,14.0,8099.232576147478,6714.099800383003,124.20000493526459,104.40000414848328,111.00000441074371,0.4242640855706679,0.6000000238418579,0.5904936185138709,/Users/angadkumar16ak/Projects/Automated_Cardiovascular_Segmentation_for_Bioprinting_Project/outputs/topology_correction/mesh_qc/s0_original/case_outputs/810__s0_original/segmentation_raw.stl,/Users/angadkumar16ak/Projects/Automated_Cardiovascular_Segmentation_for_Bioprinting_Project/outputs/topology_correction/mesh_qc/s0_original/case_outputs/810__s0_original/segmentation_repaired.stl,/Users/angadkumar16ak/Projects/Automated_Cardiovascular_Segmentation_for_Bioprinting_Project/outputs/topology_correction/mesh_qc/s0_original/case_outputs/810__s0_original/segmentation_smoothed.stl,True,0.5862259977070768,3.141592653589793,0.5312638417672961,3.1391316982260906,-0.003400380456577304,0.0768866733972741,True,"phaseb_mesh_qc.run_phaseb_for_case (repository implementation, unmodified)",50.0,49.0,49.0,1.0,True,-24.275267256296885,166.94134767057164,22.48158511585251,-27.536203573129956,166.14156642452213,20.74667819322413,3.779319744895532,True,/Users/angadkumar16ak/Projects/Automated_Cardiovascular_Segmentation_for_Bioprinting_Project/outputs/topology_correction/mesh_qc/s0_original/case_outputs/810__s0_original/segmentation_repaired.stl,ok,exact_point_to_surface,79528.0,81084.0,2.514487824552061,1.2647566251738145,2.995675967573198,58.7433416499104,0.48177357555442085,2.03271424899764,6564.763285409033,6714.100352328783,149.3370669197493,0.022748279020458922,3.1453179847995187,15.599998474121094,6.0,21.600004196166992,27.311538471258118,,,,,,,,,,,,,,,,,,,,,,,
811,s0_original,s0_original,identity,True,0.6000000238418579,0.6000000238418579,0.6000000238418579,True,0.5,,6,6826.896813829454,4438.800529146216,0.6501930013288617,0.5288564476885644,4,2,17.71200211143502,3.4467377248838638,0.8485281711413358,1,6,6,0,0.0,0.0,6,31606,6826.896813829454,0.8033006924742991,0.8331645890020882,0.7755035928849099,0.6712636060057611,26333,5273,7623,7334.496874340092,-507.6000605106383,-0.06920720932972088,0.8647660341382509,0.9222797927461139,0.8140043763676149,4.0693981515785085,15.976232981671652,0.6966964996424875,0.45364245536832204,0.9077794007689194,772,463.2000184059143,17,15,5,1.1789973602858697,5.962367944394746,True,True,0.8033006924742991,0.0,True,/Users/angadkumar16ak/Projects/Automated_Cardiovascular_Segmentation_for_Bioprinting_Project/outputs/topology_correction/case_outputs/811/mask__s0_original.nii.gz,/Users/angadkumar16ak/Projects/Automated_Cardiovascular_Segmentation_for_Bioprinting_Project/outputs/topology_correction/case_outputs/811/mask__s0_original.nii.gz,ok,3.0,6.0,True,0.0,5.0,7316.1462287401155,6720.597801157625,106.20000422000885,91.2000036239624,78.60000312328339,0.4242640855706679,0.6000000238418579,0.5895016552547742,/Users/angadkumar16ak/Projects/Automated_Cardiovascular_Segmentation_for_Bioprinting_Project/outputs/topology_correction/mesh_qc/s0_original/case_outputs/811__s0_original/segmentation_raw.stl,/Users/angadkumar16ak/Projects/Automated_Cardiovascular_Segmentation_for_Bioprinting_Project/outputs/topology_correction/mesh_qc/s0_original/case_outputs/811__s0_original/segmentation_repaired.stl,/Users/angadkumar16ak/Projects/Automated_Cardiovascular_Segmentation_for_Bioprinting_Project/outputs/topology_correction/mesh_qc/s0_original/case_outputs/811__s0_original/segmentation_smoothed.stl,True,0.5597848441730641,3.141592653589793,0.49907936399009345,3.140925915510116,-0.0026259328588856107,0.11504144782636208,True,"phaseb_mesh_qc.run_phaseb_for_case (repository implementation, unmodified)",50.0,50.0,50.0,1.0,True,-18.7577948994458,168.97085172811853,-163.847823380828,-20.349460129384415,169.07646385822508,-167.02082465771235,3.5514066550214864,True,/Users/angadkumar16ak/Projects/Automated_Cardiovascular_Segmentation_for_Bioprinting_Project/outputs/topology_correction/mesh_qc/s0_original/case_outputs/811__s0_original/segmentation_repaired.stl,ok,exact_point_to_surface,81984.0,78188.0,1.2904544981906847,0.6502200390132954,3.957607041733074,15.976241573034796,0.85589773032252,0.4345567678681646,7218.98145568698,6720.597905894458,-498.383549792522,-0.06903793185393275,6.151919191113696,-1.1999969482421875,-1.8000030517578125,-3.0,3.69864889684436,,,,,,,,,,,,,,,,,,,,,,,
812,s0_original,s0_original,identity,True,0.6000000238418579,0.6000000238418579,0.6000000238418579,True,0.5,,13,10418.329241961528,5542.128660673167,0.5319594468517405,0.8317873567698185,10,3,17.92800213718423,11.13248889855511,1.2000000476837158,0,13,13,0,0.0,0.0,13,48233,10418.329241961528,0.8364943189911141,0.7914291045549727,0.8870015800724974,0.7189430465571794,38173,10060,4863,9295.777108142896,1122.5521338186318,0.1207593642531834,0.8932048406575801,0.8236363636363636,0.975609756097561,3.7947333429912047,99.09087132699976,1.2986539975289837,2.189737215544238,0.3755950897398345,1100,660.0000262260437,30,28,10,2.555514086112818,9.195867124905794,True,True,0.8364943189911141,0.0,True,/Users/angadkumar16ak/Projects/Automated_Cardiovascular_Segmentation_for_Bioprinting_Project/outputs/topology_correction/case_outputs/812/mask__s0_original.nii.gz,/Users/angadkumar16ak/Projects/Automated_Cardiovascular_Segmentation_for_Bioprinting_Project/outputs/topology_correction/case_outputs/812/mask__s0_original.nii.gz,ok,3.0,13.0,True,0.0,13.0,10622.666737755992,10266.697223885587,172.20000684261322,130.20000517368317,80.40000319480896,0.4242640855706679,0.6000000238418579,0.5914610056942067,/Users/angadkumar16ak/Projects/Automated_Cardiovascular_Segmentation_for_Bioprinting_Project/outputs/topology_correction/mesh_qc/s0_original/case_outputs/812__s0_original/segmentation_raw.stl,/Users/angadkumar16ak/Projects/Automated_Cardiovascular_Segmentation_for_Bioprinting_Project/outputs/topology_correction/mesh_qc/s0_original/case_outputs/812__s0_original/segmentation_repaired.stl,/Users/angadkumar16ak/Projects/Automated_Cardiovascular_Segmentation_for_Bioprinting_Project/outputs/topology_correction/mesh_qc/s0_original/case_outputs/812__s0_original/segmentation_smoothed.stl,True,0.5962095010271747,3.141592653589793,0.5434006139392361,3.140417658534707,-0.0024454945587312547,0.1492961250596065,True,"phaseb_mesh_qc.run_phaseb_for_case (repository implementation, unmodified)",50.0,41.0,41.0,1.0,True,-33.163182554972025,180.2479904886452,-1079.8043511011203,-38.04430001090671,177.19771004053283,-1081.1349670560408,5.9076270405515325,True,/Users/angadkumar16ak/Projects/Automated_Cardiovascular_Segmentation_for_Bioprinting_Project/outputs/topology_correction/mesh_qc/s0_original/case_outputs/812__s0_original/segmentation_repaired.stl,ok,exact_point_to_surface,85482.0,90602.0,2.8320685322787185,1.447576039503524,4.61624780579314,99.09088703449223,0.33126832452694616,2.500800207751772,9165.846082340755,10266.689242601864,1100.843160261109,0.12010273251064434,4.8160666569049955,57.000003814697266,14.999992370605469,-0.5999755859375,58.94370345251006,,,,,,,,,,,,,,,,,,,,,,,
813,s0_original,s0_original,identity,True,0.6000000238418579,0.6000000238418579,0.6000000238418579,True,0.5,,9,5219.856622255351,3001.10435775949,0.5749399983447818,0.7365049661724484,2,7,0.8640001029968303,4.2493243697436665,0.8485281711413358,1,9,9,0,0.0,0.0,9,24166,5219.85662225535,0.7624169723406364,0.6364727302822146,0.9505005561735261,0.6160531902110786,15381,8785,801,3495.312416673677,1724.544205581673,0.49338771474477805,0.8422026044377516,0.7306002928257687,0.9940476190476191,11.360449913366269,37.07398156704859,1.554885167261628,2.476514944348364,0.3124369327167261,683,409.80001628398895,15,13,6,2.181654854718549,14.55516243521602,True,True,0.7624169723406364,0.0,True,/Users/angadkumar16ak/Projects/Automated_Cardiovascular_Segmentation_for_Bioprinting_Project/outputs/topology_correction/case_outputs/813/mask__s0_original.nii.gz,/Users/angadkumar16ak/Projects/Automated_Cardiovascular_Segmentation_for_Bioprinting_Project/outputs/topology_correction/case_outputs/813/mask__s0_original.nii.gz,ok,3.0,9.0,True,0.0,8.0,6194.1695683025655,5119.533610295915,110.40000438690186,89.40000355243683,88.20000350475311,0.4242640855706679,0.6000000238418579,0.5899458063914558,/Users/angadkumar16ak/Projects/Automated_Cardiovascular_Segmentation_for_Bioprinting_Project/outputs/topology_correction/mesh_qc/s0_original/case_outputs/813__s0_original/segmentation_raw.stl,/Users/angadkumar16ak/Projects/Automated_Cardiovascular_Segmentation_for_Bioprinting_Project/outputs/topology_correction/mesh_qc/s0_original/case_outputs/813__s0_original/segmentation_repaired.stl,/Users/angadkumar16ak/Projects/Automated_Cardiovascular_Segmentation_for_Bioprinting_Project/outputs/topology_correction/mesh_qc/s0_original/case_outputs/813__s0_original/segmentation_smoothed.stl,True,0.582969356690019,3.141592653589793,0.5233059416058325,3.139166834229,-0.003155939548979282,0.06989158321608872,True,"phaseb_mesh_qc.run_phaseb_for_case (repository implementation, unmodified)",50.0,50.0,50.0,1.0,True,-38.14824066287504,170.5211304473155,-183.6685388564353,-39.57424625766374,170.6548807366187,-185.37465123627953,2.227599728163724,True,/Users/angadkumar16ak/Projects/Automated_Cardiovascular_Segmentation_for_Bioprinting_Project/outputs/topology_correction/mesh_qc/s0_original/case_outputs/813__s0_original/segmentation_repaired.stl,ok,exact_point_to_surface,67462.0,73824.0,2.705047998200948,1.4020154578130775,10.222015703657249,37.073982867374006,0.2534277658925354,2.4516202323084126,3420.6483393739436,5119.533720254473,1698.8853808805297,0.4966559588500303,5.796819702894337,2.4000015258789062,6.599998474121094,16.800018310546875,18.208805628523034,,,,,,,,,,,,,,,,,,,,,,,
814,s0_original,s0_original,identity,True,0.6000000238418579,0.6000000238418579,0.6000000238418579,True,0.5,,8,9506.593133274122,4577.472545677207,0.4815050440788876,0.9983956209890524,5,3,75.60000901222264,8.335466724891559,0.8485281711413358,2,8,8,0,0.0,0.0,8,44012,9506.593133274124,0.8272057515037192,0.7921248750340816,0.8655378733334989,0.7053289633406167,34863,9149,5416,8700.265037152332,806.3280961217915,0.09267856699520838,0.894495811134834,0.8215613382899628,0.9816414686825053,6.489992553724305,48.51845202685566,1.26932226072862,2.174077313784031,0.32427544931047514,1076,645.6000256538391,20,16,6,1.9835995242820543,11.766702718833836,True,True,0.8272057515037192,0.0,True,/Users/angadkumar16ak/Projects/Automated_Cardiovascular_Segmentation_for_Bioprinting_Project/outputs/topology_correction/case_outputs/814/mask__s0_original.nii.gz,/Users/angadkumar16ak/Projects/Automated_Cardiovascular_Segmentation_for_Bioprinting_Project/outputs/topology_correction/case_outputs/814/mask__s0_original.nii.gz,ok,3.0,8.0,True,0.0,6.0,10263.08026380371,9358.363115603732,160.20000636577606,117.60000467300415,88.20000350475311,0.4242640855706679,0.6000000238418579,0.5918639473594097,/Users/angadkumar16ak/Projects/Automated_Cardiovascular_Segmentation_for_Bioprinting_Project/outputs/topology_correction/mesh_qc/s0_original/case_outputs/814__s0_original/segmentation_raw.stl,/Users/angadkumar16ak/Projects/Automated_Cardiovascular_Segmentation_for_Bioprinting_Project/outputs/topology_correction/mesh_qc/s0_original/case_outputs/814__s0_original/segmentation_repaired.stl,/Users/angadkumar16ak/Projects/Automated_Cardiovascular_Segmentation_for_Bioprinting_Project/outputs/topology_correction/mesh_qc/s0_original/case_outputs/814__s0_original/segmentation_smoothed.stl,True,0.6105123786170562,3.141592653589793,0.5545818246281833,3.1398470576467705,-0.0024204580468350227,0.11128783059165683,True,"phaseb_mesh_qc.run_phaseb_for_case (repository implementation, unmodified)",50.0,40.0,40.0,1.0,True,-39.450356558150816,185.23667800854707,102.64690497371595,-42.52448919650593,183.74831153321014,102.8542369140339,3.4217704155280617,True,/Users/angadkumar16ak/Projects/Automated_Cardiovascular_Segmentation_for_Bioprinting_Project/outputs/topology_correction/mesh_qc/s0_original/case_outputs/814__s0_original/segmentation_repaired.stl,ok,exact_point_to_surface,84215.0,89155.0,2.5761293366745672,1.3167488679066932,7.096107775473046,48.518450990497904,0.2813886198861537,2.2947407167884135,8573.74367462779,9358.362897545923,784.6192229181324,0.09151419178066282,3.806671451824633,45.599998474121094,-0.600006103515625,1.8000030517578125,45.639455289808616,,,,,,,,,,,,,,,,,,,,,,,
815,s0_original,s0_original,identity,True,0.6000000238418579,0.6000000238418579,0.6000000238418579,True,0.5,,14,9622.15314704995,4324.968515576383,0.44948032415201916,0.991759476601908,11,3,17.38800207281121,3.0000001192092896,1.0392305258366357,1,14,14,0,0.0,0.0,14,44547,9622.15314704995,0.7563471101910676,0.7135609580892092,0.8045915913635558,0.6081657642489525,31787,12760,7720,8533.513017273943,1088.6401297760076,0.12757232895436268,0.8293350291923473,0.7606915377616015,0.9115958668197475,16.418525454735892,29.60743267603441,2.0973346720301125,3.3127270857944224,0.7514534751550244,1099,659.4000262022018,34,28,13,2.6768462667357427,20.67728998954842,True,True,0.7563471101910676,0.0,True,/Users/angadkumar16ak/Projects/Automated_Cardiovascular_Segmentation_for_Bioprinting_Project/outputs/topology_correction/case_outputs/815/mask__s0_original.nii.gz,/Users/angadkumar16ak/Projects/Automated_Cardiovascular_Segmentation_for_Bioprinting_Project/outputs/topology_correction/case_outputs/815/mask__s0_original.nii.gz,ok,3.0,14.0,True,0.0,14.0,10478.108799789825,9470.476128968641,111.00000441074371,83.40000331401825,105.60000419616699,0.4242640855706679,0.6000000238418579,0.5907021994643037,/Users/angadkumar16ak/Projects/Automated_Cardiovascular_Segmentation_for_Bioprinting_Project/outputs/topology_correction/mesh_qc/s0_original/case_outputs/815__s0_original/segmentation_raw.stl,/Users/angadkumar16ak/Projects/Automated_Cardiovascular_Segmentation_for_Bioprinting_Project/outputs/topology_correction/mesh_qc/s0_original/case_outputs/815__s0_original/segmentation_repaired.stl,/Users/angadkumar16ak/Projects/Automated_Cardiovascular_Segmentation_for_Bioprinting_Project/outputs/topology_correction/mesh_qc/s0_original/case_outputs/815__s0_original/segmentation_smoothed.stl,True,0.5694377761344519,3.141592653589793,0.5124953882571918,3.140983334633808,-0.0027031371806636203,0.10609019687072081,True,"phaseb_mesh_qc.run_phaseb_for_case (repository implementation, unmodified)",50.0,50.0,50.0,1.0,True,-26.45317358864351,162.85383075890343,-232.1594535675151,-29.069732520332312,161.79464377431154,-234.54845353937694,3.6980506455273385,True,/Users/angadkumar16ak/Projects/Automated_Cardiovascular_Segmentation_for_Bioprinting_Project/outputs/topology_correction/mesh_qc/s0_original/case_outputs/815__s0_original/segmentation_repaired.stl,ok,exact_point_to_surface,85317.0,90175.0,4.033763833578866,2.053277105987933,16.1817960048812,29.490551658618426,0.7021300553601943,3.331633778218672,8415.730245012493,9470.47493336331,1054.7446883508164,0.125330144579658,6.316300556730045,2.399993896484375,1.8000030517578125,1.7999725341796875,3.4985543890728548,,,,,,,,,,,,,,,,,,,,,,,
816,s0_original,s0_original,identity,True,0.6000000238418579,0.6000000238418579,0.6000000238418579,True,0.5,,6,4941.216589038872,2855.9523404560223,0.577985661828991,0.6648010890939344,5,1,81.43200970745126,6.945502417663594,1.3416408398118889,0,6,6,0,0.0,0.0,6,22876,4941.216589038872,0.766469962271452,0.6926910299003323,0.8578388912949328,0.6213630303505607,15846,7030,2626,3989.952475639362,951.2641133995103,0.2384148982243396,0.8433459097544418,0.7784342688330872,0.9200680272108843,10.416522307434308,73.36211847897347,1.7361207469588436,2.873908900750253,0.4028269987581618,677,406.2000161409378,14,6,6,2.2807206398935107,13.316752495263188,True,True,0.766469962271452,0.0,True,/Users/angadkumar16ak/Projects/Automated_Cardiovascular_Segmentation_for_Bioprinting_Project/outputs/topology_correction/case_outputs/816/mask__s0_original.nii.gz,/Users/angadkumar16ak/Projects/Automated_Cardiovascular_Segmentation_for_Bioprinting_Project/outputs/topology_correction/case_outputs/816/mask__s0_original.nii.gz,ok,3.0,6.0,True,0.0,6.0,5973.46085921737,4847.175577828311,118.20000469684601,88.20000350475311,97.80000388622284,0.4242640855706679,0.6000000238418579,0.5920004116562967,/Users/angadkumar16ak/Projects/Automated_Cardiovascular_Segmentation_for_Bioprinting_Project/outputs/topology_correction/mesh_qc/s0_original/case_outputs/816__s0_original/segmentation_raw.stl,/Users/angadkumar16ak/Projects/Automated_Cardiovascular_Segmentation_for_Bioprinting_Project/outputs/topology_correction/mesh_qc/s0_original/case_outputs/816__s0_original/segmentation_repaired.stl,/Users/angadkumar16ak/Projects/Automated_Cardiovascular_Segmentation_for_Bioprinting_Project/outputs/topology_correction/mesh_qc/s0_original/case_outputs/816__s0_original/segmentation_smoothed.stl,True,0.5481985853327742,3.141592653589793,0.48612223008864464,3.141592653589793,-0.003067404911815764,0.05949466689980766,True,"phaseb_mesh_qc.run_phaseb_for_case (repository implementation, unmodified)",50.0,39.0,39.0,1.0,True,-28.744839268852985,142.04331531895585,-174.26166337529435,-29.503959301418003,142.28128296661322,-176.88725227789016,2.7434665863843426,True,/Users/angadkumar16ak/Projects/Automated_Cardiovascular_Segmentation_for_Bioprinting_Project/outputs/topology_correction/mesh_qc/s0_original/case_outputs/816__s0_original/segmentation_repaired.stl,ok,exact_point_to_surface,69609.0,72781.0,3.2860815812287547,1.6714461437738413,10.398366394887855,73.36211668698613,0.36793415871776924,2.9181474225109856,3909.564647251907,4847.176192908365,937.611545656458,0.23982505221278783,7.82773111899896,32.400007247924805,4.8000030517578125,22.199996948242188,39.56817361800297,,,,,,,,,,,,,,,,,,,,,,,
817,s0_original,s0_original,identity,True,0.6000000238418579,0.6000000238418579,0.6000000238418579,True,0.5,,14,7282.224868108784,3870.5044614000503,0.5315002669514148,0.6888777275517607,9,5,27.43200327014936,4.837354841198334,1.2000000476837158,0,14,14,0,0.0,0.0,14,33714,7282.224868108784,0.7308346393677682,0.6500860176781159,0.8344882729211087,0.5758387851081159,21917,11797,4347,5673.024676277188,1609.2001918315964,0.28365823941516904,0.7967968515127498,0.7049180327868853,0.9162162162162162,15.5653467437987,80.07921396738374,2.9266941855919137,4.7213120868940655,0.7141755355614602,976,585.6000232696533,34,40,14,3.227628584949768,17.23360347640825,True,True,0.7308346393677682,0.0,True,/Users/angadkumar16ak/Projects/Automated_Cardiovascular_Segmentation_for_Bioprinting_Project/outputs/topology_correction/case_outputs/817/mask__s0_original.nii.gz,/Users/angadkumar16ak/Projects/Automated_Cardiovascular_Segmentation_for_Bioprinting_Project/outputs/topology_correction/case_outputs/817/mask__s0_original.nii.gz,ok,3.0,14.0,True,0.0,14.0,8695.442850145046,7146.378851914677,133.20000529289246,80.40000319480896,81.60000324249268,0.4242640855706679,0.6000000238418579,0.591875234227691,/Users/angadkumar16ak/Projects/Automated_Cardiovascular_Segmentation_for_Bioprinting_Project/outputs/topology_correction/mesh_qc/s0_original/case_outputs/817__s0_original/segmentation_raw.stl,/Users/angadkumar16ak/Projects/Automated_Cardiovascular_Segmentation_for_Bioprinting_Project/outputs/topology_correction/mesh_qc/s0_original/case_outputs/817__s0_original/segmentation_repaired.stl,/Users/angadkumar16ak/Projects/Automated_Cardiovascular_Segmentation_for_Bioprinting_Project/outputs/topology_correction/mesh_qc/s0_original/case_outputs/817__s0_original/segmentation_smoothed.stl,True,0.5656611045037415,3.141592653589793,0.5067702919094249,3.141408982376549,-0.0030906559500109634,0.06261493741472385,True,"phaseb_mesh_qc.run_phaseb_for_case (repository implementation, unmodified)",50.0,45.0,45.0,1.0,True,-41.01005791722862,125.1744418464048,10.771462914474412,-43.243857853017275,124.4992785168579,9.72068711011765,2.5592650245169715,True,/Users/angadkumar16ak/Projects/Automated_Cardiovascular_Segmentation_for_Bioprinting_Project/outputs/topology_correction/mesh_qc/s0_original/case_outputs/817__s0_original/segmentation_repaired.stl,ok,exact_point_to_surface,76428.0,83180.0,5.589893390913893,2.8843125160406107,15.389752333479239,80.07921199433744,0.6824615219205815,4.907431868993312,5569.53339238727,7146.37866633085,1576.8452739435797,0.28311981684119075,4.716894694974496,23.400007247924805,4.199989318847656,1.2000007629394531,23.804206588593182,,,,,,,,,,,,,,,,,,,,,,,
818,s0_original,s0_original,identity,True,0.6000000238418579,0.6000000238418579,0.6000000238418579,True,0.5,,10,6916.320824489628,3487.104415695207,0.5041848844472204,0.8765485629335976,7,3,56.91600678491619,7.3484695203514665,1.8973666714956023,0,10,10,0,0.0,0.0,10,32020,6916.320824489626,0.8070214266941474,0.9110243597751405,0.7243314379360862,0.6764760447103567,29171,2849,11102,8698.969036997836,-1782.6482125082102,-0.20492637747374173,0.8757150597342418,0.9158485273492286,0.8389513108614233,9.17823548917731,39.78592874119167,1.7015238076898223,1.5178945822819199,1.8417590876521697,713,427.8000169992447,21,7,9,2.362965972659942,15.870435494936805,True,True,0.8070214266941474,0.0,True,/Users/angadkumar16ak/Projects/Automated_Cardiovascular_Segmentation_for_Bioprinting_Project/outputs/topology_correction/case_outputs/818/mask__s0_original.nii.gz,/Users/angadkumar16ak/Projects/Automated_Cardiovascular_Segmentation_for_Bioprinting_Project/outputs/topology_correction/case_outputs/818/mask__s0_original.nii.gz,ok,3.0,10.0,True,0.0,10.0,7274.1230276526085,6808.815811674031,143.40000569820404,128.4000051021576,89.40000355243683,0.4242640855706679,0.6000000238418579,0.588297274353456,/Users/angadkumar16ak/Projects/Automated_Cardiovascular_Segmentation_for_Bioprinting_Project/outputs/topology_correction/mesh_qc/s0_original/case_outputs/818__s0_original/segmentation_raw.stl,/Users/angadkumar16ak/Projects/Automated_Cardiovascular_Segmentation_for_Bioprinting_Project/outputs/topology_correction/mesh_qc/s0_original/case_outputs/818__s0_original/segmentation_repaired.stl,/Users/angadkumar16ak/Projects/Automated_Cardiovascular_Segmentation_for_Bioprinting_Project/outputs/topology_correction/mesh_qc/s0_original/case_outputs/818__s0_original/segmentation_smoothed.stl,True,0.5843558114493222,3.141592653589793,0.5234405815208454,3.138313518200147,-0.002356662080223235,0.12507807620237352,True,"phaseb_mesh_qc.run_phaseb_for_case (repository implementation, unmodified)",50.0,48.0,48.0,1.0,True,-22.45193318891421,205.2262234051923,26.043570367155183,-28.195222271744406,204.60370074838053,24.38157478517168,6.011250557224607,True,/Users/angadkumar16ak/Projects/Automated_Cardiovascular_Segmentation_for_Bioprinting_Project/outputs/topology_correction/mesh_qc/s0_original/case_outputs/818__s0_original/segmentation_repaired.stl,ok,exact_point_to_surface,83091.0,78176.0,3.4156652382671906,1.7118291879072767,9.712311779615217,39.785919844076545,1.8389647974500347,1.576700440817156,8578.801311361633,6808.815756634412,-1769.985554727221,-0.2063208472240847,4.411434147824708,10.800003051757812,-2.4000167846679688,-1.1999988555908203,11.128348652791452,,,,,,,,,,,,,,,,,,,,,,,
819,s0_original,s0_original,identity,True,0.6000000238418579,0.6000000238418579,0.6000000238418579,True,0.5,,9,9517.609134587336,4915.728586000466,0.5164877561673058,0.887819667809122,5,4,8.208000978469888,6.08064425083276,0.8485281711413358,2,9,9,0,0.0,0.0,9,44063,9517.609134587334,0.8696115080679506,0.8341465628758823,0.9082260495688057,0.7693032212152291,36755,7308,3714,8741.305042044682,776.3040925426521,0.08880871778398282,0.9308041341063776,0.89171974522293,0.9734717416378316,1.0392305258366357,51.81930348242541,0.9152804248221226,1.458741189231097,0.3737913188592232,942,565.2000224590302,20,20,5,1.511279421863606,5.621901869853638,True,True,0.8696115080679506,0.0,True,/Users/angadkumar16ak/Projects/Automated_Cardiovascular_Segmentation_for_Bioprinting_Project/outputs/topology_correction/case_outputs/819/mask__s0_original.nii.gz,/Users/angadkumar16ak/Projects/Automated_Cardiovascular_Segmentation_for_Bioprinting_Project/outputs/topology_correction/case_outputs/819/mask__s0_original.nii.gz,ok,3.0,9.0,True,0.0,8.0,9477.482308265982,9388.459119191457,128.4000051021576,112.80000448226929,84.00000333786011,0.4242640855706679,0.6000000238418579,0.5907841354351293,/Users/angadkumar16ak/Projects/Automated_Cardiovascular_Segmentation_for_Bioprinting_Project/outputs/topology_correction/mesh_qc/s0_original/case_outputs/819__s0_original/segmentation_raw.stl,/Users/angadkumar16ak/Projects/Automated_Cardiovascular_Segmentation_for_Bioprinting_Project/outputs/topology_correction/mesh_qc/s0_original/case_outputs/819__s0_original/segmentation_repaired.stl,/Users/angadkumar16ak/Projects/Automated_Cardiovascular_Segmentation_for_Bioprinting_Project/outputs/topology_correction/mesh_qc/s0_original/case_outputs/819__s0_original/segmentation_smoothed.stl,True,0.6043240342948081,3.141592653589793,0.5414849064693872,3.1409195621912542,-0.002081220553723166,0.15323514059414928,True,"phaseb_mesh_qc.run_phaseb_for_case (repository implementation, unmodified)",50.0,48.0,48.0,1.0,True,-48.390721116786594,189.0532252277867,-190.39053378468122,-52.07231946866613,188.62188683149284,-191.99597895658295,4.039514009959864,True,/Users/angadkumar16ak/Projects/Automated_Cardiovascular_Segmentation_for_Bioprinting_Project/outputs/topology_correction/mesh_qc/s0_original/case_outputs/819__s0_original/segmentation_repaired.stl,ok,exact_point_to_surface,84294.0,86324.0,1.8465149095241649,0.9303718981850011,1.1224964004526392,51.819302180813764,0.32530075134752373,1.5212141581766412,8619.732197052783,9388.459083557651,768.7268865048682,0.08918222387091185,1.6739886701722955,10.79999703168869,4.20001220703125,0.0,11.5879264074163,,,,,,,,,,,,,,,,,,,,,,,
820,s0_original,s0_original,identity,True,0.6000000238418579,0.6000000238418579,0.6000000238418579,True,0.5,,13,6795.792810121568,3509.5684183731246,0.5164325217722967,0.8602289512555392,7,6,9.072001081466718,7.521374482713644,1.3416408398118889,0,13,13,0,0.0,0.0,13,31462,6795.792810121568,0.8116452864720137,0.7611722077426737,0.8692874514501434,0.6829991729173203,23948,7514,3601,5950.584709364919,845.2081007566494,0.14203782351446517,0.8465698743170582,0.768235294117647,0.9426934097421203,7.249827872239009,57.056816058401914,1.597408440368775,2.599903976453033,0.5313920784665493,850,510.0000202655792,32,22,12,2.5068639396201,14.563303189326875,True,True,0.8116452864720137,0.0,True,/Users/angadkumar16ak/Projects/Automated_Cardiovascular_Segmentation_for_Bioprinting_Project/outputs/topology_correction/case_outputs/820/mask__s0_original.nii.gz,/Users/angadkumar16ak/Projects/Automated_Cardiovascular_Segmentation_for_Bioprinting_Project/outputs/topology_correction/case_outputs/820/mask__s0_original.nii.gz,ok,3.0,13.0,True,0.0,13.0,7645.99556785129,6676.740795929464,127.80000507831573,92.40000367164612,84.00000333786011,0.4242640855706679,0.6000000238418579,0.5918427437196798,/Users/angadkumar16ak/Projects/Automated_Cardiovascular_Segmentation_for_Bioprinting_Project/outputs/topology_correction/mesh_qc/s0_original/case_outputs/820__s0_original/segmentation_raw.stl,/Users/angadkumar16ak/Projects/Automated_Cardiovascular_Segmentation_for_Bioprinting_Project/outputs/topology_correction/mesh_qc/s0_original/case_outputs/820__s0_original/segmentation_repaired.stl,/Users/angadkumar16ak/Projects/Automated_Cardiovascular_Segmentation_for_Bioprinting_Project/outputs/topology_correction/mesh_qc/s0_original/case_outputs/820__s0_original/segmentation_smoothed.stl,True,0.6082495825428585,3.141592653589793,0.5593138467987389,3.14081065340128,-0.0031335521862425517,0.09827728688576695,True,"phaseb_mesh_qc.run_phaseb_for_case (repository implementation, unmodified)",50.0,46.0,46.0,1.0,True,-39.82229927882213,169.26923386407333,-199.58541791596377,-43.101373593798094,167.75469175035465,-201.38735737517496,4.036477671438902,True,/Users/angadkumar16ak/Projects/Automated_Cardiovascular_Segmentation_for_Bioprinting_Project/outputs/topology_correction/mesh_qc/s0_original/case_outputs/820__s0_original/segmentation_repaired.stl,ok,exact_point_to_surface,75452.0,79186.0,3.2042644783245553,1.6284796478133003,7.746700015198281,57.03630313056461,0.5109938944978802,2.693270583826675,5852.0249546431905,6676.7410071486365,824.716052505446,0.14092832120462662,5.550915185368113,22.800003051757812,6.600006103515625,10.199996948242188,25.834863217574018,,,,,,,,,,,,,,,,,,,,,,,
821,s0_original,s0_original,identity,True,0.6000000238418579,0.6000000238418579,0.6000000238418579,True,0.5,,6,5490.720654544856,3048.4083633985665,0.5551927616050354,0.6461418550272798,4,2,235.76402810526005,6.177378330059151,1.2000000476837158,0,6,6,0,0.0,0.0,6,25420,5490.720654544856,0.7651933701657458,0.9371361132966168,0.6465638909998914,0.6196868008948546,23822,1598,13022,7958.304948703803,-2467.584294158947,-0.3100640538486592,0.8720940503480619,0.9731343283582089,0.7900621118012422,8.270429579891465,67.98029396280604,1.5631651969111435,1.2275420846896063,1.7923643823902733,670,402.0000159740448,16,20,6,2.2455075122376162,12.8167067397542,True,True,0.7651933701657458,0.0,True,/Users/angadkumar16ak/Projects/Automated_Cardiovascular_Segmentation_for_Bioprinting_Project/outputs/topology_correction/case_outputs/821/mask__s0_original.nii.gz,/Users/angadkumar16ak/Projects/Automated_Cardiovascular_Segmentation_for_Bioprinting_Project/outputs/topology_correction/case_outputs/821/mask__s0_original.nii.gz,ok,3.0,6.0,False,6.0,6.0,6026.90190636012,not_watertight,96.60000383853912,126.00000500679016,130.5000051856041,0.4242640855706679,0.6000000238418579,0.5921448994085905,/Users/angadkumar16ak/Projects/Automated_Cardiovascular_Segmentation_for_Bioprinting_Project/outputs/topology_correction/mesh_qc/s0_original/case_outputs/821__s0_original/segmentation_raw.stl,/Users/angadkumar16ak/Projects/Automated_Cardiovascular_Segmentation_for_Bioprinting_Project/outputs/topology_correction/mesh_qc/s0_original/case_outputs/821__s0_original/segmentation_repaired.stl,/Users/angadkumar16ak/Projects/Automated_Cardiovascular_Segmentation_for_Bioprinting_Project/outputs/topology_correction/mesh_qc/s0_original/case_outputs/821__s0_original/segmentation_smoothed.stl,True,0.5871106749646949,3.141592653589793,0.5306935292280142,3.1399186520811933,not_watertight,0.12501966955153423,False,"phaseb_mesh_qc.run_phaseb_for_case (repository implementation, unmodified)",50.0,42.0,42.0,1.0,True,-47.10970770213005,191.6551720261058,66.14355100547114,-50.92057081237171,186.82432254340122,66.18647013008753,6.15318018757825,False,/Users/angadkumar16ak/Projects/Automated_Cardiovascular_Segmentation_for_Bioprinting_Project/outputs/topology_correction/mesh_qc/s0_original/case_outputs/821__s0_original/segmentation_repaired.stl,ok,exact_point_to_surface,80754.0,72960.0,3.184846500613439,1.6016046938712334,7.774327178055853,67.98029601555392,1.7735005425925374,1.4113459580209016,7846.092707410247,,,,9.375173580576487,-3.600006103515625,10.799995422363281,28.499995231628418,30.68956945398974,,,,,,,,,,,,,,,,,,,,,,,
822,s0_original,s0_original,identity,True,0.6000000238418579,0.6000000238418579,0.6000000238418579,True,0.5,,20,9835.777172515916,5360.472639018084,0.5449973647224173,0.7438852399564815,12,8,10.04400119733815,17.717788376321707,0.8485281711413358,4,20,20,0,0.0,0.0,20,45536,9835.777172515916,0.8213983449313522,0.7672830288123682,0.8837262242007284,0.6969261763708535,34939,10597,4597,8539.77701802067,1296.0001544952465,0.15176042088223404,0.8748298447366915,0.7893789378937894,0.9810267857142857,6.292853339076425,92.16203488980572,1.3319423900080825,2.267822930761641,0.30016107555621857,1111,666.6000264883041,39,27,14,2.165484559893127,10.729727917229672,True,True,0.8213983449313522,0.0,True,/Users/angadkumar16ak/Projects/Automated_Cardiovascular_Segmentation_for_Bioprinting_Project/outputs/topology_correction/case_outputs/822/mask__s0_original.nii.gz,/Users/angadkumar16ak/Projects/Automated_Cardiovascular_Segmentation_for_Bioprinting_Project/outputs/topology_correction/case_outputs/822/mask__s0_original.nii.gz,ok,3.0,20.0,True,0.0,16.0,10616.562639704229,-9678.637153783367,171.9000068306923,132.00000524520874,109.20000433921814,0.4242640855706679,0.6000000238418579,0.5901299486660937,/Users/angadkumar16ak/Projects/Automated_Cardiovascular_Segmentation_for_Bioprinting_Project/outputs/topology_correction/mesh_qc/s0_original/case_outputs/822__s0_original/segmentation_raw.stl,/Users/angadkumar16ak/Projects/Automated_Cardiovascular_Segmentation_for_Bioprinting_Project/outputs/topology_correction/mesh_qc/s0_original/case_outputs/822__s0_original/segmentation_repaired.stl,/Users/angadkumar16ak/Projects/Automated_Cardiovascular_Segmentation_for_Bioprinting_Project/outputs/topology_correction/mesh_qc/s0_original/case_outputs/822__s0_original/segmentation_smoothed.stl,True,0.5832731433819937,3.141592653589793,0.5246914847448682,3.1398239143752,-0.002661696168813867,0.11531535488404779,True,"phaseb_mesh_qc.run_phaseb_for_case (repository implementation, unmodified)",50.0,36.0,36.0,1.0,True,-25.995752598310204,186.7101508290209,-158.6254442557614,-28.73360129174584,186.8634446301409,-161.2099486722235,3.768153066997292,True,/Users/angadkumar16ak/Projects/Automated_Cardiovascular_Segmentation_for_Bioprinting_Project/outputs/topology_correction/mesh_qc/s0_original/case_outputs/822__s0_original/segmentation_repaired.stl,ok,exact_point_to_surface,83908.0,90803.0,2.7289318547426396,1.4081210896528982,6.896422127323827,92.16203716683926,0.2582966659678636,2.470635188774776,8413.498214904443,-9678.637369909387,-18092.13558481383,-2.1503701697783404,4.822050140339655,65.10000801086426,34.80000305175781,18.599998474121094,76.12497092711597,,,,,,,,,,,,,,,,,,,,,,,
823,s0_original,s0_original,identity,True,0.6000000238418579,0.6000000238418579,0.6000000238418579,True,0.5,,9,6724.080801572832,3647.1604347753696,0.5424028268551236,0.6819662422268286,8,1,139.10401658248966,2.8050342880626493,1.0392305258366357,1,9,9,0,0.0,0.0,9,31130,6724.080801572832,0.8159024557788082,0.7630902666238355,0.8765682656826568,0.6890500362581581,23755,7375,3345,5853.600697803525,870.4801037693069,0.14870848708487092,0.9217253723808674,0.9080047789725209,0.9358669833729216,3.1176915775099068,23.04343815926975,0.7715799640024059,1.128094426803186,0.4023731548864781,837,502.20001995563507,24,18,8,0.9561089514490321,4.493980222406821,True,True,0.8159024557788082,0.0,True,/Users/angadkumar16ak/Projects/Automated_Cardiovascular_Segmentation_for_Bioprinting_Project/outputs/topology_correction/case_outputs/823/mask__s0_original.nii.gz,/Users/angadkumar16ak/Projects/Automated_Cardiovascular_Segmentation_for_Bioprinting_Project/outputs/topology_correction/case_outputs/823/mask__s0_original.nii.gz,ok,3.0,9.0,True,0.0,9.0,7800.303524064484,6601.644786977323,104.40000414848328,95.40000379085541,79.8000031709671,0.4242640855706679,0.6000000238418579,0.5909436965276511,/Users/angadkumar16ak/Projects/Automated_Cardiovascular_Segmentation_for_Bioprinting_Project/outputs/topology_correction/mesh_qc/s0_original/case_outputs/823__s0_original/segmentation_raw.stl,/Users/angadkumar16ak/Projects/Automated_Cardiovascular_Segmentation_for_Bioprinting_Project/outputs/topology_correction/mesh_qc/s0_original/case_outputs/823__s0_original/segmentation_repaired.stl,/Users/angadkumar16ak/Projects/Automated_Cardiovascular_Segmentation_for_Bioprinting_Project/outputs/topology_correction/mesh_qc/s0_original/case_outputs/823__s0_original/segmentation_smoothed.stl,True,0.5953645115466667,3.141592653589793,0.538656380321194,3.134242021829489,-0.002844856240898788,0.07789913266945069,True,"phaseb_mesh_qc.run_phaseb_for_case (repository implementation, unmodified)",50.0,50.0,50.0,1.0,True,-17.874649150058318,182.75435223600084,-174.30806639496626,-19.85052985784666,182.82916732082498,-175.45544915188964,2.2860859693398434,True,/Users/angadkumar16ak/Projects/Automated_Cardiovascular_Segmentation_for_Bioprinting_Project/outputs/topology_correction/mesh_qc/s0_original/case_outputs/823__s0_original/segmentation_repaired.stl,ok,exact_point_to_surface,78384.0,79874.0,1.466258656661235,0.7367693552081679,3.2311512112408587,23.043440148898856,0.34650961451357964,1.1197490421476552,5736.618664748593,6601.644837351206,865.0261726026129,0.15079025174153224,3.9565877770684867,-0.5999984741210938,3.0,-1.8000030517578125,3.549649159464225,,,,,,,,,,,,,,,,,,,,,,,
824,s0_original,s0_original,identity,True,0.6000000238418579,0.6000000238418579,0.6000000238418579,True,0.5,,7,5364.792639533068,2816.208335718168,0.524942625921005,0.8414634146341463,3,4,3.8880004634857364,7.238903181352928,0.8485281711413358,1,7,7,0,0.0,0.0,7,24837,5364.792639533069,0.7992343402785417,0.7312879977452994,0.881100223149316,0.6656039284667253,18163,6674,2451,4452.6245307941645,912.1681087389043,0.20486077423110524,0.8630976706170822,0.8022284122562674,0.9339622641509434,8.858894188160853,48.48133854171306,1.9115356473682459,3.1618170186863455,0.5084735205762839,718,430.800017118454,16,14,6,3.075085190953159,24.29626576756454,True,True,0.7992343402785417,0.0,True,/Users/angadkumar16ak/Projects/Automated_Cardiovascular_Segmentation_for_Bioprinting_Project/outputs/topology_correction/case_outputs/824/mask__s0_original.nii.gz,/Users/angadkumar16ak/Projects/Automated_Cardiovascular_Segmentation_for_Bioprinting_Project/outputs/topology_correction/case_outputs/824/mask__s0_original.nii.gz,ok,3.0,7.0,True,0.0,6.0,6374.907966586595,5263.76762748995,109.80000436306,92.40000367164612,97.80000388622284,0.4242640855706679,0.6000000238418579,0.5893270399299282,/Users/angadkumar16ak/Projects/Automated_Cardiovascular_Segmentation_for_Bioprinting_Project/outputs/topology_correction/mesh_qc/s0_original/case_outputs/824__s0_original/segmentation_raw.stl,/Users/angadkumar16ak/Projects/Automated_Cardiovascular_Segmentation_for_Bioprinting_Project/outputs/topology_correction/mesh_qc/s0_original/case_outputs/824__s0_original/segmentation_repaired.stl,/Users/angadkumar16ak/Projects/Automated_Cardiovascular_Segmentation_for_Bioprinting_Project/outputs/topology_correction/mesh_qc/s0_original/case_outputs/824__s0_original/segmentation_smoothed.stl,True,0.5740304052531761,3.141592653589793,0.5204184451080739,3.139409687214509,-0.0031624869423738447,0.06796311953939686,True,"phaseb_mesh_qc.run_phaseb_for_case (repository implementation, unmodified)",50.0,46.0,46.0,1.0,True,-23.35037001021057,176.8874249155598,112.6598113019642,-25.6847322864004,177.4556830395706,110.09697252546108,3.5128773286795028,True,/Users/angadkumar16ak/Projects/Automated_Cardiovascular_Segmentation_for_Bioprinting_Project/outputs/topology_correction/mesh_qc/s0_original/case_outputs/824__s0_original/segmentation_repaired.stl,ok,exact_point_to_surface,71833.0,74578.0,3.7703345252011853,1.9116817162085868,9.129376167246232,48.485487476243556,0.47095681917616605,3.299377706025019,4364.496310675346,5263.767429351088,899.2711186757424,0.20604235968218576,6.52311228723803,7.1999969482421875,0.0,9.600006103515625,12.000003051759364,,,,,,,,,,,,,,,,,,,,,,,
825,s0_original,s0_original,identity,True,0.6000000238418579,0.6000000238418579,0.6000000238418579,True,0.5,,8,6377.832760296852,3533.976421282785,0.5541030243505943,0.7215329136360858,5,3,36.61200436449068,6.378087741083216,0.8485281711413358,1,8,8,0,0.0,0.0,8,29527,6377.832760296852,0.7975200125568984,0.6883191655095336,0.947903549274754,0.663229343427751,20324,9203,1117,4631.256552088759,1746.5762082080928,0.3771279324658366,0.9010756513354365,0.8210526315789474,0.9983818770226537,4.52990084116453,55.59640497053236,0.9756253527559212,1.500617679587862,0.33023337913660256,760,456.000018119812,21,17,7,1.5795709500134898,8.064248993148828,True,True,0.7975200125568984,0.0,True,/Users/angadkumar16ak/Projects/Automated_Cardiovascular_Segmentation_for_Bioprinting_Project/outputs/topology_correction/case_outputs/825/mask__s0_original.nii.gz,/Users/angadkumar16ak/Projects/Automated_Cardiovascular_Segmentation_for_Bioprinting_Project/outputs/topology_correction/case_outputs/825/mask__s0_original.nii.gz,ok,3.0,8.0,True,0.0,7.0,7108.154694316472,6272.010747681886,106.80000424385071,118.20000469684601,78.60000312328339,0.4242640855706679,0.6000000238418579,0.5912347693218708,/Users/angadkumar16ak/Projects/Automated_Cardiovascular_Segmentation_for_Bioprinting_Project/outputs/topology_correction/mesh_qc/s0_original/case_outputs/825__s0_original/segmentation_raw.stl,/Users/angadkumar16ak/Projects/Automated_Cardiovascular_Segmentation_for_Bioprinting_Project/outputs/topology_correction/mesh_qc/s0_original/case_outputs/825__s0_original/segmentation_repaired.stl,/Users/angadkumar16ak/Projects/Automated_Cardiovascular_Segmentation_for_Bioprinting_Project/outputs/topology_correction/mesh_qc/s0_original/case_outputs/825__s0_original/segmentation_smoothed.stl,True,0.5773443380783684,3.141592653589793,0.519821013613789,3.1405488592344075,-0.002784613326579636,0.09526873708808886,True,"phaseb_mesh_qc.run_phaseb_for_case (repository implementation, unmodified)",50.0,37.0,37.0,1.0,True,-48.235897387378515,194.74634050036252,-188.51443634785917,-49.93750748435173,194.10462814258386,-190.45700719894936,2.6609872573449618,True,/Users/angadkumar16ak/Projects/Automated_Cardiovascular_Segmentation_for_Bioprinting_Project/outputs/topology_correction/mesh_qc/s0_original/case_outputs/825__s0_original/segmentation_repaired.stl,ok,exact_point_to_surface,71423.0,77195.0,1.7566000718822659,0.9021751821539643,4.080746185193496,55.59640957882734,0.26356052106611444,1.4930395508161514,4545.963502214182,6272.010488820088,1726.0469866059057,0.37968782322277944,4.558986064239036,11.40000319480896,32.400001525878906,1.8000030517578125,34.39418821116363,,,,,,,,,,,,,,,,,,,,,,,
826,s0_original,s0_original,identity,True,0.6000000238418579,0.6000000238418579,0.6000000238418579,True,0.5,,8,11052.9373176127,6324.696753962547,0.5722186394637588,0.6970390355520645,8,0,37.80000450611132,9.711848819657371,2.163330851241435,0,8,8,0,0.0,0.0,8,51171,11052.937317612701,0.7776866134266857,0.8335385276816947,0.72884947283881,0.636241590715852,42653,8518,15868,12640.537506869376,-1587.6001892566746,-0.12559593991900336,0.8611433351047638,0.8555078683834049,0.866853538892782,4.9839745157961906,55.183695436369035,1.074435361859723,1.161011327740244,1.00078953188396,1398,838.8000333309174,32,43,8,1.636448540279508,8.178504000585995,True,True,0.7776866134266857,0.0,True,/Users/angadkumar16ak/Projects/Automated_Cardiovascular_Segmentation_for_Bioprinting_Project/outputs/topology_correction/case_outputs/826/mask__s0_original.nii.gz,/Users/angadkumar16ak/Projects/Automated_Cardiovascular_Segmentation_for_Bioprinting_Project/outputs/topology_correction/case_outputs/826/mask__s0_original.nii.gz,ok,3.0,8.0,True,0.0,8.0,12318.16623685179,10863.721295056397,150.00000596046448,111.00000441074371,83.40000331401825,0.4242640855706679,0.6000000238418579,0.5926605797093389,/Users/angadkumar16ak/Projects/Automated_Cardiovascular_Segmentation_for_Bioprinting_Project/outputs/topology_correction/mesh_qc/s0_original/case_outputs/826__s0_original/segmentation_raw.stl,/Users/angadkumar16ak/Projects/Automated_Cardiovascular_Segmentation_for_Bioprinting_Project/outputs/topology_correction/mesh_qc/s0_original/case_outputs/826__s0_original/segmentation_repaired.stl,/Users/angadkumar16ak/Projects/Automated_Cardiovascular_Segmentation_for_Bioprinting_Project/outputs/topology_correction/mesh_qc/s0_original/case_outputs/826__s0_original/segmentation_smoothed.stl,True,0.5835515223897735,3.141592653589793,0.5308149072936093,3.140586951774176,-0.0028043327904634795,0.11338453420882921,True,"phaseb_mesh_qc.run_phaseb_for_case (repository implementation, unmodified)",50.0,42.0,40.0,0.9523809523809523,False,-31.26787885274024,195.67797320845054,-259.2918446283586,-35.7994984161242,196.46301079151604,-260.82587859793176,4.848207926014927,True,/Users/angadkumar16ak/Projects/Automated_Cardiovascular_Segmentation_for_Bioprinting_Project/outputs/topology_correction/mesh_qc/s0_original/case_outputs/826__s0_original/segmentation_repaired.stl,ok,exact_point_to_surface,101870.0,96846.0,2.202925955719853,1.0980663067968943,5.188017966762188,55.18369482454481,0.9671132790220301,1.235812676697823,12447.605818614511,10863.721710493513,-1583.8841081209976,-0.12724407658799824,4.18585508459429,37.20000171661377,1.20001220703125,-6.0000152587890625,37.699871884646946,,,,,,,,,,,,,,,,,,,,,,,
827,s0_original,s0_original,identity,True,0.6000000238418579,0.6000000238418579,0.6000000238418579,True,0.5,,10,7560.432901273763,5998.968715132742,0.7934689446317353,0.23677672559680266,7,3,11.98800142908102,4.2426408557066795,1.2000000476837158,0,10,10,0,0.0,0.0,10,35002,7560.4329012737635,0.799381095792004,0.8265813382092452,0.7739139738925743,0.6658075205964928,28932,6070,8452,8074.944962608376,-514.5120613346126,-0.06371709822383909,0.9232405327234522,0.9736585365853658,0.8777869529314616,2.7495455262306225,89.21457634570473,0.6975556552994402,0.4047238220565658,0.9442978060937223,1025,615.0000244379044,24,27,10,0.9831024685018541,4.0693981515785085,True,True,0.799381095792004,0.0,True,/Users/angadkumar16ak/Projects/Automated_Cardiovascular_Segmentation_for_Bioprinting_Project/outputs/topology_correction/case_outputs/827/mask__s0_original.nii.gz,/Users/angadkumar16ak/Projects/Automated_Cardiovascular_Segmentation_for_Bioprinting_Project/outputs/topology_correction/case_outputs/827/mask__s0_original.nii.gz,ok,3.0,10.0,True,0.0,10.0,8985.145546319123,7415.784884030378,143.40000569820404,119.40000474452972,105.00000417232513,0.4242640855706679,0.6000000238418579,0.5897959890244173,/Users/angadkumar16ak/Projects/Automated_Cardiovascular_Segmentation_for_Bioprinting_Project/outputs/topology_correction/mesh_qc/s0_original/case_outputs/827__s0_original/segmentation_raw.stl,/Users/angadkumar16ak/Projects/Automated_Cardiovascular_Segmentation_for_Bioprinting_Project/outputs/topology_correction/mesh_qc/s0_original/case_outputs/827__s0_original/segmentation_repaired.stl,/Users/angadkumar16ak/Projects/Automated_Cardiovascular_Segmentation_for_Bioprinting_Project/outputs/topology_correction/mesh_qc/s0_original/case_outputs/827__s0_original/segmentation_smoothed.stl,True,0.5659751034682967,3.141592653589793,0.5053639140622804,3.141592653589793,-0.0032832023501406372,0.06856751042797554,True,"phaseb_mesh_qc.run_phaseb_for_case (repository implementation, unmodified)",50.0,41.0,41.0,1.0,True,-38.51830923993903,177.19377127033488,-215.23275122102154,-37.670260120310815,178.06709040451562,-218.29009110191134,3.2907751012045248,True,/Users/angadkumar16ak/Projects/Automated_Cardiovascular_Segmentation_for_Bioprinting_Project/outputs/topology_correction/mesh_qc/s0_original/case_outputs/827__s0_original/segmentation_repaired.stl,ok,exact_point_to_surface,89491.0,84576.0,1.2489234806312741,0.6314224125959257,2.437216146574921,89.21457304179516,0.8709771709998702,0.3779463096314039,7914.348588538985,7415.785238220441,-498.5633503185436,-0.0629948687173735,2.4892199096979315,24.59999656677246,13.79998779296875,1.52587890625e-05,28.206373289941695,,,,,,,,,,,,,,,,,,,,,,,
828,s0_original,s0_original,identity,True,0.6000000238418579,0.6000000238418579,0.6000000238418579,True,0.5,,12,9641.377149341628,5345.352637215639,0.5544179585984408,0.6652927627591224,8,4,31.104003707885887,3.231099012673037,0.8485281711413358,1,12,12,0,0.0,0.0,12,44636,9641.37714934163,0.79038110370669,0.746661887265884,0.8395385157942465,0.6534133239226758,33328,11308,6370,8574.769022192042,1066.6081271495877,0.12438913799183847,0.8581229085410131,0.7773000859845228,0.9577039274924471,12.208194454735525,48.09740308841361,1.8053570555976706,2.996789904482749,0.510285257535806,1163,697.8000277280807,33,25,11,2.6307896789664147,20.308565306656188,True,True,0.79038110370669,0.0,True,/Users/angadkumar16ak/Projects/Automated_Cardiovascular_Segmentation_for_Bioprinting_Project/outputs/topology_correction/case_outputs/828/mask__s0_original.nii.gz,/Users/angadkumar16ak/Projects/Automated_Cardiovascular_Segmentation_for_Bioprinting_Project/outputs/topology_correction/case_outputs/828/mask__s0_original.nii.gz,ok,3.0,12.0,True,0.0,11.0,10679.112489028568,9480.4481301574,123.60000491142273,102.00000405311584,87.60000348091125,0.4242640855706679,0.6000000238418579,0.5918466199208017,/Users/angadkumar16ak/Projects/Automated_Cardiovascular_Segmentation_for_Bioprinting_Project/outputs/topology_correction/mesh_qc/s0_original/case_outputs/828__s0_original/segmentation_raw.stl,/Users/angadkumar16ak/Projects/Automated_Cardiovascular_Segmentation_for_Bioprinting_Project/outputs/topology_correction/mesh_qc/s0_original/case_outputs/828__s0_original/segmentation_repaired.stl,/Users/angadkumar16ak/Projects/Automated_Cardiovascular_Segmentation_for_Bioprinting_Project/outputs/topology_correction/mesh_qc/s0_original/case_outputs/828__s0_original/segmentation_smoothed.stl,True,0.594562883935132,3.141592653589793,0.5413348189349312,3.141592653589793,-0.002803645574731642,0.11112106819607492,True,"phaseb_mesh_qc.run_phaseb_for_case (repository implementation, unmodified)",50.0,47.0,47.0,1.0,True,-24.126364816126085,170.8151038120736,130.42925330798082,-28.805423622332405,169.8887213222224,128.68686929128828,5.078156938404469,True,/Users/angadkumar16ak/Projects/Automated_Cardiovascular_Segmentation_for_Bioprinting_Project/outputs/topology_correction/mesh_qc/s0_original/case_outputs/828__s0_original/segmentation_repaired.stl,ok,exact_point_to_surface,86209.0,90750.0,3.525623301495367,1.7962833100187032,12.728875378859163,48.09740230025228,0.45844887758309605,3.0671744239122707,8444.639253082309,9480.449409248191,1035.8101561658823,0.12265889934703957,3.6943670383511025,9.0,16.800003051757812,-4.1999969482421875,19.516149131022633,,,,,,,,,,,,,,,,,,,,,,,
829,s0_original,s0_original,identity,True,0.6000000238418579,0.6000000238418579,0.6000000238418579,True,0.5,,13,8943.69706617169,5638.6806721830635,0.6304641839346954,0.5497414288450488,7,6,10.800001287460379,17.547652789040647,0.8485281711413358,1,13,13,0,0.0,0.0,13,41406,8943.697066171688,0.8288625598371675,0.7966236777278656,0.8638208720701847,0.7077414925116938,32985,8421,5200,8247.960983233492,695.736082938196,0.08435249443498735,0.8968717844618197,0.8681699913269731,0.927536231884058,3.9799499065754738,90.13590098110559,1.0239286755932884,1.3395536827491745,0.7098698453196473,1153,691.8000274896622,28,28,9,1.644674258156084,7.229931201943288,True,True,0.8288625598371675,0.0,True,/Users/angadkumar16ak/Projects/Automated_Cardiovascular_Segmentation_for_Bioprinting_Project/outputs/topology_correction/case_outputs/829/mask__s0_original.nii.gz,/Users/angadkumar16ak/Projects/Automated_Cardiovascular_Segmentation_for_Bioprinting_Project/outputs/topology_correction/case_outputs/829/mask__s0_original.nii.gz,ok,3.0,13.0,True,0.0,12.0,10332.141241234503,8784.595047205248,153.60000610351562,151.80000603199005,83.40000331401825,0.4242640855706679,0.6000000238418579,0.5903408197853925,/Users/angadkumar16ak/Projects/Automated_Cardiovascular_Segmentation_for_Bioprinting_Project/outputs/topology_correction/mesh_qc/s0_original/case_outputs/829__s0_original/segmentation_raw.stl,/Users/angadkumar16ak/Projects/Automated_Cardiovascular_Segmentation_for_Bioprinting_Project/outputs/topology_correction/mesh_qc/s0_original/case_outputs/829__s0_original/segmentation_repaired.stl,/Users/angadkumar16ak/Projects/Automated_Cardiovascular_Segmentation_for_Bioprinting_Project/outputs/topology_correction/mesh_qc/s0_original/case_outputs/829__s0_original/segmentation_smoothed.stl,True,0.5894278259147702,3.141592653589793,0.5360830724743241,3.140964372661008,-0.0029823926339524265,0.07981934985267836,True,"phaseb_mesh_qc.run_phaseb_for_case (repository implementation, unmodified)",50.0,41.0,41.0,1.0,True,-37.76788844210867,193.87451264628555,-179.51875853916818,-39.92149474656253,193.96120090540222,-181.5980733560323,2.994843080443913,True,/Users/angadkumar16ak/Projects/Automated_Cardiovascular_Segmentation_for_Bioprinting_Project/outputs/topology_correction/mesh_qc/s0_original/case_outputs/829__s0_original/segmentation_repaired.stl,ok,exact_point_to_surface,86734.0,89667.0,2.1642497454615546,1.0890656795174383,4.323959736878909,90.13590026375431,0.6646801887983551,1.4995695566631992,8099.191241709178,8784.595160221601,685.4039185124229,0.08462621736633813,1.3350189295997759,45.599998474121094,40.79999542236328,0.600006103515625,61.19117170498508,,,,,,,,,,,,,,,,,,,,,,,
830,s0_original,s0_original,identity,True,0.6000000238418579,0.6000000238418579,0.6000000238418579,True,0.5,,9,6168.096735294371,3990.1684756651116,0.6469043283373023,0.5343474259730417,4,5,4.968000592231774,5.552733772537954,0.8485281711413358,1,9,9,0,0.0,0.0,9,28556,6168.096735294372,0.8325854068401856,0.7634122426110099,0.9155432363193482,0.7131874243465175,21800,6756,2011,5143.176613114381,1024.9201221799904,0.19927764478602336,0.8929840830543125,0.8123486682808717,0.9913916786226685,2.6153394700486534,62.29318027191797,0.8008699140623965,1.290755283561545,0.26194151535866134,826,495.60001969337463,18,10,7,1.8265846619430273,8.640236421891595,True,True,0.8325854068401856,0.0,True,/Users/angadkumar16ak/Projects/Automated_Cardiovascular_Segmentation_for_Bioprinting_Project/outputs/topology_correction/case_outputs/830/mask__s0_original.nii.gz,/Users/angadkumar16ak/Projects/Automated_Cardiovascular_Segmentation_for_Bioprinting_Project/outputs/topology_correction/case_outputs/830/mask__s0_original.nii.gz,ok,3.0,9.0,True,0.0,7.0,7399.400800010134,6052.0057214552435,111.60000443458557,111.60000443458557,85.80000340938568,0.4242640855706679,0.6000000238418579,0.5895810703206773,/Users/angadkumar16ak/Projects/Automated_Cardiovascular_Segmentation_for_Bioprinting_Project/outputs/topology_correction/mesh_qc/s0_original/case_outputs/830__s0_original/segmentation_raw.stl,/Users/angadkumar16ak/Projects/Automated_Cardiovascular_Segmentation_for_Bioprinting_Project/outputs/topology_correction/mesh_qc/s0_original/case_outputs/830__s0_original/segmentation_repaired.stl,/Users/angadkumar16ak/Projects/Automated_Cardiovascular_Segmentation_for_Bioprinting_Project/outputs/topology_correction/mesh_qc/s0_original/case_outputs/830__s0_original/segmentation_smoothed.stl,True,0.5736302118622528,3.141592653589793,0.5254525077221965,3.141055805877911,-0.0031360469978456746,0.056975766914133634,True,"phaseb_mesh_qc.run_phaseb_for_case (repository implementation, unmodified)",50.0,47.0,47.0,1.0,True,-32.144560096402145,181.93085760516868,-162.46660579701552,-33.58885241166302,183.37892809911745,-164.6277745166718,2.9754896541892677,True,/Users/angadkumar16ak/Projects/Automated_Cardiovascular_Segmentation_for_Bioprinting_Project/outputs/topology_correction/mesh_qc/s0_original/case_outputs/830__s0_original/segmentation_repaired.stl,ok,exact_point_to_surface,74077.0,78497.0,1.6094851150181069,0.8218399409369752,2.742072797441517,62.29317924427119,0.21455790159688293,1.3949272134212238,5043.150122501088,6052.005468922288,1008.8553464212,0.20004467880501456,4.466222170532963,13.80000114440918,8.400001525878906,6.0,17.233689599748008,,,,,,,,,,,,,,,,,,,,,,,
831,s0_original,s0_original,identity,True,0.6000000238418579,0.6000000238418579,0.6000000238418579,True,0.5,,8,9193.393095937772,4624.344551264785,0.5030073774728632,0.94422906254379,7,1,29.268003489017623,5.264978841646728,0.8485281711413358,2,8,8,0,0.0,0.0,8,42562,9193.393095937772,0.8322451157236859,0.7696536816878906,0.9059181415929204,0.7126881907579845,32758,9804,3402,7810.560931091346,1382.8321648464262,0.17704646017699105,0.8893600886206344,0.8404471544715447,0.9443181818181818,3.811232816236945,45.2831112332608,1.0463433127677337,1.5542237627646782,0.5102980208311712,984,590.4000234603882,24,24,6,1.5098106327411516,7.305343654312441,True,True,0.8322451157236859,0.0,True,/Users/angadkumar16ak/Projects/Automated_Cardiovascular_Segmentation_for_Bioprinting_Project/outputs/topology_correction/case_outputs/831/mask__s0_original.nii.gz,/Users/angadkumar16ak/Projects/Automated_Cardiovascular_Segmentation_for_Bioprinting_Project/outputs/topology_correction/case_outputs/831/mask__s0_original.nii.gz,ok,3.0,8.0,True,0.0,7.0,9528.859319974357,9060.62508011059,115.80000460147858,97.80000388622284,103.80000412464142,0.4242640855706679,0.6000000238418579,0.5912278347474285,/Users/angadkumar16ak/Projects/Automated_Cardiovascular_Segmentation_for_Bioprinting_Project/outputs/topology_correction/mesh_qc/s0_original/case_outputs/831__s0_original/segmentation_raw.stl,/Users/angadkumar16ak/Projects/Automated_Cardiovascular_Segmentation_for_Bioprinting_Project/outputs/topology_correction/mesh_qc/s0_original/case_outputs/831__s0_original/segmentation_repaired.stl,/Users/angadkumar16ak/Projects/Automated_Cardiovascular_Segmentation_for_Bioprinting_Project/outputs/topology_correction/mesh_qc/s0_original/case_outputs/831__s0_original/segmentation_smoothed.stl,True,0.5777382605253116,3.141592653589793,0.5203642535557942,3.138159342784641,-0.00220412609730476,0.1350735397772661,True,"phaseb_mesh_qc.run_phaseb_for_case (repository implementation, unmodified)",50.0,50.0,50.0,1.0,True,-11.461642985628274,181.712118427686,-171.35798377088517,-16.185459994333026,181.28496802110294,-173.83665451525718,5.351701903187254,True,/Users/angadkumar16ak/Projects/Automated_Cardiovascular_Segmentation_for_Bioprinting_Project/outputs/topology_correction/mesh_qc/s0_original/case_outputs/831__s0_original/segmentation_repaired.stl,ok,exact_point_to_surface,82116.0,86449.0,1.9683479105526278,0.9979657937055979,3.750206791273545,45.24639228817626,0.4476354727394453,1.5207124378131824,7691.013099104343,9060.625219694068,1369.6121205897243,0.1780795459507438,3.2344708415741676,0.5999984741210938,-1.1999969482421875,-0.5999908447265625,1.469686993374405,,,,,,,,,,,,,,,,,,,,,,,
832,s0_original,s0_original,identity,True,0.6000000238418579,0.6000000238418579,0.6000000238418579,True,0.5,,4,9023.617075698896,5098.680607810044,0.5650373420145538,0.759881381063334,3,1,1962.3602339315507,15.202631955282206,0.8485281711413358,1,4,4,0,0.0,0.0,4,41776,9023.617075698896,0.8288905041961276,0.7506463040980468,0.92534450706719,0.7077822416828421,31359,10417,2530,7320.024872614896,1703.5922030840002,0.23273038449054265,0.9459466669037816,0.9159663865546218,0.9779559118236473,0.8485281711413358,22.601770740318475,0.5506135920406914,0.66088623333811,0.4308398179387594,1071,642.6000255346298,18,20,3,0.8499524953332197,2.7495455262306225,True,True,0.8288905041961276,0.0,True,/Users/angadkumar16ak/Projects/Automated_Cardiovascular_Segmentation_for_Bioprinting_Project/outputs/topology_correction/case_outputs/832/mask__s0_original.nii.gz,/Users/angadkumar16ak/Projects/Automated_Cardiovascular_Segmentation_for_Bioprinting_Project/outputs/topology_correction/case_outputs/832/mask__s0_original.nii.gz,ok,3.0,4.0,True,0.0,3.0,9942.52325982938,8880.724058664722,122.40000486373901,93.60000371932983,88.80000352859497,0.4242640855706679,0.6000000238418579,0.5912501790601269,/Users/angadkumar16ak/Projects/Automated_Cardiovascular_Segmentation_for_Bioprinting_Project/outputs/topology_correction/mesh_qc/s0_original/case_outputs/832__s0_original/segmentation_raw.stl,/Users/angadkumar16ak/Projects/Automated_Cardiovascular_Segmentation_for_Bioprinting_Project/outputs/topology_correction/mesh_qc/s0_original/case_outputs/832__s0_original/segmentation_repaired.stl,/Users/angadkumar16ak/Projects/Automated_Cardiovascular_Segmentation_for_Bioprinting_Project/outputs/topology_correction/mesh_qc/s0_original/case_outputs/832__s0_original/segmentation_smoothed.stl,True,0.5883712762088626,3.141592653589793,0.5316048537214307,3.1405554983742894,-0.0022266265782505527,0.09684986595174262,True,"phaseb_mesh_qc.run_phaseb_for_case (repository implementation, unmodified)",50.0,50.0,50.0,1.0,True,-16.941143598035126,173.54884634604116,126.62938934131424,-20.217058880523957,174.01365652853326,124.82844849612698,3.7671019858315504,True,/Users/angadkumar16ak/Projects/Automated_Cardiovascular_Segmentation_for_Bioprinting_Project/outputs/topology_correction/mesh_qc/s0_original/case_outputs/832__s0_original/segmentation_repaired.stl,ok,exact_point_to_surface,84551.0,88032.0,0.989900239463233,0.49746108729218513,0.9302547963336576,22.601769990308146,0.3704599403275321,0.6194402991357009,7184.593471074478,8880.724202081807,1696.130731007329,0.2360788731938743,0.8351892582858415,-0.5999984741210938,0.600006103515625,0.0,0.8485313743189722,,,,,,,,,,,,,,,,,,,,,,,
833,s0_original,s0_original,identity,True,0.6000000238418579,0.6000000238418579,0.6000000238418579,True,0.5,,6,7254.792864838634,4001.8324770555687,0.5516122309226784,0.7621309440276353,5,1,91.1520108661656,10.200000405311584,2.8142495677222836,0,6,6,0,0.0,0.0,6,33587,7254.792864838635,0.8378429220881016,0.7956352160061929,0.8847796576499023,0.720937761351067,26723,6864,3480,6523.848777703316,730.944087135319,0.11204185014733645,0.9116910920978661,0.9096385542168675,0.9137529137529138,3.6000001430511475,38.39062538081767,1.0606542952773546,1.3441875270683001,0.7715641826020324,830,498.00001978874207,16,12,6,1.6582598652230371,9.099450894441539,True,True,0.8378429220881016,0.0,True,/Users/angadkumar16ak/Projects/Automated_Cardiovascular_Segmentation_for_Bioprinting_Project/outputs/topology_correction/case_outputs/833/mask__s0_original.nii.gz,/Users/angadkumar16ak/Projects/Automated_Cardiovascular_Segmentation_for_Bioprinting_Project/outputs/topology_correction/case_outputs/833/mask__s0_original.nii.gz,ok,3.0,6.0,True,0.0,6.0,8069.440035263662,7135.776850650819,116.40000462532043,90.00000357627869,82.20000326633453,0.4242640855706679,0.6000000238418579,0.5905434036353231,/Users/angadkumar16ak/Projects/Automated_Cardiovascular_Segmentation_for_Bioprinting_Project/outputs/topology_correction/mesh_qc/s0_original/case_outputs/833__s0_original/segmentation_raw.stl,/Users/angadkumar16ak/Projects/Automated_Cardiovascular_Segmentation_for_Bioprinting_Project/outputs/topology_correction/mesh_qc/s0_original/case_outputs/833__s0_original/segmentation_repaired.stl,/Users/angadkumar16ak/Projects/Automated_Cardiovascular_Segmentation_for_Bioprinting_Project/outputs/topology_correction/mesh_qc/s0_original/case_outputs/833__s0_original/segmentation_smoothed.stl,True,0.5863516076754652,3.141592653589793,0.531859751432789,3.1397537549998344,-0.002362658330759638,0.09232738857295977,True,"phaseb_mesh_qc.run_phaseb_for_case (repository implementation, unmodified)",50.0,50.0,50.0,1.0,True,-47.758496569760894,156.08804799970775,73.74197870432066,-50.1492631942201,156.62848969180266,71.6315430846095,3.234467619273388,True,/Users/angadkumar16ak/Projects/Automated_Cardiovascular_Segmentation_for_Bioprinting_Project/outputs/topology_correction/mesh_qc/s0_original/case_outputs/833__s0_original/segmentation_repaired.stl,ok,exact_point_to_surface,80258.0,80958.0,2.0899784915318977,1.046324927532594,4.069398046122563,38.390623104109395,0.7373702862067112,1.3526082053251867,6405.174745771888,7135.776676518352,730.601930746464,0.11406432451023146,3.506181587610353,-1.8000030517578125,3.0,0.0,3.4985727070246,,,,,,,,,,,,,,,,,,,,,,,
834,s0_original,s0_original,identity,True,0.6000000238418579,0.6000000238418579,0.6000000238418579,True,0.5,,7,8506.729014081042,4582.4405462694385,0.5386842038442983,0.8250765967475843,6,1,43.200005149841516,3.4209647904063756,0.8485281711413358,1,7,7,0,0.0,0.0,7,39383,8506.729014081042,0.821221304737249,0.8497575095853541,0.7945394112060779,0.6966713158606908,33466,5917,8654,9097.921084556623,-591.1920704755812,-0.06498100664767333,0.9131304067777047,0.8911070780399274,0.936269915651359,3.0594118297257697,19.553005661126996,0.6143257759859899,0.7219290517603095,0.5181437247763306,1102,661.2000262737274,28,26,6,0.9954345732032099,5.1264024508954416,True,True,0.821221304737249,0.0,True,/Users/angadkumar16ak/Projects/Automated_Cardiovascular_Segmentation_for_Bioprinting_Project/outputs/topology_correction/case_outputs/834/mask__s0_original.nii.gz,/Users/angadkumar16ak/Projects/Automated_Cardiovascular_Segmentation_for_Bioprinting_Project/outputs/topology_correction/case_outputs/834/mask__s0_original.nii.gz,ok,3.0,7.0,True,0.0,6.0,9763.582696434732,8352.32499567465,103.20000410079956,109.20000433921814,93.60000371932983,0.4242640855706679,0.6000000238418579,0.5902290851750777,/Users/angadkumar16ak/Projects/Automated_Cardiovascular_Segmentation_for_Bioprinting_Project/outputs/topology_correction/mesh_qc/s0_original/case_outputs/834__s0_original/segmentation_raw.stl,/Users/angadkumar16ak/Projects/Automated_Cardiovascular_Segmentation_for_Bioprinting_Project/outputs/topology_correction/mesh_qc/s0_original/case_outputs/834__s0_original/segmentation_repaired.stl,/Users/angadkumar16ak/Projects/Automated_Cardiovascular_Segmentation_for_Bioprinting_Project/outputs/topology_correction/mesh_qc/s0_original/case_outputs/834__s0_original/segmentation_smoothed.stl,True,0.5800513360316542,3.141592653589793,0.5259134997885522,3.140435765504565,-0.0029592271632377424,0.09694538252545515,True,"phaseb_mesh_qc.run_phaseb_for_case (repository implementation, unmodified)",50.0,50.0,50.0,1.0,True,-45.42272294654019,201.9155756353082,-181.72232603886346,-48.53934237262948,201.90143012407762,-184.49889610126752,4.174069723184267,True,/Users/angadkumar16ak/Projects/Automated_Cardiovascular_Segmentation_for_Bioprinting_Project/outputs/topology_correction/mesh_qc/s0_original/case_outputs/834__s0_original/segmentation_repaired.stl,ok,exact_point_to_surface,88426.0,87501.0,1.2129841848154537,0.6058019295999241,3.2916973974756294,19.553010175143516,0.47522909533925556,0.7377550894761982,8947.71132028842,8352.324879594751,-595.3864406936682,-0.06654064032482404,2.0673319422247305,-0.5999984741210938,3.0,3.600006103515625,4.724409181505916,,,,,,,,,,,,,,,,,,,,,,,
835,s0_original,s0_original,identity,True,0.6000000238418579,0.6000000238418579,0.6000000238418579,True,0.5,,9,6253.416745465309,3080.8083672609478,0.4926600117439812,0.5102713314169529,8,1,120.52801436805782,3.8418746951220877,2.5455845134240076,0,9,9,0,0.0,0.0,9,28951,6253.416745465308,0.7773413730154339,0.7280577527546545,0.8337816455696202,0.6357795674599583,21078,7873,4202,5460.480650939968,792.9360945253402,0.14521360759493657,0.880850483298048,0.8309659090909091,0.9371069182389937,4.368066107139657,44.34320868260524,1.211116019108441,1.8444353815891479,0.5247930844452602,704,422.40001678466797,23,7,9,1.9598459234800814,7.082692550503143,True,True,0.7773413730154339,0.0,True,/Users/angadkumar16ak/Projects/Automated_Cardiovascular_Segmentation_for_Bioprinting_Project/outputs/topology_correction/case_outputs/835/mask__s0_original.nii.gz,/Users/angadkumar16ak/Projects/Automated_Cardiovascular_Segmentation_for_Bioprinting_Project/outputs/topology_correction/case_outputs/835/mask__s0_original.nii.gz,ok,3.0,9.0,True,0.0,9.0,6915.442982717203,6149.358733060627,111.00000441074371,90.60000360012054,84.00000333786011,0.4242640855706679,0.6000000238418579,0.5911938954648386,/Users/angadkumar16ak/Projects/Automated_Cardiovascular_Segmentation_for_Bioprinting_Project/outputs/topology_correction/mesh_qc/s0_original/case_outputs/835__s0_original/segmentation_raw.stl,/Users/angadkumar16ak/Projects/Automated_Cardiovascular_Segmentation_for_Bioprinting_Project/outputs/topology_correction/mesh_qc/s0_original/case_outputs/835__s0_original/segmentation_repaired.stl,/Users/angadkumar16ak/Projects/Automated_Cardiovascular_Segmentation_for_Bioprinting_Project/outputs/topology_correction/mesh_qc/s0_original/case_outputs/835__s0_original/segmentation_smoothed.stl,True,0.5927352059860771,3.141592653589793,0.5285331356928761,3.140704962167576,-0.002861947150787787,0.10780283928016303,True,"phaseb_mesh_qc.run_phaseb_for_case (repository implementation, unmodified)",50.0,48.0,48.0,1.0,True,-36.597384862103254,180.03605472052894,127.14376554490865,-40.473790684025474,178.88291830520947,125.65109984466709,4.3109507746257005,True,/Users/angadkumar16ak/Projects/Automated_Cardiovascular_Segmentation_for_Bioprinting_Project/outputs/topology_correction/mesh_qc/s0_original/case_outputs/835__s0_original/segmentation_repaired.stl,ok,exact_point_to_surface,73919.0,76461.0,2.3952446759441086,1.210213047696782,4.412512031757312,44.343208427751726,0.4527793291582891,1.9424653467858193,5371.9750743713985,6149.358984238895,777.3839098674962,0.14471100463146913,6.402672050736551,4.19999885559082,2.3999786376953125,7.1999969482421875,8.674090378999683,,,,,,,,,,,,,,,,,,,,,,,
836,s0_original,s0_original,identity,True,0.6000000238418579,0.6000000238418579,0.6000000238418579,True,0.5,,10,5454.864650270487,2893.752344962134,0.5304902193711889,0.8651190565051876,6,4,8.532001017093698,3.3941126845653433,0.8485281711413358,2,10,10,0,0.0,0.0,10,25254,5454.864650270488,0.841239945065725,0.8489348222063832,0.8336833100015555,0.7259828654634113,21439,3815,4277,5554.656662166622,-99.79201189613377,-0.017965468968735396,0.927813398187044,0.9790419161676647,0.8816793893129771,1.4696939040702932,45.71433217364534,0.6143682089295809,0.5773746467980725,0.6475201210362679,668,400.8000159263611,15,11,6,1.1196673545073268,4.4107391345314655,True,True,0.841239945065725,0.0,True,/Users/angadkumar16ak/Projects/Automated_Cardiovascular_Segmentation_for_Bioprinting_Project/outputs/topology_correction/case_outputs/836/mask__s0_original.nii.gz,/Users/angadkumar16ak/Projects/Automated_Cardiovascular_Segmentation_for_Bioprinting_Project/outputs/topology_correction/case_outputs/836/mask__s0_original.nii.gz,ok,3.0,10.0,True,0.0,8.0,6291.5318355405425,5355.5136384269235,109.20000433921814,87.0000034570694,99.00000393390656,0.4242640855706679,0.6000000238418579,0.5882072273969026,/Users/angadkumar16ak/Projects/Automated_Cardiovascular_Segmentation_for_Bioprinting_Project/outputs/topology_correction/mesh_qc/s0_original/case_outputs/836__s0_original/segmentation_raw.stl,/Users/angadkumar16ak/Projects/Automated_Cardiovascular_Segmentation_for_Bioprinting_Project/outputs/topology_correction/mesh_qc/s0_original/case_outputs/836__s0_original/segmentation_repaired.stl,/Users/angadkumar16ak/Projects/Automated_Cardiovascular_Segmentation_for_Bioprinting_Project/outputs/topology_correction/mesh_qc/s0_original/case_outputs/836__s0_original/segmentation_smoothed.stl,True,0.5818142419551503,3.141592653589793,0.5192000458313362,3.1391939047306865,-0.0033309319428673203,0.08533301655183337,True,"phaseb_mesh_qc.run_phaseb_for_case (repository implementation, unmodified)",50.0,49.0,49.0,1.0,True,-38.502375546039445,146.8560940758004,556.364127720201,-41.17460576558982,146.50692341301624,554.1616151728093,3.4804878996263415,True,/Users/angadkumar16ak/Projects/Automated_Cardiovascular_Segmentation_for_Bioprinting_Project/outputs/topology_correction/mesh_qc/s0_original/case_outputs/836__s0_original/segmentation_repaired.stl,ok,exact_point_to_surface,76926.0,74368.0,1.229721446617233,0.6146523174667298,1.5405657699502497,45.65779465774731,0.6025344709855485,0.6271869756316845,5443.417853281635,5355.512586126856,-87.90526715477881,-0.01614891039492476,3.0524139082602706,1.8000030517578125,-1.1999969482421875,21.0,21.11113458964553,,,,,,,,,,,,,,,,,,,,,,,
837,s0_original,s0_original,identity,True,0.6000000238418579,0.6000000238418579,0.6000000238418579,True,0.5,,5,8524.441016192475,4705.5605609464865,0.5520081084505258,0.8003213220105578,4,1,35.64000424861925,7.699466165988511,2.9393878081405864,0,5,5,0,0.0,0.0,5,39465,8524.441016192477,0.8029697942827343,0.7412897504117573,0.8758457577390576,0.6708016142346144,29255,10210,4147,7214.832860075031,1309.608156117446,0.18151607688162394,0.8601307436135659,0.8222453222453222,0.9016759776536313,6.059703203808208,20.871033386451625,0.9684970599813367,1.260179833236069,0.6502792310486709,962,577.2000229358673,19,31,5,1.4909009549414594,8.03193157988475,True,True,0.8029697942827343,0.0,True,/Users/angadkumar16ak/Projects/Automated_Cardiovascular_Segmentation_for_Bioprinting_Project/outputs/topology_correction/case_outputs/837/mask__s0_original.nii.gz,/Users/angadkumar16ak/Projects/Automated_Cardiovascular_Segmentation_for_Bioprinting_Project/outputs/topology_correction/case_outputs/837/mask__s0_original.nii.gz,ok,3.0,5.0,True,0.0,5.0,9143.21603446691,8390.41300021509,100.80000400543213,94.80000376701355,86.40000343322754,0.4242640855706679,0.6000000238418579,0.5894057563568551,/Users/angadkumar16ak/Projects/Automated_Cardiovascular_Segmentation_for_Bioprinting_Project/outputs/topology_correction/mesh_qc/s0_original/case_outputs/837__s0_original/segmentation_raw.stl,/Users/angadkumar16ak/Projects/Automated_Cardiovascular_Segmentation_for_Bioprinting_Project/outputs/topology_correction/mesh_qc/s0_original/case_outputs/837__s0_original/segmentation_repaired.stl,/Users/angadkumar16ak/Projects/Automated_Cardiovascular_Segmentation_for_Bioprinting_Project/outputs/topology_correction/mesh_qc/s0_original/case_outputs/837__s0_original/segmentation_smoothed.stl,True,0.587300232662355,3.141592653589793,0.5280041679907195,3.141066290926794,-0.0023775032467332246,0.11861142784745977,True,"phaseb_mesh_qc.run_phaseb_for_case (repository implementation, unmodified)",50.0,50.0,50.0,1.0,True,-41.992538461436894,183.8329808027379,108.83570491343295,-45.78174524063526,184.86824700213498,107.60529578931346,4.116281177452949,True,/Users/angadkumar16ak/Projects/Automated_Cardiovascular_Segmentation_for_Bioprinting_Project/outputs/topology_correction/mesh_qc/s0_original/case_outputs/837__s0_original/segmentation_repaired.stl,ok,exact_point_to_surface,82122.0,85234.0,1.8399052568502037,0.9260882969024566,6.0299261697842805,20.871035847057044,0.5899908888055028,1.249914368044701,7095.484002204289,8390.413295465602,1294.9292932613125,0.1825004880370428,6.329382092750277,0.0,-2.4000091552734375,2.3999977111816406,3.394117405022023,,,,,,,,,,,,,,,,,,,,,,,
838,s0_original,s0_original,identity,True,0.6000000238418579,0.6000000238418579,0.6000000238418579,True,0.5,,9,6589.080785479577,3482.136415102975,0.5284707425012293,0.7466658395881149,8,1,96.76801153564499,2.5642328420843197,1.0392305258366357,1,9,9,0,0.0,0.0,9,30505,6589.080785479577,0.7924198642564344,0.7731191607933126,0.8127089148488921,0.6562047857540345,23584,6921,5435,6268.1047472162545,320.97603826332215,0.05120782935318235,0.8742178719522081,0.8479212253829321,0.9021978021978022,6.172997186132551,24.067406300510658,1.039011036291221,1.4097152606447703,0.6673590382361689,914,548.4000217914581,22,22,8,1.5155212084226546,9.036921811541431,True,True,0.7924198642564344,0.0,True,/Users/angadkumar16ak/Projects/Automated_Cardiovascular_Segmentation_for_Bioprinting_Project/outputs/topology_correction/case_outputs/838/mask__s0_original.nii.gz,/Users/angadkumar16ak/Projects/Automated_Cardiovascular_Segmentation_for_Bioprinting_Project/outputs/topology_correction/case_outputs/838/mask__s0_original.nii.gz,ok,3.0,9.0,True,0.0,9.0,7984.53024408728,6457.113769747883,97.80000388622284,76.20000302791595,97.20000386238098,0.4242640855706679,0.6000000238418579,0.5903687527848326,/Users/angadkumar16ak/Projects/Automated_Cardiovascular_Segmentation_for_Bioprinting_Project/outputs/topology_correction/mesh_qc/s0_original/case_outputs/838__s0_original/segmentation_raw.stl,/Users/angadkumar16ak/Projects/Automated_Cardiovascular_Segmentation_for_Bioprinting_Project/outputs/topology_correction/mesh_qc/s0_original/case_outputs/838__s0_original/segmentation_repaired.stl,/Users/angadkumar16ak/Projects/Automated_Cardiovascular_Segmentation_for_Bioprinting_Project/outputs/topology_correction/mesh_qc/s0_original/case_outputs/838__s0_original/segmentation_smoothed.stl,True,0.5622683467184731,3.141592653589793,0.5082453232703964,3.140032973023222,-0.0034196623869191243,0.07041468611703,True,"phaseb_mesh_qc.run_phaseb_for_case (repository implementation, unmodified)",50.0,50.0,50.0,1.0,True,-33.978922268383386,150.98942668456323,115.16632874567692,-35.98268329624932,150.46930878451926,112.20882594912244,3.6100420604707724,True,/Users/angadkumar16ak/Projects/Automated_Cardiovascular_Segmentation_for_Bioprinting_Project/outputs/topology_correction/mesh_qc/s0_original/case_outputs/838__s0_original/segmentation_repaired.stl,ok,exact_point_to_surface,80228.0,80649.0,2.047903856767757,1.0249631406982962,6.462198335258759,24.06740735553025,0.6375367181544477,1.4103671386133092,6148.954302032819,6457.114252021154,308.15994998833503,0.05011583024555226,3.9824223128621803,1.1999969482421875,-0.5999984741210938,1.1999969482421875,1.7999954223632812,,,,,,,,,,,,,,,,,,,,,,,
839,s0_original,s0_original,identity,True,0.6000000238418579,0.6000000238418579,0.6000000238418579,True,0.5,,5,6214.320740804703,3881.3044626875107,0.624574209245742,0.5892926707106684,3,2,44.49600530433676,3.1209373952447597,0.8485281711413358,1,5,5,0,0.0,0.0,5,28770,6214.320740804702,0.835097178454981,0.7967674661105318,0.8773010830877569,0.7168814110582937,22923,5847,3206,5643.864672801044,570.4560680036575,0.10107543342646108,0.9562876647548836,0.9591836734693877,0.9534090909090909,0.8485281711413358,11.0797116278398,0.4278493983807923,0.37712260217512394,0.47721597865563326,833,499.80001986026764,17,23,4,0.706574975689059,1.9899749532877369,True,True,0.835097178454981,0.0,True,/Users/angadkumar16ak/Projects/Automated_Cardiovascular_Segmentation_for_Bioprinting_Project/outputs/topology_correction/case_outputs/839/mask__s0_original.nii.gz,/Users/angadkumar16ak/Projects/Automated_Cardiovascular_Segmentation_for_Bioprinting_Project/outputs/topology_correction/case_outputs/839/mask__s0_original.nii.gz,ok,3.0,5.0,True,0.0,4.0,7404.36592459895,6100.920727286368,105.60000419616699,100.80000400543213,99.00000393390656,0.4242640855706679,0.6000000238418579,0.5894220154484748,/Users/angadkumar16ak/Projects/Automated_Cardiovascular_Segmentation_for_Bioprinting_Project/outputs/topology_correction/mesh_qc/s0_original/case_outputs/839__s0_original/segmentation_raw.stl,/Users/angadkumar16ak/Projects/Automated_Cardiovascular_Segmentation_for_Bioprinting_Project/outputs/topology_correction/mesh_qc/s0_original/case_outputs/839__s0_original/segmentation_repaired.stl,/Users/angadkumar16ak/Projects/Automated_Cardiovascular_Segmentation_for_Bioprinting_Project/outputs/topology_correction/mesh_qc/s0_original/case_outputs/839__s0_original/segmentation_smoothed.stl,True,0.5640633957693246,3.141592653589793,0.5078445115086232,3.132127741355147,-0.0030571647650780636,0.06273896419881822,True,"phaseb_mesh_qc.run_phaseb_for_case (repository implementation, unmodified)",50.0,50.0,50.0,1.0,True,-32.679814132688605,172.8481113465246,113.5470217718488,-33.2989722126701,173.69479559386752,110.82104765545715,2.920815952082959,True,/Users/angadkumar16ak/Projects/Automated_Cardiovascular_Segmentation_for_Bioprinting_Project/outputs/topology_correction/mesh_qc/s0_original/case_outputs/839__s0_original/segmentation_repaired.stl,ok,exact_point_to_surface,78740.0,78532.0,0.77067187855574,0.38540675728523355,0.8515981817664466,11.079710691786005,0.43888252415328455,0.3317893544024555,5523.931426371627,6100.921182027942,576.9897556563155,0.10445273685001355,2.4943288001905266,-1.1999969482421875,0.0,-2.4000015258789062,2.683281573001917,,,,,,,,,,,,,,,,,,,,,,,
840,s0_original,s0_original,identity,True,0.6000000238418579,0.6000000238418579,0.6000000238418579,True,0.5,,13,7292.592869344745,4050.864482900639,0.55547657129317,0.6625253279300416,8,5,11.232001338958794,7.152441049548877,0.8485281711413358,3,13,13,0,0.0,0.0,13,33762,7292.592869344746,0.8014588358373775,0.8168651146259108,0.7866229321163719,0.6686952937468177,27579,6183,7481,7572.960902767218,-280.36803342247185,-0.03702224757558477,0.8876853148369414,0.878391959798995,0.8971774193548387,5.692100014486806,49.846967786093145,1.2001091906970969,1.461086641700278,0.9635784620742357,995,597.0000237226486,27,22,10,1.58604909030785,7.716446497324393,True,True,0.8014588358373775,0.0,True,/Users/angadkumar16ak/Projects/Automated_Cardiovascular_Segmentation_for_Bioprinting_Project/outputs/topology_correction/case_outputs/840/mask__s0_original.nii.gz,/Users/angadkumar16ak/Projects/Automated_Cardiovascular_Segmentation_for_Bioprinting_Project/outputs/topology_correction/case_outputs/840/mask__s0_original.nii.gz,ok,3.0,13.0,True,0.0,12.0,8642.155467221928,7155.540853006872,119.40000474452972,99.60000395774841,87.0000034570694,0.4242640855706679,0.6000000238418579,0.5921066574914814,/Users/angadkumar16ak/Projects/Automated_Cardiovascular_Segmentation_for_Bioprinting_Project/outputs/topology_correction/mesh_qc/s0_original/case_outputs/840__s0_original/segmentation_raw.stl,/Users/angadkumar16ak/Projects/Automated_Cardiovascular_Segmentation_for_Bioprinting_Project/outputs/topology_correction/mesh_qc/s0_original/case_outputs/840__s0_original/segmentation_repaired.stl,/Users/angadkumar16ak/Projects/Automated_Cardiovascular_Segmentation_for_Bioprinting_Project/outputs/topology_correction/mesh_qc/s0_original/case_outputs/840__s0_original/segmentation_smoothed.stl,True,0.5780166544100113,3.141592653589793,0.5233391344646069,3.141592653589793,-0.0031548551845649664,0.07345536401871927,True,"phaseb_mesh_qc.run_phaseb_for_case (repository implementation, unmodified)",50.0,49.0,49.0,1.0,True,-40.610056399864774,177.16536623954164,134.59634732327947,-42.883076624641625,177.03666368578,132.77972484262224,2.9126109466968972,True,/Users/angadkumar16ak/Projects/Automated_Cardiovascular_Segmentation_for_Bioprinting_Project/outputs/topology_correction/mesh_qc/s0_original/case_outputs/840__s0_original/segmentation_repaired.stl,ok,exact_point_to_surface,83696.0,82948.0,2.4568089696160706,1.2270365056218755,6.093654150330434,49.84697362041003,0.9236377421630777,1.5331712274529927,7438.79772045486,7155.54004802533,-283.2576724295295,-0.03807842114736374,6.296100140627128,13.199996948242188,0.0,-4.799995422363281,14.045635460466412,,,,,,,,,,,,,,,,,,,,,,,
841,s0_original,s0_original,identity,True,0.6000000238418579,0.6000000238418579,0.6000000238418579,True,0.5,,6,5176.872617131259,2568.456306183827,0.4961405265573495,0.9490370868724245,5,1,60.26400718402891,16.91744728808495,1.0392305258366357,1,6,6,0,0.0,0.0,6,23967,5176.872617131258,0.8271519452979617,0.7974715233445988,0.8591270733132558,0.7052507287553965,19113,4854,3134,4805.352572842621,371.5200442886371,0.07731379511844295,0.9266181169651481,0.9244712990936556,0.9287749287749287,1.3416408398118889,21.757758101938087,0.5953402464979938,0.7834204986954035,0.40950842314447966,662,397.20001578330994,13,36,5,0.8854108872851724,2.376749259253167,True,True,0.8271519452979617,0.0,True,/Users/angadkumar16ak/Projects/Automated_Cardiovascular_Segmentation_for_Bioprinting_Project/outputs/topology_correction/case_outputs/841/mask__s0_original.nii.gz,/Users/angadkumar16ak/Projects/Automated_Cardiovascular_Segmentation_for_Bioprinting_Project/outputs/topology_correction/case_outputs/841/mask__s0_original.nii.gz,ok,3.0,6.0,True,0.0,6.0,6073.2650825397295,5085.24360620823,93.00000369548798,87.0000034570694,82.80000329017639,0.4242640855706679,0.6000000238418579,0.5880937006653647,/Users/angadkumar16ak/Projects/Automated_Cardiovascular_Segmentation_for_Bioprinting_Project/outputs/topology_correction/mesh_qc/s0_original/case_outputs/841__s0_original/segmentation_raw.stl,/Users/angadkumar16ak/Projects/Automated_Cardiovascular_Segmentation_for_Bioprinting_Project/outputs/topology_correction/mesh_qc/s0_original/case_outputs/841__s0_original/segmentation_repaired.stl,/Users/angadkumar16ak/Projects/Automated_Cardiovascular_Segmentation_for_Bioprinting_Project/outputs/topology_correction/mesh_qc/s0_original/case_outputs/841__s0_original/segmentation_smoothed.stl,True,0.587036620351812,3.141592653589793,0.5317028233752192,3.1366891833573582,-0.002639844731786665,0.06842742103725956,True,"phaseb_mesh_qc.run_phaseb_for_case (repository implementation, unmodified)",50.0,50.0,50.0,1.0,True,-28.74677494486734,170.78783544340337,-1095.458282149325,-31.985331869819788,169.74924341426396,-1095.5190243814172,3.401560520982821,True,/Users/angadkumar16ak/Projects/Automated_Cardiovascular_Segmentation_for_Bioprinting_Project/outputs/topology_correction/mesh_qc/s0_original/case_outputs/841__s0_original/segmentation_repaired.stl,ok,exact_point_to_surface,73781.0,73520.0,1.1188541924646667,0.5590726911859442,1.2728051482976372,21.757757605560503,0.3594109363159074,0.7594432561487593,4712.334484983561,5085.241678230409,372.9071932468478,0.07913427929090408,1.1765753629747846,-3.6000003814697266,2.4000015258789062,-0.5999755859375,4.368063732882603,,,,,,,,,,,,,,,,,,,,,,,
842,s0_original,s0_original,identity,True,0.6000000238418579,0.6000000238418579,0.6000000238418579,True,0.5,,13,6836.184814936671,3414.312407017724,0.49944705993870264,0.8975770228379831,9,4,26.136003115654116,4.218732129359083,0.8485281711413358,1,13,13,0,0.0,0.0,13,31649,6836.184814936671,0.7462995055408048,0.7415716136370818,0.7510880696364567,0.5952773480102468,23470,8179,7778,6749.568804611238,86.6160103254324,0.01283282130056326,0.8550096369237389,0.845350052246604,0.8648925281473899,9.333809882554695,27.943515563643544,1.4804416477683282,2.025982454347214,0.9590829674205018,957,574.200022816658,25,17,11,1.7388956111719038,10.8470487710358,True,True,0.7462995055408048,0.0,True,/Users/angadkumar16ak/Projects/Automated_Cardiovascular_Segmentation_for_Bioprinting_Project/outputs/topology_correction/case_outputs/842/mask__s0_original.nii.gz,/Users/angadkumar16ak/Projects/Automated_Cardiovascular_Segmentation_for_Bioprinting_Project/outputs/topology_correction/case_outputs/842/mask__s0_original.nii.gz,ok,3.0,13.0,True,0.0,11.0,8433.22692508213,6698.2057984882895,108.00000429153442,99.00000393390656,96.00000381469727,0.4242640855706679,0.6000000238418579,0.5899470764521181,/Users/angadkumar16ak/Projects/Automated_Cardiovascular_Segmentation_for_Bioprinting_Project/outputs/topology_correction/mesh_qc/s0_original/case_outputs/842__s0_original/segmentation_raw.stl,/Users/angadkumar16ak/Projects/Automated_Cardiovascular_Segmentation_for_Bioprinting_Project/outputs/topology_correction/mesh_qc/s0_original/case_outputs/842__s0_original/segmentation_repaired.stl,/Users/angadkumar16ak/Projects/Automated_Cardiovascular_Segmentation_for_Bioprinting_Project/outputs/topology_correction/mesh_qc/s0_original/case_outputs/842__s0_original/segmentation_smoothed.stl,True,0.575024807029726,3.141592653589793,0.5209735850600314,3.1382478390193262,-0.0033729149761514902,0.05396694998262189,True,"phaseb_mesh_qc.run_phaseb_for_case (repository implementation, unmodified)",50.0,50.0,50.0,1.0,True,-23.94793477692029,164.52670891108517,-179.84204408543087,-25.41958353368946,164.55529740332835,-182.5638458553995,3.094312886602352,True,/Users/angadkumar16ak/Projects/Automated_Cardiovascular_Segmentation_for_Bioprinting_Project/outputs/topology_correction/mesh_qc/s0_original/case_outputs/842__s0_original/segmentation_repaired.stl,ok,exact_point_to_surface,82949.0,82428.0,2.903570597154947,1.4500828775401933,9.410797746780425,27.943517107112296,0.9113989571525808,1.9921716400023664,6613.3811889345025,6698.206679218008,84.82549028350513,0.012826342208344952,6.8058909460885335,-4.799995422363281,0.5999984741210938,-2.399993896484375,5.399993048775003,,,,,,,,,,,,,,,,,,,,,,,
843,s0_original,s0_original,identity,True,0.6000000238418579,0.6000000238418579,0.6000000238418579,True,0.5,,18,6181.92073694232,2951.4243518371723,0.47742837176799446,0.9874853629976581,7,11,2.916000347614302,5.909314915892731,0.8485281711413358,6,18,18,0,0.0,0.0,18,28620,6181.92073694232,0.7610784240709019,0.7141160027952481,0.8146524234693877,0.614307183648933,20438,8182,4650,5419.008645996119,762.9120909462008,0.14078443877551014,0.8367984007381208,0.8071942446043165,0.8686567164179104,3.5496480109101034,27.238943793137135,1.0759598117341513,1.502203768847967,0.6426334578373402,695,417.00001657009125,27,17,11,1.7610354073406247,6.81469028575178,True,True,0.7610784240709019,0.0,True,/Users/angadkumar16ak/Projects/Automated_Cardiovascular_Segmentation_for_Bioprinting_Project/outputs/topology_correction/case_outputs/843/mask__s0_original.nii.gz,/Users/angadkumar16ak/Projects/Automated_Cardiovascular_Segmentation_for_Bioprinting_Project/outputs/topology_correction/case_outputs/843/mask__s0_original.nii.gz,ok,3.0,18.0,True,0.0,13.0,6677.636828445,6082.596725101976,101.40000402927399,97.80000388622284,76.80000305175781,0.4242640855706679,0.6000000238418579,0.5908671202630617,/Users/angadkumar16ak/Projects/Automated_Cardiovascular_Segmentation_for_Bioprinting_Project/outputs/topology_correction/mesh_qc/s0_original/case_outputs/843__s0_original/segmentation_raw.stl,/Users/angadkumar16ak/Projects/Automated_Cardiovascular_Segmentation_for_Bioprinting_Project/outputs/topology_correction/mesh_qc/s0_original/case_outputs/843__s0_original/segmentation_repaired.stl,/Users/angadkumar16ak/Projects/Automated_Cardiovascular_Segmentation_for_Bioprinting_Project/outputs/topology_correction/mesh_qc/s0_original/case_outputs/843__s0_original/segmentation_smoothed.stl,True,0.5952501193231514,3.141592653589793,0.5376547001873124,3.140976415309039,-0.00306735246810773,0.11684136967155835,True,"phaseb_mesh_qc.run_phaseb_for_case (repository implementation, unmodified)",50.0,50.0,50.0,1.0,True,-18.124931294109174,181.7621341876264,-182.71125829719648,-22.59314757265049,179.97643637692707,-183.69865636965577,4.912090017136729,True,/Users/angadkumar16ak/Projects/Automated_Cardiovascular_Segmentation_for_Bioprinting_Project/outputs/topology_correction/mesh_qc/s0_original/case_outputs/843__s0_original/segmentation_repaired.stl,ok,exact_point_to_surface,74666.0,75572.0,2.1091836630031864,1.0574193672454208,3.8021687687513888,27.23894629032881,0.5857140002861593,1.523469662717027,5326.533228713613,6082.596401086776,756.0631723731622,0.14194282470584635,2.261356315712093,-3.0,12.0,-1.1999969482421875,12.427388811644647,,,,,,,,,,,,,,,,,,,,,,,
844,s0_original,s0_original,identity,True,0.6000000238418579,0.6000000238418579,0.6000000238418579,True,0.5,,12,7440.336886957204,3992.760475974102,0.5366370551007374,0.8135785772247768,8,4,12.420001480579435,8.590692979329267,2.163330851241435,0,12,12,0,0.0,0.0,12,34446,7440.336886957204,0.8350283317389064,0.8235499041978749,0.8468312486939908,0.7167799479495667,28368,6078,5131,7235.784862572705,204.55202438449942,0.028269500582106907,0.8751883387311887,0.8401997503121099,0.9132176234979973,5.264978841646728,91.69406015763465,1.1590749267706786,1.7883966524823054,0.5683216784975391,801,480.6000190973282,27,13,12,2.153264068389754,11.53744144530941,True,True,0.8350283317389064,0.0,True,/Users/angadkumar16ak/Projects/Automated_Cardiovascular_Segmentation_for_Bioprinting_Project/outputs/topology_correction/case_outputs/844/mask__s0_original.nii.gz,/Users/angadkumar16ak/Projects/Automated_Cardiovascular_Segmentation_for_Bioprinting_Project/outputs/topology_correction/case_outputs/844/mask__s0_original.nii.gz,ok,3.0,12.0,True,0.0,12.0,7745.111704066477,7326.774873419558,156.60000622272491,141.0000056028366,88.80000352859497,0.4242640855706679,0.6000000238418579,0.5905015398120116,/Users/angadkumar16ak/Projects/Automated_Cardiovascular_Segmentation_for_Bioprinting_Project/outputs/topology_correction/mesh_qc/s0_original/case_outputs/844__s0_original/segmentation_raw.stl,/Users/angadkumar16ak/Projects/Automated_Cardiovascular_Segmentation_for_Bioprinting_Project/outputs/topology_correction/mesh_qc/s0_original/case_outputs/844__s0_original/segmentation_repaired.stl,/Users/angadkumar16ak/Projects/Automated_Cardiovascular_Segmentation_for_Bioprinting_Project/outputs/topology_correction/mesh_qc/s0_original/case_outputs/844__s0_original/segmentation_smoothed.stl,True,0.594635286566322,3.141592653589793,0.5404306397191116,3.1403791757515105,-0.002560609884443078,0.13995819543633514,True,"phaseb_mesh_qc.run_phaseb_for_case (repository implementation, unmodified)",50.0,39.0,39.0,1.0,True,-38.98109055604003,195.3616373643036,153.4222520488982,-42.26986660187669,195.4893591119653,150.96127738172152,4.109593293378336,True,/Users/angadkumar16ak/Projects/Automated_Cardiovascular_Segmentation_for_Bioprinting_Project/outputs/topology_correction/mesh_qc/s0_original/case_outputs/844__s0_original/segmentation_repaired.stl,ok,exact_point_to_surface,78723.0,79726.0,2.492599040329785,1.2508616383178133,5.896452618790117,91.69406486365172,0.5255985638218095,1.9670004765079754,7128.549473643191,7326.774518769867,198.22504512667638,0.027807206200866755,4.707519935208971,48.000003814697266,32.99999237060547,-0.5999908447265625,58.25255231905918,,,,,,,,,,,,,,,,,,,,,,,
845,s0_original,s0_original,identity,True,0.6000000238418579,0.6000000238418579,0.6000000238418579,True,0.5,,10,7462.368889583622,4282.632510529538,0.5738971865230983,0.6982902103192616,6,4,9.72000115871434,17.285833035942787,0.8485281711413358,2,10,10,0,0.0,0.0,10,34548,7462.368889583623,0.8032149995777146,0.8258365173092509,0.781799747903765,0.6711439392157323,28531,6017,7963,7882.704939691581,-420.3360501079578,-0.05332383405491312,0.8962130278983708,0.8813397129186603,0.9115969581749049,6.517668553708998,48.407026207194214,1.2180542577568874,1.5604632058521553,0.911027446480507,1045,627.0000249147415,23,17,8,1.9425846246175844,11.170200049313763,True,True,0.8032149995777146,0.0,True,/Users/angadkumar16ak/Projects/Automated_Cardiovascular_Segmentation_for_Bioprinting_Project/outputs/topology_correction/case_outputs/845/mask__s0_original.nii.gz,/Users/angadkumar16ak/Projects/Automated_Cardiovascular_Segmentation_for_Bioprinting_Project/outputs/topology_correction/case_outputs/845/mask__s0_original.nii.gz,ok,3.0,10.0,False,10.0,8.0,9063.943197992925,not_watertight,138.60000550746918,112.20000445842743,128.10000509023666,0.4242640855706679,0.6000000238418579,0.5891630710553565,/Users/angadkumar16ak/Projects/Automated_Cardiovascular_Segmentation_for_Bioprinting_Project/outputs/topology_correction/mesh_qc/s0_original/case_outputs/845__s0_original/segmentation_raw.stl,/Users/angadkumar16ak/Projects/Automated_Cardiovascular_Segmentation_for_Bioprinting_Project/outputs/topology_correction/mesh_qc/s0_original/case_outputs/845__s0_original/segmentation_repaired.stl,/Users/angadkumar16ak/Projects/Automated_Cardiovascular_Segmentation_for_Bioprinting_Project/outputs/topology_correction/mesh_qc/s0_original/case_outputs/845__s0_original/segmentation_smoothed.stl,True,0.5575824504103484,3.141592653589793,0.4936424004355868,3.138286508261833,not_watertight,0.061769132800741,False,"phaseb_mesh_qc.run_phaseb_for_case (repository implementation, unmodified)",50.0,46.0,45.0,0.9782608695652174,False,-22.31414062481754,164.15063976476188,110.32574192121498,-24.91298297142463,162.4207313216248,107.87306001993089,3.970165396182097,False,/Users/angadkumar16ak/Projects/Automated_Cardiovascular_Segmentation_for_Bioprinting_Project/outputs/topology_correction/mesh_qc/s0_original/case_outputs/845__s0_original/segmentation_repaired.stl,ok,exact_point_to_surface,85890.0,84964.0,2.5302689399655454,1.2629364587723124,7.068007721981585,48.40702468084731,0.8595847860173814,1.6706841539481638,7736.284040984315,,,,2.7975241441332033,19.79999542236328,14.400001525878906,12.899986267089844,27.67326342089108,,,,,,,,,,,,,,,,,,,,,,,
846,s0_original,s0_original,identity,True,0.6000000238418579,0.6000000238418579,0.6000000238418579,True,0.5,,5,6309.144752108605,3463.3444128627943,0.5489403950837071,0.7464762379942622,4,1,200.88002394676303,6.597264273077158,1.9899749532877369,0,5,5,0,0.0,0.0,5,29209,6309.144752108604,0.8301967265554193,0.7996850285870793,0.863129110930456,0.7096891805669492,23358,5851,3704,5845.392696825055,463.75205528354854,0.07933633877762174,0.9483148245105177,0.9649532710280374,0.9322404371584699,1.0392305258366357,22.5938053583124,0.5346069588991857,0.36886464354776455,0.693750502874239,856,513.6000204086304,19,17,5,0.7768846351100399,2.076652902264586,True,True,0.8301967265554193,0.0,True,/Users/angadkumar16ak/Projects/Automated_Cardiovascular_Segmentation_for_Bioprinting_Project/outputs/topology_correction/case_outputs/846/mask__s0_original.nii.gz,/Users/angadkumar16ak/Projects/Automated_Cardiovascular_Segmentation_for_Bioprinting_Project/outputs/topology_correction/case_outputs/846/mask__s0_original.nii.gz,ok,3.0,5.0,True,0.0,5.0,7548.854507511523,6190.902738013057,114.000004529953,85.80000340938568,91.2000036239624,0.4242640855706679,0.6000000238418579,0.5909564919983127,/Users/angadkumar16ak/Projects/Automated_Cardiovascular_Segmentation_for_Bioprinting_Project/outputs/topology_correction/mesh_qc/s0_original/case_outputs/846__s0_original/segmentation_raw.stl,/Users/angadkumar16ak/Projects/Automated_Cardiovascular_Segmentation_for_Bioprinting_Project/outputs/topology_correction/mesh_qc/s0_original/case_outputs/846__s0_original/segmentation_repaired.stl,/Users/angadkumar16ak/Projects/Automated_Cardiovascular_Segmentation_for_Bioprinting_Project/outputs/topology_correction/mesh_qc/s0_original/case_outputs/846__s0_original/segmentation_smoothed.stl,True,0.5694345540610511,3.141592653589793,0.5155909466045748,3.140839110953209,-0.002876842427009287,0.0647060837413126,True,"phaseb_mesh_qc.run_phaseb_for_case (repository implementation, unmodified)",50.0,49.0,49.0,1.0,True,-32.1752243321109,162.58070091725114,-234.50087325545377,-34.98592679103144,162.11888331727212,-235.45646718254625,3.0044106845982896,True,/Users/angadkumar16ak/Projects/Automated_Cardiovascular_Segmentation_for_Bioprinting_Project/outputs/topology_correction/mesh_qc/s0_original/case_outputs/846__s0_original/segmentation_repaired.stl,ok,exact_point_to_surface,79635.0,78907.0,0.9707167232697207,0.48610121975072956,0.9927110977343877,22.593795626902455,0.6471361245553982,0.3235805987143225,5720.095339709417,6190.902989907311,470.80765019789396,0.0823076578688304,2.9608316321308026,-0.5999984741210938,0.0,-17.399978637695312,17.410320352055585,,,,,,,,,,,,,,,,,,,,,,,
847,s0_original,s0_original,identity,True,0.6000000238418579,0.6000000238418579,0.6000000238418579,True,0.5,,11,6636.600791144402,4679.856557882331,0.7051586655817738,0.390058155635558,5,6,3.8880004634857364,6.95050622968371,0.8485281711413358,1,11,11,0,0.0,0.0,11,30725,6636.600791144402,0.8413072232796722,0.8487550854353133,0.8339889347276855,0.7260830827486358,26078,4647,5191,6754.104805151971,-117.50401400756891,-0.01739742236720074,0.8816965582340982,0.8429447852760736,0.9241830065359478,3.2863354756182304,53.241339439170304,0.8452134646876124,1.2288229535820325,0.48600460592139444,815,489.0000194311142,25,24,10,1.7666810052253636,7.826479446066332,True,True,0.8413072232796722,0.0,True,/Users/angadkumar16ak/Projects/Automated_Cardiovascular_Segmentation_for_Bioprinting_Project/outputs/topology_correction/case_outputs/847/mask__s0_original.nii.gz,/Users/angadkumar16ak/Projects/Automated_Cardiovascular_Segmentation_for_Bioprinting_Project/outputs/topology_correction/case_outputs/847/mask__s0_original.nii.gz,ok,3.0,11.0,True,0.0,10.0,7486.807327754363,6518.835777105719,142.20000565052032,121.80000483989716,102.00000405311584,0.4242640855706679,0.6000000238418579,0.590820101088972,/Users/angadkumar16ak/Projects/Automated_Cardiovascular_Segmentation_for_Bioprinting_Project/outputs/topology_correction/mesh_qc/s0_original/case_outputs/847__s0_original/segmentation_raw.stl,/Users/angadkumar16ak/Projects/Automated_Cardiovascular_Segmentation_for_Bioprinting_Project/outputs/topology_correction/mesh_qc/s0_original/case_outputs/847__s0_original/segmentation_repaired.stl,/Users/angadkumar16ak/Projects/Automated_Cardiovascular_Segmentation_for_Bioprinting_Project/outputs/topology_correction/mesh_qc/s0_original/case_outputs/847__s0_original/segmentation_smoothed.stl,True,0.5681178275738528,3.141592653589793,0.5034044581842053,3.137883728764152,-0.0029317524177448527,0.1000813669650122,True,"phaseb_mesh_qc.run_phaseb_for_case (repository implementation, unmodified)",50.0,40.0,40.0,1.0,True,-29.952484123022018,182.9378502917736,148.134104244451,-30.132712239001233,184.2119586997909,144.228192487044,4.112417909918704,True,/Users/angadkumar16ak/Projects/Automated_Cardiovascular_Segmentation_for_Bioprinting_Project/outputs/topology_correction/mesh_qc/s0_original/case_outputs/847__s0_original/segmentation_repaired.stl,ok,exact_point_to_surface,78142.0,78690.0,1.8306796897762587,0.9169548851973511,3.7975805369547286,53.241342757423,0.45313181245041073,1.377547877325848,6642.162565580239,6518.835634464245,-123.32693111599383,-0.01856728586485904,1.676101435302015,25.800006866455078,21.0,0.0,33.266204386871806,,,,,,,,,,,,,,,,,,,,,,,
848,s0_original,s0_original,identity,True,0.6000000238418579,0.6000000238418579,0.6000000238418579,True,0.5,,4,3907.440465803165,2250.2882682552445,0.5758982863460476,0.7316183528508351,3,1,828.1440987224618,27.019993671752527,4.6861499917548555,0,4,4,0,0.0,0.0,4,18090,3907.440465803165,0.7748648648648648,0.7924267551133223,0.7580645161290323,0.6324729759541142,14335,3755,4575,4084.560486917515,-177.12002111435004,-0.043363299841353745,0.9115919059378571,0.9603174603174603,0.8675721561969439,3.0505000731482115,91.47983747839416,0.6781971637805034,0.433724757237941,0.8875861611216621,504,302.4000120162964,12,4,4,1.2754860104617354,4.896002711037457,True,True,0.7748648648648648,0.0,True,/Users/angadkumar16ak/Projects/Automated_Cardiovascular_Segmentation_for_Bioprinting_Project/outputs/topology_correction/case_outputs/848/mask__s0_original.nii.gz,/Users/angadkumar16ak/Projects/Automated_Cardiovascular_Segmentation_for_Bioprinting_Project/outputs/topology_correction/case_outputs/848/mask__s0_original.nii.gz,ok,3.0,4.0,True,0.0,4.0,4646.495841331851,3832.8754569143252,115.80000460147858,140.40000557899475,72.60000288486481,0.4242640855706679,0.6000000238418579,0.5890029681171681,/Users/angadkumar16ak/Projects/Automated_Cardiovascular_Segmentation_for_Bioprinting_Project/outputs/topology_correction/mesh_qc/s0_original/case_outputs/848__s0_original/segmentation_raw.stl,/Users/angadkumar16ak/Projects/Automated_Cardiovascular_Segmentation_for_Bioprinting_Project/outputs/topology_correction/mesh_qc/s0_original/case_outputs/848__s0_original/segmentation_repaired.stl,/Users/angadkumar16ak/Projects/Automated_Cardiovascular_Segmentation_for_Bioprinting_Project/outputs/topology_correction/mesh_qc/s0_original/case_outputs/848__s0_original/segmentation_smoothed.stl,True,0.5726081286347694,3.141592653589793,0.5189028159212777,3.139962601083038,-0.002921687762525881,0.062078496406854616,True,"phaseb_mesh_qc.run_phaseb_for_case (repository implementation, unmodified)",50.0,32.0,32.0,1.0,True,-19.47853604326464,182.18159734833762,139.3024705434254,-20.095700470376492,183.45116061232105,137.42103272873965,2.35212479725843,True,/Users/angadkumar16ak/Projects/Automated_Cardiovascular_Segmentation_for_Bioprinting_Project/outputs/topology_correction/mesh_qc/s0_original/case_outputs/848__s0_original/segmentation_repaired.stl,ok,exact_point_to_surface,70646.0,67942.0,1.2559204746180828,0.6320014092060051,2.823670506706364,91.47983065577425,0.8350822531583048,0.42083822145977795,3998.1693169236164,3832.8752704594644,-165.29404646415196,-0.04134243283907174,3.6934556749611525,8.999996185302734,49.20001220703125,1.1999893188476562,50.030801581354226,,,,,,,,,,,,,,,,,,,,,,,
849,s0_original,s0_original,identity,True,0.6000000238418579,0.6000000238418579,0.6000000238418579,True,0.5,,13,9136.153089114234,5034.744600188279,0.5510792727616615,0.6495345145651894,12,1,39.09600466060657,5.00454767478393,0.8485281711413358,1,13,13,0,0.0,0.0,13,42297,9136.153089114232,0.7569533641438089,0.745419296876847,0.7688499804916114,0.6089500927070457,31529,10768,9479,8857.729055923504,278.42403319072764,0.03143289114319147,0.8835324924108419,0.856,0.9128949615713066,4.32666170248287,43.31235561693578,0.9690808800553962,1.3136333279927535,0.6286674007345786,1250,750.0000298023224,32,48,12,1.2733757118866194,5.786190686518324,True,True,0.7569533641438089,0.0,True,/Users/angadkumar16ak/Projects/Automated_Cardiovascular_Segmentation_for_Bioprinting_Project/outputs/topology_correction/case_outputs/849/mask__s0_original.nii.gz,/Users/angadkumar16ak/Projects/Automated_Cardiovascular_Segmentation_for_Bioprinting_Project/outputs/topology_correction/case_outputs/849/mask__s0_original.nii.gz,ok,3.0,13.0,True,0.0,12.0,10800.847402902235,8966.449068883938,114.000004529953,98.4000039100647,92.40000367164612,0.4242640855706679,0.6000000238418579,0.5919449505895807,/Users/angadkumar16ak/Projects/Automated_Cardiovascular_Segmentation_for_Bioprinting_Project/outputs/topology_correction/mesh_qc/s0_original/case_outputs/849__s0_original/segmentation_raw.stl,/Users/angadkumar16ak/Projects/Automated_Cardiovascular_Segmentation_for_Bioprinting_Project/outputs/topology_correction/mesh_qc/s0_original/case_outputs/849__s0_original/segmentation_repaired.stl,/Users/angadkumar16ak/Projects/Automated_Cardiovascular_Segmentation_for_Bioprinting_Project/outputs/topology_correction/mesh_qc/s0_original/case_outputs/849__s0_original/segmentation_smoothed.stl,True,0.5727202657501609,3.141592653589793,0.5148488935319527,3.1395713876596165,-0.003237225095342087,0.07274747618034376,True,"phaseb_mesh_qc.run_phaseb_for_case (repository implementation, unmodified)",50.0,48.0,48.0,1.0,True,-23.1847857704348,160.19120554889685,-33.11377832245668,-23.97497155032433,161.0753367517224,-35.84939403701565,2.9815557831929564,True,/Users/angadkumar16ak/Projects/Automated_Cardiovascular_Segmentation_for_Bioprinting_Project/outputs/topology_correction/mesh_qc/s0_original/case_outputs/849__s0_original/segmentation_repaired.stl,ok,exact_point_to_surface,90503.0,91196.0,1.907134855609779,0.9550306770402238,4.346827079314009,43.26802197079442,0.5699153025364649,1.337219553073314,8698.942561975424,8966.448862734635,267.5063007592107,0.030751588351499968,5.372729718494184,14.400001525878906,-1.1999969482421875,0.0,14.449914761724562,,,,,,,,,,,,,,,,,,,,,,,
850,s0_original,s0_original,identity,True,0.6000000238418579,0.6000000238418579,0.6000000238418579,True,0.5,,19,4759.12856733229,2444.256291378033,0.5135932464938956,0.30549664192294096,12,7,20.304002420425512,4.5186775040456695,0.8485281711413358,1,19,19,0,0.0,0.0,19,22033,4759.12856733229,0.6865243226911069,0.6187536876503427,0.7709664649663519,0.5226776061035924,13633,8400,4050,3819.5284553232373,939.6001120090527,0.24599898207317758,0.7479199594429368,0.6842923794712286,0.8245931283905967,22.54275936002689,88.7533696600892,3.5331171327393447,5.250159049814083,1.551505347988741,643,385.80001533031464,36,16,17,4.6844139726744,26.500370418458566,True,True,0.6865243226911069,0.0,True,/Users/angadkumar16ak/Projects/Automated_Cardiovascular_Segmentation_for_Bioprinting_Project/outputs/topology_correction/case_outputs/850/mask__s0_original.nii.gz,/Users/angadkumar16ak/Projects/Automated_Cardiovascular_Segmentation_for_Bioprinting_Project/outputs/topology_correction/case_outputs/850/mask__s0_original.nii.gz,ok,3.0,19.0,True,0.0,18.0,5796.83336519701,4658.400555324576,138.60000550746918,94.20000374317169,94.20000374317169,0.4242640855706679,0.6000000238418579,0.5902994548558218,/Users/angadkumar16ak/Projects/Automated_Cardiovascular_Segmentation_for_Bioprinting_Project/outputs/topology_correction/mesh_qc/s0_original/case_outputs/850__s0_original/segmentation_raw.stl,/Users/angadkumar16ak/Projects/Automated_Cardiovascular_Segmentation_for_Bioprinting_Project/outputs/topology_correction/mesh_qc/s0_original/case_outputs/850__s0_original/segmentation_repaired.stl,/Users/angadkumar16ak/Projects/Automated_Cardiovascular_Segmentation_for_Bioprinting_Project/outputs/topology_correction/mesh_qc/s0_original/case_outputs/850__s0_original/segmentation_smoothed.stl,True,0.6003925325316458,3.141592653589793,0.5535871514831846,3.136716610145738,-0.0042151327944771905,0.07720237825080561,True,"phaseb_mesh_qc.run_phaseb_for_case (repository implementation, unmodified)",50.0,39.0,39.0,1.0,True,-27.170058495381696,171.17888733617067,136.0946958700495,-27.61358369548014,171.42219948251588,132.5456001438681,3.5849680441086775,True,/Users/angadkumar16ak/Projects/Automated_Cardiovascular_Segmentation_for_Bioprinting_Project/outputs/topology_correction/mesh_qc/s0_original/case_outputs/850__s0_original/segmentation_repaired.stl,ok,exact_point_to_surface,68585.0,72268.0,6.970072012846567,3.5378178129328757,22.617686340345738,88.75336767034348,1.4664436110131718,5.503628401833396,3743.603997473845,4658.400157377636,914.7961599037908,0.24436242736173167,12.534911057467854,39.0000057220459,-5.400001525878906,15.599998474121094,42.349975385963184,,,,,,,,,,,,,,,,,,,,,,,
851,s0_original,s0_original,identity,True,0.6000000238418579,0.6000000238418579,0.6000000238418579,True,0.5,,4,6995.376833913837,3692.5204401827036,0.5278515407892299,0.8943550745832115,2,2,1651.3201968526919,2.5455845134240076,1.2000000476837158,0,4,4,0,0.0,0.0,4,32386,6995.376833913836,0.8103147831369603,0.7825294880503921,0.8401458644123985,0.6811169640937432,25343,7043,4822,6515.640776724847,479.73605718898943,0.07362837725841198,0.9328115977532415,0.9525547445255474,0.9138702460850112,1.6970563422826717,16.099690077742665,0.6167639550060456,0.43397905123950126,0.7893901580924825,822,493.2000195980072,16,22,4,0.8115684147823036,2.954540885907762,True,True,0.8103147831369603,0.0,True,/Users/angadkumar16ak/Projects/Automated_Cardiovascular_Segmentation_for_Bioprinting_Project/outputs/topology_correction/case_outputs/851/mask__s0_original.nii.gz,/Users/angadkumar16ak/Projects/Automated_Cardiovascular_Segmentation_for_Bioprinting_Project/outputs/topology_correction/case_outputs/851/mask__s0_original.nii.gz,ok,3.0,4.0,True,0.0,4.0,7634.400185809776,6887.2958210295765,111.00000441074371,102.6000040769577,82.20000326633453,0.4242640855706679,0.6000000238418579,0.5895609531873409,/Users/angadkumar16ak/Projects/Automated_Cardiovascular_Segmentation_for_Bioprinting_Project/outputs/topology_correction/mesh_qc/s0_original/case_outputs/851__s0_original/segmentation_raw.stl,/Users/angadkumar16ak/Projects/Automated_Cardiovascular_Segmentation_for_Bioprinting_Project/outputs/topology_correction/mesh_qc/s0_original/case_outputs/851__s0_original/segmentation_repaired.stl,/Users/angadkumar16ak/Projects/Automated_Cardiovascular_Segmentation_for_Bioprinting_Project/outputs/topology_correction/mesh_qc/s0_original/case_outputs/851__s0_original/segmentation_smoothed.stl,True,0.574610800400481,3.141592653589793,0.5164180480396192,3.1385377240278283,-0.002404007889417417,0.10328537022170073,True,"phaseb_mesh_qc.run_phaseb_for_case (repository implementation, unmodified)",50.0,50.0,50.0,1.0,True,-22.727891942363442,170.35351384489604,137.74749234631423,-25.52084433447187,170.6512043162587,135.72460544649425,3.461397707687982,True,/Users/angadkumar16ak/Projects/Automated_Cardiovascular_Segmentation_for_Bioprinting_Project/outputs/topology_correction/mesh_qc/s0_original/case_outputs/851__s0_original/segmentation_repaired.stl,ok,exact_point_to_surface,81009.0,79403.0,1.1344100888436888,0.5689950343633254,1.672830695503252,16.09969171264475,0.7459945005195221,0.3884155883241667,6391.602697529514,6887.295486026985,495.69278849747025,0.07755375481787466,2.161901800938715,-2.399993896484375,0.5999984741210938,-9.0,9.33380784418181,,,,,,,,,,,,,,,,,,,,,,,
852,s0_original,s0_original,identity,True,0.6000000238418579,0.6000000238418579,0.6000000238418579,True,0.5,,38,9977.257189381651,4846.6085777607195,0.48576562533826917,0.38310009804795436,20,18,6.804000811100038,3.934463270922718,0.8485281711413358,4,38,38,0,0.0,0.0,38,46191,9977.257189381648,0.7882430045654999,0.7681150007577233,0.8094542799780982,0.650495938983921,35480,10711,8352,9467.713128639267,509.5440607423807,0.053819127578025185,0.850582848847039,0.8158148505303761,0.8884462151394422,6.029925612280241,49.87223874730389,1.506265184260532,2.445998304865177,0.5797013580145595,1037,622.2000247240067,52,22,30,2.328992023177799,9.859006426854691,True,True,0.7882430045654999,0.0,True,/Users/angadkumar16ak/Projects/Automated_Cardiovascular_Segmentation_for_Bioprinting_Project/outputs/topology_correction/case_outputs/852/mask__s0_original.nii.gz,/Users/angadkumar16ak/Projects/Automated_Cardiovascular_Segmentation_for_Bioprinting_Project/outputs/topology_correction/case_outputs/852/mask__s0_original.nii.gz,ok,3.0,38.0,True,0.0,33.0,10552.440535297907,9817.174170298267,151.2000060081482,132.00000524520874,84.60000336170197,0.4242640855706679,0.6000000238418579,0.591332286257762,/Users/angadkumar16ak/Projects/Automated_Cardiovascular_Segmentation_for_Bioprinting_Project/outputs/topology_correction/mesh_qc/s0_original/case_outputs/852__s0_original/segmentation_raw.stl,/Users/angadkumar16ak/Projects/Automated_Cardiovascular_Segmentation_for_Bioprinting_Project/outputs/topology_correction/mesh_qc/s0_original/case_outputs/852__s0_original/segmentation_repaired.stl,/Users/angadkumar16ak/Projects/Automated_Cardiovascular_Segmentation_for_Bioprinting_Project/outputs/topology_correction/mesh_qc/s0_original/case_outputs/852__s0_original/segmentation_smoothed.stl,True,0.606443334229497,3.141592653589793,0.554352044461443,3.1407291144782437,-0.0028655121007752876,0.13561083327921022,True,"phaseb_mesh_qc.run_phaseb_for_case (repository implementation, unmodified)",50.0,50.0,50.0,1.0,True,-18.32310597810016,178.26175503031018,164.24987697682872,-23.068553616872684,178.86340503233833,162.40942553086157,5.125282191473438,True,/Users/angadkumar16ak/Projects/Automated_Cardiovascular_Segmentation_for_Bioprinting_Project/outputs/topology_correction/mesh_qc/s0_original/case_outputs/852__s0_original/segmentation_repaired.stl,ok,exact_point_to_surface,87959.0,90374.0,3.1375858642046857,1.5827057650838254,6.398721903458699,49.87224238294217,0.5414151912796669,2.5961706729250187,9330.751226898456,9817.174979441677,486.4237525432218,0.05213125296288809,5.495313301387602,24.599998474121094,32.99999237060547,4.79998779296875,41.43910356413889,,,,,,,,,,,,,,,,,,,,,,,
853,s0_original,s0_original,identity,True,0.6000000238418579,0.6000000238418579,0.6000000238418579,True,0.5,,6,5936.3287076654715,3041.064362523093,0.5122803187424954,0.8955891753675688,4,2,85.53601019668619,19.12485370056445,2.8142495677222836,0,6,6,0,0.0,0.0,6,27483,5936.3287076654715,0.8469529867881206,0.8187243022959648,0.8771977700674438,0.7345346521724937,22501,4982,3150,5540.616660492923,395.7120471725484,0.07142021753537876,0.8919947314503147,0.8712121212121212,0.9137931034482759,4.60868763185395,35.405085787508284,0.89476639535043,0.8615483795046336,0.9268281967060142,660,396.0000157356262,13,7,6,1.4646280449939,9.022968237109454,True,True,0.8469529867881206,0.0,True,/Users/angadkumar16ak/Projects/Automated_Cardiovascular_Segmentation_for_Bioprinting_Project/outputs/topology_correction/case_outputs/853/mask__s0_original.nii.gz,/Users/angadkumar16ak/Projects/Automated_Cardiovascular_Segmentation_for_Bioprinting_Project/outputs/topology_correction/case_outputs/853/mask__s0_original.nii.gz,ok,3.0,6.0,True,0.0,6.0,6336.820553649476,5844.744696747802,116.40000462532043,94.80000376701355,82.20000326633453,0.4242640855706679,0.6000000238418579,0.5922696633861053,/Users/angadkumar16ak/Projects/Automated_Cardiovascular_Segmentation_for_Bioprinting_Project/outputs/topology_correction/mesh_qc/s0_original/case_outputs/853__s0_original/segmentation_raw.stl,/Users/angadkumar16ak/Projects/Automated_Cardiovascular_Segmentation_for_Bioprinting_Project/outputs/topology_correction/mesh_qc/s0_original/case_outputs/853__s0_original/segmentation_repaired.stl,/Users/angadkumar16ak/Projects/Automated_Cardiovascular_Segmentation_for_Bioprinting_Project/outputs/topology_correction/mesh_qc/s0_original/case_outputs/853__s0_original/segmentation_smoothed.stl,True,0.5605539038637284,3.141592653589793,0.4977326720347755,3.141592653589793,-0.0023654901049759325,0.11621729796601535,True,"phaseb_mesh_qc.run_phaseb_for_case (repository implementation, unmodified)",50.0,42.0,42.0,1.0,True,-46.071397704571154,174.75483322817178,-155.19116350687761,-49.16468665899731,175.89846811243868,-157.61475764283975,4.092694203083964,True,/Users/angadkumar16ak/Projects/Automated_Cardiovascular_Segmentation_for_Bioprinting_Project/outputs/topology_correction/mesh_qc/s0_original/case_outputs/853__s0_original/segmentation_repaired.stl,ok,exact_point_to_surface,73179.0,74141.0,1.736002440128674,0.86787476435071,4.923546756726516,35.40508588043781,0.8873665586625727,0.8486358814661011,5448.709494514046,5844.7451433997085,396.03564888566234,0.0726843024544445,2.684126040191939,18.599998474121094,0.0,7.79998779296875,20.169277448827177,,,,,,,,,,,,,,,,,,,,,,,
854,s0_original,s0_original,identity,True,0.6000000238418579,0.6000000238418579,0.6000000238418579,True,0.5,,4,5781.672689229039,4318.704514829657,0.7469645458960661,0.27503250975292587,4,0,697.4640831441912,4.284857227390632,1.2000000476837158,0,4,4,0,0.0,0.0,4,26767,5781.672689229039,0.733065164923572,0.6808383457242126,0.793970287108439,0.5786131572263145,18224,8543,4729,4957.848591021561,823.8240982074776,0.1661656428353592,0.8616347778984402,0.8442028985507246,0.8798017348203222,9.332844647820963,39.239267607410234,1.6185378582822585,2.5210027637853316,0.668876806870663,828,496.80001974105835,19,25,4,1.8076253487774903,9.448809824276127,True,True,0.733065164923572,0.0,True,/Users/angadkumar16ak/Projects/Automated_Cardiovascular_Segmentation_for_Bioprinting_Project/outputs/topology_correction/case_outputs/854/mask__s0_original.nii.gz,/Users/angadkumar16ak/Projects/Automated_Cardiovascular_Segmentation_for_Bioprinting_Project/outputs/topology_correction/case_outputs/854/mask__s0_original.nii.gz,ok,3.0,4.0,True,0.0,4.0,7098.642458291986,5666.148675457505,108.00000429153442,90.60000360012054,88.20000350475311,0.4242640855706679,0.6000000238418579,0.5900134862534315,/Users/angadkumar16ak/Projects/Automated_Cardiovascular_Segmentation_for_Bioprinting_Project/outputs/topology_correction/mesh_qc/s0_original/case_outputs/854__s0_original/segmentation_raw.stl,/Users/angadkumar16ak/Projects/Automated_Cardiovascular_Segmentation_for_Bioprinting_Project/outputs/topology_correction/mesh_qc/s0_original/case_outputs/854__s0_original/segmentation_repaired.stl,/Users/angadkumar16ak/Projects/Automated_Cardiovascular_Segmentation_for_Bioprinting_Project/outputs/topology_correction/mesh_qc/s0_original/case_outputs/854__s0_original/segmentation_smoothed.stl,True,0.566500803538198,3.141592653589793,0.512117092305187,3.137111540253251,-0.003293135960969206,0.057608248963275675,True,"phaseb_mesh_qc.run_phaseb_for_case (repository implementation, unmodified)",50.0,47.0,47.0,1.0,True,-41.90755263296148,165.00161206996603,138.8348876350278,-42.23367752042576,166.7798236248308,136.0890839060821,3.287526713803302,True,/Users/angadkumar16ak/Projects/Automated_Cardiovascular_Segmentation_for_Bioprinting_Project/outputs/topology_correction/mesh_qc/s0_original/case_outputs/854__s0_original/segmentation_repaired.stl,ok,exact_point_to_surface,75962.0,77292.0,3.104039568774393,1.5602204611107713,9.208046167337661,39.23926868468888,0.6070675207821938,2.4969720479921995,4848.390158879068,5666.149613842135,817.7594549630676,0.1686661815913204,5.630779049132921,11.400002479553223,0.0,-0.5999984741210938,11.415780950192032,,,,,,,,,,,,,,,,,,,,,,,
855,s0_original,s0_original,identity,True,0.6000000238418579,0.6000000238418579,0.6000000238418579,True,0.5,,28,9116.713086796806,3998.160476617832,0.4385528466841992,0.9927606699081578,18,10,20.304002420425512,6.600000262260437,0.8485281711413358,2,28,28,0,0.0,0.0,28,42207,9116.713086796804,0.7716120533508974,0.7771696637998436,0.7661333644750672,0.6281501340482574,32802,9405,10013,9248.041102452322,-131.32801565551745,-0.014200630620109693,0.8091562633647639,0.7928007023705005,0.8262008733624454,21.170735358502228,90.03399715783227,3.9801319564560123,6.719214867062505,1.4307387438887733,1139,683.4000271558762,47,30,25,4.631287744104726,23.64782794084938,True,True,0.7716120533508974,0.0,True,/Users/angadkumar16ak/Projects/Automated_Cardiovascular_Segmentation_for_Bioprinting_Project/outputs/topology_correction/case_outputs/855/mask__s0_original.nii.gz,/Users/angadkumar16ak/Projects/Automated_Cardiovascular_Segmentation_for_Bioprinting_Project/outputs/topology_correction/case_outputs/855/mask__s0_original.nii.gz,ok,3.0,28.0,False,52.0,26.0,10471.02502601796,not_watertight,156.30000621080399,115.20000457763672,135.30000537633896,0.4242640855706679,0.6000000238418579,0.5904426666450848,/Users/angadkumar16ak/Projects/Automated_Cardiovascular_Segmentation_for_Bioprinting_Project/outputs/topology_correction/mesh_qc/s0_original/case_outputs/855__s0_original/segmentation_raw.stl,/Users/angadkumar16ak/Projects/Automated_Cardiovascular_Segmentation_for_Bioprinting_Project/outputs/topology_correction/mesh_qc/s0_original/case_outputs/855__s0_original/segmentation_repaired.stl,/Users/angadkumar16ak/Projects/Automated_Cardiovascular_Segmentation_for_Bioprinting_Project/outputs/topology_correction/mesh_qc/s0_original/case_outputs/855__s0_original/segmentation_smoothed.stl,True,0.5829844714469289,3.141592653589793,0.5294068697162639,3.1407940201737987,not_watertight,0.10090743241642382,False,"phaseb_mesh_qc.run_phaseb_for_case (repository implementation, unmodified)",50.0,48.0,47.0,0.9791666666666666,False,-23.201998952773465,156.4288700613569,-200.71212838046978,-23.481513980888305,154.5540777067424,-202.56657776650798,2.651783842857571,False,/Users/angadkumar16ak/Projects/Automated_Cardiovascular_Segmentation_for_Bioprinting_Project/outputs/topology_correction/mesh_qc/s0_original/case_outputs/855__s0_original/segmentation_repaired.stl,ok,exact_point_to_surface,89705.0,90215.0,8.49967370286479,4.257953473475117,38.391212475735706,90.03399851709993,1.3864199143208946,7.1132537885438945,9091.47651353256,,,,13.873987109239271,39.900001525878906,11.399986267089844,51.90000915527344,66.4498364104265,,,,,,,,,,,,,,,,,,,,,,,
856,s0_original,s0_original,identity,True,0.6000000238418579,0.6000000238418579,0.6000000238418579,True,0.5,,25,8254.008983954469,5087.8806065225845,0.6164132625022898,0.5783909997877308,12,13,4.104000489234944,6.196200993448185,0.8485281711413358,3,25,25,0,0.0,0.0,25,38213,8254.008983954469,0.8344333166190082,0.8056420589851622,0.8653586687654599,0.7159035416133758,30786,7427,4790,7684.416916053809,569.5920679006604,0.07412300427254329,0.8862430902132803,0.8264462809917356,0.9553679131483716,4.2426408557066795,119.15402271148992,1.3890986884402279,2.4024951700115986,0.35436754409893373,968,580.8000230789185,33,25,20,2.6168319700205336,9.314505187881181,True,True,0.8344333166190082,0.0,True,/Users/angadkumar16ak/Projects/Automated_Cardiovascular_Segmentation_for_Bioprinting_Project/outputs/topology_correction/case_outputs/856/mask__s0_original.nii.gz,/Users/angadkumar16ak/Projects/Automated_Cardiovascular_Segmentation_for_Bioprinting_Project/outputs/topology_correction/case_outputs/856/mask__s0_original.nii.gz,ok,3.0,25.0,False,10.0,23.0,9060.575749393302,not_watertight,181.50000721216202,137.40000545978546,85.20000338554382,0.4242640855706679,0.6000000238418579,0.5902753893744284,/Users/angadkumar16ak/Projects/Automated_Cardiovascular_Segmentation_for_Bioprinting_Project/outputs/topology_correction/mesh_qc/s0_original/case_outputs/856__s0_original/segmentation_raw.stl,/Users/angadkumar16ak/Projects/Automated_Cardiovascular_Segmentation_for_Bioprinting_Project/outputs/topology_correction/mesh_qc/s0_original/case_outputs/856__s0_original/segmentation_repaired.stl,/Users/angadkumar16ak/Projects/Automated_Cardiovascular_Segmentation_for_Bioprinting_Project/outputs/topology_correction/mesh_qc/s0_original/case_outputs/856__s0_original/segmentation_smoothed.stl,True,0.5792758918126892,3.141592653589793,0.520090378184355,3.1394369424240165,not_watertight,0.11150655536074111,False,"phaseb_mesh_qc.run_phaseb_for_case (repository implementation, unmodified)",50.0,40.0,40.0,1.0,True,-43.94418843131362,177.33660167450836,-133.5751122633377,-45.36711180313532,177.43381558618182,-136.2583044389375,3.03869737188475,False,/Users/angadkumar16ak/Projects/Automated_Cardiovascular_Segmentation_for_Bioprinting_Project/outputs/topology_correction/mesh_qc/s0_original/case_outputs/856__s0_original/segmentation_repaired.stl,ok,exact_point_to_surface,81250.0,84814.0,3.0739381579765066,1.5632768860946908,4.787339873349173,119.07770925383502,0.3111610881567548,2.7627770698197516,7565.050612798827,,,,3.5290607671820933,66.90000343322754,39.600006103515625,-3.5999984741210938,77.82500197094765,,,,,,,,,,,,,,,,,,,,,,,
857,s0_original,s0_original,identity,True,0.6000000238418579,0.6000000238418579,0.6000000238418579,True,0.5,,10,10933.489303373388,5423.328646511103,0.4960290805642262,0.9187908236418673,7,3,28.080003347396982,10.057833168206493,1.8973666714956023,0,10,10,0,0.0,0.0,10,50618,10933.489303373388,0.7789832136386458,0.7050061243036074,0.8703053360647741,0.637979118993135,35686,14932,5318,8856.865055820506,2076.6242475528816,0.23446493025070728,0.8718335164529633,0.8109627547434997,0.9425837320574163,8.378544359194791,44.77946135628455,1.5561569171672234,2.3124446865624972,0.7120668294697108,1423,853.8000339269638,41,47,9,2.166506706355143,12.424230100766996,True,True,0.7789832136386458,0.0,True,/Users/angadkumar16ak/Projects/Automated_Cardiovascular_Segmentation_for_Bioprinting_Project/outputs/topology_correction/case_outputs/857/mask__s0_original.nii.gz,/Users/angadkumar16ak/Projects/Automated_Cardiovascular_Segmentation_for_Bioprinting_Project/outputs/topology_correction/case_outputs/857/mask__s0_original.nii.gz,ok,3.0,10.0,True,0.0,10.0,12901.684235123163,10734.544279657297,126.00000500679016,112.20000445842743,89.40000355243683,0.4242640855706679,0.6000000238418579,0.5904952693798551,/Users/angadkumar16ak/Projects/Automated_Cardiovascular_Segmentation_for_Bioprinting_Project/outputs/topology_correction/mesh_qc/s0_original/case_outputs/857__s0_original/segmentation_raw.stl,/Users/angadkumar16ak/Projects/Automated_Cardiovascular_Segmentation_for_Bioprinting_Project/outputs/topology_correction/mesh_qc/s0_original/case_outputs/857__s0_original/segmentation_repaired.stl,/Users/angadkumar16ak/Projects/Automated_Cardiovascular_Segmentation_for_Bioprinting_Project/outputs/topology_correction/mesh_qc/s0_original/case_outputs/857__s0_original/segmentation_smoothed.stl,True,0.6035890117945878,3.141592653589793,0.5527650224005718,3.139452427441381,-0.002846119673230752,0.06452250187680272,True,"phaseb_mesh_qc.run_phaseb_for_case (repository implementation, unmodified)",50.0,48.0,46.0,0.9583333333333334,False,-28.018399673771683,190.28143071626192,-164.59311578654967,-29.610153374016118,191.0376332455367,-165.18181576100264,1.8579800234244608,True,/Users/angadkumar16ak/Projects/Automated_Cardiovascular_Segmentation_for_Bioprinting_Project/outputs/topology_correction/mesh_qc/s0_original/case_outputs/857__s0_original/segmentation_repaired.stl,ok,exact_point_to_surface,93514.0,99503.0,3.01074976550427,1.5310475706003388,8.65528881395753,44.77946233701792,0.6779804612465762,2.3327693042576936,8678.313846355057,10734.543878229926,2056.2300318748694,0.2369388879313806,2.009195644041579,16.19999885559082,13.20001220703125,3.5999984741210938,21.20472292204244,,,,,,,,,,,,,,,,,,,,,,,
858,s0_original,s0_original,identity,True,0.6000000238418579,0.6000000238418579,0.6000000238418579,True,0.5,,10,6078.888724659949,3349.2963992672126,0.5509718224780584,0.796143428350316,6,4,7.99200095272068,3.4467377248838638,0.8485281711413358,1,10,10,0,0.0,0.0,10,28143,6078.888724659949,0.7462236161736034,0.7820061827097324,0.7135724012709941,0.5951807880574411,22008,6135,8834,6661.87279415706,-582.9840694971108,-0.08751053757862648,0.8540298259892402,0.8557089084065245,0.8523573200992556,19.516147936250725,35.81452361735738,2.256966507427804,1.1968427653650116,3.175049991367284,797,478.20001900196075,25,13,9,2.584597036178767,23.02462312370235,True,True,0.7462236161736034,0.0,True,/Users/angadkumar16ak/Projects/Automated_Cardiovascular_Segmentation_for_Bioprinting_Project/outputs/topology_correction/case_outputs/858/mask__s0_original.nii.gz,/Users/angadkumar16ak/Projects/Automated_Cardiovascular_Segmentation_for_Bioprinting_Project/outputs/topology_correction/case_outputs/858/mask__s0_original.nii.gz,ok,3.0,10.0,True,0.0,9.0,7178.093922613449,5961.123710621266,114.60000455379486,93.60000371932983,85.20000338554382,0.4242640855706679,0.6000000238418579,0.5895723979199902,/Users/angadkumar16ak/Projects/Automated_Cardiovascular_Segmentation_for_Bioprinting_Project/outputs/topology_correction/mesh_qc/s0_original/case_outputs/858__s0_original/segmentation_raw.stl,/Users/angadkumar16ak/Projects/Automated_Cardiovascular_Segmentation_for_Bioprinting_Project/outputs/topology_correction/mesh_qc/s0_original/case_outputs/858__s0_original/segmentation_repaired.stl,/Users/angadkumar16ak/Projects/Automated_Cardiovascular_Segmentation_for_Bioprinting_Project/outputs/topology_correction/mesh_qc/s0_original/case_outputs/858__s0_original/segmentation_smoothed.stl,True,0.6000686026452726,3.141592653589793,0.5530115797804876,3.140061125254271,-0.0030184524848067672,0.07326866361084461,True,"phaseb_mesh_qc.run_phaseb_for_case (repository implementation, unmodified)",50.0,49.0,49.0,1.0,True,-38.99936306578677,173.79638394621801,-174.21903321049012,-41.851405047633236,173.37067403164033,-175.08456044352675,3.010732433929079,True,/Users/angadkumar16ak/Projects/Automated_Cardiovascular_Segmentation_for_Bioprinting_Project/outputs/topology_correction/mesh_qc/s0_original/case_outputs/858__s0_original/segmentation_repaired.stl,ok,exact_point_to_surface,79090.0,77651.0,4.284518217850754,2.150678981603691,18.726219524564865,35.814519816857576,3.059381599176671,1.2251366186740826,6541.245782520537,5961.124216264617,-580.1215662559207,-0.08868670977111374,6.7995843153148305,9.0,1.2000198364257812,0.5999908447265625,9.099452545157376,,,,,,,,,,,,,,,,,,,,,,,
859,s0_original,s0_original,identity,True,0.6000000238418579,0.6000000238418579,0.6000000238418579,True,0.5,,7,9355.825115301177,4258.440507645627,0.4551646119037724,0.6103474511793051,6,1,22.03200262641917,8.15124604013358,1.8000000715255737,0,7,7,0,0.0,0.0,7,43314,9355.825115301177,0.8200852325365944,0.7663803850948885,0.8818841157248745,0.695037688442211,33195,10119,4446,8130.456969225922,1225.368146075255,0.15071331792460355,0.9051143132013826,0.8392124692370796,0.9822485207100592,2.8142495677222836,36.6786055748638,1.2142763392593114,2.0642049889953196,0.3010216140001853,1219,731.4000290632248,24,34,7,1.8527321796336744,6.867314158238295,True,True,0.8200852325365944,0.0,True,/Users/angadkumar16ak/Projects/Automated_Cardiovascular_Segmentation_for_Bioprinting_Project/outputs/topology_correction/case_outputs/859/mask__s0_original.nii.gz,/Users/angadkumar16ak/Projects/Automated_Cardiovascular_Segmentation_for_Bioprinting_Project/outputs/topology_correction/case_outputs/859/mask__s0_original.nii.gz,ok,3.0,7.0,True,0.0,7.0,10770.91584387639,9188.39809534232,134.40000534057617,105.00000417232513,110.40000438690186,0.4242640855706679,0.6000000238418579,0.5909863050700452,/Users/angadkumar16ak/Projects/Automated_Cardiovascular_Segmentation_for_Bioprinting_Project/outputs/topology_correction/mesh_qc/s0_original/case_outputs/859__s0_original/segmentation_raw.stl,/Users/angadkumar16ak/Projects/Automated_Cardiovascular_Segmentation_for_Bioprinting_Project/outputs/topology_correction/mesh_qc/s0_original/case_outputs/859__s0_original/segmentation_repaired.stl,/Users/angadkumar16ak/Projects/Automated_Cardiovascular_Segmentation_for_Bioprinting_Project/outputs/topology_correction/mesh_qc/s0_original/case_outputs/859__s0_original/segmentation_smoothed.stl,True,0.5848566363674504,3.141592653589793,0.526717228166765,3.1399725403717307,-0.0030230597211216258,0.08627695433347185,True,"phaseb_mesh_qc.run_phaseb_for_case (repository implementation, unmodified)",50.0,50.0,50.0,1.0,True,-20.2359413065155,166.90014498294454,-162.74498547471813,-22.528154969563985,166.39380623957823,-165.9116966821675,3.9419135291740437,True,/Users/angadkumar16ak/Projects/Automated_Cardiovascular_Segmentation_for_Bioprinting_Project/outputs/topology_correction/mesh_qc/s0_original/case_outputs/859__s0_original/segmentation_repaired.stl,ok,exact_point_to_surface,85768.0,91243.0,2.316608734947278,1.1863371201602197,2.9698522235105638,36.646680461440596,0.25198371253220564,2.0646250224150724,7987.041567041689,9188.397590906696,1201.356023865007,0.15041314281152238,5.491878306647348,3.600006103515625,13.800003051757812,13.200004577636719,19.432968096086224,,,,,,,,,,,,,,,,,,,,,,,
860,s0_original,s0_original,identity,True,0.6000000238418579,0.6000000238418579,0.6000000238418579,True,0.5,,11,7291.512869216,3808.0804539585292,0.5222620493527268,0.7823596142938174,6,5,8.640001029968303,13.129744396685037,1.3416408398118889,0,11,11,0,0.0,0.0,11,33757,7291.512869216,0.7982499861549538,0.8539858399739313,0.749343661459281,0.6642396313364055,28828,4929,9643,8309.736990597765,-1018.2241213817651,-0.12253385667125895,0.8578411945866412,0.9086908690869087,0.8123809523809524,7.099296021820207,82.88039904532192,1.0770144343616561,0.6359002647220775,1.430272610637575,909,545.4000216722488,26,24,11,1.6997596882158124,10.18586747088323,True,True,0.7982499861549538,0.0,True,/Users/angadkumar16ak/Projects/Automated_Cardiovascular_Segmentation_for_Bioprinting_Project/outputs/topology_correction/case_outputs/860/mask__s0_original.nii.gz,/Users/angadkumar16ak/Projects/Automated_Cardiovascular_Segmentation_for_Bioprinting_Project/outputs/topology_correction/case_outputs/860/mask__s0_original.nii.gz,ok,3.0,11.0,True,0.0,11.0,8091.665834677208,7165.296854169879,148.2000058889389,112.20000445842743,86.40000343322754,0.4242640855706679,0.6000000238418579,0.5904684858847011,/Users/angadkumar16ak/Projects/Automated_Cardiovascular_Segmentation_for_Bioprinting_Project/outputs/topology_correction/mesh_qc/s0_original/case_outputs/860__s0_original/segmentation_raw.stl,/Users/angadkumar16ak/Projects/Automated_Cardiovascular_Segmentation_for_Bioprinting_Project/outputs/topology_correction/mesh_qc/s0_original/case_outputs/860__s0_original/segmentation_repaired.stl,/Users/angadkumar16ak/Projects/Automated_Cardiovascular_Segmentation_for_Bioprinting_Project/outputs/topology_correction/mesh_qc/s0_original/case_outputs/860__s0_original/segmentation_smoothed.stl,True,0.5917259611684866,3.141592653589793,0.5412766579997091,3.141592653589793,-0.002940055619118922,0.11514648813579406,True,"phaseb_mesh_qc.run_phaseb_for_case (repository implementation, unmodified)",50.0,41.0,41.0,1.0,True,-29.081536246750858,179.87751236447693,-168.98410578644467,-34.69298231420763,179.1556266345539,-168.65394723933358,5.66731423526816,True,/Users/angadkumar16ak/Projects/Automated_Cardiovascular_Segmentation_for_Bioprinting_Project/outputs/topology_correction/mesh_qc/s0_original/case_outputs/860__s0_original/segmentation_repaired.stl,ok,exact_point_to_surface,86185.0,81051.0,2.1199990268291415,1.0708696040395584,7.137166844067357,82.88039453961225,1.4140841405591833,0.705914886269958,8166.1957660199505,7165.297717646555,-1000.8980483733958,-0.12256601201482273,3.3365140337741916,34.19999694824219,16.800003051757812,-3.0,38.221458551432164,,,,,,,,,,,,,,,,,,,,,,,
861,s0_original,s0_original,identity,True,0.6000000238418579,0.6000000238418579,0.6000000238418579,True,0.5,,14,3529.440420742051,1883.9522245845885,0.5337821297429621,0.5003439578078422,10,4,12.096001441955625,14.951923547388573,2.4738634736730947,0,14,14,0,0.0,0.0,14,16340,3529.4404207420516,0.7034987838451875,0.8053855569155447,0.624495800313197,0.5426132849544386,13160,3180,7913,4551.768542613051,-1022.3281218709994,-0.22460019930717032,0.8374503368457419,0.9119638826185101,0.7741935483870968,10.495713827783721,51.93034001736589,2.215470326934024,2.6259255393828083,1.904005174335076,443,265.80001056194305,26,4,14,2.352671614592146,11.525624085366262,True,True,0.7034987838451875,0.0,True,/Users/angadkumar16ak/Projects/Automated_Cardiovascular_Segmentation_for_Bioprinting_Project/outputs/topology_correction/case_outputs/861/mask__s0_original.nii.gz,/Users/angadkumar16ak/Projects/Automated_Cardiovascular_Segmentation_for_Bioprinting_Project/outputs/topology_correction/case_outputs/861/mask__s0_original.nii.gz,ok,3.0,14.0,False,20.0,14.0,4224.561464849441,not_watertight,167.10000663995743,91.2000036239624,84.60000336170197,0.4242640855706679,0.6000000238418579,0.5909477525919433,/Users/angadkumar16ak/Projects/Automated_Cardiovascular_Segmentation_for_Bioprinting_Project/outputs/topology_correction/mesh_qc/s0_original/case_outputs/861__s0_original/segmentation_raw.stl,/Users/angadkumar16ak/Projects/Automated_Cardiovascular_Segmentation_for_Bioprinting_Project/outputs/topology_correction/mesh_qc/s0_original/case_outputs/861__s0_original/segmentation_repaired.stl,/Users/angadkumar16ak/Projects/Automated_Cardiovascular_Segmentation_for_Bioprinting_Project/outputs/topology_correction/mesh_qc/s0_original/case_outputs/861__s0_original/segmentation_smoothed.stl,True,0.5857780188586996,3.141592653589793,0.5362467151625491,3.139406547228156,not_watertight,0.07184822521419829,False,"phaseb_mesh_qc.run_phaseb_for_case (repository implementation, unmodified)",50.0,32.0,32.0,1.0,True,-32.63103448954324,189.95763158320358,-160.53271758738754,-33.47188507049113,190.92708498610912,-162.36328654857633,2.235587690419087,False,/Users/angadkumar16ak/Projects/Automated_Cardiovascular_Segmentation_for_Bioprinting_Project/outputs/topology_correction/mesh_qc/s0_original/case_outputs/861__s0_original/segmentation_repaired.stl,ok,exact_point_to_surface,69292.0,66199.0,4.6317776238989765,2.3040152381871906,10.901787533507395,51.77934111148326,1.795758717339887,2.8360189065590897,4475.475358123894,,,,2.5119368884304714,74.70000267028809,8.399993896484375,-7.799995422363281,75.57440191619719,,,,,,,,,,,,,,,,,,,,,,,
862,s0_original,s0_original,identity,True,0.6000000238418579,0.6000000238418579,0.6000000238418579,True,0.5,,5,8798.97704891972,4921.776586721444,0.5593578161822467,0.7646361801105942,5,0,85.10401014518779,26.668236876312868,5.299056730362296,0,5,5,0,0.0,0.0,5,40736,8798.97704891972,0.7751949991702163,0.860000981932443,0.7056134061108985,0.6329129932071108,35033,5703,14616,10724.185278422407,-1925.2082295026867,-0.17952023202884243,0.8615645035018303,0.9249304911955515,0.8063241106719368,8.094442859583474,46.051711895898784,1.6139028327561304,0.9624018697825095,2.1177112124984943,1079,647.4000257253647,19,19,5,2.161123601540435,11.323750064858304,True,True,0.7751949991702163,0.0,True,/Users/angadkumar16ak/Projects/Automated_Cardiovascular_Segmentation_for_Bioprinting_Project/outputs/topology_correction/case_outputs/862/mask__s0_original.nii.gz,/Users/angadkumar16ak/Projects/Automated_Cardiovascular_Segmentation_for_Bioprinting_Project/outputs/topology_correction/case_outputs/862/mask__s0_original.nii.gz,ok,3.0,5.0,True,0.0,5.0,9862.857719313086,8646.985030800864,162.00000643730164,118.20000469684601,107.40000426769257,0.4242640855706679,0.6000000238418579,0.591944065918176,/Users/angadkumar16ak/Projects/Automated_Cardiovascular_Segmentation_for_Bioprinting_Project/outputs/topology_correction/mesh_qc/s0_original/case_outputs/862__s0_original/segmentation_raw.stl,/Users/angadkumar16ak/Projects/Automated_Cardiovascular_Segmentation_for_Bioprinting_Project/outputs/topology_correction/mesh_qc/s0_original/case_outputs/862__s0_original/segmentation_repaired.stl,/Users/angadkumar16ak/Projects/Automated_Cardiovascular_Segmentation_for_Bioprinting_Project/outputs/topology_correction/mesh_qc/s0_original/case_outputs/862__s0_original/segmentation_smoothed.stl,True,0.5723818885577749,3.141592653589793,0.5125392556356128,3.140206172810029,-0.0026022032233078223,0.09279261586802828,True,"phaseb_mesh_qc.run_phaseb_for_case (repository implementation, unmodified)",50.0,43.0,43.0,1.0,True,-41.829793182519936,191.01867457961507,-1115.5161294429931,-43.70096334938171,191.21404694116922,-1117.0201933632152,2.4086627885875784,True,/Users/angadkumar16ak/Projects/Automated_Cardiovascular_Segmentation_for_Bioprinting_Project/outputs/topology_correction/mesh_qc/s0_original/case_outputs/862__s0_original/segmentation_repaired.stl,ok,exact_point_to_surface,95128.0,87624.0,3.072604311896675,1.5578046596409976,7.834488906519243,46.051712481446096,2.059972938842928,1.0126313730537468,10549.829095539151,8646.988995381791,-1902.8401001573602,-0.18036691238552383,7.198828170852404,24.600004196166992,-1.79998779296875,-3.0001220703125,24.847553097700512,,,,,,,,,,,,,,,,,,,,,,,
863,s0_original,s0_original,identity,True,0.6000000238418579,0.6000000238418579,0.6000000238418579,True,0.5,,11,6657.768793667825,3297.0243930359043,0.4952146124647179,0.8792583857442349,8,3,28.080003347396985,10.76214057174959,0.8485281711413358,1,11,11,0,0.0,0.0,11,30823,6657.768793667825,0.816482582837723,0.8106284268241248,0.8224219084296106,0.6898779612347452,24986,5837,5395,6562.296782286675,95.47201138114997,0.014548566538296996,0.9027023430287202,0.8881278538812786,0.9177631578947368,4.911211858277488,52.464847457643664,1.078291143933964,1.6338383577556292,0.5535162535699357,876,525.6000208854675,24,16,10,1.6335107903125667,9.134286251191503,True,True,0.816482582837723,0.0,True,/Users/angadkumar16ak/Projects/Automated_Cardiovascular_Segmentation_for_Bioprinting_Project/outputs/topology_correction/case_outputs/863/mask__s0_original.nii.gz,/Users/angadkumar16ak/Projects/Automated_Cardiovascular_Segmentation_for_Bioprinting_Project/outputs/topology_correction/case_outputs/863/mask__s0_original.nii.gz,ok,3.0,11.0,True,0.0,10.0,7969.182683469105,6530.526778499396,134.40000534057617,102.6000040769577,117.60000467300415,0.4242640855706679,0.6000000238418579,0.591147956735208,/Users/angadkumar16ak/Projects/Automated_Cardiovascular_Segmentation_for_Bioprinting_Project/outputs/topology_correction/mesh_qc/s0_original/case_outputs/863__s0_original/segmentation_raw.stl,/Users/angadkumar16ak/Projects/Automated_Cardiovascular_Segmentation_for_Bioprinting_Project/outputs/topology_correction/mesh_qc/s0_original/case_outputs/863__s0_original/segmentation_repaired.stl,/Users/angadkumar16ak/Projects/Automated_Cardiovascular_Segmentation_for_Bioprinting_Project/outputs/topology_correction/mesh_qc/s0_original/case_outputs/863__s0_original/segmentation_smoothed.stl,True,0.5987556314405211,3.141592653589793,0.549677509900065,3.141592653589793,-0.0030733099367720317,0.06294001232845603,True,"phaseb_mesh_qc.run_phaseb_for_case (repository implementation, unmodified)",50.0,45.0,45.0,1.0,True,-25.176192333498477,169.84576227063698,-148.09173163853524,-27.147117241490292,170.06150316938383,-148.45036155048115,2.0148708499745025,True,/Users/angadkumar16ak/Projects/Automated_Cardiovascular_Segmentation_for_Bioprinting_Project/outputs/topology_correction/mesh_qc/s0_original/case_outputs/863__s0_original/segmentation_repaired.stl,ok,exact_point_to_surface,79893.0,80497.0,2.284767262523652,1.1447376888241556,6.312371504889845,52.46484625520944,0.5172722199670937,1.7674950425565583,6443.56771791272,6530.52651768974,86.95879977702043,0.01349544283290146,2.5797457679150653,21.0,-2.3999862670898438,36.0,41.74637629881449,,,,,,,,,,,,,,,,,,,,,,,
864,s0_original,s0_original,identity,True,0.6000000238418579,0.6000000238418579,0.6000000238418579,True,0.5,,8,9347.617114322706,5622.0486702003745,0.6014419077548757,0.6335484862455817,7,1,32.83200391387955,5.6603889041576,1.4696939040702932,0,8,8,0,0.0,0.0,8,43276,9347.617114322707,0.8235603207766699,0.7605601257047786,0.8979402537170919,0.7000446646957483,32914,10362,3741,7917.480943837203,1430.1361704855044,0.18063020051834688,0.8995035863320433,0.8579823702252694,0.9452479338842975,4.2426408557066795,25.973834018403426,0.8528802345084491,1.295404415374809,0.3718921178393268,1021,612.6000243425369,24,24,8,1.3712643682546704,8.196089892183785,True,True,0.8235603207766699,0.0,True,/Users/angadkumar16ak/Projects/Automated_Cardiovascular_Segmentation_for_Bioprinting_Project/outputs/topology_correction/case_outputs/864/mask__s0_original.nii.gz,/Users/angadkumar16ak/Projects/Automated_Cardiovascular_Segmentation_for_Bioprinting_Project/outputs/topology_correction/case_outputs/864/mask__s0_original.nii.gz,ok,3.0,8.0,True,0.0,8.0,10107.987740306478,9199.036096610473,125.4000049829483,89.40000355243683,102.00000405311584,0.4242640855706679,0.6000000238418579,0.5896113128160151,/Users/angadkumar16ak/Projects/Automated_Cardiovascular_Segmentation_for_Bioprinting_Project/outputs/topology_correction/mesh_qc/s0_original/case_outputs/864__s0_original/segmentation_raw.stl,/Users/angadkumar16ak/Projects/Automated_Cardiovascular_Segmentation_for_Bioprinting_Project/outputs/topology_correction/mesh_qc/s0_original/case_outputs/864__s0_original/segmentation_repaired.stl,/Users/angadkumar16ak/Projects/Automated_Cardiovascular_Segmentation_for_Bioprinting_Project/outputs/topology_correction/mesh_qc/s0_original/case_outputs/864__s0_original/segmentation_smoothed.stl,True,0.5750074464800878,3.141592653589793,0.519698959232644,3.1403879629757405,-0.0023965333650037795,0.10897495147425824,True,"phaseb_mesh_qc.run_phaseb_for_case (repository implementation, unmodified)",50.0,50.0,50.0,1.0,True,-32.07256424842981,180.8556279866761,102.28245080566052,-35.694706664045306,181.32623468660213,100.64129445209046,4.004345205133976,True,/Users/angadkumar16ak/Projects/Automated_Cardiovascular_Segmentation_for_Bioprinting_Project/outputs/topology_correction/mesh_qc/s0_original/case_outputs/864__s0_original/segmentation_repaired.stl,ok,exact_point_to_surface,85564.0,88927.0,1.6276264374298768,0.8232072067189659,4.483653411998238,25.97383275718452,0.32640127675515124,1.3012251606747256,7781.752536143573,9199.037176777596,1417.2846406340232,0.1821292355483192,2.4027447632476537,-0.5999984741210938,2.9999847412109375,2.399993896484375,3.888428644016545,,,,,,,,,,,,,,,,,,,,,,,
865,s0_original,s0_original,identity,True,0.6000000238418579,0.6000000238418579,0.6000000238418579,True,0.5,,8,5739.120684156444,3845.016458361644,0.6699661272111405,0.33447559125891807,6,2,25.272003012657287,6.029925612280241,2.7495455262306225,0,8,8,0,0.0,0.0,8,26570,5739.120684156445,0.7569572523464076,0.6951072638313888,0.8308889688680943,0.608955125457483,18469,8101,3759,4801.2485723533855,937.8721118030599,0.19533921180493086,0.8454213975361364,0.7868613138686131,0.9133986928104575,10.003999597843052,49.04243255737777,1.7049410154279443,2.524251633369101,0.7974366196382658,685,411.00001633167267,22,22,7,2.1490565315820844,12.490951912508232,True,True,0.7569572523464076,0.0,True,/Users/angadkumar16ak/Projects/Automated_Cardiovascular_Segmentation_for_Bioprinting_Project/outputs/topology_correction/case_outputs/865/mask__s0_original.nii.gz,/Users/angadkumar16ak/Projects/Automated_Cardiovascular_Segmentation_for_Bioprinting_Project/outputs/topology_correction/case_outputs/865/mask__s0_original.nii.gz,ok,3.0,8.0,True,0.0,8.0,6559.902614133331,5639.175672242073,138.60000550746918,96.60000383853912,93.00000369548798,0.4242640855706679,0.6000000238418579,0.5892869609097559,/Users/angadkumar16ak/Projects/Automated_Cardiovascular_Segmentation_for_Bioprinting_Project/outputs/topology_correction/mesh_qc/s0_original/case_outputs/865__s0_original/segmentation_raw.stl,/Users/angadkumar16ak/Projects/Automated_Cardiovascular_Segmentation_for_Bioprinting_Project/outputs/topology_correction/mesh_qc/s0_original/case_outputs/865__s0_original/segmentation_repaired.stl,/Users/angadkumar16ak/Projects/Automated_Cardiovascular_Segmentation_for_Bioprinting_Project/outputs/topology_correction/mesh_qc/s0_original/case_outputs/865__s0_original/segmentation_smoothed.stl,True,0.5838661863235808,3.141592653589793,0.5317003551940366,3.139435914296952,-0.0030186443867722007,0.08287542340986075,True,"phaseb_mesh_qc.run_phaseb_for_case (repository implementation, unmodified)",50.0,46.0,46.0,1.0,True,-44.54700769205313,175.2908176508531,146.6292061956924,-44.874504923886136,175.70184970428915,145.02693373844446,1.686261786635012,True,/Users/angadkumar16ak/Projects/Automated_Cardiovascular_Segmentation_for_Bioprinting_Project/outputs/topology_correction/mesh_qc/s0_original/case_outputs/865__s0_original/segmentation_repaired.stl,ok,exact_point_to_surface,72340.0,75296.0,3.310344320680544,1.6729223997646998,10.171321898233524,49.04243700708655,0.768644979127561,2.541699341552983,4714.902633509703,5639.176039737184,924.2734062274803,0.19603234214392778,8.38361694020968,15.000001907348633,5.399993896484375,-0.5999984741210938,15.953682630398498,,,,,,,,,,,,,,,,,,,,,,,
866,s0_original,s0_original,identity,True,0.6000000238418579,0.6000000238418579,0.6000000238418579,True,0.5,,9,8681.257034886403,5137.776612470651,0.5918240402080067,0.6104851593374254,7,2,23.544002806663624,7.807086534406904,0.8485281711413358,1,9,9,0,0.0,0.0,9,40191,8681.257034886401,0.8099173553719008,0.7997810455077007,0.8203138956233252,0.6805555555555556,32144,8047,7041,8463.961008982698,217.29602590370268,0.025673089192292955,0.8837144549954836,0.90927624872579,0.8595505617977528,10.766615494782661,72.0249985232448,2.1605848751413492,2.9845293597550957,1.4190679590566933,981,588.6000233888626,21,8,8,2.6344914309203094,13.94511543837306,True,True,0.8099173553719008,0.0,True,/Users/angadkumar16ak/Projects/Automated_Cardiovascular_Segmentation_for_Bioprinting_Project/outputs/topology_correction/case_outputs/866/mask__s0_original.nii.gz,/Users/angadkumar16ak/Projects/Automated_Cardiovascular_Segmentation_for_Bioprinting_Project/outputs/topology_correction/case_outputs/866/mask__s0_original.nii.gz,ok,3.0,9.0,True,0.0,8.0,9484.984034570716,8541.712018251337,135.6000053882599,116.40000462532043,85.20000338554382,0.4242640855706679,0.6000000238418579,0.5898343486059914,/Users/angadkumar16ak/Projects/Automated_Cardiovascular_Segmentation_for_Bioprinting_Project/outputs/topology_correction/mesh_qc/s0_original/case_outputs/866__s0_original/segmentation_raw.stl,/Users/angadkumar16ak/Projects/Automated_Cardiovascular_Segmentation_for_Bioprinting_Project/outputs/topology_correction/mesh_qc/s0_original/case_outputs/866__s0_original/segmentation_repaired.stl,/Users/angadkumar16ak/Projects/Automated_Cardiovascular_Segmentation_for_Bioprinting_Project/outputs/topology_correction/mesh_qc/s0_original/case_outputs/866__s0_original/segmentation_smoothed.stl,True,0.5724169206969825,3.141592653589793,0.5153724082656465,3.141155724634741,-0.002493333804766584,0.10479958199596924,True,"phaseb_mesh_qc.run_phaseb_for_case (repository implementation, unmodified)",50.0,46.0,46.0,1.0,True,-46.16985495319881,180.30237815165708,-154.8568450586678,-48.34476705040841,179.95949237190592,-157.85528883051103,3.7200105297498363,True,/Users/angadkumar16ak/Projects/Automated_Cardiovascular_Segmentation_for_Bioprinting_Project/outputs/topology_correction/mesh_qc/s0_original/case_outputs/866__s0_original/segmentation_repaired.stl,ok,exact_point_to_surface,87796.0,86496.0,4.514338645146632,2.2507944286750488,11.54553937763315,72.0249986483718,1.4024823938680442,3.1118562512785877,8311.077903595971,8541.71219827028,230.63429467430797,0.027750226546970392,7.116693084544927,16.80000400543213,14.400001525878906,-9.0,23.887238821761095,,,,,,,,,,,,,,,,,,,,,,,
867,s0_original,s0_original,identity,True,0.6000000238418579,0.6000000238418579,0.6000000238418579,True,0.5,,21,12011.545431887682,7148.304852144275,0.595119495045766,0.5718861425031728,17,4,20.736002471923925,4.573863557119598,1.0392305258366357,1,21,21,0,0.0,0.0,21,55609,12011.545431887684,0.7703085432493669,0.8314661295833409,0.7175313086795264,0.6264242457086342,46237,9372,18202,13918.825659253187,-1907.2802273655034,-0.13702881795186148,0.8588555620715398,0.8453525641025641,0.8727969348659004,8.879189504996521,59.93396604157676,1.5290122908831447,1.9876424967581319,1.1254796751378564,1248,748.8000297546387,40,16,18,1.8313166890746917,9.84073207114958,True,True,0.7703085432493669,0.0,True,/Users/angadkumar16ak/Projects/Automated_Cardiovascular_Segmentation_for_Bioprinting_Project/outputs/topology_correction/case_outputs/867/mask__s0_original.nii.gz,/Users/angadkumar16ak/Projects/Automated_Cardiovascular_Segmentation_for_Bioprinting_Project/outputs/topology_correction/case_outputs/867/mask__s0_original.nii.gz,ok,3.0,21.0,False,58.0,21.0,12225.743833385603,not_watertight,116.40000462532043,99.00000393390656,119.70000475645065,0.4242640855706679,0.6000000238418579,0.5924382802482485,/Users/angadkumar16ak/Projects/Automated_Cardiovascular_Segmentation_for_Bioprinting_Project/outputs/topology_correction/mesh_qc/s0_original/case_outputs/867__s0_original/segmentation_raw.stl,/Users/angadkumar16ak/Projects/Automated_Cardiovascular_Segmentation_for_Bioprinting_Project/outputs/topology_correction/mesh_qc/s0_original/case_outputs/867__s0_original/segmentation_repaired.stl,/Users/angadkumar16ak/Projects/Automated_Cardiovascular_Segmentation_for_Bioprinting_Project/outputs/topology_correction/mesh_qc/s0_original/case_outputs/867__s0_original/segmentation_smoothed.stl,True,0.583349540711654,3.141592653589793,0.5289980066876572,3.1405817502492432,not_watertight,0.15520868924095022,False,"phaseb_mesh_qc.run_phaseb_for_case (repository implementation, unmodified)",50.0,42.0,42.0,1.0,True,-33.41517596686501,184.87218933947815,-278.62681248655605,-37.259151457255626,184.15777735891206,-280.9675050829281,4.556903979612808,False,/Users/angadkumar16ak/Projects/Automated_Cardiovascular_Segmentation_for_Bioprinting_Project/outputs/topology_correction/mesh_qc/s0_original/case_outputs/867__s0_original/segmentation_repaired.stl,ok,exact_point_to_surface,99972.0,96581.0,2.996361756431635,1.4907308884334995,8.796639464640577,59.93396132284897,1.0663560944694492,1.9300056619621855,13755.493902605593,,,,2.8016525645695953,13.19999885559082,0.600006103515625,21.899993896484375,25.57752352707173,,,,,,,,,,,,,,,,,,,,,,,
868,s0_original,s0_original,identity,True,0.6000000238418579,0.6000000238418579,0.6000000238418579,True,0.5,,14,3558.3844241924453,2696.5443214531074,0.757800169964793,0.2079461710990067,11,3,25.92000308990491,6.654322168264645,1.2000000476837158,0,14,14,0,0.0,0.0,14,16474,3558.3844241924453,0.7497774429911662,0.6646230423697949,0.8599591580270185,0.5997151777400449,10949,5525,1783,2750.112327838911,808.2720963535344,0.2939051209550737,0.7982492516231031,0.716024340770791,0.9018087855297158,11.589477511420343,75.27788819004975,2.717740919121012,4.352911510342273,0.6982698139312695,493,295.80001175403595,29,9,14,3.8693546935647687,14.363077975867911,True,True,0.7497774429911662,0.0,True,/Users/angadkumar16ak/Projects/Automated_Cardiovascular_Segmentation_for_Bioprinting_Project/outputs/topology_correction/case_outputs/868/mask__s0_original.nii.gz,/Users/angadkumar16ak/Projects/Automated_Cardiovascular_Segmentation_for_Bioprinting_Project/outputs/topology_correction/case_outputs/868/mask__s0_original.nii.gz,ok,3.0,14.0,False,36.0,14.0,4459.958591952214,not_watertight,173.70000690221786,91.80000364780426,70.20000278949738,0.4242640855706679,0.6000000238418579,0.5892284384557357,/Users/angadkumar16ak/Projects/Automated_Cardiovascular_Segmentation_for_Bioprinting_Project/outputs/topology_correction/mesh_qc/s0_original/case_outputs/868__s0_original/segmentation_raw.stl,/Users/angadkumar16ak/Projects/Automated_Cardiovascular_Segmentation_for_Bioprinting_Project/outputs/topology_correction/mesh_qc/s0_original/case_outputs/868__s0_original/segmentation_repaired.stl,/Users/angadkumar16ak/Projects/Automated_Cardiovascular_Segmentation_for_Bioprinting_Project/outputs/topology_correction/mesh_qc/s0_original/case_outputs/868__s0_original/segmentation_smoothed.stl,True,0.5690022175637783,3.141592653589793,0.5162020109106181,3.141592653589793,not_watertight,0.05821294160495326,False,"phaseb_mesh_qc.run_phaseb_for_case (repository implementation, unmodified)",50.0,30.0,30.0,1.0,True,-46.13932991247813,144.60764078389417,63.33605494224376,-45.420071630687985,145.92421793586408,61.8153148731346,2.136201823519272,False,/Users/angadkumar16ak/Projects/Automated_Cardiovascular_Segmentation_for_Bioprinting_Project/outputs/topology_correction/mesh_qc/s0_original/case_outputs/868__s0_original/segmentation_repaired.stl,ok,exact_point_to_surface,63693.0,67226.0,5.134627958716027,2.618678027618966,11.468714229624819,75.27789061389238,0.6639655971684638,4.4706623615475625,2693.6733002485703,,,,7.102289060366771,89.10000759363174,12.600013732910156,4.19999885559082,90.0844697472418,,,,,,,,,,,,,,,,,,,,,,,
869,s0_original,s0_original,identity,True,0.6000000238418579,0.6000000238418579,0.6000000238418579,True,0.5,,16,7936.9209461546325,3880.440462584514,0.4889100557899034,0.9672140272752575,10,6,10.260001223087361,5.6603889041576,0.8485281711413358,2,16,16,0,0.0,0.0,16,36745,7936.9209461546325,0.710191119984122,0.8277316641719962,0.62188190071154,0.5506173286505667,30415,6330,18493,10564.129259342244,-2627.2083131876116,-0.24869142062648236,0.8068802866992146,0.8835051546391752,0.7424857839155159,5.786190686518324,77.64148684226947,1.3729447111548458,1.563779464066293,1.2213371515621523,970,582.0000231266022,33,33,12,1.6548694760997653,6.462198025346074,True,True,0.710191119984122,0.0,True,/Users/angadkumar16ak/Projects/Automated_Cardiovascular_Segmentation_for_Bioprinting_Project/outputs/topology_correction/case_outputs/869/mask__s0_original.nii.gz,/Users/angadkumar16ak/Projects/Automated_Cardiovascular_Segmentation_for_Bioprinting_Project/outputs/topology_correction/case_outputs/869/mask__s0_original.nii.gz,ok,3.0,16.0,True,0.0,13.0,8934.371771128697,7798.1679296139855,140.40000557899475,104.40000414848328,87.60000348091125,0.4242640855706679,0.6000000238418579,0.5920942336553976,/Users/angadkumar16ak/Projects/Automated_Cardiovascular_Segmentation_for_Bioprinting_Project/outputs/topology_correction/mesh_qc/s0_original/case_outputs/869__s0_original/segmentation_raw.stl,/Users/angadkumar16ak/Projects/Automated_Cardiovascular_Segmentation_for_Bioprinting_Project/outputs/topology_correction/mesh_qc/s0_original/case_outputs/869__s0_original/segmentation_repaired.stl,/Users/angadkumar16ak/Projects/Automated_Cardiovascular_Segmentation_for_Bioprinting_Project/outputs/topology_correction/mesh_qc/s0_original/case_outputs/869__s0_original/segmentation_smoothed.stl,True,0.5940365962125035,3.141592653589793,0.5418083951605247,3.141592653589793,-0.0029799374966671334,0.09729214859164512,True,"phaseb_mesh_qc.run_phaseb_for_case (repository implementation, unmodified)",50.0,43.0,43.0,1.0,True,-32.14116349848359,171.05335628614895,-179.86091895368833,-36.099516476402954,170.16897728736183,-180.73586693289758,4.1492431210548695,True,/Users/angadkumar16ak/Projects/Automated_Cardiovascular_Segmentation_for_Bioprinting_Project/outputs/topology_correction/mesh_qc/s0_original/case_outputs/869__s0_original/segmentation_repaired.stl,ok,exact_point_to_surface,90239.0,84052.0,2.848264209950627,1.4154465207422626,5.990315272399281,77.64148963819909,1.179454690790305,1.6688095191603218,10430.254604304717,7798.168246571426,-2632.086357733291,-0.2523511129485747,4.37987864114039,31.199995040893555,12.0,0.0,33.428127236681725,,,,,,,,,,,,,,,,,,,,,,,
870,s0_original,s0_original,identity,True,0.6000000238418579,0.6000000238418579,0.6000000238418579,True,0.5,,9,6010.200716471701,3022.92036036016,0.5029649595687331,0.8132904608788853,7,2,24.624002935409663,10.875105707152095,1.9899749532877369,0,9,9,0,0.0,0.0,9,27825,6010.200716471701,0.7165939379643826,0.6550943396226415,0.7908369126643239,0.558353243888991,18228,9597,4821,4978.584593493485,1031.6161229782156,0.20721072497722248,0.7664790848654088,0.6853333333333333,0.8694214876033057,14.017417351910996,48.0374872718336,2.1212031965951046,3.1809867244458583,0.9096877222114004,750,450.00001788139343,26,28,8,3.0417659926568397,18.325045653586468,True,True,0.7165939379643826,0.0,True,/Users/angadkumar16ak/Projects/Automated_Cardiovascular_Segmentation_for_Bioprinting_Project/outputs/topology_correction/case_outputs/870/mask__s0_original.nii.gz,/Users/angadkumar16ak/Projects/Automated_Cardiovascular_Segmentation_for_Bioprinting_Project/outputs/topology_correction/case_outputs/870/mask__s0_original.nii.gz,ok,3.0,9.0,False,10.0,9.0,6946.317205556124,not_watertight,140.10000556707382,83.40000331401825,85.20000338554382,0.4242640855706679,0.6000000238418579,0.5883673356809873,/Users/angadkumar16ak/Projects/Automated_Cardiovascular_Segmentation_for_Bioprinting_Project/outputs/topology_correction/mesh_qc/s0_original/case_outputs/870__s0_original/segmentation_raw.stl,/Users/angadkumar16ak/Projects/Automated_Cardiovascular_Segmentation_for_Bioprinting_Project/outputs/topology_correction/mesh_qc/s0_original/case_outputs/870__s0_original/segmentation_repaired.stl,/Users/angadkumar16ak/Projects/Automated_Cardiovascular_Segmentation_for_Bioprinting_Project/outputs/topology_correction/mesh_qc/s0_original/case_outputs/870__s0_original/segmentation_smoothed.stl,True,0.5960439212416423,3.141592653589793,0.5490261691534796,3.1390241131060512,not_watertight,0.08758310871518418,False,"phaseb_mesh_qc.run_phaseb_for_case (repository implementation, unmodified)",50.0,38.0,38.0,1.0,True,-21.86968320472114,178.5217999264022,132.30873783155272,-25.9517432498365,178.63667079395975,130.9007475596287,4.319588653329536,False,/Users/angadkumar16ak/Projects/Automated_Cardiovascular_Segmentation_for_Bioprinting_Project/outputs/topology_correction/mesh_qc/s0_original/case_outputs/870__s0_original/segmentation_repaired.stl,ok,exact_point_to_surface,72602.0,76883.0,4.122849692329849,2.0964766862099027,14.4516707991349,47.968111458271935,0.837476163818848,3.285373528511001,4893.534698111689,,,,9.423688687173565,33.300004959106445,18.600006103515625,6.0,38.61153399344984,,,,,,,,,,,,,,,,,,,,,,,
871,s0_original,s0_original,identity,True,0.6000000238418579,0.6000000238418579,0.6000000238418579,True,0.5,,10,7015.680836334262,4220.424503113767,0.601570197044335,0.6065305286862173,8,2,29.376003501892228,5.692100014486806,0.8485281711413358,1,10,10,0,0.0,0.0,10,32480,7015.680836334262,0.8125039330438613,0.7950431034482759,0.8307489383605714,0.6842161045017355,25823,6657,5261,6714.144800388368,301.5360359458937,0.04491056492085959,0.8658064034071806,0.8818615751789977,0.8503253796095445,6.517668553708998,34.415114326813686,1.008778959671446,0.9332319655166728,1.081135973396392,838,502.80001997947693,27,28,9,1.5427297061155059,9.16928773271917,True,True,0.8125039330438613,0.0,True,/Users/angadkumar16ak/Projects/Automated_Cardiovascular_Segmentation_for_Bioprinting_Project/outputs/topology_correction/case_outputs/871/mask__s0_original.nii.gz,/Users/angadkumar16ak/Projects/Automated_Cardiovascular_Segmentation_for_Bioprinting_Project/outputs/topology_correction/case_outputs/871/mask__s0_original.nii.gz,ok,3.0,10.0,True,0.0,9.0,7849.981300870325,6896.997822186147,100.80000400543213,83.40000331401825,100.80000400543213,0.4242640855706679,0.6000000238418579,0.589071469923503,/Users/angadkumar16ak/Projects/Automated_Cardiovascular_Segmentation_for_Bioprinting_Project/outputs/topology_correction/mesh_qc/s0_original/case_outputs/871__s0_original/segmentation_raw.stl,/Users/angadkumar16ak/Projects/Automated_Cardiovascular_Segmentation_for_Bioprinting_Project/outputs/topology_correction/mesh_qc/s0_original/case_outputs/871__s0_original/segmentation_repaired.stl,/Users/angadkumar16ak/Projects/Automated_Cardiovascular_Segmentation_for_Bioprinting_Project/outputs/topology_correction/mesh_qc/s0_original/case_outputs/871__s0_original/segmentation_smoothed.stl,True,0.5729461148694704,3.141592653589793,0.5088530378623615,3.141491016613124,-0.002961624387021633,0.10129310344827586,True,"phaseb_mesh_qc.run_phaseb_for_case (repository implementation, unmodified)",50.0,50.0,50.0,1.0,True,-34.273335802492696,163.26085166913902,105.98569339976228,-35.906017531794284,162.8306620739885,102.49409544481838,3.878397735655719,True,/Users/angadkumar16ak/Projects/Automated_Cardiovascular_Segmentation_for_Bioprinting_Project/outputs/topology_correction/mesh_qc/s0_original/case_outputs/871__s0_original/segmentation_repaired.stl,ok,exact_point_to_surface,81778.0,80297.0,1.964542353494211,0.98262328677406,6.543655891022244,34.415120291589865,1.0208047571783314,0.9437375963158795,6586.939745062914,6896.9982154256895,310.05847036277555,0.047071702848833955,5.196165142353698,-3.0,-3.600006103515625,1.2000007629394531,4.837359380530355,,,,,,,,,,,,,,,,,,,,,,,
872,s0_original,s0_original,identity,True,0.6000000238418579,0.6000000238418579,0.6000000238418579,True,0.5,,16,5779.296688945798,2822.4723364648953,0.4883764389295858,0.6668707430932884,12,4,21.06000251054774,5.939697197989351,0.8485281711413358,1,16,16,0,0.0,0.0,16,26756,5779.2966889457975,0.7858438435905007,0.6962924203916878,0.9018297995933778,0.6472345747637577,18630,8126,2028,4462.12853192713,1317.1681570186674,0.29518830477296926,0.8395546976055525,0.7304878048780488,0.9869067103109657,14.784846883604043,44.07856797140093,1.8109889026013246,3.053038342626942,0.29220213120157873,820,492.0000195503235,36,12,14,2.909580601028586,20.14247535731712,True,True,0.7858438435905007,0.0,True,/Users/angadkumar16ak/Projects/Automated_Cardiovascular_Segmentation_for_Bioprinting_Project/outputs/topology_correction/case_outputs/872/mask__s0_original.nii.gz,/Users/angadkumar16ak/Projects/Automated_Cardiovascular_Segmentation_for_Bioprinting_Project/outputs/topology_correction/case_outputs/872/mask__s0_original.nii.gz,ok,3.0,16.0,True,0.0,15.0,7085.842899300126,5659.20967463031,120.00000476837158,106.80000424385071,94.20000374317169,0.4242640855706679,0.6000000238418579,0.5912136912952675,/Users/angadkumar16ak/Projects/Automated_Cardiovascular_Segmentation_for_Bioprinting_Project/outputs/topology_correction/mesh_qc/s0_original/case_outputs/872__s0_original/segmentation_raw.stl,/Users/angadkumar16ak/Projects/Automated_Cardiovascular_Segmentation_for_Bioprinting_Project/outputs/topology_correction/mesh_qc/s0_original/case_outputs/872__s0_original/segmentation_repaired.stl,/Users/angadkumar16ak/Projects/Automated_Cardiovascular_Segmentation_for_Bioprinting_Project/outputs/topology_correction/mesh_qc/s0_original/case_outputs/872__s0_original/segmentation_smoothed.stl,True,0.5717350588458558,3.141592653589793,0.5163523695558656,3.140287836992088,-0.003901982706072417,0.07018986395574825,True,"phaseb_mesh_qc.run_phaseb_for_case (repository implementation, unmodified)",50.0,44.0,42.0,0.9545454545454546,False,-46.79618203533499,184.3045739527953,102.26895229978882,-47.4739206863363,185.58387647225447,99.23970207410102,3.357424838352347,True,/Users/angadkumar16ak/Projects/Automated_Cardiovascular_Segmentation_for_Bioprinting_Project/outputs/topology_correction/mesh_qc/s0_original/case_outputs/872__s0_original/segmentation_repaired.stl,ok,exact_point_to_surface,70467.0,77115.0,3.493838060823516,1.8144610276366535,15.380011935982745,44.078575005735175,0.24752326710783376,3.246314793715682,4375.962843420121,5659.209537849601,1283.2466944294792,0.29324899235810975,4.623263158689712,24.0,9.599990844726562,18.599990844726562,31.845242716028178,,,,,,,,,,,,,,,,,,,,,,,
873,s0_original,s0_original,identity,True,0.6000000238418579,0.6000000238418579,0.6000000238418579,True,0.5,,14,9873.577177022027,6358.176757953674,0.6439587845376386,0.5080513656746841,7,7,9.39600112009053,5.091169026848015,0.8485281711413358,1,14,14,0,0.0,0.0,14,45711,9873.577177022027,0.8545945831838044,0.8856292796044716,0.8256613163100895,0.7461066366870013,40483,5228,8548,10590.697262509397,-717.1200854873696,-0.06771226366992315,0.9008694837314842,0.8707317073170732,0.9331683168316832,2.163330851241435,102.27140769169858,1.1489956510858663,1.759322205333742,0.6050830854328006,820,492.0000195503235,27,23,11,2.1452770091599493,8.244001429395514,True,True,0.8545945831838044,0.0,True,/Users/angadkumar16ak/Projects/Automated_Cardiovascular_Segmentation_for_Bioprinting_Project/outputs/topology_correction/case_outputs/873/mask__s0_original.nii.gz,/Users/angadkumar16ak/Projects/Automated_Cardiovascular_Segmentation_for_Bioprinting_Project/outputs/topology_correction/case_outputs/873/mask__s0_original.nii.gz,ok,3.0,14.0,False,16.0,14.0,8912.802052706054,not_watertight,164.70000654459,139.20000553131104,93.3000037074089,0.4242640855706679,0.6000000238418579,0.5913704886348181,/Users/angadkumar16ak/Projects/Automated_Cardiovascular_Segmentation_for_Bioprinting_Project/outputs/topology_correction/mesh_qc/s0_original/case_outputs/873__s0_original/segmentation_raw.stl,/Users/angadkumar16ak/Projects/Automated_Cardiovascular_Segmentation_for_Bioprinting_Project/outputs/topology_correction/mesh_qc/s0_original/case_outputs/873__s0_original/segmentation_repaired.stl,/Users/angadkumar16ak/Projects/Automated_Cardiovascular_Segmentation_for_Bioprinting_Project/outputs/topology_correction/mesh_qc/s0_original/case_outputs/873__s0_original/segmentation_smoothed.stl,True,0.5984764160755758,3.141592653589793,0.541867643559125,3.1407491021005693,not_watertight,0.20310209796329112,False,"phaseb_mesh_qc.run_phaseb_for_case (repository implementation, unmodified)",50.0,43.0,43.0,1.0,True,-25.021617766270126,194.27407671748523,-183.01887873657807,-31.860230927257387,193.2963681588442,-182.27372615291958,6.948222532720225,False,/Users/angadkumar16ak/Projects/Automated_Cardiovascular_Segmentation_for_Bioprinting_Project/outputs/topology_correction/mesh_qc/s0_original/case_outputs/873__s0_original/segmentation_repaired.stl,ok,exact_point_to_surface,85220.0,84092.0,2.4917544505888234,1.2413157869962366,2.7712770707767675,102.27140897434361,0.5612085718009515,1.930545878787872,10480.582227135921,,,,4.370231975761455,30.300004959106445,40.79999542236328,2.100006103515625,50.86393567766402,,,,,,,,,,,,,,,,,,,,,,,
874,s0_original,s0_original,identity,True,0.6000000238418579,0.6000000238418579,0.6000000238418579,True,0.5,,7,6069.816723578481,4016.0884787550162,0.6616490516351732,0.4680793847146776,6,1,41.25600491809865,8.08388250914075,1.9899749532877369,0,7,7,0,0.0,0.0,7,28101,6069.816723578482,0.7601830928790776,0.7003309490765454,0.8312214901165738,0.613141415085522,19680,8421,3996,5114.016609638238,955.800113940244,0.18689812468322364,0.8222655444763145,0.7371794871794872,0.9295558958652373,15.495806499921951,36.42252195316379,2.162648339716528,3.5379332380229114,0.6432717946982733,780,468.00001859664917,19,21,7,2.9250783805962204,21.696655031947852,True,True,0.7601830928790776,0.0,True,/Users/angadkumar16ak/Projects/Automated_Cardiovascular_Segmentation_for_Bioprinting_Project/outputs/topology_correction/case_outputs/874/mask__s0_original.nii.gz,/Users/angadkumar16ak/Projects/Automated_Cardiovascular_Segmentation_for_Bioprinting_Project/outputs/topology_correction/case_outputs/874/mask__s0_original.nii.gz,ok,3.0,7.0,True,0.0,7.0,7109.507514605813,5959.449710421712,107.40000426769257,104.40000414848328,80.40000319480896,0.4242640855706679,0.6000000238418579,0.5885530021975729,/Users/angadkumar16ak/Projects/Automated_Cardiovascular_Segmentation_for_Bioprinting_Project/outputs/topology_correction/mesh_qc/s0_original/case_outputs/874__s0_original/segmentation_raw.stl,/Users/angadkumar16ak/Projects/Automated_Cardiovascular_Segmentation_for_Bioprinting_Project/outputs/topology_correction/mesh_qc/s0_original/case_outputs/874__s0_original/segmentation_repaired.stl,/Users/angadkumar16ak/Projects/Automated_Cardiovascular_Segmentation_for_Bioprinting_Project/outputs/topology_correction/mesh_qc/s0_original/case_outputs/874__s0_original/segmentation_smoothed.stl,True,0.5853554199805178,3.141592653589793,0.5338287475254025,3.1412490489076412,-0.0030410952719909117,0.0750151240169389,True,"phaseb_mesh_qc.run_phaseb_for_case (repository implementation, unmodified)",50.0,50.0,50.0,1.0,True,-42.36990938456108,178.1183162068545,-229.56057530281606,-45.96833626439169,178.18528827129748,-230.61281956320906,3.7497172227293594,True,/Users/angadkumar16ak/Projects/Automated_Cardiovascular_Segmentation_for_Bioprinting_Project/outputs/topology_correction/mesh_qc/s0_original/case_outputs/874__s0_original/segmentation_repaired.stl,ok,exact_point_to_surface,72901.0,77497.0,4.20176599435099,2.146956550318713,15.490179336637791,36.42251824359656,0.5931871212760822,3.6085788730749075,5023.791872962844,5959.450410085086,935.6585371222427,0.18624548165655327,7.704105672115062,1.7999954223632812,19.800003051757812,7.79998779296875,21.3569640618841,,,,,,,,,,,,,,,,,,,,,,,
875,s0_original,s0_original,identity,True,0.6000000238418579,0.6000000238418579,0.6000000238418579,True,0.5,,9,8639.785029942554,6932.520826420817,0.8023950598764968,0.17064963389936127,8,1,70.41600839424167,3.5996528370566976,0.8485281711413358,2,9,9,0,0.0,0.0,9,39999,8639.785029942554,0.7883833388284427,0.717367934198355,0.8750038117891014,0.6506871059912014,28694,11305,4099,7083.288844393764,1556.49618554879,0.21974201811362185,0.8957259823601934,0.8591549295774648,0.9355488418932527,5.264978841646728,31.549961634006564,1.2966642973782612,1.978373191608643,0.5342353577017462,1065,639.0000253915787,25,29,7,1.7496162194300462,8.934692090218737,True,True,0.7883833388284427,0.0,True,/Users/angadkumar16ak/Projects/Automated_Cardiovascular_Segmentation_for_Bioprinting_Project/outputs/topology_correction/case_outputs/875/mask__s0_original.nii.gz,/Users/angadkumar16ak/Projects/Automated_Cardiovascular_Segmentation_for_Bioprinting_Project/outputs/topology_correction/case_outputs/875/mask__s0_original.nii.gz,ok,3.0,9.0,True,0.0,7.0,9873.0348439101,8488.00901184944,106.80000424385071,97.80000388622284,85.80000340938568,0.4242640855706679,0.6000000238418579,0.5904001520308743,/Users/angadkumar16ak/Projects/Automated_Cardiovascular_Segmentation_for_Bioprinting_Project/outputs/topology_correction/mesh_qc/s0_original/case_outputs/875__s0_original/segmentation_raw.stl,/Users/angadkumar16ak/Projects/Automated_Cardiovascular_Segmentation_for_Bioprinting_Project/outputs/topology_correction/mesh_qc/s0_original/case_outputs/875__s0_original/segmentation_repaired.stl,/Users/angadkumar16ak/Projects/Automated_Cardiovascular_Segmentation_for_Bioprinting_Project/outputs/topology_correction/mesh_qc/s0_original/case_outputs/875__s0_original/segmentation_smoothed.stl,True,0.5741097029595063,3.141592653589793,0.516074407665783,3.137832660609529,-0.002867695001395383,0.09047726193154829,True,"phaseb_mesh_qc.run_phaseb_for_case (repository implementation, unmodified)",50.0,47.0,47.0,1.0,True,-27.941282407489823,166.99666159494052,-125.30294388530403,-27.151026150794383,169.2735918478814,-127.8297981054346,3.4919777458906234,True,/Users/angadkumar16ak/Projects/Automated_Cardiovascular_Segmentation_for_Bioprinting_Project/outputs/topology_correction/mesh_qc/s0_original/case_outputs/875__s0_original/segmentation_repaired.stl,ok,exact_point_to_surface,83768.0,87896.0,2.4736200552169354,1.2547572542870353,5.337140919706412,31.54995102191211,0.49046973677765054,1.983150318439285,6945.094001625458,8488.008902315343,1542.9149006898851,0.22215896578631983,5.933474174052861,11.399999618530273,-1.8000030517578125,0.5999984741210938,11.556816190360365,,,,,,,,,,,,,,,,,,,,,,,
876,s0_original,s0_original,identity,True,0.6000000238418579,0.6000000238418579,0.6000000238418579,True,0.5,,10,5854.248697880772,3197.2323811397705,0.5461388038224552,0.7165923523848129,6,4,40.28400480222721,11.556816629781549,3.1176915775099068,0,10,10,0,0.0,0.0,10,27103,5854.248697880773,0.757807241889891,0.8308674316496328,0.6965572705620341,0.6100560778045675,22519,4584,9810,6983.064832446132,-1128.8161345653589,-0.16165053048346686,0.8482733805482419,0.8766066838046273,0.8217142857142857,11.128342636795434,44.8276718077384,1.6585966214736836,1.5614100256739871,1.7372328575414162,778,466.80001854896545,27,11,10,2.2246116286568185,13.674155164505617,True,True,0.757807241889891,0.0,True,/Users/angadkumar16ak/Projects/Automated_Cardiovascular_Segmentation_for_Bioprinting_Project/outputs/topology_correction/case_outputs/876/mask__s0_original.nii.gz,/Users/angadkumar16ak/Projects/Automated_Cardiovascular_Segmentation_for_Bioprinting_Project/outputs/topology_correction/case_outputs/876/mask__s0_original.nii.gz,ok,3.0,10.0,True,0.0,10.0,7094.749228155945,5737.230683931139,125.4000049829483,102.6000040769577,92.40000367164612,0.4242640855706679,0.6000000238418579,0.5904667658691775,/Users/angadkumar16ak/Projects/Automated_Cardiovascular_Segmentation_for_Bioprinting_Project/outputs/topology_correction/mesh_qc/s0_original/case_outputs/876__s0_original/segmentation_raw.stl,/Users/angadkumar16ak/Projects/Automated_Cardiovascular_Segmentation_for_Bioprinting_Project/outputs/topology_correction/mesh_qc/s0_original/case_outputs/876__s0_original/segmentation_repaired.stl,/Users/angadkumar16ak/Projects/Automated_Cardiovascular_Segmentation_for_Bioprinting_Project/outputs/topology_correction/mesh_qc/s0_original/case_outputs/876__s0_original/segmentation_smoothed.stl,True,0.5934393623527912,3.141592653589793,0.5433820635907822,3.139884054969482,-0.0032412023850674735,0.06194886174962181,True,"phaseb_mesh_qc.run_phaseb_for_case (repository implementation, unmodified)",50.0,42.0,42.0,1.0,True,-34.71657580413691,163.08981155093883,-252.79912676547053,-36.761117042908346,162.31634211649896,-254.86579581874145,3.0082428124733345,True,/Users/angadkumar16ak/Projects/Automated_Cardiovascular_Segmentation_for_Bioprinting_Project/outputs/topology_correction/mesh_qc/s0_original/case_outputs/876__s0_original/segmentation_repaired.stl,ok,exact_point_to_surface,80959.0,77227.0,3.287926268902507,1.6440169167421201,11.169998791020367,44.82767525735806,1.6462427714992265,1.6416834974032808,6857.361586156865,5737.230125952675,-1120.1314602041903,-0.16334729416419122,5.739428402832351,24.599997520446777,-0.5999908447265625,-1.20001220703125,24.636556096921648,,,,,,,,,,,,,,,,,,,,,,,
877,s0_original,s0_original,identity,True,0.6000000238418579,0.6000000238418579,0.6000000238418579,True,0.5,,10,6813.504812233003,3794.6884523620784,0.5569363428861274,0.7142531876138434,6,4,23.004002742290606,8.919641602825802,0.8485281711413358,1,10,10,0,0.0,0.0,10,31544,6813.504812233004,0.7981675565223123,0.767752979964494,0.8310912834591626,0.6641254867547853,24218,7326,4922,6294.240750331908,519.2640619010954,0.08249828414550453,0.8823420874592534,0.8653637350705755,0.9,5.6603889041576,43.832866124550854,1.086840684320615,1.542446852144817,0.6309683741253862,921,552.6000219583511,23,13,9,1.432582374453249,7.613146826788975,True,True,0.7981675565223123,0.0,True,/Users/angadkumar16ak/Projects/Automated_Cardiovascular_Segmentation_for_Bioprinting_Project/outputs/topology_correction/case_outputs/877/mask__s0_original.nii.gz,/Users/angadkumar16ak/Projects/Automated_Cardiovascular_Segmentation_for_Bioprinting_Project/outputs/topology_correction/case_outputs/877/mask__s0_original.nii.gz,ok,3.0,10.0,True,0.0,9.0,8222.83632007426,6681.69079651955,129.6000051498413,96.00000381469727,94.80000376701355,0.4242640855706679,0.6000000238418579,0.5904795942735558,/Users/angadkumar16ak/Projects/Automated_Cardiovascular_Segmentation_for_Bioprinting_Project/outputs/topology_correction/mesh_qc/s0_original/case_outputs/877__s0_original/segmentation_raw.stl,/Users/angadkumar16ak/Projects/Automated_Cardiovascular_Segmentation_for_Bioprinting_Project/outputs/topology_correction/mesh_qc/s0_original/case_outputs/877__s0_original/segmentation_repaired.stl,/Users/angadkumar16ak/Projects/Automated_Cardiovascular_Segmentation_for_Bioprinting_Project/outputs/topology_correction/mesh_qc/s0_original/case_outputs/877__s0_original/segmentation_smoothed.stl,True,0.5640429620438591,3.141592653589793,0.5065777816235225,3.1389584831151476,-0.0031292962883643066,0.059789500380421,True,"phaseb_mesh_qc.run_phaseb_for_case (repository implementation, unmodified)",50.0,43.0,43.0,1.0,True,-24.985838290677137,162.93772966139002,-199.0370120985191,-25.439974775201684,163.19187535135717,-201.45082609547853,2.469276815227972,True,/Users/angadkumar16ak/Projects/Automated_Cardiovascular_Segmentation_for_Bioprinting_Project/outputs/topology_correction/mesh_qc/s0_original/case_outputs/877__s0_original/segmentation_repaired.stl,ok,exact_point_to_surface,80887.0,81557.0,2.0931346141873717,1.0485348365438723,5.487804922679408,43.83286690617422,0.5695324503682165,1.5236021638191553,6166.872417867552,6681.690465978169,514.8180481106174,0.0834812224457591,5.081758065460039,20.40000343322754,1.79998779296875,-1.1999969482421875,20.514387361223402,,,,,,,,,,,,,,,,,,,,,,,
878,s0_original,s0_original,identity,True,0.6000000238418579,0.6000000238418579,0.6000000238418579,True,0.5,,9,6549.552780767472,3537.6484217205216,0.5401358749422862,0.7859934057882525,9,0,42.768005098343096,3.503068075533761,1.4696939040702932,0,9,9,0,0.0,0.0,9,30322,6549.552780767472,0.7932161558216323,0.7843479981531561,0.8022871407367427,0.6572976259569411,23783,6539,5861,6403.1047633095095,146.44801745796212,0.022871407367426703,0.9087843711637856,0.9251968503937008,0.8929440389294404,4.2426408557066795,25.610936182182783,0.8049115955130749,0.8181768767574079,0.7923853271514342,762,457.2000181674957,22,16,9,1.0526426503478628,5.228226069201658,True,True,0.7932161558216323,0.0,True,/Users/angadkumar16ak/Projects/Automated_Cardiovascular_Segmentation_for_Bioprinting_Project/outputs/topology_correction/case_outputs/878/mask__s0_original.nii.gz,/Users/angadkumar16ak/Projects/Automated_Cardiovascular_Segmentation_for_Bioprinting_Project/outputs/topology_correction/case_outputs/878/mask__s0_original.nii.gz,ok,3.0,9.0,True,0.0,9.0,7423.16060014315,6434.919767102154,114.60000455379486,84.60000336170197,86.40000343322754,0.4242640855706679,0.6000000238418579,0.5889644547389568,/Users/angadkumar16ak/Projects/Automated_Cardiovascular_Segmentation_for_Bioprinting_Project/outputs/topology_correction/mesh_qc/s0_original/case_outputs/878__s0_original/segmentation_raw.stl,/Users/angadkumar16ak/Projects/Automated_Cardiovascular_Segmentation_for_Bioprinting_Project/outputs/topology_correction/mesh_qc/s0_original/case_outputs/878__s0_original/segmentation_repaired.stl,/Users/angadkumar16ak/Projects/Automated_Cardiovascular_Segmentation_for_Bioprinting_Project/outputs/topology_correction/mesh_qc/s0_original/case_outputs/878__s0_original/segmentation_smoothed.stl,True,0.5827600630344338,3.141592653589793,0.524112334389069,3.1379361695152466,-0.002885520338238738,0.08841765055075523,True,"phaseb_mesh_qc.run_phaseb_for_case (repository implementation, unmodified)",50.0,50.0,50.0,1.0,True,-16.41567363662979,175.81013675063042,-237.06603298471265,-20.352912133302674,175.51593313767708,-237.78396345507596,4.0129573765284166,True,/Users/angadkumar16ak/Projects/Automated_Cardiovascular_Segmentation_for_Bioprinting_Project/outputs/topology_correction/mesh_qc/s0_original/case_outputs/878__s0_original/segmentation_repaired.stl,ok,exact_point_to_surface,80395.0,78664.0,1.5496975453290713,0.7745563104936917,4.26379859809505,25.610939561447022,0.7479748613807263,0.8017226839483451,6284.934465587193,6434.919256430873,149.98479084368046,0.02386417736969475,2.1999166396716694,7.1999969482421875,-4.20001220703125,0.0,8.335469908403985,,,,,,,,,,,,,,,,,,,,,,,
879,s0_original,s0_original,identity,True,0.6000000238418579,0.6000000238418579,0.6000000238418579,True,0.5,,3,7884.432939897575,4791.312571168923,0.6076927291655252,0.63384726354702,3,0,3036.9603620338585,38.844739947711645,32.39444525530296,0,3,3,0,0.0,0.0,3,36502,7884.432939897575,0.8646012781328146,0.8524738370500247,0.8770787530300468,0.7614957296331645,31117,5385,4361,7663.248913530386,221.1840263671893,0.028862957325666707,0.974418475344614,0.9800469483568075,0.9688542825361512,0.8485281711413358,48.00375176102471,0.5750389756511431,0.7851861206595374,0.380104048022125,852,511.20002031326294,11,11,3,0.818079122432807,0.8485281711413358,True,True,0.8646012781328146,0.0,True,/Users/angadkumar16ak/Projects/Automated_Cardiovascular_Segmentation_for_Bioprinting_Project/outputs/topology_correction/case_outputs/879/mask__s0_original.nii.gz,/Users/angadkumar16ak/Projects/Automated_Cardiovascular_Segmentation_for_Bioprinting_Project/outputs/topology_correction/case_outputs/879/mask__s0_original.nii.gz,ok,3.0,3.0,True,0.0,3.0,8371.631226816766,7765.128925675428,125.4000049829483,108.60000431537628,100.80000400543213,0.4242640855706679,0.6000000238418579,0.5898850781134779,/Users/angadkumar16ak/Projects/Automated_Cardiovascular_Segmentation_for_Bioprinting_Project/outputs/topology_correction/mesh_qc/s0_original/case_outputs/879__s0_original/segmentation_raw.stl,/Users/angadkumar16ak/Projects/Automated_Cardiovascular_Segmentation_for_Bioprinting_Project/outputs/topology_correction/mesh_qc/s0_original/case_outputs/879__s0_original/segmentation_repaired.stl,/Users/angadkumar16ak/Projects/Automated_Cardiovascular_Segmentation_for_Bioprinting_Project/outputs/topology_correction/mesh_qc/s0_original/case_outputs/879__s0_original/segmentation_smoothed.stl,True,0.590250908156816,3.141592653589793,0.5356255663310132,3.137398278024423,-0.002084054802718193,0.12023998685003562,True,"phaseb_mesh_qc.run_phaseb_for_case (repository implementation, unmodified)",50.0,50.0,50.0,1.0,True,-18.634186290687452,199.98779043319303,-1096.5913640341232,-23.825619568276768,199.50986662913334,-1097.113428880114,5.239460119284051,True,/Users/angadkumar16ak/Projects/Automated_Cardiovascular_Segmentation_for_Bioprinting_Project/outputs/topology_correction/mesh_qc/s0_original/case_outputs/879__s0_original/segmentation_repaired.stl,ok,exact_point_to_surface,81999.0,82204.0,1.1257030558116505,0.5631394833481673,0.7348396033200394,48.00374520950281,0.33220202791134135,0.7935010279003093,7536.864377752848,7765.125461582874,228.2610838300261,0.03028594815952934,2.208460376949534,2.399993896484375,5.399993896484375,-3.0,6.627209426691657,,,,,,,,,,,,,,,,,,,,,,,
880,s0_original,s0_original,identity,True,0.6000000238418579,0.6000000238418579,0.6000000238418579,True,0.5,,9,5001.480596222901,2085.480248608599,0.41697257611746924,0.9934748834800622,7,2,40.17600478935261,4.5824544567243555,1.2000000476837158,0,9,9,0,0.0,0.0,9,23155,5001.480596222901,0.7624281788658506,0.7249406175771972,0.804004214963119,0.6160678239806218,16786,6369,4092,4509.648537591956,491.83205863094554,0.10906217070600631,0.8528558949845922,0.8072100313479624,0.9039735099337748,7.742066944190752,32.23290372537237,1.2882244761181807,1.552934141959995,1.0164584993024268,638,382.80001521110535,18,6,9,1.9201734979862062,10.266828786082613,True,True,0.7624281788658506,0.0,True,/Users/angadkumar16ak/Projects/Automated_Cardiovascular_Segmentation_for_Bioprinting_Project/outputs/topology_correction/case_outputs/880/mask__s0_original.nii.gz,/Users/angadkumar16ak/Projects/Automated_Cardiovascular_Segmentation_for_Bioprinting_Project/outputs/topology_correction/case_outputs/880/mask__s0_original.nii.gz,ok,3.0,9.0,True,0.0,9.0,5902.7245511003875,4908.22258510568,112.20000445842743,89.40000355243683,81.00000321865082,0.4242640855706679,0.6000000238418579,0.5903398460411465,/Users/angadkumar16ak/Projects/Automated_Cardiovascular_Segmentation_for_Bioprinting_Project/outputs/topology_correction/mesh_qc/s0_original/case_outputs/880__s0_original/segmentation_raw.stl,/Users/angadkumar16ak/Projects/Automated_Cardiovascular_Segmentation_for_Bioprinting_Project/outputs/topology_correction/mesh_qc/s0_original/case_outputs/880__s0_original/segmentation_repaired.stl,/Users/angadkumar16ak/Projects/Automated_Cardiovascular_Segmentation_for_Bioprinting_Project/outputs/topology_correction/mesh_qc/s0_original/case_outputs/880__s0_original/segmentation_smoothed.stl,True,0.5786825932351768,3.141592653589793,0.5282262459885922,3.1408919267466335,-0.002919982795745642,0.06922910818397754,True,"phaseb_mesh_qc.run_phaseb_for_case (repository implementation, unmodified)",50.0,50.0,50.0,1.0,True,-44.868872859544425,193.81063101117127,-197.9731208771255,-48.22343051795989,194.13025276801594,-198.5745871493924,3.4230069862267283,True,/Users/angadkumar16ak/Projects/Automated_Cardiovascular_Segmentation_for_Bioprinting_Project/outputs/topology_correction/mesh_qc/s0_original/case_outputs/880__s0_original/segmentation_repaired.stl,ok,exact_point_to_surface,70291.0,72670.0,2.528152571108738,1.2693753473644642,7.880356774170961,32.23290454641254,0.9456403143761474,1.5825122567325907,4426.353144049578,4908.222204671058,481.86906062147955,0.10886367285657367,5.172755528276015,7.200004577636719,-0.5999908447265625,5.399993896484375,9.019977218031867,,,,,,,,,,,,,,,,,,,,,,,
881,s0_original,s0_original,identity,True,0.6000000238418579,0.6000000238418579,0.6000000238418579,True,0.5,,14,6670.080795135531,3689.280439796465,0.5531088082901553,0.6964285714285715,13,1,25.488003038406493,6.029925612280241,0.8485281711413358,1,14,14,0,0.0,0.0,14,30880,6670.08079513553,0.7571347885311804,0.7379857512953368,0.777304045296405,0.6091849554919939,22789,8091,6529,6332.688754915268,337.39204022026206,0.05327784978511492,0.8692947138891577,0.8711943793911007,0.8674033149171271,3.8791305978704758,19.284191182270717,0.8873356523609116,1.196272260517257,0.587011993517883,854,512.4000203609467,34,14,13,1.1839141306207626,5.745241612143568,True,True,0.7571347885311804,0.0,True,/Users/angadkumar16ak/Projects/Automated_Cardiovascular_Segmentation_for_Bioprinting_Project/outputs/topology_correction/case_outputs/881/mask__s0_original.nii.gz,/Users/angadkumar16ak/Projects/Automated_Cardiovascular_Segmentation_for_Bioprinting_Project/outputs/topology_correction/case_outputs/881/mask__s0_original.nii.gz,ok,3.0,14.0,True,0.0,13.0,7930.019934261557,6540.516779690293,118.20000469684601,85.80000340938568,93.60000371932983,0.4242640855706679,0.6000000238418579,0.5911456444773411,/Users/angadkumar16ak/Projects/Automated_Cardiovascular_Segmentation_for_Bioprinting_Project/outputs/topology_correction/mesh_qc/s0_original/case_outputs/881__s0_original/segmentation_raw.stl,/Users/angadkumar16ak/Projects/Automated_Cardiovascular_Segmentation_for_Bioprinting_Project/outputs/topology_correction/mesh_qc/s0_original/case_outputs/881__s0_original/segmentation_repaired.stl,/Users/angadkumar16ak/Projects/Automated_Cardiovascular_Segmentation_for_Bioprinting_Project/outputs/topology_correction/mesh_qc/s0_original/case_outputs/881__s0_original/segmentation_smoothed.stl,True,0.5831204872765724,3.141592653589793,0.5303530501752305,3.138565745154993,-0.0034211992916522533,0.07321891191709845,True,"phaseb_mesh_qc.run_phaseb_for_case (repository implementation, unmodified)",50.0,50.0,50.0,1.0,True,-40.88403274989422,160.23848736054538,-187.87248458713293,-43.89078664308871,159.83341723643525,-190.0382988682222,3.7276537231691806,True,/Users/angadkumar16ak/Projects/Automated_Cardiovascular_Segmentation_for_Bioprinting_Project/outputs/topology_correction/mesh_qc/s0_original/case_outputs/881__s0_original/segmentation_repaired.stl,ok,exact_point_to_surface,80082.0,80347.0,1.7149609937232442,0.8580254844515588,4.0876942809370895,19.28419134176319,0.5275491230277204,1.1874118706955237,6215.382590260727,6540.517457624385,325.1348673636585,0.05231131996172411,3.7993471326030197,0.6000003814697266,0.5999908447265625,0.0,0.8485219334345526,,,,,,,,,,,,,,,,,,,,,,,
882,s0_original,s0_original,identity,True,0.6000000238418579,0.6000000238418579,0.6000000238418579,True,0.5,,13,9932.545184051565,5459.616650836971,0.5496694502435627,0.7898797278050325,7,6,7.12800084972385,4.717980755413032,0.8485281711413358,1,13,13,0,0.0,0.0,13,45984,9932.545184051562,0.8321445947764516,0.8740648921363953,0.7940612837584211,0.712540774358247,40193,5791,10424,10933.27330334764,-1000.7281192960781,-0.09153051346385596,0.8995114055334074,0.972007722007722,0.8370786516853933,4.947726947346189,53.0245247356909,0.9218622233283524,0.7533695627580452,1.060022127823693,1036,621.6000247001648,31,25,10,1.1944609992459116,7.091606341612348,True,True,0.8321445947764516,0.0,True,/Users/angadkumar16ak/Projects/Automated_Cardiovascular_Segmentation_for_Bioprinting_Project/outputs/topology_correction/case_outputs/882/mask__s0_original.nii.gz,/Users/angadkumar16ak/Projects/Automated_Cardiovascular_Segmentation_for_Bioprinting_Project/outputs/topology_correction/case_outputs/882/mask__s0_original.nii.gz,ok,3.0,13.0,True,0.0,12.0,10332.799605176051,9786.997166700885,120.00000476837158,111.60000443458557,89.40000355243683,0.4242640855706679,0.6000000238418579,0.5899884614290997,/Users/angadkumar16ak/Projects/Automated_Cardiovascular_Segmentation_for_Bioprinting_Project/outputs/topology_correction/mesh_qc/s0_original/case_outputs/882__s0_original/segmentation_raw.stl,/Users/angadkumar16ak/Projects/Automated_Cardiovascular_Segmentation_for_Bioprinting_Project/outputs/topology_correction/mesh_qc/s0_original/case_outputs/882__s0_original/segmentation_repaired.stl,/Users/angadkumar16ak/Projects/Automated_Cardiovascular_Segmentation_for_Bioprinting_Project/outputs/topology_correction/mesh_qc/s0_original/case_outputs/882__s0_original/segmentation_smoothed.stl,True,0.584588271535146,3.141592653589793,0.5260735844610881,3.138690500792394,-0.002282189489033218,0.12771833681280445,True,"phaseb_mesh_qc.run_phaseb_for_case (repository implementation, unmodified)",50.0,48.0,47.0,0.9791666666666666,False,-32.50072694132227,172.05467537689432,-187.91842189352639,-35.4648613902856,171.37937817305934,-190.60174100747977,4.05491316951992,True,/Users/angadkumar16ak/Projects/Automated_Cardiovascular_Segmentation_for_Bioprinting_Project/outputs/topology_correction/mesh_qc/s0_original/case_outputs/882__s0_original/segmentation_repaired.stl,ok,exact_point_to_surface,95426.0,89732.0,1.815639763973684,0.9114176934578868,4.850997901743388,53.02452027617796,1.0248138363872044,0.7908259275864797,10762.893844998629,9786.997131942118,-975.8967130565106,-0.09067233470020673,3.511236059444102,9.0,10.800010681152344,-2.399993896484375,14.2618442501721,,,,,,,,,,,,,,,,,,,,,,,
883,s0_original,s0_original,identity,True,0.6000000238418579,0.6000000238418579,0.6000000238418579,True,0.5,,9,6097.248726848631,4207.032501517316,0.6899886637381324,0.25994763053858394,8,1,184.03202193832485,5.370117880327399,0.8485281711413358,2,9,9,0,0.0,0.0,9,28228,6097.248726848631,0.78827065566895,0.7989939067592461,0.7778314250241413,0.6505336025382175,22554,5674,6442,6263.136746624023,-165.8880197753915,-0.02648641191888538,0.9045769242818207,0.8832976445396146,0.926906779661017,4.40908171221088,52.279252263291475,1.4547324815672849,2.419326505293185,0.566274459714085,934,560.4000222682953,21,9,7,2.067358071520217,6.12322571611612,True,True,0.78827065566895,0.0,True,/Users/angadkumar16ak/Projects/Automated_Cardiovascular_Segmentation_for_Bioprinting_Project/outputs/topology_correction/case_outputs/883/mask__s0_original.nii.gz,/Users/angadkumar16ak/Projects/Automated_Cardiovascular_Segmentation_for_Bioprinting_Project/outputs/topology_correction/case_outputs/883/mask__s0_original.nii.gz,ok,3.0,9.0,True,0.0,7.0,7842.121502477522,5961.960710721042,121.80000483989716,100.80000400543213,91.80000364780426,0.4242640855706679,0.6000000238418579,0.5890789061056603,/Users/angadkumar16ak/Projects/Automated_Cardiovascular_Segmentation_for_Bioprinting_Project/outputs/topology_correction/mesh_qc/s0_original/case_outputs/883__s0_original/segmentation_raw.stl,/Users/angadkumar16ak/Projects/Automated_Cardiovascular_Segmentation_for_Bioprinting_Project/outputs/topology_correction/mesh_qc/s0_original/case_outputs/883__s0_original/segmentation_repaired.stl,/Users/angadkumar16ak/Projects/Automated_Cardiovascular_Segmentation_for_Bioprinting_Project/outputs/topology_correction/mesh_qc/s0_original/case_outputs/883__s0_original/segmentation_smoothed.stl,True,0.5727085801777078,3.141592653589793,0.5199735555763594,3.1374048407352784,-0.003804519853408526,0.04406971801048604,True,"phaseb_mesh_qc.run_phaseb_for_case (repository implementation, unmodified)",50.0,48.0,48.0,1.0,True,-30.601716776039936,168.67162249906553,97.37991025596244,-30.217754133246725,169.59174803601206,94.81032682495254,2.756232450959554,True,/Users/angadkumar16ak/Projects/Automated_Cardiovascular_Segmentation_for_Bioprinting_Project/outputs/topology_correction/mesh_qc/s0_original/case_outputs/883__s0_original/segmentation_repaired.stl,ok,exact_point_to_surface,81510.0,80264.0,2.9637020946608916,1.4744015512852988,4.505185390205128,52.27924980063124,0.514648179587557,2.4490539150733346,6135.769275141899,5961.960312890507,-173.80896225139168,-0.02832716721529137,1.4997860434493069,13.80000114440918,-1.1999969482421875,-1.8000030517578125,13.968537333873675,,,,,,,,,,,,,,,,,,,,,,,
884,s0_original,s0_original,identity,True,0.6000000238418579,0.6000000238418579,0.6000000238418579,True,0.5,,4,4191.480499663373,2328.696277602207,0.5555784591600104,0.7822094425377979,4,0,922.4281099619909,12.193441344264752,6.000000238418579,0,4,4,0,0.0,0.0,4,19405,4191.480499663373,0.8392627757609606,0.7743880443184746,0.9160012191405059,0.7230428715777318,15027,4378,1378,3543.48042241575,648.0000772476228,0.18287107589149654,0.944370988292425,0.9198473282442748,0.9702380952380952,0.8485281711413358,20.061904993949035,0.4500777864844605,0.552970974794526,0.3413226888820662,524,314.40001249313354,12,6,4,0.7726884422186414,2.155737672477781,True,True,0.8392627757609606,0.0,True,/Users/angadkumar16ak/Projects/Automated_Cardiovascular_Segmentation_for_Bioprinting_Project/outputs/topology_correction/case_outputs/884/mask__s0_original.nii.gz,/Users/angadkumar16ak/Projects/Automated_Cardiovascular_Segmentation_for_Bioprinting_Project/outputs/topology_correction/case_outputs/884/mask__s0_original.nii.gz,ok,3.0,4.0,True,0.0,4.0,4878.9220546860315,4115.925490656514,101.40000402927399,83.40000331401825,81.00000321865082,0.4242640855706679,0.6000000238418579,0.5891700876019813,/Users/angadkumar16ak/Projects/Automated_Cardiovascular_Segmentation_for_Bioprinting_Project/outputs/topology_correction/mesh_qc/s0_original/case_outputs/884__s0_original/segmentation_raw.stl,/Users/angadkumar16ak/Projects/Automated_Cardiovascular_Segmentation_for_Bioprinting_Project/outputs/topology_correction/mesh_qc/s0_original/case_outputs/884__s0_original/segmentation_repaired.stl,/Users/angadkumar16ak/Projects/Automated_Cardiovascular_Segmentation_for_Bioprinting_Project/outputs/topology_correction/mesh_qc/s0_original/case_outputs/884__s0_original/segmentation_smoothed.stl,True,0.6051574760114863,3.141592653589793,0.5543233240643876,3.1408324730238917,-0.002775017902979053,0.07714506570471528,True,"phaseb_mesh_qc.run_phaseb_for_case (repository implementation, unmodified)",50.0,50.0,50.0,1.0,True,-37.76718137040639,167.56901563851068,4.97165751976317,-41.68405343804117,167.34208736791788,5.150780056385124,3.9275269721973465,True,/Users/angadkumar16ak/Projects/Automated_Cardiovascular_Segmentation_for_Bioprinting_Project/outputs/topology_correction/mesh_qc/s0_original/case_outputs/884__s0_original/segmentation_repaired.stl,ok,exact_point_to_surface,67877.0,68824.0,0.8238771402749171,0.4127767469049796,0.8198806465402461,20.061904630294205,0.2909463818619651,0.532930758412952,3468.465209408879,4115.925316690224,647.4601072813443,0.18667049204500719,1.1226776869595634,4.800004482269287,1.8000030517578125,0.6000022888183594,5.161400659000418,,,,,,,,,,,,,,,,,,,,,,,
885,s0_original,s0_original,identity,True,0.6000000238418579,0.6000000238418579,0.6000000238418579,True,0.5,,13,5828.544694816617,2714.2563235645425,0.46568336792173143,0.9395989177144676,9,4,34.56000411987321,7.174065195303131,0.8485281711413358,3,13,13,0,0.0,0.0,13,26984,5828.544694816617,0.7919306252852579,0.803772605988734,0.7804325141232773,0.6555340627455721,21689,5295,6102,6002.856715596227,-174.31202077961007,-0.029038177827354107,0.8895559196571494,0.871927554980595,0.9079118028534371,10.315804050211973,44.20905060420252,1.585133258942697,2.5058353568498797,0.7429735533742745,773,463.80001842975616,28,16,10,2.174978976741776,12.833725350575232,True,True,0.7919306252852579,0.0,True,/Users/angadkumar16ak/Projects/Automated_Cardiovascular_Segmentation_for_Bioprinting_Project/outputs/topology_correction/case_outputs/885/mask__s0_original.nii.gz,/Users/angadkumar16ak/Projects/Automated_Cardiovascular_Segmentation_for_Bioprinting_Project/outputs/topology_correction/case_outputs/885/mask__s0_original.nii.gz,ok,3.0,13.0,True,0.0,12.0,7050.871803932063,5713.047681048302,138.60000550746918,102.6000040769577,88.80000352859497,0.4242640855706679,0.6000000238418579,0.5885681602919953,/Users/angadkumar16ak/Projects/Automated_Cardiovascular_Segmentation_for_Bioprinting_Project/outputs/topology_correction/mesh_qc/s0_original/case_outputs/885__s0_original/segmentation_raw.stl,/Users/angadkumar16ak/Projects/Automated_Cardiovascular_Segmentation_for_Bioprinting_Project/outputs/topology_correction/mesh_qc/s0_original/case_outputs/885__s0_original/segmentation_repaired.stl,/Users/angadkumar16ak/Projects/Automated_Cardiovascular_Segmentation_for_Bioprinting_Project/outputs/topology_correction/mesh_qc/s0_original/case_outputs/885__s0_original/segmentation_smoothed.stl,True,0.5957592354977866,3.141592653589793,0.5523954558804456,3.1395259211723716,-0.003332879550789732,0.06514971835161577,True,"phaseb_mesh_qc.run_phaseb_for_case (repository implementation, unmodified)",50.0,48.0,48.0,1.0,True,-32.82433105449435,175.32600997373342,-217.70382417077096,-34.34822164413575,174.46406258645405,-219.87240260450815,2.7871003302546193,True,/Users/angadkumar16ak/Projects/Automated_Cardiovascular_Segmentation_for_Bioprinting_Project/outputs/topology_correction/mesh_qc/s0_original/case_outputs/885__s0_original/segmentation_repaired.stl,ok,exact_point_to_surface,77277.0,77277.0,3.3339614229104733,1.6669807114552366,11.560536942879788,44.20904089521903,0.6946930968794074,2.6392683260310656,5891.589998212366,5713.047599209486,-178.5423990028794,-0.030304620494137062,3.279398857193504,18.600000381469727,-0.5999984741210938,3.0,18.849934014728582,,,,,,,,,,,,,,,,,,,,,,,
886,s0_original,s0_original,identity,True,0.6000000238418579,0.6000000238418579,0.6000000238418579,True,0.5,,11,9423.001123309183,5018.544598257089,0.5325845272206303,0.5853060170439872,8,3,205.2000244617472,2.669693951754009,0.8485281711413358,2,11,11,0,0.0,0.0,11,43625,9423.001123309181,0.6621120889300602,0.5898223495702005,0.7545969090002639,0.49489354336160635,25731,17894,8368,7365.384878022229,2057.616245286952,0.27936303117393485,0.7341404958677686,0.6326836581709145,0.8743509865005192,20.079841434718993,39.14281698811595,3.0126306616079717,4.357664158394755,1.290142235433588,1334,800.4000318050385,35,47,9,3.819747555135007,22.459346134797737,True,True,0.6621120889300602,0.0,True,/Users/angadkumar16ak/Projects/Automated_Cardiovascular_Segmentation_for_Bioprinting_Project/outputs/topology_correction/case_outputs/886/mask__s0_original.nii.gz,/Users/angadkumar16ak/Projects/Automated_Cardiovascular_Segmentation_for_Bioprinting_Project/outputs/topology_correction/case_outputs/886/mask__s0_original.nii.gz,ok,3.0,11.0,True,0.0,9.0,11464.17923119004,9237.295101171301,110.40000438690186,91.80000364780426,85.80000340938568,0.4242640855706679,0.6000000238418579,0.5910514617555291,/Users/angadkumar16ak/Projects/Automated_Cardiovascular_Segmentation_for_Bioprinting_Project/outputs/topology_correction/mesh_qc/s0_original/case_outputs/886__s0_original/segmentation_raw.stl,/Users/angadkumar16ak/Projects/Automated_Cardiovascular_Segmentation_for_Bioprinting_Project/outputs/topology_correction/mesh_qc/s0_original/case_outputs/886__s0_original/segmentation_repaired.stl,/Users/angadkumar16ak/Projects/Automated_Cardiovascular_Segmentation_for_Bioprinting_Project/outputs/topology_correction/mesh_qc/s0_original/case_outputs/886__s0_original/segmentation_smoothed.stl,True,0.5933421589877831,3.141592653589793,0.5431465501350732,3.1404700832828816,-0.003283617943337663,0.06812607449856733,True,"phaseb_mesh_qc.run_phaseb_for_case (repository implementation, unmodified)",50.0,50.0,50.0,1.0,True,-12.495810518128138,177.09975427347473,117.30490500801272,-16.23337499130145,176.49245960658814,117.59210200258195,3.7974566643012237,True,/Users/angadkumar16ak/Projects/Automated_Cardiovascular_Segmentation_for_Bioprinting_Project/outputs/topology_correction/mesh_qc/s0_original/case_outputs/886__s0_original/segmentation_repaired.stl,ok,exact_point_to_surface,83709.0,93872.0,5.733361057398877,2.9589335866451187,20.104333814085027,39.14282394646561,1.2547165138365348,4.478644543562343,7238.153387890696,9237.295555913437,1999.1421680227413,0.2761950543031143,5.394928439811713,6.599998474121094,-1.8000030517578125,-11.400001525878906,13.295112847764008,,,,,,,,,,,,,,,,,,,,,,,
887,s0_original,s0_original,identity,True,0.6000000238418579,0.6000000238418579,0.6000000238418579,True,0.5,,19,8712.793038645788,4859.568579305672,0.5577509482609018,0.4378166948173171,14,5,25.92000308990491,10.485655712306333,0.8485281711413358,2,19,19,0,0.0,0.0,19,40337,8712.793038645787,0.743825687864949,0.811612167488906,0.686489546855669,0.5921357256547533,32738,7599,14951,10300.82522795396,-1588.0321893081727,-0.15416553083520296,0.7849126902755249,0.798569725864124,0.7717149220489977,17.16042025718392,53.78959220834844,2.6853522422185856,2.744581223334102,2.6362330100568503,839,503.4000200033188,37,9,17,3.5383396219631034,19.21124710395645,True,True,0.743825687864949,0.0,True,/Users/angadkumar16ak/Projects/Automated_Cardiovascular_Segmentation_for_Bioprinting_Project/outputs/topology_correction/case_outputs/887/mask__s0_original.nii.gz,/Users/angadkumar16ak/Projects/Automated_Cardiovascular_Segmentation_for_Bioprinting_Project/outputs/topology_correction/case_outputs/887/mask__s0_original.nii.gz,ok,3.0,19.0,True,0.0,17.0,8885.30261176992,8579.530022759596,168.00000667572021,98.4000039100647,114.60000455379486,0.4242640855706679,0.6000000238418579,0.5883111392194021,/Users/angadkumar16ak/Projects/Automated_Cardiovascular_Segmentation_for_Bioprinting_Project/outputs/topology_correction/mesh_qc/s0_original/case_outputs/887__s0_original/segmentation_raw.stl,/Users/angadkumar16ak/Projects/Automated_Cardiovascular_Segmentation_for_Bioprinting_Project/outputs/topology_correction/mesh_qc/s0_original/case_outputs/887__s0_original/segmentation_repaired.stl,/Users/angadkumar16ak/Projects/Automated_Cardiovascular_Segmentation_for_Bioprinting_Project/outputs/topology_correction/mesh_qc/s0_original/case_outputs/887__s0_original/segmentation_smoothed.stl,True,0.571063449657481,3.141592653589793,0.5145852928037723,3.139502352842631,-0.002569694455636785,0.15365545281007512,True,"phaseb_mesh_qc.run_phaseb_for_case (repository implementation, unmodified)",50.0,39.0,38.0,0.9743589743589743,False,-27.075745262095325,167.3624458758032,105.12094064579783,-34.50434808424379,165.5856563134715,105.57998320228673,7.651917479083971,True,/Users/angadkumar16ak/Projects/Automated_Cardiovascular_Segmentation_for_Bioprinting_Project/outputs/topology_correction/mesh_qc/s0_original/case_outputs/887__s0_original/segmentation_repaired.stl,ok,exact_point_to_surface,87421.0,84417.0,5.40613343689709,2.6994956560286743,17.223458036756444,53.789599951360216,2.498791011356114,2.907342425540975,10172.557992782486,8579.530029973086,-1593.0279628093995,-0.15660052898589186,4.947853183058349,48.000003814697266,7.8000030517578125,13.800003051757812,50.54978237388276,,,,,,,,,,,,,,,,,,,,,,,
888,s0_original,s0_original,identity,True,0.6000000238418579,0.6000000238418579,0.6000000238418579,True,0.5,,7,4720.248562697433,2339.280278863918,0.49558413032535575,0.9771006463527239,4,3,14.904001776695322,3.972792364000364,0.8485281711413358,1,7,7,0,0.0,0.0,7,21853,4720.248562697433,0.8044426814756049,0.7888161808447353,0.8207008188916397,0.6728599867285998,17238,4615,3766,4536.864540836355,183.3840218610776,0.040420872214816314,0.8702704670379673,0.8296041308089501,0.915129151291513,5.161395365320993,32.70412947933324,1.0528943348862019,1.5835525784433095,0.5387597014794854,581,348.60001385211945,17,7,6,1.6641814533187822,8.0340373526212,True,True,0.8044426814756049,0.0,True,/Users/angadkumar16ak/Projects/Automated_Cardiovascular_Segmentation_for_Bioprinting_Project/outputs/topology_correction/case_outputs/888/mask__s0_original.nii.gz,/Users/angadkumar16ak/Projects/Automated_Cardiovascular_Segmentation_for_Bioprinting_Project/outputs/topology_correction/case_outputs/888/mask__s0_original.nii.gz,ok,3.0,7.0,True,0.0,6.0,5510.213817379573,4633.794552391314,112.80000448226929,94.80000376701355,87.60000348091125,0.4242640855706679,0.6000000238418579,0.5884379424026445,/Users/angadkumar16ak/Projects/Automated_Cardiovascular_Segmentation_for_Bioprinting_Project/outputs/topology_correction/mesh_qc/s0_original/case_outputs/888__s0_original/segmentation_raw.stl,/Users/angadkumar16ak/Projects/Automated_Cardiovascular_Segmentation_for_Bioprinting_Project/outputs/topology_correction/mesh_qc/s0_original/case_outputs/888__s0_original/segmentation_repaired.stl,/Users/angadkumar16ak/Projects/Automated_Cardiovascular_Segmentation_for_Bioprinting_Project/outputs/topology_correction/mesh_qc/s0_original/case_outputs/888__s0_original/segmentation_smoothed.stl,True,0.5863360683610865,3.141592653589793,0.534777710070183,3.1398428232334505,-0.0030339092999403694,0.07674003569303986,True,"phaseb_mesh_qc.run_phaseb_for_case (repository implementation, unmodified)",50.0,50.0,50.0,1.0,True,-29.657283875618532,172.89415994360044,126.89612563444221,-31.006111604501005,173.36216704776504,125.12174180439226,2.2774557883949216,True,/Users/angadkumar16ak/Projects/Automated_Cardiovascular_Segmentation_for_Bioprinting_Project/outputs/topology_correction/mesh_qc/s0_original/case_outputs/888__s0_original/segmentation_repaired.stl,ok,exact_point_to_surface,70314.0,71324.0,2.0527816679966624,1.030215735107009,5.239691013023236,32.70412796808219,0.49000336545289275,1.5627783025437696,4453.11104890395,4633.794822229332,180.68377332538148,0.04057472884487204,3.0977340584888604,1.1999969482421875,16.199996948242188,0.0,16.24438037595915,,,,,,,,,,,,,,,,,,,,,,,
889,s0_original,s0_original,identity,True,0.6000000238418579,0.6000000238418579,0.6000000238418579,True,0.5,,8,5028.696599467302,2693.3043210668693,0.5355869593230531,0.743924933835913,6,2,101.52001210212757,6.997142551855814,1.8000000715255737,0,8,8,0,0.0,0.0,8,23281,5028.696599467301,0.77680744452398,0.8157295648812336,0.7414304677129695,0.635065543071161,18991,4290,6623,5532.624659540203,-503.92806007290164,-0.09108300148356374,0.9034137697509753,0.9452662721893491,0.8651102464332037,3.8418746951220877,39.48620169009557,1.3171505909767116,1.3995419617782667,1.2470083578210345,676,405.60001611709595,19,7,8,1.7716583014924974,6.91416753909467,True,True,0.77680744452398,0.0,True,/Users/angadkumar16ak/Projects/Automated_Cardiovascular_Segmentation_for_Bioprinting_Project/outputs/topology_correction/case_outputs/889/mask__s0_original.nii.gz,/Users/angadkumar16ak/Projects/Automated_Cardiovascular_Segmentation_for_Bioprinting_Project/outputs/topology_correction/case_outputs/889/mask__s0_original.nii.gz,ok,3.0,8.0,True,0.0,8.0,6005.776290482294,4933.602588131212,104.40000414848328,81.60000324249268,102.00000405311584,0.4242640855706679,0.6000000238418579,0.5894775430054796,/Users/angadkumar16ak/Projects/Automated_Cardiovascular_Segmentation_for_Bioprinting_Project/outputs/topology_correction/mesh_qc/s0_original/case_outputs/889__s0_original/segmentation_raw.stl,/Users/angadkumar16ak/Projects/Automated_Cardiovascular_Segmentation_for_Bioprinting_Project/outputs/topology_correction/mesh_qc/s0_original/case_outputs/889__s0_original/segmentation_repaired.stl,/Users/angadkumar16ak/Projects/Automated_Cardiovascular_Segmentation_for_Bioprinting_Project/outputs/topology_correction/mesh_qc/s0_original/case_outputs/889__s0_original/segmentation_smoothed.stl,True,0.5823030645729228,3.141592653589793,0.5222673055500976,3.136692997213717,-0.003211492756830692,0.06859670976332632,True,"phaseb_mesh_qc.run_phaseb_for_case (repository implementation, unmodified)",50.0,50.0,50.0,1.0,True,-21.82550781515937,162.24266332008756,108.83056317156704,-24.58444142774758,161.84790805515271,106.76817869161144,3.467127938369817,True,/Users/angadkumar16ak/Projects/Automated_Cardiovascular_Segmentation_for_Bioprinting_Project/outputs/topology_correction/mesh_qc/s0_original/case_outputs/889__s0_original/segmentation_repaired.stl,ok,exact_point_to_surface,76895.0,73137.0,2.6511184530143344,1.3234125369062617,3.9351947505546314,39.48620073548481,1.2398561572674032,1.4112622957469312,5424.255495231848,4933.602260614928,-490.6532346169197,-0.09045540628538327,4.808445723688348,-3.0,-1.8000030517578125,12.0,12.499600433067348,,,,,,,,,,,,,,,,,,,,,,,
890,s0_original,s0_original,identity,True,0.6000000238418579,0.6000000238418579,0.6000000238418579,True,0.5,,2,5089.392606702829,2923.5603485155243,0.5744418979713097,0.7408200960472849,2,0,2544.6963033514144,30.245000788536846,30.245000788536846,0,2,2,0,0.0,0.0,2,23562,5089.392606702829,0.8515598373133989,0.7953060011883542,0.9163773289647416,0.7414925609370053,18739,4823,1710,4416.984526545546,672.4080801572827,0.15223238300161365,0.929893335764427,0.9139784946236559,0.9463722397476341,1.3416408398118889,20.732583875644025,0.5585913232561257,0.7125120803943054,0.3977358971273016,651,390.6000155210495,9,9,2,0.8561401426897532,3.8418746951220877,True,True,0.8515598373133989,0.0,True,/Users/angadkumar16ak/Projects/Automated_Cardiovascular_Segmentation_for_Bioprinting_Project/outputs/topology_correction/case_outputs/890/mask__s0_original.nii.gz,/Users/angadkumar16ak/Projects/Automated_Cardiovascular_Segmentation_for_Bioprinting_Project/outputs/topology_correction/case_outputs/890/mask__s0_original.nii.gz,ok,3.0,2.0,True,0.0,2.0,5937.033296698326,4998.213595833447,101.40000402927399,81.60000324249268,85.20000338554382,0.4242640855706679,0.6000000238418579,0.5893830335237957,/Users/angadkumar16ak/Projects/Automated_Cardiovascular_Segmentation_for_Bioprinting_Project/outputs/topology_correction/mesh_qc/s0_original/case_outputs/890__s0_original/segmentation_raw.stl,/Users/angadkumar16ak/Projects/Automated_Cardiovascular_Segmentation_for_Bioprinting_Project/outputs/topology_correction/mesh_qc/s0_original/case_outputs/890__s0_original/segmentation_repaired.stl,/Users/angadkumar16ak/Projects/Automated_Cardiovascular_Segmentation_for_Bioprinting_Project/outputs/topology_correction/mesh_qc/s0_original/case_outputs/890__s0_original/segmentation_smoothed.stl,True,0.5877773412022357,3.141592653589793,0.5382298331375671,3.138229082254617,-0.0026434726012904797,0.07376283846872082,True,"phaseb_mesh_qc.run_phaseb_for_case (repository implementation, unmodified)",50.0,50.0,50.0,1.0,True,-29.526989712389124,167.7685793963649,83.16041025542391,-32.42422162683223,167.49386526184685,81.87750983925405,3.180448726136059,True,/Users/angadkumar16ak/Projects/Automated_Cardiovascular_Segmentation_for_Bioprinting_Project/outputs/topology_correction/mesh_qc/s0_original/case_outputs/890__s0_original/segmentation_repaired.stl,ok,exact_point_to_surface,71969.0,72886.0,1.028260635850663,0.515152865965003,1.396611394777205,20.73258519351091,0.35260229580253194,0.6756583400481311,4325.796392440192,4998.213418426137,672.4170259859447,0.15544352183590238,2.2412901606446063,-1.1999969482421875,-0.5999908447265625,0.5999984741210938,1.469686993374405,,,,,,,,,,,,,,,,,,,,,,,
891,s0_original,s0_original,identity,True,0.6000000238418579,0.6000000238418579,0.6000000238418579,True,0.5,,8,4998.456595862412,2953.584352094664,0.5908992696944817,0.5626005557993272,7,1,84.24001004219096,5.723635435938503,1.4696939040702932,0,8,8,0,0.0,0.0,8,23141,4998.4565958624125,0.7990848483357524,0.7018279244630742,0.9276330820196481,0.665396591281547,16241,6900,1267,3781.728450817126,1216.7281450452865,0.3217386337674207,0.868469019307618,0.7911479944674965,0.9625407166123778,10.287857328492052,28.231897976279406,1.3038748995722627,2.084377332737069,0.34930829504646804,723,433.80001723766327,18,10,8,1.846643679048112,13.164493695951696,True,True,0.7990848483357524,0.0,True,/Users/angadkumar16ak/Projects/Automated_Cardiovascular_Segmentation_for_Bioprinting_Project/outputs/topology_correction/case_outputs/891/mask__s0_original.nii.gz,/Users/angadkumar16ak/Projects/Automated_Cardiovascular_Segmentation_for_Bioprinting_Project/outputs/topology_correction/case_outputs/891/mask__s0_original.nii.gz,ok,3.0,8.0,True,0.0,8.0,6277.39530379286,4893.660583369755,100.20000398159027,81.00000321865082,94.20000374317169,0.4242640855706679,0.6000000238418579,0.5893664219418144,/Users/angadkumar16ak/Projects/Automated_Cardiovascular_Segmentation_for_Bioprinting_Project/outputs/topology_correction/mesh_qc/s0_original/case_outputs/891__s0_original/segmentation_raw.stl,/Users/angadkumar16ak/Projects/Automated_Cardiovascular_Segmentation_for_Bioprinting_Project/outputs/topology_correction/mesh_qc/s0_original/case_outputs/891__s0_original/segmentation_repaired.stl,/Users/angadkumar16ak/Projects/Automated_Cardiovascular_Segmentation_for_Bioprinting_Project/outputs/topology_correction/mesh_qc/s0_original/case_outputs/891__s0_original/segmentation_smoothed.stl,True,0.5685216925736833,3.141592653589793,0.5141905948890033,3.1409019119685593,-0.0036282185382978194,0.050905319562680955,True,"phaseb_mesh_qc.run_phaseb_for_case (repository implementation, unmodified)",50.0,50.0,50.0,1.0,True,-35.97906977025049,163.53391179704226,86.62110601310768,-36.926346350127986,164.2413023192519,84.68638725590054,2.2673488790183023,True,/Users/angadkumar16ak/Projects/Automated_Cardiovascular_Segmentation_for_Bioprinting_Project/outputs/topology_correction/mesh_qc/s0_original/case_outputs/891__s0_original/segmentation_repaired.stl,ok,exact_point_to_surface,69675.0,74194.0,2.3802187837944393,1.2180161679258192,9.852428159800859,28.23189510328809,0.30165620303715984,2.0785625807572794,3696.8498102697718,4893.661107791305,1196.811297521533,0.3237381443511219,4.740562586422106,1.2000045776367188,3.0,16.200000762939453,16.519080958261206,,,,,,,,,,,,,,,,,,,,,,,
892,s0_original,s0_original,identity,True,0.6000000238418579,0.6000000238418579,0.6000000238418579,True,0.5,,32,8824.033051906628,4821.336574748062,0.5463869577988837,0.6206711168854442,14,18,3.7800004506111327,3.7947333429912047,0.8485281711413358,4,32,32,0,0.0,0.0,32,40852,8824.033051906628,0.6996138796699253,0.6630764711642025,0.7404127374607079,0.5380047270055016,27088,13764,9497,7902.360942034759,921.672109871869,0.11663249965832995,0.73915300656866,0.6669565217391304,0.8288770053475936,10.800000429153442,49.513636453361684,2.0034103298497263,2.893669016499092,1.0330061989961252,1150,690.0000274181366,60,56,26,3.0369331241456976,14.494647400756538,True,True,0.6996138796699253,0.0,True,/Users/angadkumar16ak/Projects/Automated_Cardiovascular_Segmentation_for_Bioprinting_Project/outputs/topology_correction/case_outputs/892/mask__s0_original.nii.gz,/Users/angadkumar16ak/Projects/Automated_Cardiovascular_Segmentation_for_Bioprinting_Project/outputs/topology_correction/case_outputs/892/mask__s0_original.nii.gz,ok,3.0,32.0,True,0.0,27.0,10077.09981316357,8659.18903225569,123.60000491142273,113.40000450611115,90.00000357627869,0.4242640855706679,0.6000000238418579,0.5897557746032348,/Users/angadkumar16ak/Projects/Automated_Cardiovascular_Segmentation_for_Bioprinting_Project/outputs/topology_correction/mesh_qc/s0_original/case_outputs/892__s0_original/segmentation_raw.stl,/Users/angadkumar16ak/Projects/Automated_Cardiovascular_Segmentation_for_Bioprinting_Project/outputs/topology_correction/mesh_qc/s0_original/case_outputs/892__s0_original/segmentation_repaired.stl,/Users/angadkumar16ak/Projects/Automated_Cardiovascular_Segmentation_for_Bioprinting_Project/outputs/topology_correction/mesh_qc/s0_original/case_outputs/892__s0_original/segmentation_smoothed.stl,True,0.5872140334725047,3.141592653589793,0.5364959952465963,3.1383233031508886,-0.0037364585960683785,0.10883188093606189,True,"phaseb_mesh_qc.run_phaseb_for_case (repository implementation, unmodified)",50.0,48.0,48.0,1.0,True,-36.97538633131437,175.7358840642451,101.0980746163761,-38.681438133282455,175.51514355634274,98.12957575985098,3.430936400462486,True,/Users/angadkumar16ak/Projects/Automated_Cardiovascular_Segmentation_for_Bioprinting_Project/outputs/topology_correction/mesh_qc/s0_original/case_outputs/892__s0_original/segmentation_repaired.stl,ok,exact_point_to_surface,84542.0,88781.0,3.972184445322666,2.010891264297127,11.006362555739477,49.51363892356478,0.9721162157161091,3.0000682296065566,7775.227223034464,8659.190194293633,883.9629712591686,0.11368966409629652,10.728840272346023,13.800003051757812,12.0,12.60000228881836,22.208109822917233,,,,,,,,,,,,,,,,,,,,,,,
893,s0_original,s0_original,identity,True,0.6000000238418579,0.6000000238418579,0.6000000238418579,True,0.5,,7,7718.544920122184,4002.2644771070673,0.5185257737728773,0.8596254519941713,5,2,119.664014265061,18.13541416859468,1.0392305258366357,1,7,7,0,0.0,0.0,7,35734,7718.544920122184,0.8368797993639631,0.9058039961941009,0.7777030273906775,0.7195127372960477,32368,3366,9252,8989.92107168202,-1271.3761515598362,-0.14142239308024993,0.9191082802547771,0.9285714285714286,0.9098360655737705,1.8000000715255737,86.28534401442789,0.9103771771067294,1.1496341845569222,0.7124636143391267,812,487.2000193595886,21,17,6,1.6650653729115306,5.010963897958859,True,True,0.8368797993639631,0.0,True,/Users/angadkumar16ak/Projects/Automated_Cardiovascular_Segmentation_for_Bioprinting_Project/outputs/topology_correction/case_outputs/893/mask__s0_original.nii.gz,/Users/angadkumar16ak/Projects/Automated_Cardiovascular_Segmentation_for_Bioprinting_Project/outputs/topology_correction/case_outputs/893/mask__s0_original.nii.gz,ok,3.0,7.0,True,0.0,7.0,8023.345711370027,7602.795906323824,150.60000598430634,123.00000488758087,101.40000402927399,0.4242640855706679,0.6000000238418579,0.5905799545846885,/Users/angadkumar16ak/Projects/Automated_Cardiovascular_Segmentation_for_Bioprinting_Project/outputs/topology_correction/mesh_qc/s0_original/case_outputs/893__s0_original/segmentation_raw.stl,/Users/angadkumar16ak/Projects/Automated_Cardiovascular_Segmentation_for_Bioprinting_Project/outputs/topology_correction/mesh_qc/s0_original/case_outputs/893__s0_original/segmentation_repaired.stl,/Users/angadkumar16ak/Projects/Automated_Cardiovascular_Segmentation_for_Bioprinting_Project/outputs/topology_correction/mesh_qc/s0_original/case_outputs/893__s0_original/segmentation_smoothed.stl,True,0.595037284272612,3.141592653589793,0.532550438822294,3.139431464739963,-0.0024688764007281916,0.1346056976548945,True,"phaseb_mesh_qc.run_phaseb_for_case (repository implementation, unmodified)",50.0,39.0,39.0,1.0,True,-31.513154829753404,170.8291355787043,94.04551992626484,-35.58251271539123,170.28856645855365,93.16527532374762,4.198418646981732,True,/Users/angadkumar16ak/Projects/Automated_Cardiovascular_Segmentation_for_Bioprinting_Project/outputs/topology_correction/mesh_qc/s0_original/case_outputs/893__s0_original/segmentation_repaired.stl,ok,exact_point_to_surface,84084.0,80767.0,1.9421098014661766,0.9653459677494817,2.0240126062730686,86.28534517743421,0.6873276437899056,1.254782157676271,8868.735995982252,7602.796049406391,-1265.9399465758606,-0.14274186841838132,2.2480768262141164,40.20000457763672,20.400001525878906,-2.4000015258789062,45.14377518132589,,,,,,,,,,,,,,,,,,,,,,,
894,s0_original,s0_original,identity,True,0.6000000238418579,0.6000000238418579,0.6000000238418579,True,0.5,,12,8674.777034113926,4070.0884851923183,0.46918652423993423,0.9332908772488457,9,3,88.66801057004972,5.6603889041576,1.3416408398118889,0,12,12,0,0.0,0.0,12,40161,8674.777034113926,0.7047704874469978,0.7594432409551555,0.6574409380927746,0.5441278789716875,30500,9661,15892,10020.673194557237,-1345.8961604433116,-0.1343119503362648,0.7862534503385177,0.8212351029252438,0.7541302235179786,14.025119468595395,35.37965657659455,2.0851244506903295,1.0703886113527443,2.9166013080374884,923,553.8000220060349,31,17,12,2.390136330266997,13.97039740145053,True,True,0.7047704874469978,0.0,True,/Users/angadkumar16ak/Projects/Automated_Cardiovascular_Segmentation_for_Bioprinting_Project/outputs/topology_correction/case_outputs/894/mask__s0_original.nii.gz,/Users/angadkumar16ak/Projects/Automated_Cardiovascular_Segmentation_for_Bioprinting_Project/outputs/topology_correction/case_outputs/894/mask__s0_original.nii.gz,ok,3.0,12.0,True,0.0,12.0,9111.859937516449,8541.631018241684,133.20000529289246,109.80000436306,91.2000036239624,0.4242640855706679,0.6000000238418579,0.5903684341868525,/Users/angadkumar16ak/Projects/Automated_Cardiovascular_Segmentation_for_Bioprinting_Project/outputs/topology_correction/mesh_qc/s0_original/case_outputs/894__s0_original/segmentation_raw.stl,/Users/angadkumar16ak/Projects/Automated_Cardiovascular_Segmentation_for_Bioprinting_Project/outputs/topology_correction/mesh_qc/s0_original/case_outputs/894__s0_original/segmentation_repaired.stl,/Users/angadkumar16ak/Projects/Automated_Cardiovascular_Segmentation_for_Bioprinting_Project/outputs/topology_correction/mesh_qc/s0_original/case_outputs/894__s0_original/segmentation_smoothed.stl,True,0.5875833720564844,3.141592653589793,0.5319837975179201,3.139305024471047,-0.0024767679400916607,0.13513109733323372,True,"phaseb_mesh_qc.run_phaseb_for_case (repository implementation, unmodified)",50.0,49.0,49.0,1.0,True,-58.709654823978184,191.68718618477325,104.72797456264603,-64.226107457913,191.03049762970676,103.54256779727051,5.680464657068097,True,/Users/angadkumar16ak/Projects/Automated_Cardiovascular_Segmentation_for_Bioprinting_Project/outputs/topology_correction/mesh_qc/s0_original/case_outputs/894__s0_original/segmentation_repaired.stl,ok,exact_point_to_surface,89330.0,84986.0,3.909279755949707,1.9762793816392654,13.335898447566741,35.37965266064288,2.8229897216133577,1.0862900343363493,9878.51924512531,8541.631528046475,-1336.8877170788346,-0.13533280483697394,11.20418737980559,12.000001609325409,5.4000091552734375,-1.1444091796875e-05,13.159032544263287,,,,,,,,,,,,,,,,,,,,,,,
895,s0_original,s0_original,identity,True,0.6000000238418579,0.6000000238418579,0.6000000238418579,True,0.5,,17,7975.8009507894885,4765.392568079017,0.5974813811780637,0.6125917867827033,9,8,22.24800265216838,2.8747728227199563,0.8485281711413358,3,17,17,0,0.0,0.0,17,36925,7975.800950789489,0.7415304203716098,0.6301150981719702,0.9008091679894692,0.5892318991060349,23267,13658,2562,5579.064665076282,2396.7362857132075,0.4295946416818306,0.8578128307405565,0.7541557305336833,0.9945054945054945,10.003999597843052,26.637568514989564,1.3689505754593183,2.1489807308892557,0.3779327322620515,1143,685.8000272512436,38,26,14,2.044899111075527,13.30320681726052,True,True,0.7415304203716098,0.0,True,/Users/angadkumar16ak/Projects/Automated_Cardiovascular_Segmentation_for_Bioprinting_Project/outputs/topology_correction/case_outputs/895/mask__s0_original.nii.gz,/Users/angadkumar16ak/Projects/Automated_Cardiovascular_Segmentation_for_Bioprinting_Project/outputs/topology_correction/case_outputs/895/mask__s0_original.nii.gz,ok,3.0,17.0,True,0.0,14.0,9563.552334924938,7820.667932296194,106.20000422000885,99.00000393390656,73.20000290870667,0.4242640855706679,0.6000000238418579,0.5909825285664203,/Users/angadkumar16ak/Projects/Automated_Cardiovascular_Segmentation_for_Bioprinting_Project/outputs/topology_correction/mesh_qc/s0_original/case_outputs/895__s0_original/segmentation_raw.stl,/Users/angadkumar16ak/Projects/Automated_Cardiovascular_Segmentation_for_Bioprinting_Project/outputs/topology_correction/mesh_qc/s0_original/case_outputs/895__s0_original/segmentation_repaired.stl,/Users/angadkumar16ak/Projects/Automated_Cardiovascular_Segmentation_for_Bioprinting_Project/outputs/topology_correction/mesh_qc/s0_original/case_outputs/895__s0_original/segmentation_smoothed.stl,True,0.6079188551304554,3.141592653589793,0.5612335603665577,3.140638615970098,-0.00326343241419536,0.07176709546377792,True,"phaseb_mesh_qc.run_phaseb_for_case (repository implementation, unmodified)",50.0,50.0,50.0,1.0,True,-30.232673634833873,167.08977755028087,149.1066734401132,-31.68828298218976,167.65305024303615,147.22877757049824,2.4418369305976593,True,/Users/angadkumar16ak/Projects/Automated_Cardiovascular_Segmentation_for_Bioprinting_Project/outputs/topology_correction/mesh_qc/s0_original/case_outputs/895__s0_original/segmentation_repaired.stl,ok,exact_point_to_surface,78860.0,86623.0,2.475700045104179,1.2806740138873005,9.410639113112572,26.63757937637895,0.32497580406377835,2.1507242410404004,5457.807076257938,7820.667886662394,2362.860810404456,0.4329322706702406,4.409252486722278,-1.9073486328125e-06,4.79998779296875,-0.5999984741210938,4.837342346950471,,,,,,,,,,,,,,,,,,,,,,,
896,s0_original,s0_original,identity,True,0.6000000238418579,0.6000000238418579,0.6000000238418579,True,0.5,,12,3989.0884755363654,1867.968222679147,0.46826943902967294,0.6400323774283072,10,2,72.57600865173374,7.224957034369364,1.3416408398118889,0,12,12,0,0.0,0.0,12,18468,3989.0884755363654,0.7056285331949641,0.6995343296512887,0.7118298528844564,0.5451514895771795,12919,5549,5230,3920.184467322368,68.90400821399726,0.017576725990412705,0.7981827042251359,0.7845601436265709,0.8122866894197952,7.517978750422624,41.26063663224039,2.0150478217898464,3.149338100508717,0.9196341929521564,557,334.20001327991486,26,14,11,2.7645396489451683,25.921385604445256,True,True,0.7056285331949641,0.0,True,/Users/angadkumar16ak/Projects/Automated_Cardiovascular_Segmentation_for_Bioprinting_Project/outputs/topology_correction/case_outputs/896/mask__s0_original.nii.gz,/Users/angadkumar16ak/Projects/Automated_Cardiovascular_Segmentation_for_Bioprinting_Project/outputs/topology_correction/case_outputs/896/mask__s0_original.nii.gz,ok,3.0,12.0,True,0.0,12.0,5093.899164189078,3901.0324650392704,107.40000426769257,86.40000343322754,94.20000374317169,0.4242640855706679,0.6000000238418579,0.5890035119152909,/Users/angadkumar16ak/Projects/Automated_Cardiovascular_Segmentation_for_Bioprinting_Project/outputs/topology_correction/mesh_qc/s0_original/case_outputs/896__s0_original/segmentation_raw.stl,/Users/angadkumar16ak/Projects/Automated_Cardiovascular_Segmentation_for_Bioprinting_Project/outputs/topology_correction/mesh_qc/s0_original/case_outputs/896__s0_original/segmentation_repaired.stl,/Users/angadkumar16ak/Projects/Automated_Cardiovascular_Segmentation_for_Bioprinting_Project/outputs/topology_correction/mesh_qc/s0_original/case_outputs/896__s0_original/segmentation_smoothed.stl,True,0.6097518471570631,3.141592653589793,0.5602653755159369,3.1411108793580595,-0.0042716436495827655,0.04645873944119558,True,"phaseb_mesh_qc.run_phaseb_for_case (repository implementation, unmodified)",50.0,50.0,50.0,1.0,True,-42.213429254030075,160.81340637444185,87.95750845781853,-44.14930543802715,160.23596344041712,85.71316533739048,3.019624642904297,True,/Users/angadkumar16ak/Projects/Automated_Cardiovascular_Segmentation_for_Bioprinting_Project/outputs/topology_correction/mesh_qc/s0_original/case_outputs/896__s0_original/segmentation_repaired.stl,ok,exact_point_to_surface,69904.0,69668.0,4.216999266687654,2.1063899103732835,8.212308947669767,41.26063712282276,0.8607951653577208,3.356204101329933,3839.7606214663433,3901.032282259075,61.271660792731836,0.01595715640453992,7.299093437889525,-2.399993896484375,4.799995422363281,19.200000762939453,19.93589616883942,,,,,,,,,,,,,,,,,,,,,,,
897,s0_original,s0_original,identity,True,0.6000000238418579,0.6000000238418579,0.6000000238418579,True,0.5,,9,7546.608899625814,4094.9284881534772,0.5426183525101609,0.6789745753771494,8,1,121.82401452255307,4.3948008212341385,0.8485281711413358,1,9,9,0,0.0,0.0,9,34938,7546.608899625814,0.7898065476190477,0.7291773999656534,0.8614323392168797,0.6526283430679373,25476,9462,4098,6387.984761507065,1158.6241381187492,0.18137553256238584,0.8652808315010994,0.823093220338983,0.9120267260579065,11.415779007886552,46.78846197492293,1.7574000330395179,2.676518244694914,0.7608557752562013,944,566.4000225067139,22,24,7,2.5071386735794174,16.365747604296537,True,True,0.7898065476190477,0.0,True,/Users/angadkumar16ak/Projects/Automated_Cardiovascular_Segmentation_for_Bioprinting_Project/outputs/topology_correction/case_outputs/897/mask__s0_original.nii.gz,/Users/angadkumar16ak/Projects/Automated_Cardiovascular_Segmentation_for_Bioprinting_Project/outputs/topology_correction/case_outputs/897/mask__s0_original.nii.gz,ok,3.0,9.0,True,0.0,8.0,8781.08018592555,7411.752883549726,108.60000431537628,93.00000369548798,85.80000340938568,0.4242640855706679,0.6000000238418579,0.5906360286485045,/Users/angadkumar16ak/Projects/Automated_Cardiovascular_Segmentation_for_Bioprinting_Project/outputs/topology_correction/mesh_qc/s0_original/case_outputs/897__s0_original/segmentation_raw.stl,/Users/angadkumar16ak/Projects/Automated_Cardiovascular_Segmentation_for_Bioprinting_Project/outputs/topology_correction/mesh_qc/s0_original/case_outputs/897__s0_original/segmentation_repaired.stl,/Users/angadkumar16ak/Projects/Automated_Cardiovascular_Segmentation_for_Bioprinting_Project/outputs/topology_correction/mesh_qc/s0_original/case_outputs/897__s0_original/segmentation_smoothed.stl,True,0.5870247388346885,3.141592653589793,0.5348004290001328,3.1384969278188097,-0.002809005509908297,0.07344438720018318,True,"phaseb_mesh_qc.run_phaseb_for_case (repository implementation, unmodified)",50.0,50.0,50.0,1.0,True,-27.01821696721079,164.6219685097662,117.7147641268543,-28.600152931148855,165.75916669227934,115.3490530135169,3.0646908770836894,True,/Users/angadkumar16ak/Projects/Automated_Cardiovascular_Segmentation_for_Bioprinting_Project/outputs/topology_correction/mesh_qc/s0_original/case_outputs/897__s0_original/segmentation_repaired.stl,ok,exact_point_to_surface,80939.0,83669.0,3.374033009575526,1.70326880628061,11.071593873174688,46.78846567285154,0.707068210232997,2.666964799342529,6266.826858080356,7411.753070458362,1144.9262123780063,0.18269632116958123,4.651824832632497,-1.1999988555908203,3.0000076293945312,2.4000015258789062,4.02492861477887,,,,,,,,,,,,,,,,,,,,,,,
898,s0_original,s0_original,identity,True,0.6000000238418579,0.6000000238418579,0.6000000238418579,True,0.5,,5,8819.713051391645,5447.3046493692655,0.617628330721003,0.6182640072960863,2,3,2.8080003347396985,2.8626902587957455,0.8485281711413358,2,5,5,0,0.0,0.0,5,40832,8819.713051391644,0.8440178976720057,0.7968994905956113,0.897058418107132,0.7301305928286137,32539,8293,3734,7834.968934001006,984.7441173906373,0.12568577178617704,0.9641997140580875,0.9598086124401913,0.9686311787072244,0.8485281711413358,10.816654256207174,0.41089488911677713,0.41762061845246357,0.4042192791387093,1045,627.0000249147415,19,25,2,0.5494966037419176,0.8485281711413358,True,True,0.8440178976720057,0.0,True,/Users/angadkumar16ak/Projects/Automated_Cardiovascular_Segmentation_for_Bioprinting_Project/outputs/topology_correction/case_outputs/898/mask__s0_original.nii.gz,/Users/angadkumar16ak/Projects/Automated_Cardiovascular_Segmentation_for_Bioprinting_Project/outputs/topology_correction/case_outputs/898/mask__s0_original.nii.gz,ok,3.0,5.0,True,0.0,4.0,9824.621954944056,8674.246034050626,109.20000433921814,98.4000039100647,79.20000314712524,0.4242640855706679,0.6000000238418579,0.5894345394116275,/Users/angadkumar16ak/Projects/Automated_Cardiovascular_Segmentation_for_Bioprinting_Project/outputs/topology_correction/mesh_qc/s0_original/case_outputs/898__s0_original/segmentation_raw.stl,/Users/angadkumar16ak/Projects/Automated_Cardiovascular_Segmentation_for_Bioprinting_Project/outputs/topology_correction/mesh_qc/s0_original/case_outputs/898__s0_original/segmentation_repaired.stl,/Users/angadkumar16ak/Projects/Automated_Cardiovascular_Segmentation_for_Bioprinting_Project/outputs/topology_correction/mesh_qc/s0_original/case_outputs/898__s0_original/segmentation_smoothed.stl,True,0.5876783610836088,3.141592653589793,0.5314126611644325,3.1396831165754695,-0.002384313327516983,0.09330916927899686,True,"phaseb_mesh_qc.run_phaseb_for_case (repository implementation, unmodified)",50.0,50.0,50.0,1.0,True,-39.86493904789366,186.7906604025157,207.2931277617713,-40.79809998525328,188.10423781475023,204.81944873435611,2.952179344758787,True,/Users/angadkumar16ak/Projects/Automated_Cardiovascular_Segmentation_for_Bioprinting_Project/outputs/topology_correction/mesh_qc/s0_original/case_outputs/898__s0_original/segmentation_repaired.stl,ok,exact_point_to_surface,87144.0,87853.0,0.7211796142945023,0.36064578172302136,0.8485259795052132,10.816650863976788,0.3467740344588556,0.3744055798356467,7687.845865118249,8674.246478966495,986.4006138482464,0.1283065023875936,1.7919960546187845,-1.8000049591064453,0.0,-2.9999847412109375,3.498560604063656,,,,,,,,,,,,,,,,,,,,,,,
899,s0_original,s0_original,identity,True,0.6000000238418579,0.6000000238418579,0.6000000238418579,True,0.5,,11,6689.088797401459,4066.6324847803307,0.6079501420821494,0.45684389440696876,6,5,13.176001570701661,1.4485281949831936,0.8485281711413358,4,11,11,0,0.0,0.0,11,30968,6689.08879740146,0.8343055602387295,0.798986050116249,0.8728921188174699,0.7157154840762489,24743,6225,3603,6122.736729887038,566.3520675144227,0.09249982360826933,0.8998671999561251,0.8319209039548022,0.9798994974874372,3.231099012673037,31.049638912847218,0.9309297704633314,1.472264144455329,0.3748459471370212,708,424.8000168800354,15,7,6,1.6485487889720873,9.829726506325459,True,True,0.8337011641423926,0.00060439609633689,True,/Users/angadkumar16ak/Projects/Automated_Cardiovascular_Segmentation_for_Bioprinting_Project/outputs/topology_correction/case_outputs/899/mask__s0_original.nii.gz,/Users/angadkumar16ak/Projects/Automated_Cardiovascular_Segmentation_for_Bioprinting_Project/outputs/topology_correction/case_outputs/899/mask__s0_original.nii.gz,ok,3.0,11.0,True,0.0,8.0,6992.122533620793,6587.334785271436,120.60000479221344,99.60000395774841,95.40000379085541,0.4242640855706679,0.6000000238418579,0.5884103821642174,/Users/angadkumar16ak/Projects/Automated_Cardiovascular_Segmentation_for_Bioprinting_Project/outputs/topology_correction/mesh_qc/s0_original/case_outputs/899__s0_original/segmentation_raw.stl,/Users/angadkumar16ak/Projects/Automated_Cardiovascular_Segmentation_for_Bioprinting_Project/outputs/topology_correction/mesh_qc/s0_original/case_outputs/899__s0_original/segmentation_repaired.stl,/Users/angadkumar16ak/Projects/Automated_Cardiovascular_Segmentation_for_Bioprinting_Project/outputs/topology_correction/mesh_qc/s0_original/case_outputs/899__s0_original/segmentation_smoothed.stl,True,0.5899697836485883,3.141592653589793,0.5294146895277184,3.140109981485997,-0.0024821167649900066,0.13501033324722295,True,"phaseb_mesh_qc.run_phaseb_for_case (repository implementation, unmodified)",50.0,50.0,50.0,1.0,True,-18.835937285247738,183.77279443218555,-1094.2592586363758,-24.34145429300498,182.64167702435898,-1093.9195904870276,5.6307653622464295,True,/Users/angadkumar16ak/Projects/Automated_Cardiovascular_Segmentation_for_Bioprinting_Project/outputs/topology_correction/mesh_qc/s0_original/case_outputs/899__s0_original/segmentation_repaired.stl,ok,exact_point_to_surface,74224.0,77060.0,1.845789427772166,0.9343029937855243,3.6491879251053065,31.049624616786822,0.3143297575013483,1.5314596702708176,6033.354242611934,6587.335684464019,553.9814418520855,0.0918198102706229,3.654862069926098,7.1999969482421875,14.999992370605469,-3.5999755859375,17.02349997480733,,,,,,,,,,,,,,,,,,,,,,,
900,s0_original,s0_original,identity,True,0.6000000238418579,0.6000000238418579,0.6000000238418579,True,0.5,,5,6090.984726101905,3726.648444251078,0.61183020674492,0.6317162232655191,3,2,8.85600105571751,3.791755867479311,0.8485281711413358,2,5,5,0,0.0,0.0,5,28199,6090.984726101904,0.8312931605335352,0.7790701797936097,0.8910204412719014,0.711293142524121,21969,6230,2687,5325.696634872462,765.2880912294422,0.14369727449707978,0.9354512224703688,0.9299363057324841,0.941031941031941,1.3416408398118889,20.24055415640693,0.5463914387310251,0.6965801859011298,0.3916747970674559,785,471.00001871585846,18,24,3,0.735171662495594,2.6221336910061597,True,True,0.8312931605335352,0.0,True,/Users/angadkumar16ak/Projects/Automated_Cardiovascular_Segmentation_for_Bioprinting_Project/outputs/topology_correction/case_outputs/900/mask__s0_original.nii.gz,/Users/angadkumar16ak/Projects/Automated_Cardiovascular_Segmentation_for_Bioprinting_Project/outputs/topology_correction/case_outputs/900/mask__s0_original.nii.gz,ok,3.0,5.0,True,0.0,3.0,7068.019427660857,5982.138713126449,106.80000424385071,92.40000367164612,78.60000312328339,0.4242640855706679,0.6000000238418579,0.5902573478890075,/Users/angadkumar16ak/Projects/Automated_Cardiovascular_Segmentation_for_Bioprinting_Project/outputs/topology_correction/mesh_qc/s0_original/case_outputs/900__s0_original/segmentation_raw.stl,/Users/angadkumar16ak/Projects/Automated_Cardiovascular_Segmentation_for_Bioprinting_Project/outputs/topology_correction/mesh_qc/s0_original/case_outputs/900__s0_original/segmentation_repaired.stl,/Users/angadkumar16ak/Projects/Automated_Cardiovascular_Segmentation_for_Bioprinting_Project/outputs/topology_correction/mesh_qc/s0_original/case_outputs/900__s0_original/segmentation_smoothed.stl,True,0.566482101516958,3.141592653589793,0.5135487065001255,3.1376295404588026,-0.0028856458205649945,0.07411610340792227,True,"phaseb_mesh_qc.run_phaseb_for_case (repository implementation, unmodified)",50.0,50.0,50.0,1.0,True,-14.350179009126592,164.33229555395963,-1085.047361613715,-15.772732339959397,164.56523971208392,-1087.2590423478287,2.6399720887760854,True,/Users/angadkumar16ak/Projects/Automated_Cardiovascular_Segmentation_for_Bioprinting_Project/outputs/topology_correction/mesh_qc/s0_original/case_outputs/900__s0_original/segmentation_repaired.stl,ok,exact_point_to_surface,76601.0,77143.0,1.0014566872351003,0.501242555525183,1.4071366022463816,20.240549640257015,0.3548667282539143,0.646589958981186,5213.510019566895,5982.138902716965,768.6288831500706,0.14743021117544977,2.141224468962011,-1.1999969482421875,0.0,5.4000244140625,5.531749845054602,,,,,,,,,,,,,,,,,,,,,,,
901,s0_original,s0_original,identity,True,0.6000000238418579,0.6000000238418579,0.6000000238418579,True,0.5,,17,7107.912847329173,3270.0243898172535,0.46005409183456414,0.9466939692185745,10,7,11.448001364708,2.1000000834465027,0.8485281711413358,2,17,17,0,0.0,0.0,17,32907,7107.912847329174,0.7203268119873616,0.6858723068040234,0.7584260223797843,0.5628990422984836,22570,10337,7189,6427.944766270668,679.968081058506,0.10578312443294474,0.7779801554098892,0.7004357298474946,0.8748317631224765,22.264771263057852,94.40424094432863,3.816116850528071,6.58506594036222,0.8041564479925308,918,550.8000218868256,32,22,13,4.794236915248374,24.186774205991668,True,True,0.7203268119873616,0.0,True,/Users/angadkumar16ak/Projects/Automated_Cardiovascular_Segmentation_for_Bioprinting_Project/outputs/topology_correction/case_outputs/901/mask__s0_original.nii.gz,/Users/angadkumar16ak/Projects/Automated_Cardiovascular_Segmentation_for_Bioprinting_Project/outputs/topology_correction/case_outputs/901/mask__s0_original.nii.gz,ok,3.0,17.0,True,0.0,15.0,8314.260813603887,6978.015831844244,142.80000567436218,113.40000450611115,108.60000431537628,0.4242640855706679,0.6000000238418579,0.5917348317376951,/Users/angadkumar16ak/Projects/Automated_Cardiovascular_Segmentation_for_Bioprinting_Project/outputs/topology_correction/mesh_qc/s0_original/case_outputs/901__s0_original/segmentation_raw.stl,/Users/angadkumar16ak/Projects/Automated_Cardiovascular_Segmentation_for_Bioprinting_Project/outputs/topology_correction/mesh_qc/s0_original/case_outputs/901__s0_original/segmentation_repaired.stl,/Users/angadkumar16ak/Projects/Automated_Cardiovascular_Segmentation_for_Bioprinting_Project/outputs/topology_correction/mesh_qc/s0_original/case_outputs/901__s0_original/segmentation_smoothed.stl,True,0.6114114456832581,3.141592653589793,0.5614362536245827,3.1404521205513927,-0.0033529944258998425,0.07512079496763606,True,"phaseb_mesh_qc.run_phaseb_for_case (repository implementation, unmodified)",50.0,48.0,48.0,1.0,True,-17.076281230212842,168.31033569386886,201.2528627718774,-18.93852009161098,166.49966761255868,200.12246981325194,2.832709077629921,True,/Users/angadkumar16ak/Projects/Automated_Cardiovascular_Segmentation_for_Bioprinting_Project/outputs/topology_correction/mesh_qc/s0_original/case_outputs/901__s0_original/segmentation_repaired.stl,ok,exact_point_to_surface,77063.0,81743.0,7.570666851101402,3.873990760330655,22.26732303607445,94.40423730456776,0.7769324197674593,6.7937344313339425,6324.894412660356,6978.01598961646,653.121576956104,0.10326205219311958,11.692637714912511,25.799999237060547,35.40000915527344,28.800003051757812,52.42366626445567,,,,,,,,,,,,,,,,,,,,,,,
902,s0_original,s0_original,identity,True,0.6000000238418579,0.6000000238418579,0.6000000238418579,True,0.5,,10,8398.945001232189,4859.352579279923,0.5785670198539244,0.5586522647464106,8,2,22.140002639293776,2.5455845134240076,0.8485281711413358,1,10,10,0,0.0,0.0,10,38884,8398.945001232187,0.7290556542332741,0.7600298323217776,0.700507253247369,0.5736330285913934,29553,9331,12635,9112.60908630757,-713.6640850753829,-0.07831610884611749,0.838146672834019,0.815811606391926,0.8617391304347826,7.469940055621977,29.07370061029074,1.285146288303835,1.6920389169569845,0.9163472808882712,1189,713.400028347969,36,48,9,1.708509530371618,9.333809882554695,True,True,0.7290556542332741,0.0,True,/Users/angadkumar16ak/Projects/Automated_Cardiovascular_Segmentation_for_Bioprinting_Project/outputs/topology_correction/case_outputs/902/mask__s0_original.nii.gz,/Users/angadkumar16ak/Projects/Automated_Cardiovascular_Segmentation_for_Bioprinting_Project/outputs/topology_correction/case_outputs/902/mask__s0_original.nii.gz,ok,3.0,10.0,True,0.0,9.0,10291.849057031812,8232.759981421395,104.40000414848328,86.40000343322754,98.4000039100647,0.4242640855706679,0.6000000238418579,0.5908899531094015,/Users/angadkumar16ak/Projects/Automated_Cardiovascular_Segmentation_for_Bioprinting_Project/outputs/topology_correction/mesh_qc/s0_original/case_outputs/902__s0_original/segmentation_raw.stl,/Users/angadkumar16ak/Projects/Automated_Cardiovascular_Segmentation_for_Bioprinting_Project/outputs/topology_correction/mesh_qc/s0_original/case_outputs/902__s0_original/segmentation_repaired.stl,/Users/angadkumar16ak/Projects/Automated_Cardiovascular_Segmentation_for_Bioprinting_Project/outputs/topology_correction/mesh_qc/s0_original/case_outputs/902__s0_original/segmentation_smoothed.stl,True,0.5796841216218649,3.141592653589793,0.5168455409019294,3.141386056675026,-0.003545119033372903,0.05817302746631005,True,"phaseb_mesh_qc.run_phaseb_for_case (repository implementation, unmodified)",50.0,50.0,50.0,1.0,True,-48.41204832125908,148.68848182125024,200.58117459073515,-49.59346152399244,148.1920573970648,198.26649631661397,2.6457342794031953,True,/Users/angadkumar16ak/Projects/Automated_Cardiovascular_Segmentation_for_Bioprinting_Project/outputs/topology_correction/mesh_qc/s0_original/case_outputs/902__s0_original/segmentation_repaired.stl,ok,exact_point_to_surface,90451.0,89417.0,2.5422593417199226,1.2688620531388328,7.593344473633832,29.0737114841424,0.8766694539702816,1.665589887749641,8957.376769279945,8232.760048061993,-724.6167212179516,-0.08089608597274638,4.594420117079372,-6.600001335144043,1.8000030517578125,4.1999969482421875,8.02745308148757,,,,,,,,,,,,,,,,,,,,,,,
903,s0_original,s0_original,identity,True,0.6000000238418579,0.6000000238418579,0.6000000238418579,True,0.5,,8,6587.784785325082,4091.904487792988,0.6211351191842355,0.5901076858108107,5,3,19.764002356052494,5.723635435938503,0.8485281711413358,1,8,8,0,0.0,0.0,8,30499,6587.784785325081,0.8312141061631897,0.7426800878717335,0.9437130239146738,0.711177394034537,22651,7848,1351,5184.43261803248,1403.3521672926017,0.2706857761853179,0.9174358176497225,0.8706166868198307,0.9695767195767195,1.8973666714956023,27.44959125162361,0.6097354611985571,0.8149642625926763,0.37532971216333155,827,496.2000197172165,21,19,7,1.0312853579397923,5.969924859863211,True,True,0.8312141061631897,0.0,True,/Users/angadkumar16ak/Projects/Automated_Cardiovascular_Segmentation_for_Bioprinting_Project/outputs/topology_correction/case_outputs/903/mask__s0_original.nii.gz,/Users/angadkumar16ak/Projects/Automated_Cardiovascular_Segmentation_for_Bioprinting_Project/outputs/topology_correction/case_outputs/903/mask__s0_original.nii.gz,ok,3.0,8.0,True,0.0,7.0,7570.402634084914,6472.107771535307,115.80000460147858,96.00000381469727,85.20000338554382,0.4242640855706679,0.6000000238418579,0.5893062742054204,/Users/angadkumar16ak/Projects/Automated_Cardiovascular_Segmentation_for_Bioprinting_Project/outputs/topology_correction/mesh_qc/s0_original/case_outputs/903__s0_original/segmentation_raw.stl,/Users/angadkumar16ak/Projects/Automated_Cardiovascular_Segmentation_for_Bioprinting_Project/outputs/topology_correction/mesh_qc/s0_original/case_outputs/903__s0_original/segmentation_repaired.stl,/Users/angadkumar16ak/Projects/Automated_Cardiovascular_Segmentation_for_Bioprinting_Project/outputs/topology_correction/mesh_qc/s0_original/case_outputs/903__s0_original/segmentation_smoothed.stl,True,0.5746227442036649,3.141592653589793,0.5179492420163176,3.1394676227712814,-0.0028070601082863605,0.08537984851962359,True,"phaseb_mesh_qc.run_phaseb_for_case (repository implementation, unmodified)",50.0,50.0,50.0,1.0,True,-25.464001544917494,176.9515803434594,-1114.9876970549115,-27.067795275967,177.1508528527948,-1117.807790327809,3.250352278226566,True,/Users/angadkumar16ak/Projects/Automated_Cardiovascular_Segmentation_for_Bioprinting_Project/outputs/topology_correction/mesh_qc/s0_original/case_outputs/903__s0_original/segmentation_repaired.stl,ok,exact_point_to_surface,75448.0,79192.0,1.146125014086093,0.5789741398614541,2.2194112173179885,27.449605653402312,0.32889186093232564,0.8172331531537674,5079.321569829145,6472.1080020956915,1392.7864322665464,0.27420717769467706,2.447515645400019,2.9999923706054688,-0.600006103515625,0.0,3.0594054239258686,,,,,,,,,,,,,,,,,,,,,,,
904,s0_original,s0_original,identity,True,0.6000000238418579,0.6000000238418579,0.6000000238418579,True,0.5,,16,7950.744947802581,4220.208503088017,0.5307940992692004,0.8284880745214455,9,7,9.936001184463548,9.693297038019109,1.2000000476837158,0,16,16,0,0.0,0.0,16,36809,7950.744947802581,0.7038986145419397,0.7122171208128447,0.6957721807903606,0.5430891614186277,26216,10593,11463,8138.664970204392,-187.92002240181137,-0.023089784760742152,0.8038306935704255,0.8255451713395638,0.7832292595896521,8.50646846527137,47.924943218884124,1.440835638547703,1.626118517685576,1.272972261608402,963,577.8000229597092,30,12,15,2.100580289756339,11.37945000585214,True,True,0.7038986145419397,0.0,True,/Users/angadkumar16ak/Projects/Automated_Cardiovascular_Segmentation_for_Bioprinting_Project/outputs/topology_correction/case_outputs/904/mask__s0_original.nii.gz,/Users/angadkumar16ak/Projects/Automated_Cardiovascular_Segmentation_for_Bioprinting_Project/outputs/topology_correction/case_outputs/904/mask__s0_original.nii.gz,ok,3.0,16.0,False,68.0,16.0,8865.166330203565,not_watertight,147.30000585317612,93.00000369548798,75.30000299215317,0.4242640855706679,0.6000000238418579,0.5911100166326884,/Users/angadkumar16ak/Projects/Automated_Cardiovascular_Segmentation_for_Bioprinting_Project/outputs/topology_correction/mesh_qc/s0_original/case_outputs/904__s0_original/segmentation_raw.stl,/Users/angadkumar16ak/Projects/Automated_Cardiovascular_Segmentation_for_Bioprinting_Project/outputs/topology_correction/mesh_qc/s0_original/case_outputs/904__s0_original/segmentation_repaired.stl,/Users/angadkumar16ak/Projects/Automated_Cardiovascular_Segmentation_for_Bioprinting_Project/outputs/topology_correction/mesh_qc/s0_original/case_outputs/904__s0_original/segmentation_smoothed.stl,True,0.6077333570323297,3.141592653589793,0.5602154468562743,3.137200148524374,not_watertight,0.09549295009372707,False,"phaseb_mesh_qc.run_phaseb_for_case (repository implementation, unmodified)",50.0,39.0,34.0,0.8717948717948718,False,-20.628967518801133,181.09849276825133,119.46466573995193,-23.656751892026314,181.49695881641608,118.41541623416593,3.2291141088042687,False,/Users/angadkumar16ak/Projects/Automated_Cardiovascular_Segmentation_for_Bioprinting_Project/outputs/topology_correction/mesh_qc/s0_original/case_outputs/904__s0_original/segmentation_repaired.stl,ok,exact_point_to_surface,86608.0,83972.0,2.7979689266030627,1.3957561750035978,8.448097583948416,47.881730181187535,1.1900764899094625,1.6078924366936003,8004.170763633821,,,,2.668380455693961,38.70000076293945,0.5999908447265625,3.29998779296875,38.845076489807724,,,,,,,,,,,,,,,,,,,,,,,
905,s0_original,s0_original,identity,True,0.6000000238418579,0.6000000238418579,0.6000000238418579,True,0.5,,12,6786.936809065851,5219.85662225535,0.7691034658349511,0.19593643962592072,5,7,3.5640004248619253,6.997142551855814,0.8485281711413358,1,12,12,0,0.0,0.0,12,31421,6786.936809065851,0.7445847842766924,0.8029979949715159,0.694093697559902,0.593098422698103,25231,6190,11120,7851.816936009444,-1064.8801269435935,-0.1356221286897197,0.8824355118475516,0.9212513484358145,0.8467583497053045,7.073895954622317,73.54835436566421,1.4509162215978508,1.1711309461709836,1.6805772942138688,927,556.2000221014023,20,18,9,1.700971729644654,8.923618046181355,True,True,0.7445847842766924,0.0,True,/Users/angadkumar16ak/Projects/Automated_Cardiovascular_Segmentation_for_Bioprinting_Project/outputs/topology_correction/case_outputs/905/mask__s0_original.nii.gz,/Users/angadkumar16ak/Projects/Automated_Cardiovascular_Segmentation_for_Bioprinting_Project/outputs/topology_correction/case_outputs/905/mask__s0_original.nii.gz,ok,3.0,12.0,True,0.0,11.0,8195.797509969538,6655.0327933416675,154.80000615119934,102.6000040769577,91.2000036239624,0.4242640855706679,0.6000000238418579,0.590234307933724,/Users/angadkumar16ak/Projects/Automated_Cardiovascular_Segmentation_for_Bioprinting_Project/outputs/topology_correction/mesh_qc/s0_original/case_outputs/905__s0_original/segmentation_raw.stl,/Users/angadkumar16ak/Projects/Automated_Cardiovascular_Segmentation_for_Bioprinting_Project/outputs/topology_correction/mesh_qc/s0_original/case_outputs/905__s0_original/segmentation_repaired.stl,/Users/angadkumar16ak/Projects/Automated_Cardiovascular_Segmentation_for_Bioprinting_Project/outputs/topology_correction/mesh_qc/s0_original/case_outputs/905__s0_original/segmentation_smoothed.stl,True,0.5581536440061629,3.141592653589793,0.5051954319337707,3.137200350026183,-0.003297737431033711,0.06136023678431622,True,"phaseb_mesh_qc.run_phaseb_for_case (repository implementation, unmodified)",50.0,39.0,39.0,1.0,True,-48.627950531351075,165.44406824471452,-1186.7930295312547,-49.07177537928541,166.79479357370082,-1189.456376323063,3.0190819040637544,True,/Users/angadkumar16ak/Projects/Automated_Cardiovascular_Segmentation_for_Bioprinting_Project/outputs/topology_correction/mesh_qc/s0_original/case_outputs/905__s0_original/segmentation_repaired.stl,ok,exact_point_to_surface,84712.0,81486.0,2.8685417732116965,1.438083774860611,7.576441126520461,73.54838272179913,1.6307043652683038,1.2378374079433927,7711.666858337897,6655.030523294537,-1056.6363350433603,-0.13701789178054538,5.690277835713695,41.399996757507324,10.79998779296875,2.39990234375,42.85275952735632,,,,,,,,,,,,,,,,,,,,,,,
906,s0_original,s0_original,identity,True,0.6000000238418579,0.6000000238418579,0.6000000238418579,True,0.5,,12,6004.152715750723,3022.2723602829124,0.5033636723387416,0.9051600914808462,8,4,23.112002755165207,4.724404912138064,0.8485281711413358,1,12,12,0,0.0,0.0,12,27797,6004.152715750723,0.8284926404755936,0.8322480843256467,0.824770936575279,0.7072022499388604,23134,4663,4915,6058.584722239523,-54.43200648880065,-0.008984277514349945,0.8586781643247481,0.8559201141226819,0.8614540466392319,4.024922519435666,20.54945336401433,0.8799215133581687,1.0162319271542484,0.7523607545017021,701,420.6000167131424,27,19,11,1.4606461852912762,8.146051448947095,True,True,0.8284926404755936,0.0,True,/Users/angadkumar16ak/Projects/Automated_Cardiovascular_Segmentation_for_Bioprinting_Project/outputs/topology_correction/case_outputs/906/mask__s0_original.nii.gz,/Users/angadkumar16ak/Projects/Automated_Cardiovascular_Segmentation_for_Bioprinting_Project/outputs/topology_correction/case_outputs/906/mask__s0_original.nii.gz,ok,3.0,12.0,True,0.0,11.0,6600.911186331643,5904.720703897506,108.60000431537628,86.40000343322754,84.60000336170197,0.4242640855706679,0.6000000238418579,0.5904592771772084,/Users/angadkumar16ak/Projects/Automated_Cardiovascular_Segmentation_for_Bioprinting_Project/outputs/topology_correction/mesh_qc/s0_original/case_outputs/906__s0_original/segmentation_raw.stl,/Users/angadkumar16ak/Projects/Automated_Cardiovascular_Segmentation_for_Bioprinting_Project/outputs/topology_correction/mesh_qc/s0_original/case_outputs/906__s0_original/segmentation_repaired.stl,/Users/angadkumar16ak/Projects/Automated_Cardiovascular_Segmentation_for_Bioprinting_Project/outputs/topology_correction/mesh_qc/s0_original/case_outputs/906__s0_original/segmentation_smoothed.stl,True,0.5700786893753349,3.141592653589793,0.5164421324718352,3.1396164207103143,-0.003095265085485883,0.10860884268086485,True,"phaseb_mesh_qc.run_phaseb_for_case (repository implementation, unmodified)",50.0,50.0,50.0,1.0,True,-28.689976969807205,166.82498875403485,39.872112311214565,-32.50679960275805,166.01786397970227,37.99770452369817,4.328162423783257,True,/Users/angadkumar16ak/Projects/Automated_Cardiovascular_Segmentation_for_Bioprinting_Project/outputs/topology_correction/mesh_qc/s0_original/case_outputs/906__s0_original/segmentation_repaired.stl,ok,exact_point_to_surface,76773.0,75331.0,1.7773096604842946,0.8871140057464193,4.464297655833434,20.54945267136404,0.7261266963321522,1.0511829641521424,5960.898341139866,5904.720450028747,-56.1778911111187,-0.009424400131671453,2.6837285218997518,3.0,8.400001525878906,4.200000047683716,9.859007355475052,,,,,,,,,,,,,,,,,,,,,,,
907,s0_original,s0_original,identity,True,0.6000000238418579,0.6000000238418579,0.6000000238418579,True,0.5,,9,6233.9767431478795,3923.856467760105,0.6294307196562836,0.4704943300671584,8,1,19.65600234317789,9.965814024819192,3.2863354756182304,0,9,9,0,0.0,0.0,9,28861,6233.9767431478795,0.7811066687436177,0.7818509407158449,0.7803638124221884,0.6408326706804498,22565,6296,6351,6245.8567445640865,-11.880001416207051,-0.0019020611426201043,0.8322426036672229,0.8558441558441559,0.8099078341013825,12.074767558306998,29.11082388645985,1.6750611333006622,1.8303604943217642,1.5349859679999405,770,462.0000183582306,25,13,9,2.3388158127103615,15.59191942709548,True,True,0.7811066687436177,0.0,True,/Users/angadkumar16ak/Projects/Automated_Cardiovascular_Segmentation_for_Bioprinting_Project/outputs/topology_correction/case_outputs/907/mask__s0_original.nii.gz,/Users/angadkumar16ak/Projects/Automated_Cardiovascular_Segmentation_for_Bioprinting_Project/outputs/topology_correction/case_outputs/907/mask__s0_original.nii.gz,ok,3.0,9.0,True,0.0,9.0,7073.977689716599,6122.457729853776,114.60000455379486,100.80000400543213,78.60000312328339,0.4242640855706679,0.6000000238418579,0.5919699387329099,/Users/angadkumar16ak/Projects/Automated_Cardiovascular_Segmentation_for_Bioprinting_Project/outputs/topology_correction/mesh_qc/s0_original/case_outputs/907__s0_original/segmentation_raw.stl,/Users/angadkumar16ak/Projects/Automated_Cardiovascular_Segmentation_for_Bioprinting_Project/outputs/topology_correction/mesh_qc/s0_original/case_outputs/907__s0_original/segmentation_repaired.stl,/Users/angadkumar16ak/Projects/Automated_Cardiovascular_Segmentation_for_Bioprinting_Project/outputs/topology_correction/mesh_qc/s0_original/case_outputs/907__s0_original/segmentation_smoothed.stl,True,0.5912365080258619,3.141592653589793,0.5380165282267065,3.1402908255994118,-0.003036005107989349,0.09836803991545684,True,"phaseb_mesh_qc.run_phaseb_for_case (repository implementation, unmodified)",50.0,50.0,50.0,1.0,True,-40.400094718890315,159.50950330257714,93.63106053739446,-43.23719834343653,161.53940830387452,91.51259203675204,4.081369877739525,True,/Users/angadkumar16ak/Projects/Automated_Cardiovascular_Segmentation_for_Bioprinting_Project/outputs/topology_correction/mesh_qc/s0_original/case_outputs/907__s0_original/segmentation_repaired.stl,ok,exact_point_to_surface,79777.0,76981.0,3.411819628546813,1.7021889667120162,12.43505163331189,29.110825309068673,1.4973001497425182,1.9145194788042947,6122.907803536552,6122.457441656038,-0.4503618805138103,-7.355359495266028e-05,4.960495265615148,0.0,0.0,3.0,3.0,,,,,,,,,,,,,,,,,,,,,,,
908,s0_original,s0_original,identity,True,0.6000000238418579,0.6000000238418579,0.6000000238418579,True,0.5,,10,7079.832843981777,4953.5285905065775,0.6996674497360954,0.41028212619369464,5,5,7.12800084972385,7.800000309944153,0.8485281711413358,1,10,10,0,0.0,0.0,10,32777,7079.832843981777,0.8207323623266247,0.7925374500411874,0.851007371007371,0.6959678499665104,25977,6800,4548,6593.400785994561,486.43205798721556,0.07377559377559378,0.9490749768010056,0.9650655021834061,0.933605720122574,1.2000000476837158,28.01428318501656,0.5673461126957231,0.5447627828657973,0.5887915549983597,916,549.6000218391418,22,14,9,0.8138316030355095,1.9251491560332386,True,True,0.8207323623266247,0.0,True,/Users/angadkumar16ak/Projects/Automated_Cardiovascular_Segmentation_for_Bioprinting_Project/outputs/topology_correction/case_outputs/908/mask__s0_original.nii.gz,/Users/angadkumar16ak/Projects/Automated_Cardiovascular_Segmentation_for_Bioprinting_Project/outputs/topology_correction/case_outputs/908/mask__s0_original.nii.gz,ok,3.0,10.0,True,0.0,9.0,8249.611241026278,6952.356828785451,122.40000486373901,105.00000417232513,90.00000357627869,0.4242640855706679,0.6000000238418579,0.5897934864269173,/Users/angadkumar16ak/Projects/Automated_Cardiovascular_Segmentation_for_Bioprinting_Project/outputs/topology_correction/mesh_qc/s0_original/case_outputs/908__s0_original/segmentation_raw.stl,/Users/angadkumar16ak/Projects/Automated_Cardiovascular_Segmentation_for_Bioprinting_Project/outputs/topology_correction/mesh_qc/s0_original/case_outputs/908__s0_original/segmentation_repaired.stl,/Users/angadkumar16ak/Projects/Automated_Cardiovascular_Segmentation_for_Bioprinting_Project/outputs/topology_correction/mesh_qc/s0_original/case_outputs/908__s0_original/segmentation_smoothed.stl,True,0.5735612981097111,3.141592653589793,0.5156953069099439,3.141592653589793,-0.002932934330920788,0.07242883729444427,True,"phaseb_mesh_qc.run_phaseb_for_case (repository implementation, unmodified)",50.0,45.0,45.0,1.0,True,-25.34329589534447,180.3778255719752,35.342040698989535,-26.420205106986234,181.39673315979533,33.52415535933213,2.3457649564220353,True,/Users/angadkumar16ak/Projects/Automated_Cardiovascular_Segmentation_for_Bioprinting_Project/outputs/topology_correction/mesh_qc/s0_original/case_outputs/908__s0_original/segmentation_repaired.stl,ok,exact_point_to_surface,82646.0,81744.0,1.0670901662577181,0.5335422567486247,1.1046851940631015,28.014281908427094,0.5330299737644079,0.5340601924933102,6459.552531666719,6952.3565389064415,492.8040072397225,0.07629073450890682,1.819351972107076,16.799999237060547,1.1999969482421875,-0.6000003814697266,16.853485321997624,,,,,,,,,,,,,,,,,,,,,,,
909,s0_original,s0_original,identity,True,0.6000000238418579,0.6000000238418579,0.6000000238418579,True,0.5,,10,5445.792649189021,3386.232403670327,0.6218070759955577,0.5520826688779741,7,3,23.11200275516521,8.421401643207343,0.8485281711413358,1,10,10,0,0.0,0.0,10,25212,5445.792649189021,0.6547097167689552,0.6812232270347454,0.6301827254714905,0.4866679890056955,17175,8037,10079,5886.864701768903,-441.07205257988153,-0.07492478168342256,0.8186136215113405,0.811704834605598,0.8256410256410256,14.110846933836651,28.11049737730471,2.2118894715556636,2.9795384422176423,1.5047236304334515,786,471.6000187397003,23,13,9,2.445523133964743,16.021046380177573,True,True,0.6547097167689552,0.0,True,/Users/angadkumar16ak/Projects/Automated_Cardiovascular_Segmentation_for_Bioprinting_Project/outputs/topology_correction/case_outputs/909/mask__s0_original.nii.gz,/Users/angadkumar16ak/Projects/Automated_Cardiovascular_Segmentation_for_Bioprinting_Project/outputs/topology_correction/case_outputs/909/mask__s0_original.nii.gz,ok,3.0,10.0,True,0.0,9.0,6753.554474335804,5334.390635908867,111.60000443458557,99.60000395774841,90.60000360012054,0.4242640855706679,0.6000000238418579,0.5907718495804576,/Users/angadkumar16ak/Projects/Automated_Cardiovascular_Segmentation_for_Bioprinting_Project/outputs/topology_correction/mesh_qc/s0_original/case_outputs/909__s0_original/segmentation_raw.stl,/Users/angadkumar16ak/Projects/Automated_Cardiovascular_Segmentation_for_Bioprinting_Project/outputs/topology_correction/mesh_qc/s0_original/case_outputs/909__s0_original/segmentation_repaired.stl,/Users/angadkumar16ak/Projects/Automated_Cardiovascular_Segmentation_for_Bioprinting_Project/outputs/topology_correction/mesh_qc/s0_original/case_outputs/909__s0_original/segmentation_smoothed.stl,True,0.5751251835653802,3.141592653589793,0.5204497829488955,3.141592638688632,-0.003317691679450904,0.04838965571949865,True,"phaseb_mesh_qc.run_phaseb_for_case (repository implementation, unmodified)",50.0,50.0,50.0,1.0,True,-21.46310919185167,170.11366381619007,-203.002388308961,-21.70691932530692,170.57377372760246,-204.5369410090499,1.620492672339355,True,/Users/angadkumar16ak/Projects/Automated_Cardiovascular_Segmentation_for_Bioprinting_Project/outputs/topology_correction/mesh_qc/s0_original/case_outputs/909__s0_original/segmentation_repaired.stl,ok,exact_point_to_surface,77384.0,75883.0,4.3578316773003625,2.171281816463138,14.37205350570382,28.11049707451611,1.3994063925865396,2.958425284713823,5775.742260590334,5334.390362309292,-441.35189828104194,-0.07641474954527,2.926033276864558,-0.6000022888183594,0.5999908447265625,-12.600021362304688,12.628560095706773,,,,,,,,,,,,,,,,,,,,,,,
910,s0_original,s0_original,identity,True,0.6000000238418579,0.6000000238418579,0.6000000238418579,True,0.5,,11,8399.161001257939,4423.032527266523,0.5266040889803264,0.5159447184646189,7,4,28.080003347396985,3.9917528880715505,0.8485281711413358,2,11,11,0,0.0,0.0,11,38885,8399.161001257937,0.765635758969776,0.671981483862672,0.8896227699850198,0.6202672870130795,26130,12755,3242,6344.352756305725,2054.8082449522117,0.3238798856053384,0.830712947953865,0.7331136738056013,0.9582898852971846,8.919641602825802,25.42754513090033,1.3426940176582336,2.147389782809552,0.3550449555845909,1214,728.4000289440155,34,38,9,2.0095883282857816,12.860873412594245,True,True,0.765635758969776,0.0,True,/Users/angadkumar16ak/Projects/Automated_Cardiovascular_Segmentation_for_Bioprinting_Project/outputs/topology_correction/case_outputs/910/mask__s0_original.nii.gz,/Users/angadkumar16ak/Projects/Automated_Cardiovascular_Segmentation_for_Bioprinting_Project/outputs/topology_correction/case_outputs/910/mask__s0_original.nii.gz,ok,3.0,11.0,True,0.0,9.0,10211.83519267319,8230.01498109416,112.80000448226929,91.80000364780426,90.60000360012054,0.4242640855706679,0.6000000238418579,0.5918282531838616,/Users/angadkumar16ak/Projects/Automated_Cardiovascular_Segmentation_for_Bioprinting_Project/outputs/topology_correction/mesh_qc/s0_original/case_outputs/910__s0_original/segmentation_raw.stl,/Users/angadkumar16ak/Projects/Automated_Cardiovascular_Segmentation_for_Bioprinting_Project/outputs/topology_correction/mesh_qc/s0_original/case_outputs/910__s0_original/segmentation_repaired.stl,/Users/angadkumar16ak/Projects/Automated_Cardiovascular_Segmentation_for_Bioprinting_Project/outputs/topology_correction/mesh_qc/s0_original/case_outputs/910__s0_original/segmentation_smoothed.stl,True,0.6061294450408876,3.141592653589793,0.5568461735635498,3.140692586492495,-0.0034973779902438685,0.06691526295486691,True,"phaseb_mesh_qc.run_phaseb_for_case (repository implementation, unmodified)",50.0,50.0,50.0,1.0,True,-30.364983330199692,174.09444336108197,-1090.5647377500318,-32.76786723702964,174.12713000291401,-1091.738439502944,2.6744149436924904,True,/Users/angadkumar16ak/Projects/Automated_Cardiovascular_Segmentation_for_Bioprinting_Project/outputs/topology_correction/mesh_qc/s0_original/case_outputs/910__s0_original/segmentation_repaired.stl,ok,exact_point_to_surface,81124.0,88967.0,2.471866964411514,1.2788052164053216,8.74642784226795,25.416918606214395,0.3061749533598925,2.165692011051622,6215.570337011494,8230.017719968359,2014.4473829568642,0.32409694907023284,4.071824621333571,0.5999984741210938,1.20001220703125,4.199951171875,4.409038139107649,,,,,,,,,,,,,,,,,,,,,,,
911,s0_original,s0_original,identity,True,0.6000000238418579,0.6000000238418579,0.6000000238418579,True,0.5,,6,6248.016744821579,3015.792359510436,0.4826799419207633,0.999928377023349,5,1,103.57201234674503,24.789514897183096,7.730459543215926,0,6,6,0,0.0,0.0,6,28926,6248.016744821578,0.8260514566648716,0.8219249118440157,0.8302196459126305,0.7036521842074109,23775,5151,4862,6185.592737380057,62.4240074415211,0.010091839228969533,0.8994403934203832,0.8869565217391304,0.9122807017543859,5.6603889041576,56.47017136001464,1.6642005011695324,2.6427461942717176,0.7576917202115074,805,483.0000191926956,18,20,6,2.4437129449605863,11.350946550056772,True,True,0.8260514566648716,0.0,True,/Users/angadkumar16ak/Projects/Automated_Cardiovascular_Segmentation_for_Bioprinting_Project/outputs/topology_correction/case_outputs/911/mask__s0_original.nii.gz,/Users/angadkumar16ak/Projects/Automated_Cardiovascular_Segmentation_for_Bioprinting_Project/outputs/topology_correction/case_outputs/911/mask__s0_original.nii.gz,ok,3.0,6.0,True,0.0,6.0,7273.93081320553,6135.462731404093,139.20000553131104,114.000004529953,85.20000338554382,0.4242640855706679,0.6000000238418579,0.5896366041020146,/Users/angadkumar16ak/Projects/Automated_Cardiovascular_Segmentation_for_Bioprinting_Project/outputs/topology_correction/mesh_qc/s0_original/case_outputs/911__s0_original/segmentation_raw.stl,/Users/angadkumar16ak/Projects/Automated_Cardiovascular_Segmentation_for_Bioprinting_Project/outputs/topology_correction/mesh_qc/s0_original/case_outputs/911__s0_original/segmentation_repaired.stl,/Users/angadkumar16ak/Projects/Automated_Cardiovascular_Segmentation_for_Bioprinting_Project/outputs/topology_correction/mesh_qc/s0_original/case_outputs/911__s0_original/segmentation_smoothed.stl,True,0.577544207197387,3.141592653589793,0.5182452804554974,3.13828237194633,-0.003041911404540736,0.07743898223051926,True,"phaseb_mesh_qc.run_phaseb_for_case (repository implementation, unmodified)",50.0,47.0,47.0,1.0,True,-23.134057431178803,180.2147089552106,139.07263430512677,-25.859373064226812,179.55710335790496,138.02247807477116,2.9937632721206056,True,/Users/angadkumar16ak/Projects/Automated_Cardiovascular_Segmentation_for_Bioprinting_Project/outputs/topology_correction/mesh_qc/s0_original/case_outputs/911__s0_original/segmentation_repaired.stl,ok,exact_point_to_surface,77739.0,78005.0,3.5696642928927838,1.786682479244736,6.264182973623778,56.47017401229206,0.7014553368774533,2.8682089560153305,6071.274643456149,6135.462732724724,64.18808926857582,0.010572423920528812,5.447454981757045,28.20000457763672,13.800010681152344,-1.7999954223632812,31.447106965493337,,,,,,,,,,,,,,,,,,,,,,,
912,s0_original,s0_original,identity,True,0.6000000238418579,0.6000000238418579,0.6000000238418579,True,0.5,,10,7051.104840557133,4337.064517018339,0.6150900624923415,0.5919617510832214,7,3,19.224002291679476,22.489998670461794,3.231099012673037,0,10,10,0,0.0,0.0,10,32644,7051.104840557132,0.7864322885766107,0.7106053179757382,0.8803749667919086,0.6480332998100347,23197,9447,3152,5691.38467846587,1359.720162091262,0.23890849747618512,0.8728969663422359,0.8056155507559395,0.9524405506883604,7.224957034369364,43.48241196462,1.359322319811878,2.1741888865215286,0.44783314034401583,926,555.6000220775604,26,20,10,2.260455876130454,15.33465569594276,True,True,0.7864322885766107,0.0,True,/Users/angadkumar16ak/Projects/Automated_Cardiovascular_Segmentation_for_Bioprinting_Project/outputs/topology_correction/case_outputs/912/mask__s0_original.nii.gz,/Users/angadkumar16ak/Projects/Automated_Cardiovascular_Segmentation_for_Bioprinting_Project/outputs/topology_correction/case_outputs/912/mask__s0_original.nii.gz,ok,3.0,10.0,True,0.0,10.0,8196.124540782084,6921.48682510546,134.40000534057617,120.00000476837158,96.00000381469727,0.4242640855706679,0.6000000238418579,0.589474483424394,/Users/angadkumar16ak/Projects/Automated_Cardiovascular_Segmentation_for_Bioprinting_Project/outputs/topology_correction/mesh_qc/s0_original/case_outputs/912__s0_original/segmentation_raw.stl,/Users/angadkumar16ak/Projects/Automated_Cardiovascular_Segmentation_for_Bioprinting_Project/outputs/topology_correction/mesh_qc/s0_original/case_outputs/912__s0_original/segmentation_repaired.stl,/Users/angadkumar16ak/Projects/Automated_Cardiovascular_Segmentation_for_Bioprinting_Project/outputs/topology_correction/mesh_qc/s0_original/case_outputs/912__s0_original/segmentation_smoothed.stl,True,0.5764224610340051,3.141592653589793,0.5221905315356119,3.140037131964257,-0.003359768028772466,0.08675407425560593,True,"phaseb_mesh_qc.run_phaseb_for_case (repository implementation, unmodified)",50.0,48.0,48.0,1.0,True,-28.79154387774122,189.11748096652877,-1127.1110432373662,-30.803102552130152,189.2576109833296,-1129.7889871069651,3.3522213666225196,True,/Users/angadkumar16ak/Projects/Automated_Cardiovascular_Segmentation_for_Bioprinting_Project/outputs/topology_correction/mesh_qc/s0_original/case_outputs/912__s0_original/segmentation_repaired.stl,ok,exact_point_to_surface,77485.0,81581.0,2.6907210305395894,1.3697133785649924,7.706964978471871,43.482408089162064,0.3996299115310487,2.2910911190085406,5581.376031570474,6921.486453593189,1340.1104220227153,0.24010394828130552,5.117100187081238,16.20000457763672,19.800010681152344,-1.199951171875,25.610944029927552,,,,,,,,,,,,,,,,,,,,,,,
913,s0_original,s0_original,identity,True,0.6000000238418579,0.6000000238418579,0.6000000238418579,True,0.5,,10,7711.632919298209,3970.7284733476827,0.5149011259873396,0.6658869607789807,8,2,117.50401400756891,13.968536627247131,0.8485281711413358,1,10,10,0,0.0,0.0,10,35702,7711.632919298208,0.7737874097007224,0.7350568595596886,0.8168264442231076,0.6310385456993772,26243,9459,5885,6939.648827270541,771.9840920276674,0.11124252988047802,0.8516898387126687,0.7998056365403304,0.9107725788900979,21.90616438670715,43.27077707647283,2.413901985070568,4.206605414436108,0.5474559913127598,1029,617.4000245332718,28,26,8,2.8204196067657836,24.352840917035117,True,True,0.7737874097007224,0.0,True,/Users/angadkumar16ak/Projects/Automated_Cardiovascular_Segmentation_for_Bioprinting_Project/outputs/topology_correction/case_outputs/913/mask__s0_original.nii.gz,/Users/angadkumar16ak/Projects/Automated_Cardiovascular_Segmentation_for_Bioprinting_Project/outputs/topology_correction/case_outputs/913/mask__s0_original.nii.gz,ok,3.0,10.0,True,0.0,8.0,9139.402368428677,7569.675902375616,142.80000567436218,141.0000056028366,88.20000350475311,0.4242640855706679,0.6000000238418579,0.590937620279727,/Users/angadkumar16ak/Projects/Automated_Cardiovascular_Segmentation_for_Bioprinting_Project/outputs/topology_correction/mesh_qc/s0_original/case_outputs/913__s0_original/segmentation_raw.stl,/Users/angadkumar16ak/Projects/Automated_Cardiovascular_Segmentation_for_Bioprinting_Project/outputs/topology_correction/mesh_qc/s0_original/case_outputs/913__s0_original/segmentation_repaired.stl,/Users/angadkumar16ak/Projects/Automated_Cardiovascular_Segmentation_for_Bioprinting_Project/outputs/topology_correction/mesh_qc/s0_original/case_outputs/913__s0_original/segmentation_smoothed.stl,True,0.5991613817454565,3.141592653589793,0.5464215537146733,3.1405103629876385,-0.0032297219125460605,0.0726289843706235,True,"phaseb_mesh_qc.run_phaseb_for_case (repository implementation, unmodified)",50.0,43.0,43.0,1.0,True,-49.529214250895166,189.63714175400003,-1088.1559119836722,-52.261692627266626,189.2378655461215,-1090.1049019996808,3.3800032026636515,True,/Users/angadkumar16ak/Projects/Automated_Cardiovascular_Segmentation_for_Bioprinting_Project/outputs/topology_correction/mesh_qc/s0_original/case_outputs/913__s0_original/segmentation_repaired.stl,ok,exact_point_to_surface,81250.0,85002.0,4.737435823736168,2.4108984349823013,21.778413912740195,43.27077590451303,0.4996890395906671,4.237746784145501,6814.878873806934,7569.674672020255,754.7957982133203,0.11075703797383496,3.6260911143997467,37.200002670288086,24.00000762939453,7.199951171875,44.851754277372706,,,,,,,,,,,,,,,,,,,,,,,
914,s0_original,s0_original,identity,True,0.6000000238418579,0.6000000238418579,0.6000000238418579,True,0.5,,10,4889.376582859062,2355.264280769359,0.48171054956706133,0.9094827586206896,7,3,14.040001673698493,2.163330851241435,1.3416408398118889,0,10,10,0,0.0,0.0,10,22636,4889.376582859062,0.7370343487321174,0.6953083583672027,0.784088078513426,0.5835743418613274,15739,6897,4334,4335.768516863844,553.6080659952186,0.12768395356947132,0.8209027097154318,0.7718696397941681,0.8765880217785844,10.833282481636626,59.85883631309265,1.9434868660199263,3.167734565378409,0.5823380732673296,583,349.80001389980316,24,12,9,2.608027856285569,14.92057265826054,True,True,0.7370343487321174,0.0,True,/Users/angadkumar16ak/Projects/Automated_Cardiovascular_Segmentation_for_Bioprinting_Project/outputs/topology_correction/case_outputs/914/mask__s0_original.nii.gz,/Users/angadkumar16ak/Projects/Automated_Cardiovascular_Segmentation_for_Bioprinting_Project/outputs/topology_correction/case_outputs/914/mask__s0_original.nii.gz,ok,3.0,10.0,True,0.0,10.0,5790.311008466733,4799.529572148465,95.40000379085541,78.00000309944153,100.20000398159027,0.4242640855706679,0.6000000238418579,0.5900067873390393,/Users/angadkumar16ak/Projects/Automated_Cardiovascular_Segmentation_for_Bioprinting_Project/outputs/topology_correction/mesh_qc/s0_original/case_outputs/914__s0_original/segmentation_raw.stl,/Users/angadkumar16ak/Projects/Automated_Cardiovascular_Segmentation_for_Bioprinting_Project/outputs/topology_correction/mesh_qc/s0_original/case_outputs/914__s0_original/segmentation_repaired.stl,/Users/angadkumar16ak/Projects/Automated_Cardiovascular_Segmentation_for_Bioprinting_Project/outputs/topology_correction/mesh_qc/s0_original/case_outputs/914__s0_original/segmentation_smoothed.stl,True,0.5733806573466546,3.141592653589793,0.5168607343522498,3.1376914025706135,-0.0032047075574699424,0.05999293161335925,True,"phaseb_mesh_qc.run_phaseb_for_case (repository implementation, unmodified)",50.0,48.0,48.0,1.0,True,-23.396559802581947,145.2663660589925,-1109.9053292028693,-25.361082789995056,145.35705225667886,-1111.235031523209,2.373959312044368,True,/Users/angadkumar16ak/Projects/Automated_Cardiovascular_Segmentation_for_Bioprinting_Project/outputs/topology_correction/mesh_qc/s0_original/case_outputs/914__s0_original/segmentation_repaired.stl,ok,exact_point_to_surface,69667.0,72266.0,3.833406153574569,1.9421350173896763,11.022447191609972,59.85890401517527,0.5278490461911819,3.3055571073833874,4265.5950699199375,4799.528178936424,533.9331090164869,0.12517201006294967,6.092414208928473,2.3999996185302734,10.199996948242188,21.60009765625,24.007585356978993,,,,,,,,,,,,,,,,,,,,,,,
915,s0_original,s0_original,identity,True,0.6000000238418579,0.6000000238418579,0.6000000238418579,True,0.5,,9,9930.601183819817,5265.864627739931,0.5302664491571506,0.8661963165019073,6,3,12.096001441955623,2.6113713404836023,0.8485281711413358,1,9,9,0,0.0,0.0,9,45975,9930.601183819817,0.8377824858757063,0.774094616639478,0.9128895729126587,0.7208482712523546,35589,10386,3396,8420.761003832857,1509.8401799869607,0.17929973066564062,0.932528929170243,0.8879235447437012,0.9818529130850048,1.2000000476837158,31.464266695382122,0.5218822176471629,0.6906106338417336,0.3399217641914044,1151,690.6000274419785,23,27,5,0.8702276918446062,3.848860176887421,True,True,0.8377824858757063,0.0,True,/Users/angadkumar16ak/Projects/Automated_Cardiovascular_Segmentation_for_Bioprinting_Project/outputs/topology_correction/case_outputs/915/mask__s0_original.nii.gz,/Users/angadkumar16ak/Projects/Automated_Cardiovascular_Segmentation_for_Bioprinting_Project/outputs/topology_correction/case_outputs/915/mask__s0_original.nii.gz,ok,3.0,9.0,True,0.0,8.0,10780.246195591231,9772.49816497247,122.40000486373901,98.4000039100647,97.80000388622284,0.4242640855706679,0.6000000238418579,0.5917374472366298,/Users/angadkumar16ak/Projects/Automated_Cardiovascular_Segmentation_for_Bioprinting_Project/outputs/topology_correction/mesh_qc/s0_original/case_outputs/915__s0_original/segmentation_raw.stl,/Users/angadkumar16ak/Projects/Automated_Cardiovascular_Segmentation_for_Bioprinting_Project/outputs/topology_correction/mesh_qc/s0_original/case_outputs/915__s0_original/segmentation_repaired.stl,/Users/angadkumar16ak/Projects/Automated_Cardiovascular_Segmentation_for_Bioprinting_Project/outputs/topology_correction/mesh_qc/s0_original/case_outputs/915__s0_original/segmentation_smoothed.stl,True,0.5779830542317902,3.141592653589793,0.5151613472497717,3.140415412576028,-0.00242173233530608,0.11177814029363785,True,"phaseb_mesh_qc.run_phaseb_for_case (repository implementation, unmodified)",50.0,48.0,48.0,1.0,True,-44.615471030759565,180.66488816910558,129.52975574575603,-47.551807482088236,179.69132536138247,127.25519395125475,3.8397301536681,True,/Users/angadkumar16ak/Projects/Automated_Cardiovascular_Segmentation_for_Bioprinting_Project/outputs/topology_correction/mesh_qc/s0_original/case_outputs/915__s0_original/segmentation_repaired.stl,ok,exact_point_to_surface,87791.0,91158.0,0.9628357318623568,0.48491258889256295,1.2472044668701574,31.464269664223146,0.2956806579665847,0.6671550738957721,8272.702991715341,9772.49876003884,1499.7957683234981,0.1812945260848191,0.7367116715384167,9.0,1.20001220703125,0.0,9.079649183587657,,,,,,,,,,,,,,,,,,,,,,,
916,s0_original,s0_original,identity,True,0.6000000238418579,0.6000000238418579,0.6000000238418579,True,0.5,,7,7121.9528490028715,3922.7764676313586,0.5508006793643091,0.7840427289246187,6,1,36.28800432586687,23.61325740146034,9.967949031592381,0,7,7,0,0.0,0.0,7,32972,7121.952849002872,0.7766102510628058,0.7341077277690161,0.8243367503320506,0.6348019931812221,24205,8767,5158,6342.408756073982,779.5440929288907,0.12290978442257272,0.8375097384189295,0.7921787709497207,0.8883435582822086,8.357033298389126,51.885260083643225,1.574745989013612,2.4852479893565715,0.613445058872762,895,537.0000213384628,22,18,7,2.2917968587944366,11.81327616429658,True,True,0.7766102510628058,0.0,True,/Users/angadkumar16ak/Projects/Automated_Cardiovascular_Segmentation_for_Bioprinting_Project/outputs/topology_correction/case_outputs/916/mask__s0_original.nii.gz,/Users/angadkumar16ak/Projects/Automated_Cardiovascular_Segmentation_for_Bioprinting_Project/outputs/topology_correction/case_outputs/916/mask__s0_original.nii.gz,ok,3.0,7.0,True,0.0,7.0,8174.938412713845,6995.970833984645,128.4000051021576,114.60000455379486,96.00000381469727,0.4242640855706679,0.6000000238418579,0.5898163947631657,/Users/angadkumar16ak/Projects/Automated_Cardiovascular_Segmentation_for_Bioprinting_Project/outputs/topology_correction/mesh_qc/s0_original/case_outputs/916__s0_original/segmentation_raw.stl,/Users/angadkumar16ak/Projects/Automated_Cardiovascular_Segmentation_for_Bioprinting_Project/outputs/topology_correction/mesh_qc/s0_original/case_outputs/916__s0_original/segmentation_repaired.stl,/Users/angadkumar16ak/Projects/Automated_Cardiovascular_Segmentation_for_Bioprinting_Project/outputs/topology_correction/mesh_qc/s0_original/case_outputs/916__s0_original/segmentation_smoothed.stl,True,0.5773068876409322,3.141592653589793,0.5222805081334411,3.137791406015349,-0.00275910593701577,0.0848598811112459,True,"phaseb_mesh_qc.run_phaseb_for_case (repository implementation, unmodified)",50.0,45.0,45.0,1.0,True,-28.70017012748761,164.74674882562897,-1123.858495533217,-31.73807957910137,164.49314359684072,-1125.9881408549813,3.718682380196791,True,/Users/angadkumar16ak/Projects/Automated_Cardiovascular_Segmentation_for_Bioprinting_Project/outputs/topology_correction/mesh_qc/s0_original/case_outputs/916__s0_original/segmentation_repaired.stl,ok,exact_point_to_surface,79199.0,81453.0,3.146710741750781,1.5875122259338605,8.422080089556454,51.88526123334036,0.5643371460069918,2.582373595743789,6230.9789838370125,6995.97345299921,764.9944691621977,0.12277275708144293,2.8837719076240504,27.0,28.800003051757812,-1.800048828125,39.5181015683306,,,,,,,,,,,,,,,,,,,,,,,
917,s0_original,s0_original,identity,True,0.6000000238418579,0.6000000238418579,0.6000000238418579,True,0.5,,11,9500.545132553147,6158.808734187155,0.648258457620953,0.4881983656577702,8,3,15.336001828193737,7.785701172654048,1.8973666714956023,0,11,11,0,0.0,0.0,11,43984,9500.545132553145,0.8461817275672247,0.8492406329574391,0.8431447790167487,0.7333752184242044,37353,6631,6949,9569.233140741393,-68.6880081882482,-0.007178005507652046,0.9136183220912555,0.9102691924227319,0.9169921875,2.5455845134240076,32.61594831586581,0.6400558157446408,0.7007812462791247,0.5841641624516549,1003,601.8000239133835,31,17,11,1.0715268415152739,5.45635164492126,True,True,0.8461817275672247,0.0,True,/Users/angadkumar16ak/Projects/Automated_Cardiovascular_Segmentation_for_Bioprinting_Project/outputs/topology_correction/case_outputs/917/mask__s0_original.nii.gz,/Users/angadkumar16ak/Projects/Automated_Cardiovascular_Segmentation_for_Bioprinting_Project/outputs/topology_correction/case_outputs/917/mask__s0_original.nii.gz,ok,3.0,11.0,True,0.0,11.0,9944.191683917723,9358.282115594075,145.20000576972961,113.40000450611115,85.80000340938568,0.4242640855706679,0.6000000238418579,0.5915561257481283,/Users/angadkumar16ak/Projects/Automated_Cardiovascular_Segmentation_for_Bioprinting_Project/outputs/topology_correction/mesh_qc/s0_original/case_outputs/917__s0_original/segmentation_raw.stl,/Users/angadkumar16ak/Projects/Automated_Cardiovascular_Segmentation_for_Bioprinting_Project/outputs/topology_correction/mesh_qc/s0_original/case_outputs/917__s0_original/segmentation_repaired.stl,/Users/angadkumar16ak/Projects/Automated_Cardiovascular_Segmentation_for_Bioprinting_Project/outputs/topology_correction/mesh_qc/s0_original/case_outputs/917__s0_original/segmentation_smoothed.stl,True,0.5803761784317921,3.141592653589793,0.5248027769416057,3.1404216028263807,-0.002340005358913317,0.12488632229901782,True,"phaseb_mesh_qc.run_phaseb_for_case (repository implementation, unmodified)",50.0,50.0,50.0,1.0,True,-38.03341828538704,186.2275364433729,175.172499107367,-39.85809652521788,186.6606414452563,172.55072400712044,3.2234663481788446,True,/Users/angadkumar16ak/Projects/Automated_Cardiovascular_Segmentation_for_Bioprinting_Project/outputs/topology_correction/mesh_qc/s0_original/case_outputs/917__s0_original/segmentation_repaired.stl,ok,exact_point_to_surface,88413.0,87995.0,1.31452187112613,0.6570009406638782,2.8500281114202446,32.61595656360069,0.547535624137843,0.7669862469882869,9425.971284028727,9358.282191527207,-67.68909250151955,-0.007181126534536689,3.9604153301743974,-0.600006103515625,0.0,1.1999969482421875,1.341640786517228,,,,,,,,,,,,,,,,,,,,,,,
918,s0_original,s0_original,identity,True,0.6000000238418579,0.6000000238418579,0.6000000238418579,True,0.5,,15,5965.2727111158665,3125.5203725910337,0.5239526378679799,0.8728403593642017,7,8,2.8080003347396985,7.9974024401224835,0.8485281711413358,1,15,15,0,0.0,0.0,15,27617,5965.272711115866,0.7764940401122818,0.6911322735995945,0.885913204919935,0.6346467165419784,19087,8530,2458,4653.720554766677,1311.5521563491884,0.2818287305639359,0.8571243145017361,0.7580645161290323,0.9859649122807017,5.400000214576721,46.88837995412803,1.3090137649478821,2.1110351208097837,0.3460180516524188,744,446.4000177383423,23,35,12,2.0713873622046064,12.865833837060162,True,True,0.7764940401122818,0.0,True,/Users/angadkumar16ak/Projects/Automated_Cardiovascular_Segmentation_for_Bioprinting_Project/outputs/topology_correction/case_outputs/918/mask__s0_original.nii.gz,/Users/angadkumar16ak/Projects/Automated_Cardiovascular_Segmentation_for_Bioprinting_Project/outputs/topology_correction/case_outputs/918/mask__s0_original.nii.gz,ok,3.0,15.0,True,0.0,14.0,6810.978193976755,5860.017698568491,108.60000431537628,84.60000336170197,92.40000367164612,0.4242640855706679,0.6000000238418579,0.5902921147497163,/Users/angadkumar16ak/Projects/Automated_Cardiovascular_Segmentation_for_Bioprinting_Project/outputs/topology_correction/mesh_qc/s0_original/case_outputs/918__s0_original/segmentation_raw.stl,/Users/angadkumar16ak/Projects/Automated_Cardiovascular_Segmentation_for_Bioprinting_Project/outputs/topology_correction/mesh_qc/s0_original/case_outputs/918__s0_original/segmentation_repaired.stl,/Users/angadkumar16ak/Projects/Automated_Cardiovascular_Segmentation_for_Bioprinting_Project/outputs/topology_correction/mesh_qc/s0_original/case_outputs/918__s0_original/segmentation_smoothed.stl,True,0.5758369007920262,3.141592653589793,0.5167883199825978,3.1381973475577016,-0.003174968695860739,0.082413006481515,True,"phaseb_mesh_qc.run_phaseb_for_case (repository implementation, unmodified)",50.0,50.0,50.0,1.0,True,-33.31734608221302,169.2178789175286,-243.34042195339364,-36.704252378986304,168.54819563014462,-245.65896217637933,4.158754469084037,True,/Users/angadkumar16ak/Projects/Automated_Cardiovascular_Segmentation_for_Bioprinting_Project/outputs/topology_correction/mesh_qc/s0_original/case_outputs/918__s0_original/segmentation_repaired.stl,ok,exact_point_to_surface,71616.0,76157.0,2.4440186668199324,1.2503421432701796,5.178803060982809,46.88837346336593,0.3000044200707598,2.1440142467491725,4571.676640663624,5860.017534082547,1288.3408934189229,0.2818092780140083,4.057805801547154,0.0,-0.600006103515625,15.600006103515625,15.61154053109368,,,,,,,,,,,,,,,,,,,,,,,
919,s0_original,s0_original,identity,True,0.6000000238418579,0.6000000238418579,0.6000000238418579,True,0.5,,6,7124.760849337612,3859.9204601383394,0.5417614067000152,0.8248461108002239,6,0,28.728003424644605,12.074767558306998,2.163330851241435,0,6,6,0,0.0,0.0,6,32985,7124.760849337612,0.8444526298018632,0.834045778384114,0.8551224667412657,0.7307814907294268,27511,5474,4661,6949.152828403506,175.6080209341062,0.02527042148452077,0.9386932547597994,0.9609756097560975,0.917420814479638,1.3416408398118889,14.72141356063875,0.49055372468092256,0.3992328782966614,0.5764052432887663,820,492.0000195503235,22,16,6,0.7161205561767301,3.0000001192092896,True,True,0.8444526298018632,0.0,True,/Users/angadkumar16ak/Projects/Automated_Cardiovascular_Segmentation_for_Bioprinting_Project/outputs/topology_correction/case_outputs/919/mask__s0_original.nii.gz,/Users/angadkumar16ak/Projects/Automated_Cardiovascular_Segmentation_for_Bioprinting_Project/outputs/topology_correction/case_outputs/919/mask__s0_original.nii.gz,ok,3.0,6.0,True,0.0,6.0,7790.743519094519,7010.388835703408,108.60000431537628,105.00000417232513,89.40000355243683,0.4242640855706679,0.6000000238418579,0.5897912318539538,/Users/angadkumar16ak/Projects/Automated_Cardiovascular_Segmentation_for_Bioprinting_Project/outputs/topology_correction/mesh_qc/s0_original/case_outputs/919__s0_original/segmentation_raw.stl,/Users/angadkumar16ak/Projects/Automated_Cardiovascular_Segmentation_for_Bioprinting_Project/outputs/topology_correction/mesh_qc/s0_original/case_outputs/919__s0_original/segmentation_repaired.stl,/Users/angadkumar16ak/Projects/Automated_Cardiovascular_Segmentation_for_Bioprinting_Project/outputs/topology_correction/mesh_qc/s0_original/case_outputs/919__s0_original/segmentation_smoothed.stl,True,0.5984781922372797,3.141592653589793,0.5416434063379184,3.1406340941517787,-0.0026547031391244793,0.11286948613005912,True,"phaseb_mesh_qc.run_phaseb_for_case (repository implementation, unmodified)",50.0,50.0,50.0,1.0,True,-25.48961200653757,172.83779236504898,102.94595587260798,-30.732350073460125,173.74319382092753,103.04345453012816,5.321236719305399,True,/Users/angadkumar16ak/Projects/Automated_Cardiovascular_Segmentation_for_Bioprinting_Project/outputs/topology_correction/mesh_qc/s0_original/case_outputs/919__s0_original/segmentation_repaired.stl,ok,exact_point_to_surface,81951.0,79974.0,0.9075846760054027,0.4547898340947198,1.385642526643826,14.715299935275738,0.5354916575272757,0.372093018478127,6824.862399851542,7010.388628835894,185.5262289843522,0.02718387831355953,3.442814504362066,2.399993896484375,4.8000030517578125,-0.6000022888183594,5.400000254317942,,,,,,,,,,,,,,,,,,,,,,,
920,s0_original,s0_original,identity,True,0.6000000238418579,0.6000000238418579,0.6000000238418579,True,0.5,,19,6661.0087940540625,3611.7364305524998,0.5422206368765808,0.7221458046767537,9,10,4.320000514984152,6.0910462841055555,0.8485281711413358,2,19,19,0,0.0,0.0,19,30838,6661.008794054063,0.7636013824063848,0.694986704714962,0.8472485768500949,0.6176012909918737,21432,9406,3864,5463.936651351954,1197.072142702109,0.21908602150537648,0.8275584256223699,0.7336065573770492,0.9491094147582697,25.511645228429167,42.45185677002611,2.8100000487047314,4.875483202790598,0.420634782543398,976,585.6000232696533,33,35,15,3.7158800624847212,30.64907498036781,True,True,0.7636013824063848,0.0,True,/Users/angadkumar16ak/Projects/Automated_Cardiovascular_Segmentation_for_Bioprinting_Project/outputs/topology_correction/case_outputs/920/mask__s0_original.nii.gz,/Users/angadkumar16ak/Projects/Automated_Cardiovascular_Segmentation_for_Bioprinting_Project/outputs/topology_correction/case_outputs/920/mask__s0_original.nii.gz,ok,3.0,19.0,True,0.0,18.0,8323.323386614225,6520.707777328879,138.00000548362732,95.40000379085541,90.00000357627869,0.4242640855706679,0.6000000238418579,0.5892462528691528,/Users/angadkumar16ak/Projects/Automated_Cardiovascular_Segmentation_for_Bioprinting_Project/outputs/topology_correction/mesh_qc/s0_original/case_outputs/920__s0_original/segmentation_raw.stl,/Users/angadkumar16ak/Projects/Automated_Cardiovascular_Segmentation_for_Bioprinting_Project/outputs/topology_correction/mesh_qc/s0_original/case_outputs/920__s0_original/segmentation_repaired.stl,/Users/angadkumar16ak/Projects/Automated_Cardiovascular_Segmentation_for_Bioprinting_Project/outputs/topology_correction/mesh_qc/s0_original/case_outputs/920__s0_original/segmentation_smoothed.stl,True,0.6026471001387679,3.141592653589793,0.559177649280784,3.132984969828513,-0.0037451467029587506,0.052532589662105195,True,"phaseb_mesh_qc.run_phaseb_for_case (repository implementation, unmodified)",50.0,45.0,45.0,1.0,True,-32.888240515725755,175.0813432002247,-128.894361057911,-34.007076848758935,174.83954019879585,-131.26261528914114,2.6303785916393463,True,/Users/angadkumar16ak/Projects/Automated_Cardiovascular_Segmentation_for_Bioprinting_Project/outputs/topology_correction/mesh_qc/s0_original/case_outputs/920__s0_original/segmentation_repaired.stl,ok,exact_point_to_surface,75640.0,82102.0,5.304145936731859,2.745318530411867,25.720328683425574,42.4518592467761,0.3758827102027675,4.928263226529092,5358.168879482081,6520.708515788106,1162.5396363060245,0.21696584457382673,9.617674863013939,30.0,2.4000091552734375,14.999992370605469,33.626772296246614,,,,,,,,,,,,,,,,,,,,,,,
921,s0_original,s0_original,identity,True,0.6000000238418579,0.6000000238418579,0.6000000238418579,True,0.5,,10,7423.488884948764,6011.712716651945,0.8098230912476724,0.2282624317332567,5,5,5.184000617980982,28.23189797627941,0.8485281711413358,2,10,10,0,0.0,0.0,10,34368,7423.488884948766,0.8356090907697731,0.7932669925512105,0.8827262425125465,0.71763622005791,27263,7105,3622,6671.160795264276,752.3280896844899,0.11277319086935404,0.9390872493321796,0.8917470525187567,0.9917355371900827,1.2000000476837158,77.23237969946868,0.6717247414934018,1.0144348380135306,0.32158925954866985,933,559.8000222444534,19,17,7,1.239343417864178,3.2863354756182304,True,True,0.8356090907697731,0.0,True,/Users/angadkumar16ak/Projects/Automated_Cardiovascular_Segmentation_for_Bioprinting_Project/outputs/topology_correction/case_outputs/921/mask__s0_original.nii.gz,/Users/angadkumar16ak/Projects/Automated_Cardiovascular_Segmentation_for_Bioprinting_Project/outputs/topology_correction/case_outputs/921/mask__s0_original.nii.gz,ok,3.0,10.0,True,0.0,7.0,8389.648143897779,7297.263869901577,156.00000619888306,111.60000443458557,87.0000034570694,0.4242640855706679,0.6000000238418579,0.5917631150114144,/Users/angadkumar16ak/Projects/Automated_Cardiovascular_Segmentation_for_Bioprinting_Project/outputs/topology_correction/mesh_qc/s0_original/case_outputs/921__s0_original/segmentation_raw.stl,/Users/angadkumar16ak/Projects/Automated_Cardiovascular_Segmentation_for_Bioprinting_Project/outputs/topology_correction/mesh_qc/s0_original/case_outputs/921__s0_original/segmentation_repaired.stl,/Users/angadkumar16ak/Projects/Automated_Cardiovascular_Segmentation_for_Bioprinting_Project/outputs/topology_correction/mesh_qc/s0_original/case_outputs/921__s0_original/segmentation_smoothed.stl,True,0.5770031387523069,3.141592653589793,0.5208105894345033,3.141592653589793,-0.002516609668938576,0.08772695530726257,True,"phaseb_mesh_qc.run_phaseb_for_case (repository implementation, unmodified)",50.0,36.0,36.0,1.0,True,-53.041442915637674,165.09310726676088,-1117.0114813194587,-52.99207505631306,166.26397869460828,-1119.6072941068478,2.8480907838860645,True,/Users/angadkumar16ak/Projects/Automated_Cardiovascular_Segmentation_for_Bioprinting_Project/outputs/topology_correction/mesh_qc/s0_original/case_outputs/921__s0_original/segmentation_repaired.stl,ok,exact_point_to_surface,79352.0,82026.0,1.3641522692981058,0.6888508730987088,1.3416821168940658,77.23238162117889,0.27321534873708736,1.0909369205610184,6550.994801339231,7297.267051872003,746.272250532772,0.11391739318434663,0.41475008304214345,56.40000343322754,13.800003051757812,-1.800048828125,58.091657295004396,,,,,,,,,,,,,,,,,,,,,,,
922,s0_original,s0_original,identity,True,0.6000000238418579,0.6000000238418579,0.6000000238418579,True,0.5,,20,3544.7764225702454,2567.160306029332,0.724209371762842,0.17307530500631046,12,8,17.820002124309624,5.466260364696242,0.8485281711413358,2,20,20,0,0.0,0.0,20,16411,3544.7764225702454,0.6875772759809983,0.6438364511608068,0.7376946170495008,0.5238992463308211,10566,5845,3757,3093.7683688059,451.0080537643453,0.14577951546463724,0.7535318385257651,0.6834061135371179,0.8396946564885496,8.40000033378601,61.10581229920199,2.114932151632803,3.3606747917217517,0.7517869737773744,458,274.8000109195709,33,9,15,2.671705279133099,10.766602514660432,True,True,0.6875772759809983,0.0,True,/Users/angadkumar16ak/Projects/Automated_Cardiovascular_Segmentation_for_Bioprinting_Project/outputs/topology_correction/case_outputs/922/mask__s0_original.nii.gz,/Users/angadkumar16ak/Projects/Automated_Cardiovascular_Segmentation_for_Bioprinting_Project/outputs/topology_correction/case_outputs/922/mask__s0_original.nii.gz,ok,3.0,20.0,True,0.0,18.0,4304.50762853678,3466.2874132136276,104.40000414848328,86.40000343322754,66.60000264644623,0.4242640855706679,0.6000000238418579,0.5880428371538858,/Users/angadkumar16ak/Projects/Automated_Cardiovascular_Segmentation_for_Bioprinting_Project/outputs/topology_correction/mesh_qc/s0_original/case_outputs/922__s0_original/segmentation_raw.stl,/Users/angadkumar16ak/Projects/Automated_Cardiovascular_Segmentation_for_Bioprinting_Project/outputs/topology_correction/mesh_qc/s0_original/case_outputs/922__s0_original/segmentation_repaired.stl,/Users/angadkumar16ak/Projects/Automated_Cardiovascular_Segmentation_for_Bioprinting_Project/outputs/topology_correction/mesh_qc/s0_original/case_outputs/922__s0_original/segmentation_smoothed.stl,True,0.5947726555713212,3.141592653589793,0.5384188605947693,3.1382674503243684,-0.004589556702030669,0.08037292060203521,True,"phaseb_mesh_qc.run_phaseb_for_case (repository implementation, unmodified)",50.0,43.0,43.0,1.0,True,-39.22295763376941,161.88271591119434,-1047.2098224953377,-42.04809019767696,161.17975954234456,-1050.1786493485533,4.158058987620514,True,/Users/angadkumar16ak/Projects/Automated_Cardiovascular_Segmentation_for_Bioprinting_Project/outputs/topology_correction/mesh_qc/s0_original/case_outputs/922__s0_original/segmentation_repaired.stl,ok,exact_point_to_surface,64679.0,66694.0,4.167968275755688,2.1055439676450813,8.485443287651826,61.052597463815616,0.6783367353908122,3.489631540364875,3035.9697350000224,3466.285382218242,430.3156472182195,0.1417391096681062,7.761490970333066,7.799997329711914,4.1999969482421875,3.0,9.353070763591852,,,,,,,,,,,,,,,,,,,,,,,
923,s0_original,s0_original,identity,True,0.6000000238418579,0.6000000238418579,0.6000000238418579,True,0.5,,7,9216.721098718688,4928.040587468171,0.5346847902507617,0.850668419899189,5,2,32.832003913879554,5.678516708799208,0.8485281711413358,1,7,7,0,0.0,0.0,7,42670,9216.721098718686,0.8477867408215368,0.8288024373095851,0.8676611300571653,0.7357897802929427,35365,7305,5394,8803.94504951195,412.7760492067355,0.04688535047474176,0.8977437551337404,0.885773624091381,0.9100418410041841,3.0000001192092896,54.41507360391183,0.6107300017272483,0.5953594695881437,0.6253884013349991,963,577.8000229597092,15,15,5,1.012209415846319,6.238263254944093,True,True,0.8477867408215368,0.0,True,/Users/angadkumar16ak/Projects/Automated_Cardiovascular_Segmentation_for_Bioprinting_Project/outputs/topology_correction/case_outputs/923/mask__s0_original.nii.gz,/Users/angadkumar16ak/Projects/Automated_Cardiovascular_Segmentation_for_Bioprinting_Project/outputs/topology_correction/case_outputs/923/mask__s0_original.nii.gz,ok,3.0,7.0,True,0.0,6.0,9464.512735636205,9084.943083009524,122.40000486373901,126.60000503063202,99.60000395774841,0.4242640855706679,0.6000000238418579,0.5908173459523504,/Users/angadkumar16ak/Projects/Automated_Cardiovascular_Segmentation_for_Bioprinting_Project/outputs/topology_correction/mesh_qc/s0_original/case_outputs/923__s0_original/segmentation_raw.stl,/Users/angadkumar16ak/Projects/Automated_Cardiovascular_Segmentation_for_Bioprinting_Project/outputs/topology_correction/mesh_qc/s0_original/case_outputs/923__s0_original/segmentation_repaired.stl,/Users/angadkumar16ak/Projects/Automated_Cardiovascular_Segmentation_for_Bioprinting_Project/outputs/topology_correction/mesh_qc/s0_original/case_outputs/923__s0_original/segmentation_smoothed.stl,True,0.5803377325550161,3.141592653589793,0.5200913536618547,3.139281492763645,-0.002171130418135425,0.13855167565033982,True,"phaseb_mesh_qc.run_phaseb_for_case (repository implementation, unmodified)",50.0,41.0,41.0,1.0,True,-21.815877446755053,207.45745382569896,161.94260829828204,-26.53800293473906,208.06779853380866,160.50266314171787,4.974377533008354,True,/Users/angadkumar16ak/Projects/Automated_Cardiovascular_Segmentation_for_Bioprinting_Project/outputs/topology_correction/mesh_qc/s0_original/case_outputs/923__s0_original/segmentation_repaired.stl,ok,exact_point_to_surface,85482.0,86270.0,1.19842871088248,0.5992433379376647,3.203117580506477,54.41506917029204,0.5928973481748078,0.6055313627076723,8671.374796099897,9084.943157339054,413.56836123915673,0.04769351699861553,3.134056984306928,1.2000083923339844,18.600006103515625,0.5999908447265625,18.648330654679153,,,,,,,,,,,,,,,,,,,,,,,
924,s0_original,s0_original,identity,True,0.6000000238418579,0.6000000238418579,0.6000000238418579,True,0.5,,9,8026.992956892052,4590.648547247908,0.5719014046606749,0.5713546322872065,7,2,27.000003218650946,7.019823660060572,0.8485281711413358,1,9,9,0,0.0,0.0,9,37162,8026.992956892052,0.767297397875934,0.7212744201065605,0.8195939334637965,0.6224513492174074,26804,10358,5900,7064.064842102084,962.9281147899674,0.13631360078277888,0.8383998139318526,0.7889530090684254,0.8944591029023746,6.600000262260437,28.19361741904341,1.0521416400125083,1.3578286650568483,0.7244748288761322,1213,727.8000289201736,30,32,8,1.6282441773629182,10.217632225568051,True,True,0.767297397875934,0.0,True,/Users/angadkumar16ak/Projects/Automated_Cardiovascular_Segmentation_for_Bioprinting_Project/outputs/topology_correction/case_outputs/924/mask__s0_original.nii.gz,/Users/angadkumar16ak/Projects/Automated_Cardiovascular_Segmentation_for_Bioprinting_Project/outputs/topology_correction/case_outputs/924/mask__s0_original.nii.gz,ok,3.0,9.0,True,0.0,8.0,9895.836498165487,7873.911938643374,111.60000443458557,67.20000267028809,123.60000491142273,0.4242640855706679,0.6000000238418579,0.5928714984783361,/Users/angadkumar16ak/Projects/Automated_Cardiovascular_Segmentation_for_Bioprinting_Project/outputs/topology_correction/mesh_qc/s0_original/case_outputs/924__s0_original/segmentation_raw.stl,/Users/angadkumar16ak/Projects/Automated_Cardiovascular_Segmentation_for_Bioprinting_Project/outputs/topology_correction/mesh_qc/s0_original/case_outputs/924__s0_original/segmentation_repaired.stl,/Users/angadkumar16ak/Projects/Automated_Cardiovascular_Segmentation_for_Bioprinting_Project/outputs/topology_correction/mesh_qc/s0_original/case_outputs/924__s0_original/segmentation_smoothed.stl,True,0.5533841504436374,3.141592653589793,0.4886908653651757,3.1375909373602817,-0.0034160171204934042,0.05177331682901889,True,"phaseb_mesh_qc.run_phaseb_for_case (repository implementation, unmodified)",50.0,50.0,50.0,1.0,True,-28.73393919529387,150.5735211819611,-239.58498277153691,-29.945100014480314,150.3031469377954,-241.8036352576079,2.5421313136401027,True,/Users/angadkumar16ak/Projects/Automated_Cardiovascular_Segmentation_for_Bioprinting_Project/outputs/topology_correction/mesh_qc/s0_original/case_outputs/924__s0_original/segmentation_repaired.stl,ok,exact_point_to_surface,85365.0,87602.0,2.019894692268325,1.0143037295730568,6.622555735345754,28.193627079719267,0.6731075722069186,1.3467871200614066,6915.1423016957815,7873.912955138287,958.7706534425051,0.13864800052016116,7.40527315705887,0.600006103515625,-1.79998779296875,-0.5999908447265625,1.9899629124303317,,,,,,,,,,,,,,,,,,,,,,,
925,s0_original,s0_original,identity,True,0.6000000238418579,0.6000000238418579,0.6000000238418579,True,0.5,,19,7294.320869550738,4576.6085455742095,0.6274207876813741,0.44048518029073064,10,9,6.264000746727019,5.19603715270915,0.8485281711413358,3,19,19,0,0.0,0.0,19,33770,7294.320869550739,0.7856986697610279,0.6917382291975126,0.9091970575643171,0.6470376423011938,23360,10410,2333,5549.68866157439,1744.6322079763495,0.31436578056279924,0.8754127889522666,0.782608695652174,0.9931880108991825,12.281694182305893,76.68272600344551,3.1442098038545465,5.50565045306374,0.29603183458727267,943,565.800022482872,29,13,13,3.1624260007375917,15.090116199414604,True,True,0.7856986697610279,0.0,True,/Users/angadkumar16ak/Projects/Automated_Cardiovascular_Segmentation_for_Bioprinting_Project/outputs/topology_correction/case_outputs/925/mask__s0_original.nii.gz,/Users/angadkumar16ak/Projects/Automated_Cardiovascular_Segmentation_for_Bioprinting_Project/outputs/topology_correction/case_outputs/925/mask__s0_original.nii.gz,ok,3.0,19.0,False,82.0,16.0,8538.003327265455,not_watertight,156.90000623464584,109.80000436306,117.90000468492508,0.4242640855706679,0.6000000238418579,0.5912532334531438,/Users/angadkumar16ak/Projects/Automated_Cardiovascular_Segmentation_for_Bioprinting_Project/outputs/topology_correction/mesh_qc/s0_original/case_outputs/925__s0_original/segmentation_raw.stl,/Users/angadkumar16ak/Projects/Automated_Cardiovascular_Segmentation_for_Bioprinting_Project/outputs/topology_correction/mesh_qc/s0_original/case_outputs/925__s0_original/segmentation_repaired.stl,/Users/angadkumar16ak/Projects/Automated_Cardiovascular_Segmentation_for_Bioprinting_Project/outputs/topology_correction/mesh_qc/s0_original/case_outputs/925__s0_original/segmentation_smoothed.stl,True,0.5895653170941316,3.141592653589793,0.5352040829157907,3.141507282021746,not_watertight,0.07376369558779983,False,"phaseb_mesh_qc.run_phaseb_for_case (repository implementation, unmodified)",50.0,42.0,38.0,0.9047619047619048,False,-39.532618854767406,156.86710867035978,146.19136225277055,-41.02932591801412,157.89196766462985,145.17267025055142,2.080432980582183,False,/Users/angadkumar16ak/Projects/Automated_Cardiovascular_Segmentation_for_Bioprinting_Project/outputs/topology_correction/mesh_qc/s0_original/case_outputs/925__s0_original/segmentation_repaired.stl,ok,exact_point_to_surface,75024.0,82703.0,5.292526144857786,2.7633384050513268,10.452662643684498,76.6827269455199,0.24153055666659679,5.050995588191189,5445.639631831691,,,,7.843912982845742,47.70000648498535,15.599990844726562,41.099998474121094,64.8680214558449,,,,,,,,,,,,,,,,,,,,,,,
926,s0_original,s0_original,identity,True,0.6000000238418579,0.6000000238418579,0.6000000238418579,True,0.5,,9,5076.6486051836255,2908.44034671308,0.5729055865208698,0.655402896398069,8,1,37.80000450611132,6.682314777904314,1.0392305258366357,1,9,9,0,0.0,0.0,9,23503,5076.6486051836255,0.815015395366104,0.7939837467557334,0.8371915657245401,0.6877856405720183,18661,4842,3629,4814.640573949837,262.00803123378864,0.05441902198295197,0.9085871472384083,0.8880248833592534,0.9301242236024845,4.52990084116453,47.4037991999065,1.292209384050715,1.9120283547223385,0.6905576154858258,643,385.80001533031464,22,12,7,1.82763164024273,9.703722588326446,True,True,0.815015395366104,0.0,True,/Users/angadkumar16ak/Projects/Automated_Cardiovascular_Segmentation_for_Bioprinting_Project/outputs/topology_correction/case_outputs/926/mask__s0_original.nii.gz,/Users/angadkumar16ak/Projects/Automated_Cardiovascular_Segmentation_for_Bioprinting_Project/outputs/topology_correction/case_outputs/926/mask__s0_original.nii.gz,ok,3.0,9.0,True,0.0,9.0,5941.213416394272,4981.050593787454,103.20000410079956,92.40000367164612,111.00000441074371,0.4242640855706679,0.6000000238418579,0.587225439905117,/Users/angadkumar16ak/Projects/Automated_Cardiovascular_Segmentation_for_Bioprinting_Project/outputs/topology_correction/mesh_qc/s0_original/case_outputs/926__s0_original/segmentation_raw.stl,/Users/angadkumar16ak/Projects/Automated_Cardiovascular_Segmentation_for_Bioprinting_Project/outputs/topology_correction/mesh_qc/s0_original/case_outputs/926__s0_original/segmentation_repaired.stl,/Users/angadkumar16ak/Projects/Automated_Cardiovascular_Segmentation_for_Bioprinting_Project/outputs/topology_correction/mesh_qc/s0_original/case_outputs/926__s0_original/segmentation_smoothed.stl,True,0.568929221238623,3.141592653589793,0.5022848072461887,3.135340124765133,-0.0033487103400757787,0.07582010807131005,True,"phaseb_mesh_qc.run_phaseb_for_case (repository implementation, unmodified)",50.0,43.0,43.0,1.0,True,-18.836918062181397,158.7861350541246,-194.2101429378216,-20.371375478583737,158.8509769001482,-197.82230067800086,3.9251047842936506,True,/Users/angadkumar16ak/Projects/Automated_Cardiovascular_Segmentation_for_Bioprinting_Project/outputs/topology_correction/mesh_qc/s0_original/case_outputs/926__s0_original/segmentation_repaired.stl,ok,exact_point_to_surface,73012.0,73112.0,2.728160227609476,1.3645669217513525,6.148385882753892,47.40380985545811,0.6527368698933238,2.075423357716152,4722.705353693783,4981.049963056313,258.3446093625298,0.05470267357680276,3.7988646675973747,-0.600006103515625,3.5999984741210938,15.599990844726562,16.0212268785347,,,,,,,,,,,,,,,,,,,,,,,
927,s0_original,s0_original,identity,True,0.6000000238418579,0.6000000238418579,0.6000000238418579,True,0.5,,13,6087.528725689915,3538.296421797769,0.5812369158712701,0.4638300470056773,10,3,89.85601071167035,3.8418746951220877,1.6970563422826717,0,13,13,0,0.0,0.0,13,28183,6087.528725689917,0.6916565441846341,0.6465245005854593,0.7435625382574985,0.5286505933211477,18221,9962,6284,5293.080630984331,794.4480947055863,0.15009181799632745,0.7787532416329334,0.7260869565217392,0.8396572827417381,11.415779007886552,40.39653611004504,1.9290492352155992,3.0283408685898903,0.726893593552604,920,552.0000219345093,31,11,13,2.442577720788872,14.973427003943062,True,True,0.6916565441846341,0.0,True,/Users/angadkumar16ak/Projects/Automated_Cardiovascular_Segmentation_for_Bioprinting_Project/outputs/topology_correction/case_outputs/927/mask__s0_original.nii.gz,/Users/angadkumar16ak/Projects/Automated_Cardiovascular_Segmentation_for_Bioprinting_Project/outputs/topology_correction/case_outputs/927/mask__s0_original.nii.gz,ok,3.0,13.0,True,0.0,13.0,7808.306194334339,5953.941709765107,107.40000426769257,94.20000374317169,90.00000357627869,0.4242640855706679,0.6000000238418579,0.5899759834697457,/Users/angadkumar16ak/Projects/Automated_Cardiovascular_Segmentation_for_Bioprinting_Project/outputs/topology_correction/mesh_qc/s0_original/case_outputs/927__s0_original/segmentation_raw.stl,/Users/angadkumar16ak/Projects/Automated_Cardiovascular_Segmentation_for_Bioprinting_Project/outputs/topology_correction/mesh_qc/s0_original/case_outputs/927__s0_original/segmentation_repaired.stl,/Users/angadkumar16ak/Projects/Automated_Cardiovascular_Segmentation_for_Bioprinting_Project/outputs/topology_correction/mesh_qc/s0_original/case_outputs/927__s0_original/segmentation_smoothed.stl,True,0.5685051402490675,3.141592653589793,0.5153915499986219,3.140356578068391,-0.0038871217786086362,0.04470780257602101,True,"phaseb_mesh_qc.run_phaseb_for_case (repository implementation, unmodified)",50.0,49.0,49.0,1.0,True,-15.4385847464509,161.3662809732558,-31.877570313363094,-15.796145007905714,161.2624174342321,-33.86781706656427,2.0247763120744944,True,/Users/angadkumar16ak/Projects/Automated_Cardiovascular_Segmentation_for_Bioprinting_Project/outputs/topology_correction/mesh_qc/s0_original/case_outputs/927__s0_original/segmentation_repaired.stl,ok,exact_point_to_surface,76558.0,80023.0,3.7104368075444483,1.8818321706239771,11.597472956982566,40.39653873228429,0.6525603294823857,3.0578764780620626,5184.0096734448225,5953.941706090493,769.9320326456709,0.1485205624884654,7.461966263350572,4.200004577636719,2.4000091552734375,-1.1999969482421875,4.983981849220187,,,,,,,,,,,,,,,,,,,,,,,
928,s0_original,s0_original,identity,True,0.6000000238418579,0.6000000238418579,0.6000000238418579,True,0.5,,8,7247.448863963161,4343.760517816564,0.5993502816439663,0.6486325211337644,4,4,9.39600112009053,2.4738634736730947,0.8485281711413358,1,8,8,0,0.0,0.0,8,33553,7247.448863963162,0.8198659947314167,0.853366315977707,0.7888965422234467,0.6947227950988718,28633,4920,7662,7839.720934567489,-592.2720706043274,-0.0755475960876154,0.8913093557658561,0.9309045226130653,0.8549450549450549,3.8418746951220877,20.61940915226917,0.8139678048628278,0.5343417639314851,1.0483007337991401,796,477.6000189781189,18,18,5,1.2226198329258526,7.124470181287451,True,True,0.8198659947314167,0.0,True,/Users/angadkumar16ak/Projects/Automated_Cardiovascular_Segmentation_for_Bioprinting_Project/outputs/topology_correction/case_outputs/928/mask__s0_original.nii.gz,/Users/angadkumar16ak/Projects/Automated_Cardiovascular_Segmentation_for_Bioprinting_Project/outputs/topology_correction/case_outputs/928/mask__s0_original.nii.gz,ok,3.0,8.0,True,0.0,7.0,7685.4393113452,7140.132851170099,128.4000051021576,108.60000431537628,90.00000357627869,0.4242640855706679,0.6000000238418579,0.5917117816157154,/Users/angadkumar16ak/Projects/Automated_Cardiovascular_Segmentation_for_Bioprinting_Project/outputs/topology_correction/mesh_qc/s0_original/case_outputs/928__s0_original/segmentation_raw.stl,/Users/angadkumar16ak/Projects/Automated_Cardiovascular_Segmentation_for_Bioprinting_Project/outputs/topology_correction/mesh_qc/s0_original/case_outputs/928__s0_original/segmentation_repaired.stl,/Users/angadkumar16ak/Projects/Automated_Cardiovascular_Segmentation_for_Bioprinting_Project/outputs/topology_correction/mesh_qc/s0_original/case_outputs/928__s0_original/segmentation_smoothed.stl,True,0.5778025095348742,3.141592653589793,0.517014305196626,3.1377635356939844,-0.002529073238632418,0.11885673412213513,True,"phaseb_mesh_qc.run_phaseb_for_case (repository implementation, unmodified)",50.0,49.0,49.0,1.0,True,-31.384407029671905,184.55533381571513,-247.36799221666183,-33.7514854427592,185.20350152873925,-249.668274878106,3.3637006288389264,True,/Users/angadkumar16ak/Projects/Automated_Cardiovascular_Segmentation_for_Bioprinting_Project/outputs/topology_correction/mesh_qc/s0_original/case_outputs/928__s0_original/segmentation_repaired.stl,ok,exact_point_to_surface,82496.0,79340.0,1.582850552011847,0.7963243046189004,4.041653206761918,20.619416946769853,1.0426417508505725,0.5402088011612743,7716.196192860544,7140.13330960767,-576.0628832528746,-0.07465632921385283,3.4816016617845986,-1.799997329711914,0.0,-9.600021362304688,9.767312861973675,,,,,,,,,,,,,,,,,,,,,,,
929,s0_original,s0_original,identity,True,0.6000000238418579,0.6000000238418579,0.6000000238418579,True,0.5,,17,6500.952774973901,3262.248388890282,0.5018108117088081,0.7193934979805336,10,7,20.088002394676305,5.752245095989329,1.3416408398118889,0,17,17,0,0.0,0.0,17,30097,6500.9527749739,0.7566568851211825,0.6939562082599595,0.8318132940379943,0.6085664335664336,20886,9211,4223,5423.544646536853,1077.4081284370468,0.19865386913059052,0.7797504202446114,0.7240398293029872,0.8447488584474886,13.273430976020139,34.12096265531622,1.9632177171705103,2.8875204765985245,0.967896543734344,703,421.8000167608261,34,10,15,2.8651379644550503,19.424623900738407,True,True,0.7566568851211825,0.0,True,/Users/angadkumar16ak/Projects/Automated_Cardiovascular_Segmentation_for_Bioprinting_Project/outputs/topology_correction/case_outputs/929/mask__s0_original.nii.gz,/Users/angadkumar16ak/Projects/Automated_Cardiovascular_Segmentation_for_Bioprinting_Project/outputs/topology_correction/case_outputs/929/mask__s0_original.nii.gz,ok,3.0,17.0,True,0.0,17.0,6990.164737907031,6393.015762106807,105.00000417232513,106.20000422000885,85.20000338554382,0.4242640855706679,0.6000000238418579,0.5888642862521596,/Users/angadkumar16ak/Projects/Automated_Cardiovascular_Segmentation_for_Bioprinting_Project/outputs/topology_correction/mesh_qc/s0_original/case_outputs/929__s0_original/segmentation_raw.stl,/Users/angadkumar16ak/Projects/Automated_Cardiovascular_Segmentation_for_Bioprinting_Project/outputs/topology_correction/mesh_qc/s0_original/case_outputs/929__s0_original/segmentation_repaired.stl,/Users/angadkumar16ak/Projects/Automated_Cardiovascular_Segmentation_for_Bioprinting_Project/outputs/topology_correction/mesh_qc/s0_original/case_outputs/929__s0_original/segmentation_smoothed.stl,True,0.6025115065809286,3.141592653589793,0.5466253089926476,3.139513336841472,-0.0030826469370446555,0.13160780144200418,True,"phaseb_mesh_qc.run_phaseb_for_case (repository implementation, unmodified)",50.0,50.0,50.0,1.0,True,-38.33679808194161,179.77028657888445,154.08550109586656,-42.99425256694585,177.38300069726984,152.9267268782033,5.360389337348893,True,/Users/angadkumar16ak/Projects/Automated_Cardiovascular_Segmentation_for_Bioprinting_Project/outputs/topology_correction/mesh_qc/s0_original/case_outputs/929__s0_original/segmentation_repaired.stl,ok,exact_point_to_surface,74021.0,77012.0,3.8809903253450075,1.9612221183435612,13.817750698424355,34.120962064179146,0.8938705234659368,2.987119801879071,5334.579094261901,6393.015591532734,1058.4364972708327,0.1984104984795017,5.456176553042585,16.200003564357758,14.400001525878906,-2.9999923706054688,21.881501631611343,,,,,,,,,,,,,,,,,,,,,,,
930,s0_original,s0_original,identity,True,0.6000000238418579,0.6000000238418579,0.6000000238418579,True,0.5,,10,7592.832905136144,4289.760511379262,0.5649749658625398,0.7371097683786506,7,3,12.312001467704832,4.40908171221088,0.8485281711413358,1,10,10,0,0.0,0.0,10,35152,7592.832905136144,0.808774947443143,0.8427116522530723,0.7774657498294053,0.6789438701840435,29623,5529,8479,8230.032981096307,-637.2000759601624,-0.07742375728308226,0.9216965162097956,0.9766584766584766,0.8725910064239829,3.9799499065754738,27.652125791123698,0.7008204610582534,0.3046850456849679,1.033412719074663,814,488.40001940727234,20,12,9,0.8678083107217411,4.227716614621888,True,True,0.808774947443143,0.0,True,/Users/angadkumar16ak/Projects/Automated_Cardiovascular_Segmentation_for_Bioprinting_Project/outputs/topology_correction/case_outputs/930/mask__s0_original.nii.gz,/Users/angadkumar16ak/Projects/Automated_Cardiovascular_Segmentation_for_Bioprinting_Project/outputs/topology_correction/case_outputs/930/mask__s0_original.nii.gz,ok,3.0,10.0,True,0.0,9.0,8013.620256961259,7474.059890977299,115.80000460147858,99.60000395774841,78.60000312328339,0.4242640855706679,0.6000000238418579,0.5900496952261717,/Users/angadkumar16ak/Projects/Automated_Cardiovascular_Segmentation_for_Bioprinting_Project/outputs/topology_correction/mesh_qc/s0_original/case_outputs/930__s0_original/segmentation_raw.stl,/Users/angadkumar16ak/Projects/Automated_Cardiovascular_Segmentation_for_Bioprinting_Project/outputs/topology_correction/mesh_qc/s0_original/case_outputs/930__s0_original/segmentation_repaired.stl,/Users/angadkumar16ak/Projects/Automated_Cardiovascular_Segmentation_for_Bioprinting_Project/outputs/topology_correction/mesh_qc/s0_original/case_outputs/930__s0_original/segmentation_smoothed.stl,True,0.5994123584756248,3.141592653589793,0.542227128578005,3.13963305061859,-0.002623174020609562,0.12835685025034138,True,"phaseb_mesh_qc.run_phaseb_for_case (repository implementation, unmodified)",50.0,50.0,50.0,1.0,True,-15.801569529925644,177.61633590243258,-92.0648669956263,-21.471715856313846,176.153239844007,-92.97983483467604,5.926919569669344,True,/Users/angadkumar16ak/Projects/Automated_Cardiovascular_Segmentation_for_Bioprinting_Project/outputs/topology_correction/mesh_qc/s0_original/case_outputs/930__s0_original/segmentation_repaired.stl,ok,exact_point_to_surface,85805.0,80808.0,1.2373629251281395,0.6289878348768094,3.523622210528709,27.652125793706134,0.9623227693766612,0.2750401557514784,8099.488546339356,7474.060141468406,-625.4284048709496,-0.07721825906570585,6.042531686241487,-1.1999969482421875,-3.0000152587890625,0.600006103515625,3.286349274348935,,,,,,,,,,,,,,,,,,,,,,,
931,s0_original,s0_original,identity,True,0.6000000238418579,0.6000000238418579,0.6000000238418579,True,0.5,,23,3804.192453495043,1670.7601991701206,0.43918918918918926,0.3429864253393665,15,8,12.744001519203247,5.393584726647048,0.8485281711413358,3,23,23,0,0.0,0.0,23,17612,3804.1924534950435,0.6174496644295302,0.5380422439245969,0.7243540743005656,0.44660194174757284,9476,8136,3606,2825.7123368511334,978.4801166439102,0.34627732762574526,0.5764219158347723,0.4220665499124343,0.9087719298245615,49.43759898138959,67.80000269412994,10.072170191427961,16.273823002995147,0.8613658288290676,571,342.60001361370087,24,6,16,14.185773253718597,52.18965587914668,True,True,0.6174496644295302,0.0,True,/Users/angadkumar16ak/Projects/Automated_Cardiovascular_Segmentation_for_Bioprinting_Project/outputs/topology_correction/case_outputs/931/mask__s0_original.nii.gz,/Users/angadkumar16ak/Projects/Automated_Cardiovascular_Segmentation_for_Bioprinting_Project/outputs/topology_correction/case_outputs/931/mask__s0_original.nii.gz,ok,3.0,23.0,True,0.0,20.0,4976.715646912136,3708.450442081709,146.40000581741333,99.60000395774841,89.40000355243683,0.4242640855706679,0.6000000238418579,0.5905183923123899,/Users/angadkumar16ak/Projects/Automated_Cardiovascular_Segmentation_for_Bioprinting_Project/outputs/topology_correction/mesh_qc/s0_original/case_outputs/931__s0_original/segmentation_raw.stl,/Users/angadkumar16ak/Projects/Automated_Cardiovascular_Segmentation_for_Bioprinting_Project/outputs/topology_correction/mesh_qc/s0_original/case_outputs/931__s0_original/segmentation_repaired.stl,/Users/angadkumar16ak/Projects/Automated_Cardiovascular_Segmentation_for_Bioprinting_Project/outputs/topology_correction/mesh_qc/s0_original/case_outputs/931__s0_original/segmentation_smoothed.stl,True,0.6104889703658445,3.141592653589793,0.5594098284739544,3.141592653589793,-0.00516831110838434,0.061094708153531685,True,"phaseb_mesh_qc.run_phaseb_for_case (repository implementation, unmodified)",50.0,38.0,38.0,1.0,True,-44.724681492863596,170.71767670363562,-161.83879217353837,-45.793491341017784,172.47496061560105,-166.47271503259722,5.069875965196004,True,/Users/angadkumar16ak/Projects/Automated_Cardiovascular_Segmentation_for_Bioprinting_Project/outputs/topology_correction/mesh_qc/s0_original/case_outputs/931__s0_original/segmentation_repaired.stl,ok,exact_point_to_surface,61448.0,69106.0,17.670520029113213,9.30615682952931,49.01122240445954,67.80000264665722,0.8073855327145938,16.86313449639862,2780.8287855984368,3708.450027870527,927.6212422720901,0.33357725836129287,24.71669348372571,60.60000419616699,9.0,31.800003051757812,69.02608711688113,,,,,,,,,,,,,,,,,,,,,,,
932,s0_original,s0_original,identity,True,0.6000000238418579,0.6000000238418579,0.6000000238418579,True,0.5,,4,6768.3608068514195,4432.968528450987,0.6549545236955481,0.5183452711591873,3,1,1165.9681389942223,2.6153394700486534,2.4000000953674316,0,4,4,0,0.0,0.0,4,31335,6768.3608068514195,0.8200086502312274,0.7865645444391256,0.856423086278189,0.6949276792511349,24647,6688,4132,6216.264741036444,552.0960658149752,0.0888147607630565,0.9260504440687523,0.9414012738853503,0.9111922141119222,3.0000001192092896,14.096808709521705,0.6148166755005579,0.506103452295972,0.7224719537488422,785,471.00001871585846,12,14,4,0.7790827692065393,3.5496480109101034,True,True,0.8200086502312274,0.0,True,/Users/angadkumar16ak/Projects/Automated_Cardiovascular_Segmentation_for_Bioprinting_Project/outputs/topology_correction/case_outputs/932/mask__s0_original.nii.gz,/Users/angadkumar16ak/Projects/Automated_Cardiovascular_Segmentation_for_Bioprinting_Project/outputs/topology_correction/case_outputs/932/mask__s0_original.nii.gz,ok,3.0,4.0,True,0.0,4.0,7491.189518060558,6660.5047939939805,98.4000039100647,87.0000034570694,84.00000333786011,0.4242640855706679,0.6000000238418579,0.5926463647347852,/Users/angadkumar16ak/Projects/Automated_Cardiovascular_Segmentation_for_Bioprinting_Project/outputs/topology_correction/mesh_qc/s0_original/case_outputs/932__s0_original/segmentation_raw.stl,/Users/angadkumar16ak/Projects/Automated_Cardiovascular_Segmentation_for_Bioprinting_Project/outputs/topology_correction/mesh_qc/s0_original/case_outputs/932__s0_original/segmentation_repaired.stl,/Users/angadkumar16ak/Projects/Automated_Cardiovascular_Segmentation_for_Bioprinting_Project/outputs/topology_correction/mesh_qc/s0_original/case_outputs/932__s0_original/segmentation_smoothed.stl,True,0.5677494349301654,3.141592653589793,0.5032869429865506,3.140854763745405,-0.002345375409809445,0.09037817137386309,True,"phaseb_mesh_qc.run_phaseb_for_case (repository implementation, unmodified)",50.0,50.0,50.0,1.0,True,-50.29637453676659,159.804305019629,-200.21909003180144,-51.71708110542795,160.26925359290283,-203.0975159641078,3.243442642902849,True,/Users/angadkumar16ak/Projects/Automated_Cardiovascular_Segmentation_for_Bioprinting_Project/outputs/topology_correction/mesh_qc/s0_original/case_outputs/932__s0_original/segmentation_repaired.stl,ok,exact_point_to_surface,78539.0,78490.0,1.153326401057861,0.5766943564234334,3.0958741598176145,14.096812565676146,0.6765076690579915,0.47681873199986935,6104.322810497041,6660.505459946989,556.1826494499473,0.09111291566912734,4.227501209837642,-1.2000045776367188,-7.8000030517578125,3.0,8.442751837746995,,,,,,,,,,,,,,,,,,,,,,,
933,s0_original,s0_original,identity,True,0.6000000238418579,0.6000000238418579,0.6000000238418579,True,0.5,,17,6913.512824154886,3874.176461837787,0.5603774174399351,0.6891726137377342,11,6,12.528001493454038,2.8416408994165336,0.8485281711413358,3,17,17,0,0.0,0.0,17,32007,6913.512824154886,0.8265485246175709,0.7723310525822477,0.8889528193325662,0.7043738424276963,24720,7287,3088,6006.528716033964,906.9841081209224,0.15099971231300344,0.8886708927219369,0.8044354838709677,0.9926108374384236,4.173879763830011,38.28733624190715,1.2711752478556588,2.1783533199771496,0.28568646498669203,992,595.200023651123,35,14,14,2.0452994838272316,11.47811929167594,True,True,0.8265485246175709,0.0,True,/Users/angadkumar16ak/Projects/Automated_Cardiovascular_Segmentation_for_Bioprinting_Project/outputs/topology_correction/case_outputs/933/mask__s0_original.nii.gz,/Users/angadkumar16ak/Projects/Automated_Cardiovascular_Segmentation_for_Bioprinting_Project/outputs/topology_correction/case_outputs/933/mask__s0_original.nii.gz,ok,3.0,17.0,True,0.0,15.0,8392.442541954531,6768.369806852493,106.80000424385071,90.00000357627869,102.6000040769577,0.4242640855706679,0.6000000238418579,0.5901861336223555,/Users/angadkumar16ak/Projects/Automated_Cardiovascular_Segmentation_for_Bioprinting_Project/outputs/topology_correction/mesh_qc/s0_original/case_outputs/933__s0_original/segmentation_raw.stl,/Users/angadkumar16ak/Projects/Automated_Cardiovascular_Segmentation_for_Bioprinting_Project/outputs/topology_correction/mesh_qc/s0_original/case_outputs/933__s0_original/segmentation_repaired.stl,/Users/angadkumar16ak/Projects/Automated_Cardiovascular_Segmentation_for_Bioprinting_Project/outputs/topology_correction/mesh_qc/s0_original/case_outputs/933__s0_original/segmentation_smoothed.stl,True,0.5633959554049761,3.141592653589793,0.501129688486833,3.1401932832961834,-0.003841368417219833,0.07960758584059736,True,"phaseb_mesh_qc.run_phaseb_for_case (repository implementation, unmodified)",50.0,50.0,50.0,1.0,True,-21.72946968661718,164.3894646499792,-208.70134876174168,-24.271528087786702,164.74465424481483,-213.58974164976874,5.521286588373179,True,/Users/angadkumar16ak/Projects/Automated_Cardiovascular_Segmentation_for_Bioprinting_Project/outputs/topology_correction/mesh_qc/s0_original/case_outputs/933__s0_original/segmentation_repaired.stl,ok,exact_point_to_surface,78667.0,82245.0,2.486921276321525,1.2657872191161241,4.326668513405406,38.16726048525598,0.23937601136111314,2.247545264960412,5889.627107109165,6768.369733910166,878.7426268010013,0.14920174245671708,4.231082853261222,-0.5999984741210938,2.4000091552734375,12.600006103515625,12.84056836448352,,,,,,,,,,,,,,,,,,,,,,,
934,s0_original,s0_original,identity,True,0.6000000238418579,0.6000000238418579,0.6000000238418579,True,0.5,,5,7277.688867568051,3782.1604508686246,0.5196925177336539,0.8936607652769846,5,0,51.4080061283114,9.698674138201016,1.0392305258366357,1,5,5,0,0.0,0.0,5,33693,7277.68886756805,0.8622620728169648,0.8248597631555517,0.9032174195645108,0.7578740694281585,27792,5901,2978,6646.320792303117,631.3680752649334,0.0949951251218719,0.9501855754411349,0.9276315789473685,0.9738636363636364,0.8485281711413358,23.97749039600553,0.48233337500068096,0.6405816786956033,0.32213341755384134,912,547.2000217437744,17,19,4,0.7724276586734311,1.4696939040702932,True,True,0.8622620728169648,0.0,True,/Users/angadkumar16ak/Projects/Automated_Cardiovascular_Segmentation_for_Bioprinting_Project/outputs/topology_correction/case_outputs/934/mask__s0_original.nii.gz,/Users/angadkumar16ak/Projects/Automated_Cardiovascular_Segmentation_for_Bioprinting_Project/outputs/topology_correction/case_outputs/934/mask__s0_original.nii.gz,ok,3.0,5.0,True,0.0,5.0,8287.363613082007,7152.6338526603295,111.00000441074371,88.80000352859497,103.20000410079956,0.4242640855706679,0.6000000238418579,0.5898377179062896,/Users/angadkumar16ak/Projects/Automated_Cardiovascular_Segmentation_for_Bioprinting_Project/outputs/topology_correction/mesh_qc/s0_original/case_outputs/934__s0_original/segmentation_raw.stl,/Users/angadkumar16ak/Projects/Automated_Cardiovascular_Segmentation_for_Bioprinting_Project/outputs/topology_correction/mesh_qc/s0_original/case_outputs/934__s0_original/segmentation_repaired.stl,/Users/angadkumar16ak/Projects/Automated_Cardiovascular_Segmentation_for_Bioprinting_Project/outputs/topology_correction/mesh_qc/s0_original/case_outputs/934__s0_original/segmentation_smoothed.stl,True,0.569416468708167,3.141592653589793,0.5120978954943108,3.139429521357705,-0.0026672578776581893,0.09325379158875731,True,"phaseb_mesh_qc.run_phaseb_for_case (repository implementation, unmodified)",50.0,50.0,50.0,1.0,True,-24.133710448369627,161.80431869664875,-191.43913960714423,-27.088368694085037,162.50441464721854,-194.67208706135278,4.435322866562464,True,/Users/angadkumar16ak/Projects/Automated_Cardiovascular_Segmentation_for_Bioprinting_Project/outputs/topology_correction/mesh_qc/s0_original/case_outputs/934__s0_original/segmentation_repaired.stl,ok,exact_point_to_surface,80742.0,81881.0,0.9206608511460843,0.4616014521744925,0.8485167366018408,23.928653780051754,0.2788570638455203,0.6418037873005641,6523.992371225337,7152.634642332146,628.642271106809,0.09635852332990041,0.8469140169322987,1.8000011444091797,0.5999908447265625,0.0,1.8973647866528067,,,,,,,,,,,,,,,,,,,,,,,
935,s0_original,s0_original,identity,True,0.6000000238418579,0.6000000238418579,0.6000000238418579,True,0.5,,6,7629.120909462013,3865.3204607820694,0.5066534541336353,0.9077395920648226,5,1,117.28801398181972,2.6153394700486534,1.8973666714956023,0,6,6,0,0.0,0.0,6,35320,7629.120909462012,0.8559237914635772,0.8178652321630804,0.8976972559743932,0.7481352947270279,28887,6433,3292,6950.66482858375,678.4560808782617,0.09761024270486975,0.9396264825758686,0.88998899889989,0.9951278928136419,1.3416408398118889,37.32559591917576,0.7621598410466842,1.2349763169437482,0.27922852020724037,909,545.4000216722488,16,14,6,1.1560192755158134,4.059800149892066,True,True,0.8559237914635772,0.0,True,/Users/angadkumar16ak/Projects/Automated_Cardiovascular_Segmentation_for_Bioprinting_Project/outputs/topology_correction/case_outputs/935/mask__s0_original.nii.gz,/Users/angadkumar16ak/Projects/Automated_Cardiovascular_Segmentation_for_Bioprinting_Project/outputs/topology_correction/case_outputs/935/mask__s0_original.nii.gz,ok,3.0,6.0,True,0.0,6.0,8406.092776486093,7504.8488946476355,124.80000495910645,106.20000422000885,91.80000364780426,0.4242640855706679,0.6000000238418579,0.5933260996053271,/Users/angadkumar16ak/Projects/Automated_Cardiovascular_Segmentation_for_Bioprinting_Project/outputs/topology_correction/mesh_qc/s0_original/case_outputs/935__s0_original/segmentation_raw.stl,/Users/angadkumar16ak/Projects/Automated_Cardiovascular_Segmentation_for_Bioprinting_Project/outputs/topology_correction/mesh_qc/s0_original/case_outputs/935__s0_original/segmentation_repaired.stl,/Users/angadkumar16ak/Projects/Automated_Cardiovascular_Segmentation_for_Bioprinting_Project/outputs/topology_correction/mesh_qc/s0_original/case_outputs/935__s0_original/segmentation_smoothed.stl,True,0.5770050973405196,3.141592653589793,0.5230998953874886,3.1387994102710826,-0.0023865139115185705,0.10421857304643262,True,"phaseb_mesh_qc.run_phaseb_for_case (repository implementation, unmodified)",50.0,50.0,50.0,1.0,True,-42.64945051192157,175.13732208495503,33.656894971516365,-45.16373021897937,174.61576491948944,29.762003120653034,4.665169541623619,True,/Users/angadkumar16ak/Projects/Automated_Cardiovascular_Segmentation_for_Bioprinting_Project/outputs/topology_correction/mesh_qc/s0_original/case_outputs/935__s0_original/segmentation_repaired.stl,ok,exact_point_to_surface,79037.0,81890.0,1.5231880846196757,0.7709040186807559,1.628818939461663,37.325597195405955,0.23645328961347603,1.2867347950061996,6835.688829555235,7504.848314185077,669.1594846298412,0.0978920341921679,1.8317669968216508,-1.8000030517578125,0.5999908447265625,2.999998092651367,3.5496462578692225,,,,,,,,,,,,,,,,,,,,,,,
936,s0_original,s0_original,identity,True,0.6000000238418579,0.6000000238418579,0.6000000238418579,True,0.5,,13,6733.368802680047,3598.7764290075474,0.5344689314470856,0.7834463717664005,8,5,6.480000772476227,20.50163218343878,1.2000000476837158,0,13,13,0,0.0,0.0,13,31173,6733.368802680047,0.7898395638385953,0.810958201007282,0.7697929354445798,0.6526734309245347,25280,5893,7560,7093.440845603976,-360.0720429239291,-0.05076126674786846,0.8277877467316073,0.8717201166180758,0.7880710659898477,5.531726894186801,58.76631921822173,1.0529495947589753,0.5808340090489112,1.4450848225518322,686,411.6000163555145,31,17,13,1.6604670823011836,7.414274682590671,True,True,0.7898395638385953,0.0,True,/Users/angadkumar16ak/Projects/Automated_Cardiovascular_Segmentation_for_Bioprinting_Project/outputs/topology_correction/case_outputs/936/mask__s0_original.nii.gz,/Users/angadkumar16ak/Projects/Automated_Cardiovascular_Segmentation_for_Bioprinting_Project/outputs/topology_correction/case_outputs/936/mask__s0_original.nii.gz,ok,3.0,13.0,True,0.0,13.0,6737.483120551909,6638.346791352541,123.00000488758087,106.20000422000885,77.40000307559967,0.4242640855706679,0.6000000238418579,0.5910167186851768,/Users/angadkumar16ak/Projects/Automated_Cardiovascular_Segmentation_for_Bioprinting_Project/outputs/topology_correction/mesh_qc/s0_original/case_outputs/936__s0_original/segmentation_raw.stl,/Users/angadkumar16ak/Projects/Automated_Cardiovascular_Segmentation_for_Bioprinting_Project/outputs/topology_correction/mesh_qc/s0_original/case_outputs/936__s0_original/segmentation_repaired.stl,/Users/angadkumar16ak/Projects/Automated_Cardiovascular_Segmentation_for_Bioprinting_Project/outputs/topology_correction/mesh_qc/s0_original/case_outputs/936__s0_original/segmentation_smoothed.stl,True,0.5966926716042436,3.141592653589793,0.5432461720407875,3.139730255850774,-0.0025301951130291705,0.15962531678054726,True,"phaseb_mesh_qc.run_phaseb_for_case (repository implementation, unmodified)",50.0,42.0,42.0,1.0,True,-35.28917084929,181.92092489078436,-177.34698869567654,-40.64802374415959,180.36698317585802,-177.34350583284257,5.579610320853408,True,/Users/angadkumar16ak/Projects/Automated_Cardiovascular_Segmentation_for_Bioprinting_Project/outputs/topology_correction/mesh_qc/s0_original/case_outputs/936__s0_original/segmentation_repaired.stl,ok,exact_point_to_surface,78931.0,75797.0,2.030568071519854,1.0232401065186096,5.404136523916398,58.76632757617556,1.408081392604019,0.6224866789158353,6981.732115387244,6638.346564807659,-343.38555057958547,-0.0491834325500384,6.244552774188579,19.80000239610672,5.399993896484375,-1.1999969482421875,20.55821056521435,,,,,,,,,,,,,,,,,,,,,,,
937,s0_original,s0_original,identity,True,0.6000000238418579,0.6000000238418579,0.6000000238418579,True,0.5,,9,5836.104695717839,4499.928536433241,0.7710500018505496,0.2342437478999664,5,4,7.12800084972385,6.425823004228813,0.8485281711413358,3,9,9,0,0.0,0.0,9,27019,5836.10469571784,0.7962751665501122,0.8006958066545764,0.7919030711226619,0.6615092954990215,21634,5385,5685,5900.904703442601,-64.8000077247616,-0.010981368278487386,0.8880854385638433,0.8829915560916767,0.8932384341637011,4.284857227390632,87.99568520886372,0.9626021392890762,1.2075067872403382,0.7366076545606446,829,497.4000197649002,24,32,6,1.3562054571720907,6.406247205780169,True,True,0.7962751665501122,0.0,True,/Users/angadkumar16ak/Projects/Automated_Cardiovascular_Segmentation_for_Bioprinting_Project/outputs/topology_correction/case_outputs/937/mask__s0_original.nii.gz,/Users/angadkumar16ak/Projects/Automated_Cardiovascular_Segmentation_for_Bioprinting_Project/outputs/topology_correction/case_outputs/937/mask__s0_original.nii.gz,ok,3.0,9.0,True,0.0,6.0,7103.884941207208,5720.544681942017,129.6000051498413,127.20000505447388,83.40000331401825,0.4242640855706679,0.6000000238418579,0.5880751516054786,/Users/angadkumar16ak/Projects/Automated_Cardiovascular_Segmentation_for_Bioprinting_Project/outputs/topology_correction/mesh_qc/s0_original/case_outputs/937__s0_original/segmentation_raw.stl,/Users/angadkumar16ak/Projects/Automated_Cardiovascular_Segmentation_for_Bioprinting_Project/outputs/topology_correction/mesh_qc/s0_original/case_outputs/937__s0_original/segmentation_repaired.stl,/Users/angadkumar16ak/Projects/Automated_Cardiovascular_Segmentation_for_Bioprinting_Project/outputs/topology_correction/mesh_qc/s0_original/case_outputs/937__s0_original/segmentation_smoothed.stl,True,0.5817267998316221,3.141592653589793,0.522012818616229,3.138680576868271,-0.0034823052161823214,0.061623302120729855,True,"phaseb_mesh_qc.run_phaseb_for_case (repository implementation, unmodified)",50.0,39.0,39.0,1.0,True,-42.73320464096679,164.99868131162606,-163.72768561490798,-42.898665349314484,167.0559283852978,-166.16298946886408,3.192232389603122,True,/Users/angadkumar16ak/Projects/Automated_Cardiovascular_Segmentation_for_Bioprinting_Project/outputs/topology_correction/mesh_qc/s0_original/case_outputs/937__s0_original/segmentation_repaired.stl,ok,exact_point_to_surface,78651.0,77518.0,1.965650070330231,0.9807048950612014,4.509990334028707,87.99569233494904,0.6905918843370952,1.2750581859931358,5786.190251142024,5720.544883265443,-65.64536787658108,-0.011345179647977287,2.542672061377807,26.40000057220459,33.0,4.1999969482421875,42.46881213994155,,,,,,,,,,,,,,,,,,,,,,,
938,s0_original,s0_original,identity,True,0.6000000238418579,0.6000000238418579,0.6000000238418579,True,0.5,,15,9444.817125909849,5373.648640588786,0.5689521108722501,0.6834552616769836,9,6,12.528001493454038,12.820932915456398,0.8485281711413358,1,15,15,0,0.0,0.0,15,43726,9444.81712590985,0.8174046571323799,0.8156474408818551,0.8191694611603657,0.6911955658055389,35665,8061,7873,9404.209121069,40.60800484085121,0.00431806697597503,0.8457351000184254,0.824847250509165,0.8677083333333333,8.65332340496574,79.5401816869699,1.5589487806562077,2.2210327487655723,0.9348703443749636,982,589.2000234127045,26,18,12,2.148068295245715,11.632882925332854,True,True,0.8174046571323799,0.0,True,/Users/angadkumar16ak/Projects/Automated_Cardiovascular_Segmentation_for_Bioprinting_Project/outputs/topology_correction/case_outputs/938/mask__s0_original.nii.gz,/Users/angadkumar16ak/Projects/Automated_Cardiovascular_Segmentation_for_Bioprinting_Project/outputs/topology_correction/case_outputs/938/mask__s0_original.nii.gz,ok,3.0,15.0,True,0.0,13.0,9732.004522997746,9304.381109168575,151.80000603199005,163.20000648498535,91.80000364780426,0.4242640855706679,0.6000000238418579,0.5910608757656917,/Users/angadkumar16ak/Projects/Automated_Cardiovascular_Segmentation_for_Bioprinting_Project/outputs/topology_correction/mesh_qc/s0_original/case_outputs/938__s0_original/segmentation_raw.stl,/Users/angadkumar16ak/Projects/Automated_Cardiovascular_Segmentation_for_Bioprinting_Project/outputs/topology_correction/mesh_qc/s0_original/case_outputs/938__s0_original/segmentation_repaired.stl,/Users/angadkumar16ak/Projects/Automated_Cardiovascular_Segmentation_for_Bioprinting_Project/outputs/topology_correction/mesh_qc/s0_original/case_outputs/938__s0_original/segmentation_smoothed.stl,True,0.5948180944017657,3.141592653589793,0.5372678712365565,3.140633818061232,-0.0023525842990136238,0.14341581667657685,True,"phaseb_mesh_qc.run_phaseb_for_case (repository implementation, unmodified)",50.0,36.0,36.0,1.0,True,-34.686844129861825,175.7010493678394,-221.93657833853595,-38.44327510029381,174.15510199471274,-222.50010766054407,4.101011120792134,True,/Users/angadkumar16ak/Projects/Automated_Cardiovascular_Segmentation_for_Bioprinting_Project/outputs/topology_correction/mesh_qc/s0_original/case_outputs/938__s0_original/segmentation_repaired.stl,ok,exact_point_to_surface,86652.0,87262.0,3.2544827497373836,1.62978636933727,8.715510314874528,79.54017882559404,0.9016509355107896,2.352831814226594,9271.306920988563,9304.381800874795,33.07487988623143,0.0035674452553561653,5.5250017718595545,39.59999942779541,55.79999542236328,-5.399993896484375,68.63642894191996,,,,,,,,,,,,,,,,,,,,,,,
939,s0_original,s0_original,identity,True,0.6000000238418579,0.6000000238418579,0.6000000238418579,True,0.5,,13,7185.456856573138,3831.624456765193,0.5332471592617087,0.6038108123344045,8,5,30.02400357913985,2.9044786779781964,1.0392305258366357,1,13,13,0,0.0,0.0,13,33266,7185.456856573139,0.7655637162111002,0.7598448866710755,0.7713692819433001,0.6201727268266353,25277,7989,7492,7078.104843775783,107.35201279735611,0.015166773474930567,0.8846865184893353,0.8506429277942631,0.9215686274509803,9.979676040048597,41.62979867510348,1.551637060910405,2.502202275526129,0.6393792766961277,1011,606.6000241041183,26,16,10,1.9850912136748995,12.137946778009232,True,True,0.7655637162111002,0.0,True,/Users/angadkumar16ak/Projects/Automated_Cardiovascular_Segmentation_for_Bioprinting_Project/outputs/topology_correction/case_outputs/939/mask__s0_original.nii.gz,/Users/angadkumar16ak/Projects/Automated_Cardiovascular_Segmentation_for_Bioprinting_Project/outputs/topology_correction/case_outputs/939/mask__s0_original.nii.gz,ok,3.0,13.0,True,0.0,13.0,8807.734538444649,7039.980839231048,131.40000522136688,107.40000426769257,89.40000355243683,0.4242640855706679,0.6000000238418579,0.591567845949258,/Users/angadkumar16ak/Projects/Automated_Cardiovascular_Segmentation_for_Bioprinting_Project/outputs/topology_correction/mesh_qc/s0_original/case_outputs/939__s0_original/segmentation_raw.stl,/Users/angadkumar16ak/Projects/Automated_Cardiovascular_Segmentation_for_Bioprinting_Project/outputs/topology_correction/mesh_qc/s0_original/case_outputs/939__s0_original/segmentation_repaired.stl,/Users/angadkumar16ak/Projects/Automated_Cardiovascular_Segmentation_for_Bioprinting_Project/outputs/topology_correction/mesh_qc/s0_original/case_outputs/939__s0_original/segmentation_smoothed.stl,True,0.580139327438476,3.141592653589793,0.5275394288217843,3.1383253803504267,-0.0034039396705354296,0.05483075813142548,True,"phaseb_mesh_qc.run_phaseb_for_case (repository implementation, unmodified)",50.0,46.0,46.0,1.0,True,-30.404956979601934,179.8170481735942,122.82523951620475,-31.517683137776775,179.74504680720418,122.48418450477088,1.1660455482839107,True,/Users/angadkumar16ak/Projects/Automated_Cardiovascular_Segmentation_for_Bioprinting_Project/outputs/topology_correction/mesh_qc/s0_original/case_outputs/939__s0_original/segmentation_repaired.stl,ok,exact_point_to_surface,82419.0,83652.0,3.173265964458905,1.5939977246056138,11.19166620906567,41.62980085026126,0.5946864038422129,2.578579560616692,6945.273771334796,7039.980139664939,94.70636833014305,0.013636088575949923,5.871162312670301,10.800004959106445,1.199981689453125,-1.20001220703125,10.93252452404158,,,,,,,,,,,,,,,,,,,,,,,
940,s0_original,s0_original,identity,True,0.6000000238418579,0.6000000238418579,0.6000000238418579,True,0.5,,15,5312.088633250261,2601.288310097707,0.48969218883422116,0.8959561571037117,11,4,15.552001853942945,3.0297059744675296,0.8485281711413358,2,15,15,0,0.0,0.0,15,24593,5312.088633250261,0.7542772367256108,0.6408734192656447,0.9164437725316897,0.6054936611601998,15761,8832,1437,3714.7684428348716,1597.3201904153898,0.4299918595185486,0.8392898022434713,0.735224586288416,0.9776714513556619,15.42006321955909,39.18418203845311,2.2727010484477965,3.7588286322914723,0.30267151428629013,846,507.6000201702118,32,16,12,2.953912744074744,23.99965716172808,True,True,0.7542772367256108,0.0,True,/Users/angadkumar16ak/Projects/Automated_Cardiovascular_Segmentation_for_Bioprinting_Project/outputs/topology_correction/case_outputs/940/mask__s0_original.nii.gz,/Users/angadkumar16ak/Projects/Automated_Cardiovascular_Segmentation_for_Bioprinting_Project/outputs/topology_correction/case_outputs/940/mask__s0_original.nii.gz,ok,3.0,15.0,True,0.0,13.0,6927.110639950858,5189.382618622568,109.80000436306,87.60000348091125,83.40000331401825,0.4242640855706679,0.6000000238418579,0.5905645296866384,/Users/angadkumar16ak/Projects/Automated_Cardiovascular_Segmentation_for_Bioprinting_Project/outputs/topology_correction/mesh_qc/s0_original/case_outputs/940__s0_original/segmentation_raw.stl,/Users/angadkumar16ak/Projects/Automated_Cardiovascular_Segmentation_for_Bioprinting_Project/outputs/topology_correction/mesh_qc/s0_original/case_outputs/940__s0_original/segmentation_repaired.stl,/Users/angadkumar16ak/Projects/Automated_Cardiovascular_Segmentation_for_Bioprinting_Project/outputs/topology_correction/mesh_qc/s0_original/case_outputs/940__s0_original/segmentation_smoothed.stl,True,0.57857592580655,3.141592653589793,0.5233590482979079,3.1390681568968852,-0.004571261559977289,0.043305005489366895,True,"phaseb_mesh_qc.run_phaseb_for_case (repository implementation, unmodified)",50.0,46.0,46.0,1.0,True,-25.149111970590795,149.9548561060525,-200.55298233568337,-27.68447951237416,149.44031748811454,-201.89101955912295,2.9125902857401744,True,/Users/angadkumar16ak/Projects/Automated_Cardiovascular_Segmentation_for_Bioprinting_Project/outputs/topology_correction/mesh_qc/s0_original/case_outputs/940__s0_original/segmentation_repaired.stl,ok,exact_point_to_surface,69758.0,76574.0,4.230522816601599,2.201715236368126,14.86740661171493,39.24894909878462,0.25919310302673504,3.9713297135748644,3627.432491110129,5189.382313684133,1561.949822574004,0.43059376746553574,7.119160081013983,22.199996948242188,0.5999908447265625,4.1999969482421875,22.601766034559375,,,,,,,,,,,,,,,,,,,,,,,
941,s0_original,s0_original,identity,True,0.6000000238418579,0.6000000238418579,0.6000000238418579,True,0.5,,6,4611.168549694084,2538.864302656186,0.5505902192242833,0.7333673643015144,5,1,77.76000926971471,2.5455845134240076,1.2000000476837158,0,6,6,0,0.0,0.0,6,21348,4611.168549694084,0.7993467448593274,0.7566048341765037,0.84720692368214,0.665759861506121,16152,5196,2913,4118.040490908642,493.1280587854417,0.11974822974036213,0.8739677003118416,0.8488549618320611,0.900611620795107,4.2426408557066795,23.299786332587406,0.81060528390856,1.007553716322371,0.6082270532139837,655,393.00001561641693,14,6,5,1.3885618542878486,8.842601882665212,True,True,0.7993467448593274,0.0,True,/Users/angadkumar16ak/Projects/Automated_Cardiovascular_Segmentation_for_Bioprinting_Project/outputs/topology_correction/case_outputs/941/mask__s0_original.nii.gz,/Users/angadkumar16ak/Projects/Automated_Cardiovascular_Segmentation_for_Bioprinting_Project/outputs/topology_correction/case_outputs/941/mask__s0_original.nii.gz,ok,3.0,6.0,True,0.0,6.0,5753.83024374552,4516.68653843095,93.00000369548798,76.80000305175781,89.40000355243683,0.4242640855706679,0.6000000238418579,0.589288742946971,/Users/angadkumar16ak/Projects/Automated_Cardiovascular_Segmentation_for_Bioprinting_Project/outputs/topology_correction/mesh_qc/s0_original/case_outputs/941__s0_original/segmentation_raw.stl,/Users/angadkumar16ak/Projects/Automated_Cardiovascular_Segmentation_for_Bioprinting_Project/outputs/topology_correction/mesh_qc/s0_original/case_outputs/941__s0_original/segmentation_repaired.stl,/Users/angadkumar16ak/Projects/Automated_Cardiovascular_Segmentation_for_Bioprinting_Project/outputs/topology_correction/mesh_qc/s0_original/case_outputs/941__s0_original/segmentation_smoothed.stl,True,0.5788229983163711,3.141592653589793,0.5266624424672995,3.139242242332805,-0.0034417015329060163,0.04745175192055462,True,"phaseb_mesh_qc.run_phaseb_for_case (repository implementation, unmodified)",50.0,50.0,50.0,1.0,True,-26.67010290483779,164.9325670193806,14.803067236295547,-28.810990815636227,165.51579688943278,14.529361447833093,2.2357265008407965,True,/Users/angadkumar16ak/Projects/Automated_Cardiovascular_Segmentation_for_Bioprinting_Project/outputs/topology_correction/mesh_qc/s0_original/case_outputs/941__s0_original/segmentation_repaired.stl,ok,exact_point_to_surface,71604.0,72188.0,1.6134613915838365,0.8077124214683707,4.705318132185273,23.299790200530953,0.5650110066336244,1.0484503849502123,4027.1133373064135,4516.686140570311,489.57280326389764,0.1215691643760279,4.258377812859397,-3.000001907348633,6.600006103515625,-1.8000030517578125,7.4699466528802185,,,,,,,,,,,,,,,,,,,,,,,
942,s0_original,s0_original,identity,True,0.6000000238418579,0.6000000238418579,0.6000000238418579,True,0.5,,11,5025.888599132561,2638.4403145265705,0.5249699157641398,0.7471142038477282,7,4,32.616003888130344,2.804540879947298,0.8485281711413358,3,11,11,0,0.0,0.0,11,23268,5025.8885991325615,0.7898102704655067,0.798822417053464,0.780999201647128,0.6526334269662921,18587,4681,5212,5140.584612805391,-114.6960136728294,-0.02231186184293461,0.8982803712361422,0.9112081513828238,0.8857142857142857,5.564171318397717,24.029982228266608,0.9775745063908229,0.9644633149682602,0.9892672445932869,687,412.2000163793564,19,17,7,1.182131409018955,6.572670951236461,True,True,0.7898102704655067,0.0,True,/Users/angadkumar16ak/Projects/Automated_Cardiovascular_Segmentation_for_Bioprinting_Project/outputs/topology_correction/case_outputs/942/mask__s0_original.nii.gz,/Users/angadkumar16ak/Projects/Automated_Cardiovascular_Segmentation_for_Bioprinting_Project/outputs/topology_correction/case_outputs/942/mask__s0_original.nii.gz,ok,3.0,11.0,True,0.0,8.0,6096.418172628459,4924.494587045453,93.60000371932983,79.8000031709671,79.20000314712524,0.4242640855706679,0.6000000238418579,0.5903402491409951,/Users/angadkumar16ak/Projects/Automated_Cardiovascular_Segmentation_for_Bioprinting_Project/outputs/topology_correction/mesh_qc/s0_original/case_outputs/942__s0_original/segmentation_raw.stl,/Users/angadkumar16ak/Projects/Automated_Cardiovascular_Segmentation_for_Bioprinting_Project/outputs/topology_correction/mesh_qc/s0_original/case_outputs/942__s0_original/segmentation_repaired.stl,/Users/angadkumar16ak/Projects/Automated_Cardiovascular_Segmentation_for_Bioprinting_Project/outputs/topology_correction/mesh_qc/s0_original/case_outputs/942__s0_original/segmentation_smoothed.stl,True,0.5945452897238205,3.141592653589793,0.5487517522823558,3.1391116588636274,-0.0034641139153921,0.06210245831184459,True,"phaseb_mesh_qc.run_phaseb_for_case (repository implementation, unmodified)",50.0,50.0,50.0,1.0,True,-24.51911266173451,152.39837033535088,-212.49498227163855,-27.670240462613695,151.4555487342471,-212.48006891613502,3.289185521850959,True,/Users/angadkumar16ak/Projects/Automated_Cardiovascular_Segmentation_for_Bioprinting_Project/outputs/topology_correction/mesh_qc/s0_original/case_outputs/942__s0_original/segmentation_repaired.stl,ok,exact_point_to_surface,75319.0,73412.0,1.8962417365222684,0.9479021755419466,5.575596953548123,24.029976549079716,0.9310645563484474,0.9651771801738208,5036.544599799642,4924.4949410128565,-112.04965878678559,-0.022247327819005715,3.8444716292634618,-0.6000003814697266,1.1999969482421875,0.0,1.3416382275242387,,,,,,,,,,,,,,,,,,,,,,,
943,s0_original,s0_original,identity,True,0.6000000238418579,0.6000000238418579,0.6000000238418579,True,0.5,,17,5524.632658587482,2703.456322277082,0.4893458967040701,0.7168424416746564,13,4,34.992004171371626,3.6675911492207396,1.2000000476837158,0,17,17,0,0.0,0.0,17,25577,5524.632658587482,0.7447150681738726,0.6246236853422997,0.9219759926131117,0.5932637676853949,15976,9601,1352,3742.8484461822686,1781.7842124052136,0.4760503231763621,0.7944080952574472,0.6670761670761671,0.9818181818181818,17.52780283984217,41.434769655956664,2.6543017938511806,4.3289707395956505,0.2580081181407069,814,488.40001940727234,35,9,16,3.567475670115025,22.96704416729982,True,True,0.7447150681738726,0.0,True,/Users/angadkumar16ak/Projects/Automated_Cardiovascular_Segmentation_for_Bioprinting_Project/outputs/topology_correction/case_outputs/943/mask__s0_original.nii.gz,/Users/angadkumar16ak/Projects/Automated_Cardiovascular_Segmentation_for_Bioprinting_Project/outputs/topology_correction/case_outputs/943/mask__s0_original.nii.gz,ok,3.0,17.0,True,0.0,17.0,7084.247928820034,5397.642643449093,94.20000374317169,89.40000355243683,97.20000386238098,0.4242640855706679,0.6000000238418579,0.5890598837689486,/Users/angadkumar16ak/Projects/Automated_Cardiovascular_Segmentation_for_Bioprinting_Project/outputs/topology_correction/mesh_qc/s0_original/case_outputs/943__s0_original/segmentation_raw.stl,/Users/angadkumar16ak/Projects/Automated_Cardiovascular_Segmentation_for_Bioprinting_Project/outputs/topology_correction/mesh_qc/s0_original/case_outputs/943__s0_original/segmentation_repaired.stl,/Users/angadkumar16ak/Projects/Automated_Cardiovascular_Segmentation_for_Bioprinting_Project/outputs/topology_correction/mesh_qc/s0_original/case_outputs/943__s0_original/segmentation_smoothed.stl,True,0.5681323625904181,3.141592653589793,0.5068464051968578,3.1404415419260645,-0.004526101134101641,0.04746451890370255,True,"phaseb_mesh_qc.run_phaseb_for_case (repository implementation, unmodified)",50.0,50.0,50.0,1.0,True,-15.402583407871916,185.58281075133203,-227.77557098418072,-17.45015205596884,185.90143201396566,-230.15032310307916,3.1517462626113084,True,/Users/angadkumar16ak/Projects/Automated_Cardiovascular_Segmentation_for_Bioprinting_Project/outputs/topology_correction/mesh_qc/s0_original/case_outputs/943__s0_original/segmentation_repaired.stl,ok,exact_point_to_surface,68869.0,77348.0,4.682453107945147,2.4642803779584903,16.69034361775794,41.30205892460009,0.21921204969744187,4.463241058247705,3663.288475057168,5397.641891589031,1734.3534165318629,0.47344167087600086,7.203214239299272,0.6000022888183594,0.5999908447265625,20.4000244140625,20.417663623801058,,,,,,,,,,,,,,,,,,,,,,,
944,s0_original,s0_original,identity,True,0.6000000238418579,0.6000000238418579,0.6000000238418579,True,0.5,,20,9141.121089706467,5402.808644064929,0.5910444234404535,0.6111621956582578,16,4,16.632001982688983,3.888444573557615,1.3416408398118889,0,20,20,0,0.0,0.0,20,42320,9141.121089706465,0.829326074902969,0.7775519848771266,0.8884868776325737,0.7084176533907427,32906,9414,4130,7999.776953647652,1141.344136058813,0.14267199481585488,0.90248219931116,0.8327645051194539,0.9849397590361446,3.0594118297257697,87.33659374050235,1.4411847678977294,2.4844224425492807,0.3211819137903211,1172,703.2000279426575,45,25,20,2.01012686426818,5.520304349582859,True,True,0.829326074902969,0.0,True,/Users/angadkumar16ak/Projects/Automated_Cardiovascular_Segmentation_for_Bioprinting_Project/outputs/topology_correction/case_outputs/944/mask__s0_original.nii.gz,/Users/angadkumar16ak/Projects/Automated_Cardiovascular_Segmentation_for_Bioprinting_Project/outputs/topology_correction/case_outputs/944/mask__s0_original.nii.gz,ok,3.0,20.0,False,52.0,20.0,10699.624853771855,not_watertight,160.500006377697,120.60000479221344,104.7000041604042,0.4242640855706679,0.6000000238418579,0.5902294414126041,/Users/angadkumar16ak/Projects/Automated_Cardiovascular_Segmentation_for_Bioprinting_Project/outputs/topology_correction/mesh_qc/s0_original/case_outputs/944__s0_original/segmentation_raw.stl,/Users/angadkumar16ak/Projects/Automated_Cardiovascular_Segmentation_for_Bioprinting_Project/outputs/topology_correction/mesh_qc/s0_original/case_outputs/944__s0_original/segmentation_repaired.stl,/Users/angadkumar16ak/Projects/Automated_Cardiovascular_Segmentation_for_Bioprinting_Project/outputs/topology_correction/mesh_qc/s0_original/case_outputs/944__s0_original/segmentation_smoothed.stl,True,0.5858014513440688,3.141592653589793,0.5353553730635052,3.140745013755818,not_watertight,0.08260869565217391,False,"phaseb_mesh_qc.run_phaseb_for_case (repository implementation, unmodified)",50.0,44.0,43.0,0.9772727272727273,False,-39.747770086128,159.47889826418606,148.34060922719976,-42.94964807103831,158.37939124847586,146.79233855446307,3.722644273081407,False,/Users/angadkumar16ak/Projects/Automated_Cardiovascular_Segmentation_for_Bioprinting_Project/outputs/topology_correction/mesh_qc/s0_original/case_outputs/944__s0_original/segmentation_repaired.stl,ok,exact_point_to_surface,85080.0,91127.0,2.8384272974269558,1.4585516794304663,3.461873352749828,87.20974862875109,0.27292021749993106,2.5655070799270248,7863.237086095995,,,,3.4319895489287338,45.90000534057617,15.0,15.300003051757812,50.65471926334919,,,,,,,,,,,,,,,,,,,,,,,
945,s0_original,s0_original,identity,True,0.6000000238418579,0.6000000238418579,0.6000000238418579,True,0.5,,8,7230.816861980473,3931.2004686355776,0.5436730792209343,0.6812087912087913,8,0,78.73200938558615,4.60868763185395,1.8000000715255737,0,8,8,0,0.0,0.0,8,33476,7230.816861980473,0.7595457537853851,0.689299796869399,0.8457337633778038,0.6123125912166645,23075,10401,4209,5893.344702541379,1337.472159439094,0.22694619557249684,0.8067252844830083,0.6881720430107527,0.9746268656716418,14.00714159250828,38.254413030401935,1.948161256236146,3.256540973991024,0.3751387474977427,930,558.0000221729279,28,16,8,2.7641292196555884,17.59573366832505,True,True,0.7595457537853851,0.0,True,/Users/angadkumar16ak/Projects/Automated_Cardiovascular_Segmentation_for_Bioprinting_Project/outputs/topology_correction/case_outputs/945/mask__s0_original.nii.gz,/Users/angadkumar16ak/Projects/Automated_Cardiovascular_Segmentation_for_Bioprinting_Project/outputs/topology_correction/case_outputs/945/mask__s0_original.nii.gz,ok,3.0,8.0,True,0.0,8.0,8510.74541324993,7094.412845719845,108.60000431537628,119.40000474452972,85.20000338554382,0.4242640855706679,0.6000000238418579,0.5893659570549524,/Users/angadkumar16ak/Projects/Automated_Cardiovascular_Segmentation_for_Bioprinting_Project/outputs/topology_correction/mesh_qc/s0_original/case_outputs/945__s0_original/segmentation_raw.stl,/Users/angadkumar16ak/Projects/Automated_Cardiovascular_Segmentation_for_Bioprinting_Project/outputs/topology_correction/mesh_qc/s0_original/case_outputs/945__s0_original/segmentation_repaired.stl,/Users/angadkumar16ak/Projects/Automated_Cardiovascular_Segmentation_for_Bioprinting_Project/outputs/topology_correction/mesh_qc/s0_original/case_outputs/945__s0_original/segmentation_smoothed.stl,True,0.5807550724776147,3.141592653589793,0.5228868095153096,3.1362028389896777,-0.0029256612648491114,0.07793643207073725,True,"phaseb_mesh_qc.run_phaseb_for_case (repository implementation, unmodified)",50.0,43.0,43.0,1.0,True,-44.630863796896875,184.95638143549414,-195.00662226304598,-48.10107073356361,184.92305471063221,-196.7816468231047,3.8979685789769474,True,/Users/angadkumar16ak/Projects/Automated_Cardiovascular_Segmentation_for_Bioprinting_Project/outputs/topology_correction/mesh_qc/s0_original/case_outputs/945__s0_original/segmentation_repaired.stl,ok,exact_point_to_surface,75005.0,82807.0,3.5558088591809502,1.8498816618588343,13.53196379175108,38.254403971541954,0.322012225189778,3.2337966339911723,5795.127091349074,7094.412777282222,1299.2856859331478,0.22420313919822613,1.852932888176532,1.1999969482421875,24.599998474121094,6.0,25.349554583908386,,,,,,,,,,,,,,,,,,,,,,,
946,s0_original,s0_original,identity,True,0.6000000238418579,0.6000000238418579,0.6000000238418579,True,0.5,,9,5091.120606908821,2859.40834086801,0.5616461603733561,0.7693760386765371,4,5,3.6720004377365285,5.660359016496827,0.8485281711413358,2,9,9,0,0.0,0.0,9,23570,5091.120606908822,0.6564993941419797,0.6666100975816717,0.6466908133026013,0.48864837967282454,15712,7858,8584,5247.936625602747,-156.8160186939249,-0.02988146196904844,0.7718800859370437,0.7589424572317263,0.7852664576802508,14.72141356063875,41.99142936520388,2.4240454871607438,2.480097571977415,2.3715052014516678,643,385.80001533031464,20,14,7,2.977137551785514,16.810711539343913,True,True,0.6564993941419797,0.0,True,/Users/angadkumar16ak/Projects/Automated_Cardiovascular_Segmentation_for_Bioprinting_Project/outputs/topology_correction/case_outputs/946/mask__s0_original.nii.gz,/Users/angadkumar16ak/Projects/Automated_Cardiovascular_Segmentation_for_Bioprinting_Project/outputs/topology_correction/case_outputs/946/mask__s0_original.nii.gz,ok,3.0,9.0,True,0.0,7.0,5896.751464343026,5000.049596052311,138.60000550746918,79.20000314712524,91.80000364780426,0.4242640855706679,0.6000000238418579,0.5911455889129876,/Users/angadkumar16ak/Projects/Automated_Cardiovascular_Segmentation_for_Bioprinting_Project/outputs/topology_correction/mesh_qc/s0_original/case_outputs/946__s0_original/segmentation_raw.stl,/Users/angadkumar16ak/Projects/Automated_Cardiovascular_Segmentation_for_Bioprinting_Project/outputs/topology_correction/mesh_qc/s0_original/case_outputs/946__s0_original/segmentation_repaired.stl,/Users/angadkumar16ak/Projects/Automated_Cardiovascular_Segmentation_for_Bioprinting_Project/outputs/topology_correction/mesh_qc/s0_original/case_outputs/946__s0_original/segmentation_smoothed.stl,True,0.5823468397196827,3.141592653589793,0.5281955131980184,3.140926672386916,-0.002982707516707219,0.07335596096733135,True,"phaseb_mesh_qc.run_phaseb_for_case (repository implementation, unmodified)",50.0,39.0,39.0,1.0,True,-32.43542420325463,177.32763914236034,-186.59613670256363,-34.52360364969119,176.68758012005324,-188.45756110969975,2.869681127937198,True,/Users/angadkumar16ak/Projects/Automated_Cardiovascular_Segmentation_for_Bioprinting_Project/outputs/topology_correction/mesh_qc/s0_original/case_outputs/946__s0_original/segmentation_repaired.stl,ok,exact_point_to_surface,73159.0,72568.0,4.798096705353744,2.3983516176855364,14.817333931625159,41.99142926641119,2.2272495369705605,2.570847168383184,5163.2915982429995,5000.049729438067,-163.2418688049329,-0.03161585312370929,7.801003026846732,36.0,6.0,10.199996948242188,37.89511759770841,,,,,,,,,,,,,,,,,,,,,,,
947,s0_original,s0_original,identity,True,0.6000000238418579,0.6000000238418579,0.6000000238418579,True,0.5,,12,10604.521264157343,6460.1287701073,0.609186271514411,0.5635950247425439,11,1,40.93200487947483,16.133196232774097,1.3416408398118889,0,12,12,0,0.0,0.0,12,49095,10604.521264157345,0.8010061658333077,0.7978001833180568,0.8042380189725268,0.6680652919203807,39168,9927,9534,10519.633254037906,84.88801011943906,0.008069483799433334,0.885662975543566,0.8873114463176575,0.884020618556701,9.48683335747801,51.01411772071877,1.6322108139695497,2.0566943573071,1.2373519461536673,1127,676.2000268697739,34,25,12,1.8950363583556868,10.312440019980542,True,True,0.8010061658333077,0.0,True,/Users/angadkumar16ak/Projects/Automated_Cardiovascular_Segmentation_for_Bioprinting_Project/outputs/topology_correction/case_outputs/947/mask__s0_original.nii.gz,/Users/angadkumar16ak/Projects/Automated_Cardiovascular_Segmentation_for_Bioprinting_Project/outputs/topology_correction/case_outputs/947/mask__s0_original.nii.gz,ok,3.0,12.0,True,0.0,12.0,11073.873038535497,10444.690245104006,129.6000051498413,116.40000462532043,95.40000379085541,0.4242640855706679,0.6000000238418579,0.5921840429746777,/Users/angadkumar16ak/Projects/Automated_Cardiovascular_Segmentation_for_Bioprinting_Project/outputs/topology_correction/mesh_qc/s0_original/case_outputs/947__s0_original/segmentation_raw.stl,/Users/angadkumar16ak/Projects/Automated_Cardiovascular_Segmentation_for_Bioprinting_Project/outputs/topology_correction/mesh_qc/s0_original/case_outputs/947__s0_original/segmentation_repaired.stl,/Users/angadkumar16ak/Projects/Automated_Cardiovascular_Segmentation_for_Bioprinting_Project/outputs/topology_correction/mesh_qc/s0_original/case_outputs/947__s0_original/segmentation_smoothed.stl,True,0.5881799049434587,3.141592653589793,0.5329504416976264,3.139391231138925,-0.00235660016189239,0.13551278134229555,True,"phaseb_mesh_qc.run_phaseb_for_case (repository implementation, unmodified)",50.0,49.0,49.0,1.0,True,-20.8096505789228,182.26459244231438,152.241878473318,-25.901027171273917,179.9295147700868,151.60378785364892,5.6375405080040295,True,/Users/angadkumar16ak/Projects/Automated_Cardiovascular_Segmentation_for_Bioprinting_Project/outputs/topology_correction/mesh_qc/s0_original/case_outputs/947__s0_original/segmentation_repaired.stl,ok,exact_point_to_surface,92021.0,92190.0,3.4251931143764303,1.7130415904490184,10.809872899935854,51.014118313796736,1.2275076695794591,2.197685444796971,10364.464419692345,10444.690191731415,80.22577203906985,0.007740464802661867,5.187938365998793,15.600006103515625,-4.79998779296875,-0.600006103515625,16.332791572986835,,,,,,,,,,,,,,,,,,,,,,,
948,s0_original,s0_original,identity,True,0.6000000238418579,0.6000000238418579,0.6000000238418579,True,0.5,,10,10228.033219276478,4530.600540089628,0.44295911471532345,0.7128486293206199,6,4,34.88400415849702,3.0000001192092896,0.8485281711413358,2,10,10,0,0.0,0.0,10,47352,10228.033219276476,0.8563196903384723,0.822267274877513,0.8933143669985776,0.7487404330602669,38936,8416,4650,9414.577122304961,813.4560969715149,0.0864038911577111,0.95125284738041,0.9363228699551569,0.9666666666666667,0.8485281711413358,73.51898006334143,0.5022404755216748,0.6193933361896533,0.3873495542407612,1115,669.0000265836716,22,16,6,0.826547099527458,2.2286617872662076,True,True,0.8563196903384723,0.0,True,/Users/angadkumar16ak/Projects/Automated_Cardiovascular_Segmentation_for_Bioprinting_Project/outputs/topology_correction/case_outputs/948/mask__s0_original.nii.gz,/Users/angadkumar16ak/Projects/Automated_Cardiovascular_Segmentation_for_Bioprinting_Project/outputs/topology_correction/case_outputs/948/mask__s0_original.nii.gz,ok,3.0,10.0,True,0.0,7.0,10738.419101005875,10078.228201418327,155.4000061750412,102.6000040769577,87.0000034570694,0.4242640855706679,0.6000000238418579,0.5924751638176077,/Users/angadkumar16ak/Projects/Automated_Cardiovascular_Segmentation_for_Bioprinting_Project/outputs/topology_correction/mesh_qc/s0_original/case_outputs/948__s0_original/segmentation_raw.stl,/Users/angadkumar16ak/Projects/Automated_Cardiovascular_Segmentation_for_Bioprinting_Project/outputs/topology_correction/mesh_qc/s0_original/case_outputs/948__s0_original/segmentation_repaired.stl,/Users/angadkumar16ak/Projects/Automated_Cardiovascular_Segmentation_for_Bioprinting_Project/outputs/topology_correction/mesh_qc/s0_original/case_outputs/948__s0_original/segmentation_smoothed.stl,True,0.585696353019086,3.141592653589793,0.5330019113861311,3.140081923366766,-0.0021476821072841045,0.12489440783916202,True,"phaseb_mesh_qc.run_phaseb_for_case (repository implementation, unmodified)",50.0,40.0,40.0,1.0,True,-43.20801939587825,196.61551125093598,146.47674831717043,-47.40272867378289,196.37240929632836,145.878728344358,4.244091466304169,True,/Users/angadkumar16ak/Projects/Automated_Cardiovascular_Segmentation_for_Bioprinting_Project/outputs/topology_correction/mesh_qc/s0_original/case_outputs/948__s0_original/segmentation_repaired.stl,ok,exact_point_to_surface,88743.0,90874.0,0.9619955447536709,0.482677409648762,0.9486784728100077,73.5189748039208,0.3394250798045175,0.6225704649491534,9264.618888547624,10078.227835148567,813.6089466009435,0.08781893312488859,2.407567071782761,33.59999752044678,1.1999969482421875,0.0,33.6214191557974,,,,,,,,,,,,,,,,,,,,,,,
949,s0_original,s0_original,identity,True,0.6000000238418579,0.6000000238418579,0.6000000238418579,True,0.5,,5,5768.928687709837,3673.0804378652747,0.6367006140482252,0.5378418112319906,4,1,91.584010917664,26.05627003069683,2.2449945212724285,0,5,5,0,0.0,0.0,5,26708,5768.928687709836,0.8260036146557862,0.8470495731615996,0.8059781253339984,0.7035827579772346,22623,4085,5446,6062.904722754507,-293.97603504467133,-0.04848765542057071,0.9156830700320804,0.9219143576826196,0.9095354523227384,2.2449945212724285,33.395809447211974,0.8444751113732429,1.0813197624368274,0.6350511800477867,794,476.4000189304352,15,13,4,1.3297307271769743,4.52990084116453,True,True,0.8260036146557862,0.0,True,/Users/angadkumar16ak/Projects/Automated_Cardiovascular_Segmentation_for_Bioprinting_Project/outputs/topology_correction/case_outputs/949/mask__s0_original.nii.gz,/Users/angadkumar16ak/Projects/Automated_Cardiovascular_Segmentation_for_Bioprinting_Project/outputs/topology_correction/case_outputs/949/mask__s0_original.nii.gz,ok,3.0,5.0,True,0.0,5.0,6928.119580773138,5657.29267440179,108.00000429153442,93.00000369548798,94.20000374317169,0.4242640855706679,0.6000000238418579,0.5905863270335654,/Users/angadkumar16ak/Projects/Automated_Cardiovascular_Segmentation_for_Bioprinting_Project/outputs/topology_correction/mesh_qc/s0_original/case_outputs/949__s0_original/segmentation_raw.stl,/Users/angadkumar16ak/Projects/Automated_Cardiovascular_Segmentation_for_Bioprinting_Project/outputs/topology_correction/mesh_qc/s0_original/case_outputs/949__s0_original/segmentation_repaired.stl,/Users/angadkumar16ak/Projects/Automated_Cardiovascular_Segmentation_for_Bioprinting_Project/outputs/topology_correction/mesh_qc/s0_original/case_outputs/949__s0_original/segmentation_smoothed.stl,True,0.5696252221461595,3.141592653589793,0.5121158221235956,3.140766203507072,-0.003319108187901157,0.06241575557885278,True,"phaseb_mesh_qc.run_phaseb_for_case (repository implementation, unmodified)",50.0,48.0,48.0,1.0,True,-39.18379382808551,178.26989864320637,-1123.812723687796,-40.51502148086637,178.35642352309756,-1127.0256625693978,3.478883423639973,True,/Users/angadkumar16ak/Projects/Automated_Cardiovascular_Segmentation_for_Bioprinting_Project/outputs/topology_correction/mesh_qc/s0_original/case_outputs/949__s0_original/segmentation_repaired.stl,ok,exact_point_to_surface,77721.0,76572.0,1.7289155886638354,0.8624198697971878,2.5095026586595295,33.28243296754182,0.590795922933216,1.1381196657306194,5947.433399855211,5657.2922280885,-290.1411717667106,-0.04878426579333768,3.0856645645679768,4.799995422363281,0.0,-3.5999755859375,5.999981689476602,,,,,,,,,,,,,,,,,,,,,,,
950,s0_original,s0_original,identity,True,0.6000000238418579,0.6000000238418579,0.6000000238418579,True,0.5,,17,5590.51266644099,2467.584294158947,0.44138783710686963,0.7480742296918768,11,6,11.448001364708,6.392167473431693,0.8485281711413358,1,17,17,0,0.0,0.0,17,25882,5590.51266644099,0.7521931331455141,0.634417742060119,0.9236654103617034,0.6028121443518485,16420,9462,1357,3839.832457743663,1750.680208697327,0.4559261967711087,0.8165626124492622,0.706266318537859,0.9676840215439856,14.938670423625384,62.431725186502426,2.2774336991685145,3.727728687916877,0.3311224772312936,766,459.60001826286316,29,9,14,3.233850049361955,19.19518257338545,True,True,0.7521931331455141,0.0,True,/Users/angadkumar16ak/Projects/Automated_Cardiovascular_Segmentation_for_Bioprinting_Project/outputs/topology_correction/case_outputs/950/mask__s0_original.nii.gz,/Users/angadkumar16ak/Projects/Automated_Cardiovascular_Segmentation_for_Bioprinting_Project/outputs/topology_correction/case_outputs/950/mask__s0_original.nii.gz,ok,3.0,17.0,True,0.0,16.0,6846.0631113959225,5472.900652420548,116.40000462532043,112.80000448226929,82.80000329017639,0.4242640855706679,0.6000000238418579,0.5890888061572291,/Users/angadkumar16ak/Projects/Automated_Cardiovascular_Segmentation_for_Bioprinting_Project/outputs/topology_correction/mesh_qc/s0_original/case_outputs/950__s0_original/segmentation_raw.stl,/Users/angadkumar16ak/Projects/Automated_Cardiovascular_Segmentation_for_Bioprinting_Project/outputs/topology_correction/mesh_qc/s0_original/case_outputs/950__s0_original/segmentation_repaired.stl,/Users/angadkumar16ak/Projects/Automated_Cardiovascular_Segmentation_for_Bioprinting_Project/outputs/topology_correction/mesh_qc/s0_original/case_outputs/950__s0_original/segmentation_smoothed.stl,True,0.5831491057036603,3.141592653589793,0.5322701056085473,3.139064153741435,-0.0037702170313134832,0.06212811992890812,True,"phaseb_mesh_qc.run_phaseb_for_case (repository implementation, unmodified)",50.0,50.0,50.0,1.0,True,-26.9565103479123,186.20428183606415,155.74546371098324,-29.571536968713946,186.1910732433047,154.8020417277,2.7800330453010953,True,/Users/angadkumar16ak/Projects/Automated_Cardiovascular_Segmentation_for_Bioprinting_Project/outputs/topology_correction/mesh_qc/s0_original/case_outputs/950__s0_original/segmentation_repaired.stl,ok,exact_point_to_surface,68997.0,76425.0,4.098488718950355,2.1398056737879805,14.256299269159177,62.43172590254053,0.2762762051945553,3.822212513755799,3760.866193001006,5472.900486276941,1712.0342932759345,0.45522339945569995,4.961533824847261,7.1999969482421875,24.600006103515625,7.1999969482421875,26.624053267720143,,,,,,,,,,,,,,,,,,,,,,,
951,s0_original,s0_original,identity,True,0.6000000238418579,0.6000000238418579,0.6000000238418579,True,0.5,,10,10002.097192342804,5578.848665050533,0.5577678918498683,0.6551417066749264,8,2,74.30400885772741,5.161395365320993,0.8485281711413358,1,10,10,0,0.0,0.0,10,46306,10002.097192342806,0.8016880588489024,0.7425387638750918,0.8710764319914879,0.6690144955734993,34384,11922,5089,8526.169016398471,1475.9281759443347,0.17310566716489745,0.8840572038186533,0.8285431119920713,0.9475446428571429,7.022820225493567,95.73150332221168,1.4402135248299586,2.3100552599288533,0.4903352026726139,1009,605.4000240564346,25,15,9,2.3897132083060026,15.90148816889626,True,True,0.8016880588489024,0.0,True,/Users/angadkumar16ak/Projects/Automated_Cardiovascular_Segmentation_for_Bioprinting_Project/outputs/topology_correction/case_outputs/951/mask__s0_original.nii.gz,/Users/angadkumar16ak/Projects/Automated_Cardiovascular_Segmentation_for_Bioprinting_Project/outputs/topology_correction/case_outputs/951/mask__s0_original.nii.gz,ok,3.0,10.0,True,0.0,9.0,10137.789236647453,9861.760175613328,122.40000486373901,145.20000576972961,81.60000324249268,0.4242640855706679,0.6000000238418579,0.5917628787277052,/Users/angadkumar16ak/Projects/Automated_Cardiovascular_Segmentation_for_Bioprinting_Project/outputs/topology_correction/mesh_qc/s0_original/case_outputs/951__s0_original/segmentation_raw.stl,/Users/angadkumar16ak/Projects/Automated_Cardiovascular_Segmentation_for_Bioprinting_Project/outputs/topology_correction/mesh_qc/s0_original/case_outputs/951__s0_original/segmentation_repaired.stl,/Users/angadkumar16ak/Projects/Automated_Cardiovascular_Segmentation_for_Bioprinting_Project/outputs/topology_correction/mesh_qc/s0_original/case_outputs/951__s0_original/segmentation_smoothed.stl,True,0.6071168705807931,3.141592653589793,0.5533039100712637,3.141276428404595,-0.0021019087821279154,0.14702198419211332,True,"phaseb_mesh_qc.run_phaseb_for_case (repository implementation, unmodified)",50.0,34.0,34.0,1.0,True,-6.943496849191092,191.69046039537636,152.93327171634002,-11.545592614715263,191.3721204996348,154.4019194487872,4.841234541550171,True,/Users/angadkumar16ak/Projects/Automated_Cardiovascular_Segmentation_for_Bioprinting_Project/outputs/topology_correction/mesh_qc/s0_original/case_outputs/951__s0_original/segmentation_repaired.stl,ok,exact_point_to_surface,84670.0,88699.0,2.846948512913921,1.4463998866524717,7.385115433235351,95.73150451988957,0.43697795927016886,2.409970553643752,8405.415607072911,9861.760164125197,1456.3445570522854,0.17326264698045557,4.431609601128175,9.000003814697266,51.60002136230469,0.5999984741210938,52.382461486873765,,,,,,,,,,,,,,,,,,,,,,,
952,s0_original,s0_original,identity,True,0.6000000238418579,0.6000000238418579,0.6000000238418579,True,0.5,,6,6493.392774072678,3624.0484320202045,0.5581132326525181,0.7848968887829301,4,2,11.448001364708002,10.217632225568051,0.8485281711413358,1,6,6,0,0.0,0.0,6,30062,6493.392774072678,0.8273133006884339,0.7615261792295922,0.9055417111664886,0.7054853620955316,22893,7169,2388,5460.696650965717,1032.6961231069608,0.1891143546536924,0.9140924339086682,0.8869987849331713,0.9428934010152284,2.4738634736730947,26.57668256448256,0.724685016860795,0.9769344973116793,0.4563820906257123,823,493.80001962184906,17,17,5,1.2028391705261507,5.692100014486806,True,True,0.8273133006884339,0.0,True,/Users/angadkumar16ak/Projects/Automated_Cardiovascular_Segmentation_for_Bioprinting_Project/outputs/topology_correction/case_outputs/952/mask__s0_original.nii.gz,/Users/angadkumar16ak/Projects/Automated_Cardiovascular_Segmentation_for_Bioprinting_Project/outputs/topology_correction/case_outputs/952/mask__s0_original.nii.gz,ok,3.0,6.0,True,0.0,5.0,7479.323103873455,6378.804760412723,109.80000436306,99.00000393390656,85.20000338554382,0.4242640855706679,0.6000000238418579,0.591615947637279,/Users/angadkumar16ak/Projects/Automated_Cardiovascular_Segmentation_for_Bioprinting_Project/outputs/topology_correction/mesh_qc/s0_original/case_outputs/952__s0_original/segmentation_raw.stl,/Users/angadkumar16ak/Projects/Automated_Cardiovascular_Segmentation_for_Bioprinting_Project/outputs/topology_correction/mesh_qc/s0_original/case_outputs/952__s0_original/segmentation_repaired.stl,/Users/angadkumar16ak/Projects/Automated_Cardiovascular_Segmentation_for_Bioprinting_Project/outputs/topology_correction/mesh_qc/s0_original/case_outputs/952__s0_original/segmentation_smoothed.stl,True,0.6010294843058123,3.141592653589793,0.5489473714385655,3.1403504949212677,-0.0028378576117859145,0.0807996806599694,True,"phaseb_mesh_qc.run_phaseb_for_case (repository implementation, unmodified)",50.0,50.0,50.0,1.0,True,-28.438296102690728,194.33666294341663,191.17458340517499,-32.21901555824409,194.51449328282231,191.6699162985708,3.8171740733810795,True,/Users/angadkumar16ak/Projects/Automated_Cardiovascular_Segmentation_for_Bioprinting_Project/outputs/topology_correction/mesh_qc/s0_original/case_outputs/952__s0_original/segmentation_repaired.stl,ok,exact_point_to_surface,76547.0,78560.0,1.3915724560156162,0.6995353960479733,2.464766337682862,26.440882568403833,0.4069028662562484,0.9846695897593678,5351.292623228887,6378.80436557058,1027.5117423416923,0.1920118772577433,3.487010347653725,0.0,-1.8000030517578125,-3.600006103515625,4.024929183437541,,,,,,,,,,,,,,,,,,,,,,,
953,s0_original,s0_original,identity,True,0.6000000238418579,0.6000000238418579,0.6000000238418579,True,0.5,,10,10275.121224889805,6615.648788646729,0.6438511667017027,0.43221888468068437,7,3,132.08401574564044,3.5496480109101034,1.3416408398118889,0,10,10,0,0.0,0.0,10,47570,10275.121224889805,0.7696835908756439,0.7586083666176161,0.7810869894591026,0.6255980861244019,36087,11483,10114,9979.417189639138,295.7040352506665,0.029631393259886285,0.8729325928292201,0.8924963924963925,0.854208084824387,5.196152629183178,21.415882808080386,0.9017277593651883,0.7701882427322666,1.0250228824833953,1386,831.6000330448151,33,49,10,1.2176251232328061,6.498295353719705,True,True,0.7696835908756439,0.0,True,/Users/angadkumar16ak/Projects/Automated_Cardiovascular_Segmentation_for_Bioprinting_Project/outputs/topology_correction/case_outputs/953/mask__s0_original.nii.gz,/Users/angadkumar16ak/Projects/Automated_Cardiovascular_Segmentation_for_Bioprinting_Project/outputs/topology_correction/case_outputs/953/mask__s0_original.nii.gz,ok,3.0,10.0,True,0.0,10.0,11993.338480700666,10087.336202504086,112.20000445842743,101.40000402927399,94.80000376701355,0.4242640855706679,0.6000000238418579,0.5913360348868981,/Users/angadkumar16ak/Projects/Automated_Cardiovascular_Segmentation_for_Bioprinting_Project/outputs/topology_correction/mesh_qc/s0_original/case_outputs/953__s0_original/segmentation_raw.stl,/Users/angadkumar16ak/Projects/Automated_Cardiovascular_Segmentation_for_Bioprinting_Project/outputs/topology_correction/mesh_qc/s0_original/case_outputs/953__s0_original/segmentation_repaired.stl,/Users/angadkumar16ak/Projects/Automated_Cardiovascular_Segmentation_for_Bioprinting_Project/outputs/topology_correction/mesh_qc/s0_original/case_outputs/953__s0_original/segmentation_smoothed.stl,True,0.5679807575934492,3.141592653589793,0.5110031058080404,3.13854518807111,-0.0030707056048300046,0.08635694765608577,True,"phaseb_mesh_qc.run_phaseb_for_case (repository implementation, unmodified)",50.0,50.0,50.0,1.0,True,-26.800834088396172,155.63426379878555,195.53179030098133,-28.908057771911036,155.88526454067357,191.5427463765541,4.5183917997229965,True,/Users/angadkumar16ak/Projects/Automated_Cardiovascular_Segmentation_for_Bioprinting_Project/outputs/topology_correction/mesh_qc/s0_original/case_outputs/953__s0_original/segmentation_repaired.stl,ok,exact_point_to_surface,99173.0,95848.0,1.7047961582740798,0.854479506766405,5.1240958751393535,21.22593022656879,0.9744799130337087,0.7303162452403711,9774.730175114539,10087.33614467799,312.60596956345216,0.03198103312962182,3.362610308568812,-12.000001907348633,3.600006103515625,0.0,12.528371391434746,,,,,,,,,,,,,,,,,,,,,,,
954,s0_original,s0_original,identity,True,0.6000000238418579,0.6000000238418579,0.6000000238418579,True,0.5,,6,6535.944779145272,3620.8084316339664,0.5539839386628771,0.739247151464535,4,2,116.8560139303213,4.800000190734863,0.8485281711413358,1,6,6,0,0.0,0.0,6,30259,6535.944779145272,0.7750933564915328,0.7374004428434515,0.8168472689998536,0.6327774941863763,22313,7946,5003,5900.256703365354,635.6880757799181,0.10773905403426567,0.8407745231751053,0.7965425531914894,0.8902077151335311,14.17321473641419,30.05994131417554,1.722357302866237,2.7041446634896675,0.6814997483463754,752,451.20001792907715,16,9,5,2.4472514675530848,20.335702623429455,True,True,0.7750933564915328,0.0,True,/Users/angadkumar16ak/Projects/Automated_Cardiovascular_Segmentation_for_Bioprinting_Project/outputs/topology_correction/case_outputs/954/mask__s0_original.nii.gz,/Users/angadkumar16ak/Projects/Automated_Cardiovascular_Segmentation_for_Bioprinting_Project/outputs/topology_correction/case_outputs/954/mask__s0_original.nii.gz,ok,3.0,6.0,True,0.0,5.0,7342.701568178735,6425.64076599601,108.00000429153442,83.40000331401825,92.40000367164612,0.4242640855706679,0.6000000238418579,0.589399030542292,/Users/angadkumar16ak/Projects/Automated_Cardiovascular_Segmentation_for_Bioprinting_Project/outputs/topology_correction/mesh_qc/s0_original/case_outputs/954__s0_original/segmentation_raw.stl,/Users/angadkumar16ak/Projects/Automated_Cardiovascular_Segmentation_for_Bioprinting_Project/outputs/topology_correction/mesh_qc/s0_original/case_outputs/954__s0_original/segmentation_repaired.stl,/Users/angadkumar16ak/Projects/Automated_Cardiovascular_Segmentation_for_Bioprinting_Project/outputs/topology_correction/mesh_qc/s0_original/case_outputs/954__s0_original/segmentation_smoothed.stl,True,0.5828753961515227,3.141592653589793,0.5337382834380574,3.1398057107610295,-0.0026361166127588627,0.08893221851350011,True,"phaseb_mesh_qc.run_phaseb_for_case (repository implementation, unmodified)",50.0,50.0,50.0,1.0,True,-36.39085159757494,162.70324977191436,190.7950337223723,-39.80958444844218,161.17056735437245,189.00607139821696,4.151775029537154,True,/Users/angadkumar16ak/Projects/Automated_Cardiovascular_Segmentation_for_Bioprinting_Project/outputs/topology_correction/mesh_qc/s0_original/case_outputs/954__s0_original/segmentation_repaired.stl,ok,exact_point_to_surface,76299.0,78306.0,3.3619677601548235,1.6945856397948855,14.328325535859522,30.05994164253862,0.6332010892851845,2.7287666708696388,5803.09280500335,6425.641355417505,622.5485504141552,0.1072787514060437,6.084771632948313,-3.0,-1.79998779296875,4.8000030517578125,5.939695728883831,,,,,,,,,,,,,,,,,,,,,,,
955,s0_original,s0_original,identity,True,0.6000000238418579,0.6000000238418579,0.6000000238418579,True,0.5,,7,7118.496848590886,6921.720825133357,0.9723570821701661,0.021376189733187702,4,3,11.016001313209586,5.601909272731927,0.8485281711413358,1,7,7,0,0.0,0.0,7,32956,7118.496848590885,0.7939853681938115,0.8035259133389975,0.7846687211093991,0.6583546726996992,26481,6475,7267,7289.568868984257,-171.07202039337244,-0.023468057366362458,0.8796911329748567,0.8403451995685005,0.9229024943310657,4.569464045092525,29.209588627816128,0.7640758988137112,0.8229890734443994,0.7075073997659282,927,556.2000221014023,17,11,6,1.263175926498243,6.724271817914147,True,True,0.7939853681938115,0.0,True,/Users/angadkumar16ak/Projects/Automated_Cardiovascular_Segmentation_for_Bioprinting_Project/outputs/topology_correction/case_outputs/955/mask__s0_original.nii.gz,/Users/angadkumar16ak/Projects/Automated_Cardiovascular_Segmentation_for_Bioprinting_Project/outputs/topology_correction/case_outputs/955/mask__s0_original.nii.gz,ok,3.0,7.0,True,0.0,6.0,8185.527599396584,6990.705833357009,102.00000405311584,81.00000321865082,107.40000426769257,0.4242640855706679,0.6000000238418579,0.5916554193038834,/Users/angadkumar16ak/Projects/Automated_Cardiovascular_Segmentation_for_Bioprinting_Project/outputs/topology_correction/mesh_qc/s0_original/case_outputs/955__s0_original/segmentation_raw.stl,/Users/angadkumar16ak/Projects/Automated_Cardiovascular_Segmentation_for_Bioprinting_Project/outputs/topology_correction/mesh_qc/s0_original/case_outputs/955__s0_original/segmentation_repaired.stl,/Users/angadkumar16ak/Projects/Automated_Cardiovascular_Segmentation_for_Bioprinting_Project/outputs/topology_correction/mesh_qc/s0_original/case_outputs/955__s0_original/segmentation_smoothed.stl,True,0.5723219677026028,3.141592653589793,0.5155078767939333,3.139346375727937,-0.00278150616704538,0.09233523485859935,True,"phaseb_mesh_qc.run_phaseb_for_case (repository implementation, unmodified)",50.0,50.0,50.0,1.0,True,-10.767731546505601,151.27852420795526,137.7555221971963,-13.943694024434857,150.62612210887144,134.45803366803096,4.624477998658937,True,/Users/angadkumar16ak/Projects/Automated_Cardiovascular_Segmentation_for_Bioprinting_Project/outputs/topology_correction/mesh_qc/s0_original/case_outputs/955__s0_original/segmentation_repaired.stl,ok,exact_point_to_surface,82471.0,81252.0,1.4913443883994866,0.7450000002626378,4.589118198139933,29.209599142543986,0.6553903172803593,0.8359540711191272,7167.015642686478,6990.705787112463,-176.30985557401436,-0.024600177307262935,1.3361724098128134,0.0,-0.5999984741210938,0.0,0.5999984741210938,,,,,,,,,,,,,,,,,,,,,,,
956,s0_original,s0_original,identity,True,0.6000000238418579,0.6000000238418579,0.6000000238418579,True,0.5,,9,5380.77664143851,2812.752335306181,0.5227409578098029,0.856396866840731,5,4,15.12000180244453,12.891340310686877,0.8485281711413358,2,9,9,0,0.0,0.0,9,24911,5380.77664143851,0.7611321017129876,0.6590662759423548,0.9006034009873835,0.6143771283164315,16418,8493,1812,3937.680469408054,1443.0961720304558,0.3664838178826111,0.8422378548020368,0.7568345323741007,0.9493670886075949,6.945502417663594,39.23468009729841,1.5935161698625393,2.526822691659472,0.42610004234640875,695,417.00001657009125,17,11,6,2.358801781129571,9.403931285732996,True,True,0.7611321017129876,0.0,True,/Users/angadkumar16ak/Projects/Automated_Cardiovascular_Segmentation_for_Bioprinting_Project/outputs/topology_correction/case_outputs/956/mask__s0_original.nii.gz,/Users/angadkumar16ak/Projects/Automated_Cardiovascular_Segmentation_for_Bioprinting_Project/outputs/topology_correction/case_outputs/956/mask__s0_original.nii.gz,ok,3.0,9.0,True,0.0,7.0,6379.12732440368,5280.309629461912,115.80000460147858,94.80000376701355,81.00000321865082,0.4242640855706679,0.6000000238418579,0.5895694527002172,/Users/angadkumar16ak/Projects/Automated_Cardiovascular_Segmentation_for_Bioprinting_Project/outputs/topology_correction/mesh_qc/s0_original/case_outputs/956__s0_original/segmentation_raw.stl,/Users/angadkumar16ak/Projects/Automated_Cardiovascular_Segmentation_for_Bioprinting_Project/outputs/topology_correction/mesh_qc/s0_original/case_outputs/956__s0_original/segmentation_repaired.stl,/Users/angadkumar16ak/Projects/Automated_Cardiovascular_Segmentation_for_Bioprinting_Project/outputs/topology_correction/mesh_qc/s0_original/case_outputs/956__s0_original/segmentation_smoothed.stl,True,0.5952718943453222,3.141592653589793,0.544561628741993,3.1360500117526433,-0.003100404211128254,0.06928666051142066,True,"phaseb_mesh_qc.run_phaseb_for_case (repository implementation, unmodified)",50.0,48.0,48.0,1.0,True,-33.1466618936489,168.45737714275708,204.9656194752871,-34.4045021259614,168.9684233694645,203.01769946574154,2.3743889023165115,True,/Users/angadkumar16ak/Projects/Automated_Cardiovascular_Segmentation_for_Bioprinting_Project/outputs/topology_correction/mesh_qc/s0_original/case_outputs/956__s0_original/segmentation_repaired.stl,ok,exact_point_to_surface,69554.0,74570.0,2.903420205604729,1.489494942986339,6.613622833282867,39.23468341519371,0.3660437737203973,2.5373764318843315,3856.6987974157914,5280.309987726385,1423.6111903105934,0.3691268789941528,1.7197194806855127,16.800000190734863,4.79998779296875,0.600006103515625,17.482559782411627,,,,,,,,,,,,,,,,,,,,,,,
957,s0_original,s0_original,identity,True,0.6000000238418579,0.6000000238418579,0.6000000238418579,True,0.5,,18,8025.264956686057,5567.184663660076,0.6937072724336546,0.3676185303018546,9,9,4.320000514984152,4.9839745157961906,0.8485281711413358,2,18,18,0,0.0,0.0,18,37154,8025.264956686058,0.7797928510661283,0.7771168649405178,0.7824873302799534,0.6390659583886675,28873,8281,8026,7970.18495012001,55.080006566047814,0.006910756389062019,0.9094405591020442,0.9283990345937249,0.8912408759124087,3.0594118297257697,20.680426349303183,0.6402139739177511,0.6123014359773242,0.6656921023627353,1243,745.8000296354294,30,34,16,0.9219224692116877,4.343223464345589,True,True,0.7797928510661283,0.0,True,/Users/angadkumar16ak/Projects/Automated_Cardiovascular_Segmentation_for_Bioprinting_Project/outputs/topology_correction/case_outputs/957/mask__s0_original.nii.gz,/Users/angadkumar16ak/Projects/Automated_Cardiovascular_Segmentation_for_Bioprinting_Project/outputs/topology_correction/case_outputs/957/mask__s0_original.nii.gz,ok,3.0,18.0,True,0.0,16.0,10347.938666284463,7849.188935696163,105.60000419616699,100.80000400543213,89.40000355243683,0.4242640855706679,0.6000000238418579,0.5911783608941232,/Users/angadkumar16ak/Projects/Automated_Cardiovascular_Segmentation_for_Bioprinting_Project/outputs/topology_correction/mesh_qc/s0_original/case_outputs/957__s0_original/segmentation_raw.stl,/Users/angadkumar16ak/Projects/Automated_Cardiovascular_Segmentation_for_Bioprinting_Project/outputs/topology_correction/mesh_qc/s0_original/case_outputs/957__s0_original/segmentation_repaired.stl,/Users/angadkumar16ak/Projects/Automated_Cardiovascular_Segmentation_for_Bioprinting_Project/outputs/topology_correction/mesh_qc/s0_original/case_outputs/957__s0_original/segmentation_smoothed.stl,True,0.5733381442212898,3.141592653589793,0.5238117117647049,3.1397024005045884,-0.0037582378975800196,0.03434354309091888,True,"phaseb_mesh_qc.run_phaseb_for_case (repository implementation, unmodified)",50.0,50.0,50.0,1.0,True,-39.44389613726979,164.04178539876398,140.62296565258126,-39.925119898802336,165.19474465213594,138.74235038980183,2.257787659457484,True,/Users/angadkumar16ak/Projects/Automated_Cardiovascular_Segmentation_for_Bioprinting_Project/outputs/topology_correction/mesh_qc/s0_original/case_outputs/957__s0_original/segmentation_repaired.stl,ok,exact_point_to_surface,91853.0,89604.0,1.2036813272267028,0.6018781505462695,3.12678460441465,20.68043352912714,0.6048652373734678,0.5988160898532351,7792.884612269834,7849.188951489959,56.30433922012526,0.007225095971711749,2.12887349665663,6.599998474121094,-0.5999908447265625,-2.3999862670898438,7.04839719045233,,,,,,,,,,,,,,,,,,,,,,,
958,s0_original,s0_original,identity,True,0.6000000238418579,0.6000000238418579,0.6000000238418579,True,0.5,,13,8372.808998116534,4556.304543153785,0.5441787271367025,0.7655257419171327,9,4,16.84800200843819,4.582085730724432,1.2000000476837158,0,13,13,0,0.0,0.0,13,38763,8372.808998116532,0.7474566044090201,0.6870727239893714,0.8194769230769231,0.5967510643065203,26633,12130,5867,7020.000836849246,1352.8081612672859,0.19270769230769214,0.7880534941164175,0.7015902712815716,0.8988235294117647,7.891768176370223,51.22538636789348,1.6769412435227076,2.5468420215992817,0.6977080689648136,1069,641.4000254869461,34,42,13,2.6363637884181292,12.44465069019826,True,True,0.7474566044090201,0.0,True,/Users/angadkumar16ak/Projects/Automated_Cardiovascular_Segmentation_for_Bioprinting_Project/outputs/topology_correction/case_outputs/958/mask__s0_original.nii.gz,/Users/angadkumar16ak/Projects/Automated_Cardiovascular_Segmentation_for_Bioprinting_Project/outputs/topology_correction/case_outputs/958/mask__s0_original.nii.gz,ok,3.0,13.0,True,0.0,13.0,9478.538044466943,8224.371980421462,135.00000536441803,118.20000469684601,97.80000388622284,0.4242640855706679,0.6000000238418579,0.5888282309483872,/Users/angadkumar16ak/Projects/Automated_Cardiovascular_Segmentation_for_Bioprinting_Project/outputs/topology_correction/mesh_qc/s0_original/case_outputs/958__s0_original/segmentation_raw.stl,/Users/angadkumar16ak/Projects/Automated_Cardiovascular_Segmentation_for_Bioprinting_Project/outputs/topology_correction/mesh_qc/s0_original/case_outputs/958__s0_original/segmentation_repaired.stl,/Users/angadkumar16ak/Projects/Automated_Cardiovascular_Segmentation_for_Bioprinting_Project/outputs/topology_correction/mesh_qc/s0_original/case_outputs/958__s0_original/segmentation_smoothed.stl,True,0.5736809062517089,3.141592653589793,0.5148236169197266,3.138018187341456,-0.0031001154873998593,0.1011015659262699,True,"phaseb_mesh_qc.run_phaseb_for_case (repository implementation, unmodified)",50.0,48.0,46.0,0.9583333333333334,False,-22.368804339167724,176.71119838410374,149.3648202825533,-25.016303224781026,175.30307008853973,146.02647826828456,4.487382650312263,True,/Users/angadkumar16ak/Projects/Automated_Cardiovascular_Segmentation_for_Bioprinting_Project/outputs/topology_correction/mesh_qc/s0_original/case_outputs/958__s0_original/segmentation_repaired.stl,ok,exact_point_to_surface,81370.0,86614.0,3.168795701052831,1.614380707158214,7.781423575526047,51.22539471632157,0.6239401486888918,2.544855552363939,6900.8499957170425,8224.37200687537,1323.5220111583276,0.19179115789790546,4.941189284016452,21.599998474121094,28.800010681152344,1.7999954223632812,36.04497930138193,,,,,,,,,,,,,,,,,,,,,,,
959,s0_original,s0_original,identity,True,0.6000000238418579,0.6000000238418579,0.6000000238418579,True,0.5,,25,6663.816794388803,3452.1124115238354,0.5180383131827169,0.8275560005005632,12,13,4.968000592231774,5.643075127007647,0.8485281711413358,6,25,25,0,0.0,0.0,25,30851,6663.816794388803,0.7645802110902076,0.7772195390749085,0.7523453923629632,0.6188829238075573,23978,6873,7893,6884.136820652994,-220.32002626419126,-0.032004016190266944,0.8245541317903867,0.8072009291521487,0.8426698450536353,8.182909343351104,70.4482816995605,1.812943257700339,2.017719837177099,1.6294009600048407,861,516.6000205278397,33,13,18,2.812102980372251,14.470410735660769,True,True,0.7645802110902076,0.0,True,/Users/angadkumar16ak/Projects/Automated_Cardiovascular_Segmentation_for_Bioprinting_Project/outputs/topology_correction/case_outputs/959/mask__s0_original.nii.gz,/Users/angadkumar16ak/Projects/Automated_Cardiovascular_Segmentation_for_Bioprinting_Project/outputs/topology_correction/case_outputs/959/mask__s0_original.nii.gz,ok,3.0,25.0,False,10.0,20.0,7703.644375454054,not_watertight,152.4000060558319,115.80000460147858,119.70000475645065,0.4242640855706679,0.6000000238418579,0.5889945059275284,/Users/angadkumar16ak/Projects/Automated_Cardiovascular_Segmentation_for_Bioprinting_Project/outputs/topology_correction/mesh_qc/s0_original/case_outputs/959__s0_original/segmentation_raw.stl,/Users/angadkumar16ak/Projects/Automated_Cardiovascular_Segmentation_for_Bioprinting_Project/outputs/topology_correction/mesh_qc/s0_original/case_outputs/959__s0_original/segmentation_repaired.stl,/Users/angadkumar16ak/Projects/Automated_Cardiovascular_Segmentation_for_Bioprinting_Project/outputs/topology_correction/mesh_qc/s0_original/case_outputs/959__s0_original/segmentation_smoothed.stl,True,0.5963104564785715,3.141592653589793,0.5514847185841577,3.141592653589793,not_watertight,0.10139055460114745,False,"phaseb_mesh_qc.run_phaseb_for_case (repository implementation, unmodified)",50.0,41.0,40.0,0.975609756097561,False,-21.675534218011663,175.05367445693417,214.01020571289524,-25.875383009130168,173.76028273070557,214.1333921339915,4.396221891588127,False,/Users/angadkumar16ak/Projects/Automated_Cardiovascular_Segmentation_for_Bioprinting_Project/outputs/topology_correction/mesh_qc/s0_original/case_outputs/959__s0_original/segmentation_repaired.stl,ok,exact_point_to_surface,80139.0,79750.0,3.8123910070208766,1.9053640436557542,9.314501770754001,70.44828327326333,1.5644441289458735,2.247946878075003,6762.484164810577,,,,5.3197194580865395,31.800004959106445,21.599990844726562,29.70001220703125,48.57870567428975,,,,,,,,,,,,,,,,,,,,,,,
960,s0_original,s0_original,identity,True,0.6000000238418579,0.6000000238418579,0.6000000238418579,True,0.5,,20,9256.465103456545,5331.528635567691,0.5759789051197086,0.6818052910910343,9,11,2.484000296115887,5.019960358679748,0.8485281711413358,2,20,20,0,0.0,0.0,20,42854,9256.465103456541,0.8478037828768694,0.8195034302515518,0.8781286725176906,0.7358154542406973,35119,7735,4874,8638.489029788057,617.9760736684839,0.07153751906583665,0.9325486290547084,0.9022556390977443,0.9649464459591042,1.2000000476837158,97.26849825048939,0.8806297397704963,1.3501154521305485,0.4200868395268162,1064,638.4000253677368,28,16,16,1.5642434883008594,5.019960358679748,True,True,0.8478037828768694,0.0,True,/Users/angadkumar16ak/Projects/Automated_Cardiovascular_Segmentation_for_Bioprinting_Project/outputs/topology_correction/case_outputs/960/mask__s0_original.nii.gz,/Users/angadkumar16ak/Projects/Automated_Cardiovascular_Segmentation_for_Bioprinting_Project/outputs/topology_correction/case_outputs/960/mask__s0_original.nii.gz,ok,3.0,20.0,True,0.0,19.0,10124.548191331438,9104.104085293695,174.0000069141388,124.80000495910645,90.00000357627869,0.4242640855706679,0.6000000238418579,0.5924417751840116,/Users/angadkumar16ak/Projects/Automated_Cardiovascular_Segmentation_for_Bioprinting_Project/outputs/topology_correction/mesh_qc/s0_original/case_outputs/960__s0_original/segmentation_raw.stl,/Users/angadkumar16ak/Projects/Automated_Cardiovascular_Segmentation_for_Bioprinting_Project/outputs/topology_correction/mesh_qc/s0_original/case_outputs/960__s0_original/segmentation_repaired.stl,/Users/angadkumar16ak/Projects/Automated_Cardiovascular_Segmentation_for_Bioprinting_Project/outputs/topology_correction/mesh_qc/s0_original/case_outputs/960__s0_original/segmentation_smoothed.stl,True,0.5886959835984508,3.141592653589793,0.5429488026302255,3.141592653589793,-0.002677591386190595,0.10839128202734867,True,"phaseb_mesh_qc.run_phaseb_for_case (repository implementation, unmodified)",50.0,40.0,40.0,1.0,True,-34.55213714014516,178.50192996158967,95.79815767682561,-39.026645624981654,177.13315888295836,94.92188732574562,4.760526249770411,True,/Users/angadkumar16ak/Projects/Automated_Cardiovascular_Segmentation_for_Bioprinting_Project/outputs/topology_correction/mesh_qc/s0_original/case_outputs/960__s0_original/segmentation_repaired.stl,ok,exact_point_to_surface,86192.0,88556.0,1.9237266378014422,0.969846325804744,1.3777422149523877,97.26850216471325,0.3717556664201039,1.5519709713813383,8497.387517526013,9104.104242161413,606.7167246354002,0.07140038316294699,3.2751632817484992,46.79999923706055,29.399986267089844,-4.200000762939453,55.42778299285144,,,,,,,,,,,,,,,,,,,,,,,
961,s0_original,s0_original,identity,True,0.6000000238418579,0.6000000238418579,0.6000000238418579,True,0.5,,12,6123.816730015782,3322.72839610006,0.5425910902613665,0.7989988948839629,5,7,3.5640004248619253,2.5455845134240076,0.8485281711413358,1,12,12,0,0.0,0.0,12,28351,6123.816730015784,0.8295759928336817,0.783958237804663,0.8808306582649704,0.7087824478601952,22226,6125,3007,5450.328649729755,673.4880802860289,0.12356834304284066,0.906257624457669,0.851985559566787,0.9679144385026738,5.223683114168447,89.43221251670721,1.2385139293615586,2.055741321637872,0.3900466752226126,831,498.6000198125839,25,17,10,2.3407432004765796,10.306514213400984,True,True,0.8295759928336817,0.0,True,/Users/angadkumar16ak/Projects/Automated_Cardiovascular_Segmentation_for_Bioprinting_Project/outputs/topology_correction/case_outputs/961/mask__s0_original.nii.gz,/Users/angadkumar16ak/Projects/Automated_Cardiovascular_Segmentation_for_Bioprinting_Project/outputs/topology_correction/case_outputs/961/mask__s0_original.nii.gz,ok,3.0,12.0,True,0.0,11.0,7294.770246888468,6006.492716029672,143.40000569820404,115.20000457763672,81.60000324249268,0.4242640855706679,0.6000000238418579,0.5921083712156043,/Users/angadkumar16ak/Projects/Automated_Cardiovascular_Segmentation_for_Bioprinting_Project/outputs/topology_correction/mesh_qc/s0_original/case_outputs/961__s0_original/segmentation_raw.stl,/Users/angadkumar16ak/Projects/Automated_Cardiovascular_Segmentation_for_Bioprinting_Project/outputs/topology_correction/mesh_qc/s0_original/case_outputs/961__s0_original/segmentation_repaired.stl,/Users/angadkumar16ak/Projects/Automated_Cardiovascular_Segmentation_for_Bioprinting_Project/outputs/topology_correction/mesh_qc/s0_original/case_outputs/961__s0_original/segmentation_smoothed.stl,True,0.5716730340240632,3.141592653589793,0.5209214154084848,3.139035192231231,-0.0032282617135758985,0.0683926492892667,True,"phaseb_mesh_qc.run_phaseb_for_case (repository implementation, unmodified)",50.0,40.0,40.0,1.0,True,-41.693998906091934,162.34558741797267,160.58832262033786,-42.51273610786625,161.9074930326333,158.79714338967614,2.0175679250991876,True,/Users/angadkumar16ak/Projects/Automated_Cardiovascular_Segmentation_for_Bioprinting_Project/outputs/topology_correction/mesh_qc/s0_original/case_outputs/961__s0_original/segmentation_repaired.stl,ok,exact_point_to_surface,74785.0,77816.0,2.7581164584923474,1.3995814908155082,6.191934261302149,89.43221145060845,0.3457787047519472,2.4123377537404003,5344.380729546097,6006.49270507066,662.1119755245627,0.12388937260104155,3.9766532822530376,40.80000352859497,21.0,0.5999984741210938,45.89117873951714,,,,,,,,,,,,,,,,,,,,,,,
962,s0_original,s0_original,identity,True,0.6000000238418579,0.6000000238418579,0.6000000238418579,True,0.5,,26,9361.00911591916,4939.920588884377,0.527712400203055,0.8396152164407521,13,13,5.076000605106378,8.979978085089714,1.3416408398118889,0,26,26,0,0.0,0.0,26,43338,9361.009115919158,0.7695285885775466,0.8209423600535327,0.7241751307781554,0.6253933097786918,35578,7760,13551,10611.865265032819,-1250.8561491136606,-0.1178733538236072,0.8616702657027508,0.8963730569948186,0.8295543393275997,4.52990084116453,102.02999964384016,1.3535529442897214,1.9663409394996327,0.8416467347248541,1158,694.8000276088715,54,26,24,1.9897229476460065,6.627216873654285,True,True,0.7695285885775466,0.0,True,/Users/angadkumar16ak/Projects/Automated_Cardiovascular_Segmentation_for_Bioprinting_Project/outputs/topology_correction/case_outputs/962/mask__s0_original.nii.gz,/Users/angadkumar16ak/Projects/Automated_Cardiovascular_Segmentation_for_Bioprinting_Project/outputs/topology_correction/case_outputs/962/mask__s0_original.nii.gz,ok,3.0,26.0,False,26.0,26.0,10651.761184530673,not_watertight,200.40000796318054,136.8000054359436,127.5000050663948,0.4242640855706679,0.6000000238418579,0.5908786167967087,/Users/angadkumar16ak/Projects/Automated_Cardiovascular_Segmentation_for_Bioprinting_Project/outputs/topology_correction/mesh_qc/s0_original/case_outputs/962__s0_original/segmentation_raw.stl,/Users/angadkumar16ak/Projects/Automated_Cardiovascular_Segmentation_for_Bioprinting_Project/outputs/topology_correction/mesh_qc/s0_original/case_outputs/962__s0_original/segmentation_repaired.stl,/Users/angadkumar16ak/Projects/Automated_Cardiovascular_Segmentation_for_Bioprinting_Project/outputs/topology_correction/mesh_qc/s0_original/case_outputs/962__s0_original/segmentation_smoothed.stl,True,0.6175647763199785,3.141592653589793,0.566174650108904,3.139613338325423,not_watertight,0.09767409663574692,False,"phaseb_mesh_qc.run_phaseb_for_case (repository implementation, unmodified)",50.0,36.0,36.0,1.0,True,-42.01193056280577,184.32765207699293,112.3736085923274,-44.99201325960229,183.13400222225857,111.06050243693323,3.4684204806781134,False,/Users/angadkumar16ak/Projects/Automated_Cardiovascular_Segmentation_for_Bioprinting_Project/outputs/topology_correction/mesh_qc/s0_original/case_outputs/962__s0_original/segmentation_repaired.stl,ok,exact_point_to_surface,95020.0,90825.0,3.087126943781028,1.5266724757442254,4.72440278654174,102.02999821865642,0.7952661706254371,2.291860773155591,10444.700690967746,,,,4.345362515522808,83.40000438690186,30.0,44.10000991821289,98.99682624469192,,,,,,,,,,,,,,,,,,,,,,,
963,s0_original,s0_original,identity,True,0.6000000238418579,0.6000000238418579,0.6000000238418579,True,0.5,,12,13298.47358530146,7995.456953132667,0.6012311790407199,0.6225416036308623,9,3,41.04000489234944,10.200000405311584,1.6970563422826717,0,12,12,0,0.0,0.0,12,61567,13298.473585301463,0.8376077332145757,0.7790049864375396,0.9057448255023417,0.7205895609844046,47961,13606,4991,11437.63336347204,1860.8402218294232,0.16269451578788335,0.9000269549851748,0.8425435276305829,0.9659284497444633,3.7947333429912047,27.298352683324612,0.845201344278953,1.266154370907958,0.4015410914809555,1321,792.6000314950943,34,36,11,1.4989853198976055,9.698862572510583,True,True,0.8376077332145757,0.0,True,/Users/angadkumar16ak/Projects/Automated_Cardiovascular_Segmentation_for_Bioprinting_Project/outputs/topology_correction/case_outputs/963/mask__s0_original.nii.gz,/Users/angadkumar16ak/Projects/Automated_Cardiovascular_Segmentation_for_Bioprinting_Project/outputs/topology_correction/case_outputs/963/mask__s0_original.nii.gz,ok,3.0,12.0,True,0.0,12.0,13393.265915643498,13113.226563218299,135.6000053882599,107.40000426769257,94.20000374317169,0.4242640855706679,0.6000000238418579,0.5900890792485335,/Users/angadkumar16ak/Projects/Automated_Cardiovascular_Segmentation_for_Bioprinting_Project/outputs/topology_correction/mesh_qc/s0_original/case_outputs/963__s0_original/segmentation_raw.stl,/Users/angadkumar16ak/Projects/Automated_Cardiovascular_Segmentation_for_Bioprinting_Project/outputs/topology_correction/mesh_qc/s0_original/case_outputs/963__s0_original/segmentation_repaired.stl,/Users/angadkumar16ak/Projects/Automated_Cardiovascular_Segmentation_for_Bioprinting_Project/outputs/topology_correction/mesh_qc/s0_original/case_outputs/963__s0_original/segmentation_smoothed.stl,True,0.5862038011107531,3.141592653589793,0.5307452151042612,3.1413066792194737,-0.002161784363246163,0.14688063410593338,True,"phaseb_mesh_qc.run_phaseb_for_case (repository implementation, unmodified)",50.0,50.0,50.0,1.0,True,-36.25156164644662,173.58167356482988,213.91902185602058,-40.056641420311685,173.61892057216406,211.04073377098533,4.771222246499137,True,/Users/angadkumar16ak/Projects/Automated_Cardiovascular_Segmentation_for_Bioprinting_Project/outputs/topology_correction/mesh_qc/s0_original/case_outputs/963__s0_original/segmentation_repaired.stl,ok,exact_point_to_surface,95090.0,101478.0,1.6548973224344077,0.8428079520159654,4.469893131914605,27.298347238669667,0.3548210667070326,1.300076255727375,11274.31940170855,13113.226256306574,1838.9068545980244,0.16310579726163782,1.3881406801473086,5.400001525878906,0.600006103515625,-2.399993896484375,5.939696499562311,,,,,,,,,,,,,,,,,,,,,,,
964,s0_original,s0_original,identity,True,0.6000000238418579,0.6000000238418579,0.6000000238418579,True,0.5,,5,9152.569091071173,5051.808602222467,0.5519552545252874,0.806097143834445,4,1,12.528001493454038,22.03284318496696,1.3416408398118889,0,5,5,0,0.0,0.0,5,42373,9152.569091071173,0.8433631501398026,0.8577631982630448,0.8294386125057052,0.7291512026802014,36346,6027,7474,9465.121128330276,-312.5520372591036,-0.03302145139205844,0.9333536794720176,0.9285714285714286,0.938185443668993,1.2000000476837158,67.20535959984105,0.6568396874885152,0.7236848075651409,0.5965001032935795,994,596.4000236988068,19,17,5,1.089319487734241,3.0594118297257697,True,True,0.8433631501398026,0.0,True,/Users/angadkumar16ak/Projects/Automated_Cardiovascular_Segmentation_for_Bioprinting_Project/outputs/topology_correction/case_outputs/964/mask__s0_original.nii.gz,/Users/angadkumar16ak/Projects/Automated_Cardiovascular_Segmentation_for_Bioprinting_Project/outputs/topology_correction/case_outputs/964/mask__s0_original.nii.gz,ok,3.0,5.0,True,0.0,5.0,9656.700925647077,9015.832074770851,151.2000060081482,105.60000419616699,97.80000388622284,0.4242640855706679,0.6000000238418579,0.5907970813630438,/Users/angadkumar16ak/Projects/Automated_Cardiovascular_Segmentation_for_Bioprinting_Project/outputs/topology_correction/mesh_qc/s0_original/case_outputs/964__s0_original/segmentation_raw.stl,/Users/angadkumar16ak/Projects/Automated_Cardiovascular_Segmentation_for_Bioprinting_Project/outputs/topology_correction/mesh_qc/s0_original/case_outputs/964__s0_original/segmentation_repaired.stl,/Users/angadkumar16ak/Projects/Automated_Cardiovascular_Segmentation_for_Bioprinting_Project/outputs/topology_correction/mesh_qc/s0_original/case_outputs/964__s0_original/segmentation_smoothed.stl,True,0.5833858777498383,3.141592653589793,0.5301316797175821,3.1401794802050156,-0.002220554788588488,0.12271965638496213,True,"phaseb_mesh_qc.run_phaseb_for_case (repository implementation, unmodified)",50.0,44.0,44.0,1.0,True,-23.200284077293333,174.32801502182735,118.99202610507122,-26.697661043489546,173.4879837525858,117.37484065427527,3.943676832506627,True,/Users/angadkumar16ak/Projects/Automated_Cardiovascular_Segmentation_for_Bioprinting_Project/outputs/topology_correction/mesh_qc/s0_original/case_outputs/964__s0_original/segmentation_repaired.stl,ok,exact_point_to_surface,88332.0,87010.0,1.3238327615422998,0.6611416186496718,1.1939598641071296,67.20535459983643,0.5591566682868707,0.7646760932554292,9321.60649981353,9015.83249121373,-305.77400859979934,-0.03280271577714808,1.7728515124839972,28.200002670288086,10.800003051757812,-3.0,30.346008246921592,,,,,,,,,,,,,,,,,,,,,,,
965,s0_original,s0_original,identity,True,0.6000000238418579,0.6000000238418579,0.6000000238418579,True,0.5,,16,8301.528989619293,4366.872520571729,0.526032315978456,0.7788000197853292,10,6,26.89200320577634,4.024922519435666,0.8485281711413358,2,16,16,0,0.0,0.0,16,38433,8301.528989619295,0.7970579094581995,0.8007701714672287,0.7933799077105514,0.6625904236996211,30776,7657,8015,8378.856998837511,-77.32800921821581,-0.00922894485834337,0.8768694875165438,0.8506876227897839,0.9047141424272819,4.40908171221088,75.06237704588573,0.7985225669640186,1.078842037840195,0.5353810327041174,1018,610.8000242710114,36,40,14,1.3409687760896132,6.60816524567859,True,True,0.7970579094581995,0.0,True,/Users/angadkumar16ak/Projects/Automated_Cardiovascular_Segmentation_for_Bioprinting_Project/outputs/topology_correction/case_outputs/965/mask__s0_original.nii.gz,/Users/angadkumar16ak/Projects/Automated_Cardiovascular_Segmentation_for_Bioprinting_Project/outputs/topology_correction/case_outputs/965/mask__s0_original.nii.gz,ok,3.0,16.0,True,0.0,14.0,9252.306612472581,8163.3429731462375,144.60000574588776,97.80000388622284,83.40000331401825,0.4242640855706679,0.6000000238418579,0.592450996229114,/Users/angadkumar16ak/Projects/Automated_Cardiovascular_Segmentation_for_Bioprinting_Project/outputs/topology_correction/mesh_qc/s0_original/case_outputs/965__s0_original/segmentation_raw.stl,/Users/angadkumar16ak/Projects/Automated_Cardiovascular_Segmentation_for_Bioprinting_Project/outputs/topology_correction/mesh_qc/s0_original/case_outputs/965__s0_original/segmentation_repaired.stl,/Users/angadkumar16ak/Projects/Automated_Cardiovascular_Segmentation_for_Bioprinting_Project/outputs/topology_correction/mesh_qc/s0_original/case_outputs/965__s0_original/segmentation_smoothed.stl,True,0.6139987883012541,3.141592653589793,0.5663912986642621,3.141592653589793,-0.00277439076015724,0.09941976946894596,True,"phaseb_mesh_qc.run_phaseb_for_case (repository implementation, unmodified)",50.0,37.0,37.0,1.0,True,-41.06166765331474,152.37994533886263,127.66992381494175,-44.94328609554243,151.40691125450653,126.38017057699324,4.204428674048297,True,/Users/angadkumar16ak/Projects/Automated_Cardiovascular_Segmentation_for_Bioprinting_Project/outputs/topology_correction/mesh_qc/s0_original/case_outputs/965__s0_original/segmentation_repaired.stl,ok,exact_point_to_surface,84368.0,85212.0,1.6332940833603926,0.8182777508373662,4.72412306510136,75.06237243489117,0.488998156759754,1.1442959266006387,8252.326173536514,8163.343518700636,-88.98265483587784,-0.010782736038867032,3.1587684372091522,38.40000057220459,21.00000762939453,0.600006103515625,43.77122766960275,,,,,,,,,,,,,,,,,,,,,,,
966,s0_original,s0_original,identity,True,0.6000000238418579,0.6000000238418579,0.6000000238418579,True,0.5,,8,9135.073088985486,4678.560557727836,0.5121535987893692,0.9422437673130195,4,4,11.12400132608419,3.231099012673037,0.8485281711413358,1,8,8,0,0.0,0.0,8,42292,9135.073088985486,0.8080972307364269,0.7168968126359595,0.9258840774445734,0.6779892215836669,30319,11973,2427,7073.136843183551,2061.936245801935,0.2915165211018139,0.9043936514267895,0.8341384863123994,0.9875717017208413,2.2449945212724285,25.484113710562013,0.6402403732824858,0.9280453804284414,0.30789549380327874,1242,745.2000296115875,24,40,6,1.0742826029458343,5.508813608865111,True,True,0.8080972307364269,0.0,True,/Users/angadkumar16ak/Projects/Automated_Cardiovascular_Segmentation_for_Bioprinting_Project/outputs/topology_correction/case_outputs/966/mask__s0_original.nii.gz,/Users/angadkumar16ak/Projects/Automated_Cardiovascular_Segmentation_for_Bioprinting_Project/outputs/topology_correction/case_outputs/966/mask__s0_original.nii.gz,ok,3.0,8.0,True,0.0,7.0,10671.022839022347,8970.058069314166,114.000004529953,105.00000417232513,88.80000352859497,0.4242640855706679,0.6000000238418579,0.5906672703970893,/Users/angadkumar16ak/Projects/Automated_Cardiovascular_Segmentation_for_Bioprinting_Project/outputs/topology_correction/mesh_qc/s0_original/case_outputs/966__s0_original/segmentation_raw.stl,/Users/angadkumar16ak/Projects/Automated_Cardiovascular_Segmentation_for_Bioprinting_Project/outputs/topology_correction/mesh_qc/s0_original/case_outputs/966__s0_original/segmentation_repaired.stl,/Users/angadkumar16ak/Projects/Automated_Cardiovascular_Segmentation_for_Bioprinting_Project/outputs/topology_correction/mesh_qc/s0_original/case_outputs/966__s0_original/segmentation_smoothed.stl,True,0.5875577523140892,3.141592653589793,0.5377085391352336,3.140284464432818,-0.0028836236342901604,0.07869100539109052,True,"phaseb_mesh_qc.run_phaseb_for_case (repository implementation, unmodified)",50.0,50.0,50.0,1.0,True,-33.778251777827364,177.94665184237078,110.19866971053577,-36.94270323016842,177.58404527412264,108.1075472670619,3.810253218771714,True,/Users/angadkumar16ak/Projects/Automated_Cardiovascular_Segmentation_for_Bioprinting_Project/outputs/topology_correction/mesh_qc/s0_original/case_outputs/966__s0_original/segmentation_repaired.stl,ok,exact_point_to_surface,85011.0,90914.0,1.1756916190039564,0.5989495081166213,2.4153241403618577,25.48410838911127,0.2569262467743642,0.9187653722295922,6927.157056102532,8970.058513548518,2042.9014574459861,0.29491195896103967,2.463100581464146,1.1999988555908203,0.0,-1.2000007629394531,1.6970560051084196,,,,,,,,,,,,,,,,,,,,,,,
967,s0_original,s0_original,identity,True,0.6000000238418579,0.6000000238418579,0.6000000238418579,True,0.5,,7,8040.384958488502,4333.392516580602,0.5389533634214485,0.8397966304456186,3,4,3.2400003862381137,6.189043989750898,1.6970563422826717,0,7,7,0,0.0,0.0,7,37224,8040.384958488503,0.8611333867949746,0.8654362776703203,0.856873071603362,0.7561319094003052,32215,5009,5381,8120.736968067208,-80.35200957870529,-0.009894669645706998,0.9587082262210798,0.9663157894736842,0.9512195121951219,0.8485281711413358,41.78516649194563,0.3922438507471307,0.4219831961854112,0.3652624611264208,950,570.000022649765,19,33,6,0.6810915129103232,1.3416408398118889,True,True,0.8611333867949746,0.0,True,/Users/angadkumar16ak/Projects/Automated_Cardiovascular_Segmentation_for_Bioprinting_Project/outputs/topology_correction/case_outputs/967/mask__s0_original.nii.gz,/Users/angadkumar16ak/Projects/Automated_Cardiovascular_Segmentation_for_Bioprinting_Project/outputs/topology_correction/case_outputs/967/mask__s0_original.nii.gz,ok,3.0,7.0,True,0.0,7.0,8971.423484702113,7908.489942765395,128.4000051021576,98.4000039100647,101.40000402927399,0.4242640855706679,0.6000000238418579,0.5896531745449255,/Users/angadkumar16ak/Projects/Automated_Cardiovascular_Segmentation_for_Bioprinting_Project/outputs/topology_correction/mesh_qc/s0_original/case_outputs/967__s0_original/segmentation_raw.stl,/Users/angadkumar16ak/Projects/Automated_Cardiovascular_Segmentation_for_Bioprinting_Project/outputs/topology_correction/mesh_qc/s0_original/case_outputs/967__s0_original/segmentation_repaired.stl,/Users/angadkumar16ak/Projects/Automated_Cardiovascular_Segmentation_for_Bioprinting_Project/outputs/topology_correction/mesh_qc/s0_original/case_outputs/967__s0_original/segmentation_smoothed.stl,True,0.5712296681276525,3.141592653589793,0.5191412157737195,3.141592653589793,-0.0024403820417617773,0.09534171502256608,True,"phaseb_mesh_qc.run_phaseb_for_case (repository implementation, unmodified)",50.0,42.0,42.0,1.0,True,-27.515060454379636,173.3224158579179,114.27779231946647,-30.848191138728716,173.04795299716696,112.57433161049597,3.7532477146981935,True,/Users/angadkumar16ak/Projects/Automated_Cardiovascular_Segmentation_for_Bioprinting_Project/outputs/topology_correction/mesh_qc/s0_original/case_outputs/967__s0_original/segmentation_repaired.stl,ok,exact_point_to_surface,85197.0,84545.0,0.7429575371634912,0.3712920764867549,0.9446565157530754,41.78516724169029,0.32287525694381236,0.42008228021967886,7980.490085352812,7908.489692920982,-72.00039243182982,-0.009022051485782497,1.1433441242363485,21.599998474121094,4.8000030517578125,-0.6000022888183594,22.13503932965797,,,,,,,,,,,,,,,,,,,,,,,
968,s0_original,s0_original,identity,True,0.6000000238418579,0.6000000238418579,0.6000000238418579,True,0.5,,12,5268.4566280489225,2610.792311230672,0.4955516378992251,0.980392156862745,5,7,4.968000592231774,7.4215904210192845,0.8485281711413358,2,12,12,0,0.0,0.0,12,24391,5268.456628048922,0.8086242383485154,0.8134147841416917,0.8038897893030794,0.6787314836988129,19840,4551,4840,5330.880635490443,-62.4240074415211,-0.011709886547812014,0.8873072360616845,0.88,0.8947368421052632,3.8418746951220877,28.887368629186586,0.9821267167481287,0.7725097323364755,1.1725141914985522,625,375.0000149011612,23,13,9,1.2908688829238484,6.476043888562249,True,True,0.8086242383485154,0.0,True,/Users/angadkumar16ak/Projects/Automated_Cardiovascular_Segmentation_for_Bioprinting_Project/outputs/topology_correction/case_outputs/968/mask__s0_original.nii.gz,/Users/angadkumar16ak/Projects/Automated_Cardiovascular_Segmentation_for_Bioprinting_Project/outputs/topology_correction/case_outputs/968/mask__s0_original.nii.gz,ok,3.0,12.0,True,0.0,10.0,5938.271647792996,5177.997617265369,95.40000379085541,92.40000367164612,84.60000336170197,0.4242640855706679,0.6000000238418579,0.5896180728728266,/Users/angadkumar16ak/Projects/Automated_Cardiovascular_Segmentation_for_Bioprinting_Project/outputs/topology_correction/mesh_qc/s0_original/case_outputs/968__s0_original/segmentation_raw.stl,/Users/angadkumar16ak/Projects/Automated_Cardiovascular_Segmentation_for_Bioprinting_Project/outputs/topology_correction/mesh_qc/s0_original/case_outputs/968__s0_original/segmentation_repaired.stl,/Users/angadkumar16ak/Projects/Automated_Cardiovascular_Segmentation_for_Bioprinting_Project/outputs/topology_correction/mesh_qc/s0_original/case_outputs/968__s0_original/segmentation_smoothed.stl,True,0.5807876411733401,3.141592653589793,0.522907544457145,3.141006935393406,-0.0029144664516858034,0.08868025091222172,True,"phaseb_mesh_qc.run_phaseb_for_case (repository implementation, unmodified)",50.0,50.0,50.0,1.0,True,-35.32488002390406,168.4549200723622,148.9936063104702,-39.04819219407847,167.37373013722208,147.89070314371668,4.030932967397511,True,/Users/angadkumar16ak/Projects/Automated_Cardiovascular_Segmentation_for_Bioprinting_Project/outputs/topology_correction/mesh_qc/s0_original/case_outputs/968__s0_original/segmentation_repaired.stl,ok,exact_point_to_surface,73259.0,72874.0,1.93436371238889,0.967623516351808,4.1996544095322275,28.887366276972024,1.1348211387294047,0.7995425736594851,5238.828028842829,5177.997295944991,-60.83073289783806,-0.011611515507462568,2.535265166388844,-10.199996948242188,7.62939453125e-06,8.400001525878906,13.213627941597876,,,,,,,,,,,,,,,,,,,,,,,
969,s0_original,s0_original,identity,True,0.6000000238418579,0.6000000238418579,0.6000000238418579,True,0.5,,13,8324.640992374461,5241.024624778773,0.6295796574987026,0.5150016485328058,9,4,23.328002780914417,5.289975084417955,0.8485281711413358,1,13,13,0,0.0,0.0,13,38540,8324.64099237446,0.8142135006572795,0.779449922158796,0.8522227580924282,0.686644266154655,30040,8500,5209,7613.784907633818,710.8560847406416,0.09336435076172366,0.9161943287975255,0.8872832369942196,0.9470529470529471,2.2449945212724285,30.035979619403733,0.844175360498555,1.2614835016652248,0.42139277835079003,1038,622.8000247478485,32,22,12,1.3155381464849953,4.2426408557066795,True,True,0.8142135006572795,0.0,True,/Users/angadkumar16ak/Projects/Automated_Cardiovascular_Segmentation_for_Bioprinting_Project/outputs/topology_correction/case_outputs/969/mask__s0_original.nii.gz,/Users/angadkumar16ak/Projects/Automated_Cardiovascular_Segmentation_for_Bioprinting_Project/outputs/topology_correction/case_outputs/969/mask__s0_original.nii.gz,ok,3.0,13.0,True,0.0,12.0,9550.958278641683,8177.742974862852,125.4000049829483,89.40000355243683,105.60000419616699,0.4242640855706679,0.6000000238418579,0.5893954474016919,/Users/angadkumar16ak/Projects/Automated_Cardiovascular_Segmentation_for_Bioprinting_Project/outputs/topology_correction/mesh_qc/s0_original/case_outputs/969__s0_original/segmentation_raw.stl,/Users/angadkumar16ak/Projects/Automated_Cardiovascular_Segmentation_for_Bioprinting_Project/outputs/topology_correction/mesh_qc/s0_original/case_outputs/969__s0_original/segmentation_repaired.stl,/Users/angadkumar16ak/Projects/Automated_Cardiovascular_Segmentation_for_Bioprinting_Project/outputs/topology_correction/mesh_qc/s0_original/case_outputs/969__s0_original/segmentation_smoothed.stl,True,0.5656005104898576,3.141592653589793,0.5031475532067691,3.139961057123523,-0.003108461085512256,0.08777893098079917,True,"phaseb_mesh_qc.run_phaseb_for_case (repository implementation, unmodified)",50.0,48.0,48.0,1.0,True,-35.39478663817921,166.06035676429974,-208.75669501088538,-37.270595247064776,166.5667981942314,-212.86163076583267,4.541545817380368,True,/Users/angadkumar16ak/Projects/Automated_Cardiovascular_Segmentation_for_Bioprinting_Project/outputs/topology_correction/mesh_qc/s0_original/case_outputs/969__s0_original/segmentation_repaired.stl,ok,exact_point_to_surface,85105.0,86805.0,1.689799392907703,0.8496025139588311,2.4908880625361323,30.035982967554055,0.36933419217088603,1.320465200736817,7481.8532363251,8177.74313409775,695.8898977726503,0.09301036465057073,3.460719915509361,7.19999885559082,1.2000045776367188,0.0,7.2993146600799585,,,,,,,,,,,,,,,,,,,,,,,
970,s0_original,s0_original,identity,True,0.6000000238418579,0.6000000238418579,0.6000000238418579,True,0.5,,15,4457.160531334897,2115.9362522392375,0.4747274048945967,0.7462229481420987,9,6,14.904001776695322,3.115549565941163,0.8485281711413358,2,15,15,0,0.0,0.0,15,20635,4457.160531334898,0.7907146329606223,0.7882238914465713,0.7932211655693733,0.6538693467336684,16265,4370,4240,4429.080527987501,28.080003347396996,0.006339917093391858,0.8560842279459855,0.8195956454121306,0.8959731543624161,3.811232816236945,44.65870753280568,1.1885904745849278,1.9620005543287127,0.442095531175342,643,385.80001533031464,25,13,12,2.2800813308114996,11.72983362200691,True,True,0.7907146329606223,0.0,True,/Users/angadkumar16ak/Projects/Automated_Cardiovascular_Segmentation_for_Bioprinting_Project/outputs/topology_correction/case_outputs/970/mask__s0_original.nii.gz,/Users/angadkumar16ak/Projects/Automated_Cardiovascular_Segmentation_for_Bioprinting_Project/outputs/topology_correction/case_outputs/970/mask__s0_original.nii.gz,ok,3.0,15.0,True,0.0,13.0,5517.209835687846,4362.1025200031,112.80000448226929,84.60000336170197,88.80000352859497,0.4242640855706679,0.6000000238418579,0.5902577965065071,/Users/angadkumar16ak/Projects/Automated_Cardiovascular_Segmentation_for_Bioprinting_Project/outputs/topology_correction/mesh_qc/s0_original/case_outputs/970__s0_original/segmentation_raw.stl,/Users/angadkumar16ak/Projects/Automated_Cardiovascular_Segmentation_for_Bioprinting_Project/outputs/topology_correction/mesh_qc/s0_original/case_outputs/970__s0_original/segmentation_repaired.stl,/Users/angadkumar16ak/Projects/Automated_Cardiovascular_Segmentation_for_Bioprinting_Project/outputs/topology_correction/mesh_qc/s0_original/case_outputs/970__s0_original/segmentation_smoothed.stl,True,0.5840524073871112,3.141592653589793,0.5320069583671878,3.1401074157418014,-0.004076721421023628,0.05834746789435425,True,"phaseb_mesh_qc.run_phaseb_for_case (repository implementation, unmodified)",50.0,50.0,50.0,1.0,True,-36.16548706603044,158.31676171881423,180.75214598364883,-38.302780250739474,158.2889110779897,178.84656411424712,2.863571210322972,True,/Users/angadkumar16ak/Projects/Automated_Cardiovascular_Segmentation_for_Bioprinting_Project/outputs/topology_correction/mesh_qc/s0_original/case_outputs/970__s0_original/segmentation_repaired.stl,ok,exact_point_to_surface,70004.0,71196.0,2.4891680788227686,1.2516911840115634,4.499525706339855,44.658707603276355,0.4026974475109573,2.086470631311811,4346.811375352615,4362.102958455416,15.291583102801269,0.003517885130582831,5.866657944492629,6.000001907348633,12.600006103515625,13.199989318847656,19.209369971826522,,,,,,,,,,,,,,,,,,,,,,,
971,s0_original,s0_original,identity,True,0.6000000238418579,0.6000000238418579,0.6000000238418579,True,0.5,,11,5876.49670053294,3381.2644030780953,0.5753877821068883,0.5622844001533155,8,3,65.4480078020099,5.589975096338884,1.8000000715255737,0,11,11,0,0.0,0.0,11,27206,5876.496700532941,0.6906939022868652,0.7121590825553187,0.6704848254144029,0.5275266826399477,19375,7831,9522,6241.752744074851,-365.25604354191,-0.05851818527874866,0.7955018249175225,0.7455919395465995,0.8525730180806675,15.151039110425986,49.803616305690944,2.55410841537599,4.340065197599033,0.8682273464791972,794,476.4000189304352,26,18,9,3.4697588648890796,20.385877815739235,True,True,0.6906939022868652,0.0,True,/Users/angadkumar16ak/Projects/Automated_Cardiovascular_Segmentation_for_Bioprinting_Project/outputs/topology_correction/case_outputs/971/mask__s0_original.nii.gz,/Users/angadkumar16ak/Projects/Automated_Cardiovascular_Segmentation_for_Bioprinting_Project/outputs/topology_correction/case_outputs/971/mask__s0_original.nii.gz,ok,3.0,11.0,True,0.0,11.0,7054.708107206507,5763.114687016753,100.20000398159027,75.00000298023224,112.20000445842743,0.4242640855706679,0.6000000238418579,0.5908347996715487,/Users/angadkumar16ak/Projects/Automated_Cardiovascular_Segmentation_for_Bioprinting_Project/outputs/topology_correction/mesh_qc/s0_original/case_outputs/971__s0_original/segmentation_raw.stl,/Users/angadkumar16ak/Projects/Automated_Cardiovascular_Segmentation_for_Bioprinting_Project/outputs/topology_correction/mesh_qc/s0_original/case_outputs/971__s0_original/segmentation_repaired.stl,/Users/angadkumar16ak/Projects/Automated_Cardiovascular_Segmentation_for_Bioprinting_Project/outputs/topology_correction/mesh_qc/s0_original/case_outputs/971__s0_original/segmentation_smoothed.stl,True,0.5555059916416114,3.141592653589793,0.4966916522777365,3.1380896664019717,-0.0033642894986739536,0.06325810482981695,True,"phaseb_mesh_qc.run_phaseb_for_case (repository implementation, unmodified)",50.0,50.0,50.0,1.0,True,-49.84210779396021,134.87618241699306,126.6392560221514,-50.29940920155707,134.28369114695468,122.8134796236149,3.898299056519485,True,/Users/angadkumar16ak/Projects/Automated_Cardiovascular_Segmentation_for_Bioprinting_Project/outputs/topology_correction/mesh_qc/s0_original/case_outputs/971__s0_original/segmentation_repaired.stl,ok,exact_point_to_surface,76300.0,77036.0,5.1690153890886705,2.5930127878600535,15.831523226526734,49.80361731387013,0.812582438214317,4.356432950874353,6143.861151859776,5763.115041366525,-380.74611049325176,-0.06197179608754636,8.885995518190322,-6.6000001430511475,-0.5999984741210938,18.599987030029297,19.745366990118995,,,,,,,,,,,,,,,,,,,,,,,
972,s0_original,s0_original,identity,True,0.6000000238418579,0.6000000238418579,0.6000000238418579,True,0.5,,16,5814.07269309142,3323.3763961773075,0.5716090203217298,0.6574808267255947,10,6,10.152001210212756,4.9839745157961906,1.2000000476837158,0,16,16,0,0.0,0.0,16,26917,5814.07269309142,0.7418803418803419,0.6691310324330348,0.832378223495702,0.5896739130434783,18011,8906,3627,4673.808557161354,1140.264135930066,0.24396894352527942,0.8521385636848973,0.8050955414012739,0.9050203527815468,6.734983563817286,29.301878237331454,1.1325697643890624,1.7208199818891998,0.4698826806848738,785,471.00001871585846,35,35,15,1.4178465093198513,8.526545875201796,True,True,0.7418803418803419,0.0,True,/Users/angadkumar16ak/Projects/Automated_Cardiovascular_Segmentation_for_Bioprinting_Project/outputs/topology_correction/case_outputs/972/mask__s0_original.nii.gz,/Users/angadkumar16ak/Projects/Automated_Cardiovascular_Segmentation_for_Bioprinting_Project/outputs/topology_correction/case_outputs/972/mask__s0_original.nii.gz,ok,3.0,16.0,True,0.0,16.0,7019.874978262318,5699.835679473307,105.00000417232513,92.40000367164612,77.40000307559967,0.4242640855706679,0.6000000238418579,0.5878642911148312,/Users/angadkumar16ak/Projects/Automated_Cardiovascular_Segmentation_for_Bioprinting_Project/outputs/topology_correction/mesh_qc/s0_original/case_outputs/972__s0_original/segmentation_raw.stl,/Users/angadkumar16ak/Projects/Automated_Cardiovascular_Segmentation_for_Bioprinting_Project/outputs/topology_correction/mesh_qc/s0_original/case_outputs/972__s0_original/segmentation_repaired.stl,/Users/angadkumar16ak/Projects/Automated_Cardiovascular_Segmentation_for_Bioprinting_Project/outputs/topology_correction/mesh_qc/s0_original/case_outputs/972__s0_original/segmentation_smoothed.stl,True,0.5788848107436985,3.141592653589793,0.5280065921199202,3.1378018235253693,-0.0037234714964782833,0.06586915332317866,True,"phaseb_mesh_qc.run_phaseb_for_case (repository implementation, unmodified)",50.0,47.0,39.0,0.8297872340425532,False,-35.92213735290537,168.11486914050516,86.35510361161396,-37.40732900702299,168.87020702909743,84.94722344024083,2.181388583528682,True,/Users/angadkumar16ak/Projects/Automated_Cardiovascular_Segmentation_for_Bioprinting_Project/outputs/topology_correction/mesh_qc/s0_original/case_outputs/972__s0_original/segmentation_repaired.stl,ok,exact_point_to_surface,74005.0,77220.0,2.115671513132338,1.0715317354003804,6.5988484516059245,29.301883634359505,0.41361354841572473,1.702057964716613,4577.562347965829,5699.835616045456,1122.273268079627,0.24516831946119563,2.746711605317579,-2.399996757507324,8.400001525878906,4.1999969482421875,9.693295850022185,,,,,,,,,,,,,,,,,,,,,,,
973,s0_original,s0_original,identity,True,0.6000000238418579,0.6000000238418579,0.6000000238418579,True,0.5,,10,8895.529060429617,5269.536628177668,0.5923803511157515,0.6249385145105755,5,5,7.452000888347661,5.969924859863211,1.8000000715255737,0,10,10,0,0.0,0.0,10,41183,8895.529060429615,0.8315905614483814,0.8052594517155137,0.8597018794556059,0.7117287262581822,33163,8020,5412,8332.200993275683,563.3280671539324,0.06760855476344771,0.8831733066863622,0.865979381443299,0.9010638297872341,4.2426408557066795,31.257640308381635,0.9460804035528131,1.3170267970788812,0.5870445556187633,873,523.800020813942,24,30,10,1.4302230919213743,6.44544926965859,True,True,0.8315905614483814,0.0,True,/Users/angadkumar16ak/Projects/Automated_Cardiovascular_Segmentation_for_Bioprinting_Project/outputs/topology_correction/case_outputs/973/mask__s0_original.nii.gz,/Users/angadkumar16ak/Projects/Automated_Cardiovascular_Segmentation_for_Bioprinting_Project/outputs/topology_correction/case_outputs/973/mask__s0_original.nii.gz,ok,3.0,10.0,True,0.0,10.0,8993.818954618824,8775.946046174211,105.60000419616699,88.20000350475311,93.60000371932983,0.4242640855706679,0.6000000238418579,0.5891837176388531,/Users/angadkumar16ak/Projects/Automated_Cardiovascular_Segmentation_for_Bioprinting_Project/outputs/topology_correction/mesh_qc/s0_original/case_outputs/973__s0_original/segmentation_raw.stl,/Users/angadkumar16ak/Projects/Automated_Cardiovascular_Segmentation_for_Bioprinting_Project/outputs/topology_correction/mesh_qc/s0_original/case_outputs/973__s0_original/segmentation_repaired.stl,/Users/angadkumar16ak/Projects/Automated_Cardiovascular_Segmentation_for_Bioprinting_Project/outputs/topology_correction/mesh_qc/s0_original/case_outputs/973__s0_original/segmentation_smoothed.stl,True,0.6019405191907384,3.141592653589793,0.5481666131502491,3.141592653589793,-0.0020251693470488335,0.1354928004273608,True,"phaseb_mesh_qc.run_phaseb_for_case (repository implementation, unmodified)",50.0,50.0,50.0,1.0,True,-19.214323355024234,190.44991696912246,126.38357049244851,-23.75468964372045,189.49682971717235,126.83326028864275,4.661064498390907,True,/Users/angadkumar16ak/Projects/Automated_Cardiovascular_Segmentation_for_Bioprinting_Project/outputs/topology_correction/mesh_qc/s0_original/case_outputs/973__s0_original/segmentation_repaired.stl,ok,exact_point_to_surface,83412.0,84689.0,1.8016109359847097,0.9035102540416277,4.253534462025035,31.257647992356507,0.5447543797630501,1.2568565562216596,8215.300126880598,8775.946360241718,560.6462333611198,0.06824415720695048,2.9034042150257404,-0.5999984741210938,2.399993896484375,2.9999923706054688,3.8884345302191874,,,,,,,,,,,,,,,,,,,,,,,
974,s0_original,s0_original,identity,True,0.6000000238418579,0.6000000238418579,0.6000000238418579,True,0.5,,13,13255.489580177371,7178.760855774914,0.5415688958414808,0.8169700616819617,9,4,19.872002368927095,7.265623698081209,1.2000000476837158,0,13,13,0,0.0,0.0,13,61368,13255.489580177371,0.8147214056654195,0.794860513622735,0.8356002466767165,0.6873670119072782,48779,12589,9597,12609.217503135742,646.272077041629,0.05125393997533232,0.83235349510641,0.7917282127031019,0.877373417721519,6.292853339076425,79.73907765527441,1.0257597157799319,1.2675624401053476,0.7825805774072035,1354,812.4000322818756,28,42,12,1.7557434083808734,10.749884147463352,True,True,0.8147214056654195,0.0,True,/Users/angadkumar16ak/Projects/Automated_Cardiovascular_Segmentation_for_Bioprinting_Project/outputs/topology_correction/case_outputs/974/mask__s0_original.nii.gz,/Users/angadkumar16ak/Projects/Automated_Cardiovascular_Segmentation_for_Bioprinting_Project/outputs/topology_correction/case_outputs/974/mask__s0_original.nii.gz,ok,3.0,13.0,True,0.0,13.0,13393.426949640934,13071.520558246562,148.80000591278076,99.00000393390656,94.20000374317169,0.4242640855706679,0.6000000238418579,0.5911569804315082,/Users/angadkumar16ak/Projects/Automated_Cardiovascular_Segmentation_for_Bioprinting_Project/outputs/topology_correction/mesh_qc/s0_original/case_outputs/974__s0_original/segmentation_raw.stl,/Users/angadkumar16ak/Projects/Automated_Cardiovascular_Segmentation_for_Bioprinting_Project/outputs/topology_correction/mesh_qc/s0_original/case_outputs/974__s0_original/segmentation_repaired.stl,/Users/angadkumar16ak/Projects/Automated_Cardiovascular_Segmentation_for_Bioprinting_Project/outputs/topology_correction/mesh_qc/s0_original/case_outputs/974__s0_original/segmentation_smoothed.stl,True,0.5768600807509471,3.141592653589793,0.5139912620253574,3.1404675356548593,-0.0022518207132579187,0.14778060226828316,True,"phaseb_mesh_qc.run_phaseb_for_case (repository implementation, unmodified)",50.0,41.0,41.0,1.0,True,-14.69749479811857,157.66713256628321,-5.4833106883574345,-18.536091199920197,157.47401147263216,-7.9749291214656335,4.580423616756636,True,/Users/angadkumar16ak/Projects/Automated_Cardiovascular_Segmentation_for_Bioprinting_Project/outputs/topology_correction/mesh_qc/s0_original/case_outputs/974__s0_original/segmentation_repaired.stl,ok,exact_point_to_surface,97415.0,101236.0,2.10314117545867,1.0575175196256312,7.137229085883547,79.73908101900689,0.7423939407439626,1.3607472347147076,12446.596727727056,13071.520648824197,624.9239210971409,0.0502084171896571,5.301048567872036,28.799999237060547,4.200004577636719,0.5999984741210938,29.1108226039012,,,,,,,,,,,,,,,,,,,,,,,
975,s0_original,s0_original,identity,True,0.6000000238418579,0.6000000238418579,0.6000000238418579,True,0.5,,12,10309.897229035429,5396.9766433697005,0.5234753095472543,0.7858800928519971,10,2,45.900005471706606,12.854571682171896,0.8485281711413358,1,12,12,0,0.0,0.0,12,47731,10309.897229035427,0.8035539333397368,0.8763487041964342,0.7419251849092747,0.6716173471845346,41829,5902,14550,12177.865451714573,-1867.9682226791465,-0.15339044679756642,0.8724586472649478,0.8980667838312829,0.8482704402515723,8.939799010686485,51.71847070993118,1.4903937094370312,1.7885484333902653,1.2474983232669357,1138,682.8000271320343,30,18,11,2.071386513721774,13.28687715733078,True,True,0.8035539333397368,0.0,True,/Users/angadkumar16ak/Projects/Automated_Cardiovascular_Segmentation_for_Bioprinting_Project/outputs/topology_correction/case_outputs/975/mask__s0_original.nii.gz,/Users/angadkumar16ak/Projects/Automated_Cardiovascular_Segmentation_for_Bioprinting_Project/outputs/topology_correction/case_outputs/975/mask__s0_original.nii.gz,ok,3.0,12.0,True,0.0,11.0,10990.521717598747,10151.362210136584,156.60000622272491,98.4000039100647,107.40000426769257,0.4242640855706679,0.6000000238418579,0.5915743868228921,/Users/angadkumar16ak/Projects/Automated_Cardiovascular_Segmentation_for_Bioprinting_Project/outputs/topology_correction/mesh_qc/s0_original/case_outputs/975__s0_original/segmentation_raw.stl,/Users/angadkumar16ak/Projects/Automated_Cardiovascular_Segmentation_for_Bioprinting_Project/outputs/topology_correction/mesh_qc/s0_original/case_outputs/975__s0_original/segmentation_repaired.stl,/Users/angadkumar16ak/Projects/Automated_Cardiovascular_Segmentation_for_Bioprinting_Project/outputs/topology_correction/mesh_qc/s0_original/case_outputs/975__s0_original/segmentation_smoothed.stl,True,0.5935231361335502,3.141592653589793,0.5378508300618111,3.1399886094095724,-0.0024735283527619876,0.1212419601516834,True,"phaseb_mesh_qc.run_phaseb_for_case (repository implementation, unmodified)",50.0,45.0,45.0,1.0,True,-5.399298051124333,195.22580902839087,105.3977527425125,-10.5584015166282,195.00332061639838,103.88865215540862,5.379891657202977,True,/Users/angadkumar16ak/Projects/Automated_Cardiovascular_Segmentation_for_Bioprinting_Project/outputs/topology_correction/mesh_qc/s0_original/case_outputs/975__s0_original/segmentation_repaired.stl,ok,exact_point_to_surface,97489.0,91980.0,3.073304382383702,1.5270764205836742,9.572712063501138,51.7184647160995,1.2073162533881663,1.8659881289955353,12005.453964297054,10151.362782764,-1854.0911815330546,-0.15443740711904147,6.491404620516018,32.400001525878906,3.0,12.60000991821289,34.89298423488623,,,,,,,,,,,,,,,,,,,,,,,
976,s0_original,s0_original,identity,True,0.6000000238418579,0.6000000238418579,0.6000000238418579,True,0.5,,12,5805.864692112949,3133.9443735952527,0.5397894266899811,0.6382934730167482,9,3,49.356005883693925,2.2449945212724285,0.8485281711413358,3,12,12,0,0.0,0.0,12,26879,5805.86469211295,0.7347962825541539,0.7736150898470925,0.6996870688784952,0.5807730979778796,20794,6085,8925,6419.304765240699,-613.4400731277492,-0.09556176183586254,0.7886067373690223,0.8293963254593176,0.7516411378555798,5.878775616281173,29.326439748967818,1.142543185996691,1.4176570391208019,0.9071005781688133,762,457.2000181674957,23,27,9,1.8101953182611337,8.797656285869955,True,True,0.7347962825541539,0.0,True,/Users/angadkumar16ak/Projects/Automated_Cardiovascular_Segmentation_for_Bioprinting_Project/outputs/topology_correction/case_outputs/976/mask__s0_original.nii.gz,/Users/angadkumar16ak/Projects/Automated_Cardiovascular_Segmentation_for_Bioprinting_Project/outputs/topology_correction/case_outputs/976/mask__s0_original.nii.gz,ok,3.0,12.0,True,0.0,9.0,6911.655943094315,5695.731678984074,92.40000367164612,81.00000321865082,91.2000036239624,0.4242640855706679,0.6000000238418579,0.5884141401404093,/Users/angadkumar16ak/Projects/Automated_Cardiovascular_Segmentation_for_Bioprinting_Project/outputs/topology_correction/mesh_qc/s0_original/case_outputs/976__s0_original/segmentation_raw.stl,/Users/angadkumar16ak/Projects/Automated_Cardiovascular_Segmentation_for_Bioprinting_Project/outputs/topology_correction/mesh_qc/s0_original/case_outputs/976__s0_original/segmentation_repaired.stl,/Users/angadkumar16ak/Projects/Automated_Cardiovascular_Segmentation_for_Bioprinting_Project/outputs/topology_correction/mesh_qc/s0_original/case_outputs/976__s0_original/segmentation_smoothed.stl,True,0.5809465874088903,3.141592653589793,0.5270545721040334,3.139435546251907,-0.0032354291467992877,0.06838052010863499,True,"phaseb_mesh_qc.run_phaseb_for_case (repository implementation, unmodified)",50.0,50.0,50.0,1.0,True,-31.099654877730003,142.53619123342077,10.95862741730052,-34.11567557466619,142.1098155014108,10.21250197056678,3.136061270360978,True,/Users/angadkumar16ak/Projects/Automated_Cardiovascular_Segmentation_for_Bioprinting_Project/outputs/topology_correction/mesh_qc/s0_original/case_outputs/976__s0_original/segmentation_repaired.stl,ok,exact_point_to_surface,79992.0,76749.0,2.254326122192203,1.1211698157808987,6.182150057604907,29.326441278186447,0.8374969297516076,1.4168291924405951,6305.482091911753,5695.731923535231,-609.7501683765222,-0.09670159386522857,3.7897587046842,-2.4000015258789062,-1.1999969482421875,-3.5999984741210938,4.489987640705245,,,,,,,,,,,,,,,,,,,,,,,
977,s0_original,s0_original,identity,True,0.6000000238418579,0.6000000238418579,0.6000000238418579,True,0.5,,2,6437.0167673521355,3247.560387139336,0.5045132713667326,0.9821084137013635,2,0,3218.5083836760678,20.088803649597153,20.088803649597153,0,2,2,0,0.0,0.0,2,29801,6437.016767352135,0.8475218978674063,0.907486325962216,0.7949908871773766,0.7353908905506458,27044,2757,6974,7347.888875936543,-910.8721085844081,-0.1239637838791228,0.9524873757019392,0.9872448979591837,0.9200940070505288,1.0392305258366357,8.50646846527137,0.3881100854674079,0.24639496096267946,0.5059936736181462,784,470.4000186920166,12,12,2,0.5889534374177365,1.6970563422826717,True,True,0.8475218978674063,0.0,True,/Users/angadkumar16ak/Projects/Automated_Cardiovascular_Segmentation_for_Bioprinting_Project/outputs/topology_correction/case_outputs/977/mask__s0_original.nii.gz,/Users/angadkumar16ak/Projects/Automated_Cardiovascular_Segmentation_for_Bioprinting_Project/outputs/topology_correction/case_outputs/977/mask__s0_original.nii.gz,ok,3.0,2.0,True,0.0,2.0,7347.195698208604,6322.059753648188,103.20000410079956,90.60000360012054,90.00000357627869,0.4242640855706679,0.6000000238418579,0.5897667765562032,/Users/angadkumar16ak/Projects/Automated_Cardiovascular_Segmentation_for_Bioprinting_Project/outputs/topology_correction/mesh_qc/s0_original/case_outputs/977__s0_original/segmentation_raw.stl,/Users/angadkumar16ak/Projects/Automated_Cardiovascular_Segmentation_for_Bioprinting_Project/outputs/topology_correction/mesh_qc/s0_original/case_outputs/977__s0_original/segmentation_repaired.stl,/Users/angadkumar16ak/Projects/Automated_Cardiovascular_Segmentation_for_Bioprinting_Project/outputs/topology_correction/mesh_qc/s0_original/case_outputs/977__s0_original/segmentation_smoothed.stl,True,0.5771208877492132,3.141592653589793,0.5199272055340254,3.139938738890614,-0.0025434847358504747,0.08120532868024563,True,"phaseb_mesh_qc.run_phaseb_for_case (repository implementation, unmodified)",50.0,50.0,50.0,1.0,True,-27.193470490058388,184.95732648892434,-1106.667581839088,-28.8085462407492,185.56999632836786,-1108.1481978966847,2.275095145844813,True,/Users/angadkumar16ak/Projects/Automated_Cardiovascular_Segmentation_for_Bioprinting_Project/outputs/topology_correction/mesh_qc/s0_original/case_outputs/977__s0_original/segmentation_repaired.stl,ok,exact_point_to_surface,81806.0,78280.0,0.7007406545355204,0.3531515206596946,1.0392102210684542,8.506468154161503,0.47664092435829286,0.22409973017722745,7221.8780377223875,6322.058405058699,-899.8196326636889,-0.12459634847938683,0.8457902647078474,-3.5999984741210938,-3.5999908447265625,0.0,5.091161271830748,,,,,,,,,,,,,,,,,,,,,,,
978,s0_original,s0_original,identity,True,0.6000000238418579,0.6000000238418579,0.6000000238418579,True,0.5,,18,7676.424915101088,3718.224443246859,0.48436928444807115,0.4753688857906355,13,5,61.56000733852416,3.0000001192092896,0.8485281711413358,3,18,18,0,0.0,0.0,18,35539,7676.424915101088,0.6865374161985867,0.639691606404232,0.7407866010622699,0.5226927852117533,22734,12805,7955,6628.824790217431,1047.6001248836574,0.15803708169050812,0.7194982896237173,0.6259920634920635,0.8458445040214477,19.358719735128393,31.23459744472023,2.9563209052435147,4.813979303914003,0.7513817081971829,1008,604.8000240325928,31,17,14,3.852991604254934,21.03332534574607,True,True,0.6865374161985867,0.0,True,/Users/angadkumar16ak/Projects/Automated_Cardiovascular_Segmentation_for_Bioprinting_Project/outputs/topology_correction/case_outputs/978/mask__s0_original.nii.gz,/Users/angadkumar16ak/Projects/Automated_Cardiovascular_Segmentation_for_Bioprinting_Project/outputs/topology_correction/case_outputs/978/mask__s0_original.nii.gz,ok,3.0,18.0,True,0.0,15.0,9156.66310182386,7528.761897498283,114.000004529953,98.4000039100647,77.40000307559967,0.4242640855706679,0.6000000238418579,0.5920229664562983,/Users/angadkumar16ak/Projects/Automated_Cardiovascular_Segmentation_for_Bioprinting_Project/outputs/topology_correction/mesh_qc/s0_original/case_outputs/978__s0_original/segmentation_raw.stl,/Users/angadkumar16ak/Projects/Automated_Cardiovascular_Segmentation_for_Bioprinting_Project/outputs/topology_correction/mesh_qc/s0_original/case_outputs/978__s0_original/segmentation_repaired.stl,/Users/angadkumar16ak/Projects/Automated_Cardiovascular_Segmentation_for_Bioprinting_Project/outputs/topology_correction/mesh_qc/s0_original/case_outputs/978__s0_original/segmentation_smoothed.stl,True,0.6105267700927862,3.141592653589793,0.5584146790255923,3.1413413055031616,-0.0031930817815766445,0.07653563690593433,True,"phaseb_mesh_qc.run_phaseb_for_case (repository implementation, unmodified)",50.0,49.0,49.0,1.0,True,-29.780909443922,172.18360573356088,130.85041150327183,-34.20721152365862,170.57664632449612,129.80162029040272,4.8243581595538645,True,/Users/angadkumar16ak/Projects/Automated_Cardiovascular_Segmentation_for_Bioprinting_Project/outputs/topology_correction/mesh_qc/s0_original/case_outputs/978__s0_original/segmentation_repaired.stl,ok,exact_point_to_surface,77436.0,84903.0,5.506932434442974,2.8477445793894174,19.135356408161908,31.234599207979976,0.7037735647533478,4.803158869689626,6524.5240182230555,7528.762029898045,1004.2380116749891,0.15391743656244397,6.617614150075468,6.0,3.600006103515625,3.0,7.613149410418119,,,,,,,,,,,,,,,,,,,,,,,
979,s0_original,s0_original,identity,True,0.6000000238418579,0.6000000238418579,0.6000000238418579,True,0.5,,9,6801.408810791048,4244.616505997678,0.6240790142276423,0.5047071395857717,7,2,17.92800213718423,2.9368306987240267,1.8000000715255737,0,9,9,0,0.0,0.0,9,31488,6801.408810791048,0.8246904024767802,0.8121189024390244,0.8376572327044025,0.7016792887718143,25572,5916,4956,6594.0487860718085,207.36002471923985,0.031446540880503235,0.8785761181928096,0.9083431257344301,0.8506981740064447,5.817216060054983,38.10826833396747,0.9080114541158352,0.6255744939323781,1.1691425516927432,851,510.6000202894211,21,13,9,1.4288319211238103,9.372299983509711,True,True,0.8246904024767802,0.0,True,/Users/angadkumar16ak/Projects/Automated_Cardiovascular_Segmentation_for_Bioprinting_Project/outputs/topology_correction/case_outputs/979/mask__s0_original.nii.gz,/Users/angadkumar16ak/Projects/Automated_Cardiovascular_Segmentation_for_Bioprinting_Project/outputs/topology_correction/case_outputs/979/mask__s0_original.nii.gz,ok,3.0,9.0,True,0.0,9.0,7757.071184801777,6681.8347965367175,114.000004529953,117.00000464916229,97.20000386238098,0.4242640855706679,0.6000000238418579,0.5901342572862867,/Users/angadkumar16ak/Projects/Automated_Cardiovascular_Segmentation_for_Bioprinting_Project/outputs/topology_correction/mesh_qc/s0_original/case_outputs/979__s0_original/segmentation_raw.stl,/Users/angadkumar16ak/Projects/Automated_Cardiovascular_Segmentation_for_Bioprinting_Project/outputs/topology_correction/mesh_qc/s0_original/case_outputs/979__s0_original/segmentation_repaired.stl,/Users/angadkumar16ak/Projects/Automated_Cardiovascular_Segmentation_for_Bioprinting_Project/outputs/topology_correction/mesh_qc/s0_original/case_outputs/979__s0_original/segmentation_smoothed.stl,True,0.5656586489442217,3.141592653589793,0.5059638751818897,3.141592653589793,-0.0030047233319622454,0.08939913617886179,True,"phaseb_mesh_qc.run_phaseb_for_case (repository implementation, unmodified)",50.0,43.0,43.0,1.0,True,-22.146857085739967,180.97827715771197,123.97056377858938,-23.016386659622274,182.00781224884807,120.76263558881244,3.4794866653720757,True,/Users/angadkumar16ak/Projects/Automated_Cardiovascular_Segmentation_for_Bioprinting_Project/outputs/topology_correction/mesh_qc/s0_original/case_outputs/979__s0_original/segmentation_repaired.stl,ok,exact_point_to_surface,81407.0,79812.0,1.75139188850634,0.878335571099745,5.83774341769906,38.10826552236539,1.1425034681265138,0.6088884203798262,6466.3208948442,6681.835117469554,215.5142226253538,0.03332872372560261,5.694951117368407,4.8000030517578125,18.599990844726562,-1.8000030517578125,19.293514446754735,,,,,,,,,,,,,,,,,,,,,,,
980,s0_original,s0_original,identity,True,0.6000000238418579,0.6000000238418579,0.6000000238418579,True,0.5,,12,8073.432962428133,4698.864560148261,0.5820156780908043,0.6546841960099292,8,4,22.57200269079219,9.391485878683222,1.2000000476837158,0,12,12,0,0.0,0.0,12,37377,8073.432962428132,0.8068053919644026,0.8246782780854536,0.7896907744728819,0.6761725091036722,30824,6553,8209,8431.129005068819,-357.69604264068676,-0.042425639843209476,0.8034193548387097,0.7991913746630728,0.8076923076923077,5.723635435938503,43.93131176483856,1.0153913667657881,1.0487732945759587,0.9859028041362414,742,445.20001769065857,27,23,11,1.7731027403860442,8.178486019162728,True,True,0.8068053919644026,0.0,True,/Users/angadkumar16ak/Projects/Automated_Cardiovascular_Segmentation_for_Bioprinting_Project/outputs/topology_correction/case_outputs/980/mask__s0_original.nii.gz,/Users/angadkumar16ak/Projects/Automated_Cardiovascular_Segmentation_for_Bioprinting_Project/outputs/topology_correction/case_outputs/980/mask__s0_original.nii.gz,ok,3.0,12.0,True,0.0,12.0,7759.312945043053,7965.990949620048,118.80000472068787,96.00000381469727,87.60000348091125,0.4242640855706679,0.6000000238418579,0.5905553777772612,/Users/angadkumar16ak/Projects/Automated_Cardiovascular_Segmentation_for_Bioprinting_Project/outputs/topology_correction/mesh_qc/s0_original/case_outputs/980__s0_original/segmentation_raw.stl,/Users/angadkumar16ak/Projects/Automated_Cardiovascular_Segmentation_for_Bioprinting_Project/outputs/topology_correction/mesh_qc/s0_original/case_outputs/980__s0_original/segmentation_repaired.stl,/Users/angadkumar16ak/Projects/Automated_Cardiovascular_Segmentation_for_Bioprinting_Project/outputs/topology_correction/mesh_qc/s0_original/case_outputs/980__s0_original/segmentation_smoothed.stl,True,0.5956945467891206,3.141592653589793,0.5358590074868809,3.141592653589793,-0.0021485685792749995,0.17208443695320652,True,"phaseb_mesh_qc.run_phaseb_for_case (repository implementation, unmodified)",50.0,45.0,45.0,1.0,True,-11.279532097786543,169.62038829062422,-183.2690877174398,-16.616250747412874,168.41000111292433,-183.23652304728327,5.472354477092304,True,/Users/angadkumar16ak/Projects/Automated_Cardiovascular_Segmentation_for_Bioprinting_Project/outputs/topology_correction/mesh_qc/s0_original/case_outputs/980__s0_original/segmentation_repaired.stl,ok,exact_point_to_surface,81258.0,79771.0,2.0383328317414815,1.0185468566110492,6.029920817759616,43.93130921682807,0.9520736061673721,1.0862592255741095,8321.355290893587,7965.990516159579,-355.3647747340083,-0.04270515586840753,5.166217706734894,9.600006103515625,0.5999984741210938,-2.399993896484375,9.913631325586358,,,,,,,,,,,,,,,,,,,,,,,
981,s0_original,s0_original,identity,True,0.6000000238418579,0.6000000238418579,0.6000000238418579,True,0.5,,13,4370.112520957967,2808.2163347654478,0.6425958877026494,0.49857703253595875,6,7,4.752000566482566,6.341529585509332,0.8485281711413358,2,13,13,0,0.0,0.0,13,20232,4370.112520957968,0.8262862131049157,0.7485666271253459,0.9220138804334591,0.7039929345047181,15145,5087,1281,3548.0164229564834,822.0960980014843,0.2317058322172167,0.8578099156884101,0.7689393939393939,0.9699074074074074,5.400000214576721,62.954271618135834,1.549196260312676,2.611474985329923,0.3291872329677908,528,316.800012588501,25,16,11,2.686565843356272,9.358813029855922,True,True,0.8262862131049157,0.0,True,/Users/angadkumar16ak/Projects/Automated_Cardiovascular_Segmentation_for_Bioprinting_Project/outputs/topology_correction/case_outputs/981/mask__s0_original.nii.gz,/Users/angadkumar16ak/Projects/Automated_Cardiovascular_Segmentation_for_Bioprinting_Project/outputs/topology_correction/case_outputs/981/mask__s0_original.nii.gz,ok,3.0,13.0,True,0.0,11.0,4885.160961622049,4292.856511748335,116.40000462532043,100.20000398159027,97.80000388622284,0.4242640855706679,0.6000000238418579,0.5925633318572742,/Users/angadkumar16ak/Projects/Automated_Cardiovascular_Segmentation_for_Bioprinting_Project/outputs/topology_correction/mesh_qc/s0_original/case_outputs/981__s0_original/segmentation_raw.stl,/Users/angadkumar16ak/Projects/Automated_Cardiovascular_Segmentation_for_Bioprinting_Project/outputs/topology_correction/mesh_qc/s0_original/case_outputs/981__s0_original/segmentation_repaired.stl,/Users/angadkumar16ak/Projects/Automated_Cardiovascular_Segmentation_for_Bioprinting_Project/outputs/topology_correction/mesh_qc/s0_original/case_outputs/981__s0_original/segmentation_smoothed.stl,True,0.579911087939113,3.141592653589793,0.5332354516805196,3.138736196683602,-0.0032037972114486147,0.10779952550415184,True,"phaseb_mesh_qc.run_phaseb_for_case (repository implementation, unmodified)",50.0,43.0,43.0,1.0,True,-33.42609579797529,181.71539275955664,-176.37255271644096,-39.4009086152399,180.01962633519727,-177.3598909412105,6.28878754112627,True,/Users/angadkumar16ak/Projects/Automated_Cardiovascular_Segmentation_for_Bioprinting_Project/outputs/topology_correction/mesh_qc/s0_original/case_outputs/981__s0_original/segmentation_repaired.stl,ok,exact_point_to_surface,65172.0,68593.0,3.201153812033534,1.634244990090574,5.672627729776909,62.954279238303165,0.2841164365245623,2.9170373755089716,3488.1022425778824,4292.855197581248,804.7529550033655,0.2307136944496824,5.046733149989408,5.399999618530273,21.599990844726562,34.80000305175781,41.31294969830587,,,,,,,,,,,,,,,,,,,,,,,
982,s0_original,s0_original,identity,True,0.6000000238418579,0.6000000238418579,0.6000000238418579,True,0.5,,3,4723.92056313517,2432.5922899875754,0.5149519890260631,0.890960752974605,3,0,2167.3442583675487,26.148788763654657,23.292059658081264,0,3,3,0,0.0,0.0,3,21870,4723.92056313517,0.8170167405576956,0.771010516689529,0.8688617509146185,0.6906409993856236,16862,5008,2545,4191.912499714871,532.0080634202986,0.12691296954707074,0.8993895279224167,0.8643356643356643,0.9374068554396423,7.022820225493567,37.604256572640594,1.3400012557013707,1.9726731592397782,0.6785552910133352,715,429.0000170469284,13,15,3,1.8143006557874826,9.895251768508057,True,True,0.8170167405576956,0.0,True,/Users/angadkumar16ak/Projects/Automated_Cardiovascular_Segmentation_for_Bioprinting_Project/outputs/topology_correction/case_outputs/982/mask__s0_original.nii.gz,/Users/angadkumar16ak/Projects/Automated_Cardiovascular_Segmentation_for_Bioprinting_Project/outputs/topology_correction/case_outputs/982/mask__s0_original.nii.gz,ok,3.0,3.0,True,0.0,3.0,5906.015331234781,4626.954551575921,100.80000400543213,93.60000371932983,75.6000030040741,0.4242640855706679,0.6000000238418579,0.5923419288776254,/Users/angadkumar16ak/Projects/Automated_Cardiovascular_Segmentation_for_Bioprinting_Project/outputs/topology_correction/mesh_qc/s0_original/case_outputs/982__s0_original/segmentation_raw.stl,/Users/angadkumar16ak/Projects/Automated_Cardiovascular_Segmentation_for_Bioprinting_Project/outputs/topology_correction/mesh_qc/s0_original/case_outputs/982__s0_original/segmentation_repaired.stl,/Users/angadkumar16ak/Projects/Automated_Cardiovascular_Segmentation_for_Bioprinting_Project/outputs/topology_correction/mesh_qc/s0_original/case_outputs/982__s0_original/segmentation_smoothed.stl,True,0.5984817634668833,3.141592653589793,0.5567505483359654,3.1386905624136956,-0.0032466003869311053,0.051440329218107,True,"phaseb_mesh_qc.run_phaseb_for_case (repository implementation, unmodified)",50.0,50.0,50.0,1.0,True,-45.550495992744686,186.4882965975828,132.5819602533732,-47.684289863901824,186.2400062966541,131.46079794691775,2.4231651358377464,True,/Users/angadkumar16ak/Projects/Automated_Cardiovascular_Segmentation_for_Bioprinting_Project/outputs/topology_correction/mesh_qc/s0_original/case_outputs/982__s0_original/segmentation_repaired.stl,ok,exact_point_to_surface,71557.0,72488.0,2.5985529454735703,1.303561500089575,7.212106097408757,37.42912807899363,0.6362939109401585,1.9622590345334117,4099.608141266842,4626.954600359895,527.3464590930535,0.12863338175782218,6.056486665921778,3.600006103515625,1.8000030517578125,-0.5999984741210938,4.069404514254491,,,,,,,,,,,,,,,,,,,,,,,
983,s0_original,s0_original,identity,True,0.6000000238418579,0.6000000238418579,0.6000000238418579,True,0.5,,13,8886.889059399648,4887.648582653069,0.5499842014437449,0.71530846738554,7,6,15.768001879692152,5.274072917096953,0.8485281711413358,2,13,13,0,0.0,0.0,13,41143,8886.889059399648,0.7931517589748204,0.7499210072187249,0.8416716678487642,0.6572091933456877,30854,10289,5804,7918.128943914451,968.7601154851964,0.12234710022368929,0.8721368883191242,0.8117338003502627,0.9422521655437921,5.161395365320993,73.7316786194583,1.3554775738997311,2.255724505636889,0.39288473599458235,1142,685.2000272274017,30,33,11,2.0148568758482535,9.693297038019109,True,True,0.7931517589748204,0.0,True,/Users/angadkumar16ak/Projects/Automated_Cardiovascular_Segmentation_for_Bioprinting_Project/outputs/topology_correction/case_outputs/983/mask__s0_original.nii.gz,/Users/angadkumar16ak/Projects/Automated_Cardiovascular_Segmentation_for_Bioprinting_Project/outputs/topology_correction/case_outputs/983/mask__s0_original.nii.gz,ok,3.0,13.0,True,0.0,11.0,10208.479598325754,8728.822040556593,123.00000488758087,97.20000386238098,93.00000369548798,0.4242640855706679,0.6000000238418579,0.5913088466073637,/Users/angadkumar16ak/Projects/Automated_Cardiovascular_Segmentation_for_Bioprinting_Project/outputs/topology_correction/mesh_qc/s0_original/case_outputs/983__s0_original/segmentation_raw.stl,/Users/angadkumar16ak/Projects/Automated_Cardiovascular_Segmentation_for_Bioprinting_Project/outputs/topology_correction/mesh_qc/s0_original/case_outputs/983__s0_original/segmentation_repaired.stl,/Users/angadkumar16ak/Projects/Automated_Cardiovascular_Segmentation_for_Bioprinting_Project/outputs/topology_correction/mesh_qc/s0_original/case_outputs/983__s0_original/segmentation_smoothed.stl,True,0.584295455165569,3.141592653589793,0.5317270679504309,3.1400701422870094,-0.003105898020550609,0.090003159711251,True,"phaseb_mesh_qc.run_phaseb_for_case (repository implementation, unmodified)",50.0,49.0,49.0,1.0,True,-30.225438818978404,144.90678559849206,-199.54930453767196,-34.43778892851518,144.97234560773379,-201.6344684175137,4.70064888775187,True,/Users/angadkumar16ak/Projects/Automated_Cardiovascular_Segmentation_for_Bioprinting_Project/outputs/topology_correction/mesh_qc/s0_original/case_outputs/983__s0_original/segmentation_repaired.stl,ok,exact_point_to_surface,86201.0,89030.0,2.6532671178035514,1.342370560220647,5.312542486716966,73.73168033358873,0.3518684552937245,2.301398662509827,7787.404476597305,8728.82206960091,941.4175930036054,0.1208897773106241,3.1342222788877407,2.9999961853027344,17.400001525878906,11.399993896484375,21.017133273886337,,,,,,,,,,,,,,,,,,,,,,,
984,s0_original,s0_original,identity,True,0.6000000238418579,0.6000000238418579,0.6000000238418579,True,0.5,,31,9690.193155160956,4655.016554921172,0.4803842895992151,0.9772168344856387,13,18,3.8880004634857364,10.580992596886933,0.8485281711413358,2,31,31,0,0.0,0.0,31,44862,9690.19315516095,0.8261479144759902,0.8406223529936249,0.8121635008829737,0.7037921767691848,37712,7150,8722,10029.745195638705,-339.5520404777544,-0.0338545031657837,0.8911945418123274,0.8746383799421408,0.9083895853423336,4.2426408557066795,107.90996675667407,1.5966564969318207,2.720153288174075,0.5846521576087182,1037,622.2000247240067,41,21,24,2.5421955702933174,10.100636344934834,True,True,0.8261479144759902,0.0,True,/Users/angadkumar16ak/Projects/Automated_Cardiovascular_Segmentation_for_Bioprinting_Project/outputs/topology_correction/case_outputs/984/mask__s0_original.nii.gz,/Users/angadkumar16ak/Projects/Automated_Cardiovascular_Segmentation_for_Bioprinting_Project/outputs/topology_correction/case_outputs/984/mask__s0_original.nii.gz,ok,3.0,31.0,True,0.0,29.0,10192.902352954074,9531.52313624601,190.20000755786896,144.0000057220459,95.40000379085541,0.4242640855706679,0.6000000238418579,0.5888101506687228,/Users/angadkumar16ak/Projects/Automated_Cardiovascular_Segmentation_for_Bioprinting_Project/outputs/topology_correction/mesh_qc/s0_original/case_outputs/984__s0_original/segmentation_raw.stl,/Users/angadkumar16ak/Projects/Automated_Cardiovascular_Segmentation_for_Bioprinting_Project/outputs/topology_correction/mesh_qc/s0_original/case_outputs/984__s0_original/segmentation_repaired.stl,/Users/angadkumar16ak/Projects/Automated_Cardiovascular_Segmentation_for_Bioprinting_Project/outputs/topology_correction/mesh_qc/s0_original/case_outputs/984__s0_original/segmentation_smoothed.stl,True,0.5976969509559786,3.141592653589793,0.5463580577978397,3.140174040510697,-0.003036323928553451,0.14274887432570996,True,"phaseb_mesh_qc.run_phaseb_for_case (repository implementation, unmodified)",50.0,41.0,41.0,1.0,True,-26.41037289807494,202.3053021841115,153.65429320164156,-30.90612845185731,200.58867950132358,153.06643725032146,4.848111596686845,True,/Users/angadkumar16ak/Projects/Automated_Cardiovascular_Segmentation_for_Bioprinting_Project/outputs/topology_correction/mesh_qc/s0_original/case_outputs/984__s0_original/segmentation_repaired.stl,ok,exact_point_to_surface,89359.0,89398.0,3.6778809432014485,1.8392238926173725,5.247854350188461,107.9099704777816,0.5398766081890128,3.1380043350124356,9884.042905048113,9531.522677399673,-352.5202276484397,-0.03566559059232693,3.4578231601819014,61.20000457763672,27.599990844726562,-0.5999984741210938,67.13836498679942,,,,,,,,,,,,,,,,,,,,,,,
985,s0_original,s0_original,identity,True,0.6000000238418579,0.6000000238418579,0.6000000238418579,True,0.5,,12,7396.488881730115,3797.2804526710693,0.513389597874018,0.9180318543799771,5,7,3.0240003604889063,13.007690550086442,0.8485281711413358,1,12,12,0,0.0,0.0,12,34243,7396.488881730114,0.7991380816492925,0.8014484712203954,0.7968409744200227,0.665470417070805,27444,6799,6997,7439.256886828458,-42.768005098343565,-0.0057489619929735536,0.843579999401538,0.7801268498942917,0.9182692307692307,4.947726947346189,71.04618498655671,1.2981562395466146,2.0133775856164466,0.6092390060292631,946,567.6000225543976,21,19,10,2.0598010588864617,9.84073207114958,True,True,0.7991380816492925,0.0,True,/Users/angadkumar16ak/Projects/Automated_Cardiovascular_Segmentation_for_Bioprinting_Project/outputs/topology_correction/case_outputs/985/mask__s0_original.nii.gz,/Users/angadkumar16ak/Projects/Automated_Cardiovascular_Segmentation_for_Bioprinting_Project/outputs/topology_correction/case_outputs/985/mask__s0_original.nii.gz,ok,3.0,12.0,True,0.0,11.0,8403.227013894802,7266.0068661754485,166.8000066280365,137.40000545978546,95.40000379085541,0.4242640855706679,0.6000000238418579,0.5926195691762863,/Users/angadkumar16ak/Projects/Automated_Cardiovascular_Segmentation_for_Bioprinting_Project/outputs/topology_correction/mesh_qc/s0_original/case_outputs/985__s0_original/segmentation_raw.stl,/Users/angadkumar16ak/Projects/Automated_Cardiovascular_Segmentation_for_Bioprinting_Project/outputs/topology_correction/mesh_qc/s0_original/case_outputs/985__s0_original/segmentation_repaired.stl,/Users/angadkumar16ak/Projects/Automated_Cardiovascular_Segmentation_for_Bioprinting_Project/outputs/topology_correction/mesh_qc/s0_original/case_outputs/985__s0_original/segmentation_smoothed.stl,True,0.5775740144445932,3.141592653589793,0.5207600352132554,3.1390715800292166,-0.0030267758927944527,0.09058785737230966,True,"phaseb_mesh_qc.run_phaseb_for_case (repository implementation, unmodified)",50.0,39.0,39.0,1.0,True,-46.44159676123664,159.41208503224237,71.11395208923958,-48.0907328981014,158.13739437445324,68.72489246252604,3.1705034570176287,True,/Users/angadkumar16ak/Projects/Automated_Cardiovascular_Segmentation_for_Bioprinting_Project/outputs/topology_correction/mesh_qc/s0_original/case_outputs/985__s0_original/segmentation_repaired.stl,ok,exact_point_to_surface,80583.0,81974.0,2.6877972901764515,1.3506594600724042,5.3297439175666925,71.04618234384428,0.5538067677459655,2.133990522430486,7322.446853274151,7266.008217344691,-56.43863592946036,-0.007707619742466885,5.7614422397044995,56.40000867843628,37.79999542236328,0.5999994277954102,67.89816368777382,,,,,,,,,,,,,,,,,,,,,,,
986,s0_original,s0_original,identity,True,0.6000000238418579,0.6000000238418579,0.6000000238418579,True,0.5,,13,7925.904944841423,4852.440578455948,0.6122254319507275,0.5561985310482974,8,5,11.664001390457209,5.7783825277548475,0.8485281711413358,1,13,13,0,0.0,0.0,13,36694,7925.904944841423,0.7608999839023243,0.8373031013244672,0.6972743571704151,0.614074710690944,30724,5970,13339,9517.609134587334,-1591.7041897459112,-0.16723781857794526,0.839826049223716,0.866902237926973,0.8143899895724713,12.767457896209955,100.94276006620758,2.260297618873104,2.5039319849538955,2.0638139490859126,849,509.40002024173737,27,9,11,3.356772253831452,16.56799147698521,True,True,0.7608999839023243,0.0,True,/Users/angadkumar16ak/Projects/Automated_Cardiovascular_Segmentation_for_Bioprinting_Project/outputs/topology_correction/case_outputs/986/mask__s0_original.nii.gz,/Users/angadkumar16ak/Projects/Automated_Cardiovascular_Segmentation_for_Bioprinting_Project/outputs/topology_correction/case_outputs/986/mask__s0_original.nii.gz,ok,3.0,13.0,True,0.0,12.0,8477.546558561333,7802.775930163302,176.40000700950623,109.80000436306,96.00000381469727,0.4242640855706679,0.6000000238418579,0.5897626335073448,/Users/angadkumar16ak/Projects/Automated_Cardiovascular_Segmentation_for_Bioprinting_Project/outputs/topology_correction/mesh_qc/s0_original/case_outputs/986__s0_original/segmentation_raw.stl,/Users/angadkumar16ak/Projects/Automated_Cardiovascular_Segmentation_for_Bioprinting_Project/outputs/topology_correction/mesh_qc/s0_original/case_outputs/986__s0_original/segmentation_repaired.stl,/Users/angadkumar16ak/Projects/Automated_Cardiovascular_Segmentation_for_Bioprinting_Project/outputs/topology_correction/mesh_qc/s0_original/case_outputs/986__s0_original/segmentation_smoothed.stl,True,0.581648231997726,3.141592653589793,0.5227076290520237,3.1411638929208294,-0.002670566807464155,0.11467814901618793,True,"phaseb_mesh_qc.run_phaseb_for_case (repository implementation, unmodified)",50.0,40.0,38.0,0.95,False,-25.355887422075895,154.3894007648734,-1111.9128135775177,-28.424039030007183,154.2221027143396,-1114.7754797763034,4.199571489168173,True,/Users/angadkumar16ak/Projects/Automated_Cardiovascular_Segmentation_for_Bioprinting_Project/outputs/topology_correction/mesh_qc/s0_original/case_outputs/986__s0_original/segmentation_repaired.stl,ok,exact_point_to_surface,87105.0,82627.0,4.804806944114721,2.3916848354298095,12.911114469451045,100.9427412988856,1.9961293246550675,2.808677619459653,9385.846764767068,7802.775474153804,-1583.071290613264,-0.1686657933257396,3.7521097098830776,67.79999542236328,18.600006103515625,-3.5999755859375,70.39715498898124,,,,,,,,,,,,,,,,,,,,,,,
987,s0_original,s0_original,identity,True,0.6000000238418579,0.6000000238418579,0.6000000238418579,True,0.5,,4,10681.633273349813,5666.7606755304605,0.5305144382431448,0.8819515913855536,3,1,2506.572298806679,14.12232331629847,6.177378330059151,0,4,4,0,0.0,0.0,4,49452,10681.633273349813,0.7939314369073669,0.8254064547439942,0.7647687032769378,0.6582805167158546,40818,8634,12555,11528.569374312456,-846.9361009626427,-0.07346411106739362,0.8696598285658563,0.9601417183348095,0.7947629157820241,9.505788088378981,24.556059291387438,1.3426178459637788,0.347246682530165,2.167723002282323,1129,677.4000269174576,19,23,3,1.7896813638082472,11.849051065717868,True,True,0.7939314369073669,0.0,True,/Users/angadkumar16ak/Projects/Automated_Cardiovascular_Segmentation_for_Bioprinting_Project/outputs/topology_correction/case_outputs/987/mask__s0_original.nii.gz,/Users/angadkumar16ak/Projects/Automated_Cardiovascular_Segmentation_for_Bioprinting_Project/outputs/topology_correction/case_outputs/987/mask__s0_original.nii.gz,ok,3.0,4.0,True,0.0,4.0,11018.7813908592,10529.551255220222,118.80000472068787,82.20000326633453,99.00000393390656,0.4242640855706679,0.6000000238418579,0.5915933443425903,/Users/angadkumar16ak/Projects/Automated_Cardiovascular_Segmentation_for_Bioprinting_Project/outputs/topology_correction/mesh_qc/s0_original/case_outputs/987__s0_original/segmentation_raw.stl,/Users/angadkumar16ak/Projects/Automated_Cardiovascular_Segmentation_for_Bioprinting_Project/outputs/topology_correction/mesh_qc/s0_original/case_outputs/987__s0_original/segmentation_repaired.stl,/Users/angadkumar16ak/Projects/Automated_Cardiovascular_Segmentation_for_Bioprinting_Project/outputs/topology_correction/mesh_qc/s0_original/case_outputs/987__s0_original/segmentation_smoothed.stl,True,0.5752382202150572,3.141592653589793,0.5178200288436374,3.138368505960475,-0.00202790992866468,0.13512092534174552,True,"phaseb_mesh_qc.run_phaseb_for_case (repository implementation, unmodified)",50.0,50.0,50.0,1.0,True,-20.535309087451026,148.52640025150254,109.27325044143628,-25.079288394121356,148.028189991618,106.94115264852626,5.1317289014715275,True,/Users/angadkumar16ak/Projects/Automated_Cardiovascular_Segmentation_for_Bioprinting_Project/outputs/topology_correction/mesh_qc/s0_original/case_outputs/987__s0_original/segmentation_repaired.stl,ok,exact_point_to_surface,101029.0,92094.0,2.4171396284501663,1.2503687625884967,9.151620496535063,24.55605794278674,2.112021219349591,0.30511840910057547,11332.532693626707,10529.55252258876,-802.980171037947,-0.07085619717554703,4.903523690205602,-15.599998474121094,-0.5999984741210938,-4.1999969482421875,16.166629980511455,,,,,,,,,,,,,,,,,,,,,,,
988,s0_original,s0_original,identity,True,0.6000000238418579,0.6000000238418579,0.6000000238418579,True,0.5,,15,5737.1766839247,2565.6483058490876,0.4471970181845565,0.8039232193972049,12,3,35.64000424861925,1.9710254317775502,0.8485281711413358,3,15,15,0,0.0,0.0,15,26561,5737.176683924702,0.7446901878181499,0.638906667670645,0.8924533263213252,0.593232189051248,16970,9591,2045,4107.240489621182,1629.93619430352,0.3968445963712858,0.771925312832035,0.636038186157518,0.981651376146789,22.134227634637877,41.19951619736857,2.7295233198367685,4.527600086181684,0.2900465968887921,838,502.80001997947693,28,12,12,3.6469245137192075,24.862736499135384,True,True,0.7446901878181499,0.0,True,/Users/angadkumar16ak/Projects/Automated_Cardiovascular_Segmentation_for_Bioprinting_Project/outputs/topology_correction/case_outputs/988/mask__s0_original.nii.gz,/Users/angadkumar16ak/Projects/Automated_Cardiovascular_Segmentation_for_Bioprinting_Project/outputs/topology_correction/case_outputs/988/mask__s0_original.nii.gz,ok,3.0,15.0,True,0.0,13.0,7104.371356260772,5617.197669622089,112.80000448226929,87.60000348091125,78.00000309944153,0.4242640855706679,0.6000000238418579,0.5926978871724415,/Users/angadkumar16ak/Projects/Automated_Cardiovascular_Segmentation_for_Bioprinting_Project/outputs/topology_correction/mesh_qc/s0_original/case_outputs/988__s0_original/segmentation_raw.stl,/Users/angadkumar16ak/Projects/Automated_Cardiovascular_Segmentation_for_Bioprinting_Project/outputs/topology_correction/mesh_qc/s0_original/case_outputs/988__s0_original/segmentation_repaired.stl,/Users/angadkumar16ak/Projects/Automated_Cardiovascular_Segmentation_for_Bioprinting_Project/outputs/topology_correction/mesh_qc/s0_original/case_outputs/988__s0_original/segmentation_smoothed.stl,True,0.5812105883980737,3.141592653589793,0.5312806356457065,3.1406334628792956,-0.0037692247805507077,0.05944806294943714,True,"phaseb_mesh_qc.run_phaseb_for_case (repository implementation, unmodified)",50.0,47.0,47.0,1.0,True,-49.3936669545685,149.37144742058342,146.88551846496546,-52.50693569254516,148.98816935232637,145.4543693150071,3.447830071493684,True,/Users/angadkumar16ak/Projects/Automated_Cardiovascular_Segmentation_for_Bioprinting_Project/outputs/topology_correction/mesh_qc/s0_original/case_outputs/988__s0_original/segmentation_repaired.stl,ok,exact_point_to_surface,68296.0,77021.0,4.877874475374587,2.570693576414196,21.225921362841447,41.140489634788715,0.24450332653802914,4.633371148836558,4030.1919985881887,5617.198200761354,1587.0062021731655,0.3937793044919715,7.697225061309405,12.599999904632568,3.5999984741210938,4.8000030517578125,13.955644589459107,,,,,,,,,,,,,,,,,,,,,,,
989,s0_original,s0_original,identity,True,0.6000000238418579,0.6000000238418579,0.6000000238418579,True,0.5,,6,7726.752921100654,4033.1524807892038,0.5219724924521972,0.8614502999143102,5,1,100.44001197338152,7.445804483464189,3.0594118297257697,0,6,6,0,0.0,0.0,6,35772,7726.752921100653,0.8118118827313562,0.8007939170300794,0.8231372661705123,0.6832351468027763,28646,7126,6155,7517.016896098173,209.73602500248035,0.027901497083417114,0.9359054893352194,0.9717457114026236,0.9026149684400361,2.0784610516732713,12.542727474623314,0.5480291981336645,0.41610120414912266,0.6728114894275262,991,594.6000236272812,22,14,6,0.6928181777029588,2.6187365805274063,True,True,0.8118118827313562,0.0,True,/Users/angadkumar16ak/Projects/Automated_Cardiovascular_Segmentation_for_Bioprinting_Project/outputs/topology_correction/case_outputs/989/mask__s0_original.nii.gz,/Users/angadkumar16ak/Projects/Automated_Cardiovascular_Segmentation_for_Bioprinting_Project/outputs/topology_correction/case_outputs/989/mask__s0_original.nii.gz,ok,3.0,6.0,True,0.0,6.0,9044.829404050759,7588.062904567515,113.40000450611115,85.80000340938568,90.60000360012054,0.4242640855706679,0.6000000238418579,0.590338961781857,/Users/angadkumar16ak/Projects/Automated_Cardiovascular_Segmentation_for_Bioprinting_Project/outputs/topology_correction/mesh_qc/s0_original/case_outputs/989__s0_original/segmentation_raw.stl,/Users/angadkumar16ak/Projects/Automated_Cardiovascular_Segmentation_for_Bioprinting_Project/outputs/topology_correction/mesh_qc/s0_original/case_outputs/989__s0_original/segmentation_repaired.stl,/Users/angadkumar16ak/Projects/Automated_Cardiovascular_Segmentation_for_Bioprinting_Project/outputs/topology_correction/mesh_qc/s0_original/case_outputs/989__s0_original/segmentation_smoothed.stl,True,0.5851532794635876,3.141592653589793,0.5270246246469983,3.1392871380017326,-0.002748535846301146,0.07581348540758134,True,"phaseb_mesh_qc.run_phaseb_for_case (repository implementation, unmodified)",50.0,50.0,50.0,1.0,True,-37.5179390310508,179.78910605401973,-1103.3150912445824,-39.77945919025085,180.26870571986416,-1104.947091385275,2.829825741837599,True,/Users/angadkumar16ak/Projects/Automated_Cardiovascular_Segmentation_for_Bioprinting_Project/outputs/topology_correction/mesh_qc/s0_original/case_outputs/989__s0_original/segmentation_repaired.stl,ok,exact_point_to_surface,86634.0,84723.0,1.0095688646365364,0.506233163424057,2.110664129208239,12.542714421567469,0.6346903538748792,0.3748785107616571,7364.614373870154,7588.060626476541,223.44625260638713,0.030340523109964906,3.6508058519379456,0.0,-5.399993896484375,0.0,5.399993896484375,,,,,,,,,,,,,,,,,,,,,,,
990,s0_original,s0_original,identity,True,0.6000000238418579,0.6000000238418579,0.6000000238418579,True,0.5,,9,7175.088855337177,3709.5844422168907,0.5170088506231562,0.8904739722836846,5,4,14.904001776695322,23.30669024802176,1.3416408398118889,0,9,9,0,0.0,0.0,9,33218,7175.088855337177,0.838870484303518,0.8004094165813715,0.8812143709399444,0.7224607358295745,26588,6630,3584,6517.152776905091,657.9360784320861,0.10095452737637542,0.929638263545386,0.8828402366863906,0.981675392670157,1.3416408398118889,70.58102008265652,0.6717904979938815,0.9940832869576371,0.3482061269210005,845,507.00002014636993,29,17,9,1.3486082582339098,4.225584580181206,True,True,0.838870484303518,0.0,True,/Users/angadkumar16ak/Projects/Automated_Cardiovascular_Segmentation_for_Bioprinting_Project/outputs/topology_correction/case_outputs/990/mask__s0_original.nii.gz,/Users/angadkumar16ak/Projects/Automated_Cardiovascular_Segmentation_for_Bioprinting_Project/outputs/topology_correction/case_outputs/990/mask__s0_original.nii.gz,ok,3.0,9.0,True,0.0,9.0,7973.494589730035,7055.784841115033,141.0000056028366,102.6000040769577,126.60000503063202,0.4242640855706679,0.6000000238418579,0.5896364617895078,/Users/angadkumar16ak/Projects/Automated_Cardiovascular_Segmentation_for_Bioprinting_Project/outputs/topology_correction/mesh_qc/s0_original/case_outputs/990__s0_original/segmentation_raw.stl,/Users/angadkumar16ak/Projects/Automated_Cardiovascular_Segmentation_for_Bioprinting_Project/outputs/topology_correction/mesh_qc/s0_original/case_outputs/990__s0_original/segmentation_repaired.stl,/Users/angadkumar16ak/Projects/Automated_Cardiovascular_Segmentation_for_Bioprinting_Project/outputs/topology_correction/mesh_qc/s0_original/case_outputs/990__s0_original/segmentation_smoothed.stl,True,0.5868506580340025,3.141592653589793,0.5366807422617451,3.1391549220002246,-0.0027669137665575615,0.09889216689746523,True,"phaseb_mesh_qc.run_phaseb_for_case (repository implementation, unmodified)",50.0,44.0,44.0,1.0,True,-33.789685882227374,170.14216437636713,-1073.00254094446,-37.792243649680124,169.69988156475887,-1074.8733016872561,4.440250952820991,True,/Users/angadkumar16ak/Projects/Automated_Cardiovascular_Segmentation_for_Bioprinting_Project/outputs/topology_correction/mesh_qc/s0_original/case_outputs/990__s0_original/segmentation_repaired.stl,ok,exact_point_to_surface,78232.0,80706.0,1.3592869504450165,0.6855761123213939,1.4696807641318745,70.58101523362188,0.29851110851972285,1.0607758419252935,6405.505903204234,7055.779997729219,650.2740945249852,0.10151799160776635,3.576732771354875,14.400001525878906,6.0,37.7999267578125,40.892474941501206,,,,,,,,,,,,,,,,,,,,,,,
991,s0_original,s0_original,identity,True,0.6000000238418579,0.6000000238418579,0.6000000238418579,True,0.5,,23,6699.240798611674,3172.6083782043606,0.47357730130581965,0.8635620915032679,13,10,7.560000901222265,8.345692640929359,0.8485281711413358,3,23,23,0,0.0,0.0,23,31015,6699.240798611673,0.7936466091082844,0.7765274866999838,0.811537554335007,0.657888986013986,24084,6931,5593,6410.232764159233,289.00803445244037,0.045085419685278266,0.879720035867291,0.8491879350348028,0.9125295508274232,40.80595701494793,83.3309099426061,4.44682092004748,8.16481909998705,0.8416948672643835,862,517.2000205516815,41,25,18,3.9306909698128845,34.37142530298991,True,True,0.7936466091082844,0.0,True,/Users/angadkumar16ak/Projects/Automated_Cardiovascular_Segmentation_for_Bioprinting_Project/outputs/topology_correction/case_outputs/991/mask__s0_original.nii.gz,/Users/angadkumar16ak/Projects/Automated_Cardiovascular_Segmentation_for_Bioprinting_Project/outputs/topology_correction/case_outputs/991/mask__s0_original.nii.gz,ok,3.0,23.0,True,0.0,21.0,7946.759015932039,6568.4977830258895,163.20000648498535,143.40000569820404,78.00000309944153,0.4242640855706679,0.6000000238418579,0.5905706562205171,/Users/angadkumar16ak/Projects/Automated_Cardiovascular_Segmentation_for_Bioprinting_Project/outputs/topology_correction/mesh_qc/s0_original/case_outputs/991__s0_original/segmentation_raw.stl,/Users/angadkumar16ak/Projects/Automated_Cardiovascular_Segmentation_for_Bioprinting_Project/outputs/topology_correction/mesh_qc/s0_original/case_outputs/991__s0_original/segmentation_repaired.stl,/Users/angadkumar16ak/Projects/Automated_Cardiovascular_Segmentation_for_Bioprinting_Project/outputs/topology_correction/mesh_qc/s0_original/case_outputs/991__s0_original/segmentation_smoothed.stl,True,0.6033472111811561,3.141592653589793,0.5566839262560372,3.13990759213445,-0.00353233828917287,0.07502821215540867,True,"phaseb_mesh_qc.run_phaseb_for_case (repository implementation, unmodified)",50.0,45.0,45.0,1.0,True,-37.3950599414311,182.5448628530836,-1088.3165462768484,-40.52646169274441,180.69996785454194,-1088.4397837765862,3.6365508335665737,True,/Users/angadkumar16ak/Projects/Automated_Cardiovascular_Segmentation_for_Bioprinting_Project/outputs/topology_correction/mesh_qc/s0_original/case_outputs/991__s0_original/segmentation_repaired.stl,ok,exact_point_to_surface,79023.0,80488.0,9.160925293480112,4.615042193294838,41.32135429129179,83.33089746850077,0.8153991310404995,8.345526162439612,6291.951181059088,6568.494687406069,276.5435063469804,0.04395194724006606,11.254156911222783,55.200003147125244,50.399986267089844,-0.5999755859375,74.74997614627848,,,,,,,,,,,,,,,,,,,,,,,
992,s0_original,s0_original,identity,True,0.6000000238418579,0.6000000238418579,0.6000000238418579,True,0.5,,10,5486.832654081371,3080.1603671837,0.5613731202267538,0.7019635343618513,4,6,2.7000003218650948,1.2000000476837158,0.8485281711413358,1,10,10,0,0.0,0.0,10,25402,5486.8326540813705,0.8151622878058016,0.7627745846783718,0.8752766860911596,0.687994886908355,19376,6026,2761,4781.592570010208,705.2400840711625,0.14749062655283007,0.938650492797574,0.9177489177489178,0.9605263157894737,1.2000000476837158,18.754200274930273,0.5817748090061945,0.7769028516732407,0.3772067418385163,693,415.80001652240753,17,13,9,0.8456032254450353,2.573123946663968,True,True,0.8151622878058016,0.0,True,/Users/angadkumar16ak/Projects/Automated_Cardiovascular_Segmentation_for_Bioprinting_Project/outputs/topology_correction/case_outputs/992/mask__s0_original.nii.gz,/Users/angadkumar16ak/Projects/Automated_Cardiovascular_Segmentation_for_Bioprinting_Project/outputs/topology_correction/case_outputs/992/mask__s0_original.nii.gz,ok,3.0,10.0,True,0.0,9.0,6411.900486656616,5388.750642389084,111.60000443458557,87.0000034570694,87.0000034570694,0.4242640855706679,0.6000000238418579,0.5878278521753177,/Users/angadkumar16ak/Projects/Automated_Cardiovascular_Segmentation_for_Bioprinting_Project/outputs/topology_correction/mesh_qc/s0_original/case_outputs/992__s0_original/segmentation_raw.stl,/Users/angadkumar16ak/Projects/Automated_Cardiovascular_Segmentation_for_Bioprinting_Project/outputs/topology_correction/mesh_qc/s0_original/case_outputs/992__s0_original/segmentation_repaired.stl,/Users/angadkumar16ak/Projects/Automated_Cardiovascular_Segmentation_for_Bioprinting_Project/outputs/topology_correction/mesh_qc/s0_original/case_outputs/992__s0_original/segmentation_smoothed.stl,True,0.5912069596835147,3.141592653589793,0.5402119804158542,3.140954880281685,-0.002865300383873594,0.07212030548775687,True,"phaseb_mesh_qc.run_phaseb_for_case (repository implementation, unmodified)",50.0,50.0,50.0,1.0,True,-29.851863726876147,168.0153361976677,154.75868467379908,-32.91405966291833,167.9663377317112,153.20510071054625,3.4341036576166064,True,/Users/angadkumar16ak/Projects/Automated_Cardiovascular_Segmentation_for_Bioprinting_Project/outputs/topology_correction/mesh_qc/s0_original/case_outputs/992__s0_original/segmentation_repaired.stl,ok,exact_point_to_surface,73441.0,74876.0,1.0691259283376047,0.5366328966208661,1.2727835744612106,18.75420309336047,0.32062138124701656,0.748504547090588,4685.760409867961,5388.751024071203,702.9906142032414,0.15002700793723484,2.2792848529744267,-1.8000030517578125,2.399993896484375,7.62939453125e-06,2.9999969482580977,,,,,,,,,,,,,,,,,,,,,,,
993,s0_original,s0_original,identity,True,0.6000000238418579,0.6000000238418579,0.6000000238418579,True,0.5,,12,12887.641536326473,7903.872942215004,0.613290874046761,0.6057608220376038,6,6,5.292000630855585,3.3941126845653433,0.8485281711413358,2,12,12,0,0.0,0.0,12,59665,12887.64153632647,0.7995707240926668,0.7554680298332356,0.8491419098393083,0.6660706633369291,45075,14590,8008,11465.929366845185,1421.712169481285,0.12399449918052868,0.8531279535179218,0.7982155113246396,0.9161538461538462,5.723635435938503,32.048090140053375,1.142188435938838,1.6776576984727267,0.5800679339009795,1457,874.200034737587,41,47,10,1.7078537258294004,9.023964920997452,True,True,0.7995707240926668,0.0,True,/Users/angadkumar16ak/Projects/Automated_Cardiovascular_Segmentation_for_Bioprinting_Project/outputs/topology_correction/case_outputs/993/mask__s0_original.nii.gz,/Users/angadkumar16ak/Projects/Automated_Cardiovascular_Segmentation_for_Bioprinting_Project/outputs/topology_correction/case_outputs/993/mask__s0_original.nii.gz,ok,3.0,12.0,True,0.0,10.0,13642.677025593115,12695.023513364615,118.20000469684601,113.40000450611115,96.60000383853912,0.4242640855706679,0.6000000238418579,0.5910305875389102,/Users/angadkumar16ak/Projects/Automated_Cardiovascular_Segmentation_for_Bioprinting_Project/outputs/topology_correction/mesh_qc/s0_original/case_outputs/993__s0_original/segmentation_raw.stl,/Users/angadkumar16ak/Projects/Automated_Cardiovascular_Segmentation_for_Bioprinting_Project/outputs/topology_correction/mesh_qc/s0_original/case_outputs/993__s0_original/segmentation_repaired.stl,/Users/angadkumar16ak/Projects/Automated_Cardiovascular_Segmentation_for_Bioprinting_Project/outputs/topology_correction/mesh_qc/s0_original/case_outputs/993__s0_original/segmentation_smoothed.stl,True,0.609511712255831,3.141592653589793,0.5552635121146126,3.1397392152102075,-0.00230043498769849,0.12709293555685913,True,"phaseb_mesh_qc.run_phaseb_for_case (repository implementation, unmodified)",50.0,50.0,50.0,1.0,True,-26.94765668315739,213.40643504663313,-1095.9184666068338,-31.361294787674726,213.8361091695452,-1097.4751688517838,4.6998024478673495,True,/Users/angadkumar16ak/Projects/Automated_Cardiovascular_Segmentation_for_Bioprinting_Project/outputs/topology_correction/mesh_qc/s0_original/case_outputs/993__s0_original/segmentation_repaired.stl,ok,exact_point_to_surface,96597.0,102220.0,2.2278615111961675,1.1305930643113642,5.939881664758529,31.876804359917454,0.5247879081059496,1.7030736030902178,11298.032798062324,12695.02459245074,1396.9917943884157,0.12364911833394639,5.466929345594407,10.199996948242188,6.0000152587890625,3.5999755859375,12.369314656406699,,,,,,,,,,,,,,,,,,,,,,,
994,s0_original,s0_original,identity,True,0.6000000238418579,0.6000000238418579,0.6000000238418579,True,0.5,,13,8239.104982177774,4668.192556491874,0.566589765100671,0.6053118637793818,8,5,19.440002317428682,4.488376869496804,1.0392305258366357,1,13,13,0,0.0,0.0,13,38144,8239.104982177774,0.7975750818758275,0.7501835151006712,0.8513581863080539,0.6633055169216504,28615,9529,4996,7259.976865456616,979.1281167211582,0.13486656154235224,0.8603093386500383,0.8110902255639098,0.9158878504672897,7.274613680856449,51.65927034025583,1.168952162014836,1.6836392932758688,0.6368454857660999,1064,638.4000253677368,27,21,11,1.8138055058304754,11.598528117789659,True,True,0.7975750818758275,0.0,True,/Users/angadkumar16ak/Projects/Automated_Cardiovascular_Segmentation_for_Bioprinting_Project/outputs/topology_correction/case_outputs/994/mask__s0_original.nii.gz,/Users/angadkumar16ak/Projects/Automated_Cardiovascular_Segmentation_for_Bioprinting_Project/outputs/topology_correction/case_outputs/994/mask__s0_original.nii.gz,ok,3.0,13.0,True,0.0,13.0,9544.827864691786,8089.308964320696,151.2000060081482,105.00000417232513,78.00000309944153,0.4242640855706679,0.6000000238418579,0.5918621059119614,/Users/angadkumar16ak/Projects/Automated_Cardiovascular_Segmentation_for_Bioprinting_Project/outputs/topology_correction/mesh_qc/s0_original/case_outputs/994__s0_original/segmentation_raw.stl,/Users/angadkumar16ak/Projects/Automated_Cardiovascular_Segmentation_for_Bioprinting_Project/outputs/topology_correction/mesh_qc/s0_original/case_outputs/994__s0_original/segmentation_repaired.stl,/Users/angadkumar16ak/Projects/Automated_Cardiovascular_Segmentation_for_Bioprinting_Project/outputs/topology_correction/mesh_qc/s0_original/case_outputs/994__s0_original/segmentation_smoothed.stl,True,0.5870499750959621,3.141592653589793,0.5352761828871522,3.1386928018315317,-0.0028586941035489114,0.08252936241610738,True,"phaseb_mesh_qc.run_phaseb_for_case (repository implementation, unmodified)",50.0,43.0,43.0,1.0,True,-36.5397822083999,171.16977603687286,-1082.064418099855,-40.58877021716052,170.66774667594498,-1083.3058955528213,4.264692678323354,True,/Users/angadkumar16ak/Projects/Automated_Cardiovascular_Segmentation_for_Bioprinting_Project/outputs/topology_correction/mesh_qc/s0_original/case_outputs/994__s0_original/segmentation_repaired.stl,ok,exact_point_to_surface,82958.0,86423.0,2.3178422938362786,1.1702445836401667,7.642773306166633,51.65928515929577,0.6053929981695927,1.712449295666686,7123.668561330251,8089.306694110172,965.6381327799218,0.13555348967549405,2.503988493038865,31.19999885559082,7.199989318847656,-1.199951171875,32.04246647178199,,,,,,,,,,,,,,,,,,,,,,,
995,s0_original,s0_original,identity,True,0.6000000238418579,0.6000000238418579,0.6000000238418579,True,0.5,,17,6469.416771214515,3312.7923949155966,0.5120697138659811,0.8177609702027775,11,6,10.800001287460379,7.455843220657636,0.8485281711413358,3,17,17,0,0.0,0.0,17,29951,6469.416771214516,0.7238863493770726,0.6741344195519349,0.7815669273051018,0.5672585267179862,20191,9760,5643,5580.144665205028,889.2721060094882,0.15936362932569495,0.8052391799544418,0.733402489626556,0.8926767676767676,17.660804054743025,88.69656490089882,3.0027258772554513,5.096259311716695,0.7302259606294492,964,578.400022983551,34,20,13,3.497013567419304,20.08636620754795,True,True,0.7238863493770726,0.0,True,/Users/angadkumar16ak/Projects/Automated_Cardiovascular_Segmentation_for_Bioprinting_Project/outputs/topology_correction/case_outputs/995/mask__s0_original.nii.gz,/Users/angadkumar16ak/Projects/Automated_Cardiovascular_Segmentation_for_Bioprinting_Project/outputs/topology_correction/case_outputs/995/mask__s0_original.nii.gz,ok,3.0,17.0,False,28.0,14.0,8097.7183063292105,not_watertight,171.30000680685043,128.4000051021576,77.40000307559967,0.4242640855706679,0.6000000238418579,0.591263885155226,/Users/angadkumar16ak/Projects/Automated_Cardiovascular_Segmentation_for_Bioprinting_Project/outputs/topology_correction/mesh_qc/s0_original/case_outputs/995__s0_original/segmentation_raw.stl,/Users/angadkumar16ak/Projects/Automated_Cardiovascular_Segmentation_for_Bioprinting_Project/outputs/topology_correction/mesh_qc/s0_original/case_outputs/995__s0_original/segmentation_repaired.stl,/Users/angadkumar16ak/Projects/Automated_Cardiovascular_Segmentation_for_Bioprinting_Project/outputs/topology_correction/mesh_qc/s0_original/case_outputs/995__s0_original/segmentation_smoothed.stl,True,0.6110942391027957,3.141592653589793,0.5640722748167615,3.1408118607405053,not_watertight,0.04954759440419352,False,"phaseb_mesh_qc.run_phaseb_for_case (repository implementation, unmodified)",50.0,34.0,34.0,1.0,True,-5.321315157855665,184.97054522956364,-1105.4401195512376,-8.189006548049399,183.97577023401368,-1105.6126287871634,3.0402287146927653,False,/Users/angadkumar16ak/Projects/Automated_Cardiovascular_Segmentation_for_Bioprinting_Project/outputs/topology_correction/mesh_qc/s0_original/case_outputs/995__s0_original/segmentation_repaired.stl,ok,exact_point_to_surface,76248.0,80986.0,5.811784828075771,2.972544084049281,17.487248429400896,88.6965767768645,0.6940079305908906,5.11777689748488,5469.872127123775,,,,2.545505106107923,79.50000381469727,39.600006103515625,-5.39990234375,88.9807284486781,,,,,,,,,,,,,,,,,,,,,,,
996,s0_original,s0_original,identity,True,0.6000000238418579,0.6000000238418579,0.6000000238418579,True,0.5,,15,5881.032701073674,2950.344351708426,0.5016711352701363,0.956146130756278,8,7,6.912000823974642,3.5463806166589062,0.8485281711413358,3,15,15,0,0.0,0.0,15,27227,5881.032701073675,0.8524602158404976,0.8558416277959379,0.8491054185038079,0.7428589645498598,23302,3925,4141,5927.688706635503,-46.65600556182835,-0.00787085959989789,0.931223371880706,0.9205776173285198,0.9421182266009852,1.3416408398118889,24.186774205991668,0.5852970213191435,0.6194805195871419,0.5537652688061233,831,498.6000198125839,23,11,12,1.015265437083939,5.9366589697796845,True,True,0.8524602158404976,0.0,True,/Users/angadkumar16ak/Projects/Automated_Cardiovascular_Segmentation_for_Bioprinting_Project/outputs/topology_correction/case_outputs/996/mask__s0_original.nii.gz,/Users/angadkumar16ak/Projects/Automated_Cardiovascular_Segmentation_for_Bioprinting_Project/outputs/topology_correction/case_outputs/996/mask__s0_original.nii.gz,ok,3.0,15.0,True,0.0,13.0,7221.882600706809,5759.829686625151,106.20000422000885,93.60000371932983,77.40000307559967,0.4242640855706679,0.6000000238418579,0.5910616213892592,/Users/angadkumar16ak/Projects/Automated_Cardiovascular_Segmentation_for_Bioprinting_Project/outputs/topology_correction/mesh_qc/s0_original/case_outputs/996__s0_original/segmentation_raw.stl,/Users/angadkumar16ak/Projects/Automated_Cardiovascular_Segmentation_for_Bioprinting_Project/outputs/topology_correction/mesh_qc/s0_original/case_outputs/996__s0_original/segmentation_repaired.stl,/Users/angadkumar16ak/Projects/Automated_Cardiovascular_Segmentation_for_Bioprinting_Project/outputs/topology_correction/mesh_qc/s0_original/case_outputs/996__s0_original/segmentation_smoothed.stl,True,0.5937824116489921,3.141592653589793,0.5426874238423126,3.140302590459359,-0.0034509810620154285,0.05869173981709332,True,"phaseb_mesh_qc.run_phaseb_for_case (repository implementation, unmodified)",50.0,48.0,48.0,1.0,True,-25.476029683942286,172.0553219469005,186.6169877913528,-28.704671955496487,171.08561007853461,186.03345844077634,3.421253940925831,True,/Users/angadkumar16ak/Projects/Automated_Cardiovascular_Segmentation_for_Bioprinting_Project/outputs/topology_correction/mesh_qc/s0_original/case_outputs/996__s0_original/segmentation_repaired.stl,ok,exact_point_to_surface,77713.0,77650.0,1.1848191709645073,0.5923735688352884,1.6970519590104265,24.186764160322507,0.5035896756016399,0.6812294953628674,5808.6456755007275,5759.829396889829,-48.816278610898735,-0.00840407236695335,0.7499381093764625,7.799995422363281,8.399993896484375,-3.5999908447265625,12.014980654665157,,,,,,,,,,,,,,,,,,,,,,,
997,s0_original,s0_original,identity,True,0.6000000238418579,0.6000000238418579,0.6000000238418579,True,0.5,,12,9294.265107962654,4958.9285911503075,0.5335471426247413,0.8224148444986498,7,5,29.484003514766833,3.0594118297257697,0.8485281711413358,3,12,12,0,0.0,0.0,12,43029,9294.265107962652,0.7739170828010684,0.7743847172836924,0.7734500127666488,0.6312110477561613,33321,9708,9760,9305.497109301612,-11.23200133895989,-0.001207028620505677,0.8854987628990405,0.8780487804878049,0.8930762489044698,3.6000001430511475,16.200000643730164,0.7512753347234561,0.8516149224892944,0.6557622576611064,1107,664.2000263929367,27,21,9,1.064534934062333,5.541393225319958,True,True,0.7739170828010684,0.0,True,/Users/angadkumar16ak/Projects/Automated_Cardiovascular_Segmentation_for_Bioprinting_Project/outputs/topology_correction/case_outputs/997/mask__s0_original.nii.gz,/Users/angadkumar16ak/Projects/Automated_Cardiovascular_Segmentation_for_Bioprinting_Project/outputs/topology_correction/case_outputs/997/mask__s0_original.nii.gz,ok,3.0,12.0,True,0.0,9.0,10378.688339538228,9135.334089016602,120.00000476837158,106.80000424385071,79.20000314712524,0.4242640855706679,0.6000000238418579,0.5899827299953914,/Users/angadkumar16ak/Projects/Automated_Cardiovascular_Segmentation_for_Bioprinting_Project/outputs/topology_correction/mesh_qc/s0_original/case_outputs/997__s0_original/segmentation_raw.stl,/Users/angadkumar16ak/Projects/Automated_Cardiovascular_Segmentation_for_Bioprinting_Project/outputs/topology_correction/mesh_qc/s0_original/case_outputs/997__s0_original/segmentation_repaired.stl,/Users/angadkumar16ak/Projects/Automated_Cardiovascular_Segmentation_for_Bioprinting_Project/outputs/topology_correction/mesh_qc/s0_original/case_outputs/997__s0_original/segmentation_smoothed.stl,True,0.5954148027229976,3.141592653589793,0.5425688847328004,3.1397762226182486,-0.002801094307757585,0.10030444583885287,True,"phaseb_mesh_qc.run_phaseb_for_case (repository implementation, unmodified)",50.0,50.0,48.0,0.96,False,-17.58365301233799,194.06650416259941,88.92077610701543,-20.8780095830048,195.65158551435076,86.50650865032601,4.381090670003878,True,/Users/angadkumar16ak/Projects/Automated_Cardiovascular_Segmentation_for_Bioprinting_Project/outputs/topology_correction/mesh_qc/s0_original/case_outputs/997__s0_original/segmentation_repaired.stl,ok,exact_point_to_surface,91441.0,89908.0,1.424536088519442,0.7112573918301275,3.5999946594263545,16.200000339084845,0.5927110922346722,0.8318249962847698,9153.13585223445,9135.33397810059,-17.80187413386011,-0.0019448934683422559,2.554528698081274,6.600002288818359,-0.600006103515625,-0.5999984741210938,6.654324586733895,,,,,,,,,,,,,,,,,,,,,,,
998,s0_original,s0_original,identity,True,0.6000000238418579,0.6000000238418579,0.6000000238418579,True,0.5,,5,9779.833165846872,6250.17674507907,0.6390882788170593,0.5446502626486038,4,1,92.23201099491163,1.5059295111913853,0.8485281711413358,2,5,5,0,0.0,0.0,5,45277,9779.83316584687,0.8285772110908723,0.7685800737681383,0.8987345041322314,0.7073255010366275,34799,10478,3921,8363.520997009316,1416.312168837554,0.16934400826446283,0.9074523029655592,0.872636815920398,0.9451612903225807,2.4738634736730947,15.285287650811131,0.6618797611897829,0.7556863979137814,0.5624833872688932,1005,603.0000239610672,21,25,3,1.040939309727446,5.325363298561573,True,True,0.8285772110908723,0.0,True,/Users/angadkumar16ak/Projects/Automated_Cardiovascular_Segmentation_for_Bioprinting_Project/outputs/topology_correction/case_outputs/998/mask__s0_original.nii.gz,/Users/angadkumar16ak/Projects/Automated_Cardiovascular_Segmentation_for_Bioprinting_Project/outputs/topology_correction/case_outputs/998/mask__s0_original.nii.gz,ok,3.0,5.0,True,0.0,3.0,9647.480607052781,9647.569150079775,111.00000441074371,95.40000379085541,81.60000324249268,0.4242640855706679,0.6000000238418579,0.5919695216826201,/Users/angadkumar16ak/Projects/Automated_Cardiovascular_Segmentation_for_Bioprinting_Project/outputs/topology_correction/mesh_qc/s0_original/case_outputs/998__s0_original/segmentation_raw.stl,/Users/angadkumar16ak/Projects/Automated_Cardiovascular_Segmentation_for_Bioprinting_Project/outputs/topology_correction/mesh_qc/s0_original/case_outputs/998__s0_original/segmentation_repaired.stl,/Users/angadkumar16ak/Projects/Automated_Cardiovascular_Segmentation_for_Bioprinting_Project/outputs/topology_correction/mesh_qc/s0_original/case_outputs/998__s0_original/segmentation_smoothed.stl,True,0.567867553586847,3.141592653589793,0.5079985328945826,3.139652833294096,-0.00209478570337307,0.17328886631181395,True,"phaseb_mesh_qc.run_phaseb_for_case (repository implementation, unmodified)",50.0,50.0,50.0,1.0,True,-19.25457920356118,183.49931623663355,124.50604098728401,-21.968781533855964,185.55550346951242,121.3289895057586,4.657086679748887,True,/Users/angadkumar16ak/Projects/Automated_Cardiovascular_Segmentation_for_Bioprinting_Project/outputs/topology_correction/mesh_qc/s0_original/case_outputs/998__s0_original/segmentation_repaired.stl,ok,exact_point_to_surface,84654.0,86790.0,1.2451137674302495,0.623799018517965,2.6153388409831657,15.285289199684057,0.5228581200736664,0.7222556473565832,8235.974197701773,9647.569930441998,1411.5957327402248,0.17139389935608673,2.1086238904526384,-1.7999992370605469,1.8000030517578125,0.0,2.545586030711983,,,,,,,,,,,,,,,,,,,,,,,
999,s0_original,s0_original,identity,True,0.6000000238418579,0.6000000238418579,0.6000000238418579,True,0.5,,18,4521.96053905966,2688.1203204488884,0.5944590398853595,0.22153475291281635,14,4,21.492002562046153,5.909314915892731,0.8485281711413358,1,18,18,0,0.0,0.0,18,20935,4521.960539059661,0.6995540138751238,0.6743252925722474,0.7267438867438868,0.5379339252372061,14117,6818,5308,4195.800500178357,326.160038881304,0.07773487773487787,0.8144839619817167,0.7871362940275651,0.8438003220611916,5.3665633592475555,31.18846064339889,1.302198409427351,1.9480327365029673,0.6381671624079895,653,391.8000155687332,38,14,17,1.8273224351195736,7.318419686167804,True,True,0.6995540138751238,0.0,True,/Users/angadkumar16ak/Projects/Automated_Cardiovascular_Segmentation_for_Bioprinting_Project/outputs/topology_correction/case_outputs/999/mask__s0_original.nii.gz,/Users/angadkumar16ak/Projects/Automated_Cardiovascular_Segmentation_for_Bioprinting_Project/outputs/topology_correction/case_outputs/999/mask__s0_original.nii.gz,ok,3.0,18.0,True,0.0,17.0,5740.916413842627,4419.036526790162,101.40000402927399,72.60000288486481,82.20000326633453,0.4242640855706679,0.6000000238418579,0.5899014904823849,/Users/angadkumar16ak/Projects/Automated_Cardiovascular_Segmentation_for_Bioprinting_Project/outputs/topology_correction/mesh_qc/s0_original/case_outputs/999__s0_original/segmentation_raw.stl,/Users/angadkumar16ak/Projects/Automated_Cardiovascular_Segmentation_for_Bioprinting_Project/outputs/topology_correction/mesh_qc/s0_original/case_outputs/999__s0_original/segmentation_repaired.stl,/Users/angadkumar16ak/Projects/Automated_Cardiovascular_Segmentation_for_Bioprinting_Project/outputs/topology_correction/mesh_qc/s0_original/case_outputs/999__s0_original/segmentation_smoothed.stl,True,0.5984373770319318,3.141592653589793,0.5548425092057584,3.140266309583414,-0.004486604340505054,0.053164556962025315,True,"phaseb_mesh_qc.run_phaseb_for_case (repository implementation, unmodified)",50.0,50.0,50.0,1.0,True,-22.99416323071992,165.26927621492143,166.65091170802276,-23.37513738305093,166.02710186194227,163.6910665118863,3.078981097882697,True,/Users/angadkumar16ak/Projects/Automated_Cardiovascular_Segmentation_for_Bioprinting_Project/outputs/topology_correction/mesh_qc/s0_original/case_outputs/999__s0_original/segmentation_repaired.stl,ok,exact_point_to_surface,70953.0,72086.0,2.6179291067272485,1.3146999812741353,5.838069898549007,31.18845938206489,0.5848781695228417,2.0330509372044068,4108.518643949918,4419.036583479026,310.51793952910793,0.07557905085482997,3.4075318176283464,1.1999969482421875,12.600006103515625,4.1999969482421875,13.33567099360453,,,,,,,,,,,,,,,,,,,,,,,
