case_id,mask_path,status,target_wall_thickness_mm,voxel_connected_component_count,watertight,non_manifold_edge_count,connected_component_count,surface_area_mm2,volume_mm3,bbox_x_mm,bbox_y_mm,bbox_z_mm,edge_length_min_mm,edge_length_median_mm,edge_length_mean_mm,raw_stl,repaired_stl,smoothed_stl,repair_success,surface_roughness_pre_mean,surface_roughness_pre_max,surface_roughness_post_mean,surface_roughness_post_max,smoothing_volume_change_relative,wall_thickness_compliance_fraction,slicer_compatibility_proxy
1000__s0_original,/Users/angadkumar16ak/Projects/Automated_Cardiovascular_Segmentation_for_Bioprinting_Project/outputs/topology_correction/case_outputs/1000/mask__s0_original.nii.gz,ok,3.0,9,True,0,7,8224.39592026524,7061.877841841374,112.80000448226929,99.60000395774841,87.0000034570694,0.4242640855706679,0.6000000238418579,0.5892606688454143,/Users/angadkumar16ak/Projects/Automated_Cardiovascular_Segmentation_for_Bioprinting_Project/outputs/topology_correction/mesh_qc/s0_original/case_outputs/1000__s0_original/segmentation_raw.stl,/Users/angadkumar16ak/Projects/Automated_Cardiovascular_Segmentation_for_Bioprinting_Project/outputs/topology_correction/mesh_qc/s0_original/case_outputs/1000__s0_original/segmentation_repaired.stl,/Users/angadkumar16ak/Projects/Automated_Cardiovascular_Segmentation_for_Bioprinting_Project/outputs/topology_correction/mesh_qc/s0_original/case_outputs/1000__s0_original/segmentation_smoothed.stl,True,0.5846051209689358,3.141592653589793,0.5276767342309249,3.1404698574224024,-0.003074502281855277,0.08801346194296704,True
751__s0_original,/Users/angadkumar16ak/Projects/Automated_Cardiovascular_Segmentation_for_Bioprinting_Project/outputs/topology_correction/case_outputs/751/mask__s0_original.nii.gz,ok,3.0,9,True,0,9,8857.119370337401,7127.406849653038,123.00000488758087,112.80000448226929,97.80000388622284,0.4242640855706679,0.6000000238418579,0.5905223490007478,/Users/angadkumar16ak/Projects/Automated_Cardiovascular_Segmentation_for_Bioprinting_Project/outputs/topology_correction/mesh_qc/s0_original/case_outputs/751__s0_original/segmentation_raw.stl,/Users/angadkumar16ak/Projects/Automated_Cardiovascular_Segmentation_for_Bioprinting_Project/outputs/topology_correction/mesh_qc/s0_original/case_outputs/751__s0_original/segmentation_repaired.stl,/Users/angadkumar16ak/Projects/Automated_Cardiovascular_Segmentation_for_Bioprinting_Project/outputs/topology_correction/mesh_qc/s0_original/case_outputs/751__s0_original/segmentation_smoothed.stl,True,0.562456389906713,3.141592653589793,0.5097164259539586,3.139885094606429,-0.0032812164871648094,0.05835338859672579,True
752__s0_original,/Users/angadkumar16ak/Projects/Automated_Cardiovascular_Segmentation_for_Bioprinting_Project/outputs/topology_correction/case_outputs/752/mask__s0_original.nii.gz,ok,3.0,5,True,0,5,10278.857701420297,8168.364973744904,106.20000422000885,88.20000350475311,103.20000410079956,0.4242640855706679,0.6000000238418579,0.5910894174105579,/Users/angadkumar16ak/Projects/Automated_Cardiovascular_Segmentation_for_Bioprinting_Project/outputs/topology_correction/mesh_qc/s0_original/case_outputs/752__s0_original/segmentation_raw.stl,/Users/angadkumar16ak/Projects/Automated_Cardiovascular_Segmentation_for_Bioprinting_Project/outputs/topology_correction/mesh_qc/s0_original/case_outputs/752__s0_original/segmentation_repaired.stl,/Users/angadkumar16ak/Projects/Automated_Cardiovascular_Segmentation_for_Bioprinting_Project/outputs/topology_correction/mesh_qc/s0_original/case_outputs/752__s0_original/segmentation_smoothed.stl,True,0.5717864858554659,3.141592653589793,0.5131073328378501,3.1377673473701657,-0.0031448699922995795,0.05011926986102468,True
753__s0_original,/Users/angadkumar16ak/Projects/Automated_Cardiovascular_Segmentation_for_Bioprinting_Project/outputs/topology_correction/case_outputs/753/mask__s0_original.nii.gz,ok,3.0,5,True,0,5,5405.133048195258,4353.471518974205,107.40000426769257,94.80000376701355,78.60000312328339,0.4242640855706679,0.6000000238418579,0.5904866878588882,/Users/angadkumar16ak/Projects/Automated_Cardiovascular_Segmentation_for_Bioprinting_Project/outputs/topology_correction/mesh_qc/s0_original/case_outputs/753__s0_original/segmentation_raw.stl,/Users/angadkumar16ak/Projects/Automated_Cardiovascular_Segmentation_for_Bioprinting_Project/outputs/topology_correction/mesh_qc/s0_original/case_outputs/753__s0_original/segmentation_repaired.stl,/Users/angadkumar16ak/Projects/Automated_Cardiovascular_Segmentation_for_Bioprinting_Project/outputs/topology_correction/mesh_qc/s0_original/case_outputs/753__s0_original/segmentation_smoothed.stl,True,0.5786350503965773,3.141592653589793,0.5236996721852472,3.1379749526094463,-0.0030007682012072844,0.053799007685572525,True
754__s0_original,/Users/angadkumar16ak/Projects/Automated_Cardiovascular_Segmentation_for_Bioprinting_Project/outputs/topology_correction/case_outputs/754/mask__s0_original.nii.gz,ok,3.0,8,True,0,6,7171.468558351423,6298.497750839381,91.2000036239624,85.80000340938568,112.80000448226929,0.4242640855706679,0.6000000238418579,0.5893352350904526,/Users/angadkumar16ak/Projects/Automated_Cardiovascular_Segmentation_for_Bioprinting_Project/outputs/topology_correction/mesh_qc/s0_original/case_outputs/754__s0_original/segmentation_raw.stl,/Users/angadkumar16ak/Projects/Automated_Cardiovascular_Segmentation_for_Bioprinting_Project/outputs/topology_correction/mesh_qc/s0_original/case_outputs/754__s0_original/segmentation_repaired.stl,/Users/angadkumar16ak/Projects/Automated_Cardiovascular_Segmentation_for_Bioprinting_Project/outputs/topology_correction/mesh_qc/s0_original/case_outputs/754__s0_original/segmentation_smoothed.stl,True,0.5436647028573173,3.141592653589793,0.46584049081889856,3.138164346071734,-0.0028597623502286456,0.09985840469287303,True
755__s0_original,/Users/angadkumar16ak/Projects/Automated_Cardiovascular_Segmentation_for_Bioprinting_Project/outputs/topology_correction/case_outputs/755/mask__s0_original.nii.gz,ok,3.0,10,True,0,8,7540.712841735823,6111.324728526622,100.20000398159027,84.60000336170197,90.60000360012054,0.4242640855706679,0.6000000238418579,0.590375188630538,/Users/angadkumar16ak/Projects/Automated_Cardiovascular_Segmentation_for_Bioprinting_Project/outputs/topology_correction/mesh_qc/s0_original/case_outputs/755__s0_original/segmentation_raw.stl,/Users/angadkumar16ak/Projects/Automated_Cardiovascular_Segmentation_for_Bioprinting_Project/outputs/topology_correction/mesh_qc/s0_original/case_outputs/755__s0_original/segmentation_repaired.stl,/Users/angadkumar16ak/Projects/Automated_Cardiovascular_Segmentation_for_Bioprinting_Project/outputs/topology_correction/mesh_qc/s0_original/case_outputs/755__s0_original/segmentation_smoothed.stl,True,0.574957642570036,3.141592653589793,0.5250637760057062,3.1407189442127272,-0.0032643518794641035,0.06097053726169844,True
756__s0_original,/Users/angadkumar16ak/Projects/Automated_Cardiovascular_Segmentation_for_Bioprinting_Project/outputs/topology_correction/case_outputs/756/mask__s0_original.nii.gz,ok,3.0,8,True,0,7,5597.841103958384,4522.545539129399,103.20000410079956,86.40000343322754,80.40000319480896,0.4242640855706679,0.6000000238418579,0.5894393178760339,/Users/angadkumar16ak/Projects/Automated_Cardiovascular_Segmentation_for_Bioprinting_Project/outputs/topology_correction/mesh_qc/s0_original/case_outputs/756__s0_original/segmentation_raw.stl,/Users/angadkumar16ak/Projects/Automated_Cardiovascular_Segmentation_for_Bioprinting_Project/outputs/topology_correction/mesh_qc/s0_original/case_outputs/756__s0_original/segmentation_repaired.stl,/Users/angadkumar16ak/Projects/Automated_Cardiovascular_Segmentation_for_Bioprinting_Project/outputs/topology_correction/mesh_qc/s0_original/case_outputs/756__s0_original/segmentation_smoothed.stl,True,0.5878618082476562,3.141592653589793,0.5312908834648778,3.140097551330158,-0.0031735247312292374,0.05898600252797154,True
757__s0_original,/Users/angadkumar16ak/Projects/Automated_Cardiovascular_Segmentation_for_Bioprinting_Project/outputs/topology_correction/case_outputs/757/mask__s0_original.nii.gz,ok,3.0,7,True,0,6,8607.090819109562,7557.102900876799,133.20000529289246,115.20000457763672,97.80000388622284,0.4242640855706679,0.6000000238418579,0.5890116185535104,/Users/angadkumar16ak/Projects/Automated_Cardiovascular_Segmentation_for_Bioprinting_Project/outputs/topology_correction/mesh_qc/s0_original/case_outputs/757__s0_original/segmentation_raw.stl,/Users/angadkumar16ak/Projects/Automated_Cardiovascular_Segmentation_for_Bioprinting_Project/outputs/topology_correction/mesh_qc/s0_original/case_outputs/757__s0_original/segmentation_repaired.stl,/Users/angadkumar16ak/Projects/Automated_Cardiovascular_Segmentation_for_Bioprinting_Project/outputs/topology_correction/mesh_qc/s0_original/case_outputs/757__s0_original/segmentation_smoothed.stl,True,0.5685327927567697,3.141592653589793,0.5076119773903043,3.1397774231449804,-0.0025948056860855685,0.0908707746775689,True
758__s0_original,/Users/angadkumar16ak/Projects/Automated_Cardiovascular_Segmentation_for_Bioprinting_Project/outputs/topology_correction/case_outputs/758/mask__s0_original.nii.gz,ok,3.0,5,True,0,4,6880.599018422789,5444.199648999122,110.40000438690186,87.0000034570694,115.80000460147858,0.4242640855706679,0.6000000238418579,0.5906022350555473,/Users/angadkumar16ak/Projects/Automated_Cardiovascular_Segmentation_for_Bioprinting_Project/outputs/topology_correction/mesh_qc/s0_original/case_outputs/758__s0_original/segmentation_raw.stl,/Users/angadkumar16ak/Projects/Automated_Cardiovascular_Segmentation_for_Bioprinting_Project/outputs/topology_correction/mesh_qc/s0_original/case_outputs/758__s0_original/segmentation_repaired.stl,/Users/angadkumar16ak/Projects/Automated_Cardiovascular_Segmentation_for_Bioprinting_Project/outputs/topology_correction/mesh_qc/s0_original/case_outputs/758__s0_original/segmentation_smoothed.stl,True,0.5381908305333813,3.141592653589793,0.4756812551353487,3.1398647149653995,-0.0033728598208024813,0.04991641721416631,True
759__s0_original,/Users/angadkumar16ak/Projects/Automated_Cardiovascular_Segmentation_for_Bioprinting_Project/outputs/topology_correction/case_outputs/759/mask__s0_original.nii.gz,ok,3.0,9,True,0,8,4963.250774577081,3896.1814644609863,93.00000369548798,76.80000305175781,82.80000329017639,0.4242640855706679,0.6000000238418579,0.5882642360078958,/Users/angadkumar16ak/Projects/Automated_Cardiovascular_Segmentation_for_Bioprinting_Project/outputs/topology_correction/mesh_qc/s0_original/case_outputs/759__s0_original/segmentation_raw.stl,/Users/angadkumar16ak/Projects/Automated_Cardiovascular_Segmentation_for_Bioprinting_Project/outputs/topology_correction/mesh_qc/s0_original/case_outputs/759__s0_original/segmentation_repaired.stl,/Users/angadkumar16ak/Projects/Automated_Cardiovascular_Segmentation_for_Bioprinting_Project/outputs/topology_correction/mesh_qc/s0_original/case_outputs/759__s0_original/segmentation_smoothed.stl,True,0.5765346298926003,3.141592653589793,0.5254843316312646,3.1390293282074007,-0.0038527667388125767,0.05013292821876187,True
760__s0_original,/Users/angadkumar16ak/Projects/Automated_Cardiovascular_Segmentation_for_Bioprinting_Project/outputs/topology_correction/case_outputs/760/mask__s0_original.nii.gz,ok,3.0,10,True,0,10,9073.078470945751,7740.693922762551,117.60000467300415,85.80000340938568,93.00000369548798,0.4242640855706679,0.6000000238418579,0.5903204053482762,/Users/angadkumar16ak/Projects/Automated_Cardiovascular_Segmentation_for_Bioprinting_Project/outputs/topology_correction/mesh_qc/s0_original/case_outputs/760__s0_original/segmentation_raw.stl,/Users/angadkumar16ak/Projects/Automated_Cardiovascular_Segmentation_for_Bioprinting_Project/outputs/topology_correction/mesh_qc/s0_original/case_outputs/760__s0_original/segmentation_repaired.stl,/Users/angadkumar16ak/Projects/Automated_Cardiovascular_Segmentation_for_Bioprinting_Project/outputs/topology_correction/mesh_qc/s0_original/case_outputs/760__s0_original/segmentation_smoothed.stl,True,0.5713943089262099,3.141592653589793,0.5191297235252875,3.139631606672826,-0.003068229756084506,0.0898233118750856,True
761__s0_original,/Users/angadkumar16ak/Projects/Automated_Cardiovascular_Segmentation_for_Bioprinting_Project/outputs/topology_correction/case_outputs/761/mask__s0_original.nii.gz,ok,3.0,7,True,0,6,9801.354654282737,8224.974980493347,105.00000417232513,102.00000405311584,84.00000333786011,0.4242640855706679,0.6000000238418579,0.5912737950167406,/Users/angadkumar16ak/Projects/Automated_Cardiovascular_Segmentation_for_Bioprinting_Project/outputs/topology_correction/mesh_qc/s0_original/case_outputs/761__s0_original/segmentation_raw.stl,/Users/angadkumar16ak/Projects/Automated_Cardiovascular_Segmentation_for_Bioprinting_Project/outputs/topology_correction/mesh_qc/s0_original/case_outputs/761__s0_original/segmentation_repaired.stl,/Users/angadkumar16ak/Projects/Automated_Cardiovascular_Segmentation_for_Bioprinting_Project/outputs/topology_correction/mesh_qc/s0_original/case_outputs/761__s0_original/segmentation_smoothed.stl,True,0.597137386593477,3.141592653589793,0.5412861648464253,3.1398635451763397,-0.002815081561979672,0.07161283665256424,True
762__s0_original,/Users/angadkumar16ak/Projects/Automated_Cardiovascular_Segmentation_for_Bioprinting_Project/outputs/topology_correction/case_outputs/762/mask__s0_original.nii.gz,ok,3.0,12,True,0,12,10011.637346490661,8374.527998321457,121.80000483989716,109.80000436306,103.20000410079956,0.4242640855706679,0.6000000238418579,0.5902125034025376,/Users/angadkumar16ak/Projects/Automated_Cardiovascular_Segmentation_for_Bioprinting_Project/outputs/topology_correction/mesh_qc/s0_original/case_outputs/762__s0_original/segmentation_raw.stl,/Users/angadkumar16ak/Projects/Automated_Cardiovascular_Segmentation_for_Bioprinting_Project/outputs/topology_correction/mesh_qc/s0_original/case_outputs/762__s0_original/segmentation_repaired.stl,/Users/angadkumar16ak/Projects/Automated_Cardiovascular_Segmentation_for_Bioprinting_Project/outputs/topology_correction/mesh_qc/s0_original/case_outputs/762__s0_original/segmentation_smoothed.stl,True,0.578132964050683,3.141592653589793,0.5289564675422157,3.1381437583848015,-0.0030722072626868805,0.073266474193385,True
763__s0_original,/Users/angadkumar16ak/Projects/Automated_Cardiovascular_Segmentation_for_Bioprinting_Project/outputs/topology_correction/case_outputs/763/mask__s0_original.nii.gz,ok,3.0,11,True,0,11,10087.556862622872,8912.422062443417,112.80000448226929,110.40000438690186,93.00000369548798,0.4242640855706679,0.6000000238418579,0.5911725320168002,/Users/angadkumar16ak/Projects/Automated_Cardiovascular_Segmentation_for_Bioprinting_Project/outputs/topology_correction/mesh_qc/s0_original/case_outputs/763__s0_original/segmentation_raw.stl,/Users/angadkumar16ak/Projects/Automated_Cardiovascular_Segmentation_for_Bioprinting_Project/outputs/topology_correction/mesh_qc/s0_original/case_outputs/763__s0_original/segmentation_repaired.stl,/Users/angadkumar16ak/Projects/Automated_Cardiovascular_Segmentation_for_Bioprinting_Project/outputs/topology_correction/mesh_qc/s0_original/case_outputs/763__s0_original/segmentation_smoothed.stl,True,0.5792089499189624,3.141592653589793,0.518893964481868,3.1409251602272086,-0.0026848813509875156,0.0983462015060528,True
764__s0_original,/Users/angadkumar16ak/Projects/Automated_Cardiovascular_Segmentation_for_Bioprinting_Project/outputs/topology_correction/case_outputs/764/mask__s0_original.nii.gz,ok,3.0,5,True,0,5,12592.962719914029,11685.241392989212,114.60000455379486,105.00000417232513,86.40000343322754,0.4242640855706679,0.6000000238418579,0.5920171547798693,/Users/angadkumar16ak/Projects/Automated_Cardiovascular_Segmentation_for_Bioprinting_Project/outputs/topology_correction/mesh_qc/s0_original/case_outputs/764__s0_original/segmentation_raw.stl,/Users/angadkumar16ak/Projects/Automated_Cardiovascular_Segmentation_for_Bioprinting_Project/outputs/topology_correction/mesh_qc/s0_original/case_outputs/764__s0_original/segmentation_repaired.stl,/Users/angadkumar16ak/Projects/Automated_Cardiovascular_Segmentation_for_Bioprinting_Project/outputs/topology_correction/mesh_qc/s0_original/case_outputs/764__s0_original/segmentation_smoothed.stl,True,0.600651876933317,3.141592653589793,0.5472957292797008,3.1404066576757144,-0.0021077608402451024,0.12004734158776402,True
765__s0_original,/Users/angadkumar16ak/Projects/Automated_Cardiovascular_Segmentation_for_Bioprinting_Project/outputs/topology_correction/case_outputs/765/mask__s0_original.nii.gz,ok,3.0,3,True,0,3,7503.919561320988,5857.794698303488,104.40000414848328,98.4000039100647,89.40000355243683,0.4242640855706679,0.6000000238418579,0.5884057817559883,/Users/angadkumar16ak/Projects/Automated_Cardiovascular_Segmentation_for_Bioprinting_Project/outputs/topology_correction/mesh_qc/s0_original/case_outputs/765__s0_original/segmentation_raw.stl,/Users/angadkumar16ak/Projects/Automated_Cardiovascular_Segmentation_for_Bioprinting_Project/outputs/topology_correction/mesh_qc/s0_original/case_outputs/765__s0_original/segmentation_repaired.stl,/Users/angadkumar16ak/Projects/Automated_Cardiovascular_Segmentation_for_Bioprinting_Project/outputs/topology_correction/mesh_qc/s0_original/case_outputs/765__s0_original/segmentation_smoothed.stl,True,0.5702215559699759,3.141592653589793,0.523346059731766,3.1408133501435707,-0.0033918887765594253,0.04409693380042616,True
766__s0_original,/Users/angadkumar16ak/Projects/Automated_Cardiovascular_Segmentation_for_Bioprinting_Project/outputs/topology_correction/case_outputs/766/mask__s0_original.nii.gz,ok,3.0,9,True,0,9,14055.363705402586,12892.366536889733,151.2000060081482,110.40000438690186,100.80000400543213,0.4242640855706679,0.6000000238418579,0.59157563273203,/Users/angadkumar16ak/Projects/Automated_Cardiovascular_Segmentation_for_Bioprinting_Project/outputs/topology_correction/mesh_qc/s0_original/case_outputs/766__s0_original/segmentation_raw.stl,/Users/angadkumar16ak/Projects/Automated_Cardiovascular_Segmentation_for_Bioprinting_Project/outputs/topology_correction/mesh_qc/s0_original/case_outputs/766__s0_original/segmentation_repaired.stl,/Users/angadkumar16ak/Projects/Automated_Cardiovascular_Segmentation_for_Bioprinting_Project/outputs/topology_correction/mesh_qc/s0_original/case_outputs/766__s0_original/segmentation_smoothed.stl,True,0.6003609330410519,3.141592653589793,0.5485768158040384,3.1409254272369544,-0.0022776987411590325,0.1150159217277962,True
767__s0_original,/Users/angadkumar16ak/Projects/Automated_Cardiovascular_Segmentation_for_Bioprinting_Project/outputs/topology_correction/case_outputs/767/mask__s0_original.nii.gz,ok,3.0,14,False,24,14,6308.7632395770215,not_watertight,139.50000554323196,84.60000336170197,93.3000037074089,0.4242640855706679,0.6000000238418579,0.5912324459921584,/Users/angadkumar16ak/Projects/Automated_Cardiovascular_Segmentation_for_Bioprinting_Project/outputs/topology_correction/mesh_qc/s0_original/case_outputs/767__s0_original/segmentation_raw.stl,/Users/angadkumar16ak/Projects/Automated_Cardiovascular_Segmentation_for_Bioprinting_Project/outputs/topology_correction/mesh_qc/s0_original/case_outputs/767__s0_original/segmentation_repaired.stl,/Users/angadkumar16ak/Projects/Automated_Cardiovascular_Segmentation_for_Bioprinting_Project/outputs/topology_correction/mesh_qc/s0_original/case_outputs/767__s0_original/segmentation_smoothed.stl,True,0.5897326687485975,3.141592653589793,0.5339233044251945,3.140383671395381,not_watertight,0.04677244077374484,False
768__s0_original,/Users/angadkumar16ak/Projects/Automated_Cardiovascular_Segmentation_for_Bioprinting_Project/outputs/topology_correction/case_outputs/768/mask__s0_original.nii.gz,ok,3.0,16,False,28,15,7483.863626742814,not_watertight,145.50000578165054,116.40000462532043,99.00000393390656,0.4242640855706679,0.6000000238418579,0.5929061965711246,/Users/angadkumar16ak/Projects/Automated_Cardiovascular_Segmentation_for_Bioprinting_Project/outputs/topology_correction/mesh_qc/s0_original/case_outputs/768__s0_original/segmentation_raw.stl,/Users/angadkumar16ak/Projects/Automated_Cardiovascular_Segmentation_for_Bioprinting_Project/outputs/topology_correction/mesh_qc/s0_original/case_outputs/768__s0_original/segmentation_repaired.stl,/Users/angadkumar16ak/Projects/Automated_Cardiovascular_Segmentation_for_Bioprinting_Project/outputs/topology_correction/mesh_qc/s0_original/case_outputs/768__s0_original/segmentation_smoothed.stl,True,0.6110424433128472,3.141592653589793,0.5657587464411324,3.1399131902631185,not_watertight,0.09281702630801064,False
769__s0_original,/Users/angadkumar16ak/Projects/Automated_Cardiovascular_Segmentation_for_Bioprinting_Project/outputs/topology_correction/case_outputs/769/mask__s0_original.nii.gz,ok,3.0,7,False,142,7,9641.612204669907,not_watertight,114.60000455379486,96.00000381469727,83.70000332593918,0.4242640855706679,0.6000000238418579,0.5917200028577273,/Users/angadkumar16ak/Projects/Automated_Cardiovascular_Segmentation_for_Bioprinting_Project/outputs/topology_correction/mesh_qc/s0_original/case_outputs/769__s0_original/segmentation_raw.stl,/Users/angadkumar16ak/Projects/Automated_Cardiovascular_Segmentation_for_Bioprinting_Project/outputs/topology_correction/mesh_qc/s0_original/case_outputs/769__s0_original/segmentation_repaired.stl,/Users/angadkumar16ak/Projects/Automated_Cardiovascular_Segmentation_for_Bioprinting_Project/outputs/topology_correction/mesh_qc/s0_original/case_outputs/769__s0_original/segmentation_smoothed.stl,True,0.5784770798926825,3.141592653589793,0.517333891018179,3.1404338858929393,not_watertight,0.09516907005223302,False
770__s0_original,/Users/angadkumar16ak/Projects/Automated_Cardiovascular_Segmentation_for_Bioprinting_Project/outputs/topology_correction/case_outputs/770/mask__s0_original.nii.gz,ok,3.0,9,True,0,9,13127.584792234187,11567.40437894195,127.80000507831573,96.60000383853912,93.60000371932983,0.4242640855706679,0.6000000238418579,0.5906890589190927,/Users/angadkumar16ak/Projects/Automated_Cardiovascular_Segmentation_for_Bioprinting_Project/outputs/topology_correction/mesh_qc/s0_original/case_outputs/770__s0_original/segmentation_raw.stl,/Users/angadkumar16ak/Projects/Automated_Cardiovascular_Segmentation_for_Bioprinting_Project/outputs/topology_correction/mesh_qc/s0_original/case_outputs/770__s0_original/segmentation_repaired.stl,/Users/angadkumar16ak/Projects/Automated_Cardiovascular_Segmentation_for_Bioprinting_Project/outputs/topology_correction/mesh_qc/s0_original/case_outputs/770__s0_original/segmentation_smoothed.stl,True,0.5866489684352407,3.141592653589793,0.5321759619619248,3.1376178408811106,-0.002461302790570756,0.09908007565046548,True
771__s0_original,/Users/angadkumar16ak/Projects/Automated_Cardiovascular_Segmentation_for_Bioprinting_Project/outputs/topology_correction/case_outputs/771/mask__s0_original.nii.gz,ok,3.0,8,True,0,7,7806.619856452513,7014.64583621088,151.80000603199005,120.60000479221344,85.80000340938568,0.4242640855706679,0.6000000238418579,0.5900683850837606,/Users/angadkumar16ak/Projects/Automated_Cardiovascular_Segmentation_for_Bioprinting_Project/outputs/topology_correction/mesh_qc/s0_original/case_outputs/771__s0_original/segmentation_raw.stl,/Users/angadkumar16ak/Projects/Automated_Cardiovascular_Segmentation_for_Bioprinting_Project/outputs/topology_correction/mesh_qc/s0_original/case_outputs/771__s0_original/segmentation_repaired.stl,/Users/angadkumar16ak/Projects/Automated_Cardiovascular_Segmentation_for_Bioprinting_Project/outputs/topology_correction/mesh_qc/s0_original/case_outputs/771__s0_original/segmentation_smoothed.stl,True,0.5907957899200574,3.141592653589793,0.5404062568592828,3.1398647274914993,-0.0026403141677489974,0.11131641121948264,True
772__s0_original,/Users/angadkumar16ak/Projects/Automated_Cardiovascular_Segmentation_for_Bioprinting_Project/outputs/topology_correction/case_outputs/772/mask__s0_original.nii.gz,ok,3.0,6,False,16,5,8496.891230389578,not_watertight,108.00000429153442,94.80000376701355,86.70000344514847,0.4242640855706679,0.6000000238418579,0.5916286101011305,/Users/angadkumar16ak/Projects/Automated_Cardiovascular_Segmentation_for_Bioprinting_Project/outputs/topology_correction/mesh_qc/s0_original/case_outputs/772__s0_original/segmentation_raw.stl,/Users/angadkumar16ak/Projects/Automated_Cardiovascular_Segmentation_for_Bioprinting_Project/outputs/topology_correction/mesh_qc/s0_original/case_outputs/772__s0_original/segmentation_repaired.stl,/Users/angadkumar16ak/Projects/Automated_Cardiovascular_Segmentation_for_Bioprinting_Project/outputs/topology_correction/mesh_qc/s0_original/case_outputs/772__s0_original/segmentation_smoothed.stl,True,0.592306786121702,3.141592653589793,0.5433986035801814,3.1405412524691716,not_watertight,0.08622825125331761,False
773__s0_original,/Users/angadkumar16ak/Projects/Automated_Cardiovascular_Segmentation_for_Bioprinting_Project/outputs/topology_correction/case_outputs/773/mask__s0_original.nii.gz,ok,3.0,4,True,0,4,7258.539472960744,5942.898708448676,100.80000400543213,93.00000369548798,108.60000431537628,0.4242640855706679,0.6000000238418579,0.5913754300213796,/Users/angadkumar16ak/Projects/Automated_Cardiovascular_Segmentation_for_Bioprinting_Project/outputs/topology_correction/mesh_qc/s0_original/case_outputs/773__s0_original/segmentation_raw.stl,/Users/angadkumar16ak/Projects/Automated_Cardiovascular_Segmentation_for_Bioprinting_Project/outputs/topology_correction/mesh_qc/s0_original/case_outputs/773__s0_original/segmentation_repaired.stl,/Users/angadkumar16ak/Projects/Automated_Cardiovascular_Segmentation_for_Bioprinting_Project/outputs/topology_correction/mesh_qc/s0_original/case_outputs/773__s0_original/segmentation_smoothed.stl,True,0.5385796916300842,3.141592653589793,0.4751030687168512,3.1372826720667253,-0.002933659957451831,0.05774924201890494,True
774__s0_original,/Users/angadkumar16ak/Projects/Automated_Cardiovascular_Segmentation_for_Bioprinting_Project/outputs/topology_correction/case_outputs/774/mask__s0_original.nii.gz,ok,3.0,14,True,0,13,7312.28776914144,6117.804729299096,112.20000445842743,84.00000333786011,100.20000398159027,0.4242640855706679,0.6000000238418579,0.5894019321785147,/Users/angadkumar16ak/Projects/Automated_Cardiovascular_Segmentation_for_Bioprinting_Project/outputs/topology_correction/mesh_qc/s0_original/case_outputs/774__s0_original/segmentation_raw.stl,/Users/angadkumar16ak/Projects/Automated_Cardiovascular_Segmentation_for_Bioprinting_Project/outputs/topology_correction/mesh_qc/s0_original/case_outputs/774__s0_original/segmentation_repaired.stl,/Users/angadkumar16ak/Projects/Automated_Cardiovascular_Segmentation_for_Bioprinting_Project/outputs/topology_correction/mesh_qc/s0_original/case_outputs/774__s0_original/segmentation_smoothed.stl,True,0.57577532188334,3.141592653589793,0.516208894837003,3.140388164250779,-0.003286892103457223,0.0732425596784811,True
775__s0_original,/Users/angadkumar16ak/Projects/Automated_Cardiovascular_Segmentation_for_Bioprinting_Project/outputs/topology_correction/case_outputs/775/mask__s0_original.nii.gz,ok,3.0,14,True,0,13,6349.337142456212,5305.788632499242,111.00000441074371,102.6000040769577,87.0000034570694,0.4242640855706679,0.6000000238418579,0.5911856549850469,/Users/angadkumar16ak/Projects/Automated_Cardiovascular_Segmentation_for_Bioprinting_Project/outputs/topology_correction/mesh_qc/s0_original/case_outputs/775__s0_original/segmentation_raw.stl,/Users/angadkumar16ak/Projects/Automated_Cardiovascular_Segmentation_for_Bioprinting_Project/outputs/topology_correction/mesh_qc/s0_original/case_outputs/775__s0_original/segmentation_repaired.stl,/Users/angadkumar16ak/Projects/Automated_Cardiovascular_Segmentation_for_Bioprinting_Project/outputs/topology_correction/mesh_qc/s0_original/case_outputs/775__s0_original/segmentation_smoothed.stl,True,0.6087618867404228,3.141592653589793,0.5600855177105839,3.137434213444673,-0.0031625095714965094,0.07665881037031119,True
776__s0_original,/Users/angadkumar16ak/Projects/Automated_Cardiovascular_Segmentation_for_Bioprinting_Project/outputs/topology_correction/case_outputs/776/mask__s0_original.nii.gz,ok,3.0,9,True,0,8,8924.20455599025,7036.362838799745,109.20000433921814,93.00000369548798,88.20000350475311,0.4242640855706679,0.6000000238418579,0.589560663773455,/Users/angadkumar16ak/Projects/Automated_Cardiovascular_Segmentation_for_Bioprinting_Project/outputs/topology_correction/mesh_qc/s0_original/case_outputs/776__s0_original/segmentation_raw.stl,/Users/angadkumar16ak/Projects/Automated_Cardiovascular_Segmentation_for_Bioprinting_Project/outputs/topology_correction/mesh_qc/s0_original/case_outputs/776__s0_original/segmentation_repaired.stl,/Users/angadkumar16ak/Projects/Automated_Cardiovascular_Segmentation_for_Bioprinting_Project/outputs/topology_correction/mesh_qc/s0_original/case_outputs/776__s0_original/segmentation_smoothed.stl,True,0.5703259144315193,3.141592653589793,0.5155598367686111,3.1381123284594703,-0.003442416698042898,0.05194141177178261,True
777__s0_original,/Users/angadkumar16ak/Projects/Automated_Cardiovascular_Segmentation_for_Bioprinting_Project/outputs/topology_correction/case_outputs/777/mask__s0_original.nii.gz,ok,3.0,9,True,0,9,7289.7579894146165,5592.924666728522,105.00000417232513,91.2000036239624,91.80000364780426,0.4242640855706679,0.6000000238418579,0.588880116732951,/Users/angadkumar16ak/Projects/Automated_Cardiovascular_Segmentation_for_Bioprinting_Project/outputs/topology_correction/mesh_qc/s0_original/case_outputs/777__s0_original/segmentation_raw.stl,/Users/angadkumar16ak/Projects/Automated_Cardiovascular_Segmentation_for_Bioprinting_Project/outputs/topology_correction/mesh_qc/s0_original/case_outputs/777__s0_original/segmentation_repaired.stl,/Users/angadkumar16ak/Projects/Automated_Cardiovascular_Segmentation_for_Bioprinting_Project/outputs/topology_correction/mesh_qc/s0_original/case_outputs/777__s0_original/segmentation_smoothed.stl,True,0.5815263414529123,3.141592653589793,0.5233597336865713,3.138832582810821,-0.003798689563547803,0.044036558652466196,True
778__s0_original,/Users/angadkumar16ak/Projects/Automated_Cardiovascular_Segmentation_for_Bioprinting_Project/outputs/topology_correction/case_outputs/778/mask__s0_original.nii.gz,ok,3.0,12,True,0,10,7306.161107200811,5784.021689509061,98.4000039100647,85.20000338554382,100.20000398159027,0.4242640855706679,0.6000000238418579,0.5887881577313686,/Users/angadkumar16ak/Projects/Automated_Cardiovascular_Segmentation_for_Bioprinting_Project/outputs/topology_correction/mesh_qc/s0_original/case_outputs/778__s0_original/segmentation_raw.stl,/Users/angadkumar16ak/Projects/Automated_Cardiovascular_Segmentation_for_Bioprinting_Project/outputs/topology_correction/mesh_qc/s0_original/case_outputs/778__s0_original/segmentation_repaired.stl,/Users/angadkumar16ak/Projects/Automated_Cardiovascular_Segmentation_for_Bioprinting_Project/outputs/topology_correction/mesh_qc/s0_original/case_outputs/778__s0_original/segmentation_smoothed.stl,True,0.5600400399259123,3.141592653589793,0.5033461625489595,3.1362513126210305,-0.0034264616911488526,0.05158410770469013,True
779__s0_original,/Users/angadkumar16ak/Projects/Automated_Cardiovascular_Segmentation_for_Bioprinting_Project/outputs/topology_correction/case_outputs/779/mask__s0_original.nii.gz,ok,3.0,11,True,0,9,9228.532183656862,7402.014882388867,143.40000569820404,105.60000419616699,99.00000393390656,0.4242640855706679,0.6000000238418579,0.5894097221063841,/Users/angadkumar16ak/Projects/Automated_Cardiovascular_Segmentation_for_Bioprinting_Project/outputs/topology_correction/mesh_qc/s0_original/case_outputs/779__s0_original/segmentation_raw.stl,/Users/angadkumar16ak/Projects/Automated_Cardiovascular_Segmentation_for_Bioprinting_Project/outputs/topology_correction/mesh_qc/s0_original/case_outputs/779__s0_original/segmentation_repaired.stl,/Users/angadkumar16ak/Projects/Automated_Cardiovascular_Segmentation_for_Bioprinting_Project/outputs/topology_correction/mesh_qc/s0_original/case_outputs/779__s0_original/segmentation_smoothed.stl,True,0.5820679499343077,3.141592653589793,0.5302617200659332,3.1366927713209147,-0.0031850556572150567,0.05175521414470861,True
780__s0_original,/Users/angadkumar16ak/Projects/Automated_Cardiovascular_Segmentation_for_Bioprinting_Project/outputs/topology_correction/case_outputs/780/mask__s0_original.nii.gz,ok,3.0,11,True,0,11,10415.290613326344,8802.18104930167,109.80000436306,109.80000436306,86.40000343322754,0.4242640855706679,0.6000000238418579,0.590904023075258,/Users/angadkumar16ak/Projects/Automated_Cardiovascular_Segmentation_for_Bioprinting_Project/outputs/topology_correction/mesh_qc/s0_original/case_outputs/780__s0_original/segmentation_raw.stl,/Users/angadkumar16ak/Projects/Automated_Cardiovascular_Segmentation_for_Bioprinting_Project/outputs/topology_correction/mesh_qc/s0_original/case_outputs/780__s0_original/segmentation_repaired.stl,/Users/angadkumar16ak/Projects/Automated_Cardiovascular_Segmentation_for_Bioprinting_Project/outputs/topology_correction/mesh_qc/s0_original/case_outputs/780__s0_original/segmentation_smoothed.stl,True,0.5935330966065188,3.141592653589793,0.5443931291849418,3.137898364326735,-0.003021458732432055,0.0785537060679787,True
781__s0_original,/Users/angadkumar16ak/Projects/Automated_Cardiovascular_Segmentation_for_Bioprinting_Project/outputs/topology_correction/case_outputs/781/mask__s0_original.nii.gz,ok,3.0,7,True,0,5,7082.721008801129,5563.998663280275,105.00000417232513,106.80000424385071,75.00000298023224,0.4242640855706679,0.6000000238418579,0.5902920380525333,/Users/angadkumar16ak/Projects/Automated_Cardiovascular_Segmentation_for_Bioprinting_Project/outputs/topology_correction/mesh_qc/s0_original/case_outputs/781__s0_original/segmentation_raw.stl,/Users/angadkumar16ak/Projects/Automated_Cardiovascular_Segmentation_for_Bioprinting_Project/outputs/topology_correction/mesh_qc/s0_original/case_outputs/781__s0_original/segmentation_repaired.stl,/Users/angadkumar16ak/Projects/Automated_Cardiovascular_Segmentation_for_Bioprinting_Project/outputs/topology_correction/mesh_qc/s0_original/case_outputs/781__s0_original/segmentation_smoothed.stl,True,0.5827974344409379,3.141592653589793,0.530724129104161,3.1403256164877678,-0.0033955934144876375,0.04791421074647298,True
782__s0_original,/Users/angadkumar16ak/Projects/Automated_Cardiovascular_Segmentation_for_Bioprinting_Project/outputs/topology_correction/case_outputs/782/mask__s0_original.nii.gz,ok,3.0,15,True,0,13,10149.669651683484,8986.456071268962,117.00000464916229,83.40000331401825,92.40000367164612,0.4242640855706679,0.6000000238418579,0.5916761480439408,/Users/angadkumar16ak/Projects/Automated_Cardiovascular_Segmentation_for_Bioprinting_Project/outputs/topology_correction/mesh_qc/s0_original/case_outputs/782__s0_original/segmentation_raw.stl,/Users/angadkumar16ak/Projects/Automated_Cardiovascular_Segmentation_for_Bioprinting_Project/outputs/topology_correction/mesh_qc/s0_original/case_outputs/782__s0_original/segmentation_repaired.stl,/Users/angadkumar16ak/Projects/Automated_Cardiovascular_Segmentation_for_Bioprinting_Project/outputs/topology_correction/mesh_qc/s0_original/case_outputs/782__s0_original/segmentation_smoothed.stl,True,0.5808040851061579,3.141592653589793,0.529290246846667,3.1402222037636527,-0.002905803820715582,0.10861139994328387,True
783__s0_original,/Users/angadkumar16ak/Projects/Automated_Cardiovascular_Segmentation_for_Bioprinting_Project/outputs/topology_correction/case_outputs/783/mask__s0_original.nii.gz,ok,3.0,6,True,0,6,6767.012692243576,5532.732659553076,102.00000405311584,87.60000348091125,82.20000326633453,0.4242640855706679,0.6000000238418579,0.5912679712654504,/Users/angadkumar16ak/Projects/Automated_Cardiovascular_Segmentation_for_Bioprinting_Project/outputs/topology_correction/mesh_qc/s0_original/case_outputs/783__s0_original/segmentation_raw.stl,/Users/angadkumar16ak/Projects/Automated_Cardiovascular_Segmentation_for_Bioprinting_Project/outputs/topology_correction/mesh_qc/s0_original/case_outputs/783__s0_original/segmentation_repaired.stl,/Users/angadkumar16ak/Projects/Automated_Cardiovascular_Segmentation_for_Bioprinting_Project/outputs/topology_correction/mesh_qc/s0_original/case_outputs/783__s0_original/segmentation_smoothed.stl,True,0.5977107398389934,3.141592653589793,0.54854366667617,3.1384238344986333,-0.003312690279589545,0.07343313296833723,True
784__s0_original,/Users/angadkumar16ak/Projects/Automated_Cardiovascular_Segmentation_for_Bioprinting_Project/outputs/topology_correction/case_outputs/784/mask__s0_original.nii.gz,ok,3.0,9,True,0,8,6854.4138997349655,5419.494646054055,93.60000371932983,91.2000036239624,87.0000034570694,0.4242640855706679,0.6000000238418579,0.588948975522494,/Users/angadkumar16ak/Projects/Automated_Cardiovascular_Segmentation_for_Bioprinting_Project/outputs/topology_correction/mesh_qc/s0_original/case_outputs/784__s0_original/segmentation_raw.stl,/Users/angadkumar16ak/Projects/Automated_Cardiovascular_Segmentation_for_Bioprinting_Project/outputs/topology_correction/mesh_qc/s0_original/case_outputs/784__s0_original/segmentation_repaired.stl,/Users/angadkumar16ak/Projects/Automated_Cardiovascular_Segmentation_for_Bioprinting_Project/outputs/topology_correction/mesh_qc/s0_original/case_outputs/784__s0_original/segmentation_smoothed.stl,True,0.5864510695265056,3.141592653589793,0.5304786644960489,3.1394355805781107,-0.003409490933915062,0.05194957261621326,True
785__s0_original,/Users/angadkumar16ak/Projects/Automated_Cardiovascular_Segmentation_for_Bioprinting_Project/outputs/topology_correction/case_outputs/785/mask__s0_original.nii.gz,ok,3.0,3,True,0,3,4945.454832938545,4325.283515613933,97.80000388622284,88.80000352859497,72.00000286102295,0.4242640855706679,0.6000000238418579,0.5894810125914729,/Users/angadkumar16ak/Projects/Automated_Cardiovascular_Segmentation_for_Bioprinting_Project/outputs/topology_correction/mesh_qc/s0_original/case_outputs/785__s0_original/segmentation_raw.stl,/Users/angadkumar16ak/Projects/Automated_Cardiovascular_Segmentation_for_Bioprinting_Project/outputs/topology_correction/mesh_qc/s0_original/case_outputs/785__s0_original/segmentation_repaired.stl,/Users/angadkumar16ak/Projects/Automated_Cardiovascular_Segmentation_for_Bioprinting_Project/outputs/topology_correction/mesh_qc/s0_original/case_outputs/785__s0_original/segmentation_smoothed.stl,True,0.5908497604926,3.141592653589793,0.5297133838866447,3.1379196120507205,-0.002686879384442762,0.08546588732256005,True
786__s0_original,/Users/angadkumar16ak/Projects/Automated_Cardiovascular_Segmentation_for_Bioprinting_Project/outputs/topology_correction/case_outputs/786/mask__s0_original.nii.gz,ok,3.0,5,False,78,5,7341.039662039588,not_watertight,108.00000429153442,85.20000338554382,83.70000332593918,0.4242640855706679,0.6000000238418579,0.5912943885995082,/Users/angadkumar16ak/Projects/Automated_Cardiovascular_Segmentation_for_Bioprinting_Project/outputs/topology_correction/mesh_qc/s0_original/case_outputs/786__s0_original/segmentation_raw.stl,/Users/angadkumar16ak/Projects/Automated_Cardiovascular_Segmentation_for_Bioprinting_Project/outputs/topology_correction/mesh_qc/s0_original/case_outputs/786__s0_original/segmentation_repaired.stl,/Users/angadkumar16ak/Projects/Automated_Cardiovascular_Segmentation_for_Bioprinting_Project/outputs/topology_correction/mesh_qc/s0_original/case_outputs/786__s0_original/segmentation_smoothed.stl,True,0.5817115327635627,3.141592653589793,0.5259259978022608,3.141387771220899,not_watertight,0.08475308026966889,False
787__s0_original,/Users/angadkumar16ak/Projects/Automated_Cardiovascular_Segmentation_for_Bioprinting_Project/outputs/topology_correction/case_outputs/787/mask__s0_original.nii.gz,ok,3.0,6,True,0,6,6811.900164476872,6184.719737275988,91.2000036239624,96.00000381469727,77.40000307559967,0.4242640855706679,0.6000000238418579,0.5932081841316208,/Users/angadkumar16ak/Projects/Automated_Cardiovascular_Segmentation_for_Bioprinting_Project/outputs/topology_correction/mesh_qc/s0_original/case_outputs/787__s0_original/segmentation_raw.stl,/Users/angadkumar16ak/Projects/Automated_Cardiovascular_Segmentation_for_Bioprinting_Project/outputs/topology_correction/mesh_qc/s0_original/case_outputs/787__s0_original/segmentation_repaired.stl,/Users/angadkumar16ak/Projects/Automated_Cardiovascular_Segmentation_for_Bioprinting_Project/outputs/topology_correction/mesh_qc/s0_original/case_outputs/787__s0_original/segmentation_smoothed.stl,True,0.569869310423647,3.141592653589793,0.5156000775703387,3.140856219364903,-0.0026973524755895904,0.12350939894841748,True
788__s0_original,/Users/angadkumar16ak/Projects/Automated_Cardiovascular_Segmentation_for_Bioprinting_Project/outputs/topology_correction/case_outputs/788/mask__s0_original.nii.gz,ok,3.0,13,True,0,13,10129.583075276594,8353.413995804463,108.60000431537628,85.80000340938568,112.80000448226929,0.4242640855706679,0.6000000238418579,0.5899900076735896,/Users/angadkumar16ak/Projects/Automated_Cardiovascular_Segmentation_for_Bioprinting_Project/outputs/topology_correction/mesh_qc/s0_original/case_outputs/788__s0_original/segmentation_raw.stl,/Users/angadkumar16ak/Projects/Automated_Cardiovascular_Segmentation_for_Bioprinting_Project/outputs/topology_correction/mesh_qc/s0_original/case_outputs/788__s0_original/segmentation_repaired.stl,/Users/angadkumar16ak/Projects/Automated_Cardiovascular_Segmentation_for_Bioprinting_Project/outputs/topology_correction/mesh_qc/s0_original/case_outputs/788__s0_original/segmentation_smoothed.stl,True,0.5574376350429463,3.141592653589793,0.4993650196482389,3.1368537645954486,-0.003194283604779419,0.06979222163026105,True
789__s0_original,/Users/angadkumar16ak/Projects/Automated_Cardiovascular_Segmentation_for_Bioprinting_Project/outputs/topology_correction/case_outputs/789/mask__s0_original.nii.gz,ok,3.0,8,True,0,7,8370.444147142613,7235.811862575923,130.80000519752502,89.40000355243683,100.80000400543213,0.4242640855706679,0.6000000238418579,0.5908438165927478,/Users/angadkumar16ak/Projects/Automated_Cardiovascular_Segmentation_for_Bioprinting_Project/outputs/topology_correction/mesh_qc/s0_original/case_outputs/789__s0_original/segmentation_raw.stl,/Users/angadkumar16ak/Projects/Automated_Cardiovascular_Segmentation_for_Bioprinting_Project/outputs/topology_correction/mesh_qc/s0_original/case_outputs/789__s0_original/segmentation_repaired.stl,/Users/angadkumar16ak/Projects/Automated_Cardiovascular_Segmentation_for_Bioprinting_Project/outputs/topology_correction/mesh_qc/s0_original/case_outputs/789__s0_original/segmentation_smoothed.stl,True,0.5678426050395317,3.141592653589793,0.5096572510654468,3.1403978097190843,-0.0028366159916716985,0.08842858819387396,True
790__s0_original,/Users/angadkumar16ak/Projects/Automated_Cardiovascular_Segmentation_for_Bioprinting_Project/outputs/topology_correction/case_outputs/790/mask__s0_original.nii.gz,ok,3.0,5,True,0,5,8104.890321080877,6455.268769527946,103.80000412464142,77.40000307559967,117.00000464916229,0.4242640855706679,0.6000000238418579,0.5895675186009341,/Users/angadkumar16ak/Projects/Automated_Cardiovascular_Segmentation_for_Bioprinting_Project/outputs/topology_correction/mesh_qc/s0_original/case_outputs/790__s0_original/segmentation_raw.stl,/Users/angadkumar16ak/Projects/Automated_Cardiovascular_Segmentation_for_Bioprinting_Project/outputs/topology_correction/mesh_qc/s0_original/case_outputs/790__s0_original/segmentation_repaired.stl,/Users/angadkumar16ak/Projects/Automated_Cardiovascular_Segmentation_for_Bioprinting_Project/outputs/topology_correction/mesh_qc/s0_original/case_outputs/790__s0_original/segmentation_smoothed.stl,True,0.5562935402236299,3.141592653589793,0.4900471479125126,3.137350670027598,-0.0034452167949825386,0.05424907343632129,True
791__s0_original,/Users/angadkumar16ak/Projects/Automated_Cardiovascular_Segmentation_for_Bioprinting_Project/outputs/topology_correction/case_outputs/791/mask__s0_original.nii.gz,ok,3.0,8,True,0,8,11043.307895968068,9073.00908158688,115.80000460147858,90.60000360012054,88.80000352859497,0.4242640855706679,0.6000000238418579,0.5916906197509656,/Users/angadkumar16ak/Projects/Automated_Cardiovascular_Segmentation_for_Bioprinting_Project/outputs/topology_correction/mesh_qc/s0_original/case_outputs/791__s0_original/segmentation_raw.stl,/Users/angadkumar16ak/Projects/Automated_Cardiovascular_Segmentation_for_Bioprinting_Project/outputs/topology_correction/mesh_qc/s0_original/case_outputs/791__s0_original/segmentation_repaired.stl,/Users/angadkumar16ak/Projects/Automated_Cardiovascular_Segmentation_for_Bioprinting_Project/outputs/topology_correction/mesh_qc/s0_original/case_outputs/791__s0_original/segmentation_smoothed.stl,True,0.5937420872704973,3.141592653589793,0.5425024424402594,3.1370045458557425,-0.0030367576219829423,0.06708100656557396,True
792__s0_original,/Users/angadkumar16ak/Projects/Automated_Cardiovascular_Segmentation_for_Bioprinting_Project/outputs/topology_correction/case_outputs/792/mask__s0_original.nii.gz,ok,3.0,11,True,0,11,6349.252089067063,5509.296656759286,115.20000457763672,94.80000376701355,85.80000340938568,0.4242640855706679,0.6000000238418579,0.5895098959259192,/Users/angadkumar16ak/Projects/Automated_Cardiovascular_Segmentation_for_Bioprinting_Project/outputs/topology_correction/mesh_qc/s0_original/case_outputs/792__s0_original/segmentation_raw.stl,/Users/angadkumar16ak/Projects/Automated_Cardiovascular_Segmentation_for_Bioprinting_Project/outputs/topology_correction/mesh_qc/s0_original/case_outputs/792__s0_original/segmentation_repaired.stl,/Users/angadkumar16ak/Projects/Automated_Cardiovascular_Segmentation_for_Bioprinting_Project/outputs/topology_correction/mesh_qc/s0_original/case_outputs/792__s0_original/segmentation_smoothed.stl,True,0.5777730071663316,3.141592653589793,0.5181587303503798,3.1332677787289156,-0.0030570061123808847,0.10242193215509607,True
793__s0_original,/Users/angadkumar16ak/Projects/Automated_Cardiovascular_Segmentation_for_Bioprinting_Project/outputs/topology_correction/case_outputs/793/mask__s0_original.nii.gz,ok,3.0,9,True,0,9,5559.879799048849,4478.499533878704,98.4000039100647,79.8000031709671,82.80000329017639,0.4242640855706679,0.6000000238418579,0.5911250770087282,/Users/angadkumar16ak/Projects/Automated_Cardiovascular_Segmentation_for_Bioprinting_Project/outputs/topology_correction/mesh_qc/s0_original/case_outputs/793__s0_original/segmentation_raw.stl,/Users/angadkumar16ak/Projects/Automated_Cardiovascular_Segmentation_for_Bioprinting_Project/outputs/topology_correction/mesh_qc/s0_original/case_outputs/793__s0_original/segmentation_repaired.stl,/Users/angadkumar16ak/Projects/Automated_Cardiovascular_Segmentation_for_Bioprinting_Project/outputs/topology_correction/mesh_qc/s0_original/case_outputs/793__s0_original/segmentation_smoothed.stl,True,0.5932008653193502,3.141592653589793,0.5417865243437237,3.1383883011634626,-0.0036423045948593418,0.0704564785937057,True
794__s0_original,/Users/angadkumar16ak/Projects/Automated_Cardiovascular_Segmentation_for_Bioprinting_Project/outputs/topology_correction/case_outputs/794/mask__s0_original.nii.gz,ok,3.0,5,True,0,5,11526.170024886933,10933.939303427032,136.20000541210175,103.80000412464142,98.4000039100647,0.4242640855706679,0.6000000238418579,0.5921594766530964,/Users/angadkumar16ak/Projects/Automated_Cardiovascular_Segmentation_for_Bioprinting_Project/outputs/topology_correction/mesh_qc/s0_original/case_outputs/794__s0_original/segmentation_raw.stl,/Users/angadkumar16ak/Projects/Automated_Cardiovascular_Segmentation_for_Bioprinting_Project/outputs/topology_correction/mesh_qc/s0_original/case_outputs/794__s0_original/segmentation_repaired.stl,/Users/angadkumar16ak/Projects/Automated_Cardiovascular_Segmentation_for_Bioprinting_Project/outputs/topology_correction/mesh_qc/s0_original/case_outputs/794__s0_original/segmentation_smoothed.stl,True,0.5871524883075369,3.141592653589793,0.5326005909927193,3.140144715649869,-0.0020432761936316113,0.12688398177357169,True
795__s0_original,/Users/angadkumar16ak/Projects/Automated_Cardiovascular_Segmentation_for_Bioprinting_Project/outputs/topology_correction/case_outputs/795/mask__s0_original.nii.gz,ok,3.0,6,True,0,5,6717.4199020005435,5456.637650481846,115.20000457763672,87.60000348091125,90.00000357627869,0.4242640855706679,0.6000000238418579,0.5907897940368828,/Users/angadkumar16ak/Projects/Automated_Cardiovascular_Segmentation_for_Bioprinting_Project/outputs/topology_correction/mesh_qc/s0_original/case_outputs/795__s0_original/segmentation_raw.stl,/Users/angadkumar16ak/Projects/Automated_Cardiovascular_Segmentation_for_Bioprinting_Project/outputs/topology_correction/mesh_qc/s0_original/case_outputs/795__s0_original/segmentation_repaired.stl,/Users/angadkumar16ak/Projects/Automated_Cardiovascular_Segmentation_for_Bioprinting_Project/outputs/topology_correction/mesh_qc/s0_original/case_outputs/795__s0_original/segmentation_smoothed.stl,True,0.5857864082850573,3.141592653589793,0.5317405095267762,3.1402327180332454,-0.0034795376530328747,0.06779529393492273,True
796__s0_original,/Users/angadkumar16ak/Projects/Automated_Cardiovascular_Segmentation_for_Bioprinting_Project/outputs/topology_correction/case_outputs/796/mask__s0_original.nii.gz,ok,3.0,12,True,0,11,7833.641576342937,6720.597801157625,127.80000507831573,111.60000443458557,94.80000376701355,0.4242640855706679,0.6000000238418579,0.5891282868740362,/Users/angadkumar16ak/Projects/Automated_Cardiovascular_Segmentation_for_Bioprinting_Project/outputs/topology_correction/mesh_qc/s0_original/case_outputs/796__s0_original/segmentation_raw.stl,/Users/angadkumar16ak/Projects/Automated_Cardiovascular_Segmentation_for_Bioprinting_Project/outputs/topology_correction/mesh_qc/s0_original/case_outputs/796__s0_original/segmentation_repaired.stl,/Users/angadkumar16ak/Projects/Automated_Cardiovascular_Segmentation_for_Bioprinting_Project/outputs/topology_correction/mesh_qc/s0_original/case_outputs/796__s0_original/segmentation_smoothed.stl,True,0.578319268386789,3.141592653589793,0.5225748424466651,3.13988895555556,-0.0031883326291324747,0.09460994698308509,True
797__s0_original,/Users/angadkumar16ak/Projects/Automated_Cardiovascular_Segmentation_for_Bioprinting_Project/outputs/topology_correction/case_outputs/797/mask__s0_original.nii.gz,ok,3.0,12,True,0,10,8188.330969221008,6125.985730274348,99.00000393390656,83.40000331401825,87.0000034570694,0.4242640855706679,0.6000000238418579,0.5894327274421853,/Users/angadkumar16ak/Projects/Automated_Cardiovascular_Segmentation_for_Bioprinting_Project/outputs/topology_correction/mesh_qc/s0_original/case_outputs/797__s0_original/segmentation_raw.stl,/Users/angadkumar16ak/Projects/Automated_Cardiovascular_Segmentation_for_Bioprinting_Project/outputs/topology_correction/mesh_qc/s0_original/case_outputs/797__s0_original/segmentation_repaired.stl,/Users/angadkumar16ak/Projects/Automated_Cardiovascular_Segmentation_for_Bioprinting_Project/outputs/topology_correction/mesh_qc/s0_original/case_outputs/797__s0_original/segmentation_smoothed.stl,True,0.5766558477831628,3.141592653589793,0.5232008517087953,3.141592653589793,-0.004215437993692153,0.0361167591411931,True
798__s0_original,/Users/angadkumar16ak/Projects/Automated_Cardiovascular_Segmentation_for_Bioprinting_Project/outputs/topology_correction/case_outputs/798/mask__s0_original.nii.gz,ok,3.0,44,False,26,39,11234.254350559511,not_watertight,169.20000672340393,148.80000591278076,116.70000463724136,0.4242640855706679,0.6000000238418579,0.5921304817250437,/Users/angadkumar16ak/Projects/Automated_Cardiovascular_Segmentation_for_Bioprinting_Project/outputs/topology_correction/mesh_qc/s0_original/case_outputs/798__s0_original/segmentation_raw.stl,/Users/angadkumar16ak/Projects/Automated_Cardiovascular_Segmentation_for_Bioprinting_Project/outputs/topology_correction/mesh_qc/s0_original/case_outputs/798__s0_original/segmentation_repaired.stl,/Users/angadkumar16ak/Projects/Automated_Cardiovascular_Segmentation_for_Bioprinting_Project/outputs/topology_correction/mesh_qc/s0_original/case_outputs/798__s0_original/segmentation_smoothed.stl,True,0.5990264090582882,3.141592653589793,0.5482721987511725,3.141592653589793,not_watertight,0.0904078398107016,False
799__s0_original,/Users/angadkumar16ak/Projects/Automated_Cardiovascular_Segmentation_for_Bioprinting_Project/outputs/topology_correction/case_outputs/799/mask__s0_original.nii.gz,ok,3.0,10,True,0,8,9605.605349475158,8051.121959768454,126.00000500679016,111.00000441074371,97.20000386238098,0.4242640855706679,0.6000000238418579,0.591349569816779,/Users/angadkumar16ak/Projects/Automated_Cardiovascular_Segmentation_for_Bioprinting_Project/outputs/topology_correction/mesh_qc/s0_original/case_outputs/799__s0_original/segmentation_raw.stl,/Users/angadkumar16ak/Projects/Automated_Cardiovascular_Segmentation_for_Bioprinting_Project/outputs/topology_correction/mesh_qc/s0_original/case_outputs/799__s0_original/segmentation_repaired.stl,/Users/angadkumar16ak/Projects/Automated_Cardiovascular_Segmentation_for_Bioprinting_Project/outputs/topology_correction/mesh_qc/s0_original/case_outputs/799__s0_original/segmentation_smoothed.stl,True,0.5809262339250194,3.141592653589793,0.5189343908809028,3.140643384542307,-0.002910400683643722,0.07438430133017253,True
800__s0_original,/Users/angadkumar16ak/Projects/Automated_Cardiovascular_Segmentation_for_Bioprinting_Project/outputs/topology_correction/case_outputs/800/mask__s0_original.nii.gz,ok,3.0,6,True,0,6,10822.987053657915,9645.328149812623,148.2000058889389,133.8000053167343,96.60000383853912,0.4242640855706679,0.6000000238418579,0.5922104321840589,/Users/angadkumar16ak/Projects/Automated_Cardiovascular_Segmentation_for_Bioprinting_Project/outputs/topology_correction/mesh_qc/s0_original/case_outputs/800__s0_original/segmentation_raw.stl,/Users/angadkumar16ak/Projects/Automated_Cardiovascular_Segmentation_for_Bioprinting_Project/outputs/topology_correction/mesh_qc/s0_original/case_outputs/800__s0_original/segmentation_repaired.stl,/Users/angadkumar16ak/Projects/Automated_Cardiovascular_Segmentation_for_Bioprinting_Project/outputs/topology_correction/mesh_qc/s0_original/case_outputs/800__s0_original/segmentation_smoothed.stl,True,0.5826519698305418,3.141592653589793,0.5249202611169514,3.140979063656132,-0.0023010009724347674,0.09699814863792647,True
801__s0_original,/Users/angadkumar16ak/Projects/Automated_Cardiovascular_Segmentation_for_Bioprinting_Project/outputs/topology_correction/case_outputs/801/mask__s0_original.nii.gz,ok,3.0,13,True,0,10,10384.268909184359,8303.994989913264,121.80000483989716,96.00000381469727,78.60000312328339,0.4242640855706679,0.6000000238418579,0.5922436090642923,/Users/angadkumar16ak/Projects/Automated_Cardiovascular_Segmentation_for_Bioprinting_Project/outputs/topology_correction/mesh_qc/s0_original/case_outputs/801__s0_original/segmentation_raw.stl,/Users/angadkumar16ak/Projects/Automated_Cardiovascular_Segmentation_for_Bioprinting_Project/outputs/topology_correction/mesh_qc/s0_original/case_outputs/801__s0_original/segmentation_repaired.stl,/Users/angadkumar16ak/Projects/Automated_Cardiovascular_Segmentation_for_Bioprinting_Project/outputs/topology_correction/mesh_qc/s0_original/case_outputs/801__s0_original/segmentation_smoothed.stl,True,0.5945200960404189,3.141592653589793,0.5491994325722891,3.141467045811688,-0.0031014387277318164,0.056657657198225304,True
802__s0_original,/Users/angadkumar16ak/Projects/Automated_Cardiovascular_Segmentation_for_Bioprinting_Project/outputs/topology_correction/case_outputs/802/mask__s0_original.nii.gz,ok,3.0,7,True,0,6,6932.07855055207,5972.454711972026,122.40000486373901,106.80000424385071,87.60000348091125,0.4242640855706679,0.6000000238418579,0.5897664425952663,/Users/angadkumar16ak/Projects/Automated_Cardiovascular_Segmentation_for_Bioprinting_Project/outputs/topology_correction/mesh_qc/s0_original/case_outputs/802__s0_original/segmentation_raw.stl,/Users/angadkumar16ak/Projects/Automated_Cardiovascular_Segmentation_for_Bioprinting_Project/outputs/topology_correction/mesh_qc/s0_original/case_outputs/802__s0_original/segmentation_repaired.stl,/Users/angadkumar16ak/Projects/Automated_Cardiovascular_Segmentation_for_Bioprinting_Project/outputs/topology_correction/mesh_qc/s0_original/case_outputs/802__s0_original/segmentation_smoothed.stl,True,0.5764403950479082,3.141592653589793,0.5161434280244314,3.1408410468600856,-0.00270231577873989,0.07855747024338249,True
803__s0_original,/Users/angadkumar16ak/Projects/Automated_Cardiovascular_Segmentation_for_Bioprinting_Project/outputs/topology_correction/case_outputs/803/mask__s0_original.nii.gz,ok,3.0,30,True,0,29,8837.503711342832,6913.971824209603,172.20000684261322,153.60000610351562,111.60000443458557,0.4242640855706679,0.6000000238418579,0.5906374678562724,/Users/angadkumar16ak/Projects/Automated_Cardiovascular_Segmentation_for_Bioprinting_Project/outputs/topology_correction/mesh_qc/s0_original/case_outputs/803__s0_original/segmentation_raw.stl,/Users/angadkumar16ak/Projects/Automated_Cardiovascular_Segmentation_for_Bioprinting_Project/outputs/topology_correction/mesh_qc/s0_original/case_outputs/803__s0_original/segmentation_repaired.stl,/Users/angadkumar16ak/Projects/Automated_Cardiovascular_Segmentation_for_Bioprinting_Project/outputs/topology_correction/mesh_qc/s0_original/case_outputs/803__s0_original/segmentation_smoothed.stl,True,0.5716267155156405,3.141592653589793,0.5123631305518948,3.1398869519060733,-0.004365694254681951,0.05539777065200794,True
804__s0_original,/Users/angadkumar16ak/Projects/Automated_Cardiovascular_Segmentation_for_Bioprinting_Project/outputs/topology_correction/case_outputs/804/mask__s0_original.nii.gz,ok,3.0,9,True,0,9,6556.402803403058,5849.37069729927,105.60000419616699,95.40000379085541,87.0000034570694,0.4242640855706679,0.6000000238418579,0.5898662080482175,/Users/angadkumar16ak/Projects/Automated_Cardiovascular_Segmentation_for_Bioprinting_Project/outputs/topology_correction/mesh_qc/s0_original/case_outputs/804__s0_original/segmentation_raw.stl,/Users/angadkumar16ak/Projects/Automated_Cardiovascular_Segmentation_for_Bioprinting_Project/outputs/topology_correction/mesh_qc/s0_original/case_outputs/804__s0_original/segmentation_repaired.stl,/Users/angadkumar16ak/Projects/Automated_Cardiovascular_Segmentation_for_Bioprinting_Project/outputs/topology_correction/mesh_qc/s0_original/case_outputs/804__s0_original/segmentation_smoothed.stl,True,0.5829093488997817,3.141592653589793,0.5264574751821335,3.138392747632334,-0.002597964729308045,0.09902284863235133,True
805__s0_original,/Users/angadkumar16ak/Projects/Automated_Cardiovascular_Segmentation_for_Bioprinting_Project/outputs/topology_correction/case_outputs/805/mask__s0_original.nii.gz,ok,3.0,11,True,0,9,9144.57849753107,6867.48681866816,105.00000417232513,91.2000036239624,93.00000369548798,0.4242640855706679,0.6000000238418579,0.5903338024336585,/Users/angadkumar16ak/Projects/Automated_Cardiovascular_Segmentation_for_Bioprinting_Project/outputs/topology_correction/mesh_qc/s0_original/case_outputs/805__s0_original/segmentation_raw.stl,/Users/angadkumar16ak/Projects/Automated_Cardiovascular_Segmentation_for_Bioprinting_Project/outputs/topology_correction/mesh_qc/s0_original/case_outputs/805__s0_original/segmentation_repaired.stl,/Users/angadkumar16ak/Projects/Automated_Cardiovascular_Segmentation_for_Bioprinting_Project/outputs/topology_correction/mesh_qc/s0_original/case_outputs/805__s0_original/segmentation_smoothed.stl,True,0.5939546141957456,3.141592653589793,0.5436665812000333,3.137635480176872,-0.003952419817999801,0.0384946765954828,True
806__s0_original,/Users/angadkumar16ak/Projects/Automated_Cardiovascular_Segmentation_for_Bioprinting_Project/outputs/topology_correction/case_outputs/806/mask__s0_original.nii.gz,ok,3.0,15,True,0,14,8669.96377458623,7236.702862682138,111.60000443458557,96.00000381469727,90.60000360012054,0.4242640855706679,0.6000000238418579,0.5900998615993089,/Users/angadkumar16ak/Projects/Automated_Cardiovascular_Segmentation_for_Bioprinting_Project/outputs/topology_correction/mesh_qc/s0_original/case_outputs/806__s0_original/segmentation_raw.stl,/Users/angadkumar16ak/Projects/Automated_Cardiovascular_Segmentation_for_Bioprinting_Project/outputs/topology_correction/mesh_qc/s0_original/case_outputs/806__s0_original/segmentation_repaired.stl,/Users/angadkumar16ak/Projects/Automated_Cardiovascular_Segmentation_for_Bioprinting_Project/outputs/topology_correction/mesh_qc/s0_original/case_outputs/806__s0_original/segmentation_smoothed.stl,True,0.5798125374631907,3.141592653589793,0.5225070392993055,3.140519465924766,-0.0031545301410284866,0.08107316501669498,True
807__s0_original,/Users/angadkumar16ak/Projects/Automated_Cardiovascular_Segmentation_for_Bioprinting_Project/outputs/topology_correction/case_outputs/807/mask__s0_original.nii.gz,ok,3.0,6,True,0,6,9180.43296122121,8274.582986407077,129.6000051498413,116.40000462532043,93.60000371932983,0.4242640855706679,0.6000000238418579,0.5910854849911396,/Users/angadkumar16ak/Projects/Automated_Cardiovascular_Segmentation_for_Bioprinting_Project/outputs/topology_correction/mesh_qc/s0_original/case_outputs/807__s0_original/segmentation_raw.stl,/Users/angadkumar16ak/Projects/Automated_Cardiovascular_Segmentation_for_Bioprinting_Project/outputs/topology_correction/mesh_qc/s0_original/case_outputs/807__s0_original/segmentation_repaired.stl,/Users/angadkumar16ak/Projects/Automated_Cardiovascular_Segmentation_for_Bioprinting_Project/outputs/topology_correction/mesh_qc/s0_original/case_outputs/807__s0_original/segmentation_smoothed.stl,True,0.5834712377027593,3.141592653589793,0.5259086561752419,3.137927648019386,-0.0024604376067549703,0.11242649135872217,True
808__s0_original,/Users/angadkumar16ak/Projects/Automated_Cardiovascular_Segmentation_for_Bioprinting_Project/outputs/topology_correction/case_outputs/808/mask__s0_original.nii.gz,ok,3.0,31,False,30,30,8569.702039769747,not_watertight,207.3000082373619,138.60000550746918,115.20000457763672,0.4242640855706679,0.6000000238418579,0.5905349830293756,/Users/angadkumar16ak/Projects/Automated_Cardiovascular_Segmentation_for_Bioprinting_Project/outputs/topology_correction/mesh_qc/s0_original/case_outputs/808__s0_original/segmentation_raw.stl,/Users/angadkumar16ak/Projects/Automated_Cardiovascular_Segmentation_for_Bioprinting_Project/outputs/topology_correction/mesh_qc/s0_original/case_outputs/808__s0_original/segmentation_repaired.stl,/Users/angadkumar16ak/Projects/Automated_Cardiovascular_Segmentation_for_Bioprinting_Project/outputs/topology_correction/mesh_qc/s0_original/case_outputs/808__s0_original/segmentation_smoothed.stl,True,0.6196200823080463,3.141592653589793,0.566780050736336,3.141592653589793,not_watertight,0.10987419418964586,False
809__s0_original,/Users/angadkumar16ak/Projects/Automated_Cardiovascular_Segmentation_for_Bioprinting_Project/outputs/topology_correction/case_outputs/809/mask__s0_original.nii.gz,ok,3.0,10,True,0,8,2190.269541540114,1981.7642362446884,78.00000309944153,63.00000250339508,61.800002455711365,0.4242640855706679,0.6000000238418579,0.5899314866389369,/Users/angadkumar16ak/Projects/Automated_Cardiovascular_Segmentation_for_Bioprinting_Project/outputs/topology_correction/mesh_qc/s0_original/case_outputs/809__s0_original/segmentation_raw.stl,/Users/angadkumar16ak/Projects/Automated_Cardiovascular_Segmentation_for_Bioprinting_Project/outputs/topology_correction/mesh_qc/s0_original/case_outputs/809__s0_original/segmentation_repaired.stl,/Users/angadkumar16ak/Projects/Automated_Cardiovascular_Segmentation_for_Bioprinting_Project/outputs/topology_correction/mesh_qc/s0_original/case_outputs/809__s0_original/segmentation_smoothed.stl,True,0.5998919167605637,3.141592653589793,0.5404697493445987,3.1389289472354243,-0.003533522223113091,0.13284765373901863,True
810__s0_original,/Users/angadkumar16ak/Projects/Automated_Cardiovascular_Segmentation_for_Bioprinting_Project/outputs/topology_correction/case_outputs/810/mask__s0_original.nii.gz,ok,3.0,17,True,0,14,8099.232576147478,6714.099800383003,124.20000493526459,104.40000414848328,111.00000441074371,0.4242640855706679,0.6000000238418579,0.5904936185138709,/Users/angadkumar16ak/Projects/Automated_Cardiovascular_Segmentation_for_Bioprinting_Project/outputs/topology_correction/mesh_qc/s0_original/case_outputs/810__s0_original/segmentation_raw.stl,/Users/angadkumar16ak/Projects/Automated_Cardiovascular_Segmentation_for_Bioprinting_Project/outputs/topology_correction/mesh_qc/s0_original/case_outputs/810__s0_original/segmentation_repaired.stl,/Users/angadkumar16ak/Projects/Automated_Cardiovascular_Segmentation_for_Bioprinting_Project/outputs/topology_correction/mesh_qc/s0_original/case_outputs/810__s0_original/segmentation_smoothed.stl,True,0.5862259977070768,3.141592653589793,0.5312638417672961,3.1391316982260906,-0.003400380456577304,0.0768866733972741,True
811__s0_original,/Users/angadkumar16ak/Projects/Automated_Cardiovascular_Segmentation_for_Bioprinting_Project/outputs/topology_correction/case_outputs/811/mask__s0_original.nii.gz,ok,3.0,6,True,0,5,7316.1462287401155,6720.597801157625,106.20000422000885,91.2000036239624,78.60000312328339,0.4242640855706679,0.6000000238418579,0.5895016552547742,/Users/angadkumar16ak/Projects/Automated_Cardiovascular_Segmentation_for_Bioprinting_Project/outputs/topology_correction/mesh_qc/s0_original/case_outputs/811__s0_original/segmentation_raw.stl,/Users/angadkumar16ak/Projects/Automated_Cardiovascular_Segmentation_for_Bioprinting_Project/outputs/topology_correction/mesh_qc/s0_original/case_outputs/811__s0_original/segmentation_repaired.stl,/Users/angadkumar16ak/Projects/Automated_Cardiovascular_Segmentation_for_Bioprinting_Project/outputs/topology_correction/mesh_qc/s0_original/case_outputs/811__s0_original/segmentation_smoothed.stl,True,0.5597848441730641,3.141592653589793,0.49907936399009345,3.140925915510116,-0.0026259328588856107,0.11504144782636208,True
812__s0_original,/Users/angadkumar16ak/Projects/Automated_Cardiovascular_Segmentation_for_Bioprinting_Project/outputs/topology_correction/case_outputs/812/mask__s0_original.nii.gz,ok,3.0,13,True,0,13,10622.666737755992,10266.697223885587,172.20000684261322,130.20000517368317,80.40000319480896,0.4242640855706679,0.6000000238418579,0.5914610056942067,/Users/angadkumar16ak/Projects/Automated_Cardiovascular_Segmentation_for_Bioprinting_Project/outputs/topology_correction/mesh_qc/s0_original/case_outputs/812__s0_original/segmentation_raw.stl,/Users/angadkumar16ak/Projects/Automated_Cardiovascular_Segmentation_for_Bioprinting_Project/outputs/topology_correction/mesh_qc/s0_original/case_outputs/812__s0_original/segmentation_repaired.stl,/Users/angadkumar16ak/Projects/Automated_Cardiovascular_Segmentation_for_Bioprinting_Project/outputs/topology_correction/mesh_qc/s0_original/case_outputs/812__s0_original/segmentation_smoothed.stl,True,0.5962095010271747,3.141592653589793,0.5434006139392361,3.140417658534707,-0.0024454945587312547,0.1492961250596065,True
813__s0_original,/Users/angadkumar16ak/Projects/Automated_Cardiovascular_Segmentation_for_Bioprinting_Project/outputs/topology_correction/case_outputs/813/mask__s0_original.nii.gz,ok,3.0,9,True,0,8,6194.1695683025655,5119.533610295915,110.40000438690186,89.40000355243683,88.20000350475311,0.4242640855706679,0.6000000238418579,0.5899458063914558,/Users/angadkumar16ak/Projects/Automated_Cardiovascular_Segmentation_for_Bioprinting_Project/outputs/topology_correction/mesh_qc/s0_original/case_outputs/813__s0_original/segmentation_raw.stl,/Users/angadkumar16ak/Projects/Automated_Cardiovascular_Segmentation_for_Bioprinting_Project/outputs/topology_correction/mesh_qc/s0_original/case_outputs/813__s0_original/segmentation_repaired.stl,/Users/angadkumar16ak/Projects/Automated_Cardiovascular_Segmentation_for_Bioprinting_Project/outputs/topology_correction/mesh_qc/s0_original/case_outputs/813__s0_original/segmentation_smoothed.stl,True,0.582969356690019,3.141592653589793,0.5233059416058325,3.139166834229,-0.003155939548979282,0.06989158321608872,True
814__s0_original,/Users/angadkumar16ak/Projects/Automated_Cardiovascular_Segmentation_for_Bioprinting_Project/outputs/topology_correction/case_outputs/814/mask__s0_original.nii.gz,ok,3.0,8,True,0,6,10263.08026380371,9358.363115603732,160.20000636577606,117.60000467300415,88.20000350475311,0.4242640855706679,0.6000000238418579,0.5918639473594097,/Users/angadkumar16ak/Projects/Automated_Cardiovascular_Segmentation_for_Bioprinting_Project/outputs/topology_correction/mesh_qc/s0_original/case_outputs/814__s0_original/segmentation_raw.stl,/Users/angadkumar16ak/Projects/Automated_Cardiovascular_Segmentation_for_Bioprinting_Project/outputs/topology_correction/mesh_qc/s0_original/case_outputs/814__s0_original/segmentation_repaired.stl,/Users/angadkumar16ak/Projects/Automated_Cardiovascular_Segmentation_for_Bioprinting_Project/outputs/topology_correction/mesh_qc/s0_original/case_outputs/814__s0_original/segmentation_smoothed.stl,True,0.6105123786170562,3.141592653589793,0.5545818246281833,3.1398470576467705,-0.0024204580468350227,0.11128783059165683,True
815__s0_original,/Users/angadkumar16ak/Projects/Automated_Cardiovascular_Segmentation_for_Bioprinting_Project/outputs/topology_correction/case_outputs/815/mask__s0_original.nii.gz,ok,3.0,14,True,0,14,10478.108799789825,9470.476128968641,111.00000441074371,83.40000331401825,105.60000419616699,0.4242640855706679,0.6000000238418579,0.5907021994643037,/Users/angadkumar16ak/Projects/Automated_Cardiovascular_Segmentation_for_Bioprinting_Project/outputs/topology_correction/mesh_qc/s0_original/case_outputs/815__s0_original/segmentation_raw.stl,/Users/angadkumar16ak/Projects/Automated_Cardiovascular_Segmentation_for_Bioprinting_Project/outputs/topology_correction/mesh_qc/s0_original/case_outputs/815__s0_original/segmentation_repaired.stl,/Users/angadkumar16ak/Projects/Automated_Cardiovascular_Segmentation_for_Bioprinting_Project/outputs/topology_correction/mesh_qc/s0_original/case_outputs/815__s0_original/segmentation_smoothed.stl,True,0.5694377761344519,3.141592653589793,0.5124953882571918,3.140983334633808,-0.0027031371806636203,0.10609019687072081,True
816__s0_original,/Users/angadkumar16ak/Projects/Automated_Cardiovascular_Segmentation_for_Bioprinting_Project/outputs/topology_correction/case_outputs/816/mask__s0_original.nii.gz,ok,3.0,6,True,0,6,5973.46085921737,4847.175577828311,118.20000469684601,88.20000350475311,97.80000388622284,0.4242640855706679,0.6000000238418579,0.5920004116562967,/Users/angadkumar16ak/Projects/Automated_Cardiovascular_Segmentation_for_Bioprinting_Project/outputs/topology_correction/mesh_qc/s0_original/case_outputs/816__s0_original/segmentation_raw.stl,/Users/angadkumar16ak/Projects/Automated_Cardiovascular_Segmentation_for_Bioprinting_Project/outputs/topology_correction/mesh_qc/s0_original/case_outputs/816__s0_original/segmentation_repaired.stl,/Users/angadkumar16ak/Projects/Automated_Cardiovascular_Segmentation_for_Bioprinting_Project/outputs/topology_correction/mesh_qc/s0_original/case_outputs/816__s0_original/segmentation_smoothed.stl,True,0.5481985853327742,3.141592653589793,0.48612223008864464,3.141592653589793,-0.003067404911815764,0.05949466689980766,True
817__s0_original,/Users/angadkumar16ak/Projects/Automated_Cardiovascular_Segmentation_for_Bioprinting_Project/outputs/topology_correction/case_outputs/817/mask__s0_original.nii.gz,ok,3.0,14,True,0,14,8695.442850145046,7146.378851914677,133.20000529289246,80.40000319480896,81.60000324249268,0.4242640855706679,0.6000000238418579,0.591875234227691,/Users/angadkumar16ak/Projects/Automated_Cardiovascular_Segmentation_for_Bioprinting_Project/outputs/topology_correction/mesh_qc/s0_original/case_outputs/817__s0_original/segmentation_raw.stl,/Users/angadkumar16ak/Projects/Automated_Cardiovascular_Segmentation_for_Bioprinting_Project/outputs/topology_correction/mesh_qc/s0_original/case_outputs/817__s0_original/segmentation_repaired.stl,/Users/angadkumar16ak/Projects/Automated_Cardiovascular_Segmentation_for_Bioprinting_Project/outputs/topology_correction/mesh_qc/s0_original/case_outputs/817__s0_original/segmentation_smoothed.stl,True,0.5656611045037415,3.141592653589793,0.5067702919094249,3.141408982376549,-0.0030906559500109634,0.06261493741472385,True
818__s0_original,/Users/angadkumar16ak/Projects/Automated_Cardiovascular_Segmentation_for_Bioprinting_Project/outputs/topology_correction/case_outputs/818/mask__s0_original.nii.gz,ok,3.0,10,True,0,10,7274.1230276526085,6808.815811674031,143.40000569820404,128.4000051021576,89.40000355243683,0.4242640855706679,0.6000000238418579,0.588297274353456,/Users/angadkumar16ak/Projects/Automated_Cardiovascular_Segmentation_for_Bioprinting_Project/outputs/topology_correction/mesh_qc/s0_original/case_outputs/818__s0_original/segmentation_raw.stl,/Users/angadkumar16ak/Projects/Automated_Cardiovascular_Segmentation_for_Bioprinting_Project/outputs/topology_correction/mesh_qc/s0_original/case_outputs/818__s0_original/segmentation_repaired.stl,/Users/angadkumar16ak/Projects/Automated_Cardiovascular_Segmentation_for_Bioprinting_Project/outputs/topology_correction/mesh_qc/s0_original/case_outputs/818__s0_original/segmentation_smoothed.stl,True,0.5843558114493222,3.141592653589793,0.5234405815208454,3.138313518200147,-0.002356662080223235,0.12507807620237352,True
819__s0_original,/Users/angadkumar16ak/Projects/Automated_Cardiovascular_Segmentation_for_Bioprinting_Project/outputs/topology_correction/case_outputs/819/mask__s0_original.nii.gz,ok,3.0,9,True,0,8,9477.482308265982,9388.459119191457,128.4000051021576,112.80000448226929,84.00000333786011,0.4242640855706679,0.6000000238418579,0.5907841354351293,/Users/angadkumar16ak/Projects/Automated_Cardiovascular_Segmentation_for_Bioprinting_Project/outputs/topology_correction/mesh_qc/s0_original/case_outputs/819__s0_original/segmentation_raw.stl,/Users/angadkumar16ak/Projects/Automated_Cardiovascular_Segmentation_for_Bioprinting_Project/outputs/topology_correction/mesh_qc/s0_original/case_outputs/819__s0_original/segmentation_repaired.stl,/Users/angadkumar16ak/Projects/Automated_Cardiovascular_Segmentation_for_Bioprinting_Project/outputs/topology_correction/mesh_qc/s0_original/case_outputs/819__s0_original/segmentation_smoothed.stl,True,0.6043240342948081,3.141592653589793,0.5414849064693872,3.1409195621912542,-0.002081220553723166,0.15323514059414928,True
820__s0_original,/Users/angadkumar16ak/Projects/Automated_Cardiovascular_Segmentation_for_Bioprinting_Project/outputs/topology_correction/case_outputs/820/mask__s0_original.nii.gz,ok,3.0,13,True,0,13,7645.99556785129,6676.740795929464,127.80000507831573,92.40000367164612,84.00000333786011,0.4242640855706679,0.6000000238418579,0.5918427437196798,/Users/angadkumar16ak/Projects/Automated_Cardiovascular_Segmentation_for_Bioprinting_Project/outputs/topology_correction/mesh_qc/s0_original/case_outputs/820__s0_original/segmentation_raw.stl,/Users/angadkumar16ak/Projects/Automated_Cardiovascular_Segmentation_for_Bioprinting_Project/outputs/topology_correction/mesh_qc/s0_original/case_outputs/820__s0_original/segmentation_repaired.stl,/Users/angadkumar16ak/Projects/Automated_Cardiovascular_Segmentation_for_Bioprinting_Project/outputs/topology_correction/mesh_qc/s0_original/case_outputs/820__s0_original/segmentation_smoothed.stl,True,0.6082495825428585,3.141592653589793,0.5593138467987389,3.14081065340128,-0.0031335521862425517,0.09827728688576695,True
821__s0_original,/Users/angadkumar16ak/Projects/Automated_Cardiovascular_Segmentation_for_Bioprinting_Project/outputs/topology_correction/case_outputs/821/mask__s0_original.nii.gz,ok,3.0,6,False,6,6,6026.90190636012,not_watertight,96.60000383853912,126.00000500679016,130.5000051856041,0.4242640855706679,0.6000000238418579,0.5921448994085905,/Users/angadkumar16ak/Projects/Automated_Cardiovascular_Segmentation_for_Bioprinting_Project/outputs/topology_correction/mesh_qc/s0_original/case_outputs/821__s0_original/segmentation_raw.stl,/Users/angadkumar16ak/Projects/Automated_Cardiovascular_Segmentation_for_Bioprinting_Project/outputs/topology_correction/mesh_qc/s0_original/case_outputs/821__s0_original/segmentation_repaired.stl,/Users/angadkumar16ak/Projects/Automated_Cardiovascular_Segmentation_for_Bioprinting_Project/outputs/topology_correction/mesh_qc/s0_original/case_outputs/821__s0_original/segmentation_smoothed.stl,True,0.5871106749646949,3.141592653589793,0.5306935292280142,3.1399186520811933,not_watertight,0.12501966955153423,False
822__s0_original,/Users/angadkumar16ak/Projects/Automated_Cardiovascular_Segmentation_for_Bioprinting_Project/outputs/topology_correction/case_outputs/822/mask__s0_original.nii.gz,ok,3.0,20,True,0,16,10616.562639704229,-9678.637153783367,171.9000068306923,132.00000524520874,109.20000433921814,0.4242640855706679,0.6000000238418579,0.5901299486660937,/Users/angadkumar16ak/Projects/Automated_Cardiovascular_Segmentation_for_Bioprinting_Project/outputs/topology_correction/mesh_qc/s0_original/case_outputs/822__s0_original/segmentation_raw.stl,/Users/angadkumar16ak/Projects/Automated_Cardiovascular_Segmentation_for_Bioprinting_Project/outputs/topology_correction/mesh_qc/s0_original/case_outputs/822__s0_original/segmentation_repaired.stl,/Users/angadkumar16ak/Projects/Automated_Cardiovascular_Segmentation_for_Bioprinting_Project/outputs/topology_correction/mesh_qc/s0_original/case_outputs/822__s0_original/segmentation_smoothed.stl,True,0.5832731433819937,3.141592653589793,0.5246914847448682,3.1398239143752,-0.002661696168813867,0.11531535488404779,True
823__s0_original,/Users/angadkumar16ak/Projects/Automated_Cardiovascular_Segmentation_for_Bioprinting_Project/outputs/topology_correction/case_outputs/823/mask__s0_original.nii.gz,ok,3.0,9,True,0,9,7800.303524064484,6601.644786977323,104.40000414848328,95.40000379085541,79.8000031709671,0.4242640855706679,0.6000000238418579,0.5909436965276511,/Users/angadkumar16ak/Projects/Automated_Cardiovascular_Segmentation_for_Bioprinting_Project/outputs/topology_correction/mesh_qc/s0_original/case_outputs/823__s0_original/segmentation_raw.stl,/Users/angadkumar16ak/Projects/Automated_Cardiovascular_Segmentation_for_Bioprinting_Project/outputs/topology_correction/mesh_qc/s0_original/case_outputs/823__s0_original/segmentation_repaired.stl,/Users/angadkumar16ak/Projects/Automated_Cardiovascular_Segmentation_for_Bioprinting_Project/outputs/topology_correction/mesh_qc/s0_original/case_outputs/823__s0_original/segmentation_smoothed.stl,True,0.5953645115466667,3.141592653589793,0.538656380321194,3.134242021829489,-0.002844856240898788,0.07789913266945069,True
824__s0_original,/Users/angadkumar16ak/Projects/Automated_Cardiovascular_Segmentation_for_Bioprinting_Project/outputs/topology_correction/case_outputs/824/mask__s0_original.nii.gz,ok,3.0,7,True,0,6,6374.907966586595,5263.76762748995,109.80000436306,92.40000367164612,97.80000388622284,0.4242640855706679,0.6000000238418579,0.5893270399299282,/Users/angadkumar16ak/Projects/Automated_Cardiovascular_Segmentation_for_Bioprinting_Project/outputs/topology_correction/mesh_qc/s0_original/case_outputs/824__s0_original/segmentation_raw.stl,/Users/angadkumar16ak/Projects/Automated_Cardiovascular_Segmentation_for_Bioprinting_Project/outputs/topology_correction/mesh_qc/s0_original/case_outputs/824__s0_original/segmentation_repaired.stl,/Users/angadkumar16ak/Projects/Automated_Cardiovascular_Segmentation_for_Bioprinting_Project/outputs/topology_correction/mesh_qc/s0_original/case_outputs/824__s0_original/segmentation_smoothed.stl,True,0.5740304052531761,3.141592653589793,0.5204184451080739,3.139409687214509,-0.0031624869423738447,0.06796311953939686,True
825__s0_original,/Users/angadkumar16ak/Projects/Automated_Cardiovascular_Segmentation_for_Bioprinting_Project/outputs/topology_correction/case_outputs/825/mask__s0_original.nii.gz,ok,3.0,8,True,0,7,7108.154694316472,6272.010747681886,106.80000424385071,118.20000469684601,78.60000312328339,0.4242640855706679,0.6000000238418579,0.5912347693218708,/Users/angadkumar16ak/Projects/Automated_Cardiovascular_Segmentation_for_Bioprinting_Project/outputs/topology_correction/mesh_qc/s0_original/case_outputs/825__s0_original/segmentation_raw.stl,/Users/angadkumar16ak/Projects/Automated_Cardiovascular_Segmentation_for_Bioprinting_Project/outputs/topology_correction/mesh_qc/s0_original/case_outputs/825__s0_original/segmentation_repaired.stl,/Users/angadkumar16ak/Projects/Automated_Cardiovascular_Segmentation_for_Bioprinting_Project/outputs/topology_correction/mesh_qc/s0_original/case_outputs/825__s0_original/segmentation_smoothed.stl,True,0.5773443380783684,3.141592653589793,0.519821013613789,3.1405488592344075,-0.002784613326579636,0.09526873708808886,True
826__s0_original,/Users/angadkumar16ak/Projects/Automated_Cardiovascular_Segmentation_for_Bioprinting_Project/outputs/topology_correction/case_outputs/826/mask__s0_original.nii.gz,ok,3.0,8,True,0,8,12318.16623685179,10863.721295056397,150.00000596046448,111.00000441074371,83.40000331401825,0.4242640855706679,0.6000000238418579,0.5926605797093389,/Users/angadkumar16ak/Projects/Automated_Cardiovascular_Segmentation_for_Bioprinting_Project/outputs/topology_correction/mesh_qc/s0_original/case_outputs/826__s0_original/segmentation_raw.stl,/Users/angadkumar16ak/Projects/Automated_Cardiovascular_Segmentation_for_Bioprinting_Project/outputs/topology_correction/mesh_qc/s0_original/case_outputs/826__s0_original/segmentation_repaired.stl,/Users/angadkumar16ak/Projects/Automated_Cardiovascular_Segmentation_for_Bioprinting_Project/outputs/topology_correction/mesh_qc/s0_original/case_outputs/826__s0_original/segmentation_smoothed.stl,True,0.5835515223897735,3.141592653589793,0.5308149072936093,3.140586951774176,-0.0028043327904634795,0.11338453420882921,True
827__s0_original,/Users/angadkumar16ak/Projects/Automated_Cardiovascular_Segmentation_for_Bioprinting_Project/outputs/topology_correction/case_outputs/827/mask__s0_original.nii.gz,ok,3.0,10,True,0,10,8985.145546319123,7415.784884030378,143.40000569820404,119.40000474452972,105.00000417232513,0.4242640855706679,0.6000000238418579,0.5897959890244173,/Users/angadkumar16ak/Projects/Automated_Cardiovascular_Segmentation_for_Bioprinting_Project/outputs/topology_correction/mesh_qc/s0_original/case_outputs/827__s0_original/segmentation_raw.stl,/Users/angadkumar16ak/Projects/Automated_Cardiovascular_Segmentation_for_Bioprinting_Project/outputs/topology_correction/mesh_qc/s0_original/case_outputs/827__s0_original/segmentation_repaired.stl,/Users/angadkumar16ak/Projects/Automated_Cardiovascular_Segmentation_for_Bioprinting_Project/outputs/topology_correction/mesh_qc/s0_original/case_outputs/827__s0_original/segmentation_smoothed.stl,True,0.5659751034682967,3.141592653589793,0.5053639140622804,3.141592653589793,-0.0032832023501406372,0.06856751042797554,True
828__s0_original,/Users/angadkumar16ak/Projects/Automated_Cardiovascular_Segmentation_for_Bioprinting_Project/outputs/topology_correction/case_outputs/828/mask__s0_original.nii.gz,ok,3.0,12,True,0,11,10679.112489028568,9480.4481301574,123.60000491142273,102.00000405311584,87.60000348091125,0.4242640855706679,0.6000000238418579,0.5918466199208017,/Users/angadkumar16ak/Projects/Automated_Cardiovascular_Segmentation_for_Bioprinting_Project/outputs/topology_correction/mesh_qc/s0_original/case_outputs/828__s0_original/segmentation_raw.stl,/Users/angadkumar16ak/Projects/Automated_Cardiovascular_Segmentation_for_Bioprinting_Project/outputs/topology_correction/mesh_qc/s0_original/case_outputs/828__s0_original/segmentation_repaired.stl,/Users/angadkumar16ak/Projects/Automated_Cardiovascular_Segmentation_for_Bioprinting_Project/outputs/topology_correction/mesh_qc/s0_original/case_outputs/828__s0_original/segmentation_smoothed.stl,True,0.594562883935132,3.141592653589793,0.5413348189349312,3.141592653589793,-0.002803645574731642,0.11112106819607492,True
829__s0_original,/Users/angadkumar16ak/Projects/Automated_Cardiovascular_Segmentation_for_Bioprinting_Project/outputs/topology_correction/case_outputs/829/mask__s0_original.nii.gz,ok,3.0,13,True,0,12,10332.141241234503,8784.595047205248,153.60000610351562,151.80000603199005,83.40000331401825,0.4242640855706679,0.6000000238418579,0.5903408197853925,/Users/angadkumar16ak/Projects/Automated_Cardiovascular_Segmentation_for_Bioprinting_Project/outputs/topology_correction/mesh_qc/s0_original/case_outputs/829__s0_original/segmentation_raw.stl,/Users/angadkumar16ak/Projects/Automated_Cardiovascular_Segmentation_for_Bioprinting_Project/outputs/topology_correction/mesh_qc/s0_original/case_outputs/829__s0_original/segmentation_repaired.stl,/Users/angadkumar16ak/Projects/Automated_Cardiovascular_Segmentation_for_Bioprinting_Project/outputs/topology_correction/mesh_qc/s0_original/case_outputs/829__s0_original/segmentation_smoothed.stl,True,0.5894278259147702,3.141592653589793,0.5360830724743241,3.140964372661008,-0.0029823926339524265,0.07981934985267836,True
830__s0_original,/Users/angadkumar16ak/Projects/Automated_Cardiovascular_Segmentation_for_Bioprinting_Project/outputs/topology_correction/case_outputs/830/mask__s0_original.nii.gz,ok,3.0,9,True,0,7,7399.400800010134,6052.0057214552435,111.60000443458557,111.60000443458557,85.80000340938568,0.4242640855706679,0.6000000238418579,0.5895810703206773,/Users/angadkumar16ak/Projects/Automated_Cardiovascular_Segmentation_for_Bioprinting_Project/outputs/topology_correction/mesh_qc/s0_original/case_outputs/830__s0_original/segmentation_raw.stl,/Users/angadkumar16ak/Projects/Automated_Cardiovascular_Segmentation_for_Bioprinting_Project/outputs/topology_correction/mesh_qc/s0_original/case_outputs/830__s0_original/segmentation_repaired.stl,/Users/angadkumar16ak/Projects/Automated_Cardiovascular_Segmentation_for_Bioprinting_Project/outputs/topology_correction/mesh_qc/s0_original/case_outputs/830__s0_original/segmentation_smoothed.stl,True,0.5736302118622528,3.141592653589793,0.5254525077221965,3.141055805877911,-0.0031360469978456746,0.056975766914133634,True
831__s0_original,/Users/angadkumar16ak/Projects/Automated_Cardiovascular_Segmentation_for_Bioprinting_Project/outputs/topology_correction/case_outputs/831/mask__s0_original.nii.gz,ok,3.0,8,True,0,7,9528.859319974357,9060.62508011059,115.80000460147858,97.80000388622284,103.80000412464142,0.4242640855706679,0.6000000238418579,0.5912278347474285,/Users/angadkumar16ak/Projects/Automated_Cardiovascular_Segmentation_for_Bioprinting_Project/outputs/topology_correction/mesh_qc/s0_original/case_outputs/831__s0_original/segmentation_raw.stl,/Users/angadkumar16ak/Projects/Automated_Cardiovascular_Segmentation_for_Bioprinting_Project/outputs/topology_correction/mesh_qc/s0_original/case_outputs/831__s0_original/segmentation_repaired.stl,/Users/angadkumar16ak/Projects/Automated_Cardiovascular_Segmentation_for_Bioprinting_Project/outputs/topology_correction/mesh_qc/s0_original/case_outputs/831__s0_original/segmentation_smoothed.stl,True,0.5777382605253116,3.141592653589793,0.5203642535557942,3.138159342784641,-0.00220412609730476,0.1350735397772661,True
832__s0_original,/Users/angadkumar16ak/Projects/Automated_Cardiovascular_Segmentation_for_Bioprinting_Project/outputs/topology_correction/case_outputs/832/mask__s0_original.nii.gz,ok,3.0,4,True,0,3,9942.52325982938,8880.724058664722,122.40000486373901,93.60000371932983,88.80000352859497,0.4242640855706679,0.6000000238418579,0.5912501790601269,/Users/angadkumar16ak/Projects/Automated_Cardiovascular_Segmentation_for_Bioprinting_Project/outputs/topology_correction/mesh_qc/s0_original/case_outputs/832__s0_original/segmentation_raw.stl,/Users/angadkumar16ak/Projects/Automated_Cardiovascular_Segmentation_for_Bioprinting_Project/outputs/topology_correction/mesh_qc/s0_original/case_outputs/832__s0_original/segmentation_repaired.stl,/Users/angadkumar16ak/Projects/Automated_Cardiovascular_Segmentation_for_Bioprinting_Project/outputs/topology_correction/mesh_qc/s0_original/case_outputs/832__s0_original/segmentation_smoothed.stl,True,0.5883712762088626,3.141592653589793,0.5316048537214307,3.1405554983742894,-0.0022266265782505527,0.09684986595174262,True
833__s0_original,/Users/angadkumar16ak/Projects/Automated_Cardiovascular_Segmentation_for_Bioprinting_Project/outputs/topology_correction/case_outputs/833/mask__s0_original.nii.gz,ok,3.0,6,True,0,6,8069.440035263662,7135.776850650819,116.40000462532043,90.00000357627869,82.20000326633453,0.4242640855706679,0.6000000238418579,0.5905434036353231,/Users/angadkumar16ak/Projects/Automated_Cardiovascular_Segmentation_for_Bioprinting_Project/outputs/topology_correction/mesh_qc/s0_original/case_outputs/833__s0_original/segmentation_raw.stl,/Users/angadkumar16ak/Projects/Automated_Cardiovascular_Segmentation_for_Bioprinting_Project/outputs/topology_correction/mesh_qc/s0_original/case_outputs/833__s0_original/segmentation_repaired.stl,/Users/angadkumar16ak/Projects/Automated_Cardiovascular_Segmentation_for_Bioprinting_Project/outputs/topology_correction/mesh_qc/s0_original/case_outputs/833__s0_original/segmentation_smoothed.stl,True,0.5863516076754652,3.141592653589793,0.531859751432789,3.1397537549998344,-0.002362658330759638,0.09232738857295977,True
834__s0_original,/Users/angadkumar16ak/Projects/Automated_Cardiovascular_Segmentation_for_Bioprinting_Project/outputs/topology_correction/case_outputs/834/mask__s0_original.nii.gz,ok,3.0,7,True,0,6,9763.582696434732,8352.32499567465,103.20000410079956,109.20000433921814,93.60000371932983,0.4242640855706679,0.6000000238418579,0.5902290851750777,/Users/angadkumar16ak/Projects/Automated_Cardiovascular_Segmentation_for_Bioprinting_Project/outputs/topology_correction/mesh_qc/s0_original/case_outputs/834__s0_original/segmentation_raw.stl,/Users/angadkumar16ak/Projects/Automated_Cardiovascular_Segmentation_for_Bioprinting_Project/outputs/topology_correction/mesh_qc/s0_original/case_outputs/834__s0_original/segmentation_repaired.stl,/Users/angadkumar16ak/Projects/Automated_Cardiovascular_Segmentation_for_Bioprinting_Project/outputs/topology_correction/mesh_qc/s0_original/case_outputs/834__s0_original/segmentation_smoothed.stl,True,0.5800513360316542,3.141592653589793,0.5259134997885522,3.140435765504565,-0.0029592271632377424,0.09694538252545515,True
835__s0_original,/Users/angadkumar16ak/Projects/Automated_Cardiovascular_Segmentation_for_Bioprinting_Project/outputs/topology_correction/case_outputs/835/mask__s0_original.nii.gz,ok,3.0,9,True,0,9,6915.442982717203,6149.358733060627,111.00000441074371,90.60000360012054,84.00000333786011,0.4242640855706679,0.6000000238418579,0.5911938954648386,/Users/angadkumar16ak/Projects/Automated_Cardiovascular_Segmentation_for_Bioprinting_Project/outputs/topology_correction/mesh_qc/s0_original/case_outputs/835__s0_original/segmentation_raw.stl,/Users/angadkumar16ak/Projects/Automated_Cardiovascular_Segmentation_for_Bioprinting_Project/outputs/topology_correction/mesh_qc/s0_original/case_outputs/835__s0_original/segmentation_repaired.stl,/Users/angadkumar16ak/Projects/Automated_Cardiovascular_Segmentation_for_Bioprinting_Project/outputs/topology_correction/mesh_qc/s0_original/case_outputs/835__s0_original/segmentation_smoothed.stl,True,0.5927352059860771,3.141592653589793,0.5285331356928761,3.140704962167576,-0.002861947150787787,0.10780283928016303,True
836__s0_original,/Users/angadkumar16ak/Projects/Automated_Cardiovascular_Segmentation_for_Bioprinting_Project/outputs/topology_correction/case_outputs/836/mask__s0_original.nii.gz,ok,3.0,10,True,0,8,6291.5318355405425,5355.5136384269235,109.20000433921814,87.0000034570694,99.00000393390656,0.4242640855706679,0.6000000238418579,0.5882072273969026,/Users/angadkumar16ak/Projects/Automated_Cardiovascular_Segmentation_for_Bioprinting_Project/outputs/topology_correction/mesh_qc/s0_original/case_outputs/836__s0_original/segmentation_raw.stl,/Users/angadkumar16ak/Projects/Automated_Cardiovascular_Segmentation_for_Bioprinting_Project/outputs/topology_correction/mesh_qc/s0_original/case_outputs/836__s0_original/segmentation_repaired.stl,/Users/angadkumar16ak/Projects/Automated_Cardiovascular_Segmentation_for_Bioprinting_Project/outputs/topology_correction/mesh_qc/s0_original/case_outputs/836__s0_original/segmentation_smoothed.stl,True,0.5818142419551503,3.141592653589793,0.5192000458313362,3.1391939047306865,-0.0033309319428673203,0.08533301655183337,True
837__s0_original,/Users/angadkumar16ak/Projects/Automated_Cardiovascular_Segmentation_for_Bioprinting_Project/outputs/topology_correction/case_outputs/837/mask__s0_original.nii.gz,ok,3.0,5,True,0,5,9143.21603446691,8390.41300021509,100.80000400543213,94.80000376701355,86.40000343322754,0.4242640855706679,0.6000000238418579,0.5894057563568551,/Users/angadkumar16ak/Projects/Automated_Cardiovascular_Segmentation_for_Bioprinting_Project/outputs/topology_correction/mesh_qc/s0_original/case_outputs/837__s0_original/segmentation_raw.stl,/Users/angadkumar16ak/Projects/Automated_Cardiovascular_Segmentation_for_Bioprinting_Project/outputs/topology_correction/mesh_qc/s0_original/case_outputs/837__s0_original/segmentation_repaired.stl,/Users/angadkumar16ak/Projects/Automated_Cardiovascular_Segmentation_for_Bioprinting_Project/outputs/topology_correction/mesh_qc/s0_original/case_outputs/837__s0_original/segmentation_smoothed.stl,True,0.587300232662355,3.141592653589793,0.5280041679907195,3.141066290926794,-0.0023775032467332246,0.11861142784745977,True
838__s0_original,/Users/angadkumar16ak/Projects/Automated_Cardiovascular_Segmentation_for_Bioprinting_Project/outputs/topology_correction/case_outputs/838/mask__s0_original.nii.gz,ok,3.0,9,True,0,9,7984.53024408728,6457.113769747883,97.80000388622284,76.20000302791595,97.20000386238098,0.4242640855706679,0.6000000238418579,0.5903687527848326,/Users/angadkumar16ak/Projects/Automated_Cardiovascular_Segmentation_for_Bioprinting_Project/outputs/topology_correction/mesh_qc/s0_original/case_outputs/838__s0_original/segmentation_raw.stl,/Users/angadkumar16ak/Projects/Automated_Cardiovascular_Segmentation_for_Bioprinting_Project/outputs/topology_correction/mesh_qc/s0_original/case_outputs/838__s0_original/segmentation_repaired.stl,/Users/angadkumar16ak/Projects/Automated_Cardiovascular_Segmentation_for_Bioprinting_Project/outputs/topology_correction/mesh_qc/s0_original/case_outputs/838__s0_original/segmentation_smoothed.stl,True,0.5622683467184731,3.141592653589793,0.5082453232703964,3.140032973023222,-0.0034196623869191243,0.07041468611703,True
839__s0_original,/Users/angadkumar16ak/Projects/Automated_Cardiovascular_Segmentation_for_Bioprinting_Project/outputs/topology_correction/case_outputs/839/mask__s0_original.nii.gz,ok,3.0,5,True,0,4,7404.36592459895,6100.920727286368,105.60000419616699,100.80000400543213,99.00000393390656,0.4242640855706679,0.6000000238418579,0.5894220154484748,/Users/angadkumar16ak/Projects/Automated_Cardiovascular_Segmentation_for_Bioprinting_Project/outputs/topology_correction/mesh_qc/s0_original/case_outputs/839__s0_original/segmentation_raw.stl,/Users/angadkumar16ak/Projects/Automated_Cardiovascular_Segmentation_for_Bioprinting_Project/outputs/topology_correction/mesh_qc/s0_original/case_outputs/839__s0_original/segmentation_repaired.stl,/Users/angadkumar16ak/Projects/Automated_Cardiovascular_Segmentation_for_Bioprinting_Project/outputs/topology_correction/mesh_qc/s0_original/case_outputs/839__s0_original/segmentation_smoothed.stl,True,0.5640633957693246,3.141592653589793,0.5078445115086232,3.132127741355147,-0.0030571647650780636,0.06273896419881822,True
840__s0_original,/Users/angadkumar16ak/Projects/Automated_Cardiovascular_Segmentation_for_Bioprinting_Project/outputs/topology_correction/case_outputs/840/mask__s0_original.nii.gz,ok,3.0,13,True,0,12,8642.155467221928,7155.540853006872,119.40000474452972,99.60000395774841,87.0000034570694,0.4242640855706679,0.6000000238418579,0.5921066574914814,/Users/angadkumar16ak/Projects/Automated_Cardiovascular_Segmentation_for_Bioprinting_Project/outputs/topology_correction/mesh_qc/s0_original/case_outputs/840__s0_original/segmentation_raw.stl,/Users/angadkumar16ak/Projects/Automated_Cardiovascular_Segmentation_for_Bioprinting_Project/outputs/topology_correction/mesh_qc/s0_original/case_outputs/840__s0_original/segmentation_repaired.stl,/Users/angadkumar16ak/Projects/Automated_Cardiovascular_Segmentation_for_Bioprinting_Project/outputs/topology_correction/mesh_qc/s0_original/case_outputs/840__s0_original/segmentation_smoothed.stl,True,0.5780166544100113,3.141592653589793,0.5233391344646069,3.141592653589793,-0.0031548551845649664,0.07345536401871927,True
841__s0_original,/Users/angadkumar16ak/Projects/Automated_Cardiovascular_Segmentation_for_Bioprinting_Project/outputs/topology_correction/case_outputs/841/mask__s0_original.nii.gz,ok,3.0,6,True,0,6,6073.2650825397295,5085.24360620823,93.00000369548798,87.0000034570694,82.80000329017639,0.4242640855706679,0.6000000238418579,0.5880937006653647,/Users/angadkumar16ak/Projects/Automated_Cardiovascular_Segmentation_for_Bioprinting_Project/outputs/topology_correction/mesh_qc/s0_original/case_outputs/841__s0_original/segmentation_raw.stl,/Users/angadkumar16ak/Projects/Automated_Cardiovascular_Segmentation_for_Bioprinting_Project/outputs/topology_correction/mesh_qc/s0_original/case_outputs/841__s0_original/segmentation_repaired.stl,/Users/angadkumar16ak/Projects/Automated_Cardiovascular_Segmentation_for_Bioprinting_Project/outputs/topology_correction/mesh_qc/s0_original/case_outputs/841__s0_original/segmentation_smoothed.stl,True,0.587036620351812,3.141592653589793,0.5317028233752192,3.1366891833573582,-0.002639844731786665,0.06842742103725956,True
842__s0_original,/Users/angadkumar16ak/Projects/Automated_Cardiovascular_Segmentation_for_Bioprinting_Project/outputs/topology_correction/case_outputs/842/mask__s0_original.nii.gz,ok,3.0,13,True,0,11,8433.22692508213,6698.2057984882895,108.00000429153442,99.00000393390656,96.00000381469727,0.4242640855706679,0.6000000238418579,0.5899470764521181,/Users/angadkumar16ak/Projects/Automated_Cardiovascular_Segmentation_for_Bioprinting_Project/outputs/topology_correction/mesh_qc/s0_original/case_outputs/842__s0_original/segmentation_raw.stl,/Users/angadkumar16ak/Projects/Automated_Cardiovascular_Segmentation_for_Bioprinting_Project/outputs/topology_correction/mesh_qc/s0_original/case_outputs/842__s0_original/segmentation_repaired.stl,/Users/angadkumar16ak/Projects/Automated_Cardiovascular_Segmentation_for_Bioprinting_Project/outputs/topology_correction/mesh_qc/s0_original/case_outputs/842__s0_original/segmentation_smoothed.stl,True,0.575024807029726,3.141592653589793,0.5209735850600314,3.1382478390193262,-0.0033729149761514902,0.05396694998262189,True
843__s0_original,/Users/angadkumar16ak/Projects/Automated_Cardiovascular_Segmentation_for_Bioprinting_Project/outputs/topology_correction/case_outputs/843/mask__s0_original.nii.gz,ok,3.0,18,True,0,13,6677.636828445,6082.596725101976,101.40000402927399,97.80000388622284,76.80000305175781,0.4242640855706679,0.6000000238418579,0.5908671202630617,/Users/angadkumar16ak/Projects/Automated_Cardiovascular_Segmentation_for_Bioprinting_Project/outputs/topology_correction/mesh_qc/s0_original/case_outputs/843__s0_original/segmentation_raw.stl,/Users/angadkumar16ak/Projects/Automated_Cardiovascular_Segmentation_for_Bioprinting_Project/outputs/topology_correction/mesh_qc/s0_original/case_outputs/843__s0_original/segmentation_repaired.stl,/Users/angadkumar16ak/Projects/Automated_Cardiovascular_Segmentation_for_Bioprinting_Project/outputs/topology_correction/mesh_qc/s0_original/case_outputs/843__s0_original/segmentation_smoothed.stl,True,0.5952501193231514,3.141592653589793,0.5376547001873124,3.140976415309039,-0.00306735246810773,0.11684136967155835,True
844__s0_original,/Users/angadkumar16ak/Projects/Automated_Cardiovascular_Segmentation_for_Bioprinting_Project/outputs/topology_correction/case_outputs/844/mask__s0_original.nii.gz,ok,3.0,12,True,0,12,7745.111704066477,7326.774873419558,156.60000622272491,141.0000056028366,88.80000352859497,0.4242640855706679,0.6000000238418579,0.5905015398120116,/Users/angadkumar16ak/Projects/Automated_Cardiovascular_Segmentation_for_Bioprinting_Project/outputs/topology_correction/mesh_qc/s0_original/case_outputs/844__s0_original/segmentation_raw.stl,/Users/angadkumar16ak/Projects/Automated_Cardiovascular_Segmentation_for_Bioprinting_Project/outputs/topology_correction/mesh_qc/s0_original/case_outputs/844__s0_original/segmentation_repaired.stl,/Users/angadkumar16ak/Projects/Automated_Cardiovascular_Segmentation_for_Bioprinting_Project/outputs/topology_correction/mesh_qc/s0_original/case_outputs/844__s0_original/segmentation_smoothed.stl,True,0.594635286566322,3.141592653589793,0.5404306397191116,3.1403791757515105,-0.002560609884443078,0.13995819543633514,True
845__s0_original,/Users/angadkumar16ak/Projects/Automated_Cardiovascular_Segmentation_for_Bioprinting_Project/outputs/topology_correction/case_outputs/845/mask__s0_original.nii.gz,ok,3.0,10,False,10,8,9063.943197992925,not_watertight,138.60000550746918,112.20000445842743,128.10000509023666,0.4242640855706679,0.6000000238418579,0.5891630710553565,/Users/angadkumar16ak/Projects/Automated_Cardiovascular_Segmentation_for_Bioprinting_Project/outputs/topology_correction/mesh_qc/s0_original/case_outputs/845__s0_original/segmentation_raw.stl,/Users/angadkumar16ak/Projects/Automated_Cardiovascular_Segmentation_for_Bioprinting_Project/outputs/topology_correction/mesh_qc/s0_original/case_outputs/845__s0_original/segmentation_repaired.stl,/Users/angadkumar16ak/Projects/Automated_Cardiovascular_Segmentation_for_Bioprinting_Project/outputs/topology_correction/mesh_qc/s0_original/case_outputs/845__s0_original/segmentation_smoothed.stl,True,0.5575824504103484,3.141592653589793,0.4936424004355868,3.138286508261833,not_watertight,0.061769132800741,False
846__s0_original,/Users/angadkumar16ak/Projects/Automated_Cardiovascular_Segmentation_for_Bioprinting_Project/outputs/topology_correction/case_outputs/846/mask__s0_original.nii.gz,ok,3.0,5,True,0,5,7548.854507511523,6190.902738013057,114.000004529953,85.80000340938568,91.2000036239624,0.4242640855706679,0.6000000238418579,0.5909564919983127,/Users/angadkumar16ak/Projects/Automated_Cardiovascular_Segmentation_for_Bioprinting_Project/outputs/topology_correction/mesh_qc/s0_original/case_outputs/846__s0_original/segmentation_raw.stl,/Users/angadkumar16ak/Projects/Automated_Cardiovascular_Segmentation_for_Bioprinting_Project/outputs/topology_correction/mesh_qc/s0_original/case_outputs/846__s0_original/segmentation_repaired.stl,/Users/angadkumar16ak/Projects/Automated_Cardiovascular_Segmentation_for_Bioprinting_Project/outputs/topology_correction/mesh_qc/s0_original/case_outputs/846__s0_original/segmentation_smoothed.stl,True,0.5694345540610511,3.141592653589793,0.5155909466045748,3.140839110953209,-0.002876842427009287,0.0647060837413126,True
847__s0_original,/Users/angadkumar16ak/Projects/Automated_Cardiovascular_Segmentation_for_Bioprinting_Project/outputs/topology_correction/case_outputs/847/mask__s0_original.nii.gz,ok,3.0,11,True,0,10,7486.807327754363,6518.835777105719,142.20000565052032,121.80000483989716,102.00000405311584,0.4242640855706679,0.6000000238418579,0.590820101088972,/Users/angadkumar16ak/Projects/Automated_Cardiovascular_Segmentation_for_Bioprinting_Project/outputs/topology_correction/mesh_qc/s0_original/case_outputs/847__s0_original/segmentation_raw.stl,/Users/angadkumar16ak/Projects/Automated_Cardiovascular_Segmentation_for_Bioprinting_Project/outputs/topology_correction/mesh_qc/s0_original/case_outputs/847__s0_original/segmentation_repaired.stl,/Users/angadkumar16ak/Projects/Automated_Cardiovascular_Segmentation_for_Bioprinting_Project/outputs/topology_correction/mesh_qc/s0_original/case_outputs/847__s0_original/segmentation_smoothed.stl,True,0.5681178275738528,3.141592653589793,0.5034044581842053,3.137883728764152,-0.0029317524177448527,0.1000813669650122,True
848__s0_original,/Users/angadkumar16ak/Projects/Automated_Cardiovascular_Segmentation_for_Bioprinting_Project/outputs/topology_correction/case_outputs/848/mask__s0_original.nii.gz,ok,3.0,4,True,0,4,4646.495841331851,3832.8754569143252,115.80000460147858,140.40000557899475,72.60000288486481,0.4242640855706679,0.6000000238418579,0.5890029681171681,/Users/angadkumar16ak/Projects/Automated_Cardiovascular_Segmentation_for_Bioprinting_Project/outputs/topology_correction/mesh_qc/s0_original/case_outputs/848__s0_original/segmentation_raw.stl,/Users/angadkumar16ak/Projects/Automated_Cardiovascular_Segmentation_for_Bioprinting_Project/outputs/topology_correction/mesh_qc/s0_original/case_outputs/848__s0_original/segmentation_repaired.stl,/Users/angadkumar16ak/Projects/Automated_Cardiovascular_Segmentation_for_Bioprinting_Project/outputs/topology_correction/mesh_qc/s0_original/case_outputs/848__s0_original/segmentation_smoothed.stl,True,0.5726081286347694,3.141592653589793,0.5189028159212777,3.139962601083038,-0.002921687762525881,0.062078496406854616,True
849__s0_original,/Users/angadkumar16ak/Projects/Automated_Cardiovascular_Segmentation_for_Bioprinting_Project/outputs/topology_correction/case_outputs/849/mask__s0_original.nii.gz,ok,3.0,13,True,0,12,10800.847402902235,8966.449068883938,114.000004529953,98.4000039100647,92.40000367164612,0.4242640855706679,0.6000000238418579,0.5919449505895807,/Users/angadkumar16ak/Projects/Automated_Cardiovascular_Segmentation_for_Bioprinting_Project/outputs/topology_correction/mesh_qc/s0_original/case_outputs/849__s0_original/segmentation_raw.stl,/Users/angadkumar16ak/Projects/Automated_Cardiovascular_Segmentation_for_Bioprinting_Project/outputs/topology_correction/mesh_qc/s0_original/case_outputs/849__s0_original/segmentation_repaired.stl,/Users/angadkumar16ak/Projects/Automated_Cardiovascular_Segmentation_for_Bioprinting_Project/outputs/topology_correction/mesh_qc/s0_original/case_outputs/849__s0_original/segmentation_smoothed.stl,True,0.5727202657501609,3.141592653589793,0.5148488935319527,3.1395713876596165,-0.003237225095342087,0.07274747618034376,True
850__s0_original,/Users/angadkumar16ak/Projects/Automated_Cardiovascular_Segmentation_for_Bioprinting_Project/outputs/topology_correction/case_outputs/850/mask__s0_original.nii.gz,ok,3.0,19,True,0,18,5796.83336519701,4658.400555324576,138.60000550746918,94.20000374317169,94.20000374317169,0.4242640855706679,0.6000000238418579,0.5902994548558218,/Users/angadkumar16ak/Projects/Automated_Cardiovascular_Segmentation_for_Bioprinting_Project/outputs/topology_correction/mesh_qc/s0_original/case_outputs/850__s0_original/segmentation_raw.stl,/Users/angadkumar16ak/Projects/Automated_Cardiovascular_Segmentation_for_Bioprinting_Project/outputs/topology_correction/mesh_qc/s0_original/case_outputs/850__s0_original/segmentation_repaired.stl,/Users/angadkumar16ak/Projects/Automated_Cardiovascular_Segmentation_for_Bioprinting_Project/outputs/topology_correction/mesh_qc/s0_original/case_outputs/850__s0_original/segmentation_smoothed.stl,True,0.6003925325316458,3.141592653589793,0.5535871514831846,3.136716610145738,-0.0042151327944771905,0.07720237825080561,True
851__s0_original,/Users/angadkumar16ak/Projects/Automated_Cardiovascular_Segmentation_for_Bioprinting_Project/outputs/topology_correction/case_outputs/851/mask__s0_original.nii.gz,ok,3.0,4,True,0,4,7634.400185809776,6887.2958210295765,111.00000441074371,102.6000040769577,82.20000326633453,0.4242640855706679,0.6000000238418579,0.5895609531873409,/Users/angadkumar16ak/Projects/Automated_Cardiovascular_Segmentation_for_Bioprinting_Project/outputs/topology_correction/mesh_qc/s0_original/case_outputs/851__s0_original/segmentation_raw.stl,/Users/angadkumar16ak/Projects/Automated_Cardiovascular_Segmentation_for_Bioprinting_Project/outputs/topology_correction/mesh_qc/s0_original/case_outputs/851__s0_original/segmentation_repaired.stl,/Users/angadkumar16ak/Projects/Automated_Cardiovascular_Segmentation_for_Bioprinting_Project/outputs/topology_correction/mesh_qc/s0_original/case_outputs/851__s0_original/segmentation_smoothed.stl,True,0.574610800400481,3.141592653589793,0.5164180480396192,3.1385377240278283,-0.002404007889417417,0.10328537022170073,True
852__s0_original,/Users/angadkumar16ak/Projects/Automated_Cardiovascular_Segmentation_for_Bioprinting_Project/outputs/topology_correction/case_outputs/852/mask__s0_original.nii.gz,ok,3.0,38,True,0,33,10552.440535297907,9817.174170298267,151.2000060081482,132.00000524520874,84.60000336170197,0.4242640855706679,0.6000000238418579,0.591332286257762,/Users/angadkumar16ak/Projects/Automated_Cardiovascular_Segmentation_for_Bioprinting_Project/outputs/topology_correction/mesh_qc/s0_original/case_outputs/852__s0_original/segmentation_raw.stl,/Users/angadkumar16ak/Projects/Automated_Cardiovascular_Segmentation_for_Bioprinting_Project/outputs/topology_correction/mesh_qc/s0_original/case_outputs/852__s0_original/segmentation_repaired.stl,/Users/angadkumar16ak/Projects/Automated_Cardiovascular_Segmentation_for_Bioprinting_Project/outputs/topology_correction/mesh_qc/s0_original/case_outputs/852__s0_original/segmentation_smoothed.stl,True,0.606443334229497,3.141592653589793,0.554352044461443,3.1407291144782437,-0.0028655121007752876,0.13561083327921022,True
853__s0_original,/Users/angadkumar16ak/Projects/Automated_Cardiovascular_Segmentation_for_Bioprinting_Project/outputs/topology_correction/case_outputs/853/mask__s0_original.nii.gz,ok,3.0,6,True,0,6,6336.820553649476,5844.744696747802,116.40000462532043,94.80000376701355,82.20000326633453,0.4242640855706679,0.6000000238418579,0.5922696633861053,/Users/angadkumar16ak/Projects/Automated_Cardiovascular_Segmentation_for_Bioprinting_Project/outputs/topology_correction/mesh_qc/s0_original/case_outputs/853__s0_original/segmentation_raw.stl,/Users/angadkumar16ak/Projects/Automated_Cardiovascular_Segmentation_for_Bioprinting_Project/outputs/topology_correction/mesh_qc/s0_original/case_outputs/853__s0_original/segmentation_repaired.stl,/Users/angadkumar16ak/Projects/Automated_Cardiovascular_Segmentation_for_Bioprinting_Project/outputs/topology_correction/mesh_qc/s0_original/case_outputs/853__s0_original/segmentation_smoothed.stl,True,0.5605539038637284,3.141592653589793,0.4977326720347755,3.141592653589793,-0.0023654901049759325,0.11621729796601535,True
854__s0_original,/Users/angadkumar16ak/Projects/Automated_Cardiovascular_Segmentation_for_Bioprinting_Project/outputs/topology_correction/case_outputs/854/mask__s0_original.nii.gz,ok,3.0,4,True,0,4,7098.642458291986,5666.148675457505,108.00000429153442,90.60000360012054,88.20000350475311,0.4242640855706679,0.6000000238418579,0.5900134862534315,/Users/angadkumar16ak/Projects/Automated_Cardiovascular_Segmentation_for_Bioprinting_Project/outputs/topology_correction/mesh_qc/s0_original/case_outputs/854__s0_original/segmentation_raw.stl,/Users/angadkumar16ak/Projects/Automated_Cardiovascular_Segmentation_for_Bioprinting_Project/outputs/topology_correction/mesh_qc/s0_original/case_outputs/854__s0_original/segmentation_repaired.stl,/Users/angadkumar16ak/Projects/Automated_Cardiovascular_Segmentation_for_Bioprinting_Project/outputs/topology_correction/mesh_qc/s0_original/case_outputs/854__s0_original/segmentation_smoothed.stl,True,0.566500803538198,3.141592653589793,0.512117092305187,3.137111540253251,-0.003293135960969206,0.057608248963275675,True
855__s0_original,/Users/angadkumar16ak/Projects/Automated_Cardiovascular_Segmentation_for_Bioprinting_Project/outputs/topology_correction/case_outputs/855/mask__s0_original.nii.gz,ok,3.0,28,False,52,26,10471.02502601796,not_watertight,156.30000621080399,115.20000457763672,135.30000537633896,0.4242640855706679,0.6000000238418579,0.5904426666450848,/Users/angadkumar16ak/Projects/Automated_Cardiovascular_Segmentation_for_Bioprinting_Project/outputs/topology_correction/mesh_qc/s0_original/case_outputs/855__s0_original/segmentation_raw.stl,/Users/angadkumar16ak/Projects/Automated_Cardiovascular_Segmentation_for_Bioprinting_Project/outputs/topology_correction/mesh_qc/s0_original/case_outputs/855__s0_original/segmentation_repaired.stl,/Users/angadkumar16ak/Projects/Automated_Cardiovascular_Segmentation_for_Bioprinting_Project/outputs/topology_correction/mesh_qc/s0_original/case_outputs/855__s0_original/segmentation_smoothed.stl,True,0.5829844714469289,3.141592653589793,0.5294068697162639,3.1407940201737987,not_watertight,0.10090743241642382,False
856__s0_original,/Users/angadkumar16ak/Projects/Automated_Cardiovascular_Segmentation_for_Bioprinting_Project/outputs/topology_correction/case_outputs/856/mask__s0_original.nii.gz,ok,3.0,25,False,10,23,9060.575749393302,not_watertight,181.50000721216202,137.40000545978546,85.20000338554382,0.4242640855706679,0.6000000238418579,0.5902753893744284,/Users/angadkumar16ak/Projects/Automated_Cardiovascular_Segmentation_for_Bioprinting_Project/outputs/topology_correction/mesh_qc/s0_original/case_outputs/856__s0_original/segmentation_raw.stl,/Users/angadkumar16ak/Projects/Automated_Cardiovascular_Segmentation_for_Bioprinting_Project/outputs/topology_correction/mesh_qc/s0_original/case_outputs/856__s0_original/segmentation_repaired.stl,/Users/angadkumar16ak/Projects/Automated_Cardiovascular_Segmentation_for_Bioprinting_Project/outputs/topology_correction/mesh_qc/s0_original/case_outputs/856__s0_original/segmentation_smoothed.stl,True,0.5792758918126892,3.141592653589793,0.520090378184355,3.1394369424240165,not_watertight,0.11150655536074111,False
857__s0_original,/Users/angadkumar16ak/Projects/Automated_Cardiovascular_Segmentation_for_Bioprinting_Project/outputs/topology_correction/case_outputs/857/mask__s0_original.nii.gz,ok,3.0,10,True,0,10,12901.684235123163,10734.544279657297,126.00000500679016,112.20000445842743,89.40000355243683,0.4242640855706679,0.6000000238418579,0.5904952693798551,/Users/angadkumar16ak/Projects/Automated_Cardiovascular_Segmentation_for_Bioprinting_Project/outputs/topology_correction/mesh_qc/s0_original/case_outputs/857__s0_original/segmentation_raw.stl,/Users/angadkumar16ak/Projects/Automated_Cardiovascular_Segmentation_for_Bioprinting_Project/outputs/topology_correction/mesh_qc/s0_original/case_outputs/857__s0_original/segmentation_repaired.stl,/Users/angadkumar16ak/Projects/Automated_Cardiovascular_Segmentation_for_Bioprinting_Project/outputs/topology_correction/mesh_qc/s0_original/case_outputs/857__s0_original/segmentation_smoothed.stl,True,0.6035890117945878,3.141592653589793,0.5527650224005718,3.139452427441381,-0.002846119673230752,0.06452250187680272,True
858__s0_original,/Users/angadkumar16ak/Projects/Automated_Cardiovascular_Segmentation_for_Bioprinting_Project/outputs/topology_correction/case_outputs/858/mask__s0_original.nii.gz,ok,3.0,10,True,0,9,7178.093922613449,5961.123710621266,114.60000455379486,93.60000371932983,85.20000338554382,0.4242640855706679,0.6000000238418579,0.5895723979199902,/Users/angadkumar16ak/Projects/Automated_Cardiovascular_Segmentation_for_Bioprinting_Project/outputs/topology_correction/mesh_qc/s0_original/case_outputs/858__s0_original/segmentation_raw.stl,/Users/angadkumar16ak/Projects/Automated_Cardiovascular_Segmentation_for_Bioprinting_Project/outputs/topology_correction/mesh_qc/s0_original/case_outputs/858__s0_original/segmentation_repaired.stl,/Users/angadkumar16ak/Projects/Automated_Cardiovascular_Segmentation_for_Bioprinting_Project/outputs/topology_correction/mesh_qc/s0_original/case_outputs/858__s0_original/segmentation_smoothed.stl,True,0.6000686026452726,3.141592653589793,0.5530115797804876,3.140061125254271,-0.0030184524848067672,0.07326866361084461,True
859__s0_original,/Users/angadkumar16ak/Projects/Automated_Cardiovascular_Segmentation_for_Bioprinting_Project/outputs/topology_correction/case_outputs/859/mask__s0_original.nii.gz,ok,3.0,7,True,0,7,10770.91584387639,9188.39809534232,134.40000534057617,105.00000417232513,110.40000438690186,0.4242640855706679,0.6000000238418579,0.5909863050700452,/Users/angadkumar16ak/Projects/Automated_Cardiovascular_Segmentation_for_Bioprinting_Project/outputs/topology_correction/mesh_qc/s0_original/case_outputs/859__s0_original/segmentation_raw.stl,/Users/angadkumar16ak/Projects/Automated_Cardiovascular_Segmentation_for_Bioprinting_Project/outputs/topology_correction/mesh_qc/s0_original/case_outputs/859__s0_original/segmentation_repaired.stl,/Users/angadkumar16ak/Projects/Automated_Cardiovascular_Segmentation_for_Bioprinting_Project/outputs/topology_correction/mesh_qc/s0_original/case_outputs/859__s0_original/segmentation_smoothed.stl,True,0.5848566363674504,3.141592653589793,0.526717228166765,3.1399725403717307,-0.0030230597211216258,0.08627695433347185,True
860__s0_original,/Users/angadkumar16ak/Projects/Automated_Cardiovascular_Segmentation_for_Bioprinting_Project/outputs/topology_correction/case_outputs/860/mask__s0_original.nii.gz,ok,3.0,11,True,0,11,8091.665834677208,7165.296854169879,148.2000058889389,112.20000445842743,86.40000343322754,0.4242640855706679,0.6000000238418579,0.5904684858847011,/Users/angadkumar16ak/Projects/Automated_Cardiovascular_Segmentation_for_Bioprinting_Project/outputs/topology_correction/mesh_qc/s0_original/case_outputs/860__s0_original/segmentation_raw.stl,/Users/angadkumar16ak/Projects/Automated_Cardiovascular_Segmentation_for_Bioprinting_Project/outputs/topology_correction/mesh_qc/s0_original/case_outputs/860__s0_original/segmentation_repaired.stl,/Users/angadkumar16ak/Projects/Automated_Cardiovascular_Segmentation_for_Bioprinting_Project/outputs/topology_correction/mesh_qc/s0_original/case_outputs/860__s0_original/segmentation_smoothed.stl,True,0.5917259611684866,3.141592653589793,0.5412766579997091,3.141592653589793,-0.002940055619118922,0.11514648813579406,True
861__s0_original,/Users/angadkumar16ak/Projects/Automated_Cardiovascular_Segmentation_for_Bioprinting_Project/outputs/topology_correction/case_outputs/861/mask__s0_original.nii.gz,ok,3.0,14,False,20,14,4224.561464849441,not_watertight,167.10000663995743,91.2000036239624,84.60000336170197,0.4242640855706679,0.6000000238418579,0.5909477525919433,/Users/angadkumar16ak/Projects/Automated_Cardiovascular_Segmentation_for_Bioprinting_Project/outputs/topology_correction/mesh_qc/s0_original/case_outputs/861__s0_original/segmentation_raw.stl,/Users/angadkumar16ak/Projects/Automated_Cardiovascular_Segmentation_for_Bioprinting_Project/outputs/topology_correction/mesh_qc/s0_original/case_outputs/861__s0_original/segmentation_repaired.stl,/Users/angadkumar16ak/Projects/Automated_Cardiovascular_Segmentation_for_Bioprinting_Project/outputs/topology_correction/mesh_qc/s0_original/case_outputs/861__s0_original/segmentation_smoothed.stl,True,0.5857780188586996,3.141592653589793,0.5362467151625491,3.139406547228156,not_watertight,0.07184822521419829,False
862__s0_original,/Users/angadkumar16ak/Projects/Automated_Cardiovascular_Segmentation_for_Bioprinting_Project/outputs/topology_correction/case_outputs/862/mask__s0_original.nii.gz,ok,3.0,5,True,0,5,9862.857719313086,8646.985030800864,162.00000643730164,118.20000469684601,107.40000426769257,0.4242640855706679,0.6000000238418579,0.591944065918176,/Users/angadkumar16ak/Projects/Automated_Cardiovascular_Segmentation_for_Bioprinting_Project/outputs/topology_correction/mesh_qc/s0_original/case_outputs/862__s0_original/segmentation_raw.stl,/Users/angadkumar16ak/Projects/Automated_Cardiovascular_Segmentation_for_Bioprinting_Project/outputs/topology_correction/mesh_qc/s0_original/case_outputs/862__s0_original/segmentation_repaired.stl,/Users/angadkumar16ak/Projects/Automated_Cardiovascular_Segmentation_for_Bioprinting_Project/outputs/topology_correction/mesh_qc/s0_original/case_outputs/862__s0_original/segmentation_smoothed.stl,True,0.5723818885577749,3.141592653589793,0.5125392556356128,3.140206172810029,-0.0026022032233078223,0.09279261586802828,True
863__s0_original,/Users/angadkumar16ak/Projects/Automated_Cardiovascular_Segmentation_for_Bioprinting_Project/outputs/topology_correction/case_outputs/863/mask__s0_original.nii.gz,ok,3.0,11,True,0,10,7969.182683469105,6530.526778499396,134.40000534057617,102.6000040769577,117.60000467300415,0.4242640855706679,0.6000000238418579,0.591147956735208,/Users/angadkumar16ak/Projects/Automated_Cardiovascular_Segmentation_for_Bioprinting_Project/outputs/topology_correction/mesh_qc/s0_original/case_outputs/863__s0_original/segmentation_raw.stl,/Users/angadkumar16ak/Projects/Automated_Cardiovascular_Segmentation_for_Bioprinting_Project/outputs/topology_correction/mesh_qc/s0_original/case_outputs/863__s0_original/segmentation_repaired.stl,/Users/angadkumar16ak/Projects/Automated_Cardiovascular_Segmentation_for_Bioprinting_Project/outputs/topology_correction/mesh_qc/s0_original/case_outputs/863__s0_original/segmentation_smoothed.stl,True,0.5987556314405211,3.141592653589793,0.549677509900065,3.141592653589793,-0.0030733099367720317,0.06294001232845603,True
864__s0_original,/Users/angadkumar16ak/Projects/Automated_Cardiovascular_Segmentation_for_Bioprinting_Project/outputs/topology_correction/case_outputs/864/mask__s0_original.nii.gz,ok,3.0,8,True,0,8,10107.987740306478,9199.036096610473,125.4000049829483,89.40000355243683,102.00000405311584,0.4242640855706679,0.6000000238418579,0.5896113128160151,/Users/angadkumar16ak/Projects/Automated_Cardiovascular_Segmentation_for_Bioprinting_Project/outputs/topology_correction/mesh_qc/s0_original/case_outputs/864__s0_original/segmentation_raw.stl,/Users/angadkumar16ak/Projects/Automated_Cardiovascular_Segmentation_for_Bioprinting_Project/outputs/topology_correction/mesh_qc/s0_original/case_outputs/864__s0_original/segmentation_repaired.stl,/Users/angadkumar16ak/Projects/Automated_Cardiovascular_Segmentation_for_Bioprinting_Project/outputs/topology_correction/mesh_qc/s0_original/case_outputs/864__s0_original/segmentation_smoothed.stl,True,0.5750074464800878,3.141592653589793,0.519698959232644,3.1403879629757405,-0.0023965333650037795,0.10897495147425824,True
865__s0_original,/Users/angadkumar16ak/Projects/Automated_Cardiovascular_Segmentation_for_Bioprinting_Project/outputs/topology_correction/case_outputs/865/mask__s0_original.nii.gz,ok,3.0,8,True,0,8,6559.902614133331,5639.175672242073,138.60000550746918,96.60000383853912,93.00000369548798,0.4242640855706679,0.6000000238418579,0.5892869609097559,/Users/angadkumar16ak/Projects/Automated_Cardiovascular_Segmentation_for_Bioprinting_Project/outputs/topology_correction/mesh_qc/s0_original/case_outputs/865__s0_original/segmentation_raw.stl,/Users/angadkumar16ak/Projects/Automated_Cardiovascular_Segmentation_for_Bioprinting_Project/outputs/topology_correction/mesh_qc/s0_original/case_outputs/865__s0_original/segmentation_repaired.stl,/Users/angadkumar16ak/Projects/Automated_Cardiovascular_Segmentation_for_Bioprinting_Project/outputs/topology_correction/mesh_qc/s0_original/case_outputs/865__s0_original/segmentation_smoothed.stl,True,0.5838661863235808,3.141592653589793,0.5317003551940366,3.139435914296952,-0.0030186443867722007,0.08287542340986075,True
866__s0_original,/Users/angadkumar16ak/Projects/Automated_Cardiovascular_Segmentation_for_Bioprinting_Project/outputs/topology_correction/case_outputs/866/mask__s0_original.nii.gz,ok,3.0,9,True,0,8,9484.984034570716,8541.712018251337,135.6000053882599,116.40000462532043,85.20000338554382,0.4242640855706679,0.6000000238418579,0.5898343486059914,/Users/angadkumar16ak/Projects/Automated_Cardiovascular_Segmentation_for_Bioprinting_Project/outputs/topology_correction/mesh_qc/s0_original/case_outputs/866__s0_original/segmentation_raw.stl,/Users/angadkumar16ak/Projects/Automated_Cardiovascular_Segmentation_for_Bioprinting_Project/outputs/topology_correction/mesh_qc/s0_original/case_outputs/866__s0_original/segmentation_repaired.stl,/Users/angadkumar16ak/Projects/Automated_Cardiovascular_Segmentation_for_Bioprinting_Project/outputs/topology_correction/mesh_qc/s0_original/case_outputs/866__s0_original/segmentation_smoothed.stl,True,0.5724169206969825,3.141592653589793,0.5153724082656465,3.141155724634741,-0.002493333804766584,0.10479958199596924,True
867__s0_original,/Users/angadkumar16ak/Projects/Automated_Cardiovascular_Segmentation_for_Bioprinting_Project/outputs/topology_correction/case_outputs/867/mask__s0_original.nii.gz,ok,3.0,21,False,58,21,12225.743833385603,not_watertight,116.40000462532043,99.00000393390656,119.70000475645065,0.4242640855706679,0.6000000238418579,0.5924382802482485,/Users/angadkumar16ak/Projects/Automated_Cardiovascular_Segmentation_for_Bioprinting_Project/outputs/topology_correction/mesh_qc/s0_original/case_outputs/867__s0_original/segmentation_raw.stl,/Users/angadkumar16ak/Projects/Automated_Cardiovascular_Segmentation_for_Bioprinting_Project/outputs/topology_correction/mesh_qc/s0_original/case_outputs/867__s0_original/segmentation_repaired.stl,/Users/angadkumar16ak/Projects/Automated_Cardiovascular_Segmentation_for_Bioprinting_Project/outputs/topology_correction/mesh_qc/s0_original/case_outputs/867__s0_original/segmentation_smoothed.stl,True,0.583349540711654,3.141592653589793,0.5289980066876572,3.1405817502492432,not_watertight,0.15520868924095022,False
868__s0_original,/Users/angadkumar16ak/Projects/Automated_Cardiovascular_Segmentation_for_Bioprinting_Project/outputs/topology_correction/case_outputs/868/mask__s0_original.nii.gz,ok,3.0,14,False,36,14,4459.958591952214,not_watertight,173.70000690221786,91.80000364780426,70.20000278949738,0.4242640855706679,0.6000000238418579,0.5892284384557357,/Users/angadkumar16ak/Projects/Automated_Cardiovascular_Segmentation_for_Bioprinting_Project/outputs/topology_correction/mesh_qc/s0_original/case_outputs/868__s0_original/segmentation_raw.stl,/Users/angadkumar16ak/Projects/Automated_Cardiovascular_Segmentation_for_Bioprinting_Project/outputs/topology_correction/mesh_qc/s0_original/case_outputs/868__s0_original/segmentation_repaired.stl,/Users/angadkumar16ak/Projects/Automated_Cardiovascular_Segmentation_for_Bioprinting_Project/outputs/topology_correction/mesh_qc/s0_original/case_outputs/868__s0_original/segmentation_smoothed.stl,True,0.5690022175637783,3.141592653589793,0.5162020109106181,3.141592653589793,not_watertight,0.05821294160495326,False
869__s0_original,/Users/angadkumar16ak/Projects/Automated_Cardiovascular_Segmentation_for_Bioprinting_Project/outputs/topology_correction/case_outputs/869/mask__s0_original.nii.gz,ok,3.0,16,True,0,13,8934.371771128697,7798.1679296139855,140.40000557899475,104.40000414848328,87.60000348091125,0.4242640855706679,0.6000000238418579,0.5920942336553976,/Users/angadkumar16ak/Projects/Automated_Cardiovascular_Segmentation_for_Bioprinting_Project/outputs/topology_correction/mesh_qc/s0_original/case_outputs/869__s0_original/segmentation_raw.stl,/Users/angadkumar16ak/Projects/Automated_Cardiovascular_Segmentation_for_Bioprinting_Project/outputs/topology_correction/mesh_qc/s0_original/case_outputs/869__s0_original/segmentation_repaired.stl,/Users/angadkumar16ak/Projects/Automated_Cardiovascular_Segmentation_for_Bioprinting_Project/outputs/topology_correction/mesh_qc/s0_original/case_outputs/869__s0_original/segmentation_smoothed.stl,True,0.5940365962125035,3.141592653589793,0.5418083951605247,3.141592653589793,-0.0029799374966671334,0.09729214859164512,True
870__s0_original,/Users/angadkumar16ak/Projects/Automated_Cardiovascular_Segmentation_for_Bioprinting_Project/outputs/topology_correction/case_outputs/870/mask__s0_original.nii.gz,ok,3.0,9,False,10,9,6946.317205556124,not_watertight,140.10000556707382,83.40000331401825,85.20000338554382,0.4242640855706679,0.6000000238418579,0.5883673356809873,/Users/angadkumar16ak/Projects/Automated_Cardiovascular_Segmentation_for_Bioprinting_Project/outputs/topology_correction/mesh_qc/s0_original/case_outputs/870__s0_original/segmentation_raw.stl,/Users/angadkumar16ak/Projects/Automated_Cardiovascular_Segmentation_for_Bioprinting_Project/outputs/topology_correction/mesh_qc/s0_original/case_outputs/870__s0_original/segmentation_repaired.stl,/Users/angadkumar16ak/Projects/Automated_Cardiovascular_Segmentation_for_Bioprinting_Project/outputs/topology_correction/mesh_qc/s0_original/case_outputs/870__s0_original/segmentation_smoothed.stl,True,0.5960439212416423,3.141592653589793,0.5490261691534796,3.1390241131060512,not_watertight,0.08758310871518418,False
871__s0_original,/Users/angadkumar16ak/Projects/Automated_Cardiovascular_Segmentation_for_Bioprinting_Project/outputs/topology_correction/case_outputs/871/mask__s0_original.nii.gz,ok,3.0,10,True,0,9,7849.981300870325,6896.997822186147,100.80000400543213,83.40000331401825,100.80000400543213,0.4242640855706679,0.6000000238418579,0.589071469923503,/Users/angadkumar16ak/Projects/Automated_Cardiovascular_Segmentation_for_Bioprinting_Project/outputs/topology_correction/mesh_qc/s0_original/case_outputs/871__s0_original/segmentation_raw.stl,/Users/angadkumar16ak/Projects/Automated_Cardiovascular_Segmentation_for_Bioprinting_Project/outputs/topology_correction/mesh_qc/s0_original/case_outputs/871__s0_original/segmentation_repaired.stl,/Users/angadkumar16ak/Projects/Automated_Cardiovascular_Segmentation_for_Bioprinting_Project/outputs/topology_correction/mesh_qc/s0_original/case_outputs/871__s0_original/segmentation_smoothed.stl,True,0.5729461148694704,3.141592653589793,0.5088530378623615,3.141491016613124,-0.002961624387021633,0.10129310344827586,True
872__s0_original,/Users/angadkumar16ak/Projects/Automated_Cardiovascular_Segmentation_for_Bioprinting_Project/outputs/topology_correction/case_outputs/872/mask__s0_original.nii.gz,ok,3.0,16,True,0,15,7085.842899300126,5659.20967463031,120.00000476837158,106.80000424385071,94.20000374317169,0.4242640855706679,0.6000000238418579,0.5912136912952675,/Users/angadkumar16ak/Projects/Automated_Cardiovascular_Segmentation_for_Bioprinting_Project/outputs/topology_correction/mesh_qc/s0_original/case_outputs/872__s0_original/segmentation_raw.stl,/Users/angadkumar16ak/Projects/Automated_Cardiovascular_Segmentation_for_Bioprinting_Project/outputs/topology_correction/mesh_qc/s0_original/case_outputs/872__s0_original/segmentation_repaired.stl,/Users/angadkumar16ak/Projects/Automated_Cardiovascular_Segmentation_for_Bioprinting_Project/outputs/topology_correction/mesh_qc/s0_original/case_outputs/872__s0_original/segmentation_smoothed.stl,True,0.5717350588458558,3.141592653589793,0.5163523695558656,3.140287836992088,-0.003901982706072417,0.07018986395574825,True
873__s0_original,/Users/angadkumar16ak/Projects/Automated_Cardiovascular_Segmentation_for_Bioprinting_Project/outputs/topology_correction/case_outputs/873/mask__s0_original.nii.gz,ok,3.0,14,False,16,14,8912.802052706054,not_watertight,164.70000654459,139.20000553131104,93.3000037074089,0.4242640855706679,0.6000000238418579,0.5913704886348181,/Users/angadkumar16ak/Projects/Automated_Cardiovascular_Segmentation_for_Bioprinting_Project/outputs/topology_correction/mesh_qc/s0_original/case_outputs/873__s0_original/segmentation_raw.stl,/Users/angadkumar16ak/Projects/Automated_Cardiovascular_Segmentation_for_Bioprinting_Project/outputs/topology_correction/mesh_qc/s0_original/case_outputs/873__s0_original/segmentation_repaired.stl,/Users/angadkumar16ak/Projects/Automated_Cardiovascular_Segmentation_for_Bioprinting_Project/outputs/topology_correction/mesh_qc/s0_original/case_outputs/873__s0_original/segmentation_smoothed.stl,True,0.5984764160755758,3.141592653589793,0.541867643559125,3.1407491021005693,not_watertight,0.20310209796329112,False
874__s0_original,/Users/angadkumar16ak/Projects/Automated_Cardiovascular_Segmentation_for_Bioprinting_Project/outputs/topology_correction/case_outputs/874/mask__s0_original.nii.gz,ok,3.0,7,True,0,7,7109.507514605813,5959.449710421712,107.40000426769257,104.40000414848328,80.40000319480896,0.4242640855706679,0.6000000238418579,0.5885530021975729,/Users/angadkumar16ak/Projects/Automated_Cardiovascular_Segmentation_for_Bioprinting_Project/outputs/topology_correction/mesh_qc/s0_original/case_outputs/874__s0_original/segmentation_raw.stl,/Users/angadkumar16ak/Projects/Automated_Cardiovascular_Segmentation_for_Bioprinting_Project/outputs/topology_correction/mesh_qc/s0_original/case_outputs/874__s0_original/segmentation_repaired.stl,/Users/angadkumar16ak/Projects/Automated_Cardiovascular_Segmentation_for_Bioprinting_Project/outputs/topology_correction/mesh_qc/s0_original/case_outputs/874__s0_original/segmentation_smoothed.stl,True,0.5853554199805178,3.141592653589793,0.5338287475254025,3.1412490489076412,-0.0030410952719909117,0.0750151240169389,True
875__s0_original,/Users/angadkumar16ak/Projects/Automated_Cardiovascular_Segmentation_for_Bioprinting_Project/outputs/topology_correction/case_outputs/875/mask__s0_original.nii.gz,ok,3.0,9,True,0,7,9873.0348439101,8488.00901184944,106.80000424385071,97.80000388622284,85.80000340938568,0.4242640855706679,0.6000000238418579,0.5904001520308743,/Users/angadkumar16ak/Projects/Automated_Cardiovascular_Segmentation_for_Bioprinting_Project/outputs/topology_correction/mesh_qc/s0_original/case_outputs/875__s0_original/segmentation_raw.stl,/Users/angadkumar16ak/Projects/Automated_Cardiovascular_Segmentation_for_Bioprinting_Project/outputs/topology_correction/mesh_qc/s0_original/case_outputs/875__s0_original/segmentation_repaired.stl,/Users/angadkumar16ak/Projects/Automated_Cardiovascular_Segmentation_for_Bioprinting_Project/outputs/topology_correction/mesh_qc/s0_original/case_outputs/875__s0_original/segmentation_smoothed.stl,True,0.5741097029595063,3.141592653589793,0.516074407665783,3.137832660609529,-0.002867695001395383,0.09047726193154829,True
876__s0_original,/Users/angadkumar16ak/Projects/Automated_Cardiovascular_Segmentation_for_Bioprinting_Project/outputs/topology_correction/case_outputs/876/mask__s0_original.nii.gz,ok,3.0,10,True,0,10,7094.749228155945,5737.230683931139,125.4000049829483,102.6000040769577,92.40000367164612,0.4242640855706679,0.6000000238418579,0.5904667658691775,/Users/angadkumar16ak/Projects/Automated_Cardiovascular_Segmentation_for_Bioprinting_Project/outputs/topology_correction/mesh_qc/s0_original/case_outputs/876__s0_original/segmentation_raw.stl,/Users/angadkumar16ak/Projects/Automated_Cardiovascular_Segmentation_for_Bioprinting_Project/outputs/topology_correction/mesh_qc/s0_original/case_outputs/876__s0_original/segmentation_repaired.stl,/Users/angadkumar16ak/Projects/Automated_Cardiovascular_Segmentation_for_Bioprinting_Project/outputs/topology_correction/mesh_qc/s0_original/case_outputs/876__s0_original/segmentation_smoothed.stl,True,0.5934393623527912,3.141592653589793,0.5433820635907822,3.139884054969482,-0.0032412023850674735,0.06194886174962181,True
877__s0_original,/Users/angadkumar16ak/Projects/Automated_Cardiovascular_Segmentation_for_Bioprinting_Project/outputs/topology_correction/case_outputs/877/mask__s0_original.nii.gz,ok,3.0,10,True,0,9,8222.83632007426,6681.69079651955,129.6000051498413,96.00000381469727,94.80000376701355,0.4242640855706679,0.6000000238418579,0.5904795942735558,/Users/angadkumar16ak/Projects/Automated_Cardiovascular_Segmentation_for_Bioprinting_Project/outputs/topology_correction/mesh_qc/s0_original/case_outputs/877__s0_original/segmentation_raw.stl,/Users/angadkumar16ak/Projects/Automated_Cardiovascular_Segmentation_for_Bioprinting_Project/outputs/topology_correction/mesh_qc/s0_original/case_outputs/877__s0_original/segmentation_repaired.stl,/Users/angadkumar16ak/Projects/Automated_Cardiovascular_Segmentation_for_Bioprinting_Project/outputs/topology_correction/mesh_qc/s0_original/case_outputs/877__s0_original/segmentation_smoothed.stl,True,0.5640429620438591,3.141592653589793,0.5065777816235225,3.1389584831151476,-0.0031292962883643066,0.059789500380421,True
878__s0_original,/Users/angadkumar16ak/Projects/Automated_Cardiovascular_Segmentation_for_Bioprinting_Project/outputs/topology_correction/case_outputs/878/mask__s0_original.nii.gz,ok,3.0,9,True,0,9,7423.16060014315,6434.919767102154,114.60000455379486,84.60000336170197,86.40000343322754,0.4242640855706679,0.6000000238418579,0.5889644547389568,/Users/angadkumar16ak/Projects/Automated_Cardiovascular_Segmentation_for_Bioprinting_Project/outputs/topology_correction/mesh_qc/s0_original/case_outputs/878__s0_original/segmentation_raw.stl,/Users/angadkumar16ak/Projects/Automated_Cardiovascular_Segmentation_for_Bioprinting_Project/outputs/topology_correction/mesh_qc/s0_original/case_outputs/878__s0_original/segmentation_repaired.stl,/Users/angadkumar16ak/Projects/Automated_Cardiovascular_Segmentation_for_Bioprinting_Project/outputs/topology_correction/mesh_qc/s0_original/case_outputs/878__s0_original/segmentation_smoothed.stl,True,0.5827600630344338,3.141592653589793,0.524112334389069,3.1379361695152466,-0.002885520338238738,0.08841765055075523,True
879__s0_original,/Users/angadkumar16ak/Projects/Automated_Cardiovascular_Segmentation_for_Bioprinting_Project/outputs/topology_correction/case_outputs/879/mask__s0_original.nii.gz,ok,3.0,3,True,0,3,8371.631226816766,7765.128925675428,125.4000049829483,108.60000431537628,100.80000400543213,0.4242640855706679,0.6000000238418579,0.5898850781134779,/Users/angadkumar16ak/Projects/Automated_Cardiovascular_Segmentation_for_Bioprinting_Project/outputs/topology_correction/mesh_qc/s0_original/case_outputs/879__s0_original/segmentation_raw.stl,/Users/angadkumar16ak/Projects/Automated_Cardiovascular_Segmentation_for_Bioprinting_Project/outputs/topology_correction/mesh_qc/s0_original/case_outputs/879__s0_original/segmentation_repaired.stl,/Users/angadkumar16ak/Projects/Automated_Cardiovascular_Segmentation_for_Bioprinting_Project/outputs/topology_correction/mesh_qc/s0_original/case_outputs/879__s0_original/segmentation_smoothed.stl,True,0.590250908156816,3.141592653589793,0.5356255663310132,3.137398278024423,-0.002084054802718193,0.12023998685003562,True
880__s0_original,/Users/angadkumar16ak/Projects/Automated_Cardiovascular_Segmentation_for_Bioprinting_Project/outputs/topology_correction/case_outputs/880/mask__s0_original.nii.gz,ok,3.0,9,True,0,9,5902.7245511003875,4908.22258510568,112.20000445842743,89.40000355243683,81.00000321865082,0.4242640855706679,0.6000000238418579,0.5903398460411465,/Users/angadkumar16ak/Projects/Automated_Cardiovascular_Segmentation_for_Bioprinting_Project/outputs/topology_correction/mesh_qc/s0_original/case_outputs/880__s0_original/segmentation_raw.stl,/Users/angadkumar16ak/Projects/Automated_Cardiovascular_Segmentation_for_Bioprinting_Project/outputs/topology_correction/mesh_qc/s0_original/case_outputs/880__s0_original/segmentation_repaired.stl,/Users/angadkumar16ak/Projects/Automated_Cardiovascular_Segmentation_for_Bioprinting_Project/outputs/topology_correction/mesh_qc/s0_original/case_outputs/880__s0_original/segmentation_smoothed.stl,True,0.5786825932351768,3.141592653589793,0.5282262459885922,3.1408919267466335,-0.002919982795745642,0.06922910818397754,True
881__s0_original,/Users/angadkumar16ak/Projects/Automated_Cardiovascular_Segmentation_for_Bioprinting_Project/outputs/topology_correction/case_outputs/881/mask__s0_original.nii.gz,ok,3.0,14,True,0,13,7930.019934261557,6540.516779690293,118.20000469684601,85.80000340938568,93.60000371932983,0.4242640855706679,0.6000000238418579,0.5911456444773411,/Users/angadkumar16ak/Projects/Automated_Cardiovascular_Segmentation_for_Bioprinting_Project/outputs/topology_correction/mesh_qc/s0_original/case_outputs/881__s0_original/segmentation_raw.stl,/Users/angadkumar16ak/Projects/Automated_Cardiovascular_Segmentation_for_Bioprinting_Project/outputs/topology_correction/mesh_qc/s0_original/case_outputs/881__s0_original/segmentation_repaired.stl,/Users/angadkumar16ak/Projects/Automated_Cardiovascular_Segmentation_for_Bioprinting_Project/outputs/topology_correction/mesh_qc/s0_original/case_outputs/881__s0_original/segmentation_smoothed.stl,True,0.5831204872765724,3.141592653589793,0.5303530501752305,3.138565745154993,-0.0034211992916522533,0.07321891191709845,True
882__s0_original,/Users/angadkumar16ak/Projects/Automated_Cardiovascular_Segmentation_for_Bioprinting_Project/outputs/topology_correction/case_outputs/882/mask__s0_original.nii.gz,ok,3.0,13,True,0,12,10332.799605176051,9786.997166700885,120.00000476837158,111.60000443458557,89.40000355243683,0.4242640855706679,0.6000000238418579,0.5899884614290997,/Users/angadkumar16ak/Projects/Automated_Cardiovascular_Segmentation_for_Bioprinting_Project/outputs/topology_correction/mesh_qc/s0_original/case_outputs/882__s0_original/segmentation_raw.stl,/Users/angadkumar16ak/Projects/Automated_Cardiovascular_Segmentation_for_Bioprinting_Project/outputs/topology_correction/mesh_qc/s0_original/case_outputs/882__s0_original/segmentation_repaired.stl,/Users/angadkumar16ak/Projects/Automated_Cardiovascular_Segmentation_for_Bioprinting_Project/outputs/topology_correction/mesh_qc/s0_original/case_outputs/882__s0_original/segmentation_smoothed.stl,True,0.584588271535146,3.141592653589793,0.5260735844610881,3.138690500792394,-0.002282189489033218,0.12771833681280445,True
883__s0_original,/Users/angadkumar16ak/Projects/Automated_Cardiovascular_Segmentation_for_Bioprinting_Project/outputs/topology_correction/case_outputs/883/mask__s0_original.nii.gz,ok,3.0,9,True,0,7,7842.121502477522,5961.960710721042,121.80000483989716,100.80000400543213,91.80000364780426,0.4242640855706679,0.6000000238418579,0.5890789061056603,/Users/angadkumar16ak/Projects/Automated_Cardiovascular_Segmentation_for_Bioprinting_Project/outputs/topology_correction/mesh_qc/s0_original/case_outputs/883__s0_original/segmentation_raw.stl,/Users/angadkumar16ak/Projects/Automated_Cardiovascular_Segmentation_for_Bioprinting_Project/outputs/topology_correction/mesh_qc/s0_original/case_outputs/883__s0_original/segmentation_repaired.stl,/Users/angadkumar16ak/Projects/Automated_Cardiovascular_Segmentation_for_Bioprinting_Project/outputs/topology_correction/mesh_qc/s0_original/case_outputs/883__s0_original/segmentation_smoothed.stl,True,0.5727085801777078,3.141592653589793,0.5199735555763594,3.1374048407352784,-0.003804519853408526,0.04406971801048604,True
884__s0_original,/Users/angadkumar16ak/Projects/Automated_Cardiovascular_Segmentation_for_Bioprinting_Project/outputs/topology_correction/case_outputs/884/mask__s0_original.nii.gz,ok,3.0,4,True,0,4,4878.9220546860315,4115.925490656514,101.40000402927399,83.40000331401825,81.00000321865082,0.4242640855706679,0.6000000238418579,0.5891700876019813,/Users/angadkumar16ak/Projects/Automated_Cardiovascular_Segmentation_for_Bioprinting_Project/outputs/topology_correction/mesh_qc/s0_original/case_outputs/884__s0_original/segmentation_raw.stl,/Users/angadkumar16ak/Projects/Automated_Cardiovascular_Segmentation_for_Bioprinting_Project/outputs/topology_correction/mesh_qc/s0_original/case_outputs/884__s0_original/segmentation_repaired.stl,/Users/angadkumar16ak/Projects/Automated_Cardiovascular_Segmentation_for_Bioprinting_Project/outputs/topology_correction/mesh_qc/s0_original/case_outputs/884__s0_original/segmentation_smoothed.stl,True,0.6051574760114863,3.141592653589793,0.5543233240643876,3.1408324730238917,-0.002775017902979053,0.07714506570471528,True
885__s0_original,/Users/angadkumar16ak/Projects/Automated_Cardiovascular_Segmentation_for_Bioprinting_Project/outputs/topology_correction/case_outputs/885/mask__s0_original.nii.gz,ok,3.0,13,True,0,12,7050.871803932063,5713.047681048302,138.60000550746918,102.6000040769577,88.80000352859497,0.4242640855706679,0.6000000238418579,0.5885681602919953,/Users/angadkumar16ak/Projects/Automated_Cardiovascular_Segmentation_for_Bioprinting_Project/outputs/topology_correction/mesh_qc/s0_original/case_outputs/885__s0_original/segmentation_raw.stl,/Users/angadkumar16ak/Projects/Automated_Cardiovascular_Segmentation_for_Bioprinting_Project/outputs/topology_correction/mesh_qc/s0_original/case_outputs/885__s0_original/segmentation_repaired.stl,/Users/angadkumar16ak/Projects/Automated_Cardiovascular_Segmentation_for_Bioprinting_Project/outputs/topology_correction/mesh_qc/s0_original/case_outputs/885__s0_original/segmentation_smoothed.stl,True,0.5957592354977866,3.141592653589793,0.5523954558804456,3.1395259211723716,-0.003332879550789732,0.06514971835161577,True
886__s0_original,/Users/angadkumar16ak/Projects/Automated_Cardiovascular_Segmentation_for_Bioprinting_Project/outputs/topology_correction/case_outputs/886/mask__s0_original.nii.gz,ok,3.0,11,True,0,9,11464.17923119004,9237.295101171301,110.40000438690186,91.80000364780426,85.80000340938568,0.4242640855706679,0.6000000238418579,0.5910514617555291,/Users/angadkumar16ak/Projects/Automated_Cardiovascular_Segmentation_for_Bioprinting_Project/outputs/topology_correction/mesh_qc/s0_original/case_outputs/886__s0_original/segmentation_raw.stl,/Users/angadkumar16ak/Projects/Automated_Cardiovascular_Segmentation_for_Bioprinting_Project/outputs/topology_correction/mesh_qc/s0_original/case_outputs/886__s0_original/segmentation_repaired.stl,/Users/angadkumar16ak/Projects/Automated_Cardiovascular_Segmentation_for_Bioprinting_Project/outputs/topology_correction/mesh_qc/s0_original/case_outputs/886__s0_original/segmentation_smoothed.stl,True,0.5933421589877831,3.141592653589793,0.5431465501350732,3.1404700832828816,-0.003283617943337663,0.06812607449856733,True
887__s0_original,/Users/angadkumar16ak/Projects/Automated_Cardiovascular_Segmentation_for_Bioprinting_Project/outputs/topology_correction/case_outputs/887/mask__s0_original.nii.gz,ok,3.0,19,True,0,17,8885.30261176992,8579.530022759596,168.00000667572021,98.4000039100647,114.60000455379486,0.4242640855706679,0.6000000238418579,0.5883111392194021,/Users/angadkumar16ak/Projects/Automated_Cardiovascular_Segmentation_for_Bioprinting_Project/outputs/topology_correction/mesh_qc/s0_original/case_outputs/887__s0_original/segmentation_raw.stl,/Users/angadkumar16ak/Projects/Automated_Cardiovascular_Segmentation_for_Bioprinting_Project/outputs/topology_correction/mesh_qc/s0_original/case_outputs/887__s0_original/segmentation_repaired.stl,/Users/angadkumar16ak/Projects/Automated_Cardiovascular_Segmentation_for_Bioprinting_Project/outputs/topology_correction/mesh_qc/s0_original/case_outputs/887__s0_original/segmentation_smoothed.stl,True,0.571063449657481,3.141592653589793,0.5145852928037723,3.139502352842631,-0.002569694455636785,0.15365545281007512,True
888__s0_original,/Users/angadkumar16ak/Projects/Automated_Cardiovascular_Segmentation_for_Bioprinting_Project/outputs/topology_correction/case_outputs/888/mask__s0_original.nii.gz,ok,3.0,7,True,0,6,5510.213817379573,4633.794552391314,112.80000448226929,94.80000376701355,87.60000348091125,0.4242640855706679,0.6000000238418579,0.5884379424026445,/Users/angadkumar16ak/Projects/Automated_Cardiovascular_Segmentation_for_Bioprinting_Project/outputs/topology_correction/mesh_qc/s0_original/case_outputs/888__s0_original/segmentation_raw.stl,/Users/angadkumar16ak/Projects/Automated_Cardiovascular_Segmentation_for_Bioprinting_Project/outputs/topology_correction/mesh_qc/s0_original/case_outputs/888__s0_original/segmentation_repaired.stl,/Users/angadkumar16ak/Projects/Automated_Cardiovascular_Segmentation_for_Bioprinting_Project/outputs/topology_correction/mesh_qc/s0_original/case_outputs/888__s0_original/segmentation_smoothed.stl,True,0.5863360683610865,3.141592653589793,0.534777710070183,3.1398428232334505,-0.0030339092999403694,0.07674003569303986,True
889__s0_original,/Users/angadkumar16ak/Projects/Automated_Cardiovascular_Segmentation_for_Bioprinting_Project/outputs/topology_correction/case_outputs/889/mask__s0_original.nii.gz,ok,3.0,8,True,0,8,6005.776290482294,4933.602588131212,104.40000414848328,81.60000324249268,102.00000405311584,0.4242640855706679,0.6000000238418579,0.5894775430054796,/Users/angadkumar16ak/Projects/Automated_Cardiovascular_Segmentation_for_Bioprinting_Project/outputs/topology_correction/mesh_qc/s0_original/case_outputs/889__s0_original/segmentation_raw.stl,/Users/angadkumar16ak/Projects/Automated_Cardiovascular_Segmentation_for_Bioprinting_Project/outputs/topology_correction/mesh_qc/s0_original/case_outputs/889__s0_original/segmentation_repaired.stl,/Users/angadkumar16ak/Projects/Automated_Cardiovascular_Segmentation_for_Bioprinting_Project/outputs/topology_correction/mesh_qc/s0_original/case_outputs/889__s0_original/segmentation_smoothed.stl,True,0.5823030645729228,3.141592653589793,0.5222673055500976,3.136692997213717,-0.003211492756830692,0.06859670976332632,True
890__s0_original,/Users/angadkumar16ak/Projects/Automated_Cardiovascular_Segmentation_for_Bioprinting_Project/outputs/topology_correction/case_outputs/890/mask__s0_original.nii.gz,ok,3.0,2,True,0,2,5937.033296698326,4998.213595833447,101.40000402927399,81.60000324249268,85.20000338554382,0.4242640855706679,0.6000000238418579,0.5893830335237957,/Users/angadkumar16ak/Projects/Automated_Cardiovascular_Segmentation_for_Bioprinting_Project/outputs/topology_correction/mesh_qc/s0_original/case_outputs/890__s0_original/segmentation_raw.stl,/Users/angadkumar16ak/Projects/Automated_Cardiovascular_Segmentation_for_Bioprinting_Project/outputs/topology_correction/mesh_qc/s0_original/case_outputs/890__s0_original/segmentation_repaired.stl,/Users/angadkumar16ak/Projects/Automated_Cardiovascular_Segmentation_for_Bioprinting_Project/outputs/topology_correction/mesh_qc/s0_original/case_outputs/890__s0_original/segmentation_smoothed.stl,True,0.5877773412022357,3.141592653589793,0.5382298331375671,3.138229082254617,-0.0026434726012904797,0.07376283846872082,True
891__s0_original,/Users/angadkumar16ak/Projects/Automated_Cardiovascular_Segmentation_for_Bioprinting_Project/outputs/topology_correction/case_outputs/891/mask__s0_original.nii.gz,ok,3.0,8,True,0,8,6277.39530379286,4893.660583369755,100.20000398159027,81.00000321865082,94.20000374317169,0.4242640855706679,0.6000000238418579,0.5893664219418144,/Users/angadkumar16ak/Projects/Automated_Cardiovascular_Segmentation_for_Bioprinting_Project/outputs/topology_correction/mesh_qc/s0_original/case_outputs/891__s0_original/segmentation_raw.stl,/Users/angadkumar16ak/Projects/Automated_Cardiovascular_Segmentation_for_Bioprinting_Project/outputs/topology_correction/mesh_qc/s0_original/case_outputs/891__s0_original/segmentation_repaired.stl,/Users/angadkumar16ak/Projects/Automated_Cardiovascular_Segmentation_for_Bioprinting_Project/outputs/topology_correction/mesh_qc/s0_original/case_outputs/891__s0_original/segmentation_smoothed.stl,True,0.5685216925736833,3.141592653589793,0.5141905948890033,3.1409019119685593,-0.0036282185382978194,0.050905319562680955,True
892__s0_original,/Users/angadkumar16ak/Projects/Automated_Cardiovascular_Segmentation_for_Bioprinting_Project/outputs/topology_correction/case_outputs/892/mask__s0_original.nii.gz,ok,3.0,32,True,0,27,10077.09981316357,8659.18903225569,123.60000491142273,113.40000450611115,90.00000357627869,0.4242640855706679,0.6000000238418579,0.5897557746032348,/Users/angadkumar16ak/Projects/Automated_Cardiovascular_Segmentation_for_Bioprinting_Project/outputs/topology_correction/mesh_qc/s0_original/case_outputs/892__s0_original/segmentation_raw.stl,/Users/angadkumar16ak/Projects/Automated_Cardiovascular_Segmentation_for_Bioprinting_Project/outputs/topology_correction/mesh_qc/s0_original/case_outputs/892__s0_original/segmentation_repaired.stl,/Users/angadkumar16ak/Projects/Automated_Cardiovascular_Segmentation_for_Bioprinting_Project/outputs/topology_correction/mesh_qc/s0_original/case_outputs/892__s0_original/segmentation_smoothed.stl,True,0.5872140334725047,3.141592653589793,0.5364959952465963,3.1383233031508886,-0.0037364585960683785,0.10883188093606189,True
893__s0_original,/Users/angadkumar16ak/Projects/Automated_Cardiovascular_Segmentation_for_Bioprinting_Project/outputs/topology_correction/case_outputs/893/mask__s0_original.nii.gz,ok,3.0,7,True,0,7,8023.345711370027,7602.795906323824,150.60000598430634,123.00000488758087,101.40000402927399,0.4242640855706679,0.6000000238418579,0.5905799545846885,/Users/angadkumar16ak/Projects/Automated_Cardiovascular_Segmentation_for_Bioprinting_Project/outputs/topology_correction/mesh_qc/s0_original/case_outputs/893__s0_original/segmentation_raw.stl,/Users/angadkumar16ak/Projects/Automated_Cardiovascular_Segmentation_for_Bioprinting_Project/outputs/topology_correction/mesh_qc/s0_original/case_outputs/893__s0_original/segmentation_repaired.stl,/Users/angadkumar16ak/Projects/Automated_Cardiovascular_Segmentation_for_Bioprinting_Project/outputs/topology_correction/mesh_qc/s0_original/case_outputs/893__s0_original/segmentation_smoothed.stl,True,0.595037284272612,3.141592653589793,0.532550438822294,3.139431464739963,-0.0024688764007281916,0.1346056976548945,True
894__s0_original,/Users/angadkumar16ak/Projects/Automated_Cardiovascular_Segmentation_for_Bioprinting_Project/outputs/topology_correction/case_outputs/894/mask__s0_original.nii.gz,ok,3.0,12,True,0,12,9111.859937516449,8541.631018241684,133.20000529289246,109.80000436306,91.2000036239624,0.4242640855706679,0.6000000238418579,0.5903684341868525,/Users/angadkumar16ak/Projects/Automated_Cardiovascular_Segmentation_for_Bioprinting_Project/outputs/topology_correction/mesh_qc/s0_original/case_outputs/894__s0_original/segmentation_raw.stl,/Users/angadkumar16ak/Projects/Automated_Cardiovascular_Segmentation_for_Bioprinting_Project/outputs/topology_correction/mesh_qc/s0_original/case_outputs/894__s0_original/segmentation_repaired.stl,/Users/angadkumar16ak/Projects/Automated_Cardiovascular_Segmentation_for_Bioprinting_Project/outputs/topology_correction/mesh_qc/s0_original/case_outputs/894__s0_original/segmentation_smoothed.stl,True,0.5875833720564844,3.141592653589793,0.5319837975179201,3.139305024471047,-0.0024767679400916607,0.13513109733323372,True
895__s0_original,/Users/angadkumar16ak/Projects/Automated_Cardiovascular_Segmentation_for_Bioprinting_Project/outputs/topology_correction/case_outputs/895/mask__s0_original.nii.gz,ok,3.0,17,True,0,14,9563.552334924938,7820.667932296194,106.20000422000885,99.00000393390656,73.20000290870667,0.4242640855706679,0.6000000238418579,0.5909825285664203,/Users/angadkumar16ak/Projects/Automated_Cardiovascular_Segmentation_for_Bioprinting_Project/outputs/topology_correction/mesh_qc/s0_original/case_outputs/895__s0_original/segmentation_raw.stl,/Users/angadkumar16ak/Projects/Automated_Cardiovascular_Segmentation_for_Bioprinting_Project/outputs/topology_correction/mesh_qc/s0_original/case_outputs/895__s0_original/segmentation_repaired.stl,/Users/angadkumar16ak/Projects/Automated_Cardiovascular_Segmentation_for_Bioprinting_Project/outputs/topology_correction/mesh_qc/s0_original/case_outputs/895__s0_original/segmentation_smoothed.stl,True,0.6079188551304554,3.141592653589793,0.5612335603665577,3.140638615970098,-0.00326343241419536,0.07176709546377792,True
896__s0_original,/Users/angadkumar16ak/Projects/Automated_Cardiovascular_Segmentation_for_Bioprinting_Project/outputs/topology_correction/case_outputs/896/mask__s0_original.nii.gz,ok,3.0,12,True,0,12,5093.899164189078,3901.0324650392704,107.40000426769257,86.40000343322754,94.20000374317169,0.4242640855706679,0.6000000238418579,0.5890035119152909,/Users/angadkumar16ak/Projects/Automated_Cardiovascular_Segmentation_for_Bioprinting_Project/outputs/topology_correction/mesh_qc/s0_original/case_outputs/896__s0_original/segmentation_raw.stl,/Users/angadkumar16ak/Projects/Automated_Cardiovascular_Segmentation_for_Bioprinting_Project/outputs/topology_correction/mesh_qc/s0_original/case_outputs/896__s0_original/segmentation_repaired.stl,/Users/angadkumar16ak/Projects/Automated_Cardiovascular_Segmentation_for_Bioprinting_Project/outputs/topology_correction/mesh_qc/s0_original/case_outputs/896__s0_original/segmentation_smoothed.stl,True,0.6097518471570631,3.141592653589793,0.5602653755159369,3.1411108793580595,-0.0042716436495827655,0.04645873944119558,True
897__s0_original,/Users/angadkumar16ak/Projects/Automated_Cardiovascular_Segmentation_for_Bioprinting_Project/outputs/topology_correction/case_outputs/897/mask__s0_original.nii.gz,ok,3.0,9,True,0,8,8781.08018592555,7411.752883549726,108.60000431537628,93.00000369548798,85.80000340938568,0.4242640855706679,0.6000000238418579,0.5906360286485045,/Users/angadkumar16ak/Projects/Automated_Cardiovascular_Segmentation_for_Bioprinting_Project/outputs/topology_correction/mesh_qc/s0_original/case_outputs/897__s0_original/segmentation_raw.stl,/Users/angadkumar16ak/Projects/Automated_Cardiovascular_Segmentation_for_Bioprinting_Project/outputs/topology_correction/mesh_qc/s0_original/case_outputs/897__s0_original/segmentation_repaired.stl,/Users/angadkumar16ak/Projects/Automated_Cardiovascular_Segmentation_for_Bioprinting_Project/outputs/topology_correction/mesh_qc/s0_original/case_outputs/897__s0_original/segmentation_smoothed.stl,True,0.5870247388346885,3.141592653589793,0.5348004290001328,3.1384969278188097,-0.002809005509908297,0.07344438720018318,True
898__s0_original,/Users/angadkumar16ak/Projects/Automated_Cardiovascular_Segmentation_for_Bioprinting_Project/outputs/topology_correction/case_outputs/898/mask__s0_original.nii.gz,ok,3.0,5,True,0,4,9824.621954944056,8674.246034050626,109.20000433921814,98.4000039100647,79.20000314712524,0.4242640855706679,0.6000000238418579,0.5894345394116275,/Users/angadkumar16ak/Projects/Automated_Cardiovascular_Segmentation_for_Bioprinting_Project/outputs/topology_correction/mesh_qc/s0_original/case_outputs/898__s0_original/segmentation_raw.stl,/Users/angadkumar16ak/Projects/Automated_Cardiovascular_Segmentation_for_Bioprinting_Project/outputs/topology_correction/mesh_qc/s0_original/case_outputs/898__s0_original/segmentation_repaired.stl,/Users/angadkumar16ak/Projects/Automated_Cardiovascular_Segmentation_for_Bioprinting_Project/outputs/topology_correction/mesh_qc/s0_original/case_outputs/898__s0_original/segmentation_smoothed.stl,True,0.5876783610836088,3.141592653589793,0.5314126611644325,3.1396831165754695,-0.002384313327516983,0.09330916927899686,True
899__s0_original,/Users/angadkumar16ak/Projects/Automated_Cardiovascular_Segmentation_for_Bioprinting_Project/outputs/topology_correction/case_outputs/899/mask__s0_original.nii.gz,ok,3.0,11,True,0,8,6992.122533620793,6587.334785271436,120.60000479221344,99.60000395774841,95.40000379085541,0.4242640855706679,0.6000000238418579,0.5884103821642174,/Users/angadkumar16ak/Projects/Automated_Cardiovascular_Segmentation_for_Bioprinting_Project/outputs/topology_correction/mesh_qc/s0_original/case_outputs/899__s0_original/segmentation_raw.stl,/Users/angadkumar16ak/Projects/Automated_Cardiovascular_Segmentation_for_Bioprinting_Project/outputs/topology_correction/mesh_qc/s0_original/case_outputs/899__s0_original/segmentation_repaired.stl,/Users/angadkumar16ak/Projects/Automated_Cardiovascular_Segmentation_for_Bioprinting_Project/outputs/topology_correction/mesh_qc/s0_original/case_outputs/899__s0_original/segmentation_smoothed.stl,True,0.5899697836485883,3.141592653589793,0.5294146895277184,3.140109981485997,-0.0024821167649900066,0.13501033324722295,True
900__s0_original,/Users/angadkumar16ak/Projects/Automated_Cardiovascular_Segmentation_for_Bioprinting_Project/outputs/topology_correction/case_outputs/900/mask__s0_original.nii.gz,ok,3.0,5,True,0,3,7068.019427660857,5982.138713126449,106.80000424385071,92.40000367164612,78.60000312328339,0.4242640855706679,0.6000000238418579,0.5902573478890075,/Users/angadkumar16ak/Projects/Automated_Cardiovascular_Segmentation_for_Bioprinting_Project/outputs/topology_correction/mesh_qc/s0_original/case_outputs/900__s0_original/segmentation_raw.stl,/Users/angadkumar16ak/Projects/Automated_Cardiovascular_Segmentation_for_Bioprinting_Project/outputs/topology_correction/mesh_qc/s0_original/case_outputs/900__s0_original/segmentation_repaired.stl,/Users/angadkumar16ak/Projects/Automated_Cardiovascular_Segmentation_for_Bioprinting_Project/outputs/topology_correction/mesh_qc/s0_original/case_outputs/900__s0_original/segmentation_smoothed.stl,True,0.566482101516958,3.141592653589793,0.5135487065001255,3.1376295404588026,-0.0028856458205649945,0.07411610340792227,True
901__s0_original,/Users/angadkumar16ak/Projects/Automated_Cardiovascular_Segmentation_for_Bioprinting_Project/outputs/topology_correction/case_outputs/901/mask__s0_original.nii.gz,ok,3.0,17,True,0,15,8314.260813603887,6978.015831844244,142.80000567436218,113.40000450611115,108.60000431537628,0.4242640855706679,0.6000000238418579,0.5917348317376951,/Users/angadkumar16ak/Projects/Automated_Cardiovascular_Segmentation_for_Bioprinting_Project/outputs/topology_correction/mesh_qc/s0_original/case_outputs/901__s0_original/segmentation_raw.stl,/Users/angadkumar16ak/Projects/Automated_Cardiovascular_Segmentation_for_Bioprinting_Project/outputs/topology_correction/mesh_qc/s0_original/case_outputs/901__s0_original/segmentation_repaired.stl,/Users/angadkumar16ak/Projects/Automated_Cardiovascular_Segmentation_for_Bioprinting_Project/outputs/topology_correction/mesh_qc/s0_original/case_outputs/901__s0_original/segmentation_smoothed.stl,True,0.6114114456832581,3.141592653589793,0.5614362536245827,3.1404521205513927,-0.0033529944258998425,0.07512079496763606,True
902__s0_original,/Users/angadkumar16ak/Projects/Automated_Cardiovascular_Segmentation_for_Bioprinting_Project/outputs/topology_correction/case_outputs/902/mask__s0_original.nii.gz,ok,3.0,10,True,0,9,10291.849057031812,8232.759981421395,104.40000414848328,86.40000343322754,98.4000039100647,0.4242640855706679,0.6000000238418579,0.5908899531094015,/Users/angadkumar16ak/Projects/Automated_Cardiovascular_Segmentation_for_Bioprinting_Project/outputs/topology_correction/mesh_qc/s0_original/case_outputs/902__s0_original/segmentation_raw.stl,/Users/angadkumar16ak/Projects/Automated_Cardiovascular_Segmentation_for_Bioprinting_Project/outputs/topology_correction/mesh_qc/s0_original/case_outputs/902__s0_original/segmentation_repaired.stl,/Users/angadkumar16ak/Projects/Automated_Cardiovascular_Segmentation_for_Bioprinting_Project/outputs/topology_correction/mesh_qc/s0_original/case_outputs/902__s0_original/segmentation_smoothed.stl,True,0.5796841216218649,3.141592653589793,0.5168455409019294,3.141386056675026,-0.003545119033372903,0.05817302746631005,True
903__s0_original,/Users/angadkumar16ak/Projects/Automated_Cardiovascular_Segmentation_for_Bioprinting_Project/outputs/topology_correction/case_outputs/903/mask__s0_original.nii.gz,ok,3.0,8,True,0,7,7570.402634084914,6472.107771535307,115.80000460147858,96.00000381469727,85.20000338554382,0.4242640855706679,0.6000000238418579,0.5893062742054204,/Users/angadkumar16ak/Projects/Automated_Cardiovascular_Segmentation_for_Bioprinting_Project/outputs/topology_correction/mesh_qc/s0_original/case_outputs/903__s0_original/segmentation_raw.stl,/Users/angadkumar16ak/Projects/Automated_Cardiovascular_Segmentation_for_Bioprinting_Project/outputs/topology_correction/mesh_qc/s0_original/case_outputs/903__s0_original/segmentation_repaired.stl,/Users/angadkumar16ak/Projects/Automated_Cardiovascular_Segmentation_for_Bioprinting_Project/outputs/topology_correction/mesh_qc/s0_original/case_outputs/903__s0_original/segmentation_smoothed.stl,True,0.5746227442036649,3.141592653589793,0.5179492420163176,3.1394676227712814,-0.0028070601082863605,0.08537984851962359,True
904__s0_original,/Users/angadkumar16ak/Projects/Automated_Cardiovascular_Segmentation_for_Bioprinting_Project/outputs/topology_correction/case_outputs/904/mask__s0_original.nii.gz,ok,3.0,16,False,68,16,8865.166330203565,not_watertight,147.30000585317612,93.00000369548798,75.30000299215317,0.4242640855706679,0.6000000238418579,0.5911100166326884,/Users/angadkumar16ak/Projects/Automated_Cardiovascular_Segmentation_for_Bioprinting_Project/outputs/topology_correction/mesh_qc/s0_original/case_outputs/904__s0_original/segmentation_raw.stl,/Users/angadkumar16ak/Projects/Automated_Cardiovascular_Segmentation_for_Bioprinting_Project/outputs/topology_correction/mesh_qc/s0_original/case_outputs/904__s0_original/segmentation_repaired.stl,/Users/angadkumar16ak/Projects/Automated_Cardiovascular_Segmentation_for_Bioprinting_Project/outputs/topology_correction/mesh_qc/s0_original/case_outputs/904__s0_original/segmentation_smoothed.stl,True,0.6077333570323297,3.141592653589793,0.5602154468562743,3.137200148524374,not_watertight,0.09549295009372707,False
905__s0_original,/Users/angadkumar16ak/Projects/Automated_Cardiovascular_Segmentation_for_Bioprinting_Project/outputs/topology_correction/case_outputs/905/mask__s0_original.nii.gz,ok,3.0,12,True,0,11,8195.797509969538,6655.0327933416675,154.80000615119934,102.6000040769577,91.2000036239624,0.4242640855706679,0.6000000238418579,0.590234307933724,/Users/angadkumar16ak/Projects/Automated_Cardiovascular_Segmentation_for_Bioprinting_Project/outputs/topology_correction/mesh_qc/s0_original/case_outputs/905__s0_original/segmentation_raw.stl,/Users/angadkumar16ak/Projects/Automated_Cardiovascular_Segmentation_for_Bioprinting_Project/outputs/topology_correction/mesh_qc/s0_original/case_outputs/905__s0_original/segmentation_repaired.stl,/Users/angadkumar16ak/Projects/Automated_Cardiovascular_Segmentation_for_Bioprinting_Project/outputs/topology_correction/mesh_qc/s0_original/case_outputs/905__s0_original/segmentation_smoothed.stl,True,0.5581536440061629,3.141592653589793,0.5051954319337707,3.137200350026183,-0.003297737431033711,0.06136023678431622,True
906__s0_original,/Users/angadkumar16ak/Projects/Automated_Cardiovascular_Segmentation_for_Bioprinting_Project/outputs/topology_correction/case_outputs/906/mask__s0_original.nii.gz,ok,3.0,12,True,0,11,6600.911186331643,5904.720703897506,108.60000431537628,86.40000343322754,84.60000336170197,0.4242640855706679,0.6000000238418579,0.5904592771772084,/Users/angadkumar16ak/Projects/Automated_Cardiovascular_Segmentation_for_Bioprinting_Project/outputs/topology_correction/mesh_qc/s0_original/case_outputs/906__s0_original/segmentation_raw.stl,/Users/angadkumar16ak/Projects/Automated_Cardiovascular_Segmentation_for_Bioprinting_Project/outputs/topology_correction/mesh_qc/s0_original/case_outputs/906__s0_original/segmentation_repaired.stl,/Users/angadkumar16ak/Projects/Automated_Cardiovascular_Segmentation_for_Bioprinting_Project/outputs/topology_correction/mesh_qc/s0_original/case_outputs/906__s0_original/segmentation_smoothed.stl,True,0.5700786893753349,3.141592653589793,0.5164421324718352,3.1396164207103143,-0.003095265085485883,0.10860884268086485,True
907__s0_original,/Users/angadkumar16ak/Projects/Automated_Cardiovascular_Segmentation_for_Bioprinting_Project/outputs/topology_correction/case_outputs/907/mask__s0_original.nii.gz,ok,3.0,9,True,0,9,7073.977689716599,6122.457729853776,114.60000455379486,100.80000400543213,78.60000312328339,0.4242640855706679,0.6000000238418579,0.5919699387329099,/Users/angadkumar16ak/Projects/Automated_Cardiovascular_Segmentation_for_Bioprinting_Project/outputs/topology_correction/mesh_qc/s0_original/case_outputs/907__s0_original/segmentation_raw.stl,/Users/angadkumar16ak/Projects/Automated_Cardiovascular_Segmentation_for_Bioprinting_Project/outputs/topology_correction/mesh_qc/s0_original/case_outputs/907__s0_original/segmentation_repaired.stl,/Users/angadkumar16ak/Projects/Automated_Cardiovascular_Segmentation_for_Bioprinting_Project/outputs/topology_correction/mesh_qc/s0_original/case_outputs/907__s0_original/segmentation_smoothed.stl,True,0.5912365080258619,3.141592653589793,0.5380165282267065,3.1402908255994118,-0.003036005107989349,0.09836803991545684,True
908__s0_original,/Users/angadkumar16ak/Projects/Automated_Cardiovascular_Segmentation_for_Bioprinting_Project/outputs/topology_correction/case_outputs/908/mask__s0_original.nii.gz,ok,3.0,10,True,0,9,8249.611241026278,6952.356828785451,122.40000486373901,105.00000417232513,90.00000357627869,0.4242640855706679,0.6000000238418579,0.5897934864269173,/Users/angadkumar16ak/Projects/Automated_Cardiovascular_Segmentation_for_Bioprinting_Project/outputs/topology_correction/mesh_qc/s0_original/case_outputs/908__s0_original/segmentation_raw.stl,/Users/angadkumar16ak/Projects/Automated_Cardiovascular_Segmentation_for_Bioprinting_Project/outputs/topology_correction/mesh_qc/s0_original/case_outputs/908__s0_original/segmentation_repaired.stl,/Users/angadkumar16ak/Projects/Automated_Cardiovascular_Segmentation_for_Bioprinting_Project/outputs/topology_correction/mesh_qc/s0_original/case_outputs/908__s0_original/segmentation_smoothed.stl,True,0.5735612981097111,3.141592653589793,0.5156953069099439,3.141592653589793,-0.002932934330920788,0.07242883729444427,True
909__s0_original,/Users/angadkumar16ak/Projects/Automated_Cardiovascular_Segmentation_for_Bioprinting_Project/outputs/topology_correction/case_outputs/909/mask__s0_original.nii.gz,ok,3.0,10,True,0,9,6753.554474335804,5334.390635908867,111.60000443458557,99.60000395774841,90.60000360012054,0.4242640855706679,0.6000000238418579,0.5907718495804576,/Users/angadkumar16ak/Projects/Automated_Cardiovascular_Segmentation_for_Bioprinting_Project/outputs/topology_correction/mesh_qc/s0_original/case_outputs/909__s0_original/segmentation_raw.stl,/Users/angadkumar16ak/Projects/Automated_Cardiovascular_Segmentation_for_Bioprinting_Project/outputs/topology_correction/mesh_qc/s0_original/case_outputs/909__s0_original/segmentation_repaired.stl,/Users/angadkumar16ak/Projects/Automated_Cardiovascular_Segmentation_for_Bioprinting_Project/outputs/topology_correction/mesh_qc/s0_original/case_outputs/909__s0_original/segmentation_smoothed.stl,True,0.5751251835653802,3.141592653589793,0.5204497829488955,3.141592638688632,-0.003317691679450904,0.04838965571949865,True
910__s0_original,/Users/angadkumar16ak/Projects/Automated_Cardiovascular_Segmentation_for_Bioprinting_Project/outputs/topology_correction/case_outputs/910/mask__s0_original.nii.gz,ok,3.0,11,True,0,9,10211.83519267319,8230.01498109416,112.80000448226929,91.80000364780426,90.60000360012054,0.4242640855706679,0.6000000238418579,0.5918282531838616,/Users/angadkumar16ak/Projects/Automated_Cardiovascular_Segmentation_for_Bioprinting_Project/outputs/topology_correction/mesh_qc/s0_original/case_outputs/910__s0_original/segmentation_raw.stl,/Users/angadkumar16ak/Projects/Automated_Cardiovascular_Segmentation_for_Bioprinting_Project/outputs/topology_correction/mesh_qc/s0_original/case_outputs/910__s0_original/segmentation_repaired.stl,/Users/angadkumar16ak/Projects/Automated_Cardiovascular_Segmentation_for_Bioprinting_Project/outputs/topology_correction/mesh_qc/s0_original/case_outputs/910__s0_original/segmentation_smoothed.stl,True,0.6061294450408876,3.141592653589793,0.5568461735635498,3.140692586492495,-0.0034973779902438685,0.06691526295486691,True
911__s0_original,/Users/angadkumar16ak/Projects/Automated_Cardiovascular_Segmentation_for_Bioprinting_Project/outputs/topology_correction/case_outputs/911/mask__s0_original.nii.gz,ok,3.0,6,True,0,6,7273.93081320553,6135.462731404093,139.20000553131104,114.000004529953,85.20000338554382,0.4242640855706679,0.6000000238418579,0.5896366041020146,/Users/angadkumar16ak/Projects/Automated_Cardiovascular_Segmentation_for_Bioprinting_Project/outputs/topology_correction/mesh_qc/s0_original/case_outputs/911__s0_original/segmentation_raw.stl,/Users/angadkumar16ak/Projects/Automated_Cardiovascular_Segmentation_for_Bioprinting_Project/outputs/topology_correction/mesh_qc/s0_original/case_outputs/911__s0_original/segmentation_repaired.stl,/Users/angadkumar16ak/Projects/Automated_Cardiovascular_Segmentation_for_Bioprinting_Project/outputs/topology_correction/mesh_qc/s0_original/case_outputs/911__s0_original/segmentation_smoothed.stl,True,0.577544207197387,3.141592653589793,0.5182452804554974,3.13828237194633,-0.003041911404540736,0.07743898223051926,True
912__s0_original,/Users/angadkumar16ak/Projects/Automated_Cardiovascular_Segmentation_for_Bioprinting_Project/outputs/topology_correction/case_outputs/912/mask__s0_original.nii.gz,ok,3.0,10,True,0,10,8196.124540782084,6921.48682510546,134.40000534057617,120.00000476837158,96.00000381469727,0.4242640855706679,0.6000000238418579,0.589474483424394,/Users/angadkumar16ak/Projects/Automated_Cardiovascular_Segmentation_for_Bioprinting_Project/outputs/topology_correction/mesh_qc/s0_original/case_outputs/912__s0_original/segmentation_raw.stl,/Users/angadkumar16ak/Projects/Automated_Cardiovascular_Segmentation_for_Bioprinting_Project/outputs/topology_correction/mesh_qc/s0_original/case_outputs/912__s0_original/segmentation_repaired.stl,/Users/angadkumar16ak/Projects/Automated_Cardiovascular_Segmentation_for_Bioprinting_Project/outputs/topology_correction/mesh_qc/s0_original/case_outputs/912__s0_original/segmentation_smoothed.stl,True,0.5764224610340051,3.141592653589793,0.5221905315356119,3.140037131964257,-0.003359768028772466,0.08675407425560593,True
913__s0_original,/Users/angadkumar16ak/Projects/Automated_Cardiovascular_Segmentation_for_Bioprinting_Project/outputs/topology_correction/case_outputs/913/mask__s0_original.nii.gz,ok,3.0,10,True,0,8,9139.402368428677,7569.675902375616,142.80000567436218,141.0000056028366,88.20000350475311,0.4242640855706679,0.6000000238418579,0.590937620279727,/Users/angadkumar16ak/Projects/Automated_Cardiovascular_Segmentation_for_Bioprinting_Project/outputs/topology_correction/mesh_qc/s0_original/case_outputs/913__s0_original/segmentation_raw.stl,/Users/angadkumar16ak/Projects/Automated_Cardiovascular_Segmentation_for_Bioprinting_Project/outputs/topology_correction/mesh_qc/s0_original/case_outputs/913__s0_original/segmentation_repaired.stl,/Users/angadkumar16ak/Projects/Automated_Cardiovascular_Segmentation_for_Bioprinting_Project/outputs/topology_correction/mesh_qc/s0_original/case_outputs/913__s0_original/segmentation_smoothed.stl,True,0.5991613817454565,3.141592653589793,0.5464215537146733,3.1405103629876385,-0.0032297219125460605,0.0726289843706235,True
914__s0_original,/Users/angadkumar16ak/Projects/Automated_Cardiovascular_Segmentation_for_Bioprinting_Project/outputs/topology_correction/case_outputs/914/mask__s0_original.nii.gz,ok,3.0,10,True,0,10,5790.311008466733,4799.529572148465,95.40000379085541,78.00000309944153,100.20000398159027,0.4242640855706679,0.6000000238418579,0.5900067873390393,/Users/angadkumar16ak/Projects/Automated_Cardiovascular_Segmentation_for_Bioprinting_Project/outputs/topology_correction/mesh_qc/s0_original/case_outputs/914__s0_original/segmentation_raw.stl,/Users/angadkumar16ak/Projects/Automated_Cardiovascular_Segmentation_for_Bioprinting_Project/outputs/topology_correction/mesh_qc/s0_original/case_outputs/914__s0_original/segmentation_repaired.stl,/Users/angadkumar16ak/Projects/Automated_Cardiovascular_Segmentation_for_Bioprinting_Project/outputs/topology_correction/mesh_qc/s0_original/case_outputs/914__s0_original/segmentation_smoothed.stl,True,0.5733806573466546,3.141592653589793,0.5168607343522498,3.1376914025706135,-0.0032047075574699424,0.05999293161335925,True
915__s0_original,/Users/angadkumar16ak/Projects/Automated_Cardiovascular_Segmentation_for_Bioprinting_Project/outputs/topology_correction/case_outputs/915/mask__s0_original.nii.gz,ok,3.0,9,True,0,8,10780.246195591231,9772.49816497247,122.40000486373901,98.4000039100647,97.80000388622284,0.4242640855706679,0.6000000238418579,0.5917374472366298,/Users/angadkumar16ak/Projects/Automated_Cardiovascular_Segmentation_for_Bioprinting_Project/outputs/topology_correction/mesh_qc/s0_original/case_outputs/915__s0_original/segmentation_raw.stl,/Users/angadkumar16ak/Projects/Automated_Cardiovascular_Segmentation_for_Bioprinting_Project/outputs/topology_correction/mesh_qc/s0_original/case_outputs/915__s0_original/segmentation_repaired.stl,/Users/angadkumar16ak/Projects/Automated_Cardiovascular_Segmentation_for_Bioprinting_Project/outputs/topology_correction/mesh_qc/s0_original/case_outputs/915__s0_original/segmentation_smoothed.stl,True,0.5779830542317902,3.141592653589793,0.5151613472497717,3.140415412576028,-0.00242173233530608,0.11177814029363785,True
916__s0_original,/Users/angadkumar16ak/Projects/Automated_Cardiovascular_Segmentation_for_Bioprinting_Project/outputs/topology_correction/case_outputs/916/mask__s0_original.nii.gz,ok,3.0,7,True,0,7,8174.938412713845,6995.970833984645,128.4000051021576,114.60000455379486,96.00000381469727,0.4242640855706679,0.6000000238418579,0.5898163947631657,/Users/angadkumar16ak/Projects/Automated_Cardiovascular_Segmentation_for_Bioprinting_Project/outputs/topology_correction/mesh_qc/s0_original/case_outputs/916__s0_original/segmentation_raw.stl,/Users/angadkumar16ak/Projects/Automated_Cardiovascular_Segmentation_for_Bioprinting_Project/outputs/topology_correction/mesh_qc/s0_original/case_outputs/916__s0_original/segmentation_repaired.stl,/Users/angadkumar16ak/Projects/Automated_Cardiovascular_Segmentation_for_Bioprinting_Project/outputs/topology_correction/mesh_qc/s0_original/case_outputs/916__s0_original/segmentation_smoothed.stl,True,0.5773068876409322,3.141592653589793,0.5222805081334411,3.137791406015349,-0.00275910593701577,0.0848598811112459,True
917__s0_original,/Users/angadkumar16ak/Projects/Automated_Cardiovascular_Segmentation_for_Bioprinting_Project/outputs/topology_correction/case_outputs/917/mask__s0_original.nii.gz,ok,3.0,11,True,0,11,9944.191683917723,9358.282115594075,145.20000576972961,113.40000450611115,85.80000340938568,0.4242640855706679,0.6000000238418579,0.5915561257481283,/Users/angadkumar16ak/Projects/Automated_Cardiovascular_Segmentation_for_Bioprinting_Project/outputs/topology_correction/mesh_qc/s0_original/case_outputs/917__s0_original/segmentation_raw.stl,/Users/angadkumar16ak/Projects/Automated_Cardiovascular_Segmentation_for_Bioprinting_Project/outputs/topology_correction/mesh_qc/s0_original/case_outputs/917__s0_original/segmentation_repaired.stl,/Users/angadkumar16ak/Projects/Automated_Cardiovascular_Segmentation_for_Bioprinting_Project/outputs/topology_correction/mesh_qc/s0_original/case_outputs/917__s0_original/segmentation_smoothed.stl,True,0.5803761784317921,3.141592653589793,0.5248027769416057,3.1404216028263807,-0.002340005358913317,0.12488632229901782,True
918__s0_original,/Users/angadkumar16ak/Projects/Automated_Cardiovascular_Segmentation_for_Bioprinting_Project/outputs/topology_correction/case_outputs/918/mask__s0_original.nii.gz,ok,3.0,15,True,0,14,6810.978193976755,5860.017698568491,108.60000431537628,84.60000336170197,92.40000367164612,0.4242640855706679,0.6000000238418579,0.5902921147497163,/Users/angadkumar16ak/Projects/Automated_Cardiovascular_Segmentation_for_Bioprinting_Project/outputs/topology_correction/mesh_qc/s0_original/case_outputs/918__s0_original/segmentation_raw.stl,/Users/angadkumar16ak/Projects/Automated_Cardiovascular_Segmentation_for_Bioprinting_Project/outputs/topology_correction/mesh_qc/s0_original/case_outputs/918__s0_original/segmentation_repaired.stl,/Users/angadkumar16ak/Projects/Automated_Cardiovascular_Segmentation_for_Bioprinting_Project/outputs/topology_correction/mesh_qc/s0_original/case_outputs/918__s0_original/segmentation_smoothed.stl,True,0.5758369007920262,3.141592653589793,0.5167883199825978,3.1381973475577016,-0.003174968695860739,0.082413006481515,True
919__s0_original,/Users/angadkumar16ak/Projects/Automated_Cardiovascular_Segmentation_for_Bioprinting_Project/outputs/topology_correction/case_outputs/919/mask__s0_original.nii.gz,ok,3.0,6,True,0,6,7790.743519094519,7010.388835703408,108.60000431537628,105.00000417232513,89.40000355243683,0.4242640855706679,0.6000000238418579,0.5897912318539538,/Users/angadkumar16ak/Projects/Automated_Cardiovascular_Segmentation_for_Bioprinting_Project/outputs/topology_correction/mesh_qc/s0_original/case_outputs/919__s0_original/segmentation_raw.stl,/Users/angadkumar16ak/Projects/Automated_Cardiovascular_Segmentation_for_Bioprinting_Project/outputs/topology_correction/mesh_qc/s0_original/case_outputs/919__s0_original/segmentation_repaired.stl,/Users/angadkumar16ak/Projects/Automated_Cardiovascular_Segmentation_for_Bioprinting_Project/outputs/topology_correction/mesh_qc/s0_original/case_outputs/919__s0_original/segmentation_smoothed.stl,True,0.5984781922372797,3.141592653589793,0.5416434063379184,3.1406340941517787,-0.0026547031391244793,0.11286948613005912,True
920__s0_original,/Users/angadkumar16ak/Projects/Automated_Cardiovascular_Segmentation_for_Bioprinting_Project/outputs/topology_correction/case_outputs/920/mask__s0_original.nii.gz,ok,3.0,19,True,0,18,8323.323386614225,6520.707777328879,138.00000548362732,95.40000379085541,90.00000357627869,0.4242640855706679,0.6000000238418579,0.5892462528691528,/Users/angadkumar16ak/Projects/Automated_Cardiovascular_Segmentation_for_Bioprinting_Project/outputs/topology_correction/mesh_qc/s0_original/case_outputs/920__s0_original/segmentation_raw.stl,/Users/angadkumar16ak/Projects/Automated_Cardiovascular_Segmentation_for_Bioprinting_Project/outputs/topology_correction/mesh_qc/s0_original/case_outputs/920__s0_original/segmentation_repaired.stl,/Users/angadkumar16ak/Projects/Automated_Cardiovascular_Segmentation_for_Bioprinting_Project/outputs/topology_correction/mesh_qc/s0_original/case_outputs/920__s0_original/segmentation_smoothed.stl,True,0.6026471001387679,3.141592653589793,0.559177649280784,3.132984969828513,-0.0037451467029587506,0.052532589662105195,True
921__s0_original,/Users/angadkumar16ak/Projects/Automated_Cardiovascular_Segmentation_for_Bioprinting_Project/outputs/topology_correction/case_outputs/921/mask__s0_original.nii.gz,ok,3.0,10,True,0,7,8389.648143897779,7297.263869901577,156.00000619888306,111.60000443458557,87.0000034570694,0.4242640855706679,0.6000000238418579,0.5917631150114144,/Users/angadkumar16ak/Projects/Automated_Cardiovascular_Segmentation_for_Bioprinting_Project/outputs/topology_correction/mesh_qc/s0_original/case_outputs/921__s0_original/segmentation_raw.stl,/Users/angadkumar16ak/Projects/Automated_Cardiovascular_Segmentation_for_Bioprinting_Project/outputs/topology_correction/mesh_qc/s0_original/case_outputs/921__s0_original/segmentation_repaired.stl,/Users/angadkumar16ak/Projects/Automated_Cardiovascular_Segmentation_for_Bioprinting_Project/outputs/topology_correction/mesh_qc/s0_original/case_outputs/921__s0_original/segmentation_smoothed.stl,True,0.5770031387523069,3.141592653589793,0.5208105894345033,3.141592653589793,-0.002516609668938576,0.08772695530726257,True
922__s0_original,/Users/angadkumar16ak/Projects/Automated_Cardiovascular_Segmentation_for_Bioprinting_Project/outputs/topology_correction/case_outputs/922/mask__s0_original.nii.gz,ok,3.0,20,True,0,18,4304.50762853678,3466.2874132136276,104.40000414848328,86.40000343322754,66.60000264644623,0.4242640855706679,0.6000000238418579,0.5880428371538858,/Users/angadkumar16ak/Projects/Automated_Cardiovascular_Segmentation_for_Bioprinting_Project/outputs/topology_correction/mesh_qc/s0_original/case_outputs/922__s0_original/segmentation_raw.stl,/Users/angadkumar16ak/Projects/Automated_Cardiovascular_Segmentation_for_Bioprinting_Project/outputs/topology_correction/mesh_qc/s0_original/case_outputs/922__s0_original/segmentation_repaired.stl,/Users/angadkumar16ak/Projects/Automated_Cardiovascular_Segmentation_for_Bioprinting_Project/outputs/topology_correction/mesh_qc/s0_original/case_outputs/922__s0_original/segmentation_smoothed.stl,True,0.5947726555713212,3.141592653589793,0.5384188605947693,3.1382674503243684,-0.004589556702030669,0.08037292060203521,True
923__s0_original,/Users/angadkumar16ak/Projects/Automated_Cardiovascular_Segmentation_for_Bioprinting_Project/outputs/topology_correction/case_outputs/923/mask__s0_original.nii.gz,ok,3.0,7,True,0,6,9464.512735636205,9084.943083009524,122.40000486373901,126.60000503063202,99.60000395774841,0.4242640855706679,0.6000000238418579,0.5908173459523504,/Users/angadkumar16ak/Projects/Automated_Cardiovascular_Segmentation_for_Bioprinting_Project/outputs/topology_correction/mesh_qc/s0_original/case_outputs/923__s0_original/segmentation_raw.stl,/Users/angadkumar16ak/Projects/Automated_Cardiovascular_Segmentation_for_Bioprinting_Project/outputs/topology_correction/mesh_qc/s0_original/case_outputs/923__s0_original/segmentation_repaired.stl,/Users/angadkumar16ak/Projects/Automated_Cardiovascular_Segmentation_for_Bioprinting_Project/outputs/topology_correction/mesh_qc/s0_original/case_outputs/923__s0_original/segmentation_smoothed.stl,True,0.5803377325550161,3.141592653589793,0.5200913536618547,3.139281492763645,-0.002171130418135425,0.13855167565033982,True
924__s0_original,/Users/angadkumar16ak/Projects/Automated_Cardiovascular_Segmentation_for_Bioprinting_Project/outputs/topology_correction/case_outputs/924/mask__s0_original.nii.gz,ok,3.0,9,True,0,8,9895.836498165487,7873.911938643374,111.60000443458557,67.20000267028809,123.60000491142273,0.4242640855706679,0.6000000238418579,0.5928714984783361,/Users/angadkumar16ak/Projects/Automated_Cardiovascular_Segmentation_for_Bioprinting_Project/outputs/topology_correction/mesh_qc/s0_original/case_outputs/924__s0_original/segmentation_raw.stl,/Users/angadkumar16ak/Projects/Automated_Cardiovascular_Segmentation_for_Bioprinting_Project/outputs/topology_correction/mesh_qc/s0_original/case_outputs/924__s0_original/segmentation_repaired.stl,/Users/angadkumar16ak/Projects/Automated_Cardiovascular_Segmentation_for_Bioprinting_Project/outputs/topology_correction/mesh_qc/s0_original/case_outputs/924__s0_original/segmentation_smoothed.stl,True,0.5533841504436374,3.141592653589793,0.4886908653651757,3.1375909373602817,-0.0034160171204934042,0.05177331682901889,True
925__s0_original,/Users/angadkumar16ak/Projects/Automated_Cardiovascular_Segmentation_for_Bioprinting_Project/outputs/topology_correction/case_outputs/925/mask__s0_original.nii.gz,ok,3.0,19,False,82,16,8538.003327265455,not_watertight,156.90000623464584,109.80000436306,117.90000468492508,0.4242640855706679,0.6000000238418579,0.5912532334531438,/Users/angadkumar16ak/Projects/Automated_Cardiovascular_Segmentation_for_Bioprinting_Project/outputs/topology_correction/mesh_qc/s0_original/case_outputs/925__s0_original/segmentation_raw.stl,/Users/angadkumar16ak/Projects/Automated_Cardiovascular_Segmentation_for_Bioprinting_Project/outputs/topology_correction/mesh_qc/s0_original/case_outputs/925__s0_original/segmentation_repaired.stl,/Users/angadkumar16ak/Projects/Automated_Cardiovascular_Segmentation_for_Bioprinting_Project/outputs/topology_correction/mesh_qc/s0_original/case_outputs/925__s0_original/segmentation_smoothed.stl,True,0.5895653170941316,3.141592653589793,0.5352040829157907,3.141507282021746,not_watertight,0.07376369558779983,False
926__s0_original,/Users/angadkumar16ak/Projects/Automated_Cardiovascular_Segmentation_for_Bioprinting_Project/outputs/topology_correction/case_outputs/926/mask__s0_original.nii.gz,ok,3.0,9,True,0,9,5941.213416394272,4981.050593787454,103.20000410079956,92.40000367164612,111.00000441074371,0.4242640855706679,0.6000000238418579,0.587225439905117,/Users/angadkumar16ak/Projects/Automated_Cardiovascular_Segmentation_for_Bioprinting_Project/outputs/topology_correction/mesh_qc/s0_original/case_outputs/926__s0_original/segmentation_raw.stl,/Users/angadkumar16ak/Projects/Automated_Cardiovascular_Segmentation_for_Bioprinting_Project/outputs/topology_correction/mesh_qc/s0_original/case_outputs/926__s0_original/segmentation_repaired.stl,/Users/angadkumar16ak/Projects/Automated_Cardiovascular_Segmentation_for_Bioprinting_Project/outputs/topology_correction/mesh_qc/s0_original/case_outputs/926__s0_original/segmentation_smoothed.stl,True,0.568929221238623,3.141592653589793,0.5022848072461887,3.135340124765133,-0.0033487103400757787,0.07582010807131005,True
927__s0_original,/Users/angadkumar16ak/Projects/Automated_Cardiovascular_Segmentation_for_Bioprinting_Project/outputs/topology_correction/case_outputs/927/mask__s0_original.nii.gz,ok,3.0,13,True,0,13,7808.306194334339,5953.941709765107,107.40000426769257,94.20000374317169,90.00000357627869,0.4242640855706679,0.6000000238418579,0.5899759834697457,/Users/angadkumar16ak/Projects/Automated_Cardiovascular_Segmentation_for_Bioprinting_Project/outputs/topology_correction/mesh_qc/s0_original/case_outputs/927__s0_original/segmentation_raw.stl,/Users/angadkumar16ak/Projects/Automated_Cardiovascular_Segmentation_for_Bioprinting_Project/outputs/topology_correction/mesh_qc/s0_original/case_outputs/927__s0_original/segmentation_repaired.stl,/Users/angadkumar16ak/Projects/Automated_Cardiovascular_Segmentation_for_Bioprinting_Project/outputs/topology_correction/mesh_qc/s0_original/case_outputs/927__s0_original/segmentation_smoothed.stl,True,0.5685051402490675,3.141592653589793,0.5153915499986219,3.140356578068391,-0.0038871217786086362,0.04470780257602101,True
928__s0_original,/Users/angadkumar16ak/Projects/Automated_Cardiovascular_Segmentation_for_Bioprinting_Project/outputs/topology_correction/case_outputs/928/mask__s0_original.nii.gz,ok,3.0,8,True,0,7,7685.4393113452,7140.132851170099,128.4000051021576,108.60000431537628,90.00000357627869,0.4242640855706679,0.6000000238418579,0.5917117816157154,/Users/angadkumar16ak/Projects/Automated_Cardiovascular_Segmentation_for_Bioprinting_Project/outputs/topology_correction/mesh_qc/s0_original/case_outputs/928__s0_original/segmentation_raw.stl,/Users/angadkumar16ak/Projects/Automated_Cardiovascular_Segmentation_for_Bioprinting_Project/outputs/topology_correction/mesh_qc/s0_original/case_outputs/928__s0_original/segmentation_repaired.stl,/Users/angadkumar16ak/Projects/Automated_Cardiovascular_Segmentation_for_Bioprinting_Project/outputs/topology_correction/mesh_qc/s0_original/case_outputs/928__s0_original/segmentation_smoothed.stl,True,0.5778025095348742,3.141592653589793,0.517014305196626,3.1377635356939844,-0.002529073238632418,0.11885673412213513,True
929__s0_original,/Users/angadkumar16ak/Projects/Automated_Cardiovascular_Segmentation_for_Bioprinting_Project/outputs/topology_correction/case_outputs/929/mask__s0_original.nii.gz,ok,3.0,17,True,0,17,6990.164737907031,6393.015762106807,105.00000417232513,106.20000422000885,85.20000338554382,0.4242640855706679,0.6000000238418579,0.5888642862521596,/Users/angadkumar16ak/Projects/Automated_Cardiovascular_Segmentation_for_Bioprinting_Project/outputs/topology_correction/mesh_qc/s0_original/case_outputs/929__s0_original/segmentation_raw.stl,/Users/angadkumar16ak/Projects/Automated_Cardiovascular_Segmentation_for_Bioprinting_Project/outputs/topology_correction/mesh_qc/s0_original/case_outputs/929__s0_original/segmentation_repaired.stl,/Users/angadkumar16ak/Projects/Automated_Cardiovascular_Segmentation_for_Bioprinting_Project/outputs/topology_correction/mesh_qc/s0_original/case_outputs/929__s0_original/segmentation_smoothed.stl,True,0.6025115065809286,3.141592653589793,0.5466253089926476,3.139513336841472,-0.0030826469370446555,0.13160780144200418,True
930__s0_original,/Users/angadkumar16ak/Projects/Automated_Cardiovascular_Segmentation_for_Bioprinting_Project/outputs/topology_correction/case_outputs/930/mask__s0_original.nii.gz,ok,3.0,10,True,0,9,8013.620256961259,7474.059890977299,115.80000460147858,99.60000395774841,78.60000312328339,0.4242640855706679,0.6000000238418579,0.5900496952261717,/Users/angadkumar16ak/Projects/Automated_Cardiovascular_Segmentation_for_Bioprinting_Project/outputs/topology_correction/mesh_qc/s0_original/case_outputs/930__s0_original/segmentation_raw.stl,/Users/angadkumar16ak/Projects/Automated_Cardiovascular_Segmentation_for_Bioprinting_Project/outputs/topology_correction/mesh_qc/s0_original/case_outputs/930__s0_original/segmentation_repaired.stl,/Users/angadkumar16ak/Projects/Automated_Cardiovascular_Segmentation_for_Bioprinting_Project/outputs/topology_correction/mesh_qc/s0_original/case_outputs/930__s0_original/segmentation_smoothed.stl,True,0.5994123584756248,3.141592653589793,0.542227128578005,3.13963305061859,-0.002623174020609562,0.12835685025034138,True
931__s0_original,/Users/angadkumar16ak/Projects/Automated_Cardiovascular_Segmentation_for_Bioprinting_Project/outputs/topology_correction/case_outputs/931/mask__s0_original.nii.gz,ok,3.0,23,True,0,20,4976.715646912136,3708.450442081709,146.40000581741333,99.60000395774841,89.40000355243683,0.4242640855706679,0.6000000238418579,0.5905183923123899,/Users/angadkumar16ak/Projects/Automated_Cardiovascular_Segmentation_for_Bioprinting_Project/outputs/topology_correction/mesh_qc/s0_original/case_outputs/931__s0_original/segmentation_raw.stl,/Users/angadkumar16ak/Projects/Automated_Cardiovascular_Segmentation_for_Bioprinting_Project/outputs/topology_correction/mesh_qc/s0_original/case_outputs/931__s0_original/segmentation_repaired.stl,/Users/angadkumar16ak/Projects/Automated_Cardiovascular_Segmentation_for_Bioprinting_Project/outputs/topology_correction/mesh_qc/s0_original/case_outputs/931__s0_original/segmentation_smoothed.stl,True,0.6104889703658445,3.141592653589793,0.5594098284739544,3.141592653589793,-0.00516831110838434,0.061094708153531685,True
932__s0_original,/Users/angadkumar16ak/Projects/Automated_Cardiovascular_Segmentation_for_Bioprinting_Project/outputs/topology_correction/case_outputs/932/mask__s0_original.nii.gz,ok,3.0,4,True,0,4,7491.189518060558,6660.5047939939805,98.4000039100647,87.0000034570694,84.00000333786011,0.4242640855706679,0.6000000238418579,0.5926463647347852,/Users/angadkumar16ak/Projects/Automated_Cardiovascular_Segmentation_for_Bioprinting_Project/outputs/topology_correction/mesh_qc/s0_original/case_outputs/932__s0_original/segmentation_raw.stl,/Users/angadkumar16ak/Projects/Automated_Cardiovascular_Segmentation_for_Bioprinting_Project/outputs/topology_correction/mesh_qc/s0_original/case_outputs/932__s0_original/segmentation_repaired.stl,/Users/angadkumar16ak/Projects/Automated_Cardiovascular_Segmentation_for_Bioprinting_Project/outputs/topology_correction/mesh_qc/s0_original/case_outputs/932__s0_original/segmentation_smoothed.stl,True,0.5677494349301654,3.141592653589793,0.5032869429865506,3.140854763745405,-0.002345375409809445,0.09037817137386309,True
933__s0_original,/Users/angadkumar16ak/Projects/Automated_Cardiovascular_Segmentation_for_Bioprinting_Project/outputs/topology_correction/case_outputs/933/mask__s0_original.nii.gz,ok,3.0,17,True,0,15,8392.442541954531,6768.369806852493,106.80000424385071,90.00000357627869,102.6000040769577,0.4242640855706679,0.6000000238418579,0.5901861336223555,/Users/angadkumar16ak/Projects/Automated_Cardiovascular_Segmentation_for_Bioprinting_Project/outputs/topology_correction/mesh_qc/s0_original/case_outputs/933__s0_original/segmentation_raw.stl,/Users/angadkumar16ak/Projects/Automated_Cardiovascular_Segmentation_for_Bioprinting_Project/outputs/topology_correction/mesh_qc/s0_original/case_outputs/933__s0_original/segmentation_repaired.stl,/Users/angadkumar16ak/Projects/Automated_Cardiovascular_Segmentation_for_Bioprinting_Project/outputs/topology_correction/mesh_qc/s0_original/case_outputs/933__s0_original/segmentation_smoothed.stl,True,0.5633959554049761,3.141592653589793,0.501129688486833,3.1401932832961834,-0.003841368417219833,0.07960758584059736,True
934__s0_original,/Users/angadkumar16ak/Projects/Automated_Cardiovascular_Segmentation_for_Bioprinting_Project/outputs/topology_correction/case_outputs/934/mask__s0_original.nii.gz,ok,3.0,5,True,0,5,8287.363613082007,7152.6338526603295,111.00000441074371,88.80000352859497,103.20000410079956,0.4242640855706679,0.6000000238418579,0.5898377179062896,/Users/angadkumar16ak/Projects/Automated_Cardiovascular_Segmentation_for_Bioprinting_Project/outputs/topology_correction/mesh_qc/s0_original/case_outputs/934__s0_original/segmentation_raw.stl,/Users/angadkumar16ak/Projects/Automated_Cardiovascular_Segmentation_for_Bioprinting_Project/outputs/topology_correction/mesh_qc/s0_original/case_outputs/934__s0_original/segmentation_repaired.stl,/Users/angadkumar16ak/Projects/Automated_Cardiovascular_Segmentation_for_Bioprinting_Project/outputs/topology_correction/mesh_qc/s0_original/case_outputs/934__s0_original/segmentation_smoothed.stl,True,0.569416468708167,3.141592653589793,0.5120978954943108,3.139429521357705,-0.0026672578776581893,0.09325379158875731,True
935__s0_original,/Users/angadkumar16ak/Projects/Automated_Cardiovascular_Segmentation_for_Bioprinting_Project/outputs/topology_correction/case_outputs/935/mask__s0_original.nii.gz,ok,3.0,6,True,0,6,8406.092776486093,7504.8488946476355,124.80000495910645,106.20000422000885,91.80000364780426,0.4242640855706679,0.6000000238418579,0.5933260996053271,/Users/angadkumar16ak/Projects/Automated_Cardiovascular_Segmentation_for_Bioprinting_Project/outputs/topology_correction/mesh_qc/s0_original/case_outputs/935__s0_original/segmentation_raw.stl,/Users/angadkumar16ak/Projects/Automated_Cardiovascular_Segmentation_for_Bioprinting_Project/outputs/topology_correction/mesh_qc/s0_original/case_outputs/935__s0_original/segmentation_repaired.stl,/Users/angadkumar16ak/Projects/Automated_Cardiovascular_Segmentation_for_Bioprinting_Project/outputs/topology_correction/mesh_qc/s0_original/case_outputs/935__s0_original/segmentation_smoothed.stl,True,0.5770050973405196,3.141592653589793,0.5230998953874886,3.1387994102710826,-0.0023865139115185705,0.10421857304643262,True
936__s0_original,/Users/angadkumar16ak/Projects/Automated_Cardiovascular_Segmentation_for_Bioprinting_Project/outputs/topology_correction/case_outputs/936/mask__s0_original.nii.gz,ok,3.0,13,True,0,13,6737.483120551909,6638.346791352541,123.00000488758087,106.20000422000885,77.40000307559967,0.4242640855706679,0.6000000238418579,0.5910167186851768,/Users/angadkumar16ak/Projects/Automated_Cardiovascular_Segmentation_for_Bioprinting_Project/outputs/topology_correction/mesh_qc/s0_original/case_outputs/936__s0_original/segmentation_raw.stl,/Users/angadkumar16ak/Projects/Automated_Cardiovascular_Segmentation_for_Bioprinting_Project/outputs/topology_correction/mesh_qc/s0_original/case_outputs/936__s0_original/segmentation_repaired.stl,/Users/angadkumar16ak/Projects/Automated_Cardiovascular_Segmentation_for_Bioprinting_Project/outputs/topology_correction/mesh_qc/s0_original/case_outputs/936__s0_original/segmentation_smoothed.stl,True,0.5966926716042436,3.141592653589793,0.5432461720407875,3.139730255850774,-0.0025301951130291705,0.15962531678054726,True
937__s0_original,/Users/angadkumar16ak/Projects/Automated_Cardiovascular_Segmentation_for_Bioprinting_Project/outputs/topology_correction/case_outputs/937/mask__s0_original.nii.gz,ok,3.0,9,True,0,6,7103.884941207208,5720.544681942017,129.6000051498413,127.20000505447388,83.40000331401825,0.4242640855706679,0.6000000238418579,0.5880751516054786,/Users/angadkumar16ak/Projects/Automated_Cardiovascular_Segmentation_for_Bioprinting_Project/outputs/topology_correction/mesh_qc/s0_original/case_outputs/937__s0_original/segmentation_raw.stl,/Users/angadkumar16ak/Projects/Automated_Cardiovascular_Segmentation_for_Bioprinting_Project/outputs/topology_correction/mesh_qc/s0_original/case_outputs/937__s0_original/segmentation_repaired.stl,/Users/angadkumar16ak/Projects/Automated_Cardiovascular_Segmentation_for_Bioprinting_Project/outputs/topology_correction/mesh_qc/s0_original/case_outputs/937__s0_original/segmentation_smoothed.stl,True,0.5817267998316221,3.141592653589793,0.522012818616229,3.138680576868271,-0.0034823052161823214,0.061623302120729855,True
938__s0_original,/Users/angadkumar16ak/Projects/Automated_Cardiovascular_Segmentation_for_Bioprinting_Project/outputs/topology_correction/case_outputs/938/mask__s0_original.nii.gz,ok,3.0,15,True,0,13,9732.004522997746,9304.381109168575,151.80000603199005,163.20000648498535,91.80000364780426,0.4242640855706679,0.6000000238418579,0.5910608757656917,/Users/angadkumar16ak/Projects/Automated_Cardiovascular_Segmentation_for_Bioprinting_Project/outputs/topology_correction/mesh_qc/s0_original/case_outputs/938__s0_original/segmentation_raw.stl,/Users/angadkumar16ak/Projects/Automated_Cardiovascular_Segmentation_for_Bioprinting_Project/outputs/topology_correction/mesh_qc/s0_original/case_outputs/938__s0_original/segmentation_repaired.stl,/Users/angadkumar16ak/Projects/Automated_Cardiovascular_Segmentation_for_Bioprinting_Project/outputs/topology_correction/mesh_qc/s0_original/case_outputs/938__s0_original/segmentation_smoothed.stl,True,0.5948180944017657,3.141592653589793,0.5372678712365565,3.140633818061232,-0.0023525842990136238,0.14341581667657685,True
939__s0_original,/Users/angadkumar16ak/Projects/Automated_Cardiovascular_Segmentation_for_Bioprinting_Project/outputs/topology_correction/case_outputs/939/mask__s0_original.nii.gz,ok,3.0,13,True,0,13,8807.734538444649,7039.980839231048,131.40000522136688,107.40000426769257,89.40000355243683,0.4242640855706679,0.6000000238418579,0.591567845949258,/Users/angadkumar16ak/Projects/Automated_Cardiovascular_Segmentation_for_Bioprinting_Project/outputs/topology_correction/mesh_qc/s0_original/case_outputs/939__s0_original/segmentation_raw.stl,/Users/angadkumar16ak/Projects/Automated_Cardiovascular_Segmentation_for_Bioprinting_Project/outputs/topology_correction/mesh_qc/s0_original/case_outputs/939__s0_original/segmentation_repaired.stl,/Users/angadkumar16ak/Projects/Automated_Cardiovascular_Segmentation_for_Bioprinting_Project/outputs/topology_correction/mesh_qc/s0_original/case_outputs/939__s0_original/segmentation_smoothed.stl,True,0.580139327438476,3.141592653589793,0.5275394288217843,3.1383253803504267,-0.0034039396705354296,0.05483075813142548,True
940__s0_original,/Users/angadkumar16ak/Projects/Automated_Cardiovascular_Segmentation_for_Bioprinting_Project/outputs/topology_correction/case_outputs/940/mask__s0_original.nii.gz,ok,3.0,15,True,0,13,6927.110639950858,5189.382618622568,109.80000436306,87.60000348091125,83.40000331401825,0.4242640855706679,0.6000000238418579,0.5905645296866384,/Users/angadkumar16ak/Projects/Automated_Cardiovascular_Segmentation_for_Bioprinting_Project/outputs/topology_correction/mesh_qc/s0_original/case_outputs/940__s0_original/segmentation_raw.stl,/Users/angadkumar16ak/Projects/Automated_Cardiovascular_Segmentation_for_Bioprinting_Project/outputs/topology_correction/mesh_qc/s0_original/case_outputs/940__s0_original/segmentation_repaired.stl,/Users/angadkumar16ak/Projects/Automated_Cardiovascular_Segmentation_for_Bioprinting_Project/outputs/topology_correction/mesh_qc/s0_original/case_outputs/940__s0_original/segmentation_smoothed.stl,True,0.57857592580655,3.141592653589793,0.5233590482979079,3.1390681568968852,-0.004571261559977289,0.043305005489366895,True
941__s0_original,/Users/angadkumar16ak/Projects/Automated_Cardiovascular_Segmentation_for_Bioprinting_Project/outputs/topology_correction/case_outputs/941/mask__s0_original.nii.gz,ok,3.0,6,True,0,6,5753.83024374552,4516.68653843095,93.00000369548798,76.80000305175781,89.40000355243683,0.4242640855706679,0.6000000238418579,0.589288742946971,/Users/angadkumar16ak/Projects/Automated_Cardiovascular_Segmentation_for_Bioprinting_Project/outputs/topology_correction/mesh_qc/s0_original/case_outputs/941__s0_original/segmentation_raw.stl,/Users/angadkumar16ak/Projects/Automated_Cardiovascular_Segmentation_for_Bioprinting_Project/outputs/topology_correction/mesh_qc/s0_original/case_outputs/941__s0_original/segmentation_repaired.stl,/Users/angadkumar16ak/Projects/Automated_Cardiovascular_Segmentation_for_Bioprinting_Project/outputs/topology_correction/mesh_qc/s0_original/case_outputs/941__s0_original/segmentation_smoothed.stl,True,0.5788229983163711,3.141592653589793,0.5266624424672995,3.139242242332805,-0.0034417015329060163,0.04745175192055462,True
942__s0_original,/Users/angadkumar16ak/Projects/Automated_Cardiovascular_Segmentation_for_Bioprinting_Project/outputs/topology_correction/case_outputs/942/mask__s0_original.nii.gz,ok,3.0,11,True,0,8,6096.418172628459,4924.494587045453,93.60000371932983,79.8000031709671,79.20000314712524,0.4242640855706679,0.6000000238418579,0.5903402491409951,/Users/angadkumar16ak/Projects/Automated_Cardiovascular_Segmentation_for_Bioprinting_Project/outputs/topology_correction/mesh_qc/s0_original/case_outputs/942__s0_original/segmentation_raw.stl,/Users/angadkumar16ak/Projects/Automated_Cardiovascular_Segmentation_for_Bioprinting_Project/outputs/topology_correction/mesh_qc/s0_original/case_outputs/942__s0_original/segmentation_repaired.stl,/Users/angadkumar16ak/Projects/Automated_Cardiovascular_Segmentation_for_Bioprinting_Project/outputs/topology_correction/mesh_qc/s0_original/case_outputs/942__s0_original/segmentation_smoothed.stl,True,0.5945452897238205,3.141592653589793,0.5487517522823558,3.1391116588636274,-0.0034641139153921,0.06210245831184459,True
943__s0_original,/Users/angadkumar16ak/Projects/Automated_Cardiovascular_Segmentation_for_Bioprinting_Project/outputs/topology_correction/case_outputs/943/mask__s0_original.nii.gz,ok,3.0,17,True,0,17,7084.247928820034,5397.642643449093,94.20000374317169,89.40000355243683,97.20000386238098,0.4242640855706679,0.6000000238418579,0.5890598837689486,/Users/angadkumar16ak/Projects/Automated_Cardiovascular_Segmentation_for_Bioprinting_Project/outputs/topology_correction/mesh_qc/s0_original/case_outputs/943__s0_original/segmentation_raw.stl,/Users/angadkumar16ak/Projects/Automated_Cardiovascular_Segmentation_for_Bioprinting_Project/outputs/topology_correction/mesh_qc/s0_original/case_outputs/943__s0_original/segmentation_repaired.stl,/Users/angadkumar16ak/Projects/Automated_Cardiovascular_Segmentation_for_Bioprinting_Project/outputs/topology_correction/mesh_qc/s0_original/case_outputs/943__s0_original/segmentation_smoothed.stl,True,0.5681323625904181,3.141592653589793,0.5068464051968578,3.1404415419260645,-0.004526101134101641,0.04746451890370255,True
944__s0_original,/Users/angadkumar16ak/Projects/Automated_Cardiovascular_Segmentation_for_Bioprinting_Project/outputs/topology_correction/case_outputs/944/mask__s0_original.nii.gz,ok,3.0,20,False,52,20,10699.624853771855,not_watertight,160.500006377697,120.60000479221344,104.7000041604042,0.4242640855706679,0.6000000238418579,0.5902294414126041,/Users/angadkumar16ak/Projects/Automated_Cardiovascular_Segmentation_for_Bioprinting_Project/outputs/topology_correction/mesh_qc/s0_original/case_outputs/944__s0_original/segmentation_raw.stl,/Users/angadkumar16ak/Projects/Automated_Cardiovascular_Segmentation_for_Bioprinting_Project/outputs/topology_correction/mesh_qc/s0_original/case_outputs/944__s0_original/segmentation_repaired.stl,/Users/angadkumar16ak/Projects/Automated_Cardiovascular_Segmentation_for_Bioprinting_Project/outputs/topology_correction/mesh_qc/s0_original/case_outputs/944__s0_original/segmentation_smoothed.stl,True,0.5858014513440688,3.141592653589793,0.5353553730635052,3.140745013755818,not_watertight,0.08260869565217391,False
945__s0_original,/Users/angadkumar16ak/Projects/Automated_Cardiovascular_Segmentation_for_Bioprinting_Project/outputs/topology_correction/case_outputs/945/mask__s0_original.nii.gz,ok,3.0,8,True,0,8,8510.74541324993,7094.412845719845,108.60000431537628,119.40000474452972,85.20000338554382,0.4242640855706679,0.6000000238418579,0.5893659570549524,/Users/angadkumar16ak/Projects/Automated_Cardiovascular_Segmentation_for_Bioprinting_Project/outputs/topology_correction/mesh_qc/s0_original/case_outputs/945__s0_original/segmentation_raw.stl,/Users/angadkumar16ak/Projects/Automated_Cardiovascular_Segmentation_for_Bioprinting_Project/outputs/topology_correction/mesh_qc/s0_original/case_outputs/945__s0_original/segmentation_repaired.stl,/Users/angadkumar16ak/Projects/Automated_Cardiovascular_Segmentation_for_Bioprinting_Project/outputs/topology_correction/mesh_qc/s0_original/case_outputs/945__s0_original/segmentation_smoothed.stl,True,0.5807550724776147,3.141592653589793,0.5228868095153096,3.1362028389896777,-0.0029256612648491114,0.07793643207073725,True
946__s0_original,/Users/angadkumar16ak/Projects/Automated_Cardiovascular_Segmentation_for_Bioprinting_Project/outputs/topology_correction/case_outputs/946/mask__s0_original.nii.gz,ok,3.0,9,True,0,7,5896.751464343026,5000.049596052311,138.60000550746918,79.20000314712524,91.80000364780426,0.4242640855706679,0.6000000238418579,0.5911455889129876,/Users/angadkumar16ak/Projects/Automated_Cardiovascular_Segmentation_for_Bioprinting_Project/outputs/topology_correction/mesh_qc/s0_original/case_outputs/946__s0_original/segmentation_raw.stl,/Users/angadkumar16ak/Projects/Automated_Cardiovascular_Segmentation_for_Bioprinting_Project/outputs/topology_correction/mesh_qc/s0_original/case_outputs/946__s0_original/segmentation_repaired.stl,/Users/angadkumar16ak/Projects/Automated_Cardiovascular_Segmentation_for_Bioprinting_Project/outputs/topology_correction/mesh_qc/s0_original/case_outputs/946__s0_original/segmentation_smoothed.stl,True,0.5823468397196827,3.141592653589793,0.5281955131980184,3.140926672386916,-0.002982707516707219,0.07335596096733135,True
947__s0_original,/Users/angadkumar16ak/Projects/Automated_Cardiovascular_Segmentation_for_Bioprinting_Project/outputs/topology_correction/case_outputs/947/mask__s0_original.nii.gz,ok,3.0,12,True,0,12,11073.873038535497,10444.690245104006,129.6000051498413,116.40000462532043,95.40000379085541,0.4242640855706679,0.6000000238418579,0.5921840429746777,/Users/angadkumar16ak/Projects/Automated_Cardiovascular_Segmentation_for_Bioprinting_Project/outputs/topology_correction/mesh_qc/s0_original/case_outputs/947__s0_original/segmentation_raw.stl,/Users/angadkumar16ak/Projects/Automated_Cardiovascular_Segmentation_for_Bioprinting_Project/outputs/topology_correction/mesh_qc/s0_original/case_outputs/947__s0_original/segmentation_repaired.stl,/Users/angadkumar16ak/Projects/Automated_Cardiovascular_Segmentation_for_Bioprinting_Project/outputs/topology_correction/mesh_qc/s0_original/case_outputs/947__s0_original/segmentation_smoothed.stl,True,0.5881799049434587,3.141592653589793,0.5329504416976264,3.139391231138925,-0.00235660016189239,0.13551278134229555,True
948__s0_original,/Users/angadkumar16ak/Projects/Automated_Cardiovascular_Segmentation_for_Bioprinting_Project/outputs/topology_correction/case_outputs/948/mask__s0_original.nii.gz,ok,3.0,10,True,0,7,10738.419101005875,10078.228201418327,155.4000061750412,102.6000040769577,87.0000034570694,0.4242640855706679,0.6000000238418579,0.5924751638176077,/Users/angadkumar16ak/Projects/Automated_Cardiovascular_Segmentation_for_Bioprinting_Project/outputs/topology_correction/mesh_qc/s0_original/case_outputs/948__s0_original/segmentation_raw.stl,/Users/angadkumar16ak/Projects/Automated_Cardiovascular_Segmentation_for_Bioprinting_Project/outputs/topology_correction/mesh_qc/s0_original/case_outputs/948__s0_original/segmentation_repaired.stl,/Users/angadkumar16ak/Projects/Automated_Cardiovascular_Segmentation_for_Bioprinting_Project/outputs/topology_correction/mesh_qc/s0_original/case_outputs/948__s0_original/segmentation_smoothed.stl,True,0.585696353019086,3.141592653589793,0.5330019113861311,3.140081923366766,-0.0021476821072841045,0.12489440783916202,True
949__s0_original,/Users/angadkumar16ak/Projects/Automated_Cardiovascular_Segmentation_for_Bioprinting_Project/outputs/topology_correction/case_outputs/949/mask__s0_original.nii.gz,ok,3.0,5,True,0,5,6928.119580773138,5657.29267440179,108.00000429153442,93.00000369548798,94.20000374317169,0.4242640855706679,0.6000000238418579,0.5905863270335654,/Users/angadkumar16ak/Projects/Automated_Cardiovascular_Segmentation_for_Bioprinting_Project/outputs/topology_correction/mesh_qc/s0_original/case_outputs/949__s0_original/segmentation_raw.stl,/Users/angadkumar16ak/Projects/Automated_Cardiovascular_Segmentation_for_Bioprinting_Project/outputs/topology_correction/mesh_qc/s0_original/case_outputs/949__s0_original/segmentation_repaired.stl,/Users/angadkumar16ak/Projects/Automated_Cardiovascular_Segmentation_for_Bioprinting_Project/outputs/topology_correction/mesh_qc/s0_original/case_outputs/949__s0_original/segmentation_smoothed.stl,True,0.5696252221461595,3.141592653589793,0.5121158221235956,3.140766203507072,-0.003319108187901157,0.06241575557885278,True
950__s0_original,/Users/angadkumar16ak/Projects/Automated_Cardiovascular_Segmentation_for_Bioprinting_Project/outputs/topology_correction/case_outputs/950/mask__s0_original.nii.gz,ok,3.0,17,True,0,16,6846.0631113959225,5472.900652420548,116.40000462532043,112.80000448226929,82.80000329017639,0.4242640855706679,0.6000000238418579,0.5890888061572291,/Users/angadkumar16ak/Projects/Automated_Cardiovascular_Segmentation_for_Bioprinting_Project/outputs/topology_correction/mesh_qc/s0_original/case_outputs/950__s0_original/segmentation_raw.stl,/Users/angadkumar16ak/Projects/Automated_Cardiovascular_Segmentation_for_Bioprinting_Project/outputs/topology_correction/mesh_qc/s0_original/case_outputs/950__s0_original/segmentation_repaired.stl,/Users/angadkumar16ak/Projects/Automated_Cardiovascular_Segmentation_for_Bioprinting_Project/outputs/topology_correction/mesh_qc/s0_original/case_outputs/950__s0_original/segmentation_smoothed.stl,True,0.5831491057036603,3.141592653589793,0.5322701056085473,3.139064153741435,-0.0037702170313134832,0.06212811992890812,True
951__s0_original,/Users/angadkumar16ak/Projects/Automated_Cardiovascular_Segmentation_for_Bioprinting_Project/outputs/topology_correction/case_outputs/951/mask__s0_original.nii.gz,ok,3.0,10,True,0,9,10137.789236647453,9861.760175613328,122.40000486373901,145.20000576972961,81.60000324249268,0.4242640855706679,0.6000000238418579,0.5917628787277052,/Users/angadkumar16ak/Projects/Automated_Cardiovascular_Segmentation_for_Bioprinting_Project/outputs/topology_correction/mesh_qc/s0_original/case_outputs/951__s0_original/segmentation_raw.stl,/Users/angadkumar16ak/Projects/Automated_Cardiovascular_Segmentation_for_Bioprinting_Project/outputs/topology_correction/mesh_qc/s0_original/case_outputs/951__s0_original/segmentation_repaired.stl,/Users/angadkumar16ak/Projects/Automated_Cardiovascular_Segmentation_for_Bioprinting_Project/outputs/topology_correction/mesh_qc/s0_original/case_outputs/951__s0_original/segmentation_smoothed.stl,True,0.6071168705807931,3.141592653589793,0.5533039100712637,3.141276428404595,-0.0021019087821279154,0.14702198419211332,True
952__s0_original,/Users/angadkumar16ak/Projects/Automated_Cardiovascular_Segmentation_for_Bioprinting_Project/outputs/topology_correction/case_outputs/952/mask__s0_original.nii.gz,ok,3.0,6,True,0,5,7479.323103873455,6378.804760412723,109.80000436306,99.00000393390656,85.20000338554382,0.4242640855706679,0.6000000238418579,0.591615947637279,/Users/angadkumar16ak/Projects/Automated_Cardiovascular_Segmentation_for_Bioprinting_Project/outputs/topology_correction/mesh_qc/s0_original/case_outputs/952__s0_original/segmentation_raw.stl,/Users/angadkumar16ak/Projects/Automated_Cardiovascular_Segmentation_for_Bioprinting_Project/outputs/topology_correction/mesh_qc/s0_original/case_outputs/952__s0_original/segmentation_repaired.stl,/Users/angadkumar16ak/Projects/Automated_Cardiovascular_Segmentation_for_Bioprinting_Project/outputs/topology_correction/mesh_qc/s0_original/case_outputs/952__s0_original/segmentation_smoothed.stl,True,0.6010294843058123,3.141592653589793,0.5489473714385655,3.1403504949212677,-0.0028378576117859145,0.0807996806599694,True
953__s0_original,/Users/angadkumar16ak/Projects/Automated_Cardiovascular_Segmentation_for_Bioprinting_Project/outputs/topology_correction/case_outputs/953/mask__s0_original.nii.gz,ok,3.0,10,True,0,10,11993.338480700666,10087.336202504086,112.20000445842743,101.40000402927399,94.80000376701355,0.4242640855706679,0.6000000238418579,0.5913360348868981,/Users/angadkumar16ak/Projects/Automated_Cardiovascular_Segmentation_for_Bioprinting_Project/outputs/topology_correction/mesh_qc/s0_original/case_outputs/953__s0_original/segmentation_raw.stl,/Users/angadkumar16ak/Projects/Automated_Cardiovascular_Segmentation_for_Bioprinting_Project/outputs/topology_correction/mesh_qc/s0_original/case_outputs/953__s0_original/segmentation_repaired.stl,/Users/angadkumar16ak/Projects/Automated_Cardiovascular_Segmentation_for_Bioprinting_Project/outputs/topology_correction/mesh_qc/s0_original/case_outputs/953__s0_original/segmentation_smoothed.stl,True,0.5679807575934492,3.141592653589793,0.5110031058080404,3.13854518807111,-0.0030707056048300046,0.08635694765608577,True
954__s0_original,/Users/angadkumar16ak/Projects/Automated_Cardiovascular_Segmentation_for_Bioprinting_Project/outputs/topology_correction/case_outputs/954/mask__s0_original.nii.gz,ok,3.0,6,True,0,5,7342.701568178735,6425.64076599601,108.00000429153442,83.40000331401825,92.40000367164612,0.4242640855706679,0.6000000238418579,0.589399030542292,/Users/angadkumar16ak/Projects/Automated_Cardiovascular_Segmentation_for_Bioprinting_Project/outputs/topology_correction/mesh_qc/s0_original/case_outputs/954__s0_original/segmentation_raw.stl,/Users/angadkumar16ak/Projects/Automated_Cardiovascular_Segmentation_for_Bioprinting_Project/outputs/topology_correction/mesh_qc/s0_original/case_outputs/954__s0_original/segmentation_repaired.stl,/Users/angadkumar16ak/Projects/Automated_Cardiovascular_Segmentation_for_Bioprinting_Project/outputs/topology_correction/mesh_qc/s0_original/case_outputs/954__s0_original/segmentation_smoothed.stl,True,0.5828753961515227,3.141592653589793,0.5337382834380574,3.1398057107610295,-0.0026361166127588627,0.08893221851350011,True
955__s0_original,/Users/angadkumar16ak/Projects/Automated_Cardiovascular_Segmentation_for_Bioprinting_Project/outputs/topology_correction/case_outputs/955/mask__s0_original.nii.gz,ok,3.0,7,True,0,6,8185.527599396584,6990.705833357009,102.00000405311584,81.00000321865082,107.40000426769257,0.4242640855706679,0.6000000238418579,0.5916554193038834,/Users/angadkumar16ak/Projects/Automated_Cardiovascular_Segmentation_for_Bioprinting_Project/outputs/topology_correction/mesh_qc/s0_original/case_outputs/955__s0_original/segmentation_raw.stl,/Users/angadkumar16ak/Projects/Automated_Cardiovascular_Segmentation_for_Bioprinting_Project/outputs/topology_correction/mesh_qc/s0_original/case_outputs/955__s0_original/segmentation_repaired.stl,/Users/angadkumar16ak/Projects/Automated_Cardiovascular_Segmentation_for_Bioprinting_Project/outputs/topology_correction/mesh_qc/s0_original/case_outputs/955__s0_original/segmentation_smoothed.stl,True,0.5723219677026028,3.141592653589793,0.5155078767939333,3.139346375727937,-0.00278150616704538,0.09233523485859935,True
956__s0_original,/Users/angadkumar16ak/Projects/Automated_Cardiovascular_Segmentation_for_Bioprinting_Project/outputs/topology_correction/case_outputs/956/mask__s0_original.nii.gz,ok,3.0,9,True,0,7,6379.12732440368,5280.309629461912,115.80000460147858,94.80000376701355,81.00000321865082,0.4242640855706679,0.6000000238418579,0.5895694527002172,/Users/angadkumar16ak/Projects/Automated_Cardiovascular_Segmentation_for_Bioprinting_Project/outputs/topology_correction/mesh_qc/s0_original/case_outputs/956__s0_original/segmentation_raw.stl,/Users/angadkumar16ak/Projects/Automated_Cardiovascular_Segmentation_for_Bioprinting_Project/outputs/topology_correction/mesh_qc/s0_original/case_outputs/956__s0_original/segmentation_repaired.stl,/Users/angadkumar16ak/Projects/Automated_Cardiovascular_Segmentation_for_Bioprinting_Project/outputs/topology_correction/mesh_qc/s0_original/case_outputs/956__s0_original/segmentation_smoothed.stl,True,0.5952718943453222,3.141592653589793,0.544561628741993,3.1360500117526433,-0.003100404211128254,0.06928666051142066,True
957__s0_original,/Users/angadkumar16ak/Projects/Automated_Cardiovascular_Segmentation_for_Bioprinting_Project/outputs/topology_correction/case_outputs/957/mask__s0_original.nii.gz,ok,3.0,18,True,0,16,10347.938666284463,7849.188935696163,105.60000419616699,100.80000400543213,89.40000355243683,0.4242640855706679,0.6000000238418579,0.5911783608941232,/Users/angadkumar16ak/Projects/Automated_Cardiovascular_Segmentation_for_Bioprinting_Project/outputs/topology_correction/mesh_qc/s0_original/case_outputs/957__s0_original/segmentation_raw.stl,/Users/angadkumar16ak/Projects/Automated_Cardiovascular_Segmentation_for_Bioprinting_Project/outputs/topology_correction/mesh_qc/s0_original/case_outputs/957__s0_original/segmentation_repaired.stl,/Users/angadkumar16ak/Projects/Automated_Cardiovascular_Segmentation_for_Bioprinting_Project/outputs/topology_correction/mesh_qc/s0_original/case_outputs/957__s0_original/segmentation_smoothed.stl,True,0.5733381442212898,3.141592653589793,0.5238117117647049,3.1397024005045884,-0.0037582378975800196,0.03434354309091888,True
958__s0_original,/Users/angadkumar16ak/Projects/Automated_Cardiovascular_Segmentation_for_Bioprinting_Project/outputs/topology_correction/case_outputs/958/mask__s0_original.nii.gz,ok,3.0,13,True,0,13,9478.538044466943,8224.371980421462,135.00000536441803,118.20000469684601,97.80000388622284,0.4242640855706679,0.6000000238418579,0.5888282309483872,/Users/angadkumar16ak/Projects/Automated_Cardiovascular_Segmentation_for_Bioprinting_Project/outputs/topology_correction/mesh_qc/s0_original/case_outputs/958__s0_original/segmentation_raw.stl,/Users/angadkumar16ak/Projects/Automated_Cardiovascular_Segmentation_for_Bioprinting_Project/outputs/topology_correction/mesh_qc/s0_original/case_outputs/958__s0_original/segmentation_repaired.stl,/Users/angadkumar16ak/Projects/Automated_Cardiovascular_Segmentation_for_Bioprinting_Project/outputs/topology_correction/mesh_qc/s0_original/case_outputs/958__s0_original/segmentation_smoothed.stl,True,0.5736809062517089,3.141592653589793,0.5148236169197266,3.138018187341456,-0.0031001154873998593,0.1011015659262699,True
959__s0_original,/Users/angadkumar16ak/Projects/Automated_Cardiovascular_Segmentation_for_Bioprinting_Project/outputs/topology_correction/case_outputs/959/mask__s0_original.nii.gz,ok,3.0,25,False,10,20,7703.644375454054,not_watertight,152.4000060558319,115.80000460147858,119.70000475645065,0.4242640855706679,0.6000000238418579,0.5889945059275284,/Users/angadkumar16ak/Projects/Automated_Cardiovascular_Segmentation_for_Bioprinting_Project/outputs/topology_correction/mesh_qc/s0_original/case_outputs/959__s0_original/segmentation_raw.stl,/Users/angadkumar16ak/Projects/Automated_Cardiovascular_Segmentation_for_Bioprinting_Project/outputs/topology_correction/mesh_qc/s0_original/case_outputs/959__s0_original/segmentation_repaired.stl,/Users/angadkumar16ak/Projects/Automated_Cardiovascular_Segmentation_for_Bioprinting_Project/outputs/topology_correction/mesh_qc/s0_original/case_outputs/959__s0_original/segmentation_smoothed.stl,True,0.5963104564785715,3.141592653589793,0.5514847185841577,3.141592653589793,not_watertight,0.10139055460114745,False
960__s0_original,/Users/angadkumar16ak/Projects/Automated_Cardiovascular_Segmentation_for_Bioprinting_Project/outputs/topology_correction/case_outputs/960/mask__s0_original.nii.gz,ok,3.0,20,True,0,19,10124.548191331438,9104.104085293695,174.0000069141388,124.80000495910645,90.00000357627869,0.4242640855706679,0.6000000238418579,0.5924417751840116,/Users/angadkumar16ak/Projects/Automated_Cardiovascular_Segmentation_for_Bioprinting_Project/outputs/topology_correction/mesh_qc/s0_original/case_outputs/960__s0_original/segmentation_raw.stl,/Users/angadkumar16ak/Projects/Automated_Cardiovascular_Segmentation_for_Bioprinting_Project/outputs/topology_correction/mesh_qc/s0_original/case_outputs/960__s0_original/segmentation_repaired.stl,/Users/angadkumar16ak/Projects/Automated_Cardiovascular_Segmentation_for_Bioprinting_Project/outputs/topology_correction/mesh_qc/s0_original/case_outputs/960__s0_original/segmentation_smoothed.stl,True,0.5886959835984508,3.141592653589793,0.5429488026302255,3.141592653589793,-0.002677591386190595,0.10839128202734867,True
961__s0_original,/Users/angadkumar16ak/Projects/Automated_Cardiovascular_Segmentation_for_Bioprinting_Project/outputs/topology_correction/case_outputs/961/mask__s0_original.nii.gz,ok,3.0,12,True,0,11,7294.770246888468,6006.492716029672,143.40000569820404,115.20000457763672,81.60000324249268,0.4242640855706679,0.6000000238418579,0.5921083712156043,/Users/angadkumar16ak/Projects/Automated_Cardiovascular_Segmentation_for_Bioprinting_Project/outputs/topology_correction/mesh_qc/s0_original/case_outputs/961__s0_original/segmentation_raw.stl,/Users/angadkumar16ak/Projects/Automated_Cardiovascular_Segmentation_for_Bioprinting_Project/outputs/topology_correction/mesh_qc/s0_original/case_outputs/961__s0_original/segmentation_repaired.stl,/Users/angadkumar16ak/Projects/Automated_Cardiovascular_Segmentation_for_Bioprinting_Project/outputs/topology_correction/mesh_qc/s0_original/case_outputs/961__s0_original/segmentation_smoothed.stl,True,0.5716730340240632,3.141592653589793,0.5209214154084848,3.139035192231231,-0.0032282617135758985,0.0683926492892667,True
962__s0_original,/Users/angadkumar16ak/Projects/Automated_Cardiovascular_Segmentation_for_Bioprinting_Project/outputs/topology_correction/case_outputs/962/mask__s0_original.nii.gz,ok,3.0,26,False,26,26,10651.761184530673,not_watertight,200.40000796318054,136.8000054359436,127.5000050663948,0.4242640855706679,0.6000000238418579,0.5908786167967087,/Users/angadkumar16ak/Projects/Automated_Cardiovascular_Segmentation_for_Bioprinting_Project/outputs/topology_correction/mesh_qc/s0_original/case_outputs/962__s0_original/segmentation_raw.stl,/Users/angadkumar16ak/Projects/Automated_Cardiovascular_Segmentation_for_Bioprinting_Project/outputs/topology_correction/mesh_qc/s0_original/case_outputs/962__s0_original/segmentation_repaired.stl,/Users/angadkumar16ak/Projects/Automated_Cardiovascular_Segmentation_for_Bioprinting_Project/outputs/topology_correction/mesh_qc/s0_original/case_outputs/962__s0_original/segmentation_smoothed.stl,True,0.6175647763199785,3.141592653589793,0.566174650108904,3.139613338325423,not_watertight,0.09767409663574692,False
963__s0_original,/Users/angadkumar16ak/Projects/Automated_Cardiovascular_Segmentation_for_Bioprinting_Project/outputs/topology_correction/case_outputs/963/mask__s0_original.nii.gz,ok,3.0,12,True,0,12,13393.265915643498,13113.226563218299,135.6000053882599,107.40000426769257,94.20000374317169,0.4242640855706679,0.6000000238418579,0.5900890792485335,/Users/angadkumar16ak/Projects/Automated_Cardiovascular_Segmentation_for_Bioprinting_Project/outputs/topology_correction/mesh_qc/s0_original/case_outputs/963__s0_original/segmentation_raw.stl,/Users/angadkumar16ak/Projects/Automated_Cardiovascular_Segmentation_for_Bioprinting_Project/outputs/topology_correction/mesh_qc/s0_original/case_outputs/963__s0_original/segmentation_repaired.stl,/Users/angadkumar16ak/Projects/Automated_Cardiovascular_Segmentation_for_Bioprinting_Project/outputs/topology_correction/mesh_qc/s0_original/case_outputs/963__s0_original/segmentation_smoothed.stl,True,0.5862038011107531,3.141592653589793,0.5307452151042612,3.1413066792194737,-0.002161784363246163,0.14688063410593338,True
964__s0_original,/Users/angadkumar16ak/Projects/Automated_Cardiovascular_Segmentation_for_Bioprinting_Project/outputs/topology_correction/case_outputs/964/mask__s0_original.nii.gz,ok,3.0,5,True,0,5,9656.700925647077,9015.832074770851,151.2000060081482,105.60000419616699,97.80000388622284,0.4242640855706679,0.6000000238418579,0.5907970813630438,/Users/angadkumar16ak/Projects/Automated_Cardiovascular_Segmentation_for_Bioprinting_Project/outputs/topology_correction/mesh_qc/s0_original/case_outputs/964__s0_original/segmentation_raw.stl,/Users/angadkumar16ak/Projects/Automated_Cardiovascular_Segmentation_for_Bioprinting_Project/outputs/topology_correction/mesh_qc/s0_original/case_outputs/964__s0_original/segmentation_repaired.stl,/Users/angadkumar16ak/Projects/Automated_Cardiovascular_Segmentation_for_Bioprinting_Project/outputs/topology_correction/mesh_qc/s0_original/case_outputs/964__s0_original/segmentation_smoothed.stl,True,0.5833858777498383,3.141592653589793,0.5301316797175821,3.1401794802050156,-0.002220554788588488,0.12271965638496213,True
965__s0_original,/Users/angadkumar16ak/Projects/Automated_Cardiovascular_Segmentation_for_Bioprinting_Project/outputs/topology_correction/case_outputs/965/mask__s0_original.nii.gz,ok,3.0,16,True,0,14,9252.306612472581,8163.3429731462375,144.60000574588776,97.80000388622284,83.40000331401825,0.4242640855706679,0.6000000238418579,0.592450996229114,/Users/angadkumar16ak/Projects/Automated_Cardiovascular_Segmentation_for_Bioprinting_Project/outputs/topology_correction/mesh_qc/s0_original/case_outputs/965__s0_original/segmentation_raw.stl,/Users/angadkumar16ak/Projects/Automated_Cardiovascular_Segmentation_for_Bioprinting_Project/outputs/topology_correction/mesh_qc/s0_original/case_outputs/965__s0_original/segmentation_repaired.stl,/Users/angadkumar16ak/Projects/Automated_Cardiovascular_Segmentation_for_Bioprinting_Project/outputs/topology_correction/mesh_qc/s0_original/case_outputs/965__s0_original/segmentation_smoothed.stl,True,0.6139987883012541,3.141592653589793,0.5663912986642621,3.141592653589793,-0.00277439076015724,0.09941976946894596,True
966__s0_original,/Users/angadkumar16ak/Projects/Automated_Cardiovascular_Segmentation_for_Bioprinting_Project/outputs/topology_correction/case_outputs/966/mask__s0_original.nii.gz,ok,3.0,8,True,0,7,10671.022839022347,8970.058069314166,114.000004529953,105.00000417232513,88.80000352859497,0.4242640855706679,0.6000000238418579,0.5906672703970893,/Users/angadkumar16ak/Projects/Automated_Cardiovascular_Segmentation_for_Bioprinting_Project/outputs/topology_correction/mesh_qc/s0_original/case_outputs/966__s0_original/segmentation_raw.stl,/Users/angadkumar16ak/Projects/Automated_Cardiovascular_Segmentation_for_Bioprinting_Project/outputs/topology_correction/mesh_qc/s0_original/case_outputs/966__s0_original/segmentation_repaired.stl,/Users/angadkumar16ak/Projects/Automated_Cardiovascular_Segmentation_for_Bioprinting_Project/outputs/topology_correction/mesh_qc/s0_original/case_outputs/966__s0_original/segmentation_smoothed.stl,True,0.5875577523140892,3.141592653589793,0.5377085391352336,3.140284464432818,-0.0028836236342901604,0.07869100539109052,True
967__s0_original,/Users/angadkumar16ak/Projects/Automated_Cardiovascular_Segmentation_for_Bioprinting_Project/outputs/topology_correction/case_outputs/967/mask__s0_original.nii.gz,ok,3.0,7,True,0,7,8971.423484702113,7908.489942765395,128.4000051021576,98.4000039100647,101.40000402927399,0.4242640855706679,0.6000000238418579,0.5896531745449255,/Users/angadkumar16ak/Projects/Automated_Cardiovascular_Segmentation_for_Bioprinting_Project/outputs/topology_correction/mesh_qc/s0_original/case_outputs/967__s0_original/segmentation_raw.stl,/Users/angadkumar16ak/Projects/Automated_Cardiovascular_Segmentation_for_Bioprinting_Project/outputs/topology_correction/mesh_qc/s0_original/case_outputs/967__s0_original/segmentation_repaired.stl,/Users/angadkumar16ak/Projects/Automated_Cardiovascular_Segmentation_for_Bioprinting_Project/outputs/topology_correction/mesh_qc/s0_original/case_outputs/967__s0_original/segmentation_smoothed.stl,True,0.5712296681276525,3.141592653589793,0.5191412157737195,3.141592653589793,-0.0024403820417617773,0.09534171502256608,True
968__s0_original,/Users/angadkumar16ak/Projects/Automated_Cardiovascular_Segmentation_for_Bioprinting_Project/outputs/topology_correction/case_outputs/968/mask__s0_original.nii.gz,ok,3.0,12,True,0,10,5938.271647792996,5177.997617265369,95.40000379085541,92.40000367164612,84.60000336170197,0.4242640855706679,0.6000000238418579,0.5896180728728266,/Users/angadkumar16ak/Projects/Automated_Cardiovascular_Segmentation_for_Bioprinting_Project/outputs/topology_correction/mesh_qc/s0_original/case_outputs/968__s0_original/segmentation_raw.stl,/Users/angadkumar16ak/Projects/Automated_Cardiovascular_Segmentation_for_Bioprinting_Project/outputs/topology_correction/mesh_qc/s0_original/case_outputs/968__s0_original/segmentation_repaired.stl,/Users/angadkumar16ak/Projects/Automated_Cardiovascular_Segmentation_for_Bioprinting_Project/outputs/topology_correction/mesh_qc/s0_original/case_outputs/968__s0_original/segmentation_smoothed.stl,True,0.5807876411733401,3.141592653589793,0.522907544457145,3.141006935393406,-0.0029144664516858034,0.08868025091222172,True
969__s0_original,/Users/angadkumar16ak/Projects/Automated_Cardiovascular_Segmentation_for_Bioprinting_Project/outputs/topology_correction/case_outputs/969/mask__s0_original.nii.gz,ok,3.0,13,True,0,12,9550.958278641683,8177.742974862852,125.4000049829483,89.40000355243683,105.60000419616699,0.4242640855706679,0.6000000238418579,0.5893954474016919,/Users/angadkumar16ak/Projects/Automated_Cardiovascular_Segmentation_for_Bioprinting_Project/outputs/topology_correction/mesh_qc/s0_original/case_outputs/969__s0_original/segmentation_raw.stl,/Users/angadkumar16ak/Projects/Automated_Cardiovascular_Segmentation_for_Bioprinting_Project/outputs/topology_correction/mesh_qc/s0_original/case_outputs/969__s0_original/segmentation_repaired.stl,/Users/angadkumar16ak/Projects/Automated_Cardiovascular_Segmentation_for_Bioprinting_Project/outputs/topology_correction/mesh_qc/s0_original/case_outputs/969__s0_original/segmentation_smoothed.stl,True,0.5656005104898576,3.141592653589793,0.5031475532067691,3.139961057123523,-0.003108461085512256,0.08777893098079917,True
970__s0_original,/Users/angadkumar16ak/Projects/Automated_Cardiovascular_Segmentation_for_Bioprinting_Project/outputs/topology_correction/case_outputs/970/mask__s0_original.nii.gz,ok,3.0,15,True,0,13,5517.209835687846,4362.1025200031,112.80000448226929,84.60000336170197,88.80000352859497,0.4242640855706679,0.6000000238418579,0.5902577965065071,/Users/angadkumar16ak/Projects/Automated_Cardiovascular_Segmentation_for_Bioprinting_Project/outputs/topology_correction/mesh_qc/s0_original/case_outputs/970__s0_original/segmentation_raw.stl,/Users/angadkumar16ak/Projects/Automated_Cardiovascular_Segmentation_for_Bioprinting_Project/outputs/topology_correction/mesh_qc/s0_original/case_outputs/970__s0_original/segmentation_repaired.stl,/Users/angadkumar16ak/Projects/Automated_Cardiovascular_Segmentation_for_Bioprinting_Project/outputs/topology_correction/mesh_qc/s0_original/case_outputs/970__s0_original/segmentation_smoothed.stl,True,0.5840524073871112,3.141592653589793,0.5320069583671878,3.1401074157418014,-0.004076721421023628,0.05834746789435425,True
971__s0_original,/Users/angadkumar16ak/Projects/Automated_Cardiovascular_Segmentation_for_Bioprinting_Project/outputs/topology_correction/case_outputs/971/mask__s0_original.nii.gz,ok,3.0,11,True,0,11,7054.708107206507,5763.114687016753,100.20000398159027,75.00000298023224,112.20000445842743,0.4242640855706679,0.6000000238418579,0.5908347996715487,/Users/angadkumar16ak/Projects/Automated_Cardiovascular_Segmentation_for_Bioprinting_Project/outputs/topology_correction/mesh_qc/s0_original/case_outputs/971__s0_original/segmentation_raw.stl,/Users/angadkumar16ak/Projects/Automated_Cardiovascular_Segmentation_for_Bioprinting_Project/outputs/topology_correction/mesh_qc/s0_original/case_outputs/971__s0_original/segmentation_repaired.stl,/Users/angadkumar16ak/Projects/Automated_Cardiovascular_Segmentation_for_Bioprinting_Project/outputs/topology_correction/mesh_qc/s0_original/case_outputs/971__s0_original/segmentation_smoothed.stl,True,0.5555059916416114,3.141592653589793,0.4966916522777365,3.1380896664019717,-0.0033642894986739536,0.06325810482981695,True
972__s0_original,/Users/angadkumar16ak/Projects/Automated_Cardiovascular_Segmentation_for_Bioprinting_Project/outputs/topology_correction/case_outputs/972/mask__s0_original.nii.gz,ok,3.0,16,True,0,16,7019.874978262318,5699.835679473307,105.00000417232513,92.40000367164612,77.40000307559967,0.4242640855706679,0.6000000238418579,0.5878642911148312,/Users/angadkumar16ak/Projects/Automated_Cardiovascular_Segmentation_for_Bioprinting_Project/outputs/topology_correction/mesh_qc/s0_original/case_outputs/972__s0_original/segmentation_raw.stl,/Users/angadkumar16ak/Projects/Automated_Cardiovascular_Segmentation_for_Bioprinting_Project/outputs/topology_correction/mesh_qc/s0_original/case_outputs/972__s0_original/segmentation_repaired.stl,/Users/angadkumar16ak/Projects/Automated_Cardiovascular_Segmentation_for_Bioprinting_Project/outputs/topology_correction/mesh_qc/s0_original/case_outputs/972__s0_original/segmentation_smoothed.stl,True,0.5788848107436985,3.141592653589793,0.5280065921199202,3.1378018235253693,-0.0037234714964782833,0.06586915332317866,True
973__s0_original,/Users/angadkumar16ak/Projects/Automated_Cardiovascular_Segmentation_for_Bioprinting_Project/outputs/topology_correction/case_outputs/973/mask__s0_original.nii.gz,ok,3.0,10,True,0,10,8993.818954618824,8775.946046174211,105.60000419616699,88.20000350475311,93.60000371932983,0.4242640855706679,0.6000000238418579,0.5891837176388531,/Users/angadkumar16ak/Projects/Automated_Cardiovascular_Segmentation_for_Bioprinting_Project/outputs/topology_correction/mesh_qc/s0_original/case_outputs/973__s0_original/segmentation_raw.stl,/Users/angadkumar16ak/Projects/Automated_Cardiovascular_Segmentation_for_Bioprinting_Project/outputs/topology_correction/mesh_qc/s0_original/case_outputs/973__s0_original/segmentation_repaired.stl,/Users/angadkumar16ak/Projects/Automated_Cardiovascular_Segmentation_for_Bioprinting_Project/outputs/topology_correction/mesh_qc/s0_original/case_outputs/973__s0_original/segmentation_smoothed.stl,True,0.6019405191907384,3.141592653589793,0.5481666131502491,3.141592653589793,-0.0020251693470488335,0.1354928004273608,True
974__s0_original,/Users/angadkumar16ak/Projects/Automated_Cardiovascular_Segmentation_for_Bioprinting_Project/outputs/topology_correction/case_outputs/974/mask__s0_original.nii.gz,ok,3.0,13,True,0,13,13393.426949640934,13071.520558246562,148.80000591278076,99.00000393390656,94.20000374317169,0.4242640855706679,0.6000000238418579,0.5911569804315082,/Users/angadkumar16ak/Projects/Automated_Cardiovascular_Segmentation_for_Bioprinting_Project/outputs/topology_correction/mesh_qc/s0_original/case_outputs/974__s0_original/segmentation_raw.stl,/Users/angadkumar16ak/Projects/Automated_Cardiovascular_Segmentation_for_Bioprinting_Project/outputs/topology_correction/mesh_qc/s0_original/case_outputs/974__s0_original/segmentation_repaired.stl,/Users/angadkumar16ak/Projects/Automated_Cardiovascular_Segmentation_for_Bioprinting_Project/outputs/topology_correction/mesh_qc/s0_original/case_outputs/974__s0_original/segmentation_smoothed.stl,True,0.5768600807509471,3.141592653589793,0.5139912620253574,3.1404675356548593,-0.0022518207132579187,0.14778060226828316,True
975__s0_original,/Users/angadkumar16ak/Projects/Automated_Cardiovascular_Segmentation_for_Bioprinting_Project/outputs/topology_correction/case_outputs/975/mask__s0_original.nii.gz,ok,3.0,12,True,0,11,10990.521717598747,10151.362210136584,156.60000622272491,98.4000039100647,107.40000426769257,0.4242640855706679,0.6000000238418579,0.5915743868228921,/Users/angadkumar16ak/Projects/Automated_Cardiovascular_Segmentation_for_Bioprinting_Project/outputs/topology_correction/mesh_qc/s0_original/case_outputs/975__s0_original/segmentation_raw.stl,/Users/angadkumar16ak/Projects/Automated_Cardiovascular_Segmentation_for_Bioprinting_Project/outputs/topology_correction/mesh_qc/s0_original/case_outputs/975__s0_original/segmentation_repaired.stl,/Users/angadkumar16ak/Projects/Automated_Cardiovascular_Segmentation_for_Bioprinting_Project/outputs/topology_correction/mesh_qc/s0_original/case_outputs/975__s0_original/segmentation_smoothed.stl,True,0.5935231361335502,3.141592653589793,0.5378508300618111,3.1399886094095724,-0.0024735283527619876,0.1212419601516834,True
976__s0_original,/Users/angadkumar16ak/Projects/Automated_Cardiovascular_Segmentation_for_Bioprinting_Project/outputs/topology_correction/case_outputs/976/mask__s0_original.nii.gz,ok,3.0,12,True,0,9,6911.655943094315,5695.731678984074,92.40000367164612,81.00000321865082,91.2000036239624,0.4242640855706679,0.6000000238418579,0.5884141401404093,/Users/angadkumar16ak/Projects/Automated_Cardiovascular_Segmentation_for_Bioprinting_Project/outputs/topology_correction/mesh_qc/s0_original/case_outputs/976__s0_original/segmentation_raw.stl,/Users/angadkumar16ak/Projects/Automated_Cardiovascular_Segmentation_for_Bioprinting_Project/outputs/topology_correction/mesh_qc/s0_original/case_outputs/976__s0_original/segmentation_repaired.stl,/Users/angadkumar16ak/Projects/Automated_Cardiovascular_Segmentation_for_Bioprinting_Project/outputs/topology_correction/mesh_qc/s0_original/case_outputs/976__s0_original/segmentation_smoothed.stl,True,0.5809465874088903,3.141592653589793,0.5270545721040334,3.139435546251907,-0.0032354291467992877,0.06838052010863499,True
977__s0_original,/Users/angadkumar16ak/Projects/Automated_Cardiovascular_Segmentation_for_Bioprinting_Project/outputs/topology_correction/case_outputs/977/mask__s0_original.nii.gz,ok,3.0,2,True,0,2,7347.195698208604,6322.059753648188,103.20000410079956,90.60000360012054,90.00000357627869,0.4242640855706679,0.6000000238418579,0.5897667765562032,/Users/angadkumar16ak/Projects/Automated_Cardiovascular_Segmentation_for_Bioprinting_Project/outputs/topology_correction/mesh_qc/s0_original/case_outputs/977__s0_original/segmentation_raw.stl,/Users/angadkumar16ak/Projects/Automated_Cardiovascular_Segmentation_for_Bioprinting_Project/outputs/topology_correction/mesh_qc/s0_original/case_outputs/977__s0_original/segmentation_repaired.stl,/Users/angadkumar16ak/Projects/Automated_Cardiovascular_Segmentation_for_Bioprinting_Project/outputs/topology_correction/mesh_qc/s0_original/case_outputs/977__s0_original/segmentation_smoothed.stl,True,0.5771208877492132,3.141592653589793,0.5199272055340254,3.139938738890614,-0.0025434847358504747,0.08120532868024563,True
978__s0_original,/Users/angadkumar16ak/Projects/Automated_Cardiovascular_Segmentation_for_Bioprinting_Project/outputs/topology_correction/case_outputs/978/mask__s0_original.nii.gz,ok,3.0,18,True,0,15,9156.66310182386,7528.761897498283,114.000004529953,98.4000039100647,77.40000307559967,0.4242640855706679,0.6000000238418579,0.5920229664562983,/Users/angadkumar16ak/Projects/Automated_Cardiovascular_Segmentation_for_Bioprinting_Project/outputs/topology_correction/mesh_qc/s0_original/case_outputs/978__s0_original/segmentation_raw.stl,/Users/angadkumar16ak/Projects/Automated_Cardiovascular_Segmentation_for_Bioprinting_Project/outputs/topology_correction/mesh_qc/s0_original/case_outputs/978__s0_original/segmentation_repaired.stl,/Users/angadkumar16ak/Projects/Automated_Cardiovascular_Segmentation_for_Bioprinting_Project/outputs/topology_correction/mesh_qc/s0_original/case_outputs/978__s0_original/segmentation_smoothed.stl,True,0.6105267700927862,3.141592653589793,0.5584146790255923,3.1413413055031616,-0.0031930817815766445,0.07653563690593433,True
979__s0_original,/Users/angadkumar16ak/Projects/Automated_Cardiovascular_Segmentation_for_Bioprinting_Project/outputs/topology_correction/case_outputs/979/mask__s0_original.nii.gz,ok,3.0,9,True,0,9,7757.071184801777,6681.8347965367175,114.000004529953,117.00000464916229,97.20000386238098,0.4242640855706679,0.6000000238418579,0.5901342572862867,/Users/angadkumar16ak/Projects/Automated_Cardiovascular_Segmentation_for_Bioprinting_Project/outputs/topology_correction/mesh_qc/s0_original/case_outputs/979__s0_original/segmentation_raw.stl,/Users/angadkumar16ak/Projects/Automated_Cardiovascular_Segmentation_for_Bioprinting_Project/outputs/topology_correction/mesh_qc/s0_original/case_outputs/979__s0_original/segmentation_repaired.stl,/Users/angadkumar16ak/Projects/Automated_Cardiovascular_Segmentation_for_Bioprinting_Project/outputs/topology_correction/mesh_qc/s0_original/case_outputs/979__s0_original/segmentation_smoothed.stl,True,0.5656586489442217,3.141592653589793,0.5059638751818897,3.141592653589793,-0.0030047233319622454,0.08939913617886179,True
980__s0_original,/Users/angadkumar16ak/Projects/Automated_Cardiovascular_Segmentation_for_Bioprinting_Project/outputs/topology_correction/case_outputs/980/mask__s0_original.nii.gz,ok,3.0,12,True,0,12,7759.312945043053,7965.990949620048,118.80000472068787,96.00000381469727,87.60000348091125,0.4242640855706679,0.6000000238418579,0.5905553777772612,/Users/angadkumar16ak/Projects/Automated_Cardiovascular_Segmentation_for_Bioprinting_Project/outputs/topology_correction/mesh_qc/s0_original/case_outputs/980__s0_original/segmentation_raw.stl,/Users/angadkumar16ak/Projects/Automated_Cardiovascular_Segmentation_for_Bioprinting_Project/outputs/topology_correction/mesh_qc/s0_original/case_outputs/980__s0_original/segmentation_repaired.stl,/Users/angadkumar16ak/Projects/Automated_Cardiovascular_Segmentation_for_Bioprinting_Project/outputs/topology_correction/mesh_qc/s0_original/case_outputs/980__s0_original/segmentation_smoothed.stl,True,0.5956945467891206,3.141592653589793,0.5358590074868809,3.141592653589793,-0.0021485685792749995,0.17208443695320652,True
981__s0_original,/Users/angadkumar16ak/Projects/Automated_Cardiovascular_Segmentation_for_Bioprinting_Project/outputs/topology_correction/case_outputs/981/mask__s0_original.nii.gz,ok,3.0,13,True,0,11,4885.160961622049,4292.856511748335,116.40000462532043,100.20000398159027,97.80000388622284,0.4242640855706679,0.6000000238418579,0.5925633318572742,/Users/angadkumar16ak/Projects/Automated_Cardiovascular_Segmentation_for_Bioprinting_Project/outputs/topology_correction/mesh_qc/s0_original/case_outputs/981__s0_original/segmentation_raw.stl,/Users/angadkumar16ak/Projects/Automated_Cardiovascular_Segmentation_for_Bioprinting_Project/outputs/topology_correction/mesh_qc/s0_original/case_outputs/981__s0_original/segmentation_repaired.stl,/Users/angadkumar16ak/Projects/Automated_Cardiovascular_Segmentation_for_Bioprinting_Project/outputs/topology_correction/mesh_qc/s0_original/case_outputs/981__s0_original/segmentation_smoothed.stl,True,0.579911087939113,3.141592653589793,0.5332354516805196,3.138736196683602,-0.0032037972114486147,0.10779952550415184,True
982__s0_original,/Users/angadkumar16ak/Projects/Automated_Cardiovascular_Segmentation_for_Bioprinting_Project/outputs/topology_correction/case_outputs/982/mask__s0_original.nii.gz,ok,3.0,3,True,0,3,5906.015331234781,4626.954551575921,100.80000400543213,93.60000371932983,75.6000030040741,0.4242640855706679,0.6000000238418579,0.5923419288776254,/Users/angadkumar16ak/Projects/Automated_Cardiovascular_Segmentation_for_Bioprinting_Project/outputs/topology_correction/mesh_qc/s0_original/case_outputs/982__s0_original/segmentation_raw.stl,/Users/angadkumar16ak/Projects/Automated_Cardiovascular_Segmentation_for_Bioprinting_Project/outputs/topology_correction/mesh_qc/s0_original/case_outputs/982__s0_original/segmentation_repaired.stl,/Users/angadkumar16ak/Projects/Automated_Cardiovascular_Segmentation_for_Bioprinting_Project/outputs/topology_correction/mesh_qc/s0_original/case_outputs/982__s0_original/segmentation_smoothed.stl,True,0.5984817634668833,3.141592653589793,0.5567505483359654,3.1386905624136956,-0.0032466003869311053,0.051440329218107,True
983__s0_original,/Users/angadkumar16ak/Projects/Automated_Cardiovascular_Segmentation_for_Bioprinting_Project/outputs/topology_correction/case_outputs/983/mask__s0_original.nii.gz,ok,3.0,13,True,0,11,10208.479598325754,8728.822040556593,123.00000488758087,97.20000386238098,93.00000369548798,0.4242640855706679,0.6000000238418579,0.5913088466073637,/Users/angadkumar16ak/Projects/Automated_Cardiovascular_Segmentation_for_Bioprinting_Project/outputs/topology_correction/mesh_qc/s0_original/case_outputs/983__s0_original/segmentation_raw.stl,/Users/angadkumar16ak/Projects/Automated_Cardiovascular_Segmentation_for_Bioprinting_Project/outputs/topology_correction/mesh_qc/s0_original/case_outputs/983__s0_original/segmentation_repaired.stl,/Users/angadkumar16ak/Projects/Automated_Cardiovascular_Segmentation_for_Bioprinting_Project/outputs/topology_correction/mesh_qc/s0_original/case_outputs/983__s0_original/segmentation_smoothed.stl,True,0.584295455165569,3.141592653589793,0.5317270679504309,3.1400701422870094,-0.003105898020550609,0.090003159711251,True
984__s0_original,/Users/angadkumar16ak/Projects/Automated_Cardiovascular_Segmentation_for_Bioprinting_Project/outputs/topology_correction/case_outputs/984/mask__s0_original.nii.gz,ok,3.0,31,True,0,29,10192.902352954074,9531.52313624601,190.20000755786896,144.0000057220459,95.40000379085541,0.4242640855706679,0.6000000238418579,0.5888101506687228,/Users/angadkumar16ak/Projects/Automated_Cardiovascular_Segmentation_for_Bioprinting_Project/outputs/topology_correction/mesh_qc/s0_original/case_outputs/984__s0_original/segmentation_raw.stl,/Users/angadkumar16ak/Projects/Automated_Cardiovascular_Segmentation_for_Bioprinting_Project/outputs/topology_correction/mesh_qc/s0_original/case_outputs/984__s0_original/segmentation_repaired.stl,/Users/angadkumar16ak/Projects/Automated_Cardiovascular_Segmentation_for_Bioprinting_Project/outputs/topology_correction/mesh_qc/s0_original/case_outputs/984__s0_original/segmentation_smoothed.stl,True,0.5976969509559786,3.141592653589793,0.5463580577978397,3.140174040510697,-0.003036323928553451,0.14274887432570996,True
985__s0_original,/Users/angadkumar16ak/Projects/Automated_Cardiovascular_Segmentation_for_Bioprinting_Project/outputs/topology_correction/case_outputs/985/mask__s0_original.nii.gz,ok,3.0,12,True,0,11,8403.227013894802,7266.0068661754485,166.8000066280365,137.40000545978546,95.40000379085541,0.4242640855706679,0.6000000238418579,0.5926195691762863,/Users/angadkumar16ak/Projects/Automated_Cardiovascular_Segmentation_for_Bioprinting_Project/outputs/topology_correction/mesh_qc/s0_original/case_outputs/985__s0_original/segmentation_raw.stl,/Users/angadkumar16ak/Projects/Automated_Cardiovascular_Segmentation_for_Bioprinting_Project/outputs/topology_correction/mesh_qc/s0_original/case_outputs/985__s0_original/segmentation_repaired.stl,/Users/angadkumar16ak/Projects/Automated_Cardiovascular_Segmentation_for_Bioprinting_Project/outputs/topology_correction/mesh_qc/s0_original/case_outputs/985__s0_original/segmentation_smoothed.stl,True,0.5775740144445932,3.141592653589793,0.5207600352132554,3.1390715800292166,-0.0030267758927944527,0.09058785737230966,True
986__s0_original,/Users/angadkumar16ak/Projects/Automated_Cardiovascular_Segmentation_for_Bioprinting_Project/outputs/topology_correction/case_outputs/986/mask__s0_original.nii.gz,ok,3.0,13,True,0,12,8477.546558561333,7802.775930163302,176.40000700950623,109.80000436306,96.00000381469727,0.4242640855706679,0.6000000238418579,0.5897626335073448,/Users/angadkumar16ak/Projects/Automated_Cardiovascular_Segmentation_for_Bioprinting_Project/outputs/topology_correction/mesh_qc/s0_original/case_outputs/986__s0_original/segmentation_raw.stl,/Users/angadkumar16ak/Projects/Automated_Cardiovascular_Segmentation_for_Bioprinting_Project/outputs/topology_correction/mesh_qc/s0_original/case_outputs/986__s0_original/segmentation_repaired.stl,/Users/angadkumar16ak/Projects/Automated_Cardiovascular_Segmentation_for_Bioprinting_Project/outputs/topology_correction/mesh_qc/s0_original/case_outputs/986__s0_original/segmentation_smoothed.stl,True,0.581648231997726,3.141592653589793,0.5227076290520237,3.1411638929208294,-0.002670566807464155,0.11467814901618793,True
987__s0_original,/Users/angadkumar16ak/Projects/Automated_Cardiovascular_Segmentation_for_Bioprinting_Project/outputs/topology_correction/case_outputs/987/mask__s0_original.nii.gz,ok,3.0,4,True,0,4,11018.7813908592,10529.551255220222,118.80000472068787,82.20000326633453,99.00000393390656,0.4242640855706679,0.6000000238418579,0.5915933443425903,/Users/angadkumar16ak/Projects/Automated_Cardiovascular_Segmentation_for_Bioprinting_Project/outputs/topology_correction/mesh_qc/s0_original/case_outputs/987__s0_original/segmentation_raw.stl,/Users/angadkumar16ak/Projects/Automated_Cardiovascular_Segmentation_for_Bioprinting_Project/outputs/topology_correction/mesh_qc/s0_original/case_outputs/987__s0_original/segmentation_repaired.stl,/Users/angadkumar16ak/Projects/Automated_Cardiovascular_Segmentation_for_Bioprinting_Project/outputs/topology_correction/mesh_qc/s0_original/case_outputs/987__s0_original/segmentation_smoothed.stl,True,0.5752382202150572,3.141592653589793,0.5178200288436374,3.138368505960475,-0.00202790992866468,0.13512092534174552,True
988__s0_original,/Users/angadkumar16ak/Projects/Automated_Cardiovascular_Segmentation_for_Bioprinting_Project/outputs/topology_correction/case_outputs/988/mask__s0_original.nii.gz,ok,3.0,15,True,0,13,7104.371356260772,5617.197669622089,112.80000448226929,87.60000348091125,78.00000309944153,0.4242640855706679,0.6000000238418579,0.5926978871724415,/Users/angadkumar16ak/Projects/Automated_Cardiovascular_Segmentation_for_Bioprinting_Project/outputs/topology_correction/mesh_qc/s0_original/case_outputs/988__s0_original/segmentation_raw.stl,/Users/angadkumar16ak/Projects/Automated_Cardiovascular_Segmentation_for_Bioprinting_Project/outputs/topology_correction/mesh_qc/s0_original/case_outputs/988__s0_original/segmentation_repaired.stl,/Users/angadkumar16ak/Projects/Automated_Cardiovascular_Segmentation_for_Bioprinting_Project/outputs/topology_correction/mesh_qc/s0_original/case_outputs/988__s0_original/segmentation_smoothed.stl,True,0.5812105883980737,3.141592653589793,0.5312806356457065,3.1406334628792956,-0.0037692247805507077,0.05944806294943714,True
989__s0_original,/Users/angadkumar16ak/Projects/Automated_Cardiovascular_Segmentation_for_Bioprinting_Project/outputs/topology_correction/case_outputs/989/mask__s0_original.nii.gz,ok,3.0,6,True,0,6,9044.829404050759,7588.062904567515,113.40000450611115,85.80000340938568,90.60000360012054,0.4242640855706679,0.6000000238418579,0.590338961781857,/Users/angadkumar16ak/Projects/Automated_Cardiovascular_Segmentation_for_Bioprinting_Project/outputs/topology_correction/mesh_qc/s0_original/case_outputs/989__s0_original/segmentation_raw.stl,/Users/angadkumar16ak/Projects/Automated_Cardiovascular_Segmentation_for_Bioprinting_Project/outputs/topology_correction/mesh_qc/s0_original/case_outputs/989__s0_original/segmentation_repaired.stl,/Users/angadkumar16ak/Projects/Automated_Cardiovascular_Segmentation_for_Bioprinting_Project/outputs/topology_correction/mesh_qc/s0_original/case_outputs/989__s0_original/segmentation_smoothed.stl,True,0.5851532794635876,3.141592653589793,0.5270246246469983,3.1392871380017326,-0.002748535846301146,0.07581348540758134,True
990__s0_original,/Users/angadkumar16ak/Projects/Automated_Cardiovascular_Segmentation_for_Bioprinting_Project/outputs/topology_correction/case_outputs/990/mask__s0_original.nii.gz,ok,3.0,9,True,0,9,7973.494589730035,7055.784841115033,141.0000056028366,102.6000040769577,126.60000503063202,0.4242640855706679,0.6000000238418579,0.5896364617895078,/Users/angadkumar16ak/Projects/Automated_Cardiovascular_Segmentation_for_Bioprinting_Project/outputs/topology_correction/mesh_qc/s0_original/case_outputs/990__s0_original/segmentation_raw.stl,/Users/angadkumar16ak/Projects/Automated_Cardiovascular_Segmentation_for_Bioprinting_Project/outputs/topology_correction/mesh_qc/s0_original/case_outputs/990__s0_original/segmentation_repaired.stl,/Users/angadkumar16ak/Projects/Automated_Cardiovascular_Segmentation_for_Bioprinting_Project/outputs/topology_correction/mesh_qc/s0_original/case_outputs/990__s0_original/segmentation_smoothed.stl,True,0.5868506580340025,3.141592653589793,0.5366807422617451,3.1391549220002246,-0.0027669137665575615,0.09889216689746523,True
991__s0_original,/Users/angadkumar16ak/Projects/Automated_Cardiovascular_Segmentation_for_Bioprinting_Project/outputs/topology_correction/case_outputs/991/mask__s0_original.nii.gz,ok,3.0,23,True,0,21,7946.759015932039,6568.4977830258895,163.20000648498535,143.40000569820404,78.00000309944153,0.4242640855706679,0.6000000238418579,0.5905706562205171,/Users/angadkumar16ak/Projects/Automated_Cardiovascular_Segmentation_for_Bioprinting_Project/outputs/topology_correction/mesh_qc/s0_original/case_outputs/991__s0_original/segmentation_raw.stl,/Users/angadkumar16ak/Projects/Automated_Cardiovascular_Segmentation_for_Bioprinting_Project/outputs/topology_correction/mesh_qc/s0_original/case_outputs/991__s0_original/segmentation_repaired.stl,/Users/angadkumar16ak/Projects/Automated_Cardiovascular_Segmentation_for_Bioprinting_Project/outputs/topology_correction/mesh_qc/s0_original/case_outputs/991__s0_original/segmentation_smoothed.stl,True,0.6033472111811561,3.141592653589793,0.5566839262560372,3.13990759213445,-0.00353233828917287,0.07502821215540867,True
992__s0_original,/Users/angadkumar16ak/Projects/Automated_Cardiovascular_Segmentation_for_Bioprinting_Project/outputs/topology_correction/case_outputs/992/mask__s0_original.nii.gz,ok,3.0,10,True,0,9,6411.900486656616,5388.750642389084,111.60000443458557,87.0000034570694,87.0000034570694,0.4242640855706679,0.6000000238418579,0.5878278521753177,/Users/angadkumar16ak/Projects/Automated_Cardiovascular_Segmentation_for_Bioprinting_Project/outputs/topology_correction/mesh_qc/s0_original/case_outputs/992__s0_original/segmentation_raw.stl,/Users/angadkumar16ak/Projects/Automated_Cardiovascular_Segmentation_for_Bioprinting_Project/outputs/topology_correction/mesh_qc/s0_original/case_outputs/992__s0_original/segmentation_repaired.stl,/Users/angadkumar16ak/Projects/Automated_Cardiovascular_Segmentation_for_Bioprinting_Project/outputs/topology_correction/mesh_qc/s0_original/case_outputs/992__s0_original/segmentation_smoothed.stl,True,0.5912069596835147,3.141592653589793,0.5402119804158542,3.140954880281685,-0.002865300383873594,0.07212030548775687,True
993__s0_original,/Users/angadkumar16ak/Projects/Automated_Cardiovascular_Segmentation_for_Bioprinting_Project/outputs/topology_correction/case_outputs/993/mask__s0_original.nii.gz,ok,3.0,12,True,0,10,13642.677025593115,12695.023513364615,118.20000469684601,113.40000450611115,96.60000383853912,0.4242640855706679,0.6000000238418579,0.5910305875389102,/Users/angadkumar16ak/Projects/Automated_Cardiovascular_Segmentation_for_Bioprinting_Project/outputs/topology_correction/mesh_qc/s0_original/case_outputs/993__s0_original/segmentation_raw.stl,/Users/angadkumar16ak/Projects/Automated_Cardiovascular_Segmentation_for_Bioprinting_Project/outputs/topology_correction/mesh_qc/s0_original/case_outputs/993__s0_original/segmentation_repaired.stl,/Users/angadkumar16ak/Projects/Automated_Cardiovascular_Segmentation_for_Bioprinting_Project/outputs/topology_correction/mesh_qc/s0_original/case_outputs/993__s0_original/segmentation_smoothed.stl,True,0.609511712255831,3.141592653589793,0.5552635121146126,3.1397392152102075,-0.00230043498769849,0.12709293555685913,True
994__s0_original,/Users/angadkumar16ak/Projects/Automated_Cardiovascular_Segmentation_for_Bioprinting_Project/outputs/topology_correction/case_outputs/994/mask__s0_original.nii.gz,ok,3.0,13,True,0,13,9544.827864691786,8089.308964320696,151.2000060081482,105.00000417232513,78.00000309944153,0.4242640855706679,0.6000000238418579,0.5918621059119614,/Users/angadkumar16ak/Projects/Automated_Cardiovascular_Segmentation_for_Bioprinting_Project/outputs/topology_correction/mesh_qc/s0_original/case_outputs/994__s0_original/segmentation_raw.stl,/Users/angadkumar16ak/Projects/Automated_Cardiovascular_Segmentation_for_Bioprinting_Project/outputs/topology_correction/mesh_qc/s0_original/case_outputs/994__s0_original/segmentation_repaired.stl,/Users/angadkumar16ak/Projects/Automated_Cardiovascular_Segmentation_for_Bioprinting_Project/outputs/topology_correction/mesh_qc/s0_original/case_outputs/994__s0_original/segmentation_smoothed.stl,True,0.5870499750959621,3.141592653589793,0.5352761828871522,3.1386928018315317,-0.0028586941035489114,0.08252936241610738,True
995__s0_original,/Users/angadkumar16ak/Projects/Automated_Cardiovascular_Segmentation_for_Bioprinting_Project/outputs/topology_correction/case_outputs/995/mask__s0_original.nii.gz,ok,3.0,17,False,28,14,8097.7183063292105,not_watertight,171.30000680685043,128.4000051021576,77.40000307559967,0.4242640855706679,0.6000000238418579,0.591263885155226,/Users/angadkumar16ak/Projects/Automated_Cardiovascular_Segmentation_for_Bioprinting_Project/outputs/topology_correction/mesh_qc/s0_original/case_outputs/995__s0_original/segmentation_raw.stl,/Users/angadkumar16ak/Projects/Automated_Cardiovascular_Segmentation_for_Bioprinting_Project/outputs/topology_correction/mesh_qc/s0_original/case_outputs/995__s0_original/segmentation_repaired.stl,/Users/angadkumar16ak/Projects/Automated_Cardiovascular_Segmentation_for_Bioprinting_Project/outputs/topology_correction/mesh_qc/s0_original/case_outputs/995__s0_original/segmentation_smoothed.stl,True,0.6110942391027957,3.141592653589793,0.5640722748167615,3.1408118607405053,not_watertight,0.04954759440419352,False
996__s0_original,/Users/angadkumar16ak/Projects/Automated_Cardiovascular_Segmentation_for_Bioprinting_Project/outputs/topology_correction/case_outputs/996/mask__s0_original.nii.gz,ok,3.0,15,True,0,13,7221.882600706809,5759.829686625151,106.20000422000885,93.60000371932983,77.40000307559967,0.4242640855706679,0.6000000238418579,0.5910616213892592,/Users/angadkumar16ak/Projects/Automated_Cardiovascular_Segmentation_for_Bioprinting_Project/outputs/topology_correction/mesh_qc/s0_original/case_outputs/996__s0_original/segmentation_raw.stl,/Users/angadkumar16ak/Projects/Automated_Cardiovascular_Segmentation_for_Bioprinting_Project/outputs/topology_correction/mesh_qc/s0_original/case_outputs/996__s0_original/segmentation_repaired.stl,/Users/angadkumar16ak/Projects/Automated_Cardiovascular_Segmentation_for_Bioprinting_Project/outputs/topology_correction/mesh_qc/s0_original/case_outputs/996__s0_original/segmentation_smoothed.stl,True,0.5937824116489921,3.141592653589793,0.5426874238423126,3.140302590459359,-0.0034509810620154285,0.05869173981709332,True
997__s0_original,/Users/angadkumar16ak/Projects/Automated_Cardiovascular_Segmentation_for_Bioprinting_Project/outputs/topology_correction/case_outputs/997/mask__s0_original.nii.gz,ok,3.0,12,True,0,9,10378.688339538228,9135.334089016602,120.00000476837158,106.80000424385071,79.20000314712524,0.4242640855706679,0.6000000238418579,0.5899827299953914,/Users/angadkumar16ak/Projects/Automated_Cardiovascular_Segmentation_for_Bioprinting_Project/outputs/topology_correction/mesh_qc/s0_original/case_outputs/997__s0_original/segmentation_raw.stl,/Users/angadkumar16ak/Projects/Automated_Cardiovascular_Segmentation_for_Bioprinting_Project/outputs/topology_correction/mesh_qc/s0_original/case_outputs/997__s0_original/segmentation_repaired.stl,/Users/angadkumar16ak/Projects/Automated_Cardiovascular_Segmentation_for_Bioprinting_Project/outputs/topology_correction/mesh_qc/s0_original/case_outputs/997__s0_original/segmentation_smoothed.stl,True,0.5954148027229976,3.141592653589793,0.5425688847328004,3.1397762226182486,-0.002801094307757585,0.10030444583885287,True
998__s0_original,/Users/angadkumar16ak/Projects/Automated_Cardiovascular_Segmentation_for_Bioprinting_Project/outputs/topology_correction/case_outputs/998/mask__s0_original.nii.gz,ok,3.0,5,True,0,3,9647.480607052781,9647.569150079775,111.00000441074371,95.40000379085541,81.60000324249268,0.4242640855706679,0.6000000238418579,0.5919695216826201,/Users/angadkumar16ak/Projects/Automated_Cardiovascular_Segmentation_for_Bioprinting_Project/outputs/topology_correction/mesh_qc/s0_original/case_outputs/998__s0_original/segmentation_raw.stl,/Users/angadkumar16ak/Projects/Automated_Cardiovascular_Segmentation_for_Bioprinting_Project/outputs/topology_correction/mesh_qc/s0_original/case_outputs/998__s0_original/segmentation_repaired.stl,/Users/angadkumar16ak/Projects/Automated_Cardiovascular_Segmentation_for_Bioprinting_Project/outputs/topology_correction/mesh_qc/s0_original/case_outputs/998__s0_original/segmentation_smoothed.stl,True,0.567867553586847,3.141592653589793,0.5079985328945826,3.139652833294096,-0.00209478570337307,0.17328886631181395,True
999__s0_original,/Users/angadkumar16ak/Projects/Automated_Cardiovascular_Segmentation_for_Bioprinting_Project/outputs/topology_correction/case_outputs/999/mask__s0_original.nii.gz,ok,3.0,18,True,0,17,5740.916413842627,4419.036526790162,101.40000402927399,72.60000288486481,82.20000326633453,0.4242640855706679,0.6000000238418579,0.5899014904823849,/Users/angadkumar16ak/Projects/Automated_Cardiovascular_Segmentation_for_Bioprinting_Project/outputs/topology_correction/mesh_qc/s0_original/case_outputs/999__s0_original/segmentation_raw.stl,/Users/angadkumar16ak/Projects/Automated_Cardiovascular_Segmentation_for_Bioprinting_Project/outputs/topology_correction/mesh_qc/s0_original/case_outputs/999__s0_original/segmentation_repaired.stl,/Users/angadkumar16ak/Projects/Automated_Cardiovascular_Segmentation_for_Bioprinting_Project/outputs/topology_correction/mesh_qc/s0_original/case_outputs/999__s0_original/segmentation_smoothed.stl,True,0.5984373770319318,3.141592653589793,0.5548425092057584,3.140266309583414,-0.004486604340505054,0.053164556962025315,True
