case_id,strategy,variant_id,kind,primary_variant,spacing_x_mm,spacing_y_mm,spacing_z_mm,spacing_as_expected,segmentation_threshold_frozen,strength,stage_a_component_count,stage_a_total_volume_mm3,stage_a_largest_component_mm3,stage_a_largest_component_ratio,stage_a_second_component_ratio,stage_a_n_components_ge_5mm3,stage_a_n_components_lt_5mm3,stage_a_median_component_volume_mm3,stage_a_median_gap_to_larger_mm,stage_a_min_gap_to_larger_mm,stage_a_n_components_within_1p2mm,correction_components_before,correction_components_after,correction_bridges_added,correction_added_volume_mm3,correction_removed_volume_mm3,connected_components_corrected,pred_voxels,pred_volume_mm3_corrected,dice_corrected,precision_corrected,recall_corrected,jaccard,tp_voxels,fp_voxels,fn_voxels,gt_volume_mm3_corrected,volume_diff_from_gt_mm3,volume_diff_from_gt_relative,cldice_corrected,topology_precision_corrected,topology_sensitivity_corrected,hd95_corrected,hd,assd_corrected,masd_pred_to_gt,masd_gt_to_pred,skeleton_voxels,skeleton_length_mm_approx,skeleton_endpoints_corrected,skeleton_branchpoints_corrected,skeleton_components,centerline_mean_mm_corrected,centerline_p95_mm,provenance_checked,provenance_ok,authoritative_dice,dice_abs_delta,mesh_attempted,corrected_mask_path,mesh_mask_path,mesh_status,mesh_target_wall_thickness_mm,mesh_voxel_connected_component_count,mesh_watertight_corrected,mesh_non_manifold_edge_count_corrected,mesh_connected_component_count,mesh_surface_area_mm2,mesh_volume_mm3_corrected,mesh_bbox_x_mm,mesh_bbox_y_mm,mesh_bbox_z_mm,mesh_edge_length_min_mm,mesh_edge_length_median_mm,mesh_edge_length_mean_mm,mesh_raw_stl,mesh_repaired_stl,mesh_smoothed_stl,mesh_repair_success,mesh_surface_roughness_pre_mean,mesh_surface_roughness_pre_max,mesh_surface_roughness_post_mean,mesh_surface_roughness_post_max,mesh_smoothing_volume_change_relative,mesh_wall_thickness_compliance_fraction,mesh_slicer_compatibility_proxy,mesh_phaseb_source,mesh_slicability_planes_total,mesh_slicability_planes_intersecting,mesh_slicability_planes_closed,mesh_slicability_closed_fraction_corrected,mesh_slicable,mesh_mask_centroid_world_x,mesh_mask_centroid_world_y,mesh_mask_centroid_world_z,mesh_mesh_centroid_world_x,mesh_mesh_centroid_world_y,mesh_mesh_centroid_world_z,mesh_mesh_to_mask_centroid_mm_corrected,mesh_integrity_pass_corrected,repaired_stl,geom_vs_gt_geometry_status,geom_vs_gt_distance_method,geom_vs_gt_n_sample_points_a,geom_vs_gt_n_sample_points_b,geom_vs_gt_chamfer_mm,geom_vs_gt_symmetric_mean_surface_distance_mm,geom_vs_gt_symmetric_p95_surface_distance_mm,geom_vs_gt_hausdorff_mm,geom_vs_gt_directed_mean_a_to_b_mm,geom_vs_gt_directed_mean_b_to_a_mm,geom_vs_gt_mesh_volume_a_mm3,geom_vs_gt_mesh_volume_b_mm3,geom_vs_gt_mesh_volume_change_mm3,geom_vs_gt_mesh_volume_change_relative,geom_vs_gt_centroid_displacement_mm,geom_vs_gt_bbox_extent_change_x_mm,geom_vs_gt_bbox_extent_change_y_mm,geom_vs_gt_bbox_extent_change_z_mm,geom_vs_gt_bbox_extent_change_norm_mm,reference_volume_mm3,volume_diff_from_original_mm3,volume_diff_from_original_relative,dice_vs_original_prediction,geom_vs_original_geometry_status,geom_vs_original_distance_method,geom_vs_original_n_sample_points_a,geom_vs_original_n_sample_points_b,geom_vs_original_chamfer_mm,geom_vs_original_symmetric_mean_surface_distance_mm,geom_vs_original_symmetric_p95_surface_distance_mm,geom_vs_original_hausdorff_mm,geom_vs_original_directed_mean_a_to_b_mm,geom_vs_original_directed_mean_b_to_a_mm,geom_vs_original_mesh_volume_a_mm3,geom_vs_original_mesh_volume_b_mm3,geom_vs_original_mesh_volume_change_mm3,geom_vs_original_mesh_volume_change_relative,geom_vs_original_centroid_displacement_mm,geom_vs_original_bbox_extent_change_x_mm,geom_vs_original_bbox_extent_change_y_mm,geom_vs_original_bbox_extent_change_z_mm,geom_vs_original_bbox_extent_change_norm_mm,dice_original,cldice_original,hd95_original,connected_components_original,precision_original,recall_original,pred_volume_mm3_original,assd_original,centerline_mean_mm_original,skeleton_endpoints_original,skeleton_branchpoints_original,mesh_integrity_pass_original,topology_precision_original,topology_sensitivity_original,gt_volume_mm3_original,mesh_slicability_closed_fraction_original,mesh_mesh_to_mask_centroid_mm_original,mesh_non_manifold_edge_count_original,mesh_watertight_original,mesh_volume_mm3_original,components_original,components_corrected,delta_dice,delta_cldice,delta_hd95,delta_assd,delta_precision,delta_recall,delta_pred_volume_mm3,delta_centerline_mean_mm,delta_components,category,selection_rule
984,s1_absolute_volume__mm3_5,s1_absolute_volume__mm3_5,absolute_volume_filter,True,0.6000000238418579,0.6000000238418579,0.6000000238418579,True,0.5,5.0,31,9690.193155160956,4655.016554921172,0.4803842895992151,0.9772168344856387,13,18,3.8880004634857364,10.580992596886933,0.8485281711413358,2,31,13,0,0.0,32.40000386237807,13,44712,9657.793151298569,0.8270906018914709,0.8430175344426553,0.8117543179566696,0.7051615437861298,37693,7019,8741,10029.745195638705,-371.9520443401361,-0.037084894689236404,0.8971714860796658,0.8889980353634578,0.90549662487946,6.177378330059151,103.01495446473955,1.5721859129630078,2.4327760151376316,0.8029564970309235,1018,610.8000242710114,29,21,11,2.358502542729825,10.930437306643448,,,,,True,/Users/angadkumar16ak/Projects/Automated_Cardiovascular_Segmentation_for_Bioprinting_Project/outputs/topology_correction/case_outputs/984/mask__s1_absolute_volume__mm3_5.nii.gz,/Users/angadkumar16ak/Projects/Automated_Cardiovascular_Segmentation_for_Bioprinting_Project/outputs/topology_correction/case_outputs/984/mask__s1_absolute_volume__mm3_5.nii.gz,ok,3.0,13.0,True,0.0,13.0,10080.07625415434,9507.664133401799,175.80000698566437,142.20000565052032,95.40000379085541,0.4242640855706679,0.6000000238418579,0.5891209374375944,/Users/angadkumar16ak/Projects/Automated_Cardiovascular_Segmentation_for_Bioprinting_Project/outputs/topology_correction/mesh_qc/s1_absolute_volume__mm3_5/case_outputs/984__s1_absolute_volume__mm3_5/segmentation_raw.stl,/Users/angadkumar16ak/Projects/Automated_Cardiovascular_Segmentation_for_Bioprinting_Project/outputs/topology_correction/mesh_qc/s1_absolute_volume__mm3_5/case_outputs/984__s1_absolute_volume__mm3_5/segmentation_repaired.stl,/Users/angadkumar16ak/Projects/Automated_Cardiovascular_Segmentation_for_Bioprinting_Project/outputs/topology_correction/mesh_qc/s1_absolute_volume__mm3_5/case_outputs/984__s1_absolute_volume__mm3_5/segmentation_smoothed.stl,True,0.5946873328022152,3.141592653589793,0.5425120725441182,3.140174040510697,-0.0026177131493758344,0.14322776883163357,True,"phaseb_mesh_qc.run_phaseb_for_case (repository implementation, unmodified)",50.0,42.0,42.0,1.0,True,-26.458477393056654,202.40384179967995,153.64477996040776,-31.10920871170728,200.90363646011983,153.02723959744392,4.925573464989838,True,/Users/angadkumar16ak/Projects/Automated_Cardiovascular_Segmentation_for_Bioprinting_Project/outputs/topology_correction/mesh_qc/s1_absolute_volume__mm3_5/case_outputs/984__s1_absolute_volume__mm3_5/segmentation_repaired.stl,ok,exact_point_to_surface,89359.0,88900.0,3.4834370547434146,1.7391719509812502,7.212488874565034,103.01495359961406,0.7527203557236521,2.730716699019762,9884.042905048113,9507.663693776385,-376.3792112717274,-0.03807947971163681,3.413289832707571,46.80000305175781,25.79998779296875,-0.5999984741210938,53.44379902225163,9690.19315516095,-32.40000386238171,-0.0033435870001338026,0.9983254069261169,ok,exact_point_to_surface,89398.0,88900.0,0.19473517836565166,0.09763954433326524,7.105427357601002e-15,37.04970554744669,0.1947351783656501,1.5536178270229153e-15,9531.522677399673,9507.663693776385,-23.858983623287713,-0.0025031660135331874,0.4375588350838307,-14.400001525878906,-1.8000030517578125,0.0,14.512065839557518,0.8261479144759902,0.8911945418123274,4.2426408557066795,31,0.8406223529936249,0.8121635008829737,9690.19315516095,1.5966564969318207,2.5421955702933174,41,21,True,0.8746383799421408,0.9083895853423336,10029.745195638705,1.0,4.848111596686845,0.0,True,9531.52313624601,31,13,0.0009426874154806475,0.005976944267338413,1.9347374743524712,-0.024470583968812853,0.0023951814490303924,-0.0004091829263040969,-32.40000386238171,-0.18369302756349226,-18,high_dice_high_fragmentation,highest original component count among cases with original Dice above the cohort median
803,s1_absolute_volume__mm3_5,s1_absolute_volume__mm3_5,absolute_volume_filter,True,0.6000000238418579,0.6000000238418579,0.6000000238418579,True,0.5,5.0,30,7072.920843157801,4118.68849098589,0.5823179111314706,0.6635200335640865,16,14,6.804000811100039,19.953947770877683,0.8485281711413358,1,30,16,0,0.0,14.256001699446642,16,32679,7058.664841458354,0.8100880806032571,0.7823984822056979,0.8398094925275086,0.6807966769624028,25568,7111,4877,6576.120783934624,482.54405752372986,0.07337822302512731,0.8607457802831503,0.7815206929740135,0.9578454332552693,7.157351681192104,80.07022236461934,2.0295354362157028,3.6668667332028764,0.324177630234988,1039,623.4000247716904,40,27,16,3.365864379378357,14.610458409329278,,,,,True,/Users/angadkumar16ak/Projects/Automated_Cardiovascular_Segmentation_for_Bioprinting_Project/outputs/topology_correction/case_outputs/803/mask__s1_absolute_volume__mm3_5.nii.gz,/Users/angadkumar16ak/Projects/Automated_Cardiovascular_Segmentation_for_Bioprinting_Project/outputs/topology_correction/case_outputs/803/mask__s1_absolute_volume__mm3_5.nii.gz,ok,3.0,16.0,True,0.0,16.0,8784.438666112712,6905.007823141011,141.60000562667847,144.0000057220459,105.00000417232513,0.4242640855706679,0.6000000238418579,0.5909391621650993,/Users/angadkumar16ak/Projects/Automated_Cardiovascular_Segmentation_for_Bioprinting_Project/outputs/topology_correction/mesh_qc/s1_absolute_volume__mm3_5/case_outputs/803__s1_absolute_volume__mm3_5/segmentation_raw.stl,/Users/angadkumar16ak/Projects/Automated_Cardiovascular_Segmentation_for_Bioprinting_Project/outputs/topology_correction/mesh_qc/s1_absolute_volume__mm3_5/case_outputs/803__s1_absolute_volume__mm3_5/segmentation_repaired.stl,/Users/angadkumar16ak/Projects/Automated_Cardiovascular_Segmentation_for_Bioprinting_Project/outputs/topology_correction/mesh_qc/s1_absolute_volume__mm3_5/case_outputs/803__s1_absolute_volume__mm3_5/segmentation_smoothed.stl,True,0.5690209926316601,3.141592653589793,0.5090904225382328,3.1398869519060733,-0.003980665046050293,0.05550965451819211,True,"phaseb_mesh_qc.run_phaseb_for_case (repository implementation, unmodified)",50.0,38.0,38.0,1.0,True,-36.328242179069164,175.63525898349909,27.54683629728639,-38.70713791686169,173.31942034581778,26.274872298967974,3.555298291294732,True,/Users/angadkumar16ak/Projects/Automated_Cardiovascular_Segmentation_for_Bioprinting_Project/outputs/topology_correction/mesh_qc/s1_absolute_volume__mm3_5/case_outputs/803__s1_absolute_volume__mm3_5/segmentation_repaired.stl,ok,exact_point_to_surface,79129.0,83647.0,4.537568891987878,2.323972708860261,8.304394164602385,80.07021842255016,0.2804434375104104,4.2571254544774675,6455.5661302613735,6905.008034704545,449.44190444317155,0.06962083500877629,3.7322002749744665,23.399995803833008,60.59999084472656,-1.2000007629394531,64.97198393024027,7072.920843157802,-14.256001699447552,-0.0020155748969308083,0.9989911958914159,ok,exact_point_to_surface,83903.0,83647.0,0.16567443069561003,0.08296378250464796,7.105427357601002e-15,71.11709491102324,0.16567443069560855,1.4661980977924467e-15,6913.972015989172,6905.008034704545,-8.963981284627152,-0.0012965023960029274,0.4747791164411375,-30.60000228881836,-9.599998474121094,-6.599998474121094,32.742634143227036,0.8092419686659281,0.8526116217843313,7.660287505274688,30,0.7808214994655672,0.8398094925275086,7072.920843157802,2.141683593768536,3.8479515781834874,48,27,True,0.7682119205298014,0.9578454332552693,6576.120783934624,1.0,3.6639672038773474,0.0,True,6913.971824209603,30,16,0.0008461119373289749,0.008134158498819044,-0.5029358240825843,-0.11214815755283336,0.001576982740130628,0.0,-14.256001699447552,-0.4820871988051305,-14,high_dice_high_fragmentation,highest original component count among cases with original Dice above the cohort median
856,s1_absolute_volume__mm3_5,s1_absolute_volume__mm3_5,absolute_volume_filter,True,0.6000000238418579,0.6000000238418579,0.6000000238418579,True,0.5,5.0,25,8254.008983954469,5087.8806065225845,0.6164132625022898,0.5783909997877308,12,13,4.104000489234944,6.196200993448185,0.8485281711413358,3,25,12,0,0.0,14.904001776696532,12,38144,8239.104982177774,0.8351871947911015,0.8070731963087249,0.8653305599280414,0.7170140910678934,30785,7359,4791,7684.416916053809,554.6880661239657,0.07218349449066795,0.8935439541019021,0.8401682439537329,0.9541616405307599,4.024922519435666,104.4034523675369,1.2869555480154604,2.1962629520197985,0.36225735481655136,951,570.6000226736069,29,25,11,2.2293644363271943,7.892906962024684,,,,,True,/Users/angadkumar16ak/Projects/Automated_Cardiovascular_Segmentation_for_Bioprinting_Project/outputs/topology_correction/case_outputs/856/mask__s1_absolute_volume__mm3_5.nii.gz,/Users/angadkumar16ak/Projects/Automated_Cardiovascular_Segmentation_for_Bioprinting_Project/outputs/topology_correction/case_outputs/856/mask__s1_absolute_volume__mm3_5.nii.gz,ok,3.0,12.0,True,0.0,11.0,9009.244382534911,8101.035965718671,172.80000686645508,137.40000545978546,85.20000338554382,0.4242640855706679,0.6000000238418579,0.5905432109007407,/Users/angadkumar16ak/Projects/Automated_Cardiovascular_Segmentation_for_Bioprinting_Project/outputs/topology_correction/mesh_qc/s1_absolute_volume__mm3_5/case_outputs/856__s1_absolute_volume__mm3_5/segmentation_raw.stl,/Users/angadkumar16ak/Projects/Automated_Cardiovascular_Segmentation_for_Bioprinting_Project/outputs/topology_correction/mesh_qc/s1_absolute_volume__mm3_5/case_outputs/856__s1_absolute_volume__mm3_5/segmentation_repaired.stl,/Users/angadkumar16ak/Projects/Automated_Cardiovascular_Segmentation_for_Bioprinting_Project/outputs/topology_correction/mesh_qc/s1_absolute_volume__mm3_5/case_outputs/856__s1_absolute_volume__mm3_5/segmentation_smoothed.stl,True,0.5767946819547053,3.141592653589793,0.5170119280963265,3.1394369424240165,-0.002759842578848402,0.1117082634228188,True,"phaseb_mesh_qc.run_phaseb_for_case (repository implementation, unmodified)",50.0,40.0,40.0,1.0,True,-43.980657375523904,177.43409284622714,-133.56847249585573,-45.46110776131561,177.72380801654137,-136.24646140127064,3.0736448724968763,True,/Users/angadkumar16ak/Projects/Automated_Cardiovascular_Segmentation_for_Bioprinting_Project/outputs/topology_correction/mesh_qc/s1_absolute_volume__mm3_5/case_outputs/856__s1_absolute_volume__mm3_5/segmentation_repaired.stl,ok,exact_point_to_surface,81250.0,84565.0,2.7971339955819987,1.4201689867811553,4.409080706369666,104.40345474753346,0.31804397987161975,2.479090015710379,7565.050612798827,8101.036161075415,535.9855482765879,0.07085022635139916,3.352476877404507,58.20000648498535,39.600006103515625,-3.5999984741210938,70.48660317581268,8254.008983954469,-14.904001776694713,-0.0018056682280898433,0.9990963500399439,ok,exact_point_to_surface,84814.0,84565.0,0.05543242479865502,0.027756957337527834,1.4210854715202004e-14,37.22901724920779,0.05543242479865322,1.7996311633261845e-15,,8101.036161075415,,,0.3681789459948769,-8.699996948242188,0.0,0.0,8.699996948242188,0.8344333166190082,0.8862430902132803,4.2426408557066795,25,0.8056420589851622,0.8653586687654599,8254.008983954469,1.3890986884402279,2.6168319700205336,33,25,False,0.8264462809917356,0.9553679131483716,7684.416916053809,1.0,3.03869737188475,10.0,False,not_watertight,25,12,0.0007538781720932697,0.0073008638886218336,-0.21771833627101334,-0.10214314042476746,0.0014311373235627034,-2.810883741843906e-05,-14.904001776694713,-0.3874675336933393,-13,high_dice_high_fragmentation,highest original component count among cases with original Dice above the cohort median
977,s1_absolute_volume__mm3_5,s1_absolute_volume__mm3_5,absolute_volume_filter,True,0.6000000238418579,0.6000000238418579,0.6000000238418579,True,0.5,5.0,2,6437.0167673521355,3247.560387139336,0.5045132713667326,0.9821084137013635,2,0,3218.5083836760678,20.088803649597153,20.088803649597153,0,2,2,0,0.0,0.0,2,29801,6437.016767352135,0.8475218978674063,0.907486325962216,0.7949908871773766,0.7353908905506458,27044,2757,6974,7347.888875936543,-910.8721085844081,-0.1239637838791228,0.9524873757019392,0.9872448979591837,0.9200940070505288,1.0392305258366357,8.50646846527137,0.3881100854674079,0.24639496096267946,0.5059936736181462,784,470.4000186920166,12,12,2,0.5889534374177365,1.6970563422826717,,,,,True,/Users/angadkumar16ak/Projects/Automated_Cardiovascular_Segmentation_for_Bioprinting_Project/outputs/topology_correction/case_outputs/977/mask__s1_absolute_volume__mm3_5.nii.gz,/Users/angadkumar16ak/Projects/Automated_Cardiovascular_Segmentation_for_Bioprinting_Project/outputs/topology_correction/case_outputs/977/mask__s1_absolute_volume__mm3_5.nii.gz,ok,3.0,2.0,True,0.0,2.0,7347.195698208604,6322.059753648188,103.20000410079956,90.60000360012054,90.00000357627869,0.4242640855706679,0.6000000238418579,0.5897667765562032,/Users/angadkumar16ak/Projects/Automated_Cardiovascular_Segmentation_for_Bioprinting_Project/outputs/topology_correction/mesh_qc/s1_absolute_volume__mm3_5/case_outputs/977__s1_absolute_volume__mm3_5/segmentation_raw.stl,/Users/angadkumar16ak/Projects/Automated_Cardiovascular_Segmentation_for_Bioprinting_Project/outputs/topology_correction/mesh_qc/s1_absolute_volume__mm3_5/case_outputs/977__s1_absolute_volume__mm3_5/segmentation_repaired.stl,/Users/angadkumar16ak/Projects/Automated_Cardiovascular_Segmentation_for_Bioprinting_Project/outputs/topology_correction/mesh_qc/s1_absolute_volume__mm3_5/case_outputs/977__s1_absolute_volume__mm3_5/segmentation_smoothed.stl,True,0.5771208877492132,3.141592653589793,0.5199272055340254,3.139938738890614,-0.0025434847358504747,0.08120532868024563,True,"phaseb_mesh_qc.run_phaseb_for_case (repository implementation, unmodified)",50.0,50.0,50.0,1.0,True,-27.193470490058388,184.95732648892434,-1106.667581839088,-28.8085462407492,185.56999632836786,-1108.1481978966847,2.275095145844813,True,/Users/angadkumar16ak/Projects/Automated_Cardiovascular_Segmentation_for_Bioprinting_Project/outputs/topology_correction/mesh_qc/s1_absolute_volume__mm3_5/case_outputs/977__s1_absolute_volume__mm3_5/segmentation_repaired.stl,ok,exact_point_to_surface,81806.0,78280.0,0.7007406545355204,0.3531515206596946,1.0392102210684542,8.506468154161503,0.47664092435829286,0.22409973017722745,7221.8780377223875,6322.058405058699,-899.8196326636889,-0.12459634847938683,0.8457902647078474,-3.5999984741210938,-3.5999908447265625,0.0,5.091161271830748,6437.016767352135,0.0,0.0,1.0,ok,exact_point_to_surface,78280.0,78280.0,2.4071911708292978e-14,1.2035955854146489e-14,4.707345624410664e-14,2.382173337059642e-13,1.2014940508341257e-14,1.2056971199951722e-14,6322.058405058699,6322.058405058699,0.0,0.0,0.0,0.0,0.0,0.0,0.0,0.8475218978674063,0.9524873757019392,1.0392305258366357,2,0.907486325962216,0.7949908871773766,6437.016767352135,0.3881100854674079,0.5889534374177365,12,12,True,0.9872448979591837,0.9200940070505288,7347.888875936543,1.0,2.275095145844813,0.0,True,6322.059753648188,2,2,0.0,0.0,0.0,0.0,0.0,0.0,0.0,0.0,0,moderate_dice_good_topology,original components <= 2 and original Dice closest to the cohort median
890,s1_absolute_volume__mm3_5,s1_absolute_volume__mm3_5,absolute_volume_filter,True,0.6000000238418579,0.6000000238418579,0.6000000238418579,True,0.5,5.0,2,5089.392606702829,2923.5603485155243,0.5744418979713097,0.7408200960472849,2,0,2544.6963033514144,30.245000788536846,30.245000788536846,0,2,2,0,0.0,0.0,2,23562,5089.392606702829,0.8515598373133989,0.7953060011883542,0.9163773289647416,0.7414925609370053,18739,4823,1710,4416.984526545546,672.4080801572827,0.15223238300161365,0.929893335764427,0.9139784946236559,0.9463722397476341,1.3416408398118889,20.732583875644025,0.5585913232561257,0.7125120803943054,0.3977358971273016,651,390.6000155210495,9,9,2,0.8561401426897532,3.8418746951220877,,,,,True,/Users/angadkumar16ak/Projects/Automated_Cardiovascular_Segmentation_for_Bioprinting_Project/outputs/topology_correction/case_outputs/890/mask__s1_absolute_volume__mm3_5.nii.gz,/Users/angadkumar16ak/Projects/Automated_Cardiovascular_Segmentation_for_Bioprinting_Project/outputs/topology_correction/case_outputs/890/mask__s1_absolute_volume__mm3_5.nii.gz,ok,3.0,2.0,True,0.0,2.0,5937.033296698326,4998.213595833447,101.40000402927399,81.60000324249268,85.20000338554382,0.4242640855706679,0.6000000238418579,0.5893830335237957,/Users/angadkumar16ak/Projects/Automated_Cardiovascular_Segmentation_for_Bioprinting_Project/outputs/topology_correction/mesh_qc/s1_absolute_volume__mm3_5/case_outputs/890__s1_absolute_volume__mm3_5/segmentation_raw.stl,/Users/angadkumar16ak/Projects/Automated_Cardiovascular_Segmentation_for_Bioprinting_Project/outputs/topology_correction/mesh_qc/s1_absolute_volume__mm3_5/case_outputs/890__s1_absolute_volume__mm3_5/segmentation_repaired.stl,/Users/angadkumar16ak/Projects/Automated_Cardiovascular_Segmentation_for_Bioprinting_Project/outputs/topology_correction/mesh_qc/s1_absolute_volume__mm3_5/case_outputs/890__s1_absolute_volume__mm3_5/segmentation_smoothed.stl,True,0.5877773412022357,3.141592653589793,0.5382298331375671,3.138229082254617,-0.0026434726012904797,0.07376283846872082,True,"phaseb_mesh_qc.run_phaseb_for_case (repository implementation, unmodified)",50.0,50.0,50.0,1.0,True,-29.526989712389124,167.7685793963649,83.16041025542391,-32.42422162683223,167.49386526184685,81.87750983925405,3.180448726136059,True,/Users/angadkumar16ak/Projects/Automated_Cardiovascular_Segmentation_for_Bioprinting_Project/outputs/topology_correction/mesh_qc/s1_absolute_volume__mm3_5/case_outputs/890__s1_absolute_volume__mm3_5/segmentation_repaired.stl,ok,exact_point_to_surface,71969.0,72886.0,1.028260635850663,0.515152865965003,1.396611394777205,20.73258519351091,0.35260229580253194,0.6756583400481311,4325.796392440192,4998.213418426137,672.4170259859447,0.15544352183590238,2.2412901606446063,-1.1999969482421875,-0.5999908447265625,0.5999984741210938,1.469686993374405,5089.392606702829,0.0,0.0,1.0,ok,exact_point_to_surface,72886.0,72886.0,3.6012671649070485e-15,1.8006335824535242e-15,1.0048591735576161e-14,3.4809342861069267e-14,1.808927939049233e-15,1.7923392258578152e-15,4998.213418426137,4998.213418426137,0.0,0.0,0.0,0.0,0.0,0.0,0.0,0.8515598373133989,0.929893335764427,1.3416408398118889,2,0.7953060011883542,0.9163773289647416,5089.392606702829,0.5585913232561257,0.8561401426897532,9,9,True,0.9139784946236559,0.9463722397476341,4416.984526545546,1.0,3.180448726136059,0.0,True,4998.213595833447,2,2,0.0,0.0,0.0,0.0,0.0,0.0,0.0,0.0,0,moderate_dice_good_topology,original components <= 2 and original Dice closest to the cohort median
798,s1_absolute_volume__mm3_5,s1_absolute_volume__mm3_5,absolute_volume_filter,True,0.6000000238418579,0.6000000238418579,0.6000000238418579,True,0.5,5.0,44,9676.153153487254,4504.680536999724,0.46554456771658803,0.6725485495085112,25,19,7.668000914096869,4.724404912138064,0.8485281711413358,6,44,25,0,0.0,29.37600350189132,25,44661,9646.777149985359,0.6647868050300121,0.7179194375405835,0.618976833976834,0.4978881331718376,32063,12598,19737,11188.801333808951,-1542.0241838235925,-0.1378185328185328,0.7733704391684452,0.7386172006745363,0.8115555555555556,21.343055545600222,100.66062191971363,4.201865792064685,6.416837079808328,2.193155373162516,1186,711.6000282764435,55,33,24,4.960056186225962,33.09802142607721,,,,,True,/Users/angadkumar16ak/Projects/Automated_Cardiovascular_Segmentation_for_Bioprinting_Project/outputs/topology_correction/case_outputs/798/mask__s1_absolute_volume__mm3_5.nii.gz,/Users/angadkumar16ak/Projects/Automated_Cardiovascular_Segmentation_for_Bioprinting_Project/outputs/topology_correction/case_outputs/798/mask__s1_absolute_volume__mm3_5.nii.gz,ok,3.0,25.0,False,26.0,25.0,11131.53704544586,not_watertight,156.00000619888306,144.60000574588776,106.50000423192978,0.4242640855706679,0.6000000238418579,0.5923874144050602,/Users/angadkumar16ak/Projects/Automated_Cardiovascular_Segmentation_for_Bioprinting_Project/outputs/topology_correction/mesh_qc/s1_absolute_volume__mm3_5/case_outputs/798__s1_absolute_volume__mm3_5/segmentation_raw.stl,/Users/angadkumar16ak/Projects/Automated_Cardiovascular_Segmentation_for_Bioprinting_Project/outputs/topology_correction/mesh_qc/s1_absolute_volume__mm3_5/case_outputs/798__s1_absolute_volume__mm3_5/segmentation_repaired.stl,/Users/angadkumar16ak/Projects/Automated_Cardiovascular_Segmentation_for_Bioprinting_Project/outputs/topology_correction/mesh_qc/s1_absolute_volume__mm3_5/case_outputs/798__s1_absolute_volume__mm3_5/segmentation_smoothed.stl,True,0.5964162696131217,3.141592653589793,0.545073152748376,3.1397694683905737,not_watertight,0.09068314636931551,False,"phaseb_mesh_qc.run_phaseb_for_case (repository implementation, unmodified)",50.0,38.0,37.0,0.9736842105263158,False,-32.758538982281024,177.07578039841684,158.70934146423946,-33.39374247359377,175.64423815220755,158.11049158807825,1.6767283179561723,False,/Users/angadkumar16ak/Projects/Automated_Cardiovascular_Segmentation_for_Bioprinting_Project/outputs/topology_correction/mesh_qc/s1_absolute_volume__mm3_5/case_outputs/798__s1_absolute_volume__mm3_5/segmentation_repaired.stl,ok,exact_point_to_surface,92945.0,92393.0,8.788764914023337,4.387578213663014,22.658032284374162,100.66062564163559,2.109808446589509,6.678956467433829,11042.668432062135,,,,7.094016676250059,49.20000076293945,28.79999542236328,26.70000457763672,62.952125109857974,9676.153153487252,-29.376003501893138,-0.003035917583766864,0.9984797335062264,ok,exact_point_to_surface,92839.0,92393.0,0.114861074259661,0.05756881529479052,7.105427357601002e-15,34.836188153060036,0.11486000137170761,1.0728879533774793e-06,,,,,0.5162262956893411,-13.200004577636719,-4.200004577636719,-10.200004577636719,17.202332768715113,0.6638508442291169,0.7642616780277204,19.617340048649204,44,0.7157398932964261,0.618976833976834,9676.153153487252,3.9955193768452855,4.846029369272463,65,33,False,0.7221764220939819,0.8115555555555556,11188.801333808951,0.9736842105263158,1.9298478262504573,26.0,False,not_watertight,44,25,0.000935960800895197,0.009108761140724786,1.7257154969510182,0.20634641521939923,0.0021795442441574497,0.0,-29.376003501893138,0.11402681695349859,-19,largest_component_reduction,largest reduction in component count (original - corrected)
852,s1_absolute_volume__mm3_5,s1_absolute_volume__mm3_5,absolute_volume_filter,True,0.6000000238418579,0.6000000238418579,0.6000000238418579,True,0.5,5.0,38,9977.257189381651,4846.6085777607195,0.48576562533826917,0.38310009804795436,20,18,6.804000811100038,3.934463270922718,0.8485281711413358,4,38,20,0,0.0,17.928002137185103,20,46108,9959.329187244462,0.7889037135868356,0.7694326364188427,0.8093858368315386,0.6513963608321246,35477,10631,8355,9467.713128639267,491.6160586051956,0.05192553385654307,0.8567288031742171,0.8280632411067194,0.8874501992031872,6.600000262260437,43.86570588650865,1.5454376505554155,2.3835211963428873,0.7224780985381162,1012,607.2000241279602,46,22,20,2.287264536057073,17.36274504192214,,,,,True,/Users/angadkumar16ak/Projects/Automated_Cardiovascular_Segmentation_for_Bioprinting_Project/outputs/topology_correction/case_outputs/852/mask__s1_absolute_volume__mm3_5.nii.gz,/Users/angadkumar16ak/Projects/Automated_Cardiovascular_Segmentation_for_Bioprinting_Project/outputs/topology_correction/case_outputs/852/mask__s1_absolute_volume__mm3_5.nii.gz,ok,3.0,20.0,True,0.0,20.0,10486.479336100654,9804.77216881983,151.2000060081482,124.80000495910645,79.20000314712524,0.4242640855706679,0.6000000238418579,0.5916192636006682,/Users/angadkumar16ak/Projects/Automated_Cardiovascular_Segmentation_for_Bioprinting_Project/outputs/topology_correction/mesh_qc/s1_absolute_volume__mm3_5/case_outputs/852__s1_absolute_volume__mm3_5/segmentation_raw.stl,/Users/angadkumar16ak/Projects/Automated_Cardiovascular_Segmentation_for_Bioprinting_Project/outputs/topology_correction/mesh_qc/s1_absolute_volume__mm3_5/case_outputs/852__s1_absolute_volume__mm3_5/segmentation_repaired.stl,/Users/angadkumar16ak/Projects/Automated_Cardiovascular_Segmentation_for_Bioprinting_Project/outputs/topology_correction/mesh_qc/s1_absolute_volume__mm3_5/case_outputs/852__s1_absolute_volume__mm3_5/segmentation_smoothed.stl,True,0.6039274031450078,3.141592653589793,0.5511752286133595,3.1407291144782437,-0.0025962965009750606,0.13585494924958794,True,"phaseb_mesh_qc.run_phaseb_for_case (repository implementation, unmodified)",50.0,50.0,50.0,1.0,True,-18.270962350059477,178.2862514688475,164.2735884759436,-22.906743083324564,178.95196453289626,162.47018513465065,5.018555619094356,True,/Users/angadkumar16ak/Projects/Automated_Cardiovascular_Segmentation_for_Bioprinting_Project/outputs/topology_correction/mesh_qc/s1_absolute_volume__mm3_5/case_outputs/852__s1_absolute_volume__mm3_5/segmentation_repaired.stl,ok,exact_point_to_surface,87959.0,90064.0,3.1954300556442545,1.6083289935910774,7.262233252569236,43.86570581313404,0.7000760596103361,2.495353996033918,9330.751226898456,9804.77296989884,474.02174300038496,0.05080209850991279,5.2772412758028775,24.599998474121094,25.79999542236328,-0.600006103515625,35.65332657754368,9977.257189381648,-17.928002137185103,-0.0017968868394276818,0.9991007486538316,ok,exact_point_to_surface,90374.0,90064.0,0.08003704016944366,0.0400872651325126,7.105427357601002e-15,34.58728280504203,0.08003212954688464,4.910622559019894e-06,9817.174979441677,9804.77296989884,-12.402009542836822,-0.0012632971877152128,0.24992136991463104,0.0,-7.1999969482421875,-5.399993896484375,8.999993896484892,0.7882430045654999,0.850582848847039,6.029925612280241,38,0.7681150007577233,0.8094542799780982,9977.257189381648,1.506265184260532,2.328992023177799,52,22,True,0.8158148505303761,0.8884462151394422,9467.713128639267,1.0,5.125282191473438,0.0,True,9817.174170298267,38,20,0.000660709021335748,0.006145954327178016,0.5700746499801959,0.03917246629488358,0.0013176356611194207,-6.844314655951589e-05,-17.928002137185103,-0.04172748712072627,-18,largest_component_reduction,largest reduction in component count (original - corrected)
892,s1_absolute_volume__mm3_5,s1_absolute_volume__mm3_5,absolute_volume_filter,True,0.6000000238418579,0.6000000238418579,0.6000000238418579,True,0.5,5.0,32,8824.033051906628,4821.336574748062,0.5463869577988837,0.6206711168854442,14,18,3.7800004506111327,3.7947333429912047,0.8485281711413358,4,32,14,0,0.0,21.168002523427276,14,40754,8802.865049383205,0.7000090510609136,0.6642047406389557,0.7398933989339893,0.5384722498508057,27069,13685,9516,7902.360942034759,900.5041073484454,0.11395380620472859,0.7493165136016169,0.6836917562724014,0.8288770053475936,10.763269225318727,49.513636453361684,2.0203117078995865,2.879649694596369,1.0883879444071916,1116,669.6000266075134,46,52,14,3.0223595580568205,14.242892128807217,,,,,True,/Users/angadkumar16ak/Projects/Automated_Cardiovascular_Segmentation_for_Bioprinting_Project/outputs/topology_correction/case_outputs/892/mask__s1_absolute_volume__mm3_5.nii.gz,/Users/angadkumar16ak/Projects/Automated_Cardiovascular_Segmentation_for_Bioprinting_Project/outputs/topology_correction/case_outputs/892/mask__s1_absolute_volume__mm3_5.nii.gz,ok,3.0,14.0,True,0.0,14.0,9996.76211616501,8644.753030534785,114.60000455379486,113.40000450611115,90.00000357627869,0.4242640855706679,0.6000000238418579,0.5901060453681809,/Users/angadkumar16ak/Projects/Automated_Cardiovascular_Segmentation_for_Bioprinting_Project/outputs/topology_correction/mesh_qc/s1_absolute_volume__mm3_5/case_outputs/892__s1_absolute_volume__mm3_5/segmentation_raw.stl,/Users/angadkumar16ak/Projects/Automated_Cardiovascular_Segmentation_for_Bioprinting_Project/outputs/topology_correction/mesh_qc/s1_absolute_volume__mm3_5/case_outputs/892__s1_absolute_volume__mm3_5/segmentation_repaired.stl,/Users/angadkumar16ak/Projects/Automated_Cardiovascular_Segmentation_for_Bioprinting_Project/outputs/topology_correction/mesh_qc/s1_absolute_volume__mm3_5/case_outputs/892__s1_absolute_volume__mm3_5/segmentation_smoothed.stl,True,0.5834781628396166,3.141592653589793,0.5321352773041355,3.1383233031508886,-0.003365569648943691,0.10909358590567797,True,"phaseb_mesh_qc.run_phaseb_for_case (repository implementation, unmodified)",50.0,50.0,50.0,1.0,True,-36.93141425391282,175.8104961893653,101.13342111055228,-38.54091270260436,175.7601989064169,98.21645261675337,3.331924408930658,True,/Users/angadkumar16ak/Projects/Automated_Cardiovascular_Segmentation_for_Bioprinting_Project/outputs/topology_correction/mesh_qc/s1_absolute_volume__mm3_5/case_outputs/892__s1_absolute_volume__mm3_5/segmentation_repaired.stl,ok,exact_point_to_surface,84542.0,88409.0,4.046027553967483,2.045216104609013,11.055320007995597,49.51363892356478,1.030017975298105,3.016009578669378,7775.227223034464,8644.754189575839,869.5269665413743,0.1118329974930329,10.952400570587125,4.8000030517578125,12.0,12.60000228881836,18.049933157081558,8824.033051906628,-21.168002523423638,-0.0023989033584648485,0.9987991079087322,ok,exact_point_to_surface,88781.0,88409.0,0.0625019991144755,0.03131660288993946,1.4210854715202004e-14,21.02570039033961,0.062498995582552494,3.0035319230030828e-06,8659.190194293633,8644.754189575839,-14.436004717794276,-0.001667131035799114,0.3393076890816009,-9.0,0.0,0.0,9.0,0.6996138796699253,0.73915300656866,10.800000429153442,32,0.6630764711642025,0.7404127374607079,8824.033051906628,2.0034103298497263,3.0369331241456976,60,56,True,0.6669565217391304,0.8288770053475936,7902.360942034759,1.0,3.430936400462486,0.0,True,8659.18903225569,32,14,0.00039517139098832477,0.010163507032956876,-0.03673120383471584,0.01690137804986014,0.0011282694747531963,-0.0005193385267185935,-21.168002523423638,-0.014573566088877055,-18,largest_component_reduction,largest reduction in component count (original - corrected)
792,s1_absolute_volume__mm3_5,s1_absolute_volume__mm3_5,absolute_volume_filter,True,0.6000000238418579,0.6000000238418579,0.6000000238418579,True,0.5,5.0,11,5609.73666873267,3771.144449555415,0.6722498171036926,0.322355232258434,11,0,88.5600105571751,2.86651552377928,1.0392305258366357,1,11,11,0,0.0,0.0,11,25971,5609.736668732669,0.8148014657295609,0.7834122675291672,0.848811013767209,0.6874809934110492,20346,5625,3624,5177.520617208505,432.21605152416396,0.08347934918648303,0.8918553754075662,0.845679012345679,0.9433656957928802,3.4204252047246033,18.20878981014449,0.7050912276646913,0.9885310914828734,0.4125653322463953,648,388.8000154495239,21,5,10,1.171861172617291,6.919390018856154,,,,,True,/Users/angadkumar16ak/Projects/Automated_Cardiovascular_Segmentation_for_Bioprinting_Project/outputs/topology_correction/case_outputs/792/mask__s1_absolute_volume__mm3_5.nii.gz,/Users/angadkumar16ak/Projects/Automated_Cardiovascular_Segmentation_for_Bioprinting_Project/outputs/topology_correction/case_outputs/792/mask__s1_absolute_volume__mm3_5.nii.gz,ok,3.0,11.0,True,0.0,11.0,6349.252089067063,5509.296656759286,115.20000457763672,94.80000376701355,85.80000340938568,0.4242640855706679,0.6000000238418579,0.5895098959259192,/Users/angadkumar16ak/Projects/Automated_Cardiovascular_Segmentation_for_Bioprinting_Project/outputs/topology_correction/mesh_qc/s1_absolute_volume__mm3_5/case_outputs/792__s1_absolute_volume__mm3_5/segmentation_raw.stl,/Users/angadkumar16ak/Projects/Automated_Cardiovascular_Segmentation_for_Bioprinting_Project/outputs/topology_correction/mesh_qc/s1_absolute_volume__mm3_5/case_outputs/792__s1_absolute_volume__mm3_5/segmentation_repaired.stl,/Users/angadkumar16ak/Projects/Automated_Cardiovascular_Segmentation_for_Bioprinting_Project/outputs/topology_correction/mesh_qc/s1_absolute_volume__mm3_5/case_outputs/792__s1_absolute_volume__mm3_5/segmentation_smoothed.stl,True,0.5777730071663316,3.141592653589793,0.5181587303503798,3.1332677787289156,-0.0030570061123808847,0.10242193215509607,True,"phaseb_mesh_qc.run_phaseb_for_case (repository implementation, unmodified)",50.0,50.0,50.0,1.0,True,-51.877123153740754,168.55727677110997,31.897964511349684,-51.654099243493604,171.26301172249447,29.339757700206533,3.7303033898417457,True,/Users/angadkumar16ak/Projects/Automated_Cardiovascular_Segmentation_for_Bioprinting_Project/outputs/topology_correction/mesh_qc/s1_absolute_volume__mm3_5/case_outputs/792__s1_absolute_volume__mm3_5/segmentation_repaired.stl,ok,exact_point_to_surface,73310.0,74463.0,1.3238191491780473,0.6642637171621484,3.6087417230878813,18.20878935055918,0.3601934336884507,0.9636257154895966,5088.789939993906,5509.296488381145,420.5065483872386,0.08263389791006821,2.8307051120995315,0.5999984741210938,-0.5999908447265625,-0.6000003814697266,1.0392245380412994,5609.736668732669,0.0,0.0,1.0,ok,exact_point_to_surface,74463.0,74463.0,3.5846202652630435e-15,1.7923101326315218e-15,7.944109290391274e-15,3.256115871121665e-14,1.793602518729379e-15,1.7910177465336648e-15,5509.296488381145,5509.296488381145,0.0,0.0,0.0,0.0,0.0,0.0,0.0,0.8148014657295609,0.8918553754075662,3.4204252047246033,11,0.7834122675291672,0.848811013767209,5609.736668732669,0.7050912276646913,1.171861172617291,21,5,True,0.845679012345679,0.9433656957928802,5177.520617208505,1.0,3.7303033898417457,0.0,True,5509.296656759286,11,11,0.0,0.0,0.0,0.0,0.0,0.0,0.0,0.0,0,no_improvement,"zero change in component count, tie-broken by highest original component count"
793,s1_absolute_volume__mm3_5,s1_absolute_volume__mm3_5,absolute_volume_filter,True,0.6000000238418579,0.6000000238418579,0.6000000238418579,True,0.5,5.0,9,4570.9925449047305,1981.5842362232302,0.43351290048199603,0.933398735557009,9,0,108.64801295185141,3.704540915710085,1.2000000476837158,0,9,9,0,0.0,0.0,9,21162,4570.9925449047305,0.7211357146705457,0.6325016539079482,0.8386591478696742,0.563887601634579,13385,7777,2575,3447.360410957353,1123.6321339473775,0.32593984962406003,0.8064965844137739,0.6974921630094044,0.9558823529411765,16.94402533648623,47.789540503161355,2.558699406182538,4.259154940080615,0.4289847830122494,638,382.80001521110535,22,8,8,3.733698261023212,26.99952756512728,,,,,True,/Users/angadkumar16ak/Projects/Automated_Cardiovascular_Segmentation_for_Bioprinting_Project/outputs/topology_correction/case_outputs/793/mask__s1_absolute_volume__mm3_5.nii.gz,/Users/angadkumar16ak/Projects/Automated_Cardiovascular_Segmentation_for_Bioprinting_Project/outputs/topology_correction/case_outputs/793/mask__s1_absolute_volume__mm3_5.nii.gz,ok,3.0,9.0,True,0.0,9.0,5559.879799048849,4478.499533878704,98.4000039100647,79.8000031709671,82.80000329017639,0.4242640855706679,0.6000000238418579,0.5911250770087282,/Users/angadkumar16ak/Projects/Automated_Cardiovascular_Segmentation_for_Bioprinting_Project/outputs/topology_correction/mesh_qc/s1_absolute_volume__mm3_5/case_outputs/793__s1_absolute_volume__mm3_5/segmentation_raw.stl,/Users/angadkumar16ak/Projects/Automated_Cardiovascular_Segmentation_for_Bioprinting_Project/outputs/topology_correction/mesh_qc/s1_absolute_volume__mm3_5/case_outputs/793__s1_absolute_volume__mm3_5/segmentation_repaired.stl,/Users/angadkumar16ak/Projects/Automated_Cardiovascular_Segmentation_for_Bioprinting_Project/outputs/topology_correction/mesh_qc/s1_absolute_volume__mm3_5/case_outputs/793__s1_absolute_volume__mm3_5/segmentation_smoothed.stl,True,0.5932008653193502,3.141592653589793,0.5417865243437237,3.1383883011634626,-0.0036423045948593418,0.0704564785937057,True,"phaseb_mesh_qc.run_phaseb_for_case (repository implementation, unmodified)",50.0,50.0,50.0,1.0,True,-31.327721492440432,163.04902940157086,116.05975668161174,-35.83642891646659,162.23822585243576,116.12833168961659,4.581544233386983,True,/Users/angadkumar16ak/Projects/Automated_Cardiovascular_Segmentation_for_Bioprinting_Project/outputs/topology_correction/mesh_qc/s1_absolute_volume__mm3_5/case_outputs/793__s1_absolute_volume__mm3_5/segmentation_repaired.stl,ok,exact_point_to_surface,66477.0,71278.0,4.750140490253468,2.4445988438402457,15.815437006114543,47.62163108143933,0.38008750907593614,4.370052981177532,3382.111076717776,4478.5001629971075,1096.3890862793314,0.32417299769566993,7.8585123907466325,6.600005149841309,0.5999908447265625,8.399993896484375,10.699530571602768,4570.9925449047305,0.0,0.0,1.0,ok,exact_point_to_surface,71278.0,71278.0,3.597916141843084e-15,1.798958070921542e-15,1.4210854715202004e-14,4.081757258616412e-14,1.8077799369703785e-15,1.7901362048727057e-15,4478.5001629971075,4478.5001629971075,0.0,0.0,0.0,0.0,0.0,0.0,0.0,0.7211357146705457,0.8064965844137739,16.94402533648623,9,0.6325016539079482,0.8386591478696742,4570.9925449047305,2.558699406182538,3.733698261023212,22,8,True,0.6974921630094044,0.9558823529411765,3447.360410957353,1.0,4.581544233386983,0.0,True,4478.499533878704,9,9,0.0,0.0,0.0,0.0,0.0,0.0,0.0,0.0,0,no_improvement,"zero change in component count, tie-broken by highest original component count"
878,s1_absolute_volume__mm3_5,s1_absolute_volume__mm3_5,absolute_volume_filter,True,0.6000000238418579,0.6000000238418579,0.6000000238418579,True,0.5,5.0,9,6549.552780767472,3537.6484217205216,0.5401358749422862,0.7859934057882525,9,0,42.768005098343096,3.503068075533761,1.4696939040702932,0,9,9,0,0.0,0.0,9,30322,6549.552780767472,0.7932161558216323,0.7843479981531561,0.8022871407367427,0.6572976259569411,23783,6539,5861,6403.1047633095095,146.44801745796212,0.022871407367426703,0.9087843711637856,0.9251968503937008,0.8929440389294404,4.2426408557066795,25.610936182182783,0.8049115955130749,0.8181768767574079,0.7923853271514342,762,457.2000181674957,22,16,9,1.0526426503478628,5.228226069201658,,,,,True,/Users/angadkumar16ak/Projects/Automated_Cardiovascular_Segmentation_for_Bioprinting_Project/outputs/topology_correction/case_outputs/878/mask__s1_absolute_volume__mm3_5.nii.gz,/Users/angadkumar16ak/Projects/Automated_Cardiovascular_Segmentation_for_Bioprinting_Project/outputs/topology_correction/case_outputs/878/mask__s1_absolute_volume__mm3_5.nii.gz,ok,3.0,9.0,True,0.0,9.0,7423.16060014315,6434.919767102154,114.60000455379486,84.60000336170197,86.40000343322754,0.4242640855706679,0.6000000238418579,0.5889644547389568,/Users/angadkumar16ak/Projects/Automated_Cardiovascular_Segmentation_for_Bioprinting_Project/outputs/topology_correction/mesh_qc/s1_absolute_volume__mm3_5/case_outputs/878__s1_absolute_volume__mm3_5/segmentation_raw.stl,/Users/angadkumar16ak/Projects/Automated_Cardiovascular_Segmentation_for_Bioprinting_Project/outputs/topology_correction/mesh_qc/s1_absolute_volume__mm3_5/case_outputs/878__s1_absolute_volume__mm3_5/segmentation_repaired.stl,/Users/angadkumar16ak/Projects/Automated_Cardiovascular_Segmentation_for_Bioprinting_Project/outputs/topology_correction/mesh_qc/s1_absolute_volume__mm3_5/case_outputs/878__s1_absolute_volume__mm3_5/segmentation_smoothed.stl,True,0.5827600630344338,3.141592653589793,0.524112334389069,3.1379361695152466,-0.002885520338238738,0.08841765055075523,True,"phaseb_mesh_qc.run_phaseb_for_case (repository implementation, unmodified)",50.0,50.0,50.0,1.0,True,-16.41567363662979,175.81013675063042,-237.06603298471265,-20.352912133302674,175.51593313767708,-237.78396345507596,4.0129573765284166,True,/Users/angadkumar16ak/Projects/Automated_Cardiovascular_Segmentation_for_Bioprinting_Project/outputs/topology_correction/mesh_qc/s1_absolute_volume__mm3_5/case_outputs/878__s1_absolute_volume__mm3_5/segmentation_repaired.stl,ok,exact_point_to_surface,80395.0,78664.0,1.5496975453290713,0.7745563104936917,4.26379859809505,25.610939561447022,0.7479748613807263,0.8017226839483451,6284.934465587193,6434.919256430873,149.98479084368046,0.02386417736969475,2.1999166396716694,7.1999969482421875,-4.20001220703125,0.0,8.335469908403985,6549.552780767472,0.0,0.0,1.0,ok,exact_point_to_surface,78664.0,78664.0,4.686303199769097e-15,2.3431515998845486e-15,8.881784197001252e-15,6.51223174224333e-14,2.3557510801485877e-15,2.330552119620509e-15,6434.919256430873,6434.919256430873,0.0,0.0,0.0,0.0,0.0,0.0,0.0,0.7932161558216323,0.9087843711637856,4.2426408557066795,9,0.7843479981531561,0.8022871407367427,6549.552780767472,0.8049115955130749,1.0526426503478628,22,16,True,0.9251968503937008,0.8929440389294404,6403.1047633095095,1.0,4.0129573765284166,0.0,True,6434.919767102154,9,9,0.0,0.0,0.0,0.0,0.0,0.0,0.0,0.0,0,no_improvement,"zero change in component count, tie-broken by highest original component count"
759,s1_absolute_volume__mm3_5,s1_absolute_volume__mm3_5,absolute_volume_filter,True,0.6000000238418579,0.6000000238418579,0.6000000238418579,True,0.5,5.0,9,3981.0964745836445,2244.672267585765,0.5638326732136075,0.7474018475750577,4,5,3.456000411987321,5.696233156251498,0.8485281711413358,1,9,4,0,0.0,8.2080009784695,4,18393,3972.888473605175,0.7048164970488936,0.7888327080954711,0.6369742734217227,0.5441827319780962,14509,3884,8269,4920.04858651545,-947.1601129102746,-0.19251031697251725,0.8253489091498707,0.9159369527145359,0.7510668563300142,11.676883601239728,23.902302094242618,1.7285022556832272,0.5517033966139077,2.631562518824051,571,342.60001361370087,16,10,4,1.8490226177907005,10.236082070867608,,,,,True,/Users/angadkumar16ak/Projects/Automated_Cardiovascular_Segmentation_for_Bioprinting_Project/outputs/topology_correction/case_outputs/759/mask__s1_absolute_volume__mm3_5.nii.gz,/Users/angadkumar16ak/Projects/Automated_Cardiovascular_Segmentation_for_Bioprinting_Project/outputs/topology_correction/case_outputs/759/mask__s1_absolute_volume__mm3_5.nii.gz,ok,3.0,4.0,True,0.0,4.0,4933.467802869246,3890.268463756102,93.00000369548798,76.80000305175781,82.80000329017639,0.4242640855706679,0.6000000238418579,0.5884556711296137,/Users/angadkumar16ak/Projects/Automated_Cardiovascular_Segmentation_for_Bioprinting_Project/outputs/topology_correction/mesh_qc/s1_absolute_volume__mm3_5/case_outputs/759__s1_absolute_volume__mm3_5/segmentation_raw.stl,/Users/angadkumar16ak/Projects/Automated_Cardiovascular_Segmentation_for_Bioprinting_Project/outputs/topology_correction/mesh_qc/s1_absolute_volume__mm3_5/case_outputs/759__s1_absolute_volume__mm3_5/segmentation_repaired.stl,/Users/angadkumar16ak/Projects/Automated_Cardiovascular_Segmentation_for_Bioprinting_Project/outputs/topology_correction/mesh_qc/s1_absolute_volume__mm3_5/case_outputs/759__s1_absolute_volume__mm3_5/segmentation_smoothed.stl,True,0.5747443489818489,3.141592653589793,0.5229848952049044,3.1390293282074007,-0.003551460523300918,0.05023650301745229,True,"phaseb_mesh_qc.run_phaseb_for_case (repository implementation, unmodified)",50.0,50.0,50.0,1.0,True,-8.457013676205804,165.32799757276177,-215.4681546263689,-9.741077068554317,165.91494591741477,-217.26101727803717,2.2820349783926415,True,/Users/angadkumar16ak/Projects/Automated_Cardiovascular_Segmentation_for_Bioprinting_Project/outputs/topology_correction/mesh_qc/s1_absolute_volume__mm3_5/case_outputs/759__s1_absolute_volume__mm3_5/segmentation_repaired.stl,ok,exact_point_to_surface,74292.0,69085.0,3.0647174930181804,1.5689668169971271,10.791527085735796,23.860843702878437,2.5403778212859796,0.524339671732201,4823.289983201942,3890.2690802258744,-933.0209029760676,-0.1934407647529999,10.832567033787434,1.1999969482421875,-4.1999969482421875,-3.5999755859375,5.660370240574401,3981.0964745836445,-8.2080009784695,-0.002061743801204395,0.9989680643058875,ok,exact_point_to_surface,69219.0,69085.0,0.03329486026245543,0.01666355871987538,7.105427357601002e-15,14.412495087543599,0.0332940594172483,8.008452071270588e-07,3896.1820949229586,3890.2690802258744,-5.913014697084236,-0.0015176433115868413,0.3037820319798421,0.0,0.0,0.0,0.0,0.7057681574413356,0.8305024790682445,9.448809824276127,9,0.7889967988714666,0.6384230397752217,3981.0964745836445,1.4856634192010294,1.5130414010047861,20,10,True,0.9139414802065404,0.7610241820768137,4920.04858651545,1.0,2.4160003536673007,0.0,True,3896.1814644609863,9,4,-0.0009516603924419886,-0.00515356991837379,2.228073776963601,0.24283883648219784,-0.0001640907759954402,-0.001448766353498998,-8.2080009784695,0.3359812167859144,-5,largest_fidelity_loss,"largest decrease in Dice (corrected - original), i.e. the worst anatomical cost"
888,s1_absolute_volume__mm3_5,s1_absolute_volume__mm3_5,absolute_volume_filter,True,0.6000000238418579,0.6000000238418579,0.6000000238418579,True,0.5,5.0,7,4720.248562697433,2339.280278863918,0.49558413032535575,0.9771006463527239,4,3,14.904001776695322,3.972792364000364,0.8485281711413358,1,7,4,0,0.0,6.912000823975177,4,21821,4713.336561873459,0.8035493286631641,0.7885064845790752,0.8191772995619881,0.6716109137749326,17206,4615,3798,4536.864540836355,176.47202103710333,0.038897352885164896,0.8639371519757177,0.8272251308900523,0.9040590405904059,5.666731126223464,32.70412947933324,1.1037035356440312,1.5855323270332193,0.6381963649482493,573,343.8000136613846,13,7,4,1.769800265633028,8.55280792634315,,,,,True,/Users/angadkumar16ak/Projects/Automated_Cardiovascular_Segmentation_for_Bioprinting_Project/outputs/topology_correction/case_outputs/888/mask__s1_absolute_volume__mm3_5.nii.gz,/Users/angadkumar16ak/Projects/Automated_Cardiovascular_Segmentation_for_Bioprinting_Project/outputs/topology_correction/case_outputs/888/mask__s1_absolute_volume__mm3_5.nii.gz,ok,3.0,4.0,True,0.0,4.0,5486.565719312287,4628.556551766896,112.80000448226929,94.80000376701355,87.60000348091125,0.4242640855706679,0.6000000238418579,0.5885637235510426,/Users/angadkumar16ak/Projects/Automated_Cardiovascular_Segmentation_for_Bioprinting_Project/outputs/topology_correction/mesh_qc/s1_absolute_volume__mm3_5/case_outputs/888__s1_absolute_volume__mm3_5/segmentation_raw.stl,/Users/angadkumar16ak/Projects/Automated_Cardiovascular_Segmentation_for_Bioprinting_Project/outputs/topology_correction/mesh_qc/s1_absolute_volume__mm3_5/case_outputs/888__s1_absolute_volume__mm3_5/segmentation_repaired.stl,/Users/angadkumar16ak/Projects/Automated_Cardiovascular_Segmentation_for_Bioprinting_Project/outputs/topology_correction/mesh_qc/s1_absolute_volume__mm3_5/case_outputs/888__s1_absolute_volume__mm3_5/segmentation_smoothed.stl,True,0.5849901174063533,3.141592653589793,0.5330212581093473,3.1398428232334505,-0.002851512539342494,0.0768525732092938,True,"phaseb_mesh_qc.run_phaseb_for_case (repository implementation, unmodified)",50.0,50.0,50.0,1.0,True,-29.689079886243036,172.87010171796817,126.85853230074758,-31.105482541942933,173.29346290431033,125.00363029606521,2.371938579337469,True,/Users/angadkumar16ak/Projects/Automated_Cardiovascular_Segmentation_for_Bioprinting_Project/outputs/topology_correction/mesh_qc/s1_absolute_volume__mm3_5/case_outputs/888__s1_absolute_volume__mm3_5/segmentation_repaired.stl,ok,exact_point_to_surface,70314.0,71220.0,2.166758721924662,1.0865509428761242,5.766714393952506,32.70412796808219,0.5879194552374143,1.5788392666872477,4453.11104890395,4628.556815786352,175.44576688240159,0.03939847108137676,2.9940244192967254,1.1999969482421875,16.199996948242188,0.0,16.24438037595915,4720.248562697433,-6.912000823974267,-0.0014643298402964473,0.9992672986216056,ok,exact_point_to_surface,71324.0,71220.0,0.022743937894652965,0.011380265927701116,1.4210854715202004e-14,7.2486260172474815,0.02274393789465099,1.9742680862864755e-15,4633.794822229332,4628.556815786352,-5.238006442979895,-0.0011303923984402648,0.19256544438509224,0.0,0.0,0.0,0.0,0.8044426814756049,0.8702704670379673,5.161395365320993,7,0.7888161808447353,0.8207008188916397,4720.248562697433,1.0528943348862019,1.6641814533187822,17,7,True,0.8296041308089501,0.915129151291513,4536.864540836355,1.0,2.2774557883949216,0.0,True,4633.794552391314,7,4,-0.0008933528124408507,-0.006333315062249545,0.5053357609024713,0.050809200757829354,-0.00030969626566001995,-0.001523519329651557,-6.912000823974267,0.10561881231424586,-3,largest_fidelity_loss,"largest decrease in Dice (corrected - original), i.e. the worst anatomical cost"
914,s1_absolute_volume__mm3_5,s1_absolute_volume__mm3_5,absolute_volume_filter,True,0.6000000238418579,0.6000000238418579,0.6000000238418579,True,0.5,5.0,10,4889.376582859062,2355.264280769359,0.48171054956706133,0.9094827586206896,7,3,14.040001673698493,2.163330851241435,1.3416408398118889,0,10,7,0,0.0,6.264000746726197,7,22607,4883.112582112335,0.7364573570759138,0.6951829079488654,0.7829422607482688,0.5828512090194333,15716,6891,4357,4335.768516863844,547.3440652484915,0.1262392268220992,0.8234745661121249,0.7764298093587522,0.8765880217785844,10.863121825123997,59.85883631309265,1.9489157557160062,3.1725446203817333,0.5919475173165732,577,346.200013756752,18,12,6,2.5997609241601776,14.935042299396551,,,,,True,/Users/angadkumar16ak/Projects/Automated_Cardiovascular_Segmentation_for_Bioprinting_Project/outputs/topology_correction/case_outputs/914/mask__s1_absolute_volume__mm3_5.nii.gz,/Users/angadkumar16ak/Projects/Automated_Cardiovascular_Segmentation_for_Bioprinting_Project/outputs/topology_correction/case_outputs/914/mask__s1_absolute_volume__mm3_5.nii.gz,ok,3.0,7.0,True,0.0,7.0,5770.547713568565,4794.795571584131,95.40000379085541,78.00000309944153,100.20000398159027,0.4242640855706679,0.6000000238418579,0.5900644424034619,/Users/angadkumar16ak/Projects/Automated_Cardiovascular_Segmentation_for_Bioprinting_Project/outputs/topology_correction/mesh_qc/s1_absolute_volume__mm3_5/case_outputs/914__s1_absolute_volume__mm3_5/segmentation_raw.stl,/Users/angadkumar16ak/Projects/Automated_Cardiovascular_Segmentation_for_Bioprinting_Project/outputs/topology_correction/mesh_qc/s1_absolute_volume__mm3_5/case_outputs/914__s1_absolute_volume__mm3_5/segmentation_repaired.stl,/Users/angadkumar16ak/Projects/Automated_Cardiovascular_Segmentation_for_Bioprinting_Project/outputs/topology_correction/mesh_qc/s1_absolute_volume__mm3_5/case_outputs/914__s1_absolute_volume__mm3_5/segmentation_smoothed.stl,True,0.5729209760089059,3.141592653589793,0.5157775307251468,3.1376914025706135,-0.0030403895790174188,0.0600698898571239,True,"phaseb_mesh_qc.run_phaseb_for_case (repository implementation, unmodified)",50.0,48.0,48.0,1.0,True,-23.372612199067447,145.23542910523474,-1109.9116946308638,-25.3153016948442,145.27403538158143,-1111.2532051396142,2.361182620354136,True,/Users/angadkumar16ak/Projects/Automated_Cardiovascular_Segmentation_for_Bioprinting_Project/outputs/topology_correction/mesh_qc/s1_absolute_volume__mm3_5/case_outputs/914__s1_absolute_volume__mm3_5/segmentation_repaired.stl,ok,exact_point_to_surface,69667.0,72182.0,3.9072570584667643,1.9787256899152095,11.271476450717765,59.85890401517527,0.5381187298073498,3.3691383286594143,4265.5950699199375,4794.7941588629155,529.199088942978,0.12406219537217132,6.035780989836955,2.3999996185302734,10.199996948242188,21.60009765625,24.007585356978993,4889.376582859062,-6.264000746727106,-0.0012811450786358192,0.9993590168644874,ok,exact_point_to_surface,72266.0,72182.0,0.007072315038202438,0.0035382138800865107,4.760669470463127e-14,3.979963493672505,0.007072315038189631,1.2806784978029545e-14,4799.528178936424,4794.7941588629155,-4.734020073508873,-0.0009863511364064815,0.10069417644754307,0.0,0.0,0.0,0.0,0.7370343487321174,0.8209027097154318,10.833282481636626,10,0.6953083583672027,0.784088078513426,4889.376582859062,1.9434868660199263,2.608027856285569,24,12,True,0.7718696397941681,0.8765880217785844,4335.768516863844,1.0,2.373959312044368,0.0,True,4799.529572148465,10,7,-0.0005769916562036181,0.0025718563966931063,0.02983934348737094,0.005428889696079908,-0.00012545041833733617,-0.0011458177651572088,-6.264000746727106,-0.008266932125391424,-3,largest_fidelity_loss,"largest decrease in Dice (corrected - original), i.e. the worst anatomical cost"
984,s2_relative_volume__frac_0.01,s2_relative_volume__frac_0.01,relative_volume_filter,True,0.6000000238418579,0.6000000238418579,0.6000000238418579,True,0.5,0.01,31,9690.193155160956,4655.016554921172,0.4803842895992151,0.9772168344856387,13,18,3.8880004634857364,10.580992596886933,0.8485281711413358,2,31,7,0,0.0,109.2960130290976,7,44356,9580.897142131851,0.8297830157506333,0.8492199476959149,0.8112159193694276,0.709084748315199,37668,6688,8766,10029.745195638705,-448.84805350685383,-0.04475169057156399,0.902382222022943,0.9040959040959041,0.9006750241080038,5.939697197989351,68.05174772217096,1.3827628311191025,1.85312619866857,0.9687136911652806,1001,600.6000238656998,23,21,7,1.936502274953601,10.154883011415533,,,,,True,/Users/angadkumar16ak/Projects/Automated_Cardiovascular_Segmentation_for_Bioprinting_Project/outputs/topology_correction/case_outputs/984/mask__s2_relative_volume__frac_0.01.nii.gz,/Users/angadkumar16ak/Projects/Automated_Cardiovascular_Segmentation_for_Bioprinting_Project/outputs/topology_correction/case_outputs/984/mask__s2_relative_volume__frac_0.01.nii.gz,ok,3.0,7.0,True,0.0,7.0,9895.959300229617,9437.959125092313,169.8000067472458,123.60000491142273,95.40000379085541,0.4242640855706679,0.6000000238418579,0.5892637772984508,/Users/angadkumar16ak/Projects/Automated_Cardiovascular_Segmentation_for_Bioprinting_Project/outputs/topology_correction/mesh_qc/s2_relative_volume__frac_0.01/case_outputs/984__s2_relative_volume__frac_0.01/segmentation_raw.stl,/Users/angadkumar16ak/Projects/Automated_Cardiovascular_Segmentation_for_Bioprinting_Project/outputs/topology_correction/mesh_qc/s2_relative_volume__frac_0.01/case_outputs/984__s2_relative_volume__frac_0.01/segmentation_repaired.stl,/Users/angadkumar16ak/Projects/Automated_Cardiovascular_Segmentation_for_Bioprinting_Project/outputs/topology_correction/mesh_qc/s2_relative_volume__frac_0.01/case_outputs/984__s2_relative_volume__frac_0.01/segmentation_smoothed.stl,True,0.5927293655121385,3.141592653589793,0.5397269697915158,3.140174040510697,-0.0023718774723953287,0.14437731084858868,True,"phaseb_mesh_qc.run_phaseb_for_case (repository implementation, unmodified)",50.0,40.0,40.0,1.0,True,-26.71412220158119,202.6844488274891,153.66765266519542,-31.854402036254267,201.51318176535028,153.03964303737985,5.309306866458842,True,/Users/angadkumar16ak/Projects/Automated_Cardiovascular_Segmentation_for_Bioprinting_Project/outputs/topology_correction/mesh_qc/s2_relative_volume__frac_0.01/case_outputs/984__s2_relative_volume__frac_0.01/segmentation_repaired.stl,ok,exact_point_to_surface,89359.0,88162.0,2.905689932105625,1.4492595407743294,6.640783086360608,68.05174738583607,0.9211087247314923,1.9845812073741327,9884.042905048113,9437.958706178908,-446.08419886920456,-0.04513175460229684,3.1529059109020485,40.80000305175781,7.199981689453125,-0.5999984741210938,41.43476781063042,9690.19315516095,-109.29601302909941,-0.0112790334804512,0.9943284987334394,ok,exact_point_to_surface,89398.0,88162.0,0.547541973945324,0.2756767142755354,1.4210854715202004e-14,50.635166785115686,0.5475419739453224,1.5991669087199338e-15,9531.522677399673,9437.958706178908,-93.56397122076487,-0.009816266968825003,1.4153998585598133,-20.400001525878906,-20.400009155273438,0.0,28.849964225126897,0.8261479144759902,0.8911945418123274,4.2426408557066795,31,0.8406223529936249,0.8121635008829737,9690.19315516095,1.5966564969318207,2.5421955702933174,41,21,True,0.8746383799421408,0.9083895853423336,10029.745195638705,1.0,4.848111596686845,0.0,True,9531.52313624601,31,7,0.00363510127464306,0.01118768021061567,1.6970563422826714,-0.21389366581271818,0.008597594702290046,-0.0009475815135461252,-109.29601302909941,-0.6056932953397165,-24,high_dice_high_fragmentation,highest original component count among cases with original Dice above the cohort median
803,s2_relative_volume__frac_0.01,s2_relative_volume__frac_0.01,relative_volume_filter,True,0.6000000238418579,0.6000000238418579,0.6000000238418579,True,0.5,0.01,30,7072.920843157801,4118.68849098589,0.5823179111314706,0.6635200335640865,16,14,6.804000811100039,19.953947770877683,0.8485281711413358,1,30,2,0,0.0,221.40002639293743,2,31720,6851.520816764864,0.8225850558996219,0.8060529634300126,0.8398094925275086,0.6986365002595841,25568,6152,4877,6576.120783934624,275.40003283024,0.041878797832156395,0.8973684850482718,0.8440748440748441,0.9578454332552693,3.0594118297257697,33.95173179102881,0.7927914948795594,1.2658973478046274,0.324177630234988,962,577.2000229358673,14,27,2,1.2534243925488795,6.613580738761489,,,,,True,/Users/angadkumar16ak/Projects/Automated_Cardiovascular_Segmentation_for_Bioprinting_Project/outputs/topology_correction/case_outputs/803/mask__s2_relative_volume__frac_0.01.nii.gz,/Users/angadkumar16ak/Projects/Automated_Cardiovascular_Segmentation_for_Bioprinting_Project/outputs/topology_correction/case_outputs/803/mask__s2_relative_volume__frac_0.01.nii.gz,ok,3.0,2.0,True,0.0,2.0,8263.975453571087,6718.84280094841,118.80000472068787,85.80000340938568,103.80000412464142,0.4242640855706679,0.6000000238418579,0.591480077922106,/Users/angadkumar16ak/Projects/Automated_Cardiovascular_Segmentation_for_Bioprinting_Project/outputs/topology_correction/mesh_qc/s2_relative_volume__frac_0.01/case_outputs/803__s2_relative_volume__frac_0.01/segmentation_raw.stl,/Users/angadkumar16ak/Projects/Automated_Cardiovascular_Segmentation_for_Bioprinting_Project/outputs/topology_correction/mesh_qc/s2_relative_volume__frac_0.01/case_outputs/803__s2_relative_volume__frac_0.01/segmentation_repaired.stl,/Users/angadkumar16ak/Projects/Automated_Cardiovascular_Segmentation_for_Bioprinting_Project/outputs/topology_correction/mesh_qc/s2_relative_volume__frac_0.01/case_outputs/803__s2_relative_volume__frac_0.01/segmentation_smoothed.stl,True,0.5627226795587683,3.141592653589793,0.5007252558096443,3.1398869519060733,-0.003002601469991685,0.057187894073139976,True,"phaseb_mesh_qc.run_phaseb_for_case (repository implementation, unmodified)",50.0,50.0,50.0,1.0,True,-35.6728249340122,177.63452231019622,27.139707109685347,-37.51409947062704,177.29621814449348,25.315961434660018,2.613577990971689,True,/Users/angadkumar16ak/Projects/Automated_Cardiovascular_Segmentation_for_Bioprinting_Project/outputs/topology_correction/mesh_qc/s2_relative_volume__frac_0.01/case_outputs/803__s2_relative_volume__frac_0.01/segmentation_repaired.stl,ok,exact_point_to_surface,79129.0,81578.0,1.602104605672267,0.8089858160694258,3.4314848246044782,33.95172387411023,0.2804434375104104,1.3216611681618566,6455.5661302613735,6718.843010357176,263.2768800958029,0.040782926668763486,1.3935185483449366,0.6000003814697266,2.399993896484375,-2.3999977111816406,3.4467318106582043,7072.920843157802,-221.40002639293743,-0.031302488929607526,0.9840998991700923,ok,exact_point_to_surface,83903.0,81578.0,3.3581147653183123,1.702648057205977,1.4210854715202004e-14,89.59307736152624,3.3581147653183105,1.5700200696104861e-15,6913.972015989172,6718.843010357176,-195.12900563199582,-0.028222417617650566,4.873875428419154,-53.39999771118164,-67.79999542236328,-7.799995422363281,86.65586571845887,0.8092419686659281,0.8526116217843313,7.660287505274688,30,0.7808214994655672,0.8398094925275086,7072.920843157802,2.141683593768536,3.8479515781834874,48,27,True,0.7682119205298014,0.9578454332552693,6576.120783934624,1.0,3.6639672038773474,0.0,True,6913.971824209603,30,2,0.013343087233693818,0.04475686326394057,-4.600875675548918,-1.3488920988889768,0.025231463964445422,0.0,-221.40002639293743,-2.594527185634608,-28,high_dice_high_fragmentation,highest original component count among cases with original Dice above the cohort median
856,s2_relative_volume__frac_0.01,s2_relative_volume__frac_0.01,relative_volume_filter,True,0.6000000238418579,0.6000000238418579,0.6000000238418579,True,0.5,0.01,25,8254.008983954469,5087.8806065225845,0.6164132625022898,0.5783909997877308,12,13,4.104000489234944,6.196200993448185,0.8485281711413358,3,25,3,0,0.0,166.32001982689144,3,37443,8087.688964127579,0.8356455169202537,0.8148118473412921,0.8575725208005397,0.7176899553046342,30509,6934,5067,7684.416916053809,403.27204807377075,0.05247919946031035,0.8898718338913124,0.8623751387347391,0.9191797346200241,6.2353831550198136,55.33353633493893,1.267280613022333,1.3653897449508534,1.1707851181321107,901,540.600021481514,15,25,3,2.0052570841167587,9.676552317221176,,,,,True,/Users/angadkumar16ak/Projects/Automated_Cardiovascular_Segmentation_for_Bioprinting_Project/outputs/topology_correction/case_outputs/856/mask__s2_relative_volume__frac_0.01.nii.gz,/Users/angadkumar16ak/Projects/Automated_Cardiovascular_Segmentation_for_Bioprinting_Project/outputs/topology_correction/case_outputs/856/mask__s2_relative_volume__frac_0.01.nii.gz,ok,3.0,3.0,True,0.0,3.0,8662.312687338524,7962.507949204836,136.8000054359436,97.80000388622284,85.20000338554382,0.4242640855706679,0.6000000238418579,0.5907235364713265,/Users/angadkumar16ak/Projects/Automated_Cardiovascular_Segmentation_for_Bioprinting_Project/outputs/topology_correction/mesh_qc/s2_relative_volume__frac_0.01/case_outputs/856__s2_relative_volume__frac_0.01/segmentation_raw.stl,/Users/angadkumar16ak/Projects/Automated_Cardiovascular_Segmentation_for_Bioprinting_Project/outputs/topology_correction/mesh_qc/s2_relative_volume__frac_0.01/case_outputs/856__s2_relative_volume__frac_0.01/segmentation_repaired.stl,/Users/angadkumar16ak/Projects/Automated_Cardiovascular_Segmentation_for_Bioprinting_Project/outputs/topology_correction/mesh_qc/s2_relative_volume__frac_0.01/case_outputs/856__s2_relative_volume__frac_0.01/segmentation_smoothed.stl,True,0.5736213542881857,3.141592653589793,0.5117652512997168,3.1394369424240165,-0.002241439556121406,0.11379964212269315,True,"phaseb_mesh_qc.run_phaseb_for_case (repository implementation, unmodified)",50.0,45.0,45.0,1.0,True,-44.090309262151536,177.7192581456253,-133.1574837485494,-45.97439501335783,178.52828445446747,-135.58411045520484,3.1769198698976946,True,/Users/angadkumar16ak/Projects/Automated_Cardiovascular_Segmentation_for_Bioprinting_Project/outputs/topology_correction/mesh_qc/s2_relative_volume__frac_0.01/case_outputs/856__s2_relative_volume__frac_0.01/segmentation_repaired.stl,ok,exact_point_to_surface,81250.0,83205.0,2.5369051052634304,1.2700270919882133,6.3071385176489905,55.33353436885496,1.1360019798066798,1.4009031254567506,7565.050612798827,7962.508229706014,397.457616907187,0.052538659323012826,2.6379884548881107,22.19999885559082,0.0,-3.5999984741210938,22.48999640288784,8254.008983954469,-166.32001982688962,-0.02015021066129325,0.9898223538119911,ok,exact_point_to_surface,84814.0,83205.0,1.1716652317191993,0.5914426971125588,1.464821375527116e-14,75.6713972067692,1.1716624741821338,2.75753706556011e-06,,7962.508229706014,,,1.5671674470392718,-44.70000457763672,-39.600006103515625,0.0,59.71809518595865,0.8344333166190082,0.8862430902132803,4.2426408557066795,25,0.8056420589851622,0.8653586687654599,8254.008983954469,1.3890986884402279,2.6168319700205336,33,25,False,0.8264462809917356,0.9553679131483716,7684.416916053809,1.0,3.03869737188475,10.0,False,not_watertight,25,3,0.0012122003012454696,0.0036287436780321203,1.992742299313134,-0.1218180754178948,0.009169788356129915,-0.007786147964920165,-166.32001982688962,-0.6115748859037748,-22,high_dice_high_fragmentation,highest original component count among cases with original Dice above the cohort median
977,s2_relative_volume__frac_0.01,s2_relative_volume__frac_0.01,relative_volume_filter,True,0.6000000238418579,0.6000000238418579,0.6000000238418579,True,0.5,0.01,2,6437.0167673521355,3247.560387139336,0.5045132713667326,0.9821084137013635,2,0,3218.5083836760678,20.088803649597153,20.088803649597153,0,2,2,0,0.0,0.0,2,29801,6437.016767352135,0.8475218978674063,0.907486325962216,0.7949908871773766,0.7353908905506458,27044,2757,6974,7347.888875936543,-910.8721085844081,-0.1239637838791228,0.9524873757019392,0.9872448979591837,0.9200940070505288,1.0392305258366357,8.50646846527137,0.3881100854674079,0.24639496096267946,0.5059936736181462,784,470.4000186920166,12,12,2,0.5889534374177365,1.6970563422826717,,,,,True,/Users/angadkumar16ak/Projects/Automated_Cardiovascular_Segmentation_for_Bioprinting_Project/outputs/topology_correction/case_outputs/977/mask__s2_relative_volume__frac_0.01.nii.gz,/Users/angadkumar16ak/Projects/Automated_Cardiovascular_Segmentation_for_Bioprinting_Project/outputs/topology_correction/case_outputs/977/mask__s2_relative_volume__frac_0.01.nii.gz,ok,3.0,2.0,True,0.0,2.0,7347.195698208604,6322.059753648188,103.20000410079956,90.60000360012054,90.00000357627869,0.4242640855706679,0.6000000238418579,0.5897667765562032,/Users/angadkumar16ak/Projects/Automated_Cardiovascular_Segmentation_for_Bioprinting_Project/outputs/topology_correction/mesh_qc/s2_relative_volume__frac_0.01/case_outputs/977__s2_relative_volume__frac_0.01/segmentation_raw.stl,/Users/angadkumar16ak/Projects/Automated_Cardiovascular_Segmentation_for_Bioprinting_Project/outputs/topology_correction/mesh_qc/s2_relative_volume__frac_0.01/case_outputs/977__s2_relative_volume__frac_0.01/segmentation_repaired.stl,/Users/angadkumar16ak/Projects/Automated_Cardiovascular_Segmentation_for_Bioprinting_Project/outputs/topology_correction/mesh_qc/s2_relative_volume__frac_0.01/case_outputs/977__s2_relative_volume__frac_0.01/segmentation_smoothed.stl,True,0.5771208877492132,3.141592653589793,0.5199272055340254,3.139938738890614,-0.0025434847358504747,0.08120532868024563,True,"phaseb_mesh_qc.run_phaseb_for_case (repository implementation, unmodified)",50.0,50.0,50.0,1.0,True,-27.193470490058388,184.95732648892434,-1106.667581839088,-28.8085462407492,185.56999632836786,-1108.1481978966847,2.275095145844813,True,/Users/angadkumar16ak/Projects/Automated_Cardiovascular_Segmentation_for_Bioprinting_Project/outputs/topology_correction/mesh_qc/s2_relative_volume__frac_0.01/case_outputs/977__s2_relative_volume__frac_0.01/segmentation_repaired.stl,ok,exact_point_to_surface,81806.0,78280.0,0.7007406545355204,0.3531515206596946,1.0392102210684542,8.506468154161503,0.47664092435829286,0.22409973017722745,7221.8780377223875,6322.058405058699,-899.8196326636889,-0.12459634847938683,0.8457902647078474,-3.5999984741210938,-3.5999908447265625,0.0,5.091161271830748,6437.016767352135,0.0,0.0,1.0,ok,exact_point_to_surface,78280.0,78280.0,2.4071911708292978e-14,1.2035955854146489e-14,4.707345624410664e-14,2.382173337059642e-13,1.2014940508341257e-14,1.2056971199951722e-14,6322.058405058699,6322.058405058699,0.0,0.0,0.0,0.0,0.0,0.0,0.0,0.8475218978674063,0.9524873757019392,1.0392305258366357,2,0.907486325962216,0.7949908871773766,6437.016767352135,0.3881100854674079,0.5889534374177365,12,12,True,0.9872448979591837,0.9200940070505288,7347.888875936543,1.0,2.275095145844813,0.0,True,6322.059753648188,2,2,0.0,0.0,0.0,0.0,0.0,0.0,0.0,0.0,0,moderate_dice_good_topology,original components <= 2 and original Dice closest to the cohort median
890,s2_relative_volume__frac_0.01,s2_relative_volume__frac_0.01,relative_volume_filter,True,0.6000000238418579,0.6000000238418579,0.6000000238418579,True,0.5,0.01,2,5089.392606702829,2923.5603485155243,0.5744418979713097,0.7408200960472849,2,0,2544.6963033514144,30.245000788536846,30.245000788536846,0,2,2,0,0.0,0.0,2,23562,5089.392606702829,0.8515598373133989,0.7953060011883542,0.9163773289647416,0.7414925609370053,18739,4823,1710,4416.984526545546,672.4080801572827,0.15223238300161365,0.929893335764427,0.9139784946236559,0.9463722397476341,1.3416408398118889,20.732583875644025,0.5585913232561257,0.7125120803943054,0.3977358971273016,651,390.6000155210495,9,9,2,0.8561401426897532,3.8418746951220877,,,,,True,/Users/angadkumar16ak/Projects/Automated_Cardiovascular_Segmentation_for_Bioprinting_Project/outputs/topology_correction/case_outputs/890/mask__s2_relative_volume__frac_0.01.nii.gz,/Users/angadkumar16ak/Projects/Automated_Cardiovascular_Segmentation_for_Bioprinting_Project/outputs/topology_correction/case_outputs/890/mask__s2_relative_volume__frac_0.01.nii.gz,ok,3.0,2.0,True,0.0,2.0,5937.033296698326,4998.213595833447,101.40000402927399,81.60000324249268,85.20000338554382,0.4242640855706679,0.6000000238418579,0.5893830335237957,/Users/angadkumar16ak/Projects/Automated_Cardiovascular_Segmentation_for_Bioprinting_Project/outputs/topology_correction/mesh_qc/s2_relative_volume__frac_0.01/case_outputs/890__s2_relative_volume__frac_0.01/segmentation_raw.stl,/Users/angadkumar16ak/Projects/Automated_Cardiovascular_Segmentation_for_Bioprinting_Project/outputs/topology_correction/mesh_qc/s2_relative_volume__frac_0.01/case_outputs/890__s2_relative_volume__frac_0.01/segmentation_repaired.stl,/Users/angadkumar16ak/Projects/Automated_Cardiovascular_Segmentation_for_Bioprinting_Project/outputs/topology_correction/mesh_qc/s2_relative_volume__frac_0.01/case_outputs/890__s2_relative_volume__frac_0.01/segmentation_smoothed.stl,True,0.5877773412022357,3.141592653589793,0.5382298331375671,3.138229082254617,-0.0026434726012904797,0.07376283846872082,True,"phaseb_mesh_qc.run_phaseb_for_case (repository implementation, unmodified)",50.0,50.0,50.0,1.0,True,-29.526989712389124,167.7685793963649,83.16041025542391,-32.42422162683223,167.49386526184685,81.87750983925405,3.180448726136059,True,/Users/angadkumar16ak/Projects/Automated_Cardiovascular_Segmentation_for_Bioprinting_Project/outputs/topology_correction/mesh_qc/s2_relative_volume__frac_0.01/case_outputs/890__s2_relative_volume__frac_0.01/segmentation_repaired.stl,ok,exact_point_to_surface,71969.0,72886.0,1.028260635850663,0.515152865965003,1.396611394777205,20.73258519351091,0.35260229580253194,0.6756583400481311,4325.796392440192,4998.213418426137,672.4170259859447,0.15544352183590238,2.2412901606446063,-1.1999969482421875,-0.5999908447265625,0.5999984741210938,1.469686993374405,5089.392606702829,0.0,0.0,1.0,ok,exact_point_to_surface,72886.0,72886.0,3.6012671649070485e-15,1.8006335824535242e-15,1.0048591735576161e-14,3.4809342861069267e-14,1.808927939049233e-15,1.7923392258578152e-15,4998.213418426137,4998.213418426137,0.0,0.0,0.0,0.0,0.0,0.0,0.0,0.8515598373133989,0.929893335764427,1.3416408398118889,2,0.7953060011883542,0.9163773289647416,5089.392606702829,0.5585913232561257,0.8561401426897532,9,9,True,0.9139784946236559,0.9463722397476341,4416.984526545546,1.0,3.180448726136059,0.0,True,4998.213595833447,2,2,0.0,0.0,0.0,0.0,0.0,0.0,0.0,0.0,0,moderate_dice_good_topology,original components <= 2 and original Dice closest to the cohort median
798,s2_relative_volume__frac_0.01,s2_relative_volume__frac_0.01,relative_volume_filter,True,0.6000000238418579,0.6000000238418579,0.6000000238418579,True,0.5,0.01,44,9676.153153487254,4504.680536999724,0.46554456771658803,0.6725485495085112,25,19,7.668000914096869,4.724404912138064,0.8485281711413358,6,44,11,0,0.0,266.32803174877336,11,43564,9409.825121738479,0.6724340421962166,0.7359976127077403,0.618976833976834,0.5065164847316788,32063,11501,19737,11188.801333808951,-1778.9762120704727,-0.15899613899613893,0.7958540932172273,0.7807486631016043,0.8115555555555556,18.878560017229272,57.00947516240749,3.396539706065629,4.7809204454583085,2.1932116841807967,1122,673.2000267505646,31,33,11,3.921002417340844,21.937361096966633,,,,,True,/Users/angadkumar16ak/Projects/Automated_Cardiovascular_Segmentation_for_Bioprinting_Project/outputs/topology_correction/case_outputs/798/mask__s2_relative_volume__frac_0.01.nii.gz,/Users/angadkumar16ak/Projects/Automated_Cardiovascular_Segmentation_for_Bioprinting_Project/outputs/topology_correction/case_outputs/798/mask__s2_relative_volume__frac_0.01.nii.gz,ok,3.0,11.0,False,26.0,11.0,10578.155322346229,not_watertight,106.80000424385071,132.00000524520874,106.50000423192978,0.4242640855706679,0.6000000238418579,0.5928049072434604,/Users/angadkumar16ak/Projects/Automated_Cardiovascular_Segmentation_for_Bioprinting_Project/outputs/topology_correction/mesh_qc/s2_relative_volume__frac_0.01/case_outputs/798__s2_relative_volume__frac_0.01/segmentation_raw.stl,/Users/angadkumar16ak/Projects/Automated_Cardiovascular_Segmentation_for_Bioprinting_Project/outputs/topology_correction/mesh_qc/s2_relative_volume__frac_0.01/case_outputs/798__s2_relative_volume__frac_0.01/segmentation_repaired.stl,/Users/angadkumar16ak/Projects/Automated_Cardiovascular_Segmentation_for_Bioprinting_Project/outputs/topology_correction/mesh_qc/s2_relative_volume__frac_0.01/case_outputs/798__s2_relative_volume__frac_0.01/segmentation_smoothed.stl,True,0.590320255109398,3.141592653589793,0.5378043421497989,3.1397694683905737,not_watertight,0.09296666972729777,False,"phaseb_mesh_qc.run_phaseb_for_case (repository implementation, unmodified)",50.0,44.0,42.0,0.9545454545454546,False,-33.14172049911376,178.3328924788231,158.42971246347986,-33.97426835776079,178.28620040611747,157.44116679324188,1.2932666502842987,False,/Users/angadkumar16ak/Projects/Automated_Cardiovascular_Segmentation_for_Bioprinting_Project/outputs/topology_correction/mesh_qc/s2_relative_volume__frac_0.01/case_outputs/798__s2_relative_volume__frac_0.01/segmentation_repaired.stl,ok,exact_point_to_surface,92945.0,90213.0,6.869628785623364,3.415053478930601,18.928519867656707,57.009481641297576,2.1100085858457107,4.759620199777654,11042.668432062135,,,,5.215957743078694,0.0,16.199996948242188,26.70000457763672,31.230276104589244,9676.153153487252,-266.32803174877336,-0.027524164564591422,0.9860458799696699,ok,exact_point_to_surface,92839.0,90213.0,1.4890499454668233,0.7552056677184319,2.842170943040401e-14,70.30504993082909,1.4890499454668216,1.6737827982226418e-15,,,,,3.3514216832829593,-62.40000534057617,-16.800003051757812,-10.200004577636719,65.42202123464864,0.6638508442291169,0.7642616780277204,19.617340048649204,44,0.7157398932964261,0.618976833976834,9676.153153487252,3.9955193768452855,4.846029369272463,65,33,False,0.7221764220939819,0.8115555555555556,11188.801333808951,0.9736842105263158,1.9298478262504573,26.0,False,not_watertight,44,11,0.00858319796709972,0.03159241518950695,-0.7387800314199318,-0.5989796707796566,0.020257719411314268,0.0,-266.32803174877336,-0.9250269519316188,-33,largest_component_reduction,largest reduction in component count (original - corrected)
803,s2_relative_volume__frac_0.01,s2_relative_volume__frac_0.01,relative_volume_filter,True,0.6000000238418579,0.6000000238418579,0.6000000238418579,True,0.5,0.01,30,7072.920843157801,4118.68849098589,0.5823179111314706,0.6635200335640865,16,14,6.804000811100039,19.953947770877683,0.8485281711413358,1,30,2,0,0.0,221.40002639293743,2,31720,6851.520816764864,0.8225850558996219,0.8060529634300126,0.8398094925275086,0.6986365002595841,25568,6152,4877,6576.120783934624,275.40003283024,0.041878797832156395,0.8973684850482718,0.8440748440748441,0.9578454332552693,3.0594118297257697,33.95173179102881,0.7927914948795594,1.2658973478046274,0.324177630234988,962,577.2000229358673,14,27,2,1.2534243925488795,6.613580738761489,,,,,True,/Users/angadkumar16ak/Projects/Automated_Cardiovascular_Segmentation_for_Bioprinting_Project/outputs/topology_correction/case_outputs/803/mask__s2_relative_volume__frac_0.01.nii.gz,/Users/angadkumar16ak/Projects/Automated_Cardiovascular_Segmentation_for_Bioprinting_Project/outputs/topology_correction/case_outputs/803/mask__s2_relative_volume__frac_0.01.nii.gz,ok,3.0,2.0,True,0.0,2.0,8263.975453571087,6718.84280094841,118.80000472068787,85.80000340938568,103.80000412464142,0.4242640855706679,0.6000000238418579,0.591480077922106,/Users/angadkumar16ak/Projects/Automated_Cardiovascular_Segmentation_for_Bioprinting_Project/outputs/topology_correction/mesh_qc/s2_relative_volume__frac_0.01/case_outputs/803__s2_relative_volume__frac_0.01/segmentation_raw.stl,/Users/angadkumar16ak/Projects/Automated_Cardiovascular_Segmentation_for_Bioprinting_Project/outputs/topology_correction/mesh_qc/s2_relative_volume__frac_0.01/case_outputs/803__s2_relative_volume__frac_0.01/segmentation_repaired.stl,/Users/angadkumar16ak/Projects/Automated_Cardiovascular_Segmentation_for_Bioprinting_Project/outputs/topology_correction/mesh_qc/s2_relative_volume__frac_0.01/case_outputs/803__s2_relative_volume__frac_0.01/segmentation_smoothed.stl,True,0.5627226795587683,3.141592653589793,0.5007252558096443,3.1398869519060733,-0.003002601469991685,0.057187894073139976,True,"phaseb_mesh_qc.run_phaseb_for_case (repository implementation, unmodified)",50.0,50.0,50.0,1.0,True,-35.6728249340122,177.63452231019622,27.139707109685347,-37.51409947062704,177.29621814449348,25.315961434660018,2.613577990971689,True,/Users/angadkumar16ak/Projects/Automated_Cardiovascular_Segmentation_for_Bioprinting_Project/outputs/topology_correction/mesh_qc/s2_relative_volume__frac_0.01/case_outputs/803__s2_relative_volume__frac_0.01/segmentation_repaired.stl,ok,exact_point_to_surface,79129.0,81578.0,1.602104605672267,0.8089858160694258,3.4314848246044782,33.95172387411023,0.2804434375104104,1.3216611681618566,6455.5661302613735,6718.843010357176,263.2768800958029,0.040782926668763486,1.3935185483449366,0.6000003814697266,2.399993896484375,-2.3999977111816406,3.4467318106582043,7072.920843157802,-221.40002639293743,-0.031302488929607526,0.9840998991700923,ok,exact_point_to_surface,83903.0,81578.0,3.3581147653183123,1.702648057205977,1.4210854715202004e-14,89.59307736152624,3.3581147653183105,1.5700200696104861e-15,6913.972015989172,6718.843010357176,-195.12900563199582,-0.028222417617650566,4.873875428419154,-53.39999771118164,-67.79999542236328,-7.799995422363281,86.65586571845887,0.8092419686659281,0.8526116217843313,7.660287505274688,30,0.7808214994655672,0.8398094925275086,7072.920843157802,2.141683593768536,3.8479515781834874,48,27,True,0.7682119205298014,0.9578454332552693,6576.120783934624,1.0,3.6639672038773474,0.0,True,6913.971824209603,30,2,0.013343087233693818,0.04475686326394057,-4.600875675548918,-1.3488920988889768,0.025231463964445422,0.0,-221.40002639293743,-2.594527185634608,-28,largest_component_reduction,largest reduction in component count (original - corrected)
852,s2_relative_volume__frac_0.01,s2_relative_volume__frac_0.01,relative_volume_filter,True,0.6000000238418579,0.6000000238418579,0.6000000238418579,True,0.5,0.01,38,9977.257189381651,4846.6085777607195,0.48576562533826917,0.38310009804795436,20,18,6.804000811100038,3.934463270922718,0.8485281711413358,4,38,11,0,0.0,207.14402469348897,11,45232,9770.113164688157,0.7943276744812718,0.7820348425893173,0.8070131410841395,0.6588255014806951,35373,9859,8459,9467.713128639267,302.4000360488899,0.03194013506114247,0.86572703709952,0.8533333333333334,0.8784860557768924,5.817216060054983,40.490000374055164,1.3674669193153197,2.017641990155528,0.7508284393838671,975,585.0000232458115,32,22,11,2.1330102254008434,12.280389725170231,,,,,True,/Users/angadkumar16ak/Projects/Automated_Cardiovascular_Segmentation_for_Bioprinting_Project/outputs/topology_correction/case_outputs/852/mask__s2_relative_volume__frac_0.01.nii.gz,/Users/angadkumar16ak/Projects/Automated_Cardiovascular_Segmentation_for_Bioprinting_Project/outputs/topology_correction/case_outputs/852/mask__s2_relative_volume__frac_0.01.nii.gz,ok,3.0,11.0,True,0.0,11.0,10075.754643866501,9629.389147912547,149.40000593662262,113.40000450611115,78.60000312328339,0.4242640855706679,0.6000000238418579,0.5918122123563092,/Users/angadkumar16ak/Projects/Automated_Cardiovascular_Segmentation_for_Bioprinting_Project/outputs/topology_correction/mesh_qc/s2_relative_volume__frac_0.01/case_outputs/852__s2_relative_volume__frac_0.01/segmentation_raw.stl,/Users/angadkumar16ak/Projects/Automated_Cardiovascular_Segmentation_for_Bioprinting_Project/outputs/topology_correction/mesh_qc/s2_relative_volume__frac_0.01/case_outputs/852__s2_relative_volume__frac_0.01/segmentation_repaired.stl,/Users/angadkumar16ak/Projects/Automated_Cardiovascular_Segmentation_for_Bioprinting_Project/outputs/topology_correction/mesh_qc/s2_relative_volume__frac_0.01/case_outputs/852__s2_relative_volume__frac_0.01/segmentation_smoothed.stl,True,0.6013826782165518,3.141592653589793,0.5477835258932152,3.1407291144782437,-0.002208210740174995,0.13848602759108597,True,"phaseb_mesh_qc.run_phaseb_for_case (repository implementation, unmodified)",50.0,48.0,48.0,1.0,True,-18.24359393963701,178.25970492808483,164.5020299241221,-22.930738077383328,178.9368022757143,162.79946110585135,5.03254623099723,True,/Users/angadkumar16ak/Projects/Automated_Cardiovascular_Segmentation_for_Bioprinting_Project/outputs/topology_correction/mesh_qc/s2_relative_volume__frac_0.01/case_outputs/852__s2_relative_volume__frac_0.01/segmentation_repaired.stl,ok,exact_point_to_surface,87959.0,88458.0,2.7847260376947167,1.394228499422111,6.175856945669438,40.48999731801194,0.7328389976928008,2.051887040001916,9330.751226898456,9629.389933586532,298.6387066880761,0.03200585884523081,5.2379272908531025,22.800003051757812,14.399993896484375,-1.2000045776367188,26.993332035250887,9977.257189381648,-207.1440246934908,-0.02076162022904902,0.9895102982838017,ok,exact_point_to_surface,90374.0,88458.0,0.5260427315931611,0.26583934584946506,1.4210854715202004e-14,35.44066820948809,0.5260406814633053,2.0501298557703795e-06,9817.174979441677,9629.389933586532,-187.78504585514565,-0.01912821623821412,0.4650346269286887,-1.7999954223632812,-18.599998474121094,-5.999992370605469,19.626508482283842,0.7882430045654999,0.850582848847039,6.029925612280241,38,0.7681150007577233,0.8094542799780982,9977.257189381648,1.506265184260532,2.328992023177799,52,22,True,0.8158148505303761,0.8884462151394422,9467.713128639267,1.0,5.125282191473438,0.0,True,9817.174170298267,38,11,0.006084669915771945,0.015144188252480983,-0.21270955222525778,-0.1387982649452122,0.013919841831594004,-0.002441138893958694,-207.1440246934908,-0.1959817977769558,-27,largest_component_reduction,largest reduction in component count (original - corrected)
772,s2_relative_volume__frac_0.01,s2_relative_volume__frac_0.01,relative_volume_filter,True,0.6000000238418579,0.6000000238418579,0.6000000238418579,True,0.5,0.01,6,7324.5608731556285,4006.152477570553,0.5469478030079623,0.7162344314444383,6,0,142.8840170331008,5.019960358679748,0.8485281711413358,1,6,6,0,0.0,0.0,6,33910,7324.5608731556285,0.7648750946252839,0.6704217045119434,0.8903074211866067,0.6192694287815641,22734,11176,2801,5515.560657506016,1809.000215649613,0.3279812022713921,0.8208010456540006,0.7380952380952381,0.924380704041721,9.849869249002136,41.068237532659325,1.6617858373335068,2.596334991993694,0.4975268315820829,966,579.6000230312347,19,23,5,2.086980272165454,11.531866809463795,,,,,True,/Users/angadkumar16ak/Projects/Automated_Cardiovascular_Segmentation_for_Bioprinting_Project/outputs/topology_correction/case_outputs/772/mask__s2_relative_volume__frac_0.01.nii.gz,/Users/angadkumar16ak/Projects/Automated_Cardiovascular_Segmentation_for_Bioprinting_Project/outputs/topology_correction/case_outputs/772/mask__s2_relative_volume__frac_0.01.nii.gz,ok,3.0,6.0,False,16.0,5.0,8496.891230389578,not_watertight,108.00000429153442,94.80000376701355,86.70000344514847,0.4242640855706679,0.6000000238418579,0.5916286101011305,/Users/angadkumar16ak/Projects/Automated_Cardiovascular_Segmentation_for_Bioprinting_Project/outputs/topology_correction/mesh_qc/s2_relative_volume__frac_0.01/case_outputs/772__s2_relative_volume__frac_0.01/segmentation_raw.stl,/Users/angadkumar16ak/Projects/Automated_Cardiovascular_Segmentation_for_Bioprinting_Project/outputs/topology_correction/mesh_qc/s2_relative_volume__frac_0.01/case_outputs/772__s2_relative_volume__frac_0.01/segmentation_repaired.stl,/Users/angadkumar16ak/Projects/Automated_Cardiovascular_Segmentation_for_Bioprinting_Project/outputs/topology_correction/mesh_qc/s2_relative_volume__frac_0.01/case_outputs/772__s2_relative_volume__frac_0.01/segmentation_smoothed.stl,True,0.592306786121702,3.141592653589793,0.5433986035801814,3.1405412524691716,not_watertight,0.08622825125331761,False,"phaseb_mesh_qc.run_phaseb_for_case (repository implementation, unmodified)",50.0,50.0,49.0,0.98,False,-29.79276611115229,180.22412022086098,86.93124714020044,-33.18549066325746,180.01766650612083,84.95530356339351,3.931609853674675,False,/Users/angadkumar16ak/Projects/Automated_Cardiovascular_Segmentation_for_Bioprinting_Project/outputs/topology_correction/mesh_qc/s2_relative_volume__frac_0.01/case_outputs/772__s2_relative_volume__frac_0.01/segmentation_repaired.stl,ok,exact_point_to_surface,76087.0,82452.0,3.061900275599262,1.5743824927872605,9.501139923685711,41.00902554049855,0.4491399056890596,2.6127603699102027,5411.6565262699705,,,,3.8535471370669887,3.0,3.600006103515625,3.299999237060547,5.731495346761606,7324.5608731556285,0.0,0.0,1.0,ok,exact_point_to_surface,82452.0,82452.0,3.430318595267439e-15,1.7151592976337196e-15,1.0048591735576161e-14,3.4809342861069267e-14,1.6904924878126862e-15,1.7398261074547527e-15,,,,,0.0,0.0,0.0,0.0,0.0,0.7648750946252839,0.8208010456540006,9.849869249002136,6,0.6704217045119434,0.8903074211866067,7324.5608731556285,1.6617858373335068,2.086980272165454,19,23,False,0.7380952380952381,0.924380704041721,5515.560657506016,0.98,3.931609853674675,16.0,False,not_watertight,6,6,0.0,0.0,0.0,0.0,0.0,0.0,0.0,0.0,0,no_improvement,"zero change in component count, tie-broken by highest original component count"
854,s2_relative_volume__frac_0.01,s2_relative_volume__frac_0.01,relative_volume_filter,True,0.6000000238418579,0.6000000238418579,0.6000000238418579,True,0.5,0.01,4,5781.672689229039,4318.704514829657,0.7469645458960661,0.27503250975292587,4,0,697.4640831441912,4.284857227390632,1.2000000476837158,0,4,4,0,0.0,0.0,4,26767,5781.672689229039,0.733065164923572,0.6808383457242126,0.793970287108439,0.5786131572263145,18224,8543,4729,4957.848591021561,823.8240982074776,0.1661656428353592,0.8616347778984402,0.8442028985507246,0.8798017348203222,9.332844647820963,39.239267607410234,1.6185378582822585,2.5210027637853316,0.668876806870663,828,496.80001974105835,19,25,4,1.8076253487774903,9.448809824276127,,,,,True,/Users/angadkumar16ak/Projects/Automated_Cardiovascular_Segmentation_for_Bioprinting_Project/outputs/topology_correction/case_outputs/854/mask__s2_relative_volume__frac_0.01.nii.gz,/Users/angadkumar16ak/Projects/Automated_Cardiovascular_Segmentation_for_Bioprinting_Project/outputs/topology_correction/case_outputs/854/mask__s2_relative_volume__frac_0.01.nii.gz,ok,3.0,4.0,True,0.0,4.0,7098.642458291986,5666.148675457505,108.00000429153442,90.60000360012054,88.20000350475311,0.4242640855706679,0.6000000238418579,0.5900134862534315,/Users/angadkumar16ak/Projects/Automated_Cardiovascular_Segmentation_for_Bioprinting_Project/outputs/topology_correction/mesh_qc/s2_relative_volume__frac_0.01/case_outputs/854__s2_relative_volume__frac_0.01/segmentation_raw.stl,/Users/angadkumar16ak/Projects/Automated_Cardiovascular_Segmentation_for_Bioprinting_Project/outputs/topology_correction/mesh_qc/s2_relative_volume__frac_0.01/case_outputs/854__s2_relative_volume__frac_0.01/segmentation_repaired.stl,/Users/angadkumar16ak/Projects/Automated_Cardiovascular_Segmentation_for_Bioprinting_Project/outputs/topology_correction/mesh_qc/s2_relative_volume__frac_0.01/case_outputs/854__s2_relative_volume__frac_0.01/segmentation_smoothed.stl,True,0.566500803538198,3.141592653589793,0.512117092305187,3.137111540253251,-0.003293135960969206,0.057608248963275675,True,"phaseb_mesh_qc.run_phaseb_for_case (repository implementation, unmodified)",50.0,47.0,47.0,1.0,True,-41.90755263296148,165.00161206996603,138.8348876350278,-42.23367752042576,166.7798236248308,136.0890839060821,3.287526713803302,True,/Users/angadkumar16ak/Projects/Automated_Cardiovascular_Segmentation_for_Bioprinting_Project/outputs/topology_correction/mesh_qc/s2_relative_volume__frac_0.01/case_outputs/854__s2_relative_volume__frac_0.01/segmentation_repaired.stl,ok,exact_point_to_surface,75962.0,77292.0,3.104039568774393,1.5602204611107713,9.208046167337661,39.23926868468888,0.6070675207821938,2.4969720479921995,4848.390158879068,5666.149613842135,817.7594549630676,0.1686661815913204,5.630779049132921,11.400002479553223,0.0,-0.5999984741210938,11.415780950192032,5781.672689229039,0.0,0.0,1.0,ok,exact_point_to_surface,77292.0,77292.0,3.5653487588279945e-15,1.782674379413997e-15,1.4210854715202004e-14,4.263256414560601e-14,1.8108918373054596e-15,1.7544569215225348e-15,5666.149613842135,5666.149613842135,0.0,0.0,0.0,0.0,0.0,0.0,0.0,0.733065164923572,0.8616347778984402,9.332844647820963,4,0.6808383457242126,0.793970287108439,5781.672689229039,1.6185378582822585,1.8076253487774903,19,25,True,0.8442028985507246,0.8798017348203222,4957.848591021561,1.0,3.287526713803302,0.0,True,5666.148675457505,4,4,0.0,0.0,0.0,0.0,0.0,0.0,0.0,0.0,0,no_improvement,"zero change in component count, tie-broken by highest original component count"
879,s2_relative_volume__frac_0.01,s2_relative_volume__frac_0.01,relative_volume_filter,True,0.6000000238418579,0.6000000238418579,0.6000000238418579,True,0.5,0.01,3,7884.432939897575,4791.312571168923,0.6076927291655252,0.63384726354702,3,0,3036.9603620338585,38.844739947711645,32.39444525530296,0,3,3,0,0.0,0.0,3,36502,7884.432939897575,0.8646012781328146,0.8524738370500247,0.8770787530300468,0.7614957296331645,31117,5385,4361,7663.248913530386,221.1840263671893,0.028862957325666707,0.974418475344614,0.9800469483568075,0.9688542825361512,0.8485281711413358,48.00375176102471,0.5750389756511431,0.7851861206595374,0.380104048022125,852,511.20002031326294,11,11,3,0.818079122432807,0.8485281711413358,,,,,True,/Users/angadkumar16ak/Projects/Automated_Cardiovascular_Segmentation_for_Bioprinting_Project/outputs/topology_correction/case_outputs/879/mask__s2_relative_volume__frac_0.01.nii.gz,/Users/angadkumar16ak/Projects/Automated_Cardiovascular_Segmentation_for_Bioprinting_Project/outputs/topology_correction/case_outputs/879/mask__s2_relative_volume__frac_0.01.nii.gz,ok,3.0,3.0,True,0.0,3.0,8371.631226816766,7765.128925675428,125.4000049829483,108.60000431537628,100.80000400543213,0.4242640855706679,0.6000000238418579,0.5898850781134779,/Users/angadkumar16ak/Projects/Automated_Cardiovascular_Segmentation_for_Bioprinting_Project/outputs/topology_correction/mesh_qc/s2_relative_volume__frac_0.01/case_outputs/879__s2_relative_volume__frac_0.01/segmentation_raw.stl,/Users/angadkumar16ak/Projects/Automated_Cardiovascular_Segmentation_for_Bioprinting_Project/outputs/topology_correction/mesh_qc/s2_relative_volume__frac_0.01/case_outputs/879__s2_relative_volume__frac_0.01/segmentation_repaired.stl,/Users/angadkumar16ak/Projects/Automated_Cardiovascular_Segmentation_for_Bioprinting_Project/outputs/topology_correction/mesh_qc/s2_relative_volume__frac_0.01/case_outputs/879__s2_relative_volume__frac_0.01/segmentation_smoothed.stl,True,0.590250908156816,3.141592653589793,0.5356255663310132,3.137398278024423,-0.002084054802718193,0.12023998685003562,True,"phaseb_mesh_qc.run_phaseb_for_case (repository implementation, unmodified)",50.0,50.0,50.0,1.0,True,-18.634186290687452,199.98779043319303,-1096.5913640341232,-23.825619568276768,199.50986662913334,-1097.113428880114,5.239460119284051,True,/Users/angadkumar16ak/Projects/Automated_Cardiovascular_Segmentation_for_Bioprinting_Project/outputs/topology_correction/mesh_qc/s2_relative_volume__frac_0.01/case_outputs/879__s2_relative_volume__frac_0.01/segmentation_repaired.stl,ok,exact_point_to_surface,81999.0,82204.0,1.1257030558116505,0.5631394833481673,0.7348396033200394,48.00374520950281,0.33220202791134135,0.7935010279003093,7536.864377752848,7765.125461582874,228.2610838300261,0.03028594815952934,2.208460376949534,2.399993896484375,5.399993896484375,-3.0,6.627209426691657,7884.432939897575,0.0,0.0,1.0,ok,exact_point_to_surface,82204.0,82204.0,2.3475202249074088e-14,1.1737601124537042e-14,4.5496934130773415e-14,2.382173337059642e-13,1.1741802338179165e-14,1.1733399910894921e-14,7765.125461582874,7765.125461582874,0.0,0.0,0.0,0.0,0.0,0.0,0.0,0.8646012781328146,0.974418475344614,0.8485281711413358,3,0.8524738370500247,0.8770787530300468,7884.432939897575,0.5750389756511431,0.818079122432807,11,11,True,0.9800469483568075,0.9688542825361512,7663.248913530386,1.0,5.239460119284051,0.0,True,7765.128925675428,3,3,0.0,0.0,0.0,0.0,0.0,0.0,0.0,0.0,0,no_improvement,"zero change in component count, tie-broken by highest original component count"
883,s2_relative_volume__frac_0.01,s2_relative_volume__frac_0.01,relative_volume_filter,True,0.6000000238418579,0.6000000238418579,0.6000000238418579,True,0.5,0.01,9,6097.248726848631,4207.032501517316,0.6899886637381324,0.25994763053858394,8,1,184.03202193832485,5.370117880327399,0.8485281711413358,2,9,6,0,0.0,67.82400808525108,6,27914,6029.42471876338,0.7822175364610789,0.7973776599555779,0.7676231204304041,0.6423294470737619,22258,5656,6738,6263.136746624023,-233.7120278606426,-0.03731549179197131,0.8913700095196682,0.8835164835164835,0.899364406779661,5.564171318397717,52.279252263291475,1.5546399313938064,2.3909358756465933,0.7971825799760534,910,546.0000216960907,17,9,5,2.1155006721838827,6.972563650404077,,,,,True,/Users/angadkumar16ak/Projects/Automated_Cardiovascular_Segmentation_for_Bioprinting_Project/outputs/topology_correction/case_outputs/883/mask__s2_relative_volume__frac_0.01.nii.gz,/Users/angadkumar16ak/Projects/Automated_Cardiovascular_Segmentation_for_Bioprinting_Project/outputs/topology_correction/case_outputs/883/mask__s2_relative_volume__frac_0.01.nii.gz,ok,3.0,6.0,True,0.0,5.0,7698.040630248537,5898.645703173307,121.80000483989716,100.80000400543213,91.80000364780426,0.4242640855706679,0.6000000238418579,0.5890601468076402,/Users/angadkumar16ak/Projects/Automated_Cardiovascular_Segmentation_for_Bioprinting_Project/outputs/topology_correction/mesh_qc/s2_relative_volume__frac_0.01/case_outputs/883__s2_relative_volume__frac_0.01/segmentation_raw.stl,/Users/angadkumar16ak/Projects/Automated_Cardiovascular_Segmentation_for_Bioprinting_Project/outputs/topology_correction/mesh_qc/s2_relative_volume__frac_0.01/case_outputs/883__s2_relative_volume__frac_0.01/segmentation_repaired.stl,/Users/angadkumar16ak/Projects/Automated_Cardiovascular_Segmentation_for_Bioprinting_Project/outputs/topology_correction/mesh_qc/s2_relative_volume__frac_0.01/case_outputs/883__s2_relative_volume__frac_0.01/segmentation_smoothed.stl,True,0.5705984875369156,3.141592653589793,0.5172718423424875,3.1375745518914684,-0.0036021001315308886,0.04456545102815791,True,"phaseb_mesh_qc.run_phaseb_for_case (repository implementation, unmodified)",50.0,47.0,47.0,1.0,True,-30.78846950263923,168.5251014964316,97.20308824683735,-30.54896606416463,169.39787052664732,94.46484914285152,2.8839280621648635,True,/Users/angadkumar16ak/Projects/Automated_Cardiovascular_Segmentation_for_Bioprinting_Project/outputs/topology_correction/mesh_qc/s2_relative_volume__frac_0.01/case_outputs/883__s2_relative_volume__frac_0.01/segmentation_repaired.stl,ok,exact_point_to_surface,81510.0,79710.0,3.122039649760099,1.5517319430396521,5.530001191038735,52.27924980063124,0.7291352080417652,2.392904441718334,6135.769275141899,5898.645307969793,-237.12396717210595,-0.03864616750384932,1.7812901657520797,13.80000114440918,-1.1999969482421875,-1.8000030517578125,13.968537333873675,6097.248726848631,-67.82400808525108,-0.011123706957630706,0.9944070392932207,ok,exact_point_to_surface,80264.0,79710.0,0.09362609997039432,0.046975153469946324,1.4210854715202004e-14,9.07964489818093,0.09362233314270701,3.7668276873146565e-06,5961.960312890507,5898.645307969793,-63.31500492071427,-0.010619829988438413,0.5237612246927119,0.0,0.0,0.0,0.0,0.78827065566895,0.9045769242818207,4.40908171221088,9,0.7989939067592461,0.7778314250241413,6097.248726848631,1.4547324815672849,2.067358071520217,21,9,True,0.8832976445396146,0.926906779661017,6263.136746624023,1.0,2.756232450959554,0.0,True,5961.960710721042,9,6,-0.006053119207871105,-0.013206914762152522,1.155089606186837,0.09990744982652155,-0.001616246803668231,-0.010208304593737116,-67.82400808525108,0.048142600663665824,-3,largest_fidelity_loss,"largest decrease in Dice (corrected - original), i.e. the worst anatomical cost"
827,s2_relative_volume__frac_0.01,s2_relative_volume__frac_0.01,relative_volume_filter,True,0.6000000238418579,0.6000000238418579,0.6000000238418579,True,0.5,0.01,10,7560.432901273763,5998.968715132742,0.7934689446317353,0.23677672559680266,7,3,11.98800142908102,4.2426408557066795,1.2000000476837158,0,10,3,0,0.0,60.91200726127681,3,34720,7499.520894012487,0.7949350937534672,0.8254320276497696,0.7666113845495399,0.659661641155484,28659,6061,8725,8074.944962608376,-575.4240685958894,-0.0712604322704901,0.9064631884672926,0.9767911200807265,0.8455821635012386,8.378544359194791,27.534706467531926,1.1787341228295787,0.3910610095107471,1.8325529972837828,991,594.6000236272812,16,27,3,1.436566840840148,9.995836221508348,,,,,True,/Users/angadkumar16ak/Projects/Automated_Cardiovascular_Segmentation_for_Bioprinting_Project/outputs/topology_correction/case_outputs/827/mask__s2_relative_volume__frac_0.01.nii.gz,/Users/angadkumar16ak/Projects/Automated_Cardiovascular_Segmentation_for_Bioprinting_Project/outputs/topology_correction/case_outputs/827/mask__s2_relative_volume__frac_0.01.nii.gz,ok,3.0,3.0,True,0.0,3.0,8818.951167156187,7362.288877653161,117.60000467300415,103.20000410079956,105.00000417232513,0.4242640855706679,0.6000000238418579,0.5899927719719891,/Users/angadkumar16ak/Projects/Automated_Cardiovascular_Segmentation_for_Bioprinting_Project/outputs/topology_correction/mesh_qc/s2_relative_volume__frac_0.01/case_outputs/827__s2_relative_volume__frac_0.01/segmentation_raw.stl,/Users/angadkumar16ak/Projects/Automated_Cardiovascular_Segmentation_for_Bioprinting_Project/outputs/topology_correction/mesh_qc/s2_relative_volume__frac_0.01/case_outputs/827__s2_relative_volume__frac_0.01/segmentation_repaired.stl,/Users/angadkumar16ak/Projects/Automated_Cardiovascular_Segmentation_for_Bioprinting_Project/outputs/topology_correction/mesh_qc/s2_relative_volume__frac_0.01/case_outputs/827__s2_relative_volume__frac_0.01/segmentation_smoothed.stl,True,0.5631891178268358,3.141592653589793,0.5016837343749725,3.1382585958631917,-0.0029250356887120196,0.06912442396313365,True,"phaseb_mesh_qc.run_phaseb_for_case (repository implementation, unmodified)",50.0,50.0,48.0,0.96,False,-38.731187450617966,177.19700500272936,-215.12626331958768,-38.149821614542866,178.0745067183144,-218.1093363555624,3.163340044030898,True,/Users/angadkumar16ak/Projects/Automated_Cardiovascular_Segmentation_for_Bioprinting_Project/outputs/topology_correction/mesh_qc/s2_relative_volume__frac_0.01/case_outputs/827__s2_relative_volume__frac_0.01/segmentation_repaired.stl,ok,exact_point_to_surface,89491.0,83904.0,2.087511132762314,1.0661366486724517,7.464670716876578,27.534697526416775,1.7383622898282824,0.34914884293403176,7914.348588538985,7362.289211689013,-552.0593768499712,-0.06975424075323465,2.783146044660964,-1.2000045776367188,-2.4000091552734375,1.52587890625e-05,2.6832918089500124,7560.4329012737635,-60.91200726127681,-0.008056682475287163,0.9959553655947907,ok,exact_point_to_surface,84576.0,83904.0,0.2010757415933971,0.10093887654916402,8.881784197001252e-15,89.52675918772418,0.2010757415933953,1.8040805422359878e-15,7415.785238220441,7362.289211689013,-53.49602653142756,-0.007213804716958734,0.5551284941148293,-25.80000114440918,-16.199996948242188,0.0,30.46440480584794,0.799381095792004,0.9232405327234522,2.7495455262306225,10,0.8265813382092452,0.7739139738925743,7560.4329012737635,0.6975556552994402,0.9831024685018541,24,27,True,0.9736585365853658,0.8777869529314616,8074.944962608376,1.0,3.2907751012045248,0.0,True,7415.784884030378,10,3,-0.004446002038536845,-0.01677734425615962,5.628998832964168,0.4811784675301385,-0.001149310559475536,-0.007302589343034405,-60.91200726127681,0.45346437233829384,-7,largest_fidelity_loss,"largest decrease in Dice (corrected - original), i.e. the worst anatomical cost"
962,s2_relative_volume__frac_0.01,s2_relative_volume__frac_0.01,relative_volume_filter,True,0.6000000238418579,0.6000000238418579,0.6000000238418579,True,0.5,0.01,26,9361.00911591916,4939.920588884377,0.527712400203055,0.8396152164407521,13,13,5.076000605106378,8.979978085089714,1.3416408398118889,0,26,3,0,0.0,223.12802659893168,3,42305,9137.881089320226,0.7651858170921102,0.8268998936295946,0.7120438030491156,0.6196768936441579,34982,7323,14147,10611.865265032819,-1473.9841757125923,-0.13889963158216123,0.8498257166211639,0.919889502762431,0.7896794370602033,7.840274606885213,57.79342752809972,1.3493058703774177,0.9941427307484917,1.6339093417338304,1086,651.6000258922577,22,26,3,1.879204111380293,9.763505334102494,,,,,True,/Users/angadkumar16ak/Projects/Automated_Cardiovascular_Segmentation_for_Bioprinting_Project/outputs/topology_correction/case_outputs/962/mask__s2_relative_volume__frac_0.01.nii.gz,/Users/angadkumar16ak/Projects/Automated_Cardiovascular_Segmentation_for_Bioprinting_Project/outputs/topology_correction/case_outputs/962/mask__s2_relative_volume__frac_0.01.nii.gz,ok,3.0,3.0,True,0.0,3.0,10135.820075195534,8990.029071694897,132.6000052690506,106.80000424385071,82.20000326633453,0.4242640855706679,0.6000000238418579,0.591279322631595,/Users/angadkumar16ak/Projects/Automated_Cardiovascular_Segmentation_for_Bioprinting_Project/outputs/topology_correction/mesh_qc/s2_relative_volume__frac_0.01/case_outputs/962__s2_relative_volume__frac_0.01/segmentation_raw.stl,/Users/angadkumar16ak/Projects/Automated_Cardiovascular_Segmentation_for_Bioprinting_Project/outputs/topology_correction/mesh_qc/s2_relative_volume__frac_0.01/case_outputs/962__s2_relative_volume__frac_0.01/segmentation_repaired.stl,/Users/angadkumar16ak/Projects/Automated_Cardiovascular_Segmentation_for_Bioprinting_Project/outputs/topology_correction/mesh_qc/s2_relative_volume__frac_0.01/case_outputs/962__s2_relative_volume__frac_0.01/segmentation_smoothed.stl,True,0.6136038621567236,3.141592653589793,0.5604829794340555,3.139613338325423,-0.002578919800005126,0.10003545680179647,True,"phaseb_mesh_qc.run_phaseb_for_case (repository implementation, unmodified)",50.0,46.0,46.0,1.0,True,-42.23540758652659,185.04639676884972,112.72071613762174,-45.650535701129144,184.61763661232152,111.62302260351326,3.6127366920104236,True,/Users/angadkumar16ak/Projects/Automated_Cardiovascular_Segmentation_for_Bioprinting_Project/outputs/topology_correction/mesh_qc/s2_relative_volume__frac_0.01/case_outputs/962__s2_relative_volume__frac_0.01/segmentation_repaired.stl,ok,exact_point_to_surface,95020.0,88759.0,2.701347833570199,1.360251134203423,7.919492667107719,57.7934300750959,1.631793776220025,1.0695540573501736,10444.700690967746,8990.029282132433,-1454.6714088353128,-0.1392736328091496,5.164063450733807,15.599997520446777,0.0,-1.1999969482421875,15.646083066177814,9361.009115919158,-223.12802659893168,-0.023835894595966616,0.9879383020211809,ok,exact_point_to_surface,90825.0,88759.0,1.2024868529724901,0.6081603507062235,1.464821375527116e-14,92.62959321899817,1.2024868529724886,1.6355592211581222e-15,,8990.029282132433,,,1.802474129514336,-67.80000686645508,-30.0,-45.30000686645508,86.88458754688448,0.7695285885775466,0.8616702657027508,4.52990084116453,26,0.8209423600535327,0.7241751307781554,9361.009115919158,1.3535529442897214,1.9897229476460065,54,26,False,0.8963730569948186,0.8295543393275997,10611.865265032819,1.0,3.4684204806781134,26.0,False,not_watertight,26,3,-0.004342771485436381,-0.011844549081586941,3.3103737657206835,-0.004247073912303723,0.00595753357606188,-0.012131327729039798,-223.12802659893168,-0.11051883626571346,-23,largest_fidelity_loss,"largest decrease in Dice (corrected - original), i.e. the worst anatomical cost"
984,s3_gap_bridge__gap_1.2mm,s3_gap_bridge__gap_1.2mm,gap_bridge,True,0.6000000238418579,0.6000000238418579,0.6000000238418579,True,0.5,1.2,31,9690.193155160956,4655.016554921172,0.4803842895992151,0.9772168344856387,13,18,3.8880004634857364,10.580992596886933,0.8485281711413358,2,31,13,0,0.0,0.0,13,44712,9657.793151298569,0.8270906018914709,0.8430175344426553,0.8117543179566696,0.7051615437861298,37693,7019,8741,10029.745195638705,-371.9520443401361,-0.037084894689236404,0.8971714860796658,0.8889980353634578,0.90549662487946,6.177378330059151,103.01495446473955,1.5721859129630078,2.4327760151376316,0.8029564970309235,1018,610.8000242710114,29,21,11,2.358502542729825,10.930437306643448,,,,,True,/Users/angadkumar16ak/Projects/Automated_Cardiovascular_Segmentation_for_Bioprinting_Project/outputs/topology_correction/case_outputs/984/mask__s3_gap_bridge__gap_1.2mm.nii.gz,/Users/angadkumar16ak/Projects/Automated_Cardiovascular_Segmentation_for_Bioprinting_Project/outputs/topology_correction/case_outputs/984/mask__s3_gap_bridge__gap_1.2mm.nii.gz,ok,3.0,13.0,True,0.0,13.0,10080.07625415434,9507.664133401799,175.80000698566437,142.20000565052032,95.40000379085541,0.4242640855706679,0.6000000238418579,0.5891209374375944,/Users/angadkumar16ak/Projects/Automated_Cardiovascular_Segmentation_for_Bioprinting_Project/outputs/topology_correction/mesh_qc/s3_gap_bridge__gap_1.2mm/case_outputs/984__s3_gap_bridge__gap_1.2mm/segmentation_raw.stl,/Users/angadkumar16ak/Projects/Automated_Cardiovascular_Segmentation_for_Bioprinting_Project/outputs/topology_correction/mesh_qc/s3_gap_bridge__gap_1.2mm/case_outputs/984__s3_gap_bridge__gap_1.2mm/segmentation_repaired.stl,/Users/angadkumar16ak/Projects/Automated_Cardiovascular_Segmentation_for_Bioprinting_Project/outputs/topology_correction/mesh_qc/s3_gap_bridge__gap_1.2mm/case_outputs/984__s3_gap_bridge__gap_1.2mm/segmentation_smoothed.stl,True,0.5946873328022152,3.141592653589793,0.5425120725441182,3.140174040510697,-0.0026177131493758344,0.14322776883163357,True,"phaseb_mesh_qc.run_phaseb_for_case (repository implementation, unmodified)",50.0,42.0,42.0,1.0,True,-26.458477393056654,202.40384179967995,153.64477996040776,-31.10920871170728,200.90363646011983,153.02723959744392,4.925573464989838,True,/Users/angadkumar16ak/Projects/Automated_Cardiovascular_Segmentation_for_Bioprinting_Project/outputs/topology_correction/mesh_qc/s3_gap_bridge__gap_1.2mm/case_outputs/984__s3_gap_bridge__gap_1.2mm/segmentation_repaired.stl,ok,exact_point_to_surface,89359.0,88900.0,3.4834370547434146,1.7391719509812502,7.212488874565034,103.01495359961406,0.7527203557236521,2.730716699019762,9884.042905048113,9507.663693776385,-376.3792112717274,-0.03807947971163681,3.413289832707571,46.80000305175781,25.79998779296875,-0.5999984741210938,53.44379902225163,9690.19315516095,-32.40000386238171,-0.0033435870001338026,0.9983254069261169,ok,exact_point_to_surface,89398.0,88900.0,0.19473517836565166,0.09763954433326524,7.105427357601002e-15,37.04970554744669,0.1947351783656501,1.5536178270229153e-15,9531.522677399673,9507.663693776385,-23.858983623287713,-0.0025031660135331874,0.4375588350838307,-14.400001525878906,-1.8000030517578125,0.0,14.512065839557518,0.8261479144759902,0.8911945418123274,4.2426408557066795,31,0.8406223529936249,0.8121635008829737,9690.19315516095,1.5966564969318207,2.5421955702933174,41,21,True,0.8746383799421408,0.9083895853423336,10029.745195638705,1.0,4.848111596686845,0.0,True,9531.52313624601,31,13,0.0009426874154806475,0.005976944267338413,1.9347374743524712,-0.024470583968812853,0.0023951814490303924,-0.0004091829263040969,-32.40000386238171,-0.18369302756349226,-18,high_dice_high_fragmentation,highest original component count among cases with original Dice above the cohort median
803,s3_gap_bridge__gap_1.2mm,s3_gap_bridge__gap_1.2mm,gap_bridge,True,0.6000000238418579,0.6000000238418579,0.6000000238418579,True,0.5,1.2,30,7072.920843157801,4118.68849098589,0.5823179111314706,0.6635200335640865,16,14,6.804000811100039,19.953947770877683,0.8485281711413358,1,30,16,0,0.0,0.0,16,32679,7058.664841458354,0.8100880806032571,0.7823984822056979,0.8398094925275086,0.6807966769624028,25568,7111,4877,6576.120783934624,482.54405752372986,0.07337822302512731,0.8607457802831503,0.7815206929740135,0.9578454332552693,7.157351681192104,80.07022236461934,2.0295354362157028,3.6668667332028764,0.324177630234988,1039,623.4000247716904,40,27,16,3.365864379378357,14.610458409329278,,,,,True,/Users/angadkumar16ak/Projects/Automated_Cardiovascular_Segmentation_for_Bioprinting_Project/outputs/topology_correction/case_outputs/803/mask__s3_gap_bridge__gap_1.2mm.nii.gz,/Users/angadkumar16ak/Projects/Automated_Cardiovascular_Segmentation_for_Bioprinting_Project/outputs/topology_correction/case_outputs/803/mask__s3_gap_bridge__gap_1.2mm.nii.gz,ok,3.0,16.0,True,0.0,16.0,8784.438666112712,6905.007823141011,141.60000562667847,144.0000057220459,105.00000417232513,0.4242640855706679,0.6000000238418579,0.5909391621650993,/Users/angadkumar16ak/Projects/Automated_Cardiovascular_Segmentation_for_Bioprinting_Project/outputs/topology_correction/mesh_qc/s3_gap_bridge__gap_1.2mm/case_outputs/803__s3_gap_bridge__gap_1.2mm/segmentation_raw.stl,/Users/angadkumar16ak/Projects/Automated_Cardiovascular_Segmentation_for_Bioprinting_Project/outputs/topology_correction/mesh_qc/s3_gap_bridge__gap_1.2mm/case_outputs/803__s3_gap_bridge__gap_1.2mm/segmentation_repaired.stl,/Users/angadkumar16ak/Projects/Automated_Cardiovascular_Segmentation_for_Bioprinting_Project/outputs/topology_correction/mesh_qc/s3_gap_bridge__gap_1.2mm/case_outputs/803__s3_gap_bridge__gap_1.2mm/segmentation_smoothed.stl,True,0.5690209926316601,3.141592653589793,0.5090904225382328,3.1398869519060733,-0.003980665046050293,0.05550965451819211,True,"phaseb_mesh_qc.run_phaseb_for_case (repository implementation, unmodified)",50.0,38.0,38.0,1.0,True,-36.328242179069164,175.63525898349909,27.54683629728639,-38.70713791686169,173.31942034581778,26.274872298967974,3.555298291294732,True,/Users/angadkumar16ak/Projects/Automated_Cardiovascular_Segmentation_for_Bioprinting_Project/outputs/topology_correction/mesh_qc/s3_gap_bridge__gap_1.2mm/case_outputs/803__s3_gap_bridge__gap_1.2mm/segmentation_repaired.stl,ok,exact_point_to_surface,79129.0,83647.0,4.537568891987878,2.323972708860261,8.304394164602385,80.07021842255016,0.2804434375104104,4.2571254544774675,6455.5661302613735,6905.008034704545,449.44190444317155,0.06962083500877629,3.7322002749744665,23.399995803833008,60.59999084472656,-1.2000007629394531,64.97198393024027,7072.920843157802,-14.256001699447552,-0.0020155748969308083,0.9989911958914159,ok,exact_point_to_surface,83903.0,83647.0,0.16567443069561003,0.08296378250464796,7.105427357601002e-15,71.11709491102324,0.16567443069560855,1.4661980977924467e-15,6913.972015989172,6905.008034704545,-8.963981284627152,-0.0012965023960029274,0.4747791164411375,-30.60000228881836,-9.599998474121094,-6.599998474121094,32.742634143227036,0.8092419686659281,0.8526116217843313,7.660287505274688,30,0.7808214994655672,0.8398094925275086,7072.920843157802,2.141683593768536,3.8479515781834874,48,27,True,0.7682119205298014,0.9578454332552693,6576.120783934624,1.0,3.6639672038773474,0.0,True,6913.971824209603,30,16,0.0008461119373289749,0.008134158498819044,-0.5029358240825843,-0.11214815755283336,0.001576982740130628,0.0,-14.256001699447552,-0.4820871988051305,-14,high_dice_high_fragmentation,highest original component count among cases with original Dice above the cohort median
856,s3_gap_bridge__gap_1.2mm,s3_gap_bridge__gap_1.2mm,gap_bridge,True,0.6000000238418579,0.6000000238418579,0.6000000238418579,True,0.5,1.2,25,8254.008983954469,5087.8806065225845,0.6164132625022898,0.5783909997877308,12,13,4.104000489234944,6.196200993448185,0.8485281711413358,3,25,12,1,0.0,0.0,12,38144,8239.104982177774,0.8351871947911015,0.8070731963087249,0.8653305599280414,0.7170140910678934,30785,7359,4791,7684.416916053809,554.6880661239657,0.07218349449066795,0.8935439541019021,0.8401682439537329,0.9541616405307599,4.024922519435666,104.4034523675369,1.2869555480154604,2.1962629520197985,0.36225735481655136,951,570.6000226736069,29,25,11,2.2293644363271943,7.892906962024684,,,,,True,/Users/angadkumar16ak/Projects/Automated_Cardiovascular_Segmentation_for_Bioprinting_Project/outputs/topology_correction/case_outputs/856/mask__s3_gap_bridge__gap_1.2mm.nii.gz,/Users/angadkumar16ak/Projects/Automated_Cardiovascular_Segmentation_for_Bioprinting_Project/outputs/topology_correction/case_outputs/856/mask__s3_gap_bridge__gap_1.2mm.nii.gz,ok,3.0,12.0,True,0.0,11.0,9009.244382534911,8101.035965718671,172.80000686645508,137.40000545978546,85.20000338554382,0.4242640855706679,0.6000000238418579,0.5905432109007407,/Users/angadkumar16ak/Projects/Automated_Cardiovascular_Segmentation_for_Bioprinting_Project/outputs/topology_correction/mesh_qc/s3_gap_bridge__gap_1.2mm/case_outputs/856__s3_gap_bridge__gap_1.2mm/segmentation_raw.stl,/Users/angadkumar16ak/Projects/Automated_Cardiovascular_Segmentation_for_Bioprinting_Project/outputs/topology_correction/mesh_qc/s3_gap_bridge__gap_1.2mm/case_outputs/856__s3_gap_bridge__gap_1.2mm/segmentation_repaired.stl,/Users/angadkumar16ak/Projects/Automated_Cardiovascular_Segmentation_for_Bioprinting_Project/outputs/topology_correction/mesh_qc/s3_gap_bridge__gap_1.2mm/case_outputs/856__s3_gap_bridge__gap_1.2mm/segmentation_smoothed.stl,True,0.5767946819547053,3.141592653589793,0.5170119280963265,3.1394369424240165,-0.002759842578848402,0.1117082634228188,True,"phaseb_mesh_qc.run_phaseb_for_case (repository implementation, unmodified)",50.0,40.0,40.0,1.0,True,-43.980657375523904,177.43409284622714,-133.56847249585573,-45.46110776131561,177.72380801654137,-136.24646140127064,3.0736448724968763,True,/Users/angadkumar16ak/Projects/Automated_Cardiovascular_Segmentation_for_Bioprinting_Project/outputs/topology_correction/mesh_qc/s3_gap_bridge__gap_1.2mm/case_outputs/856__s3_gap_bridge__gap_1.2mm/segmentation_repaired.stl,ok,exact_point_to_surface,81250.0,84565.0,2.7971339955819987,1.4201689867811553,4.409080706369666,104.40345474753346,0.31804397987161975,2.479090015710379,7565.050612798827,8101.036161075415,535.9855482765879,0.07085022635139916,3.352476877404507,58.20000648498535,39.600006103515625,-3.5999984741210938,70.48660317581268,8254.008983954469,-14.904001776694713,-0.0018056682280898433,0.9990963500399439,ok,exact_point_to_surface,84814.0,84565.0,0.05543242479865502,0.027756957337527834,1.4210854715202004e-14,37.22901724920779,0.05543242479865322,1.7996311633261845e-15,,8101.036161075415,,,0.3681789459948769,-8.699996948242188,0.0,0.0,8.699996948242188,0.8344333166190082,0.8862430902132803,4.2426408557066795,25,0.8056420589851622,0.8653586687654599,8254.008983954469,1.3890986884402279,2.6168319700205336,33,25,False,0.8264462809917356,0.9553679131483716,7684.416916053809,1.0,3.03869737188475,10.0,False,not_watertight,25,12,0.0007538781720932697,0.0073008638886218336,-0.21771833627101334,-0.10214314042476746,0.0014311373235627034,-2.810883741843906e-05,-14.904001776694713,-0.3874675336933393,-13,high_dice_high_fragmentation,highest original component count among cases with original Dice above the cohort median
977,s3_gap_bridge__gap_1.2mm,s3_gap_bridge__gap_1.2mm,gap_bridge,True,0.6000000238418579,0.6000000238418579,0.6000000238418579,True,0.5,1.2,2,6437.0167673521355,3247.560387139336,0.5045132713667326,0.9821084137013635,2,0,3218.5083836760678,20.088803649597153,20.088803649597153,0,2,2,0,0.0,0.0,2,29801,6437.016767352135,0.8475218978674063,0.907486325962216,0.7949908871773766,0.7353908905506458,27044,2757,6974,7347.888875936543,-910.8721085844081,-0.1239637838791228,0.9524873757019392,0.9872448979591837,0.9200940070505288,1.0392305258366357,8.50646846527137,0.3881100854674079,0.24639496096267946,0.5059936736181462,784,470.4000186920166,12,12,2,0.5889534374177365,1.6970563422826717,,,,,True,/Users/angadkumar16ak/Projects/Automated_Cardiovascular_Segmentation_for_Bioprinting_Project/outputs/topology_correction/case_outputs/977/mask__s3_gap_bridge__gap_1.2mm.nii.gz,/Users/angadkumar16ak/Projects/Automated_Cardiovascular_Segmentation_for_Bioprinting_Project/outputs/topology_correction/case_outputs/977/mask__s3_gap_bridge__gap_1.2mm.nii.gz,ok,3.0,2.0,True,0.0,2.0,7347.195698208604,6322.059753648188,103.20000410079956,90.60000360012054,90.00000357627869,0.4242640855706679,0.6000000238418579,0.5897667765562032,/Users/angadkumar16ak/Projects/Automated_Cardiovascular_Segmentation_for_Bioprinting_Project/outputs/topology_correction/mesh_qc/s3_gap_bridge__gap_1.2mm/case_outputs/977__s3_gap_bridge__gap_1.2mm/segmentation_raw.stl,/Users/angadkumar16ak/Projects/Automated_Cardiovascular_Segmentation_for_Bioprinting_Project/outputs/topology_correction/mesh_qc/s3_gap_bridge__gap_1.2mm/case_outputs/977__s3_gap_bridge__gap_1.2mm/segmentation_repaired.stl,/Users/angadkumar16ak/Projects/Automated_Cardiovascular_Segmentation_for_Bioprinting_Project/outputs/topology_correction/mesh_qc/s3_gap_bridge__gap_1.2mm/case_outputs/977__s3_gap_bridge__gap_1.2mm/segmentation_smoothed.stl,True,0.5771208877492132,3.141592653589793,0.5199272055340254,3.139938738890614,-0.0025434847358504747,0.08120532868024563,True,"phaseb_mesh_qc.run_phaseb_for_case (repository implementation, unmodified)",50.0,50.0,50.0,1.0,True,-27.193470490058388,184.95732648892434,-1106.667581839088,-28.8085462407492,185.56999632836786,-1108.1481978966847,2.275095145844813,True,/Users/angadkumar16ak/Projects/Automated_Cardiovascular_Segmentation_for_Bioprinting_Project/outputs/topology_correction/mesh_qc/s3_gap_bridge__gap_1.2mm/case_outputs/977__s3_gap_bridge__gap_1.2mm/segmentation_repaired.stl,ok,exact_point_to_surface,81806.0,78280.0,0.7007406545355204,0.3531515206596946,1.0392102210684542,8.506468154161503,0.47664092435829286,0.22409973017722745,7221.8780377223875,6322.058405058699,-899.8196326636889,-0.12459634847938683,0.8457902647078474,-3.5999984741210938,-3.5999908447265625,0.0,5.091161271830748,6437.016767352135,0.0,0.0,1.0,ok,exact_point_to_surface,78280.0,78280.0,2.4071911708292978e-14,1.2035955854146489e-14,4.707345624410664e-14,2.382173337059642e-13,1.2014940508341257e-14,1.2056971199951722e-14,6322.058405058699,6322.058405058699,0.0,0.0,0.0,0.0,0.0,0.0,0.0,0.8475218978674063,0.9524873757019392,1.0392305258366357,2,0.907486325962216,0.7949908871773766,6437.016767352135,0.3881100854674079,0.5889534374177365,12,12,True,0.9872448979591837,0.9200940070505288,7347.888875936543,1.0,2.275095145844813,0.0,True,6322.059753648188,2,2,0.0,0.0,0.0,0.0,0.0,0.0,0.0,0.0,0,moderate_dice_good_topology,original components <= 2 and original Dice closest to the cohort median
890,s3_gap_bridge__gap_1.2mm,s3_gap_bridge__gap_1.2mm,gap_bridge,True,0.6000000238418579,0.6000000238418579,0.6000000238418579,True,0.5,1.2,2,5089.392606702829,2923.5603485155243,0.5744418979713097,0.7408200960472849,2,0,2544.6963033514144,30.245000788536846,30.245000788536846,0,2,2,0,0.0,0.0,2,23562,5089.392606702829,0.8515598373133989,0.7953060011883542,0.9163773289647416,0.7414925609370053,18739,4823,1710,4416.984526545546,672.4080801572827,0.15223238300161365,0.929893335764427,0.9139784946236559,0.9463722397476341,1.3416408398118889,20.732583875644025,0.5585913232561257,0.7125120803943054,0.3977358971273016,651,390.6000155210495,9,9,2,0.8561401426897532,3.8418746951220877,,,,,True,/Users/angadkumar16ak/Projects/Automated_Cardiovascular_Segmentation_for_Bioprinting_Project/outputs/topology_correction/case_outputs/890/mask__s3_gap_bridge__gap_1.2mm.nii.gz,/Users/angadkumar16ak/Projects/Automated_Cardiovascular_Segmentation_for_Bioprinting_Project/outputs/topology_correction/case_outputs/890/mask__s3_gap_bridge__gap_1.2mm.nii.gz,ok,3.0,2.0,True,0.0,2.0,5937.033296698326,4998.213595833447,101.40000402927399,81.60000324249268,85.20000338554382,0.4242640855706679,0.6000000238418579,0.5893830335237957,/Users/angadkumar16ak/Projects/Automated_Cardiovascular_Segmentation_for_Bioprinting_Project/outputs/topology_correction/mesh_qc/s3_gap_bridge__gap_1.2mm/case_outputs/890__s3_gap_bridge__gap_1.2mm/segmentation_raw.stl,/Users/angadkumar16ak/Projects/Automated_Cardiovascular_Segmentation_for_Bioprinting_Project/outputs/topology_correction/mesh_qc/s3_gap_bridge__gap_1.2mm/case_outputs/890__s3_gap_bridge__gap_1.2mm/segmentation_repaired.stl,/Users/angadkumar16ak/Projects/Automated_Cardiovascular_Segmentation_for_Bioprinting_Project/outputs/topology_correction/mesh_qc/s3_gap_bridge__gap_1.2mm/case_outputs/890__s3_gap_bridge__gap_1.2mm/segmentation_smoothed.stl,True,0.5877773412022357,3.141592653589793,0.5382298331375671,3.138229082254617,-0.0026434726012904797,0.07376283846872082,True,"phaseb_mesh_qc.run_phaseb_for_case (repository implementation, unmodified)",50.0,50.0,50.0,1.0,True,-29.526989712389124,167.7685793963649,83.16041025542391,-32.42422162683223,167.49386526184685,81.87750983925405,3.180448726136059,True,/Users/angadkumar16ak/Projects/Automated_Cardiovascular_Segmentation_for_Bioprinting_Project/outputs/topology_correction/mesh_qc/s3_gap_bridge__gap_1.2mm/case_outputs/890__s3_gap_bridge__gap_1.2mm/segmentation_repaired.stl,ok,exact_point_to_surface,71969.0,72886.0,1.028260635850663,0.515152865965003,1.396611394777205,20.73258519351091,0.35260229580253194,0.6756583400481311,4325.796392440192,4998.213418426137,672.4170259859447,0.15544352183590238,2.2412901606446063,-1.1999969482421875,-0.5999908447265625,0.5999984741210938,1.469686993374405,5089.392606702829,0.0,0.0,1.0,ok,exact_point_to_surface,72886.0,72886.0,3.6012671649070485e-15,1.8006335824535242e-15,1.0048591735576161e-14,3.4809342861069267e-14,1.808927939049233e-15,1.7923392258578152e-15,4998.213418426137,4998.213418426137,0.0,0.0,0.0,0.0,0.0,0.0,0.0,0.8515598373133989,0.929893335764427,1.3416408398118889,2,0.7953060011883542,0.9163773289647416,5089.392606702829,0.5585913232561257,0.8561401426897532,9,9,True,0.9139784946236559,0.9463722397476341,4416.984526545546,1.0,3.180448726136059,0.0,True,4998.213595833447,2,2,0.0,0.0,0.0,0.0,0.0,0.0,0.0,0.0,0,moderate_dice_good_topology,original components <= 2 and original Dice closest to the cohort median
798,s3_gap_bridge__gap_1.2mm,s3_gap_bridge__gap_1.2mm,gap_bridge,True,0.6000000238418579,0.6000000238418579,0.6000000238418579,True,0.5,1.2,44,9676.153153487254,4504.680536999724,0.46554456771658803,0.6725485495085112,25,19,7.668000914096869,4.724404912138064,0.8485281711413358,6,44,24,1,0.21600002574920757,0.0,24,44662,9646.993150011109,0.664800646886857,0.7179257534369262,0.618996138996139,0.49790366160439764,32064,12598,19736,11188.801333808951,-1541.8081837978425,-0.1377992277992277,0.7742103079635683,0.7401508801341157,0.8115555555555556,21.342633887730734,100.66062191971363,4.201778983499347,6.416561334984627,2.193144688375444,1193,715.8000284433365,53,33,23,4.941539901567319,33.0751801797577,,,,,True,/Users/angadkumar16ak/Projects/Automated_Cardiovascular_Segmentation_for_Bioprinting_Project/outputs/topology_correction/case_outputs/798/mask__s3_gap_bridge__gap_1.2mm.nii.gz,/Users/angadkumar16ak/Projects/Automated_Cardiovascular_Segmentation_for_Bioprinting_Project/outputs/topology_correction/case_outputs/798/mask__s3_gap_bridge__gap_1.2mm.nii.gz,ok,3.0,24.0,False,26.0,24.0,11132.635005232116,not_watertight,156.00000619888306,144.60000574588776,106.50000423192978,0.4242640855706679,0.6000000238418579,0.5923946704368428,/Users/angadkumar16ak/Projects/Automated_Cardiovascular_Segmentation_for_Bioprinting_Project/outputs/topology_correction/mesh_qc/s3_gap_bridge__gap_1.2mm/case_outputs/798__s3_gap_bridge__gap_1.2mm/segmentation_raw.stl,/Users/angadkumar16ak/Projects/Automated_Cardiovascular_Segmentation_for_Bioprinting_Project/outputs/topology_correction/mesh_qc/s3_gap_bridge__gap_1.2mm/case_outputs/798__s3_gap_bridge__gap_1.2mm/segmentation_repaired.stl,/Users/angadkumar16ak/Projects/Automated_Cardiovascular_Segmentation_for_Bioprinting_Project/outputs/topology_correction/mesh_qc/s3_gap_bridge__gap_1.2mm/case_outputs/798__s3_gap_bridge__gap_1.2mm/segmentation_smoothed.stl,True,0.59638449864662,3.141592653589793,0.5450324848161964,3.1397694683905737,not_watertight,0.09068111593748601,False,"phaseb_mesh_qc.run_phaseb_for_case (repository implementation, unmodified)",50.0,38.0,37.0,0.9736842105263158,False,-32.7583288897312,177.07622482175978,158.70963680845864,-33.39275170935086,175.64633044808988,158.11184217814397,1.6746488151072243,False,/Users/angadkumar16ak/Projects/Automated_Cardiovascular_Segmentation_for_Bioprinting_Project/outputs/topology_correction/mesh_qc/s3_gap_bridge__gap_1.2mm/case_outputs/798__s3_gap_bridge__gap_1.2mm/segmentation_repaired.stl,ok,exact_point_to_surface,92945.0,92395.0,8.781997924781274,4.384229447850396,22.617693672487622,100.66062564163559,2.109795644411472,6.6722022803698025,11042.668432062135,,,,7.0937171261846235,49.20000076293945,28.79999542236328,26.70000457763672,62.952125109857974,9676.153153487252,-29.160003476143174,-0.003013594660356736,0.9984685721950838,ok,exact_point_to_surface,92839.0,92395.0,0.1148955797678722,0.05758542108467274,7.882583474838611e-15,34.836188153060036,0.11486665888676023,2.892088111196024e-05,,,,,0.5171586291229447,-13.200004577636719,-4.200004577636719,-10.200004577636719,17.202332768715113,0.6638508442291169,0.7642616780277204,19.617340048649204,44,0.7157398932964261,0.618976833976834,9676.153153487252,3.9955193768452855,4.846029369272463,65,33,False,0.7221764220939819,0.8115555555555556,11188.801333808951,0.9736842105263158,1.9298478262504573,26.0,False,not_watertight,44,24,0.0009498026577401397,0.009948629935847886,1.7252938390815302,0.2062596066540614,0.002185860140500151,1.9305019305027038e-05,-29.160003476143174,0.09551053229485618,-20,largest_component_reduction,largest reduction in component count (original - corrected)
852,s3_gap_bridge__gap_1.2mm,s3_gap_bridge__gap_1.2mm,gap_bridge,True,0.6000000238418579,0.6000000238418579,0.6000000238418579,True,0.5,1.2,38,9977.257189381651,4846.6085777607195,0.48576562533826917,0.38310009804795436,20,18,6.804000811100038,3.934463270922718,0.8485281711413358,4,38,20,0,0.0,0.0,20,46108,9959.329187244462,0.7889037135868356,0.7694326364188427,0.8093858368315386,0.6513963608321246,35477,10631,8355,9467.713128639267,491.6160586051956,0.05192553385654307,0.8567288031742171,0.8280632411067194,0.8874501992031872,6.600000262260437,43.86570588650865,1.5454376505554155,2.3835211963428873,0.7224780985381162,1012,607.2000241279602,46,22,20,2.287264536057073,17.36274504192214,,,,,True,/Users/angadkumar16ak/Projects/Automated_Cardiovascular_Segmentation_for_Bioprinting_Project/outputs/topology_correction/case_outputs/852/mask__s3_gap_bridge__gap_1.2mm.nii.gz,/Users/angadkumar16ak/Projects/Automated_Cardiovascular_Segmentation_for_Bioprinting_Project/outputs/topology_correction/case_outputs/852/mask__s3_gap_bridge__gap_1.2mm.nii.gz,ok,3.0,20.0,True,0.0,20.0,10486.479336100654,9804.77216881983,151.2000060081482,124.80000495910645,79.20000314712524,0.4242640855706679,0.6000000238418579,0.5916192636006682,/Users/angadkumar16ak/Projects/Automated_Cardiovascular_Segmentation_for_Bioprinting_Project/outputs/topology_correction/mesh_qc/s3_gap_bridge__gap_1.2mm/case_outputs/852__s3_gap_bridge__gap_1.2mm/segmentation_raw.stl,/Users/angadkumar16ak/Projects/Automated_Cardiovascular_Segmentation_for_Bioprinting_Project/outputs/topology_correction/mesh_qc/s3_gap_bridge__gap_1.2mm/case_outputs/852__s3_gap_bridge__gap_1.2mm/segmentation_repaired.stl,/Users/angadkumar16ak/Projects/Automated_Cardiovascular_Segmentation_for_Bioprinting_Project/outputs/topology_correction/mesh_qc/s3_gap_bridge__gap_1.2mm/case_outputs/852__s3_gap_bridge__gap_1.2mm/segmentation_smoothed.stl,True,0.6039274031450078,3.141592653589793,0.5511752286133595,3.1407291144782437,-0.0025962965009750606,0.13585494924958794,True,"phaseb_mesh_qc.run_phaseb_for_case (repository implementation, unmodified)",50.0,50.0,50.0,1.0,True,-18.270962350059477,178.2862514688475,164.2735884759436,-22.906743083324564,178.95196453289626,162.47018513465065,5.018555619094356,True,/Users/angadkumar16ak/Projects/Automated_Cardiovascular_Segmentation_for_Bioprinting_Project/outputs/topology_correction/mesh_qc/s3_gap_bridge__gap_1.2mm/case_outputs/852__s3_gap_bridge__gap_1.2mm/segmentation_repaired.stl,ok,exact_point_to_surface,87959.0,90064.0,3.1954300556442545,1.6083289935910774,7.262233252569236,43.86570581313404,0.7000760596103361,2.495353996033918,9330.751226898456,9804.77296989884,474.02174300038496,0.05080209850991279,5.2772412758028775,24.599998474121094,25.79999542236328,-0.600006103515625,35.65332657754368,9977.257189381648,-17.928002137185103,-0.0017968868394276818,0.9991007486538316,ok,exact_point_to_surface,90374.0,90064.0,0.08003704016944366,0.0400872651325126,7.105427357601002e-15,34.58728280504203,0.08003212954688464,4.910622559019894e-06,9817.174979441677,9804.77296989884,-12.402009542836822,-0.0012632971877152128,0.24992136991463104,0.0,-7.1999969482421875,-5.399993896484375,8.999993896484892,0.7882430045654999,0.850582848847039,6.029925612280241,38,0.7681150007577233,0.8094542799780982,9977.257189381648,1.506265184260532,2.328992023177799,52,22,True,0.8158148505303761,0.8884462151394422,9467.713128639267,1.0,5.125282191473438,0.0,True,9817.174170298267,38,20,0.000660709021335748,0.006145954327178016,0.5700746499801959,0.03917246629488358,0.0013176356611194207,-6.844314655951589e-05,-17.928002137185103,-0.04172748712072627,-18,largest_component_reduction,largest reduction in component count (original - corrected)
892,s3_gap_bridge__gap_1.2mm,s3_gap_bridge__gap_1.2mm,gap_bridge,True,0.6000000238418579,0.6000000238418579,0.6000000238418579,True,0.5,1.2,32,8824.033051906628,4821.336574748062,0.5463869577988837,0.6206711168854442,14,18,3.7800004506111327,3.7947333429912047,0.8485281711413358,4,32,14,0,0.0,0.0,14,40754,8802.865049383205,0.7000090510609136,0.6642047406389557,0.7398933989339893,0.5384722498508057,27069,13685,9516,7902.360942034759,900.5041073484454,0.11395380620472859,0.7493165136016169,0.6836917562724014,0.8288770053475936,10.763269225318727,49.513636453361684,2.0203117078995865,2.879649694596369,1.0883879444071916,1116,669.6000266075134,46,52,14,3.0223595580568205,14.242892128807217,,,,,True,/Users/angadkumar16ak/Projects/Automated_Cardiovascular_Segmentation_for_Bioprinting_Project/outputs/topology_correction/case_outputs/892/mask__s3_gap_bridge__gap_1.2mm.nii.gz,/Users/angadkumar16ak/Projects/Automated_Cardiovascular_Segmentation_for_Bioprinting_Project/outputs/topology_correction/case_outputs/892/mask__s3_gap_bridge__gap_1.2mm.nii.gz,ok,3.0,14.0,True,0.0,14.0,9996.76211616501,8644.753030534785,114.60000455379486,113.40000450611115,90.00000357627869,0.4242640855706679,0.6000000238418579,0.5901060453681809,/Users/angadkumar16ak/Projects/Automated_Cardiovascular_Segmentation_for_Bioprinting_Project/outputs/topology_correction/mesh_qc/s3_gap_bridge__gap_1.2mm/case_outputs/892__s3_gap_bridge__gap_1.2mm/segmentation_raw.stl,/Users/angadkumar16ak/Projects/Automated_Cardiovascular_Segmentation_for_Bioprinting_Project/outputs/topology_correction/mesh_qc/s3_gap_bridge__gap_1.2mm/case_outputs/892__s3_gap_bridge__gap_1.2mm/segmentation_repaired.stl,/Users/angadkumar16ak/Projects/Automated_Cardiovascular_Segmentation_for_Bioprinting_Project/outputs/topology_correction/mesh_qc/s3_gap_bridge__gap_1.2mm/case_outputs/892__s3_gap_bridge__gap_1.2mm/segmentation_smoothed.stl,True,0.5834781628396166,3.141592653589793,0.5321352773041355,3.1383233031508886,-0.003365569648943691,0.10909358590567797,True,"phaseb_mesh_qc.run_phaseb_for_case (repository implementation, unmodified)",50.0,50.0,50.0,1.0,True,-36.93141425391282,175.8104961893653,101.13342111055228,-38.54091270260436,175.7601989064169,98.21645261675337,3.331924408930658,True,/Users/angadkumar16ak/Projects/Automated_Cardiovascular_Segmentation_for_Bioprinting_Project/outputs/topology_correction/mesh_qc/s3_gap_bridge__gap_1.2mm/case_outputs/892__s3_gap_bridge__gap_1.2mm/segmentation_repaired.stl,ok,exact_point_to_surface,84542.0,88409.0,4.046027553967483,2.045216104609013,11.055320007995597,49.51363892356478,1.030017975298105,3.016009578669378,7775.227223034464,8644.754189575839,869.5269665413743,0.1118329974930329,10.952400570587125,4.8000030517578125,12.0,12.60000228881836,18.049933157081558,8824.033051906628,-21.168002523423638,-0.0023989033584648485,0.9987991079087322,ok,exact_point_to_surface,88781.0,88409.0,0.0625019991144755,0.03131660288993946,1.4210854715202004e-14,21.02570039033961,0.062498995582552494,3.0035319230030828e-06,8659.190194293633,8644.754189575839,-14.436004717794276,-0.001667131035799114,0.3393076890816009,-9.0,0.0,0.0,9.0,0.6996138796699253,0.73915300656866,10.800000429153442,32,0.6630764711642025,0.7404127374607079,8824.033051906628,2.0034103298497263,3.0369331241456976,60,56,True,0.6669565217391304,0.8288770053475936,7902.360942034759,1.0,3.430936400462486,0.0,True,8659.18903225569,32,14,0.00039517139098832477,0.010163507032956876,-0.03673120383471584,0.01690137804986014,0.0011282694747531963,-0.0005193385267185935,-21.168002523423638,-0.014573566088877055,-18,largest_component_reduction,largest reduction in component count (original - corrected)
792,s3_gap_bridge__gap_1.2mm,s3_gap_bridge__gap_1.2mm,gap_bridge,True,0.6000000238418579,0.6000000238418579,0.6000000238418579,True,0.5,1.2,11,5609.73666873267,3771.144449555415,0.6722498171036926,0.322355232258434,11,0,88.5600105571751,2.86651552377928,1.0392305258366357,1,11,11,1,0.0,0.0,11,25971,5609.736668732669,0.8148014657295609,0.7834122675291672,0.848811013767209,0.6874809934110492,20346,5625,3624,5177.520617208505,432.21605152416396,0.08347934918648303,0.8918553754075662,0.845679012345679,0.9433656957928802,3.4204252047246033,18.20878981014449,0.7050912276646913,0.9885310914828734,0.4125653322463953,648,388.8000154495239,21,5,10,1.171861172617291,6.919390018856154,,,,,True,/Users/angadkumar16ak/Projects/Automated_Cardiovascular_Segmentation_for_Bioprinting_Project/outputs/topology_correction/case_outputs/792/mask__s3_gap_bridge__gap_1.2mm.nii.gz,/Users/angadkumar16ak/Projects/Automated_Cardiovascular_Segmentation_for_Bioprinting_Project/outputs/topology_correction/case_outputs/792/mask__s3_gap_bridge__gap_1.2mm.nii.gz,ok,3.0,11.0,True,0.0,11.0,6349.252089067063,5509.296656759286,115.20000457763672,94.80000376701355,85.80000340938568,0.4242640855706679,0.6000000238418579,0.5895098959259192,/Users/angadkumar16ak/Projects/Automated_Cardiovascular_Segmentation_for_Bioprinting_Project/outputs/topology_correction/mesh_qc/s3_gap_bridge__gap_1.2mm/case_outputs/792__s3_gap_bridge__gap_1.2mm/segmentation_raw.stl,/Users/angadkumar16ak/Projects/Automated_Cardiovascular_Segmentation_for_Bioprinting_Project/outputs/topology_correction/mesh_qc/s3_gap_bridge__gap_1.2mm/case_outputs/792__s3_gap_bridge__gap_1.2mm/segmentation_repaired.stl,/Users/angadkumar16ak/Projects/Automated_Cardiovascular_Segmentation_for_Bioprinting_Project/outputs/topology_correction/mesh_qc/s3_gap_bridge__gap_1.2mm/case_outputs/792__s3_gap_bridge__gap_1.2mm/segmentation_smoothed.stl,True,0.5777730071663316,3.141592653589793,0.5181587303503798,3.1332677787289156,-0.0030570061123808847,0.10242193215509607,True,"phaseb_mesh_qc.run_phaseb_for_case (repository implementation, unmodified)",50.0,50.0,50.0,1.0,True,-51.877123153740754,168.55727677110997,31.897964511349684,-51.654099243493604,171.26301172249447,29.339757700206533,3.7303033898417457,True,/Users/angadkumar16ak/Projects/Automated_Cardiovascular_Segmentation_for_Bioprinting_Project/outputs/topology_correction/mesh_qc/s3_gap_bridge__gap_1.2mm/case_outputs/792__s3_gap_bridge__gap_1.2mm/segmentation_repaired.stl,ok,exact_point_to_surface,73310.0,74463.0,1.3238191491780473,0.6642637171621484,3.6087417230878813,18.20878935055918,0.3601934336884507,0.9636257154895966,5088.789939993906,5509.296488381145,420.5065483872386,0.08263389791006821,2.8307051120995315,0.5999984741210938,-0.5999908447265625,-0.6000003814697266,1.0392245380412994,5609.736668732669,0.0,0.0,1.0,ok,exact_point_to_surface,74463.0,74463.0,3.5846202652630435e-15,1.7923101326315218e-15,7.944109290391274e-15,3.256115871121665e-14,1.793602518729379e-15,1.7910177465336648e-15,5509.296488381145,5509.296488381145,0.0,0.0,0.0,0.0,0.0,0.0,0.0,0.8148014657295609,0.8918553754075662,3.4204252047246033,11,0.7834122675291672,0.848811013767209,5609.736668732669,0.7050912276646913,1.171861172617291,21,5,True,0.845679012345679,0.9433656957928802,5177.520617208505,1.0,3.7303033898417457,0.0,True,5509.296656759286,11,11,0.0,0.0,0.0,0.0,0.0,0.0,0.0,0.0,0,no_improvement,"zero change in component count, tie-broken by highest original component count"
878,s3_gap_bridge__gap_1.2mm,s3_gap_bridge__gap_1.2mm,gap_bridge,True,0.6000000238418579,0.6000000238418579,0.6000000238418579,True,0.5,1.2,9,6549.552780767472,3537.6484217205216,0.5401358749422862,0.7859934057882525,9,0,42.768005098343096,3.503068075533761,1.4696939040702932,0,9,9,0,0.0,0.0,9,30322,6549.552780767472,0.7932161558216323,0.7843479981531561,0.8022871407367427,0.6572976259569411,23783,6539,5861,6403.1047633095095,146.44801745796212,0.022871407367426703,0.9087843711637856,0.9251968503937008,0.8929440389294404,4.2426408557066795,25.610936182182783,0.8049115955130749,0.8181768767574079,0.7923853271514342,762,457.2000181674957,22,16,9,1.0526426503478628,5.228226069201658,,,,,True,/Users/angadkumar16ak/Projects/Automated_Cardiovascular_Segmentation_for_Bioprinting_Project/outputs/topology_correction/case_outputs/878/mask__s3_gap_bridge__gap_1.2mm.nii.gz,/Users/angadkumar16ak/Projects/Automated_Cardiovascular_Segmentation_for_Bioprinting_Project/outputs/topology_correction/case_outputs/878/mask__s3_gap_bridge__gap_1.2mm.nii.gz,ok,3.0,9.0,True,0.0,9.0,7423.16060014315,6434.919767102154,114.60000455379486,84.60000336170197,86.40000343322754,0.4242640855706679,0.6000000238418579,0.5889644547389568,/Users/angadkumar16ak/Projects/Automated_Cardiovascular_Segmentation_for_Bioprinting_Project/outputs/topology_correction/mesh_qc/s3_gap_bridge__gap_1.2mm/case_outputs/878__s3_gap_bridge__gap_1.2mm/segmentation_raw.stl,/Users/angadkumar16ak/Projects/Automated_Cardiovascular_Segmentation_for_Bioprinting_Project/outputs/topology_correction/mesh_qc/s3_gap_bridge__gap_1.2mm/case_outputs/878__s3_gap_bridge__gap_1.2mm/segmentation_repaired.stl,/Users/angadkumar16ak/Projects/Automated_Cardiovascular_Segmentation_for_Bioprinting_Project/outputs/topology_correction/mesh_qc/s3_gap_bridge__gap_1.2mm/case_outputs/878__s3_gap_bridge__gap_1.2mm/segmentation_smoothed.stl,True,0.5827600630344338,3.141592653589793,0.524112334389069,3.1379361695152466,-0.002885520338238738,0.08841765055075523,True,"phaseb_mesh_qc.run_phaseb_for_case (repository implementation, unmodified)",50.0,50.0,50.0,1.0,True,-16.41567363662979,175.81013675063042,-237.06603298471265,-20.352912133302674,175.51593313767708,-237.78396345507596,4.0129573765284166,True,/Users/angadkumar16ak/Projects/Automated_Cardiovascular_Segmentation_for_Bioprinting_Project/outputs/topology_correction/mesh_qc/s3_gap_bridge__gap_1.2mm/case_outputs/878__s3_gap_bridge__gap_1.2mm/segmentation_repaired.stl,ok,exact_point_to_surface,80395.0,78664.0,1.5496975453290713,0.7745563104936917,4.26379859809505,25.610939561447022,0.7479748613807263,0.8017226839483451,6284.934465587193,6434.919256430873,149.98479084368046,0.02386417736969475,2.1999166396716694,7.1999969482421875,-4.20001220703125,0.0,8.335469908403985,6549.552780767472,0.0,0.0,1.0,ok,exact_point_to_surface,78664.0,78664.0,4.686303199769097e-15,2.3431515998845486e-15,8.881784197001252e-15,6.51223174224333e-14,2.3557510801485877e-15,2.330552119620509e-15,6434.919256430873,6434.919256430873,0.0,0.0,0.0,0.0,0.0,0.0,0.0,0.7932161558216323,0.9087843711637856,4.2426408557066795,9,0.7843479981531561,0.8022871407367427,6549.552780767472,0.8049115955130749,1.0526426503478628,22,16,True,0.9251968503937008,0.8929440389294404,6403.1047633095095,1.0,4.0129573765284166,0.0,True,6434.919767102154,9,9,0.0,0.0,0.0,0.0,0.0,0.0,0.0,0.0,0,no_improvement,"zero change in component count, tie-broken by highest original component count"
826,s3_gap_bridge__gap_1.2mm,s3_gap_bridge__gap_1.2mm,gap_bridge,True,0.6000000238418579,0.6000000238418579,0.6000000238418579,True,0.5,1.2,8,11052.9373176127,6324.696753962547,0.5722186394637588,0.6970390355520645,8,0,37.80000450611132,9.711848819657371,2.163330851241435,0,8,8,0,0.0,0.0,8,51171,11052.937317612701,0.7776866134266857,0.8335385276816947,0.72884947283881,0.636241590715852,42653,8518,15868,12640.537506869376,-1587.6001892566746,-0.12559593991900336,0.8611433351047638,0.8555078683834049,0.866853538892782,4.9839745157961906,55.183695436369035,1.074435361859723,1.161011327740244,1.00078953188396,1398,838.8000333309174,32,43,8,1.636448540279508,8.178504000585995,,,,,True,/Users/angadkumar16ak/Projects/Automated_Cardiovascular_Segmentation_for_Bioprinting_Project/outputs/topology_correction/case_outputs/826/mask__s3_gap_bridge__gap_1.2mm.nii.gz,/Users/angadkumar16ak/Projects/Automated_Cardiovascular_Segmentation_for_Bioprinting_Project/outputs/topology_correction/case_outputs/826/mask__s3_gap_bridge__gap_1.2mm.nii.gz,ok,3.0,8.0,True,0.0,8.0,12318.16623685179,10863.721295056397,150.00000596046448,111.00000441074371,83.40000331401825,0.4242640855706679,0.6000000238418579,0.5926605797093389,/Users/angadkumar16ak/Projects/Automated_Cardiovascular_Segmentation_for_Bioprinting_Project/outputs/topology_correction/mesh_qc/s3_gap_bridge__gap_1.2mm/case_outputs/826__s3_gap_bridge__gap_1.2mm/segmentation_raw.stl,/Users/angadkumar16ak/Projects/Automated_Cardiovascular_Segmentation_for_Bioprinting_Project/outputs/topology_correction/mesh_qc/s3_gap_bridge__gap_1.2mm/case_outputs/826__s3_gap_bridge__gap_1.2mm/segmentation_repaired.stl,/Users/angadkumar16ak/Projects/Automated_Cardiovascular_Segmentation_for_Bioprinting_Project/outputs/topology_correction/mesh_qc/s3_gap_bridge__gap_1.2mm/case_outputs/826__s3_gap_bridge__gap_1.2mm/segmentation_smoothed.stl,True,0.5835515223897735,3.141592653589793,0.5308149072936093,3.140586951774176,-0.0028043327904634795,0.11338453420882921,True,"phaseb_mesh_qc.run_phaseb_for_case (repository implementation, unmodified)",50.0,42.0,40.0,0.9523809523809523,False,-31.26787885274024,195.67797320845054,-259.2918446283586,-35.7994984161242,196.46301079151604,-260.82587859793176,4.848207926014927,True,/Users/angadkumar16ak/Projects/Automated_Cardiovascular_Segmentation_for_Bioprinting_Project/outputs/topology_correction/mesh_qc/s3_gap_bridge__gap_1.2mm/case_outputs/826__s3_gap_bridge__gap_1.2mm/segmentation_repaired.stl,ok,exact_point_to_surface,101870.0,96846.0,2.202925955719853,1.0980663067968943,5.188017966762188,55.18369482454481,0.9671132790220301,1.235812676697823,12447.605818614511,10863.721710493513,-1583.8841081209976,-0.12724407658799824,4.18585508459429,37.20000171661377,1.20001220703125,-6.0000152587890625,37.699871884646946,11052.937317612701,0.0,0.0,1.0,ok,exact_point_to_surface,96846.0,96846.0,4.140981111677215e-15,2.0704905558386074e-15,1.4210854715202004e-14,6.703246762680666e-14,2.0305634912025784e-15,2.110417620474637e-15,10863.721710493513,10863.721710493513,0.0,0.0,0.0,0.0,0.0,0.0,0.0,0.7776866134266857,0.8611433351047638,4.9839745157961906,8,0.8335385276816947,0.72884947283881,11052.937317612701,1.074435361859723,1.636448540279508,32,43,True,0.8555078683834049,0.866853538892782,12640.537506869376,0.9523809523809523,4.848207926014927,0.0,True,10863.721295056397,8,8,0.0,0.0,0.0,0.0,0.0,0.0,0.0,0.0,0,no_improvement,"zero change in component count, tie-broken by highest original component count"
759,s3_gap_bridge__gap_1.2mm,s3_gap_bridge__gap_1.2mm,gap_bridge,True,0.6000000238418579,0.6000000238418579,0.6000000238418579,True,0.5,1.2,9,3981.0964745836445,2244.672267585765,0.5638326732136075,0.7474018475750577,4,5,3.456000411987321,5.696233156251498,0.8485281711413358,1,9,4,0,0.0,0.0,4,18393,3972.888473605175,0.7048164970488936,0.7888327080954711,0.6369742734217227,0.5441827319780962,14509,3884,8269,4920.04858651545,-947.1601129102746,-0.19251031697251725,0.8253489091498707,0.9159369527145359,0.7510668563300142,11.676883601239728,23.902302094242618,1.7285022556832272,0.5517033966139077,2.631562518824051,571,342.60001361370087,16,10,4,1.8490226177907005,10.236082070867608,,,,,True,/Users/angadkumar16ak/Projects/Automated_Cardiovascular_Segmentation_for_Bioprinting_Project/outputs/topology_correction/case_outputs/759/mask__s3_gap_bridge__gap_1.2mm.nii.gz,/Users/angadkumar16ak/Projects/Automated_Cardiovascular_Segmentation_for_Bioprinting_Project/outputs/topology_correction/case_outputs/759/mask__s3_gap_bridge__gap_1.2mm.nii.gz,ok,3.0,4.0,True,0.0,4.0,4933.467802869246,3890.268463756102,93.00000369548798,76.80000305175781,82.80000329017639,0.4242640855706679,0.6000000238418579,0.5884556711296137,/Users/angadkumar16ak/Projects/Automated_Cardiovascular_Segmentation_for_Bioprinting_Project/outputs/topology_correction/mesh_qc/s3_gap_bridge__gap_1.2mm/case_outputs/759__s3_gap_bridge__gap_1.2mm/segmentation_raw.stl,/Users/angadkumar16ak/Projects/Automated_Cardiovascular_Segmentation_for_Bioprinting_Project/outputs/topology_correction/mesh_qc/s3_gap_bridge__gap_1.2mm/case_outputs/759__s3_gap_bridge__gap_1.2mm/segmentation_repaired.stl,/Users/angadkumar16ak/Projects/Automated_Cardiovascular_Segmentation_for_Bioprinting_Project/outputs/topology_correction/mesh_qc/s3_gap_bridge__gap_1.2mm/case_outputs/759__s3_gap_bridge__gap_1.2mm/segmentation_smoothed.stl,True,0.5747443489818489,3.141592653589793,0.5229848952049044,3.1390293282074007,-0.003551460523300918,0.05023650301745229,True,"phaseb_mesh_qc.run_phaseb_for_case (repository implementation, unmodified)",50.0,50.0,50.0,1.0,True,-8.457013676205804,165.32799757276177,-215.4681546263689,-9.741077068554317,165.91494591741477,-217.26101727803717,2.2820349783926415,True,/Users/angadkumar16ak/Projects/Automated_Cardiovascular_Segmentation_for_Bioprinting_Project/outputs/topology_correction/mesh_qc/s3_gap_bridge__gap_1.2mm/case_outputs/759__s3_gap_bridge__gap_1.2mm/segmentation_repaired.stl,ok,exact_point_to_surface,74292.0,69085.0,3.0647174930181804,1.5689668169971271,10.791527085735796,23.860843702878437,2.5403778212859796,0.524339671732201,4823.289983201942,3890.2690802258744,-933.0209029760676,-0.1934407647529999,10.832567033787434,1.1999969482421875,-4.1999969482421875,-3.5999755859375,5.660370240574401,3981.0964745836445,-8.2080009784695,-0.002061743801204395,0.9989680643058875,ok,exact_point_to_surface,69219.0,69085.0,0.03329486026245543,0.01666355871987538,7.105427357601002e-15,14.412495087543599,0.0332940594172483,8.008452071270588e-07,3896.1820949229586,3890.2690802258744,-5.913014697084236,-0.0015176433115868413,0.3037820319798421,0.0,0.0,0.0,0.0,0.7057681574413356,0.8305024790682445,9.448809824276127,9,0.7889967988714666,0.6384230397752217,3981.0964745836445,1.4856634192010294,1.5130414010047861,20,10,True,0.9139414802065404,0.7610241820768137,4920.04858651545,1.0,2.4160003536673007,0.0,True,3896.1814644609863,9,4,-0.0009516603924419886,-0.00515356991837379,2.228073776963601,0.24283883648219784,-0.0001640907759954402,-0.001448766353498998,-8.2080009784695,0.3359812167859144,-5,largest_fidelity_loss,"largest decrease in Dice (corrected - original), i.e. the worst anatomical cost"
888,s3_gap_bridge__gap_1.2mm,s3_gap_bridge__gap_1.2mm,gap_bridge,True,0.6000000238418579,0.6000000238418579,0.6000000238418579,True,0.5,1.2,7,4720.248562697433,2339.280278863918,0.49558413032535575,0.9771006463527239,4,3,14.904001776695322,3.972792364000364,0.8485281711413358,1,7,4,0,0.0,0.0,4,21821,4713.336561873459,0.8035493286631641,0.7885064845790752,0.8191772995619881,0.6716109137749326,17206,4615,3798,4536.864540836355,176.47202103710333,0.038897352885164896,0.8639371519757177,0.8272251308900523,0.9040590405904059,5.666731126223464,32.70412947933324,1.1037035356440312,1.5855323270332193,0.6381963649482493,573,343.8000136613846,13,7,4,1.769800265633028,8.55280792634315,,,,,True,/Users/angadkumar16ak/Projects/Automated_Cardiovascular_Segmentation_for_Bioprinting_Project/outputs/topology_correction/case_outputs/888/mask__s3_gap_bridge__gap_1.2mm.nii.gz,/Users/angadkumar16ak/Projects/Automated_Cardiovascular_Segmentation_for_Bioprinting_Project/outputs/topology_correction/case_outputs/888/mask__s3_gap_bridge__gap_1.2mm.nii.gz,ok,3.0,4.0,True,0.0,4.0,5486.565719312287,4628.556551766896,112.80000448226929,94.80000376701355,87.60000348091125,0.4242640855706679,0.6000000238418579,0.5885637235510426,/Users/angadkumar16ak/Projects/Automated_Cardiovascular_Segmentation_for_Bioprinting_Project/outputs/topology_correction/mesh_qc/s3_gap_bridge__gap_1.2mm/case_outputs/888__s3_gap_bridge__gap_1.2mm/segmentation_raw.stl,/Users/angadkumar16ak/Projects/Automated_Cardiovascular_Segmentation_for_Bioprinting_Project/outputs/topology_correction/mesh_qc/s3_gap_bridge__gap_1.2mm/case_outputs/888__s3_gap_bridge__gap_1.2mm/segmentation_repaired.stl,/Users/angadkumar16ak/Projects/Automated_Cardiovascular_Segmentation_for_Bioprinting_Project/outputs/topology_correction/mesh_qc/s3_gap_bridge__gap_1.2mm/case_outputs/888__s3_gap_bridge__gap_1.2mm/segmentation_smoothed.stl,True,0.5849901174063533,3.141592653589793,0.5330212581093473,3.1398428232334505,-0.002851512539342494,0.0768525732092938,True,"phaseb_mesh_qc.run_phaseb_for_case (repository implementation, unmodified)",50.0,50.0,50.0,1.0,True,-29.689079886243036,172.87010171796817,126.85853230074758,-31.105482541942933,173.29346290431033,125.00363029606521,2.371938579337469,True,/Users/angadkumar16ak/Projects/Automated_Cardiovascular_Segmentation_for_Bioprinting_Project/outputs/topology_correction/mesh_qc/s3_gap_bridge__gap_1.2mm/case_outputs/888__s3_gap_bridge__gap_1.2mm/segmentation_repaired.stl,ok,exact_point_to_surface,70314.0,71220.0,2.166758721924662,1.0865509428761242,5.766714393952506,32.70412796808219,0.5879194552374143,1.5788392666872477,4453.11104890395,4628.556815786352,175.44576688240159,0.03939847108137676,2.9940244192967254,1.1999969482421875,16.199996948242188,0.0,16.24438037595915,4720.248562697433,-6.912000823974267,-0.0014643298402964473,0.9992672986216056,ok,exact_point_to_surface,71324.0,71220.0,0.022743937894652965,0.011380265927701116,1.4210854715202004e-14,7.2486260172474815,0.02274393789465099,1.9742680862864755e-15,4633.794822229332,4628.556815786352,-5.238006442979895,-0.0011303923984402648,0.19256544438509224,0.0,0.0,0.0,0.0,0.8044426814756049,0.8702704670379673,5.161395365320993,7,0.7888161808447353,0.8207008188916397,4720.248562697433,1.0528943348862019,1.6641814533187822,17,7,True,0.8296041308089501,0.915129151291513,4536.864540836355,1.0,2.2774557883949216,0.0,True,4633.794552391314,7,4,-0.0008933528124408507,-0.006333315062249545,0.5053357609024713,0.050809200757829354,-0.00030969626566001995,-0.001523519329651557,-6.912000823974267,0.10561881231424586,-3,largest_fidelity_loss,"largest decrease in Dice (corrected - original), i.e. the worst anatomical cost"
914,s3_gap_bridge__gap_1.2mm,s3_gap_bridge__gap_1.2mm,gap_bridge,True,0.6000000238418579,0.6000000238418579,0.6000000238418579,True,0.5,1.2,10,4889.376582859062,2355.264280769359,0.48171054956706133,0.9094827586206896,7,3,14.040001673698493,2.163330851241435,1.3416408398118889,0,10,7,0,0.0,0.0,7,22607,4883.112582112335,0.7364573570759138,0.6951829079488654,0.7829422607482688,0.5828512090194333,15716,6891,4357,4335.768516863844,547.3440652484915,0.1262392268220992,0.8234745661121249,0.7764298093587522,0.8765880217785844,10.863121825123997,59.85883631309265,1.9489157557160062,3.1725446203817333,0.5919475173165732,577,346.200013756752,18,12,6,2.5997609241601776,14.935042299396551,,,,,True,/Users/angadkumar16ak/Projects/Automated_Cardiovascular_Segmentation_for_Bioprinting_Project/outputs/topology_correction/case_outputs/914/mask__s3_gap_bridge__gap_1.2mm.nii.gz,/Users/angadkumar16ak/Projects/Automated_Cardiovascular_Segmentation_for_Bioprinting_Project/outputs/topology_correction/case_outputs/914/mask__s3_gap_bridge__gap_1.2mm.nii.gz,ok,3.0,7.0,True,0.0,7.0,5770.547713568565,4794.795571584131,95.40000379085541,78.00000309944153,100.20000398159027,0.4242640855706679,0.6000000238418579,0.5900644424034619,/Users/angadkumar16ak/Projects/Automated_Cardiovascular_Segmentation_for_Bioprinting_Project/outputs/topology_correction/mesh_qc/s3_gap_bridge__gap_1.2mm/case_outputs/914__s3_gap_bridge__gap_1.2mm/segmentation_raw.stl,/Users/angadkumar16ak/Projects/Automated_Cardiovascular_Segmentation_for_Bioprinting_Project/outputs/topology_correction/mesh_qc/s3_gap_bridge__gap_1.2mm/case_outputs/914__s3_gap_bridge__gap_1.2mm/segmentation_repaired.stl,/Users/angadkumar16ak/Projects/Automated_Cardiovascular_Segmentation_for_Bioprinting_Project/outputs/topology_correction/mesh_qc/s3_gap_bridge__gap_1.2mm/case_outputs/914__s3_gap_bridge__gap_1.2mm/segmentation_smoothed.stl,True,0.5729209760089059,3.141592653589793,0.5157775307251468,3.1376914025706135,-0.0030403895790174188,0.0600698898571239,True,"phaseb_mesh_qc.run_phaseb_for_case (repository implementation, unmodified)",50.0,48.0,48.0,1.0,True,-23.372612199067447,145.23542910523474,-1109.9116946308638,-25.3153016948442,145.27403538158143,-1111.2532051396142,2.361182620354136,True,/Users/angadkumar16ak/Projects/Automated_Cardiovascular_Segmentation_for_Bioprinting_Project/outputs/topology_correction/mesh_qc/s3_gap_bridge__gap_1.2mm/case_outputs/914__s3_gap_bridge__gap_1.2mm/segmentation_repaired.stl,ok,exact_point_to_surface,69667.0,72182.0,3.9072570584667643,1.9787256899152095,11.271476450717765,59.85890401517527,0.5381187298073498,3.3691383286594143,4265.5950699199375,4794.7941588629155,529.199088942978,0.12406219537217132,6.035780989836955,2.3999996185302734,10.199996948242188,21.60009765625,24.007585356978993,4889.376582859062,-6.264000746727106,-0.0012811450786358192,0.9993590168644874,ok,exact_point_to_surface,72266.0,72182.0,0.007072315038202438,0.0035382138800865107,4.760669470463127e-14,3.979963493672505,0.007072315038189631,1.2806784978029545e-14,4799.528178936424,4794.7941588629155,-4.734020073508873,-0.0009863511364064815,0.10069417644754307,0.0,0.0,0.0,0.0,0.7370343487321174,0.8209027097154318,10.833282481636626,10,0.6953083583672027,0.784088078513426,4889.376582859062,1.9434868660199263,2.608027856285569,24,12,True,0.7718696397941681,0.8765880217785844,4335.768516863844,1.0,2.373959312044368,0.0,True,4799.529572148465,10,7,-0.0005769916562036181,0.0025718563966931063,0.02983934348737094,0.005428889696079908,-0.00012545041833733617,-0.0011458177651572088,-6.264000746727106,-0.008266932125391424,-3,largest_fidelity_loss,"largest decrease in Dice (corrected - original), i.e. the worst anatomical cost"
984,s3c_closing__r_0.6mm,s3c_closing__r_0.6mm,morphological_closing,True,0.6000000238418579,0.6000000238418579,0.6000000238418579,True,0.5,0.6,31,9690.193155160956,4655.016554921172,0.4803842895992151,0.9772168344856387,13,18,3.8880004634857364,10.580992596886933,0.8485281711413358,2,31,13,0,13.176001570701661,0.0,13,44773,9670.969152869271,0.8268225026587872,0.8421593371004846,0.8120342852220356,0.7047718734229267,37706,7067,8728,10029.745195638705,-358.77604276943384,-0.0357712021363656,0.8971714860796658,0.8889980353634578,0.90549662487946,6.148170703882103,103.01495446473955,1.566051717542431,2.4199965201645415,0.8041296027688222,1018,610.8000242710114,29,21,11,2.3609962930249915,10.930437306643448,,,,,True,/Users/angadkumar16ak/Projects/Automated_Cardiovascular_Segmentation_for_Bioprinting_Project/outputs/topology_correction/case_outputs/984/mask__s3c_closing__r_0.6mm.nii.gz,/Users/angadkumar16ak/Projects/Automated_Cardiovascular_Segmentation_for_Bioprinting_Project/outputs/topology_correction/case_outputs/984/mask__s3c_closing__r_0.6mm.nii.gz,ok,3.0,13.0,True,0.0,13.0,10073.117153649526,9521.30813502829,175.80000698566437,142.20000565052032,95.40000379085541,0.4242640855706679,0.6000000238418579,0.588803677716994,/Users/angadkumar16ak/Projects/Automated_Cardiovascular_Segmentation_for_Bioprinting_Project/outputs/topology_correction/mesh_qc/s3c_closing__r_0.6mm/case_outputs/984__s3c_closing__r_0.6mm/segmentation_raw.stl,/Users/angadkumar16ak/Projects/Automated_Cardiovascular_Segmentation_for_Bioprinting_Project/outputs/topology_correction/mesh_qc/s3c_closing__r_0.6mm/case_outputs/984__s3c_closing__r_0.6mm/segmentation_repaired.stl,/Users/angadkumar16ak/Projects/Automated_Cardiovascular_Segmentation_for_Bioprinting_Project/outputs/topology_correction/mesh_qc/s3c_closing__r_0.6mm/case_outputs/984__s3c_closing__r_0.6mm/segmentation_smoothed.stl,True,0.5929960966055506,3.141592653589793,0.542501039527807,3.140174040510697,-0.00260216178174095,0.14356866861724701,True,"phaseb_mesh_qc.run_phaseb_for_case (repository implementation, unmodified)",50.0,42.0,42.0,1.0,True,-26.434037024028072,202.38770410779082,153.66275102458832,-31.135839230733566,200.9042600342807,153.01912383901245,4.972102801051612,True,/Users/angadkumar16ak/Projects/Automated_Cardiovascular_Segmentation_for_Bioprinting_Project/outputs/topology_correction/mesh_qc/s3c_closing__r_0.6mm/case_outputs/984__s3c_closing__r_0.6mm/segmentation_repaired.stl,ok,exact_point_to_surface,89359.0,88922.0,3.4516393204565237,1.723435394765759,7.160622305569385,103.01495359961406,0.7531211913027358,2.6985181291537876,9884.042905048113,9521.307652680905,-362.73525236720707,-0.036699077073203114,3.3950702797993313,46.80000305175781,25.79998779296875,-0.5999984741210938,53.44379902225163,9690.19315516095,-19.224002291679426,-0.0019838616200793494,0.9976460088135215,ok,exact_point_to_surface,89398.0,88922.0,0.19728922698516277,0.09890472190532784,1.4210854715202004e-14,37.04970554744669,0.19608690794836245,0.0012023190368003064,9531.522677399673,9521.307652680905,-10.215024718767381,-0.001071709638061122,0.43034216449225765,-14.400001525878906,-1.8000030517578125,0.0,14.512065839557518,0.8261479144759902,0.8911945418123274,4.2426408557066795,31,0.8406223529936249,0.8121635008829737,9690.19315516095,1.5966564969318207,2.5421955702933174,41,21,True,0.8746383799421408,0.9083895853423336,10029.745195638705,1.0,4.848111596686845,0.0,True,9531.52313624601,31,13,0.0006745881827969757,0.005976944267338413,1.9055298481754237,-0.030604779389389547,0.0015369841068597623,-0.0001292156609381534,-19.224002291679426,-0.18119927726832596,-18,high_dice_high_fragmentation,highest original component count among cases with original Dice above the cohort median
803,s3c_closing__r_0.6mm,s3c_closing__r_0.6mm,morphological_closing,True,0.6000000238418579,0.6000000238418579,0.6000000238418579,True,0.5,0.6,30,7072.920843157801,4118.68849098589,0.5823179111314706,0.6635200335640865,16,14,6.804000811100039,19.953947770877683,0.8485281711413358,1,30,16,0,11.664001390457209,0.0,16,32733,7070.328842848811,0.8097438981924088,0.7814438028900498,0.8401707998029233,0.6803106465597489,25579,7154,4866,6576.120783934624,494.20805891418695,0.07515191328625391,0.863967261566443,0.7860600193610843,0.9590163934426229,7.20124812351563,80.07022236461934,2.031173085325606,3.670801852240356,0.3253030236791954,1033,619.8000246286392,40,22,16,3.373405214307847,14.68425382363,,,,,True,/Users/angadkumar16ak/Projects/Automated_Cardiovascular_Segmentation_for_Bioprinting_Project/outputs/topology_correction/case_outputs/803/mask__s3c_closing__r_0.6mm.nii.gz,/Users/angadkumar16ak/Projects/Automated_Cardiovascular_Segmentation_for_Bioprinting_Project/outputs/topology_correction/case_outputs/803/mask__s3c_closing__r_0.6mm.nii.gz,ok,3.0,16.0,True,0.0,16.0,8781.587642320668,6918.300824725661,141.60000562667847,144.0000057220459,105.00000417232513,0.4242640855706679,0.6000000238418579,0.5906451193535572,/Users/angadkumar16ak/Projects/Automated_Cardiovascular_Segmentation_for_Bioprinting_Project/outputs/topology_correction/mesh_qc/s3c_closing__r_0.6mm/case_outputs/803__s3c_closing__r_0.6mm/segmentation_raw.stl,/Users/angadkumar16ak/Projects/Automated_Cardiovascular_Segmentation_for_Bioprinting_Project/outputs/topology_correction/mesh_qc/s3c_closing__r_0.6mm/case_outputs/803__s3c_closing__r_0.6mm/segmentation_repaired.stl,/Users/angadkumar16ak/Projects/Automated_Cardiovascular_Segmentation_for_Bioprinting_Project/outputs/topology_correction/mesh_qc/s3c_closing__r_0.6mm/case_outputs/803__s3c_closing__r_0.6mm/segmentation_smoothed.stl,True,0.5687512840541254,3.141592653589793,0.5097298499135796,3.1398869519060733,-0.003910103954677752,0.05550973024165216,True,"phaseb_mesh_qc.run_phaseb_for_case (repository implementation, unmodified)",50.0,38.0,38.0,1.0,True,-36.33606371614667,175.6260312516162,27.558426162020467,-38.69994519924044,173.3203209201437,26.26372421552149,3.546898494324432,True,/Users/angadkumar16ak/Projects/Automated_Cardiovascular_Segmentation_for_Bioprinting_Project/outputs/topology_correction/mesh_qc/s3c_closing__r_0.6mm/case_outputs/803__s3c_closing__r_0.6mm/segmentation_repaired.stl,ok,exact_point_to_surface,79129.0,83671.0,4.535870557145495,2.3233566419705145,8.287202213669499,80.07021842255016,0.2814540013476403,4.254416555797855,6455.5661302613735,6918.30101033608,462.7348800747068,0.07167998448742892,3.7309460848422065,23.399995803833008,60.59999084472656,-1.2000007629394531,64.97198393024027,7072.920843157802,-2.592000308990464,-0.0003664681630783288,0.9981673233757904,ok,exact_point_to_surface,83903.0,83671.0,0.16852473257340012,0.08437715135611301,7.588599744428075e-15,71.11709491102324,0.1671718198289599,0.0013529127444402112,6913.972015989172,6918.30101033608,4.328994346908075,0.0006261226306523794,0.4735265916536276,-30.60000228881836,-9.599998474121094,-6.599998474121094,32.742634143227036,0.8092419686659281,0.8526116217843313,7.660287505274688,30,0.7808214994655672,0.8398094925275086,7072.920843157802,2.141683593768536,3.8479515781834874,48,27,True,0.7682119205298014,0.9578454332552693,6576.120783934624,1.0,3.6639672038773474,0.0,True,6913.971824209603,30,16,0.0005019295264806489,0.011355639782111737,-0.4590393817590579,-0.11051050844293009,0.0006223034244825509,0.00036130727541472396,-2.592000308990464,-0.4745463638756404,-14,high_dice_high_fragmentation,highest original component count among cases with original Dice above the cohort median
856,s3c_closing__r_0.6mm,s3c_closing__r_0.6mm,morphological_closing,True,0.6000000238418579,0.6000000238418579,0.6000000238418579,True,0.5,0.6,25,8254.008983954469,5087.8806065225845,0.6164132625022898,0.5783909997877308,12,13,4.104000489234944,6.196200993448185,0.8485281711413358,3,25,12,0,12.744001519203247,0.0,12,38203,8251.848983696977,0.8350343593705526,0.8063241106719368,0.8658646278389925,0.7167888307155322,30804,7399,4772,7684.416916053809,567.432067643168,0.07384191589835841,0.8949853323897361,0.842720510095643,0.9541616405307599,4.024922519435666,104.4034523675369,1.2875907871542605,2.197871179273233,0.36391751366798764,941,564.6000224351883,29,17,11,2.2316308899747894,7.9042948185693005,,,,,True,/Users/angadkumar16ak/Projects/Automated_Cardiovascular_Segmentation_for_Bioprinting_Project/outputs/topology_correction/case_outputs/856/mask__s3c_closing__r_0.6mm.nii.gz,/Users/angadkumar16ak/Projects/Automated_Cardiovascular_Segmentation_for_Bioprinting_Project/outputs/topology_correction/case_outputs/856/mask__s3c_closing__r_0.6mm.nii.gz,ok,3.0,12.0,True,0.0,11.0,9001.89005217786,8114.2209672904355,172.80000686645508,137.40000545978546,85.20000338554382,0.4242640855706679,0.6000000238418579,0.5901753796870134,/Users/angadkumar16ak/Projects/Automated_Cardiovascular_Segmentation_for_Bioprinting_Project/outputs/topology_correction/mesh_qc/s3c_closing__r_0.6mm/case_outputs/856__s3c_closing__r_0.6mm/segmentation_raw.stl,/Users/angadkumar16ak/Projects/Automated_Cardiovascular_Segmentation_for_Bioprinting_Project/outputs/topology_correction/mesh_qc/s3c_closing__r_0.6mm/case_outputs/856__s3c_closing__r_0.6mm/segmentation_repaired.stl,/Users/angadkumar16ak/Projects/Automated_Cardiovascular_Segmentation_for_Bioprinting_Project/outputs/topology_correction/mesh_qc/s3c_closing__r_0.6mm/case_outputs/856__s3c_closing__r_0.6mm/segmentation_smoothed.stl,True,0.5744840316938755,3.141592653589793,0.5169214463295161,3.139436636062971,-0.002760566431478715,0.11205926236159464,True,"phaseb_mesh_qc.run_phaseb_for_case (repository implementation, unmodified)",50.0,40.0,40.0,1.0,True,-43.981493384386326,177.42661677708261,-133.56565361099024,-45.46051806721545,177.72827838099812,-136.24695748397488,3.07699596928191,True,/Users/angadkumar16ak/Projects/Automated_Cardiovascular_Segmentation_for_Bioprinting_Project/outputs/topology_correction/mesh_qc/s3c_closing__r_0.6mm/case_outputs/856__s3c_closing__r_0.6mm/segmentation_repaired.stl,ok,exact_point_to_surface,81250.0,84591.0,2.800933647568377,1.4222592383621588,4.388632134352,104.40345474753346,0.31873206591971565,2.482201581648661,7565.050612798827,8114.221187075075,549.1705742762479,0.07259311303841658,3.353731615342329,58.20000648498535,39.600006103515625,-3.5999984741210938,70.48660317581268,8254.008983954469,-2.1600002574923565,-0.00026169104754929733,0.998324958123953,ok,exact_point_to_surface,84814.0,84591.0,0.05817991442514996,0.02912655134482257,1.4210854715202004e-14,37.22901724920779,0.05688919027715739,0.0012907241479925666,,8114.221187075075,,,0.36202806731609116,-8.699996948242188,0.0,0.0,8.699996948242188,0.8344333166190082,0.8862430902132803,4.2426408557066795,25,0.8056420589851622,0.8653586687654599,8254.008983954469,1.3890986884402279,2.6168319700205336,33,25,False,0.8264462809917356,0.9553679131483716,7684.416916053809,1.0,3.03869737188475,10.0,False,not_watertight,25,12,0.0006010427515443784,0.008742242176455806,-0.21771833627101334,-0.10150790128596743,0.0006820516867745985,0.0005059590735326802,-2.1600002574923565,-0.38520108004574416,-13,high_dice_high_fragmentation,highest original component count among cases with original Dice above the cohort median
977,s3c_closing__r_0.6mm,s3c_closing__r_0.6mm,morphological_closing,True,0.6000000238418579,0.6000000238418579,0.6000000238418579,True,0.5,0.6,2,6437.0167673521355,3247.560387139336,0.5045132713667326,0.9821084137013635,2,0,3218.5083836760678,20.088803649597153,20.088803649597153,0,2,2,0,10.58400126171117,0.0,2,29850,6447.6007686138455,0.8472474478612138,0.9063986599664992,0.7953436416015051,0.7349777246550038,27056,2794,6962,7347.888875936543,-900.2881073226972,-0.12252336998059853,0.9531166311953697,0.9872448979591837,0.9212690951821386,1.0392305258366357,8.50646846527137,0.3893148718245668,0.2472248064088062,0.5073303035778971,784,470.4000186920166,12,12,2,0.5912257397746337,1.6970563422826717,,,,,True,/Users/angadkumar16ak/Projects/Automated_Cardiovascular_Segmentation_for_Bioprinting_Project/outputs/topology_correction/case_outputs/977/mask__s3c_closing__r_0.6mm.nii.gz,/Users/angadkumar16ak/Projects/Automated_Cardiovascular_Segmentation_for_Bioprinting_Project/outputs/topology_correction/case_outputs/977/mask__s3c_closing__r_0.6mm.nii.gz,ok,3.0,2.0,True,0.0,2.0,7344.273219964166,6333.525755015045,103.20000410079956,90.60000360012054,90.00000357627869,0.4242640855706679,0.6000000238418579,0.5893914719310284,/Users/angadkumar16ak/Projects/Automated_Cardiovascular_Segmentation_for_Bioprinting_Project/outputs/topology_correction/mesh_qc/s3c_closing__r_0.6mm/case_outputs/977__s3c_closing__r_0.6mm/segmentation_raw.stl,/Users/angadkumar16ak/Projects/Automated_Cardiovascular_Segmentation_for_Bioprinting_Project/outputs/topology_correction/mesh_qc/s3c_closing__r_0.6mm/case_outputs/977__s3c_closing__r_0.6mm/segmentation_repaired.stl,/Users/angadkumar16ak/Projects/Automated_Cardiovascular_Segmentation_for_Bioprinting_Project/outputs/topology_correction/mesh_qc/s3c_closing__r_0.6mm/case_outputs/977__s3c_closing__r_0.6mm/segmentation_smoothed.stl,True,0.576208206303886,3.141592653589793,0.5206740264329842,3.1399387494250237,-0.0024917631407343067,0.08130653266331658,True,"phaseb_mesh_qc.run_phaseb_for_case (repository implementation, unmodified)",50.0,50.0,50.0,1.0,True,-27.19358329461447,184.9646880883268,-1106.6555128510074,-28.79996779153424,185.56948084136383,-1108.160045997043,2.282512960223871,True,/Users/angadkumar16ak/Projects/Automated_Cardiovascular_Segmentation_for_Bioprinting_Project/outputs/topology_correction/mesh_qc/s3c_closing__r_0.6mm/case_outputs/977__s3c_closing__r_0.6mm/segmentation_repaired.stl,ok,exact_point_to_surface,81806.0,78310.0,0.701873941454764,0.3536974458060908,1.0392080334595004,8.506468154161503,0.47736609764458754,0.2245078438101765,7221.8780377223875,6333.524422688871,-888.3536150335167,-0.12300867037539764,0.8267162118503377,-3.5999984741210938,-3.5999908447265625,0.0,5.091161271830748,6437.016767352135,10.58400126171091,0.0016442401261702222,0.9991785552631138,ok,exact_point_to_surface,78280.0,78310.0,0.002916268351530542,0.0014581185626499466,5.123796534383003e-14,0.7461871496615339,0.0015396294333850404,0.0013766389181455016,6322.058405058699,6333.524422688871,11.466017630172246,0.0018136525946988284,0.027885210740995297,0.0,0.0,0.0,0.0,0.8475218978674063,0.9524873757019392,1.0392305258366357,2,0.907486325962216,0.7949908871773766,6437.016767352135,0.3881100854674079,0.5889534374177365,12,12,True,0.9872448979591837,0.9200940070505288,7347.888875936543,1.0,2.275095145844813,0.0,True,6322.059753648188,2,2,-0.00027445000619252813,0.0006292554934305139,0.0,0.0012047863571589268,-0.0010876659957168577,0.00035275442412840974,10.58400126171091,0.002272302356897127,0,moderate_dice_good_topology,original components <= 2 and original Dice closest to the cohort median
890,s3c_closing__r_0.6mm,s3c_closing__r_0.6mm,morphological_closing,True,0.6000000238418579,0.6000000238418579,0.6000000238418579,True,0.5,0.6,2,5089.392606702829,2923.5603485155243,0.5744418979713097,0.7408200960472849,2,0,2544.6963033514144,30.245000788536846,30.245000788536846,0,2,2,0,4.536000540733359,0.0,2,23583,5093.9286072435625,0.8514716569767442,0.7948946274859009,0.9167196439923713,0.7413588547022067,18746,4837,1703,4416.984526545546,676.9440806980165,0.15325932808450288,0.9298248360283644,0.9138461538461539,0.9463722397476341,1.3416408398118889,20.732583875644025,0.5595471381887884,0.7135301337748143,0.3988290125161198,650,390.00001549720764,9,7,2,0.8567267442578584,3.8418746951220877,,,,,True,/Users/angadkumar16ak/Projects/Automated_Cardiovascular_Segmentation_for_Bioprinting_Project/outputs/topology_correction/case_outputs/890/mask__s3c_closing__r_0.6mm.nii.gz,/Users/angadkumar16ak/Projects/Automated_Cardiovascular_Segmentation_for_Bioprinting_Project/outputs/topology_correction/case_outputs/890/mask__s3c_closing__r_0.6mm.nii.gz,ok,3.0,2.0,True,0.0,2.0,5935.273858599689,5002.740596373106,101.40000402927399,81.60000324249268,85.20000338554382,0.4242640855706679,0.6000000238418579,0.5891482876043084,/Users/angadkumar16ak/Projects/Automated_Cardiovascular_Segmentation_for_Bioprinting_Project/outputs/topology_correction/mesh_qc/s3c_closing__r_0.6mm/case_outputs/890__s3c_closing__r_0.6mm/segmentation_raw.stl,/Users/angadkumar16ak/Projects/Automated_Cardiovascular_Segmentation_for_Bioprinting_Project/outputs/topology_correction/mesh_qc/s3c_closing__r_0.6mm/case_outputs/890__s3c_closing__r_0.6mm/segmentation_repaired.stl,/Users/angadkumar16ak/Projects/Automated_Cardiovascular_Segmentation_for_Bioprinting_Project/outputs/topology_correction/mesh_qc/s3c_closing__r_0.6mm/case_outputs/890__s3c_closing__r_0.6mm/segmentation_smoothed.stl,True,0.585853409556107,3.141592653589793,0.5378765125456871,3.138229082254617,-0.0026460439673540617,0.07403638213967688,True,"phaseb_mesh_qc.run_phaseb_for_case (repository implementation, unmodified)",50.0,50.0,50.0,1.0,True,-29.52061606901715,167.76514907242742,83.16425456833619,-32.42913090536381,167.49422326704024,81.87495901352186,3.192983302953107,True,/Users/angadkumar16ak/Projects/Automated_Cardiovascular_Segmentation_for_Bioprinting_Project/outputs/topology_correction/mesh_qc/s3c_closing__r_0.6mm/case_outputs/890__s3c_closing__r_0.6mm/segmentation_repaired.stl,ok,exact_point_to_surface,71969.0,72902.0,1.0295853569304183,0.5158347156796762,1.4071201328186511,20.73258519351091,0.3529909921875456,0.6765943647428727,4325.796392440192,5002.740422345317,676.9440299051248,0.1564900352425647,2.2379437309853865,-1.1999969482421875,-0.5999908447265625,0.5999984741210938,1.469686993374405,5089.392606702829,4.536000540733767,0.0008912655971480302,0.999554565701559,ok,exact_point_to_surface,72886.0,72902.0,0.0014456253861695645,0.0007228105235313508,1.4210854715202004e-14,0.42426838451492405,0.0007425811215649769,0.0007030442646045877,4998.213418426137,5002.740422345317,4.527003919180061,0.0009057244139458029,0.006066637454282127,0.0,0.0,0.0,0.0,0.8515598373133989,0.929893335764427,1.3416408398118889,2,0.7953060011883542,0.9163773289647416,5089.392606702829,0.5585913232561257,0.8561401426897532,9,9,True,0.9139784946236559,0.9463722397476341,4416.984526545546,1.0,3.180448726136059,0.0,True,4998.213595833447,2,2,-8.818033665469738e-05,-6.84997360625994e-05,0.0,0.0009558149326627241,-0.0004113737024532549,0.0003423150276297138,4.536000540733767,0.0005866015681051939,0,moderate_dice_good_topology,original components <= 2 and original Dice closest to the cohort median
798,s3c_closing__r_0.6mm,s3c_closing__r_0.6mm,morphological_closing,True,0.6000000238418579,0.6000000238418579,0.6000000238418579,True,0.5,0.6,44,9676.153153487254,4504.680536999724,0.46554456771658803,0.6725485495085112,25,19,7.668000914096869,4.724404912138064,0.8485281711413358,6,44,24,0,32.40000386238113,0.0,24,44811,9679.17715384774,0.6652658599952387,0.7171453437771975,0.6203861003861004,0.4984257464133385,32136,12675,19664,11188.801333808951,-1509.6241799612108,-0.13492277992277985,0.7755857603268604,0.7411865864144453,0.8133333333333334,21.280978266791905,100.66062191971363,4.1899834300627194,6.402257630393983,2.1944664482419878,1163,697.8000277280807,55,23,23,4.952533539661134,33.185943304783834,,,,,True,/Users/angadkumar16ak/Projects/Automated_Cardiovascular_Segmentation_for_Bioprinting_Project/outputs/topology_correction/case_outputs/798/mask__s3c_closing__r_0.6mm.nii.gz,/Users/angadkumar16ak/Projects/Automated_Cardiovascular_Segmentation_for_Bioprinting_Project/outputs/topology_correction/case_outputs/798/mask__s3c_closing__r_0.6mm.nii.gz,ok,3.0,24.0,False,3.0,26.0,11108.217247890952,not_watertight,156.00000619888306,144.60000574588776,106.20000422000885,0.4242640855706679,0.6000000238418579,0.5916748348939842,/Users/angadkumar16ak/Projects/Automated_Cardiovascular_Segmentation_for_Bioprinting_Project/outputs/topology_correction/mesh_qc/s3c_closing__r_0.6mm/case_outputs/798__s3c_closing__r_0.6mm/segmentation_raw.stl,/Users/angadkumar16ak/Projects/Automated_Cardiovascular_Segmentation_for_Bioprinting_Project/outputs/topology_correction/mesh_qc/s3c_closing__r_0.6mm/case_outputs/798__s3c_closing__r_0.6mm/segmentation_repaired.stl,/Users/angadkumar16ak/Projects/Automated_Cardiovascular_Segmentation_for_Bioprinting_Project/outputs/topology_correction/mesh_qc/s3c_closing__r_0.6mm/case_outputs/798__s3c_closing__r_0.6mm/segmentation_smoothed.stl,True,0.5940458554100018,3.141592653589793,0.5463278783933229,3.1397694683905737,not_watertight,0.09185244694383075,False,"phaseb_mesh_qc.run_phaseb_for_case (repository implementation, unmodified)",50.0,38.0,38.0,1.0,True,-32.798174944602536,177.09404656555373,158.6852759313643,-33.33784560970174,175.6423810331928,158.13555696805233,1.6434014066070726,False,/Users/angadkumar16ak/Projects/Automated_Cardiovascular_Segmentation_for_Bioprinting_Project/outputs/topology_correction/mesh_qc/s3c_closing__r_0.6mm/case_outputs/798__s3c_closing__r_0.6mm/segmentation_repaired.stl,ok,exact_point_to_surface,92945.0,92414.0,8.818261443996658,4.402545651559898,22.804349197005497,100.66062564163559,2.110445088482132,6.707816355514526,11042.668432062135,,,,7.117301653517341,49.20000076293945,28.79999542236328,26.400001525878906,62.825471681220165,9676.153153487252,3.0240003604885715,0.00031252092774066234,0.9960271404338898,ok,exact_point_to_surface,92839.0,92414.0,0.12296846588376081,0.06161651865594125,1.432144669219779e-14,34.836188153060036,0.11914617502874232,0.003822290855018491,,,,,0.5332172717180268,-13.200004577636719,-4.200004577636719,-10.500007629394531,17.381896315395025,0.6638508442291169,0.7642616780277204,19.617340048649204,44,0.7157398932964261,0.618976833976834,9676.153153487252,3.9955193768452855,4.846029369272463,65,33,False,0.7221764220939819,0.8115555555555556,11188.801333808951,0.9736842105263158,1.9298478262504573,26.0,False,not_watertight,44,24,0.0014150157661217966,0.01132408229914006,1.663638218142701,0.19446405321743399,0.001405450480771453,0.0014092664092664187,3.0240003604885715,0.10650417038867133,-20,largest_component_reduction,largest reduction in component count (original - corrected)
852,s3c_closing__r_0.6mm,s3c_closing__r_0.6mm,morphological_closing,True,0.6000000238418579,0.6000000238418579,0.6000000238418579,True,0.5,0.6,38,9977.257189381651,4846.6085777607195,0.48576562533826917,0.38310009804795436,20,18,6.804000811100038,3.934463270922718,0.8485281711413358,4,38,20,0,20.52000244617472,0.0,20,46203,9979.849189690638,0.788870994613206,0.7686297426574032,0.8102071545902537,0.6513517479182716,35513,10690,8319,9467.713128639267,512.1360610513711,0.054092900164263547,0.8559949626248059,0.8266932270916335,0.8874501992031872,6.600000262260437,43.86570588650865,1.5458969366470376,2.3858147853977854,0.7233250827074867,1004,602.4000239372253,47,23,20,2.288445320198282,16.92808528507816,,,,,True,/Users/angadkumar16ak/Projects/Automated_Cardiovascular_Segmentation_for_Bioprinting_Project/outputs/topology_correction/case_outputs/852/mask__s3c_closing__r_0.6mm.nii.gz,/Users/angadkumar16ak/Projects/Automated_Cardiovascular_Segmentation_for_Bioprinting_Project/outputs/topology_correction/case_outputs/852/mask__s3c_closing__r_0.6mm.nii.gz,ok,3.0,20.0,True,0.0,20.0,10471.839534712124,9826.264171381876,151.2000060081482,124.80000495910645,79.20000314712524,0.4242640855706679,0.6000000238418579,0.5911164110163165,/Users/angadkumar16ak/Projects/Automated_Cardiovascular_Segmentation_for_Bioprinting_Project/outputs/topology_correction/mesh_qc/s3c_closing__r_0.6mm/case_outputs/852__s3c_closing__r_0.6mm/segmentation_raw.stl,/Users/angadkumar16ak/Projects/Automated_Cardiovascular_Segmentation_for_Bioprinting_Project/outputs/topology_correction/mesh_qc/s3c_closing__r_0.6mm/case_outputs/852__s3c_closing__r_0.6mm/segmentation_repaired.stl,/Users/angadkumar16ak/Projects/Automated_Cardiovascular_Segmentation_for_Bioprinting_Project/outputs/topology_correction/mesh_qc/s3c_closing__r_0.6mm/case_outputs/852__s3c_closing__r_0.6mm/segmentation_smoothed.stl,True,0.5998504388272273,3.141592653589793,0.5491784451957504,3.1406195606140397,-0.0025623640846878554,0.1362465640759258,True,"phaseb_mesh_qc.run_phaseb_for_case (repository implementation, unmodified)",50.0,50.0,50.0,1.0,True,-18.31137645703859,178.271813267444,164.26855112169144,-22.8900715113571,178.95945654669762,162.47651851496437,4.964743955484158,True,/Users/angadkumar16ak/Projects/Automated_Cardiovascular_Segmentation_for_Bioprinting_Project/outputs/topology_correction/mesh_qc/s3c_closing__r_0.6mm/case_outputs/852__s3c_closing__r_0.6mm/segmentation_repaired.stl,ok,exact_point_to_surface,87959.0,90091.0,3.192978192161713,1.6072152913667337,7.237404841455342,43.86570581313404,0.7007109203536502,2.4922672718080627,9330.751226898456,9826.264876242776,495.5136493443206,0.053105439990283554,5.290005576082001,24.599998474121094,25.79999542236328,-0.600006103515625,35.65332657754368,9977.257189381648,2.592000308990464,0.00025979086835097476,0.9980734679741109,ok,exact_point_to_surface,90374.0,90091.0,0.08384241915332254,0.04198424492488512,7.105427357601002e-15,34.58728280504203,0.0821179379060502,0.0017244812472723356,9817.174979441677,9826.264876242776,9.089896801098803,0.0009259177737112886,0.23501829836369723,0.0,-7.1999969482421875,-5.399993896484375,8.999993896484892,0.7882430045654999,0.850582848847039,6.029925612280241,38,0.7681150007577233,0.8094542799780982,9977.257189381648,1.506265184260532,2.328992023177799,52,22,True,0.8158148505303761,0.8884462151394422,9467.713128639267,1.0,5.125282191473438,0.0,True,9817.174170298267,38,20,0.000627990047706084,0.005412113777766847,0.5700746499801959,0.039631752386505736,0.0005147418996799269,0.000752874612155563,2.592000308990464,-0.040546702979517235,-18,largest_component_reduction,largest reduction in component count (original - corrected)
892,s3c_closing__r_0.6mm,s3c_closing__r_0.6mm,morphological_closing,True,0.6000000238418579,0.6000000238418579,0.6000000238418579,True,0.5,0.6,32,8824.033051906628,4821.336574748062,0.5463869577988837,0.6206711168854442,14,18,3.7800004506111327,3.7947333429912047,0.8485281711413358,4,32,14,0,23.328002780914417,0.0,14,40862,8826.193052164119,0.7001949720453988,0.6635504870050414,0.7411234112341123,0.5386923092205909,27114,13748,9471,7902.360942034759,923.8321101293595,0.11690583572502375,0.7474304910162328,0.6784101174345076,0.8320855614973262,10.76410579268474,49.513636453361684,2.0220300797196935,2.8836638444511564,1.0896618346785443,1107,664.2000263929367,47,57,13,3.0486737342122563,14.248579176473148,,,,,True,/Users/angadkumar16ak/Projects/Automated_Cardiovascular_Segmentation_for_Bioprinting_Project/outputs/topology_correction/case_outputs/892/mask__s3c_closing__r_0.6mm.nii.gz,/Users/angadkumar16ak/Projects/Automated_Cardiovascular_Segmentation_for_Bioprinting_Project/outputs/topology_correction/case_outputs/892/mask__s3c_closing__r_0.6mm.nii.gz,ok,3.0,14.0,False,3.0,15.0,9986.115086272926,not_watertight,114.60000455379486,113.40000450611115,90.00000357627869,0.4242640855706679,0.6000000238418579,0.5896039989298,/Users/angadkumar16ak/Projects/Automated_Cardiovascular_Segmentation_for_Bioprinting_Project/outputs/topology_correction/mesh_qc/s3c_closing__r_0.6mm/case_outputs/892__s3c_closing__r_0.6mm/segmentation_raw.stl,/Users/angadkumar16ak/Projects/Automated_Cardiovascular_Segmentation_for_Bioprinting_Project/outputs/topology_correction/mesh_qc/s3c_closing__r_0.6mm/case_outputs/892__s3c_closing__r_0.6mm/segmentation_repaired.stl,/Users/angadkumar16ak/Projects/Automated_Cardiovascular_Segmentation_for_Bioprinting_Project/outputs/topology_correction/mesh_qc/s3c_closing__r_0.6mm/case_outputs/892__s3c_closing__r_0.6mm/segmentation_smoothed.stl,True,0.581240632147381,3.141592653589793,0.5328664781937222,3.1380790462400157,not_watertight,0.10927022661641624,False,"phaseb_mesh_qc.run_phaseb_for_case (repository implementation, unmodified)",50.0,50.0,49.0,0.98,False,-36.95703176427277,175.77077446720637,101.12795859997122,-38.5147825954583,175.80403087988296,98.19595496594908,3.320291997846326,False,/Users/angadkumar16ak/Projects/Automated_Cardiovascular_Segmentation_for_Bioprinting_Project/outputs/topology_correction/mesh_qc/s3c_closing__r_0.6mm/case_outputs/892__s3c_closing__r_0.6mm/segmentation_repaired.stl,ok,exact_point_to_surface,84542.0,88441.0,4.044566422230673,2.0446317591100316,11.022286893487374,49.51363892356478,1.0307677256661592,3.013798696564514,7775.227223034464,,,,10.97448175983129,4.8000030517578125,12.0,12.60000228881836,18.049933157081558,8824.033051906628,2.1600002574905375,0.00024478605698601973,0.9974790121643782,ok,exact_point_to_surface,88781.0,88441.0,0.06732093124290929,0.03372100538677684,1.4210854715202004e-14,21.02570039033961,0.0652162841212454,0.0021046471216638906,8659.190194293633,,,,0.3598429883738435,-9.0,0.0,0.0,9.0,0.6996138796699253,0.73915300656866,10.800000429153442,32,0.6630764711642025,0.7404127374607079,8824.033051906628,2.0034103298497263,3.0369331241456976,60,56,True,0.6669565217391304,0.8288770053475936,7902.360942034759,1.0,3.430936400462486,0.0,True,8659.18903225569,32,14,0.0005810923754735464,0.008277484447572814,-0.0358946364687025,0.018619749869967173,0.0004740158408388373,0.0007106737734043911,2.1600002574905375,0.011740610066558688,-18,largest_component_reduction,largest reduction in component count (original - corrected)
792,s3c_closing__r_0.6mm,s3c_closing__r_0.6mm,morphological_closing,True,0.6000000238418579,0.6000000238418579,0.6000000238418579,True,0.5,0.6,11,5609.73666873267,3771.144449555415,0.6722498171036926,0.322355232258434,11,0,88.5600105571751,2.86651552377928,1.0392305258366357,1,11,11,0,12.528001493454038,0.0,11,26029,5622.264670226124,0.8143362867257345,0.7821276268777133,0.8493116395494368,0.6868189332343713,20358,5671,3612,5177.520617208505,444.74405301761817,0.08589904046725069,0.8905716768319558,0.8408037094281299,0.9466019417475728,3.4467377248838638,18.20878981014449,0.7071520390374887,0.9913141937363177,0.41467065524183916,647,388.20001542568207,21,7,9,1.1976979093271845,6.924612498617637,,,,,True,/Users/angadkumar16ak/Projects/Automated_Cardiovascular_Segmentation_for_Bioprinting_Project/outputs/topology_correction/case_outputs/792/mask__s3c_closing__r_0.6mm.nii.gz,/Users/angadkumar16ak/Projects/Automated_Cardiovascular_Segmentation_for_Bioprinting_Project/outputs/topology_correction/case_outputs/792/mask__s3c_closing__r_0.6mm.nii.gz,ok,3.0,11.0,True,0.0,10.0,6342.696303586821,5522.706658357885,115.20000457763672,94.80000376701355,85.80000340938568,0.4242640855706679,0.6000000238418579,0.5890332500090711,/Users/angadkumar16ak/Projects/Automated_Cardiovascular_Segmentation_for_Bioprinting_Project/outputs/topology_correction/mesh_qc/s3c_closing__r_0.6mm/case_outputs/792__s3c_closing__r_0.6mm/segmentation_raw.stl,/Users/angadkumar16ak/Projects/Automated_Cardiovascular_Segmentation_for_Bioprinting_Project/outputs/topology_correction/mesh_qc/s3c_closing__r_0.6mm/case_outputs/792__s3c_closing__r_0.6mm/segmentation_repaired.stl,/Users/angadkumar16ak/Projects/Automated_Cardiovascular_Segmentation_for_Bioprinting_Project/outputs/topology_correction/mesh_qc/s3c_closing__r_0.6mm/case_outputs/792__s3c_closing__r_0.6mm/segmentation_smoothed.stl,True,0.576338047713316,3.141592653589793,0.518366780225877,3.1332682554850333,-0.0030090456315700525,0.10315417419032617,True,"phaseb_mesh_qc.run_phaseb_for_case (repository implementation, unmodified)",50.0,50.0,50.0,1.0,True,-51.87259336981883,168.564042707311,31.92288357381463,-51.658572165113874,171.26838640470228,29.319545640816468,3.759873442427354,True,/Users/angadkumar16ak/Projects/Automated_Cardiovascular_Segmentation_for_Bioprinting_Project/outputs/topology_correction/mesh_qc/s3c_closing__r_0.6mm/case_outputs/792__s3c_closing__r_0.6mm/segmentation_repaired.stl,ok,exact_point_to_surface,73310.0,74488.0,1.3285260293412966,0.6666734174451954,3.5495925812137648,18.20878935055918,0.3618413599401883,0.9666846694011084,5088.789939993906,5522.706507721722,433.9165677278161,0.08526910578830764,2.827147933163714,0.5999984741210938,-0.5999908447265625,-0.6000003814697266,1.0392245380412994,5609.736668732669,12.528001493454212,0.0022332601748103966,0.9988846153846154,ok,exact_point_to_surface,74463.0,74488.0,0.004045703110659863,0.002022822083034188,7.944109290391274e-15,0.8189953093102575,0.0021984486722579815,0.001847254438401881,5509.296488381145,5522.706507721722,13.410019340577492,0.002434071095802996,0.009180819049663362,0.0,0.0,0.0,0.0,0.8148014657295609,0.8918553754075662,3.4204252047246033,11,0.7834122675291672,0.848811013767209,5609.736668732669,0.7050912276646913,1.171861172617291,21,5,True,0.845679012345679,0.9433656957928802,5177.520617208505,1.0,3.7303033898417457,0.0,True,5509.296656759286,11,11,-0.0004651790038263659,-0.0012836985756103925,0.026312520159260444,0.0020608113727973443,-0.0012846406514538389,0.0005006257822277593,12.528001493454212,0.025836736709893504,0,no_improvement,"zero change in component count, tie-broken by highest original component count"
793,s3c_closing__r_0.6mm,s3c_closing__r_0.6mm,morphological_closing,True,0.6000000238418579,0.6000000238418579,0.6000000238418579,True,0.5,0.6,9,4570.9925449047305,1981.5842362232302,0.43351290048199603,0.933398735557009,9,0,108.64801295185141,3.704540915710085,1.2000000476837158,0,9,9,0,6.480000772476227,0.0,9,21192,4577.472545677207,0.720714900947459,0.6317478293695734,0.8388471177944862,0.5633731695000842,13388,7804,2572,3447.360410957353,1130.1121347198537,0.32781954887218034,0.8031805840305868,0.6925465838509317,0.9558823529411765,16.897751573240534,47.789540503161355,2.5523614469884257,4.249126110686322,0.4299247525759003,644,386.4000153541565,23,13,8,3.7242652141705443,26.822107371097363,,,,,True,/Users/angadkumar16ak/Projects/Automated_Cardiovascular_Segmentation_for_Bioprinting_Project/outputs/topology_correction/case_outputs/793/mask__s3c_closing__r_0.6mm.nii.gz,/Users/angadkumar16ak/Projects/Automated_Cardiovascular_Segmentation_for_Bioprinting_Project/outputs/topology_correction/case_outputs/793/mask__s3c_closing__r_0.6mm.nii.gz,ok,3.0,9.0,True,0.0,8.0,5559.0230981550685,4485.348534695169,98.4000039100647,79.8000031709671,82.80000329017639,0.4242640855706679,0.6000000238418579,0.5908145337082038,/Users/angadkumar16ak/Projects/Automated_Cardiovascular_Segmentation_for_Bioprinting_Project/outputs/topology_correction/mesh_qc/s3c_closing__r_0.6mm/case_outputs/793__s3c_closing__r_0.6mm/segmentation_raw.stl,/Users/angadkumar16ak/Projects/Automated_Cardiovascular_Segmentation_for_Bioprinting_Project/outputs/topology_correction/mesh_qc/s3c_closing__r_0.6mm/case_outputs/793__s3c_closing__r_0.6mm/segmentation_repaired.stl,/Users/angadkumar16ak/Projects/Automated_Cardiovascular_Segmentation_for_Bioprinting_Project/outputs/topology_correction/mesh_qc/s3c_closing__r_0.6mm/case_outputs/793__s3c_closing__r_0.6mm/segmentation_smoothed.stl,True,0.5920745768651878,3.141592653589793,0.5423294051646207,3.1383883011634626,-0.003610619462105775,0.07059267648169121,True,"phaseb_mesh_qc.run_phaseb_for_case (repository implementation, unmodified)",50.0,50.0,50.0,1.0,True,-31.34049379373326,163.04532172297726,116.07115284099517,-35.84261482824644,162.24067023124294,116.12258632829413,4.573751549458281,True,/Users/angadkumar16ak/Projects/Automated_Cardiovascular_Segmentation_for_Bioprinting_Project/outputs/topology_correction/mesh_qc/s3c_closing__r_0.6mm/case_outputs/793__s3c_closing__r_0.6mm/segmentation_repaired.stl,ok,exact_point_to_surface,66477.0,71299.0,4.7443962715064725,2.4418956391084783,15.72038044168291,47.640683221161815,0.3807748213045013,4.363621450201971,3382.111076717776,4485.34915248225,1103.2380757644742,0.3261980611337961,7.876560863314559,6.600005149841309,0.5999908447265625,8.399993896484375,10.699530571602768,4570.9925449047305,6.48000077247616,0.0014176353841791744,0.9992916843745573,ok,exact_point_to_surface,71278.0,71299.0,0.0022052990225679683,0.0011026457640900562,1.4210854715202004e-14,0.7035532550025924,0.0011280906383623135,0.0010772083842056546,4478.5001629971075,4485.34915248225,6.848989485142738,0.0015293042839947667,0.018274308299883402,0.0,0.0,0.0,0.0,0.7211357146705457,0.8064965844137739,16.94402533648623,9,0.6325016539079482,0.8386591478696742,4570.9925449047305,2.558699406182538,3.733698261023212,22,8,True,0.6974921630094044,0.9558823529411765,3447.360410957353,1.0,4.581544233386983,0.0,True,4478.499533878704,9,9,-0.000420813723086666,-0.0033160003831871343,-0.0462737632456971,-0.006337959194112397,-0.0007538245383748032,0.0001879699248119593,6.48000077247616,-0.009433046852667548,0,no_improvement,"zero change in component count, tie-broken by highest original component count"
878,s3c_closing__r_0.6mm,s3c_closing__r_0.6mm,morphological_closing,True,0.6000000238418579,0.6000000238418579,0.6000000238418579,True,0.5,0.6,9,6549.552780767472,3537.6484217205216,0.5401358749422862,0.7859934057882525,9,0,42.768005098343096,3.503068075533761,1.4696939040702932,0,9,9,0,7.776000926971473,0.0,9,30358,6557.328781694443,0.793173560881304,0.7838461031688517,0.8027256780461476,0.6572391316356405,23796,6562,5848,6403.1047633095095,154.22401838493352,0.02408581837808652,0.9087843711637856,0.9251968503937008,0.8929440389294404,4.2426408557066795,25.610936182182783,0.8060251287268463,0.8193295587718132,0.7934826821405323,762,457.2000181674957,22,16,9,1.0551536070546328,5.228226069201658,,,,,True,/Users/angadkumar16ak/Projects/Automated_Cardiovascular_Segmentation_for_Bioprinting_Project/outputs/topology_correction/case_outputs/878/mask__s3c_closing__r_0.6mm.nii.gz,/Users/angadkumar16ak/Projects/Automated_Cardiovascular_Segmentation_for_Bioprinting_Project/outputs/topology_correction/case_outputs/878/mask__s3c_closing__r_0.6mm.nii.gz,ok,3.0,9.0,True,0.0,9.0,7418.5305433788235,6442.848768047365,114.60000455379486,84.60000336170197,86.40000343322754,0.4242640855706679,0.6000000238418579,0.5887079465569603,/Users/angadkumar16ak/Projects/Automated_Cardiovascular_Segmentation_for_Bioprinting_Project/outputs/topology_correction/mesh_qc/s3c_closing__r_0.6mm/case_outputs/878__s3c_closing__r_0.6mm/segmentation_raw.stl,/Users/angadkumar16ak/Projects/Automated_Cardiovascular_Segmentation_for_Bioprinting_Project/outputs/topology_correction/mesh_qc/s3c_closing__r_0.6mm/case_outputs/878__s3c_closing__r_0.6mm/segmentation_repaired.stl,/Users/angadkumar16ak/Projects/Automated_Cardiovascular_Segmentation_for_Bioprinting_Project/outputs/topology_correction/mesh_qc/s3c_closing__r_0.6mm/case_outputs/878__s3c_closing__r_0.6mm/segmentation_smoothed.stl,True,0.5817000185214308,3.141592653589793,0.52376451777724,3.139366514543003,-0.0028718972930958453,0.08883984452203703,True,"phaseb_mesh_qc.run_phaseb_for_case (repository implementation, unmodified)",50.0,50.0,50.0,1.0,True,-16.404852935381825,175.80551080961646,-237.06765437883638,-20.368440107628345,175.5145819370235,-237.78247816820038,4.038023765500407,True,/Users/angadkumar16ak/Projects/Automated_Cardiovascular_Segmentation_for_Bioprinting_Project/outputs/topology_correction/mesh_qc/s3c_closing__r_0.6mm/case_outputs/878__s3c_closing__r_0.6mm/segmentation_repaired.stl,ok,exact_point_to_surface,80395.0,78678.0,1.5526939704567044,0.7760470962939042,4.260836853554448,25.610939561447022,0.7485635067953669,0.8041304636613374,6284.934465587193,6442.84828759417,157.91382200697717,0.02512577066183036,2.1939398020025935,7.1999969482421875,-4.20001220703125,0.0,8.335469908403985,6549.552780767472,7.776000926971392,0.0011872567772574247,0.9994067237969677,ok,exact_point_to_surface,78664.0,78678.0,0.002160940952315504,0.001080460544263514,1.0658141036401503e-14,0.7274998109587242,0.00119209219781507,0.000968848754500434,6434.919256430873,6442.84828759417,7.929031163296713,0.0012321881359074812,0.010804783881971959,0.0,0.0,0.0,0.0,0.7932161558216323,0.9087843711637856,4.2426408557066795,9,0.7843479981531561,0.8022871407367427,6549.552780767472,0.8049115955130749,1.0526426503478628,22,16,True,0.9251968503937008,0.8929440389294404,6403.1047633095095,1.0,4.0129573765284166,0.0,True,6434.919767102154,9,9,-4.259494032832212e-05,0.0,0.0,0.0011135332137713894,-0.0005018949843044185,0.0004385373094049072,7.776000926971392,0.00251095670677004,0,no_improvement,"zero change in component count, tie-broken by highest original component count"
932,s3c_closing__r_0.6mm,s3c_closing__r_0.6mm,morphological_closing,True,0.6000000238418579,0.6000000238418579,0.6000000238418579,True,0.5,0.6,4,6768.3608068514195,4432.968528450987,0.6549545236955481,0.5183452711591873,3,1,1165.9681389942223,2.6153394700486534,2.4000000953674316,0,4,3,0,25.056002986908076,0.0,3,31435,6789.96080942634,0.8184475371176139,0.7838714808334659,0.856214600924285,0.6926882748151688,24641,6794,4138,6216.264741036444,573.696068389896,0.09228951666145466,0.9230595588641026,0.9378172588832487,0.9087591240875912,3.231099012673037,14.096808709521705,0.6293212549831398,0.5093339605781684,0.747569483074008,788,472.80001878738403,12,20,3,0.8204395324701089,3.8418746951220877,,,,,True,/Users/angadkumar16ak/Projects/Automated_Cardiovascular_Segmentation_for_Bioprinting_Project/outputs/topology_correction/case_outputs/932/mask__s3c_closing__r_0.6mm.nii.gz,/Users/angadkumar16ak/Projects/Automated_Cardiovascular_Segmentation_for_Bioprinting_Project/outputs/topology_correction/case_outputs/932/mask__s3c_closing__r_0.6mm.nii.gz,ok,3.0,3.0,True,0.0,3.0,7468.126876688122,6684.462796849996,98.4000039100647,87.0000034570694,84.00000333786011,0.4242640855706679,0.6000000238418579,0.5919095736689185,/Users/angadkumar16ak/Projects/Automated_Cardiovascular_Segmentation_for_Bioprinting_Project/outputs/topology_correction/mesh_qc/s3c_closing__r_0.6mm/case_outputs/932__s3c_closing__r_0.6mm/segmentation_raw.stl,/Users/angadkumar16ak/Projects/Automated_Cardiovascular_Segmentation_for_Bioprinting_Project/outputs/topology_correction/mesh_qc/s3c_closing__r_0.6mm/case_outputs/932__s3c_closing__r_0.6mm/segmentation_repaired.stl,/Users/angadkumar16ak/Projects/Automated_Cardiovascular_Segmentation_for_Bioprinting_Project/outputs/topology_correction/mesh_qc/s3c_closing__r_0.6mm/case_outputs/932__s3c_closing__r_0.6mm/segmentation_smoothed.stl,True,0.5650293677643172,3.141592653589793,0.5031783033033489,3.1408547624135417,-0.0022302959840453636,0.09072689677111499,True,"phaseb_mesh_qc.run_phaseb_for_case (repository implementation, unmodified)",50.0,50.0,50.0,1.0,True,-50.27931852309982,159.79819997065735,-200.1804098812749,-51.72905276580518,160.27965913249838,-203.03354422265565,3.236341741682935,True,/Users/angadkumar16ak/Projects/Automated_Cardiovascular_Segmentation_for_Bioprinting_Project/outputs/topology_correction/mesh_qc/s3c_closing__r_0.6mm/case_outputs/932__s3c_closing__r_0.6mm/segmentation_repaired.stl,ok,exact_point_to_surface,78539.0,78485.0,1.1796585393859307,0.5898677755836641,3.354104695825477,14.096812565676146,0.7017986952683246,0.4778598441176061,6104.322810497041,6684.463396881253,580.1405863842119,0.09503766501119464,4.284285244182302,-1.2000045776367188,-7.8000030517578125,3.0,8.442751837746995,6768.3608068514195,21.600002574920836,0.003191319610659019,0.9978970845945515,ok,exact_point_to_surface,78490.0,78485.0,0.011685216108654846,0.005842708704438344,1.4210854715202004e-14,4.818716941067602,0.009002518286697575,0.002682697821957271,6660.505459946989,6684.463396881253,23.95793693426458,0.003597014832933605,0.0799813050767764,0.0,0.0,0.0,0.0,0.8200086502312274,0.9260504440687523,3.0000001192092896,4,0.7865645444391256,0.856423086278189,6768.3608068514195,0.6148166755005579,0.7790827692065393,12,14,True,0.9414012738853503,0.9111922141119222,6216.264741036444,1.0,3.243442642902849,0.0,True,6660.5047939939805,4,3,-0.0015611131136135104,-0.0029908852046496293,0.23109889346374723,0.014504579482581992,-0.0026930636056596846,-0.00020848535390394218,21.600002574920836,0.04135676326356963,-1,largest_fidelity_loss,"largest decrease in Dice (corrected - original), i.e. the worst anatomical cost"
973,s3c_closing__r_0.6mm,s3c_closing__r_0.6mm,morphological_closing,True,0.6000000238418579,0.6000000238418579,0.6000000238418579,True,0.5,0.6,10,8895.529060429617,5269.536628177668,0.5923803511157515,0.6249385145105755,5,5,7.452000888347661,5.969924859863211,1.8000000715255737,0,10,5,0,38.448004583358944,0.0,5,41350,8931.601064729733,0.8305035971223022,0.8026360338573156,0.8603758911211925,0.7101377952755905,33189,8161,5386,8332.200993275683,599.4000714540507,0.0719377835385612,0.8838650145003955,0.8682983682983683,0.9,5.499091052461245,31.257640308381635,1.0089252870744012,1.322722974889943,0.7072608733383295,858,514.8000204563141,23,25,5,1.539888499850313,7.915479705745368,,,,,True,/Users/angadkumar16ak/Projects/Automated_Cardiovascular_Segmentation_for_Bioprinting_Project/outputs/topology_correction/case_outputs/973/mask__s3c_closing__r_0.6mm.nii.gz,/Users/angadkumar16ak/Projects/Automated_Cardiovascular_Segmentation_for_Bioprinting_Project/outputs/topology_correction/case_outputs/973/mask__s3c_closing__r_0.6mm.nii.gz,ok,3.0,5.0,True,0.0,5.0,8950.072546422043,8815.42005087988,105.60000419616699,88.20000350475311,93.60000371932983,0.4242640855706679,0.6000000238418579,0.5884575246131337,/Users/angadkumar16ak/Projects/Automated_Cardiovascular_Segmentation_for_Bioprinting_Project/outputs/topology_correction/mesh_qc/s3c_closing__r_0.6mm/case_outputs/973__s3c_closing__r_0.6mm/segmentation_raw.stl,/Users/angadkumar16ak/Projects/Automated_Cardiovascular_Segmentation_for_Bioprinting_Project/outputs/topology_correction/mesh_qc/s3c_closing__r_0.6mm/case_outputs/973__s3c_closing__r_0.6mm/segmentation_repaired.stl,/Users/angadkumar16ak/Projects/Automated_Cardiovascular_Segmentation_for_Bioprinting_Project/outputs/topology_correction/mesh_qc/s3c_closing__r_0.6mm/case_outputs/973__s3c_closing__r_0.6mm/segmentation_smoothed.stl,True,0.5966416663089718,3.141592653589793,0.5448154770991104,3.13995436228328,-0.001905045019609109,0.13651753325272067,True,"phaseb_mesh_qc.run_phaseb_for_case (repository implementation, unmodified)",50.0,50.0,50.0,1.0,True,-19.22927045571329,190.42624125632005,126.40261751302353,-23.7434053893148,189.5278162016891,126.85386252605457,4.624738245494065,True,/Users/angadkumar16ak/Projects/Automated_Cardiovascular_Segmentation_for_Bioprinting_Project/outputs/topology_correction/mesh_qc/s3c_closing__r_0.6mm/case_outputs/973__s3c_closing__r_0.6mm/segmentation_repaired.stl,ok,exact_point_to_surface,83412.0,84625.0,1.931086123709676,0.9677302084496036,5.542561702917741,31.257647992356507,0.6625574457422249,1.2685286779674512,8215.300126880598,8815.420371544313,600.1202446637144,0.07304909563804139,2.9490896267794504,-0.5999984741210938,2.399993896484375,2.9999923706054688,3.8884345302191874,8895.529060429615,36.07200430011835,0.004055071267270553,0.9977100069063284,ok,exact_point_to_surface,84689.0,84625.0,0.01531755859250921,0.007660247923187179,1.4210854715202004e-14,7.891766354645239,0.011544077740968004,0.003773480851541207,8775.946360241718,8815.420371544313,39.47401130259459,0.0044979777316582585,0.047899828171805624,0.0,0.0,0.0,0.0,0.8315905614483814,0.8831733066863622,4.2426408557066795,10,0.8052594517155137,0.8597018794556059,8895.529060429615,0.9460804035528131,1.4302230919213743,24,30,True,0.865979381443299,0.9010638297872341,8332.200993275683,1.0,4.661064498390907,0.0,True,8775.946046174211,10,5,-0.0010869643260792428,0.0006917078140332711,1.2564501967545656,0.06284488352158812,-0.002623417858198085,0.0006740116655865602,36.07200430011835,0.10966540792893875,-5,largest_fidelity_loss,"largest decrease in Dice (corrected - original), i.e. the worst anatomical cost"
914,s3c_closing__r_0.6mm,s3c_closing__r_0.6mm,morphological_closing,True,0.6000000238418579,0.6000000238418579,0.6000000238418579,True,0.5,0.6,10,4889.376582859062,2355.264280769359,0.48171054956706133,0.9094827586206896,7,3,14.040001673698493,2.163330851241435,1.3416408398118889,0,10,7,0,13.608001622200076,0.0,7,22670,4896.7205837345355,0.735980160494116,0.6938244375827084,0.7835898968764011,0.5822536462574961,15729,6941,4344,4335.768516863844,560.9520668706919,0.1293777711353559,0.8242320819112628,0.7777777777777778,0.8765880217785844,10.883014720782366,59.85883631309265,1.9520884264333214,3.180998406995159,0.5950260595193162,576,345.60001373291016,18,12,6,2.604886253854172,14.937453906252562,,,,,True,/Users/angadkumar16ak/Projects/Automated_Cardiovascular_Segmentation_for_Bioprinting_Project/outputs/topology_correction/case_outputs/914/mask__s3c_closing__r_0.6mm.nii.gz,/Users/angadkumar16ak/Projects/Automated_Cardiovascular_Segmentation_for_Bioprinting_Project/outputs/topology_correction/case_outputs/914/mask__s3c_closing__r_0.6mm.nii.gz,ok,3.0,7.0,True,0.0,7.0,5758.619542141721,4808.898573265337,95.40000379085541,78.00000309944153,100.20000398159027,0.4242640855706679,0.6000000238418579,0.589563038189128,/Users/angadkumar16ak/Projects/Automated_Cardiovascular_Segmentation_for_Bioprinting_Project/outputs/topology_correction/mesh_qc/s3c_closing__r_0.6mm/case_outputs/914__s3c_closing__r_0.6mm/segmentation_raw.stl,/Users/angadkumar16ak/Projects/Automated_Cardiovascular_Segmentation_for_Bioprinting_Project/outputs/topology_correction/mesh_qc/s3c_closing__r_0.6mm/case_outputs/914__s3c_closing__r_0.6mm/segmentation_repaired.stl,/Users/angadkumar16ak/Projects/Automated_Cardiovascular_Segmentation_for_Bioprinting_Project/outputs/topology_correction/mesh_qc/s3c_closing__r_0.6mm/case_outputs/914__s3c_closing__r_0.6mm/segmentation_smoothed.stl,True,0.5699281697223536,3.141592653589793,0.5151094850139992,3.1376914025706135,-0.0029973189065609887,0.06193206881340979,True,"phaseb_mesh_qc.run_phaseb_for_case (repository implementation, unmodified)",50.0,48.0,48.0,1.0,True,-23.386895255917324,145.22938130981973,-1109.8864725791361,-25.295366049550406,145.29629314782474,-1111.2815958632475,2.364975040478316,True,/Users/angadkumar16ak/Projects/Automated_Cardiovascular_Segmentation_for_Bioprinting_Project/outputs/topology_correction/mesh_qc/s3c_closing__r_0.6mm/case_outputs/914__s3c_closing__r_0.6mm/segmentation_repaired.stl,ok,exact_point_to_surface,69667.0,72184.0,3.882953147403298,1.966335823757474,11.206347815543733,59.85890401517527,0.5404795615169761,3.342473585886322,4265.5950699199375,4808.897369362682,543.3022994427447,0.12736846572099544,6.034776753455276,2.3999996185302734,10.199996948242188,21.60009765625,24.007585356978993,4889.376582859062,7.344000875473284,0.0015020321611592619,0.9979693638811636,ok,exact_point_to_surface,72266.0,72184.0,0.012045434348553711,0.0060249297184043725,5.493080158226685e-14,3.979963493672505,0.009920302530616296,0.0021251318179374154,4799.528178936424,4808.897369362682,9.369190426257774,0.0019521065565103082,0.08609155730428777,0.0,0.0,0.0,0.0,0.7370343487321174,0.8209027097154318,10.833282481636626,10,0.6953083583672027,0.784088078513426,4889.376582859062,1.9434868660199263,2.608027856285569,24,12,True,0.7718696397941681,0.8765880217785844,4335.768516863844,1.0,2.373959312044368,0.0,True,4799.529572148465,10,7,-0.0010541882380014078,0.0033293721958310707,0.04973223914574021,0.008601560413395104,-0.0014839207844943303,-0.0004981816370248637,7.344000875473284,-0.0031416024313970503,-3,largest_fidelity_loss,"largest decrease in Dice (corrected - original), i.e. the worst anatomical cost"
