case_id,mask_path,status,target_wall_thickness_mm,voxel_connected_component_count,watertight,non_manifold_edge_count,connected_component_count,surface_area_mm2,volume_mm3,bbox_x_mm,bbox_y_mm,bbox_z_mm,edge_length_min_mm,edge_length_median_mm,edge_length_mean_mm,raw_stl,repaired_stl,smoothed_stl,repair_success,surface_roughness_pre_mean,surface_roughness_pre_max,surface_roughness_post_mean,surface_roughness_post_max,smoothing_volume_change_relative,wall_thickness_compliance_fraction,slicer_compatibility_proxy
1000__groundtruth,/Users/angadkumar16ak/Projects/Automated_Cardiovascular_Segmentation_for_Bioprinting_Project/outputs/topology_correction/case_outputs/1000/ground_truth_mask.nii.gz,ok,3.0,2,True,0,2,7289.908244409172,5637.861672085431,112.20000445842743,98.4000039100647,84.60000336170197,0.4242640855706679,0.6000000238418579,0.5916007039829222,/Users/angadkumar16ak/Projects/Automated_Cardiovascular_Segmentation_for_Bioprinting_Project/outputs/topology_correction/mesh_qc/ground_truth/case_outputs/1000__groundtruth/segmentation_raw.stl,/Users/angadkumar16ak/Projects/Automated_Cardiovascular_Segmentation_for_Bioprinting_Project/outputs/topology_correction/mesh_qc/ground_truth/case_outputs/1000__groundtruth/segmentation_repaired.stl,/Users/angadkumar16ak/Projects/Automated_Cardiovascular_Segmentation_for_Bioprinting_Project/outputs/topology_correction/mesh_qc/ground_truth/case_outputs/1000__groundtruth/segmentation_smoothed.stl,True,0.6052783021575995,3.141592653589793,0.5478376810487063,3.1380292412038107,-0.003039535653431698,0.046417305092383954,True
751__groundtruth,/Users/angadkumar16ak/Projects/Automated_Cardiovascular_Segmentation_for_Bioprinting_Project/outputs/topology_correction/case_outputs/751/ground_truth_mask.nii.gz,ok,3.0,2,True,0,2,8469.00424816007,6582.825784733923,103.20000410079956,92.40000367164612,80.40000319480896,0.4242640855706679,0.6000000238418579,0.5940550396867923,/Users/angadkumar16ak/Projects/Automated_Cardiovascular_Segmentation_for_Bioprinting_Project/outputs/topology_correction/mesh_qc/ground_truth/case_outputs/751__groundtruth/segmentation_raw.stl,/Users/angadkumar16ak/Projects/Automated_Cardiovascular_Segmentation_for_Bioprinting_Project/outputs/topology_correction/mesh_qc/ground_truth/case_outputs/751__groundtruth/segmentation_repaired.stl,/Users/angadkumar16ak/Projects/Automated_Cardiovascular_Segmentation_for_Bioprinting_Project/outputs/topology_correction/mesh_qc/ground_truth/case_outputs/751__groundtruth/segmentation_smoothed.stl,True,0.5848030849867027,3.141592653589793,0.528106330353317,3.1400894896347937,-0.0028395768397839445,0.041190667739340305,True
752__groundtruth,/Users/angadkumar16ak/Projects/Automated_Cardiovascular_Segmentation_for_Bioprinting_Project/outputs/topology_correction/case_outputs/752/ground_truth_mask.nii.gz,ok,3.0,3,True,0,2,8804.358682212642,6883.353820559653,101.40000402927399,86.40000343322754,105.60000419616699,0.4242640855706679,0.6000000238418579,0.5912857592126021,/Users/angadkumar16ak/Projects/Automated_Cardiovascular_Segmentation_for_Bioprinting_Project/outputs/topology_correction/mesh_qc/ground_truth/case_outputs/752__groundtruth/segmentation_raw.stl,/Users/angadkumar16ak/Projects/Automated_Cardiovascular_Segmentation_for_Bioprinting_Project/outputs/topology_correction/mesh_qc/ground_truth/case_outputs/752__groundtruth/segmentation_repaired.stl,/Users/angadkumar16ak/Projects/Automated_Cardiovascular_Segmentation_for_Bioprinting_Project/outputs/topology_correction/mesh_qc/ground_truth/case_outputs/752__groundtruth/segmentation_smoothed.stl,True,0.5841720690328752,3.141592653589793,0.5055406709561889,3.1378589371677807,-0.0032134635886889914,0.04902292660409294,True
753__groundtruth,/Users/angadkumar16ak/Projects/Automated_Cardiovascular_Segmentation_for_Bioprinting_Project/outputs/topology_correction/case_outputs/753/ground_truth_mask.nii.gz,ok,3.0,2,True,0,2,5564.229726936657,4025.8894799233844,108.00000429153442,94.80000376701355,80.40000319480896,0.4242640855706679,0.6000000238418579,0.5915155461104966,/Users/angadkumar16ak/Projects/Automated_Cardiovascular_Segmentation_for_Bioprinting_Project/outputs/topology_correction/mesh_qc/ground_truth/case_outputs/753__groundtruth/segmentation_raw.stl,/Users/angadkumar16ak/Projects/Automated_Cardiovascular_Segmentation_for_Bioprinting_Project/outputs/topology_correction/mesh_qc/ground_truth/case_outputs/753__groundtruth/segmentation_repaired.stl,/Users/angadkumar16ak/Projects/Automated_Cardiovascular_Segmentation_for_Bioprinting_Project/outputs/topology_correction/mesh_qc/ground_truth/case_outputs/753__groundtruth/segmentation_smoothed.stl,True,0.626060877234124,3.141592653589793,0.555373614236611,3.140111161328576,-0.003195050435690747,0.027347645792871765,True
754__groundtruth,/Users/angadkumar16ak/Projects/Automated_Cardiovascular_Segmentation_for_Bioprinting_Project/outputs/topology_correction/case_outputs/754/ground_truth_mask.nii.gz,ok,3.0,2,True,0,2,7328.317597317647,6099.579727126508,88.80000352859497,85.20000338554382,112.20000445842743,0.4242640855706679,0.6000000238418579,0.5884165583559511,/Users/angadkumar16ak/Projects/Automated_Cardiovascular_Segmentation_for_Bioprinting_Project/outputs/topology_correction/mesh_qc/ground_truth/case_outputs/754__groundtruth/segmentation_raw.stl,/Users/angadkumar16ak/Projects/Automated_Cardiovascular_Segmentation_for_Bioprinting_Project/outputs/topology_correction/mesh_qc/ground_truth/case_outputs/754__groundtruth/segmentation_repaired.stl,/Users/angadkumar16ak/Projects/Automated_Cardiovascular_Segmentation_for_Bioprinting_Project/outputs/topology_correction/mesh_qc/ground_truth/case_outputs/754__groundtruth/segmentation_smoothed.stl,True,0.5714406639527646,3.141592653589793,0.47972477954485737,3.138126519343527,-0.0028283061573045787,0.08298249886921123,True
755__groundtruth,/Users/angadkumar16ak/Projects/Automated_Cardiovascular_Segmentation_for_Bioprinting_Project/outputs/topology_correction/case_outputs/755/ground_truth_mask.nii.gz,ok,3.0,2,True,0,2,6106.3094185627715,4661.460555689357,100.20000398159027,87.0000034570694,69.00000274181366,0.4242640855706679,0.6000000238418579,0.5928994848926361,/Users/angadkumar16ak/Projects/Automated_Cardiovascular_Segmentation_for_Bioprinting_Project/outputs/topology_correction/mesh_qc/ground_truth/case_outputs/755__groundtruth/segmentation_raw.stl,/Users/angadkumar16ak/Projects/Automated_Cardiovascular_Segmentation_for_Bioprinting_Project/outputs/topology_correction/mesh_qc/ground_truth/case_outputs/755__groundtruth/segmentation_repaired.stl,/Users/angadkumar16ak/Projects/Automated_Cardiovascular_Segmentation_for_Bioprinting_Project/outputs/topology_correction/mesh_qc/ground_truth/case_outputs/755__groundtruth/segmentation_smoothed.stl,True,0.6033143096967051,3.141592653589793,0.5401837478250888,3.138180039528641,-0.0029357214311205213,0.0390625,True
756__groundtruth,/Users/angadkumar16ak/Projects/Automated_Cardiovascular_Segmentation_for_Bioprinting_Project/outputs/topology_correction/case_outputs/756/ground_truth_mask.nii.gz,ok,3.0,2,True,0,2,6555.818472831639,4886.694582539344,108.00000429153442,88.80000352859497,80.40000319480896,0.4242640855706679,0.6000000238418579,0.5906797898551026,/Users/angadkumar16ak/Projects/Automated_Cardiovascular_Segmentation_for_Bioprinting_Project/outputs/topology_correction/mesh_qc/ground_truth/case_outputs/756__groundtruth/segmentation_raw.stl,/Users/angadkumar16ak/Projects/Automated_Cardiovascular_Segmentation_for_Bioprinting_Project/outputs/topology_correction/mesh_qc/ground_truth/case_outputs/756__groundtruth/segmentation_repaired.stl,/Users/angadkumar16ak/Projects/Automated_Cardiovascular_Segmentation_for_Bioprinting_Project/outputs/topology_correction/mesh_qc/ground_truth/case_outputs/756__groundtruth/segmentation_smoothed.stl,True,0.6171255141976925,3.141592653589793,0.5503799455899553,3.1378459421822615,-0.003332126840996074,0.03971275307146565,True
757__groundtruth,/Users/angadkumar16ak/Projects/Automated_Cardiovascular_Segmentation_for_Bioprinting_Project/outputs/topology_correction/case_outputs/757/ground_truth_mask.nii.gz,ok,3.0,2,True,0,2,8632.320115137458,6955.182829122336,117.60000467300415,109.20000433921814,99.00000393390656,0.4242640855706679,0.6000000238418579,0.5988075972977257,/Users/angadkumar16ak/Projects/Automated_Cardiovascular_Segmentation_for_Bioprinting_Project/outputs/topology_correction/mesh_qc/ground_truth/case_outputs/757__groundtruth/segmentation_raw.stl,/Users/angadkumar16ak/Projects/Automated_Cardiovascular_Segmentation_for_Bioprinting_Project/outputs/topology_correction/mesh_qc/ground_truth/case_outputs/757__groundtruth/segmentation_repaired.stl,/Users/angadkumar16ak/Projects/Automated_Cardiovascular_Segmentation_for_Bioprinting_Project/outputs/topology_correction/mesh_qc/ground_truth/case_outputs/757__groundtruth/segmentation_smoothed.stl,True,0.5670488023323983,3.141592653589793,0.5286945117478727,3.1403686196169747,-0.0025468673173759913,0.062140005485630694,True
758__groundtruth,/Users/angadkumar16ak/Projects/Automated_Cardiovascular_Segmentation_for_Bioprinting_Project/outputs/topology_correction/case_outputs/758/ground_truth_mask.nii.gz,ok,3.0,2,True,0,2,7343.489600478391,5413.770645371701,112.20000445842743,87.0000034570694,116.40000462532043,0.4242640855706679,0.6000000238418579,0.5928035880502912,/Users/angadkumar16ak/Projects/Automated_Cardiovascular_Segmentation_for_Bioprinting_Project/outputs/topology_correction/mesh_qc/ground_truth/case_outputs/758__groundtruth/segmentation_raw.stl,/Users/angadkumar16ak/Projects/Automated_Cardiovascular_Segmentation_for_Bioprinting_Project/outputs/topology_correction/mesh_qc/ground_truth/case_outputs/758__groundtruth/segmentation_repaired.stl,/Users/angadkumar16ak/Projects/Automated_Cardiovascular_Segmentation_for_Bioprinting_Project/outputs/topology_correction/mesh_qc/ground_truth/case_outputs/758__groundtruth/segmentation_smoothed.stl,True,0.5727314796513304,3.141592653589793,0.5011984832046098,3.1387204162620788,-0.0030732429059970455,0.026751542607201438,True
759__groundtruth,/Users/angadkumar16ak/Projects/Automated_Cardiovascular_Segmentation_for_Bioprinting_Project/outputs/topology_correction/case_outputs/759/ground_truth_mask.nii.gz,ok,3.0,2,True,0,2,6338.747198905498,4823.289574980879,91.80000364780426,81.00000321865082,86.40000343322754,0.4242640855706679,0.6000000238418579,0.5901813099047328,/Users/angadkumar16ak/Projects/Automated_Cardiovascular_Segmentation_for_Bioprinting_Project/outputs/topology_correction/mesh_qc/ground_truth/case_outputs/759__groundtruth/segmentation_raw.stl,/Users/angadkumar16ak/Projects/Automated_Cardiovascular_Segmentation_for_Bioprinting_Project/outputs/topology_correction/mesh_qc/ground_truth/case_outputs/759__groundtruth/segmentation_repaired.stl,/Users/angadkumar16ak/Projects/Automated_Cardiovascular_Segmentation_for_Bioprinting_Project/outputs/topology_correction/mesh_qc/ground_truth/case_outputs/759__groundtruth/segmentation_smoothed.stl,True,0.6103412754144092,3.141592653589793,0.5336907884815066,3.1407576881595007,-0.0028828691593475193,0.037843533233822106,True
760__groundtruth,/Users/angadkumar16ak/Projects/Automated_Cardiovascular_Segmentation_for_Bioprinting_Project/outputs/topology_correction/case_outputs/760/ground_truth_mask.nii.gz,ok,3.0,3,True,0,2,9562.827911866241,7462.962889654435,111.00000441074371,85.80000340938568,96.60000383853912,0.4242640855706679,0.6000000238418579,0.590532077296841,/Users/angadkumar16ak/Projects/Automated_Cardiovascular_Segmentation_for_Bioprinting_Project/outputs/topology_correction/mesh_qc/ground_truth/case_outputs/760__groundtruth/segmentation_raw.stl,/Users/angadkumar16ak/Projects/Automated_Cardiovascular_Segmentation_for_Bioprinting_Project/outputs/topology_correction/mesh_qc/ground_truth/case_outputs/760__groundtruth/segmentation_repaired.stl,/Users/angadkumar16ak/Projects/Automated_Cardiovascular_Segmentation_for_Bioprinting_Project/outputs/topology_correction/mesh_qc/ground_truth/case_outputs/760__groundtruth/segmentation_smoothed.stl,True,0.6052161707246906,3.141592653589793,0.5319101617039835,3.1376439650725083,-0.0029645134967615804,0.06040306556911723,True
761__groundtruth,/Users/angadkumar16ak/Projects/Automated_Cardiovascular_Segmentation_for_Bioprinting_Project/outputs/topology_correction/case_outputs/761/ground_truth_mask.nii.gz,ok,3.0,3,True,0,3,9017.471863728593,7062.282841889651,106.20000422000885,81.60000324249268,84.00000333786011,0.4242640855706679,0.6000000238418579,0.5933964897131725,/Users/angadkumar16ak/Projects/Automated_Cardiovascular_Segmentation_for_Bioprinting_Project/outputs/topology_correction/mesh_qc/ground_truth/case_outputs/761__groundtruth/segmentation_raw.stl,/Users/angadkumar16ak/Projects/Automated_Cardiovascular_Segmentation_for_Bioprinting_Project/outputs/topology_correction/mesh_qc/ground_truth/case_outputs/761__groundtruth/segmentation_repaired.stl,/Users/angadkumar16ak/Projects/Automated_Cardiovascular_Segmentation_for_Bioprinting_Project/outputs/topology_correction/mesh_qc/ground_truth/case_outputs/761__groundtruth/segmentation_smoothed.stl,True,0.6100750717859029,3.141592653589793,0.5529655121939959,3.1399064847255307,-0.0025965777693896,0.052495722904223066,True
762__groundtruth,/Users/angadkumar16ak/Projects/Automated_Cardiovascular_Segmentation_for_Bioprinting_Project/outputs/topology_correction/case_outputs/762/ground_truth_mask.nii.gz,ok,3.0,8,True,0,2,7996.239231019241,6197.49073879841,110.40000438690186,104.40000414848328,98.4000039100647,0.4242640855706679,0.6000000238418579,0.5931133242999115,/Users/angadkumar16ak/Projects/Automated_Cardiovascular_Segmentation_for_Bioprinting_Project/outputs/topology_correction/mesh_qc/ground_truth/case_outputs/762__groundtruth/segmentation_raw.stl,/Users/angadkumar16ak/Projects/Automated_Cardiovascular_Segmentation_for_Bioprinting_Project/outputs/topology_correction/mesh_qc/ground_truth/case_outputs/762__groundtruth/segmentation_repaired.stl,/Users/angadkumar16ak/Projects/Automated_Cardiovascular_Segmentation_for_Bioprinting_Project/outputs/topology_correction/mesh_qc/ground_truth/case_outputs/762__groundtruth/segmentation_smoothed.stl,True,0.6072444536066646,3.141592653589793,0.5438588933697434,3.139186066455324,-0.0025858910919108915,0.04744962539769423,True
763__groundtruth,/Users/angadkumar16ak/Projects/Automated_Cardiovascular_Segmentation_for_Bioprinting_Project/outputs/topology_correction/case_outputs/763/ground_truth_mask.nii.gz,ok,3.0,4,True,0,2,7591.21135093948,6419.313765241772,101.40000402927399,88.20000350475311,84.00000333786011,0.4242640855706679,0.6000000238418579,0.5936215870533754,/Users/angadkumar16ak/Projects/Automated_Cardiovascular_Segmentation_for_Bioprinting_Project/outputs/topology_correction/mesh_qc/ground_truth/case_outputs/763__groundtruth/segmentation_raw.stl,/Users/angadkumar16ak/Projects/Automated_Cardiovascular_Segmentation_for_Bioprinting_Project/outputs/topology_correction/mesh_qc/ground_truth/case_outputs/763__groundtruth/segmentation_repaired.stl,/Users/angadkumar16ak/Projects/Automated_Cardiovascular_Segmentation_for_Bioprinting_Project/outputs/topology_correction/mesh_qc/ground_truth/case_outputs/763__groundtruth/segmentation_smoothed.stl,True,0.6094273015093093,3.141592653589793,0.5429055154231109,3.140638330694429,-0.002299407530494125,0.08034946058640545,True
764__groundtruth,/Users/angadkumar16ak/Projects/Automated_Cardiovascular_Segmentation_for_Bioprinting_Project/outputs/topology_correction/case_outputs/764/ground_truth_mask.nii.gz,ok,3.0,4,True,0,3,12771.43004780989,10572.706260364701,115.20000457763672,106.20000422000885,88.80000352859497,0.4242640855706679,0.6000000238418579,0.5916849081681056,/Users/angadkumar16ak/Projects/Automated_Cardiovascular_Segmentation_for_Bioprinting_Project/outputs/topology_correction/mesh_qc/ground_truth/case_outputs/764__groundtruth/segmentation_raw.stl,/Users/angadkumar16ak/Projects/Automated_Cardiovascular_Segmentation_for_Bioprinting_Project/outputs/topology_correction/mesh_qc/ground_truth/case_outputs/764__groundtruth/segmentation_repaired.stl,/Users/angadkumar16ak/Projects/Automated_Cardiovascular_Segmentation_for_Bioprinting_Project/outputs/topology_correction/mesh_qc/ground_truth/case_outputs/764__groundtruth/segmentation_smoothed.stl,True,0.6310610522715452,3.141592653589793,0.5629554301227674,3.140453818374591,-0.0026633154168931522,0.08441037167857429,True
765__groundtruth,/Users/angadkumar16ak/Projects/Automated_Cardiovascular_Segmentation_for_Bioprinting_Project/outputs/topology_correction/case_outputs/765/ground_truth_mask.nii.gz,ok,3.0,3,True,0,2,7284.859087827939,5534.307659740832,105.60000419616699,92.40000367164612,92.40000367164612,0.4242640855706679,0.6000000238418579,0.5928980447486846,/Users/angadkumar16ak/Projects/Automated_Cardiovascular_Segmentation_for_Bioprinting_Project/outputs/topology_correction/mesh_qc/ground_truth/case_outputs/765__groundtruth/segmentation_raw.stl,/Users/angadkumar16ak/Projects/Automated_Cardiovascular_Segmentation_for_Bioprinting_Project/outputs/topology_correction/mesh_qc/ground_truth/case_outputs/765__groundtruth/segmentation_repaired.stl,/Users/angadkumar16ak/Projects/Automated_Cardiovascular_Segmentation_for_Bioprinting_Project/outputs/topology_correction/mesh_qc/ground_truth/case_outputs/765__groundtruth/segmentation_smoothed.stl,True,0.618244770936563,3.141592653589793,0.5542155785030506,3.1397235606779925,-0.002675873169125872,0.043187208323770175,True
766__groundtruth,/Users/angadkumar16ak/Projects/Automated_Cardiovascular_Segmentation_for_Bioprinting_Project/outputs/topology_correction/case_outputs/766/ground_truth_mask.nii.gz,ok,3.0,2,True,0,1,16313.519647162953,13677.103630437678,135.00000536441803,112.20000445842743,99.00000393390656,0.4242640855706679,0.6000000238418579,0.5983798385449401,/Users/angadkumar16ak/Projects/Automated_Cardiovascular_Segmentation_for_Bioprinting_Project/outputs/topology_correction/mesh_qc/ground_truth/case_outputs/766__groundtruth/segmentation_raw.stl,/Users/angadkumar16ak/Projects/Automated_Cardiovascular_Segmentation_for_Bioprinting_Project/outputs/topology_correction/mesh_qc/ground_truth/case_outputs/766__groundtruth/segmentation_repaired.stl,/Users/angadkumar16ak/Projects/Automated_Cardiovascular_Segmentation_for_Bioprinting_Project/outputs/topology_correction/mesh_qc/ground_truth/case_outputs/766__groundtruth/segmentation_smoothed.stl,True,0.6084189795273884,3.141592653589793,0.5733857937487812,3.1392984419002383,-0.0024201334554105345,0.08886542880208657,True
767__groundtruth,/Users/angadkumar16ak/Projects/Automated_Cardiovascular_Segmentation_for_Bioprinting_Project/outputs/topology_correction/case_outputs/767/ground_truth_mask.nii.gz,ok,3.0,2,True,0,4,6823.111178396925,5295.924631323362,91.2000036239624,84.60000336170197,85.20000338554382,0.4242640855706679,0.6000000238418579,0.5908097308005166,/Users/angadkumar16ak/Projects/Automated_Cardiovascular_Segmentation_for_Bioprinting_Project/outputs/topology_correction/mesh_qc/ground_truth/case_outputs/767__groundtruth/segmentation_raw.stl,/Users/angadkumar16ak/Projects/Automated_Cardiovascular_Segmentation_for_Bioprinting_Project/outputs/topology_correction/mesh_qc/ground_truth/case_outputs/767__groundtruth/segmentation_repaired.stl,/Users/angadkumar16ak/Projects/Automated_Cardiovascular_Segmentation_for_Bioprinting_Project/outputs/topology_correction/mesh_qc/ground_truth/case_outputs/767__groundtruth/segmentation_smoothed.stl,True,0.6168943325036575,3.141592653589793,0.5497012108161665,3.1366270682927655,-0.003125614840245117,0.051138409827537916,True
768__groundtruth,/Users/angadkumar16ak/Projects/Automated_Cardiovascular_Segmentation_for_Bioprinting_Project/outputs/topology_correction/case_outputs/768/ground_truth_mask.nii.gz,ok,3.0,2,True,0,2,8342.301631667775,6590.547785654458,97.20000386238098,105.00000417232513,83.40000331401825,0.4242640855706679,0.6000000238418579,0.5948368349140581,/Users/angadkumar16ak/Projects/Automated_Cardiovascular_Segmentation_for_Bioprinting_Project/outputs/topology_correction/mesh_qc/ground_truth/case_outputs/768__groundtruth/segmentation_raw.stl,/Users/angadkumar16ak/Projects/Automated_Cardiovascular_Segmentation_for_Bioprinting_Project/outputs/topology_correction/mesh_qc/ground_truth/case_outputs/768__groundtruth/segmentation_repaired.stl,/Users/angadkumar16ak/Projects/Automated_Cardiovascular_Segmentation_for_Bioprinting_Project/outputs/topology_correction/mesh_qc/ground_truth/case_outputs/768__groundtruth/segmentation_smoothed.stl,True,0.6302887535496517,3.141592653589793,0.578024101602925,3.1391670447009012,-0.0024704060142316585,0.059728390294136575,True
769__groundtruth,/Users/angadkumar16ak/Projects/Automated_Cardiovascular_Segmentation_for_Bioprinting_Project/outputs/topology_correction/case_outputs/769/ground_truth_mask.nii.gz,ok,3.0,3,True,0,3,9340.852863525164,7522.2638967236635,118.80000472068787,96.60000383853912,83.40000331401825,0.4242640855706679,0.6000000238418579,0.5925740159917098,/Users/angadkumar16ak/Projects/Automated_Cardiovascular_Segmentation_for_Bioprinting_Project/outputs/topology_correction/mesh_qc/ground_truth/case_outputs/769__groundtruth/segmentation_raw.stl,/Users/angadkumar16ak/Projects/Automated_Cardiovascular_Segmentation_for_Bioprinting_Project/outputs/topology_correction/mesh_qc/ground_truth/case_outputs/769__groundtruth/segmentation_repaired.stl,/Users/angadkumar16ak/Projects/Automated_Cardiovascular_Segmentation_for_Bioprinting_Project/outputs/topology_correction/mesh_qc/ground_truth/case_outputs/769__groundtruth/segmentation_smoothed.stl,True,0.6158324538370046,3.141592653589793,0.5434482330437549,3.13946925086236,-0.0028087090469421255,0.06625317169438963,True
770__groundtruth,/Users/angadkumar16ak/Projects/Automated_Cardiovascular_Segmentation_for_Bioprinting_Project/outputs/topology_correction/case_outputs/770/ground_truth_mask.nii.gz,ok,3.0,3,True,0,2,14228.868961196888,12185.596452636184,120.00000476837158,97.80000388622284,94.20000374317169,0.4242640855706679,0.6000000238418579,0.5984343046288483,/Users/angadkumar16ak/Projects/Automated_Cardiovascular_Segmentation_for_Bioprinting_Project/outputs/topology_correction/mesh_qc/ground_truth/case_outputs/770__groundtruth/segmentation_raw.stl,/Users/angadkumar16ak/Projects/Automated_Cardiovascular_Segmentation_for_Bioprinting_Project/outputs/topology_correction/mesh_qc/ground_truth/case_outputs/770__groundtruth/segmentation_repaired.stl,/Users/angadkumar16ak/Projects/Automated_Cardiovascular_Segmentation_for_Bioprinting_Project/outputs/topology_correction/mesh_qc/ground_truth/case_outputs/770__groundtruth/segmentation_smoothed.stl,True,0.5990659694444747,3.141592653589793,0.5581920455222825,3.1410822921642882,-0.0023216938266764236,0.08822862722533173,True
771__groundtruth,/Users/angadkumar16ak/Projects/Automated_Cardiovascular_Segmentation_for_Bioprinting_Project/outputs/topology_correction/case_outputs/771/ground_truth_mask.nii.gz,ok,3.0,2,True,0,2,7244.59444893784,6370.371759407432,135.6000053882599,106.20000422000885,75.6000030040741,0.4242640855706679,0.6000000238418579,0.5983419771074691,/Users/angadkumar16ak/Projects/Automated_Cardiovascular_Segmentation_for_Bioprinting_Project/outputs/topology_correction/mesh_qc/ground_truth/case_outputs/771__groundtruth/segmentation_raw.stl,/Users/angadkumar16ak/Projects/Automated_Cardiovascular_Segmentation_for_Bioprinting_Project/outputs/topology_correction/mesh_qc/ground_truth/case_outputs/771__groundtruth/segmentation_repaired.stl,/Users/angadkumar16ak/Projects/Automated_Cardiovascular_Segmentation_for_Bioprinting_Project/outputs/topology_correction/mesh_qc/ground_truth/case_outputs/771__groundtruth/segmentation_smoothed.stl,True,0.6073906799689669,3.141592653589793,0.5684672471421983,3.140162804176208,-0.0023175163811605783,0.09598825178559509,True
772__groundtruth,/Users/angadkumar16ak/Projects/Automated_Cardiovascular_Segmentation_for_Bioprinting_Project/outputs/topology_correction/case_outputs/772/ground_truth_mask.nii.gz,ok,3.0,2,True,0,2,6833.458177284053,5411.655645119575,105.00000417232513,91.2000036239624,83.40000331401825,0.4242640855706679,0.6000000238418579,0.5913731485423066,/Users/angadkumar16ak/Projects/Automated_Cardiovascular_Segmentation_for_Bioprinting_Project/outputs/topology_correction/mesh_qc/ground_truth/case_outputs/772__groundtruth/segmentation_raw.stl,/Users/angadkumar16ak/Projects/Automated_Cardiovascular_Segmentation_for_Bioprinting_Project/outputs/topology_correction/mesh_qc/ground_truth/case_outputs/772__groundtruth/segmentation_repaired.stl,/Users/angadkumar16ak/Projects/Automated_Cardiovascular_Segmentation_for_Bioprinting_Project/outputs/topology_correction/mesh_qc/ground_truth/case_outputs/772__groundtruth/segmentation_smoothed.stl,True,0.6169944726956131,3.141592653589793,0.5555409342744919,3.139925129890418,-0.002921357386027328,0.0670452320344625,True
773__groundtruth,/Users/angadkumar16ak/Projects/Automated_Cardiovascular_Segmentation_for_Bioprinting_Project/outputs/topology_correction/case_outputs/773/ground_truth_mask.nii.gz,ok,3.0,2,True,0,2,7941.213976639321,6171.228735667733,102.00000405311584,88.20000350475311,108.00000429153442,0.4242640855706679,0.6000000238418579,0.5936685740634858,/Users/angadkumar16ak/Projects/Automated_Cardiovascular_Segmentation_for_Bioprinting_Project/outputs/topology_correction/mesh_qc/ground_truth/case_outputs/773__groundtruth/segmentation_raw.stl,/Users/angadkumar16ak/Projects/Automated_Cardiovascular_Segmentation_for_Bioprinting_Project/outputs/topology_correction/mesh_qc/ground_truth/case_outputs/773__groundtruth/segmentation_repaired.stl,/Users/angadkumar16ak/Projects/Automated_Cardiovascular_Segmentation_for_Bioprinting_Project/outputs/topology_correction/mesh_qc/ground_truth/case_outputs/773__groundtruth/segmentation_smoothed.stl,True,0.5727701107361556,3.141592653589793,0.49676575000045664,3.134433828921977,-0.0028102130436403676,0.04603659583233204,True
774__groundtruth,/Users/angadkumar16ak/Projects/Automated_Cardiovascular_Segmentation_for_Bioprinting_Project/outputs/topology_correction/case_outputs/774/ground_truth_mask.nii.gz,ok,3.0,3,True,0,3,6708.390559525653,5206.545620668557,105.00000417232513,88.20000350475311,99.00000393390656,0.4242640855706679,0.6000000238418579,0.5897906364510592,/Users/angadkumar16ak/Projects/Automated_Cardiovascular_Segmentation_for_Bioprinting_Project/outputs/topology_correction/mesh_qc/ground_truth/case_outputs/774__groundtruth/segmentation_raw.stl,/Users/angadkumar16ak/Projects/Automated_Cardiovascular_Segmentation_for_Bioprinting_Project/outputs/topology_correction/mesh_qc/ground_truth/case_outputs/774__groundtruth/segmentation_repaired.stl,/Users/angadkumar16ak/Projects/Automated_Cardiovascular_Segmentation_for_Bioprinting_Project/outputs/topology_correction/mesh_qc/ground_truth/case_outputs/774__groundtruth/segmentation_smoothed.stl,True,0.6117387740019306,3.141592653589793,0.5353470399143746,3.139430883121709,-0.002934356066914374,0.046207036811063654,True
775__groundtruth,/Users/angadkumar16ak/Projects/Automated_Cardiovascular_Segmentation_for_Bioprinting_Project/outputs/topology_correction/case_outputs/775/ground_truth_mask.nii.gz,ok,3.0,2,True,0,2,6820.155527970925,5239.971624653247,97.20000386238098,105.00000417232513,87.0000034570694,0.4242640855706679,0.6000000238418579,0.5941168452360489,/Users/angadkumar16ak/Projects/Automated_Cardiovascular_Segmentation_for_Bioprinting_Project/outputs/topology_correction/mesh_qc/ground_truth/case_outputs/775__groundtruth/segmentation_raw.stl,/Users/angadkumar16ak/Projects/Automated_Cardiovascular_Segmentation_for_Bioprinting_Project/outputs/topology_correction/mesh_qc/ground_truth/case_outputs/775__groundtruth/segmentation_repaired.stl,/Users/angadkumar16ak/Projects/Automated_Cardiovascular_Segmentation_for_Bioprinting_Project/outputs/topology_correction/mesh_qc/ground_truth/case_outputs/775__groundtruth/segmentation_smoothed.stl,True,0.6350801451396697,3.141592653589793,0.5721303016065782,3.139302131513914,-0.002617855305133117,0.04697796644430968,True
776__groundtruth,/Users/angadkumar16ak/Projects/Automated_Cardiovascular_Segmentation_for_Bioprinting_Project/outputs/topology_correction/case_outputs/776/ground_truth_mask.nii.gz,ok,3.0,7,True,0,5,7599.967994329046,5833.026695350915,109.20000433921814,95.40000379085541,88.20000350475311,0.4242640855706679,0.6000000238418579,0.5909886355251451,/Users/angadkumar16ak/Projects/Automated_Cardiovascular_Segmentation_for_Bioprinting_Project/outputs/topology_correction/mesh_qc/ground_truth/case_outputs/776__groundtruth/segmentation_raw.stl,/Users/angadkumar16ak/Projects/Automated_Cardiovascular_Segmentation_for_Bioprinting_Project/outputs/topology_correction/mesh_qc/ground_truth/case_outputs/776__groundtruth/segmentation_repaired.stl,/Users/angadkumar16ak/Projects/Automated_Cardiovascular_Segmentation_for_Bioprinting_Project/outputs/topology_correction/mesh_qc/ground_truth/case_outputs/776__groundtruth/segmentation_smoothed.stl,True,0.6006698672304487,3.141592653589793,0.527972973207536,3.1405028916762308,-0.003182398320305636,0.04639175257731959,True
777__groundtruth,/Users/angadkumar16ak/Projects/Automated_Cardiovascular_Segmentation_for_Bioprinting_Project/outputs/topology_correction/case_outputs/777/ground_truth_mask.nii.gz,ok,3.0,2,True,0,2,7293.9446223034,5739.669684221894,104.40000414848328,91.2000036239624,93.00000369548798,0.4242640855706679,0.6000000238418579,0.5990504404057435,/Users/angadkumar16ak/Projects/Automated_Cardiovascular_Segmentation_for_Bioprinting_Project/outputs/topology_correction/mesh_qc/ground_truth/case_outputs/777__groundtruth/segmentation_raw.stl,/Users/angadkumar16ak/Projects/Automated_Cardiovascular_Segmentation_for_Bioprinting_Project/outputs/topology_correction/mesh_qc/ground_truth/case_outputs/777__groundtruth/segmentation_repaired.stl,/Users/angadkumar16ak/Projects/Automated_Cardiovascular_Segmentation_for_Bioprinting_Project/outputs/topology_correction/mesh_qc/ground_truth/case_outputs/777__groundtruth/segmentation_smoothed.stl,True,0.5661416859014266,3.141592653589793,0.5237128742921852,3.1399438895918865,-0.0025726658270554723,0.051483613817537646,True
778__groundtruth,/Users/angadkumar16ak/Projects/Automated_Cardiovascular_Segmentation_for_Bioprinting_Project/outputs/topology_correction/case_outputs/778/ground_truth_mask.nii.gz,ok,3.0,2,True,0,2,6670.250166457808,4878.954581616664,89.40000355243683,80.40000319480896,96.00000381469727,0.4242640855706679,0.6000000238418579,0.5891675738075616,/Users/angadkumar16ak/Projects/Automated_Cardiovascular_Segmentation_for_Bioprinting_Project/outputs/topology_correction/mesh_qc/ground_truth/case_outputs/778__groundtruth/segmentation_raw.stl,/Users/angadkumar16ak/Projects/Automated_Cardiovascular_Segmentation_for_Bioprinting_Project/outputs/topology_correction/mesh_qc/ground_truth/case_outputs/778__groundtruth/segmentation_repaired.stl,/Users/angadkumar16ak/Projects/Automated_Cardiovascular_Segmentation_for_Bioprinting_Project/outputs/topology_correction/mesh_qc/ground_truth/case_outputs/778__groundtruth/segmentation_smoothed.stl,True,0.5983544053479501,3.141592653589793,0.5237054491260791,3.1376151144487396,-0.0035804314754660864,0.03189184504723113,True
779__groundtruth,/Users/angadkumar16ak/Projects/Automated_Cardiovascular_Segmentation_for_Bioprinting_Project/outputs/topology_correction/case_outputs/779/ground_truth_mask.nii.gz,ok,3.0,2,True,0,2,9362.72781095723,7293.915869502461,112.80000448226929,105.00000417232513,89.40000355243683,0.4242640855706679,0.6000000238418579,0.6009309936761993,/Users/angadkumar16ak/Projects/Automated_Cardiovascular_Segmentation_for_Bioprinting_Project/outputs/topology_correction/mesh_qc/ground_truth/case_outputs/779__groundtruth/segmentation_raw.stl,/Users/angadkumar16ak/Projects/Automated_Cardiovascular_Segmentation_for_Bioprinting_Project/outputs/topology_correction/mesh_qc/ground_truth/case_outputs/779__groundtruth/segmentation_repaired.stl,/Users/angadkumar16ak/Projects/Automated_Cardiovascular_Segmentation_for_Bioprinting_Project/outputs/topology_correction/mesh_qc/ground_truth/case_outputs/779__groundtruth/segmentation_smoothed.stl,True,0.5787929839749346,3.141592653589793,0.5436368791275219,3.1393617101904425,-0.002783218600726991,0.044625747633703035,True
780__groundtruth,/Users/angadkumar16ak/Projects/Automated_Cardiovascular_Segmentation_for_Bioprinting_Project/outputs/topology_correction/case_outputs/780/ground_truth_mask.nii.gz,ok,3.0,2,True,0,3,10378.64792306782,8669.971033541004,104.40000414848328,108.60000431537628,85.80000340938568,0.4242640855706679,0.6000000238418579,0.6001311038617996,/Users/angadkumar16ak/Projects/Automated_Cardiovascular_Segmentation_for_Bioprinting_Project/outputs/topology_correction/mesh_qc/ground_truth/case_outputs/780__groundtruth/segmentation_raw.stl,/Users/angadkumar16ak/Projects/Automated_Cardiovascular_Segmentation_for_Bioprinting_Project/outputs/topology_correction/mesh_qc/ground_truth/case_outputs/780__groundtruth/segmentation_repaired.stl,/Users/angadkumar16ak/Projects/Automated_Cardiovascular_Segmentation_for_Bioprinting_Project/outputs/topology_correction/mesh_qc/ground_truth/case_outputs/780__groundtruth/segmentation_smoothed.stl,True,0.606722546400515,3.141592653589793,0.5716987951271856,3.1408389421352263,-0.002412621113881651,0.07560246865203762,True
781__groundtruth,/Users/angadkumar16ak/Projects/Automated_Cardiovascular_Segmentation_for_Bioprinting_Project/outputs/topology_correction/case_outputs/781/ground_truth_mask.nii.gz,ok,3.0,2,True,0,2,6547.7026363200075,4602.663548680208,105.60000419616699,110.40000438690186,79.8000031709671,0.4242640855706679,0.6000000238418579,0.5929951334746646,/Users/angadkumar16ak/Projects/Automated_Cardiovascular_Segmentation_for_Bioprinting_Project/outputs/topology_correction/mesh_qc/ground_truth/case_outputs/781__groundtruth/segmentation_raw.stl,/Users/angadkumar16ak/Projects/Automated_Cardiovascular_Segmentation_for_Bioprinting_Project/outputs/topology_correction/mesh_qc/ground_truth/case_outputs/781__groundtruth/segmentation_repaired.stl,/Users/angadkumar16ak/Projects/Automated_Cardiovascular_Segmentation_for_Bioprinting_Project/outputs/topology_correction/mesh_qc/ground_truth/case_outputs/781__groundtruth/segmentation_smoothed.stl,True,0.6056472500956604,3.141592653589793,0.5470937807778012,3.136395754087382,-0.0032530628365479595,0.017930022469849132,True
782__groundtruth,/Users/angadkumar16ak/Projects/Automated_Cardiovascular_Segmentation_for_Bioprinting_Project/outputs/topology_correction/case_outputs/782/ground_truth_mask.nii.gz,ok,3.0,2,True,0,3,8240.071394518447,6929.352826043162,109.80000436306,82.20000326633453,93.00000369548798,0.4242640855706679,0.6000000238418579,0.5939640470595974,/Users/angadkumar16ak/Projects/Automated_Cardiovascular_Segmentation_for_Bioprinting_Project/outputs/topology_correction/mesh_qc/ground_truth/case_outputs/782__groundtruth/segmentation_raw.stl,/Users/angadkumar16ak/Projects/Automated_Cardiovascular_Segmentation_for_Bioprinting_Project/outputs/topology_correction/mesh_qc/ground_truth/case_outputs/782__groundtruth/segmentation_repaired.stl,/Users/angadkumar16ak/Projects/Automated_Cardiovascular_Segmentation_for_Bioprinting_Project/outputs/topology_correction/mesh_qc/ground_truth/case_outputs/782__groundtruth/segmentation_smoothed.stl,True,0.6032186590882035,3.141592653589793,0.5393459323719723,3.14000221079526,-0.0020965494564592693,0.0890530639771926,True
783__groundtruth,/Users/angadkumar16ak/Projects/Automated_Cardiovascular_Segmentation_for_Bioprinting_Project/outputs/topology_correction/case_outputs/783/ground_truth_mask.nii.gz,ok,3.0,2,True,0,3,6661.050908018892,5100.480608024622,100.20000398159027,89.40000355243683,79.8000031709671,0.4242640855706679,0.6000000238418579,0.5894730960242235,/Users/angadkumar16ak/Projects/Automated_Cardiovascular_Segmentation_for_Bioprinting_Project/outputs/topology_correction/mesh_qc/ground_truth/case_outputs/783__groundtruth/segmentation_raw.stl,/Users/angadkumar16ak/Projects/Automated_Cardiovascular_Segmentation_for_Bioprinting_Project/outputs/topology_correction/mesh_qc/ground_truth/case_outputs/783__groundtruth/segmentation_repaired.stl,/Users/angadkumar16ak/Projects/Automated_Cardiovascular_Segmentation_for_Bioprinting_Project/outputs/topology_correction/mesh_qc/ground_truth/case_outputs/783__groundtruth/segmentation_smoothed.stl,True,0.6258583466870551,3.141592653589793,0.5499718427619894,3.140933283522741,-0.0031958267864645837,0.049566192037859606,True
784__groundtruth,/Users/angadkumar16ak/Projects/Automated_Cardiovascular_Segmentation_for_Bioprinting_Project/outputs/topology_correction/case_outputs/784/ground_truth_mask.nii.gz,ok,3.0,2,True,0,2,5956.035806724475,4356.207519300363,94.80000376701355,91.2000036239624,87.60000348091125,0.4242640855706679,0.6000000238418579,0.5900185324496742,/Users/angadkumar16ak/Projects/Automated_Cardiovascular_Segmentation_for_Bioprinting_Project/outputs/topology_correction/mesh_qc/ground_truth/case_outputs/784__groundtruth/segmentation_raw.stl,/Users/angadkumar16ak/Projects/Automated_Cardiovascular_Segmentation_for_Bioprinting_Project/outputs/topology_correction/mesh_qc/ground_truth/case_outputs/784__groundtruth/segmentation_repaired.stl,/Users/angadkumar16ak/Projects/Automated_Cardiovascular_Segmentation_for_Bioprinting_Project/outputs/topology_correction/mesh_qc/ground_truth/case_outputs/784__groundtruth/segmentation_smoothed.stl,True,0.6106106110916748,3.141592653589793,0.5382241575284432,3.1380583833333264,-0.00345975938543802,0.03234409853554456,True
785__groundtruth,/Users/angadkumar16ak/Projects/Automated_Cardiovascular_Segmentation_for_Bioprinting_Project/outputs/topology_correction/case_outputs/785/ground_truth_mask.nii.gz,ok,3.0,2,True,0,2,4927.415248150605,3740.4814459001004,98.4000039100647,86.40000343322754,76.20000302791595,0.4242640855706679,0.6000000238418579,0.5898869288759944,/Users/angadkumar16ak/Projects/Automated_Cardiovascular_Segmentation_for_Bioprinting_Project/outputs/topology_correction/mesh_qc/ground_truth/case_outputs/785__groundtruth/segmentation_raw.stl,/Users/angadkumar16ak/Projects/Automated_Cardiovascular_Segmentation_for_Bioprinting_Project/outputs/topology_correction/mesh_qc/ground_truth/case_outputs/785__groundtruth/segmentation_repaired.stl,/Users/angadkumar16ak/Projects/Automated_Cardiovascular_Segmentation_for_Bioprinting_Project/outputs/topology_correction/mesh_qc/ground_truth/case_outputs/785__groundtruth/segmentation_smoothed.stl,True,0.6245773788873191,3.141592653589793,0.5561993826682807,3.1398456588897243,-0.003376586780202039,0.04016518640040731,True
786__groundtruth,/Users/angadkumar16ak/Projects/Automated_Cardiovascular_Segmentation_for_Bioprinting_Project/outputs/topology_correction/case_outputs/786/ground_truth_mask.nii.gz,ok,3.0,3,True,0,2,6997.731852957986,5406.732644532708,110.40000438690186,86.40000343322754,83.40000331401825,0.4242640855706679,0.6000000238418579,0.5922739379160012,/Users/angadkumar16ak/Projects/Automated_Cardiovascular_Segmentation_for_Bioprinting_Project/outputs/topology_correction/mesh_qc/ground_truth/case_outputs/786__groundtruth/segmentation_raw.stl,/Users/angadkumar16ak/Projects/Automated_Cardiovascular_Segmentation_for_Bioprinting_Project/outputs/topology_correction/mesh_qc/ground_truth/case_outputs/786__groundtruth/segmentation_repaired.stl,/Users/angadkumar16ak/Projects/Automated_Cardiovascular_Segmentation_for_Bioprinting_Project/outputs/topology_correction/mesh_qc/ground_truth/case_outputs/786__groundtruth/segmentation_smoothed.stl,True,0.6219014439370344,3.141592653589793,0.5516477658080742,3.1395098599909605,-0.002951111886571914,0.048857892880930925,True
787__groundtruth,/Users/angadkumar16ak/Projects/Automated_Cardiovascular_Segmentation_for_Bioprinting_Project/outputs/topology_correction/case_outputs/787/ground_truth_mask.nii.gz,ok,3.0,3,True,0,2,6919.942625364992,5609.8446687455435,88.80000352859497,95.40000379085541,78.00000309944153,0.4242640855706679,0.6000000238418579,0.5917362939925724,/Users/angadkumar16ak/Projects/Automated_Cardiovascular_Segmentation_for_Bioprinting_Project/outputs/topology_correction/mesh_qc/ground_truth/case_outputs/787__groundtruth/segmentation_raw.stl,/Users/angadkumar16ak/Projects/Automated_Cardiovascular_Segmentation_for_Bioprinting_Project/outputs/topology_correction/mesh_qc/ground_truth/case_outputs/787__groundtruth/segmentation_repaired.stl,/Users/angadkumar16ak/Projects/Automated_Cardiovascular_Segmentation_for_Bioprinting_Project/outputs/topology_correction/mesh_qc/ground_truth/case_outputs/787__groundtruth/segmentation_smoothed.stl,True,0.6137034270579087,3.141592653589793,0.540481982576059,3.1411013568248114,-0.002696545736794229,0.07713540288123416,True
788__groundtruth,/Users/angadkumar16ak/Projects/Automated_Cardiovascular_Segmentation_for_Bioprinting_Project/outputs/topology_correction/case_outputs/788/ground_truth_mask.nii.gz,ok,3.0,2,True,0,2,9661.800970501597,7681.293915681518,108.60000431537628,84.60000336170197,116.40000462532043,0.4242640855706679,0.6000000238418579,0.5906158276293161,/Users/angadkumar16ak/Projects/Automated_Cardiovascular_Segmentation_for_Bioprinting_Project/outputs/topology_correction/mesh_qc/ground_truth/case_outputs/788__groundtruth/segmentation_raw.stl,/Users/angadkumar16ak/Projects/Automated_Cardiovascular_Segmentation_for_Bioprinting_Project/outputs/topology_correction/mesh_qc/ground_truth/case_outputs/788__groundtruth/segmentation_repaired.stl,/Users/angadkumar16ak/Projects/Automated_Cardiovascular_Segmentation_for_Bioprinting_Project/outputs/topology_correction/mesh_qc/ground_truth/case_outputs/788__groundtruth/segmentation_smoothed.stl,True,0.5831506421183744,3.141592653589793,0.5095635466604272,3.1377754467062036,-0.0028210116975343393,0.05792539827162539,True
789__groundtruth,/Users/angadkumar16ak/Projects/Automated_Cardiovascular_Segmentation_for_Bioprinting_Project/outputs/topology_correction/case_outputs/789/ground_truth_mask.nii.gz,ok,3.0,2,True,0,2,8468.567325404087,7097.949846141494,111.60000443458557,88.80000352859497,99.00000393390656,0.4242640855706679,0.6000000238418579,0.5992174848477682,/Users/angadkumar16ak/Projects/Automated_Cardiovascular_Segmentation_for_Bioprinting_Project/outputs/topology_correction/mesh_qc/ground_truth/case_outputs/789__groundtruth/segmentation_raw.stl,/Users/angadkumar16ak/Projects/Automated_Cardiovascular_Segmentation_for_Bioprinting_Project/outputs/topology_correction/mesh_qc/ground_truth/case_outputs/789__groundtruth/segmentation_repaired.stl,/Users/angadkumar16ak/Projects/Automated_Cardiovascular_Segmentation_for_Bioprinting_Project/outputs/topology_correction/mesh_qc/ground_truth/case_outputs/789__groundtruth/segmentation_smoothed.stl,True,0.573476321490712,3.141592653589793,0.5328402970272117,3.1398947284048964,-0.002336537349464437,0.07150336574420343,True
790__groundtruth,/Users/angadkumar16ak/Projects/Automated_Cardiovascular_Segmentation_for_Bioprinting_Project/outputs/topology_correction/case_outputs/790/ground_truth_mask.nii.gz,ok,3.0,3,True,0,2,7538.195641044353,5795.604690889864,103.80000412464142,77.40000307559967,118.80000472068787,0.4242640855706679,0.6000000238418579,0.5904989277355063,/Users/angadkumar16ak/Projects/Automated_Cardiovascular_Segmentation_for_Bioprinting_Project/outputs/topology_correction/mesh_qc/ground_truth/case_outputs/790__groundtruth/segmentation_raw.stl,/Users/angadkumar16ak/Projects/Automated_Cardiovascular_Segmentation_for_Bioprinting_Project/outputs/topology_correction/mesh_qc/ground_truth/case_outputs/790__groundtruth/segmentation_repaired.stl,/Users/angadkumar16ak/Projects/Automated_Cardiovascular_Segmentation_for_Bioprinting_Project/outputs/topology_correction/mesh_qc/ground_truth/case_outputs/790__groundtruth/segmentation_smoothed.stl,True,0.55778442929943,3.141592653589793,0.4782591586383749,3.139207978825613,-0.00332049614888924,0.0466067645554825,True
791__groundtruth,/Users/angadkumar16ak/Projects/Automated_Cardiovascular_Segmentation_for_Bioprinting_Project/outputs/topology_correction/case_outputs/791/ground_truth_mask.nii.gz,ok,3.0,2,True,0,2,9353.119712695887,6976.674831684385,115.20000457763672,90.00000357627869,89.40000355243683,0.4242640855706679,0.6000000238418579,0.5908939543885515,/Users/angadkumar16ak/Projects/Automated_Cardiovascular_Segmentation_for_Bioprinting_Project/outputs/topology_correction/mesh_qc/ground_truth/case_outputs/791__groundtruth/segmentation_raw.stl,/Users/angadkumar16ak/Projects/Automated_Cardiovascular_Segmentation_for_Bioprinting_Project/outputs/topology_correction/mesh_qc/ground_truth/case_outputs/791__groundtruth/segmentation_repaired.stl,/Users/angadkumar16ak/Projects/Automated_Cardiovascular_Segmentation_for_Bioprinting_Project/outputs/topology_correction/mesh_qc/ground_truth/case_outputs/791__groundtruth/segmentation_smoothed.stl,True,0.6268210008414619,3.141592653589793,0.5592936402934631,3.1355421120577143,-0.0033420643682117064,0.040970432145564825,True
792__groundtruth,/Users/angadkumar16ak/Projects/Automated_Cardiovascular_Segmentation_for_Bioprinting_Project/outputs/topology_correction/case_outputs/792/ground_truth_mask.nii.gz,ok,3.0,5,True,0,2,6084.953523462522,5088.789606630946,114.60000455379486,95.40000379085541,86.40000343322754,0.4242640855706679,0.6000000238418579,0.5902349512568973,/Users/angadkumar16ak/Projects/Automated_Cardiovascular_Segmentation_for_Bioprinting_Project/outputs/topology_correction/mesh_qc/ground_truth/case_outputs/792__groundtruth/segmentation_raw.stl,/Users/angadkumar16ak/Projects/Automated_Cardiovascular_Segmentation_for_Bioprinting_Project/outputs/topology_correction/mesh_qc/ground_truth/case_outputs/792__groundtruth/segmentation_repaired.stl,/Users/angadkumar16ak/Projects/Automated_Cardiovascular_Segmentation_for_Bioprinting_Project/outputs/topology_correction/mesh_qc/ground_truth/case_outputs/792__groundtruth/segmentation_smoothed.stl,True,0.6137046116618341,3.141592653589793,0.5377651349521458,3.1385433757400327,-0.0028731287181744977,0.08235294117647059,True
793__groundtruth,/Users/angadkumar16ak/Projects/Automated_Cardiovascular_Segmentation_for_Bioprinting_Project/outputs/topology_correction/case_outputs/793/ground_truth_mask.nii.gz,ok,3.0,5,True,0,2,4351.72851459307,3382.110403178946,91.80000364780426,79.20000314712524,74.40000295639038,0.4242640855706679,0.6000000238418579,0.5932880984421889,/Users/angadkumar16ak/Projects/Automated_Cardiovascular_Segmentation_for_Bioprinting_Project/outputs/topology_correction/mesh_qc/ground_truth/case_outputs/793__groundtruth/segmentation_raw.stl,/Users/angadkumar16ak/Projects/Automated_Cardiovascular_Segmentation_for_Bioprinting_Project/outputs/topology_correction/mesh_qc/ground_truth/case_outputs/793__groundtruth/segmentation_repaired.stl,/Users/angadkumar16ak/Projects/Automated_Cardiovascular_Segmentation_for_Bioprinting_Project/outputs/topology_correction/mesh_qc/ground_truth/case_outputs/793__groundtruth/segmentation_smoothed.stl,True,0.6167597740443524,3.141592653589793,0.5549561151808027,3.1365656251923992,-0.0028496205487333064,0.04342105263157895,True
794__groundtruth,/Users/angadkumar16ak/Projects/Automated_Cardiovascular_Segmentation_for_Bioprinting_Project/outputs/topology_correction/case_outputs/794/ground_truth_mask.nii.gz,ok,3.0,2,True,0,2,11568.707000450077,10901.449299553922,112.20000445842743,103.80000412464142,96.00000381469727,0.4242640855706679,0.6000000238418579,0.6006176039954589,/Users/angadkumar16ak/Projects/Automated_Cardiovascular_Segmentation_for_Bioprinting_Project/outputs/topology_correction/mesh_qc/ground_truth/case_outputs/794__groundtruth/segmentation_raw.stl,/Users/angadkumar16ak/Projects/Automated_Cardiovascular_Segmentation_for_Bioprinting_Project/outputs/topology_correction/mesh_qc/ground_truth/case_outputs/794__groundtruth/segmentation_repaired.stl,/Users/angadkumar16ak/Projects/Automated_Cardiovascular_Segmentation_for_Bioprinting_Project/outputs/topology_correction/mesh_qc/ground_truth/case_outputs/794__groundtruth/segmentation_smoothed.stl,True,0.596716502725235,3.141592653589793,0.556752384183126,3.137918219513897,-0.0017292690912644288,0.12267396403440188,True
795__groundtruth,/Users/angadkumar16ak/Projects/Automated_Cardiovascular_Segmentation_for_Bioprinting_Project/outputs/topology_correction/case_outputs/795/ground_truth_mask.nii.gz,ok,3.0,3,True,0,3,5992.751725279117,4558.149543373726,117.00000464916229,87.60000348091125,92.40000367164612,0.4242640855706679,0.6000000238418579,0.5906995844369417,/Users/angadkumar16ak/Projects/Automated_Cardiovascular_Segmentation_for_Bioprinting_Project/outputs/topology_correction/mesh_qc/ground_truth/case_outputs/795__groundtruth/segmentation_raw.stl,/Users/angadkumar16ak/Projects/Automated_Cardiovascular_Segmentation_for_Bioprinting_Project/outputs/topology_correction/mesh_qc/ground_truth/case_outputs/795__groundtruth/segmentation_repaired.stl,/Users/angadkumar16ak/Projects/Automated_Cardiovascular_Segmentation_for_Bioprinting_Project/outputs/topology_correction/mesh_qc/ground_truth/case_outputs/795__groundtruth/segmentation_smoothed.stl,True,0.6144745021418739,3.141592653589793,0.5464207152876499,3.1378513108702246,-0.0032823295556472605,0.04713038632986627,True
796__groundtruth,/Users/angadkumar16ak/Projects/Automated_Cardiovascular_Segmentation_for_Bioprinting_Project/outputs/topology_correction/case_outputs/796/ground_truth_mask.nii.gz,ok,3.0,4,True,0,2,8931.89569987384,7099.31784630457,114.000004529953,92.40000367164612,94.80000376701355,0.4242640855706679,0.6000000238418579,0.5925772141042163,/Users/angadkumar16ak/Projects/Automated_Cardiovascular_Segmentation_for_Bioprinting_Project/outputs/topology_correction/mesh_qc/ground_truth/case_outputs/796__groundtruth/segmentation_raw.stl,/Users/angadkumar16ak/Projects/Automated_Cardiovascular_Segmentation_for_Bioprinting_Project/outputs/topology_correction/mesh_qc/ground_truth/case_outputs/796__groundtruth/segmentation_repaired.stl,/Users/angadkumar16ak/Projects/Automated_Cardiovascular_Segmentation_for_Bioprinting_Project/outputs/topology_correction/mesh_qc/ground_truth/case_outputs/796__groundtruth/segmentation_smoothed.stl,True,0.6155641702700181,3.141592653589793,0.5522173019097788,3.1392123945336468,-0.002734024148645427,0.06089475570421694,True
797__groundtruth,/Users/angadkumar16ak/Projects/Automated_Cardiovascular_Segmentation_for_Bioprinting_Project/outputs/topology_correction/case_outputs/797/ground_truth_mask.nii.gz,ok,3.0,5,True,0,3,7873.996519936785,5736.015683786299,99.60000395774841,81.60000324249268,89.40000355243683,0.4242640855706679,0.6000000238418579,0.5898319002347163,/Users/angadkumar16ak/Projects/Automated_Cardiovascular_Segmentation_for_Bioprinting_Project/outputs/topology_correction/mesh_qc/ground_truth/case_outputs/797__groundtruth/segmentation_raw.stl,/Users/angadkumar16ak/Projects/Automated_Cardiovascular_Segmentation_for_Bioprinting_Project/outputs/topology_correction/mesh_qc/ground_truth/case_outputs/797__groundtruth/segmentation_repaired.stl,/Users/angadkumar16ak/Projects/Automated_Cardiovascular_Segmentation_for_Bioprinting_Project/outputs/topology_correction/mesh_qc/ground_truth/case_outputs/797__groundtruth/segmentation_smoothed.stl,True,0.6029784821100669,3.141592653589793,0.5347549512377471,3.1383086654382972,-0.0036311327607332685,0.028230264612663078,True
798__groundtruth,/Users/angadkumar16ak/Projects/Automated_Cardiovascular_Segmentation_for_Bioprinting_Project/outputs/topology_correction/case_outputs/798/ground_truth_mask.nii.gz,ok,3.0,3,True,0,4,11638.147810314495,11042.66831638854,106.80000424385071,115.80000460147858,79.8000031709671,0.4242640855706679,0.6000000238418579,0.5999761300232231,/Users/angadkumar16ak/Projects/Automated_Cardiovascular_Segmentation_for_Bioprinting_Project/outputs/topology_correction/mesh_qc/ground_truth/case_outputs/798__groundtruth/segmentation_raw.stl,/Users/angadkumar16ak/Projects/Automated_Cardiovascular_Segmentation_for_Bioprinting_Project/outputs/topology_correction/mesh_qc/ground_truth/case_outputs/798__groundtruth/segmentation_repaired.stl,/Users/angadkumar16ak/Projects/Automated_Cardiovascular_Segmentation_for_Bioprinting_Project/outputs/topology_correction/mesh_qc/ground_truth/case_outputs/798__groundtruth/segmentation_smoothed.stl,True,0.602513516607133,3.141592653589793,0.5567215594862502,3.1388966922923083,-0.0016703223705692406,0.11783783783783784,True
799__groundtruth,/Users/angadkumar16ak/Projects/Automated_Cardiovascular_Segmentation_for_Bioprinting_Project/outputs/topology_correction/case_outputs/799/ground_truth_mask.nii.gz,ok,3.0,2,True,0,2,10630.387470239786,8767.93604521934,103.20000410079956,95.40000379085541,100.20000398159027,0.4242640855706679,0.6000000238418579,0.598552502534235,/Users/angadkumar16ak/Projects/Automated_Cardiovascular_Segmentation_for_Bioprinting_Project/outputs/topology_correction/mesh_qc/ground_truth/case_outputs/799__groundtruth/segmentation_raw.stl,/Users/angadkumar16ak/Projects/Automated_Cardiovascular_Segmentation_for_Bioprinting_Project/outputs/topology_correction/mesh_qc/ground_truth/case_outputs/799__groundtruth/segmentation_repaired.stl,/Users/angadkumar16ak/Projects/Automated_Cardiovascular_Segmentation_for_Bioprinting_Project/outputs/topology_correction/mesh_qc/ground_truth/case_outputs/799__groundtruth/segmentation_smoothed.stl,True,0.576204535754449,3.141592653589793,0.5344892026833662,3.1403311543627392,-0.0024764484633239612,0.06551941136605674,True
800__groundtruth,/Users/angadkumar16ak/Projects/Automated_Cardiovascular_Segmentation_for_Bioprinting_Project/outputs/topology_correction/case_outputs/800/ground_truth_mask.nii.gz,ok,3.0,2,True,0,2,11333.212953271051,9627.211147652913,123.60000491142273,102.00000405311584,99.60000395774841,0.4242640855706679,0.6000000238418579,0.6001403290891576,/Users/angadkumar16ak/Projects/Automated_Cardiovascular_Segmentation_for_Bioprinting_Project/outputs/topology_correction/mesh_qc/ground_truth/case_outputs/800__groundtruth/segmentation_raw.stl,/Users/angadkumar16ak/Projects/Automated_Cardiovascular_Segmentation_for_Bioprinting_Project/outputs/topology_correction/mesh_qc/ground_truth/case_outputs/800__groundtruth/segmentation_repaired.stl,/Users/angadkumar16ak/Projects/Automated_Cardiovascular_Segmentation_for_Bioprinting_Project/outputs/topology_correction/mesh_qc/ground_truth/case_outputs/800__groundtruth/segmentation_smoothed.stl,True,0.5909908108726861,3.141592653589793,0.5492450645717758,3.140939661275416,-0.0022116064979076726,0.07841493281556826,True
801__groundtruth,/Users/angadkumar16ak/Projects/Automated_Cardiovascular_Segmentation_for_Bioprinting_Project/outputs/topology_correction/case_outputs/801/ground_truth_mask.nii.gz,ok,3.0,3,True,0,2,9654.372586713936,7433.280886116064,121.2000048160553,97.20000386238098,78.00000309944153,0.4242640855706679,0.6000000238418579,0.5994345541780529,/Users/angadkumar16ak/Projects/Automated_Cardiovascular_Segmentation_for_Bioprinting_Project/outputs/topology_correction/mesh_qc/ground_truth/case_outputs/801__groundtruth/segmentation_raw.stl,/Users/angadkumar16ak/Projects/Automated_Cardiovascular_Segmentation_for_Bioprinting_Project/outputs/topology_correction/mesh_qc/ground_truth/case_outputs/801__groundtruth/segmentation_repaired.stl,/Users/angadkumar16ak/Projects/Automated_Cardiovascular_Segmentation_for_Bioprinting_Project/outputs/topology_correction/mesh_qc/ground_truth/case_outputs/801__groundtruth/segmentation_smoothed.stl,True,0.5866835846355895,3.141592653589793,0.5538010329199307,3.1387562827619426,-0.0026982132317852708,0.043473306364309725,True
802__groundtruth,/Users/angadkumar16ak/Projects/Automated_Cardiovascular_Segmentation_for_Bioprinting_Project/outputs/topology_correction/case_outputs/802/ground_truth_mask.nii.gz,ok,3.0,2,True,0,2,6959.614046764293,5314.383633523844,111.00000441074371,100.80000400543213,96.00000381469727,0.4242640855706679,0.6000000238418579,0.5920996295216496,/Users/angadkumar16ak/Projects/Automated_Cardiovascular_Segmentation_for_Bioprinting_Project/outputs/topology_correction/mesh_qc/ground_truth/case_outputs/802__groundtruth/segmentation_raw.stl,/Users/angadkumar16ak/Projects/Automated_Cardiovascular_Segmentation_for_Bioprinting_Project/outputs/topology_correction/mesh_qc/ground_truth/case_outputs/802__groundtruth/segmentation_repaired.stl,/Users/angadkumar16ak/Projects/Automated_Cardiovascular_Segmentation_for_Bioprinting_Project/outputs/topology_correction/mesh_qc/ground_truth/case_outputs/802__groundtruth/segmentation_smoothed.stl,True,0.6107785634184436,3.141592653589793,0.5482360009227005,3.137066008348227,-0.0026012392809076686,0.03804174633524538,True
803__groundtruth,/Users/angadkumar16ak/Projects/Automated_Cardiovascular_Segmentation_for_Bioprinting_Project/outputs/topology_correction/case_outputs/803/ground_truth_mask.nii.gz,ok,3.0,3,True,0,3,7958.904269673682,6455.565769563349,118.20000469684601,83.40000331401825,106.20000422000885,0.4242640855706679,0.6000000238418579,0.6021812965540495,/Users/angadkumar16ak/Projects/Automated_Cardiovascular_Segmentation_for_Bioprinting_Project/outputs/topology_correction/mesh_qc/ground_truth/case_outputs/803__groundtruth/segmentation_raw.stl,/Users/angadkumar16ak/Projects/Automated_Cardiovascular_Segmentation_for_Bioprinting_Project/outputs/topology_correction/mesh_qc/ground_truth/case_outputs/803__groundtruth/segmentation_repaired.stl,/Users/angadkumar16ak/Projects/Automated_Cardiovascular_Segmentation_for_Bioprinting_Project/outputs/topology_correction/mesh_qc/ground_truth/case_outputs/803__groundtruth/segmentation_smoothed.stl,True,0.5655430913395618,3.141592653589793,0.5327609803614864,3.137653144790433,-0.002512906658535267,0.05439316800788307,True
804__groundtruth,/Users/angadkumar16ak/Projects/Automated_Cardiovascular_Segmentation_for_Bioprinting_Project/outputs/topology_correction/case_outputs/804/ground_truth_mask.nii.gz,ok,3.0,3,True,0,4,7692.026990785152,6810.327811854277,93.60000371932983,98.4000039100647,80.40000319480896,0.4242640855706679,0.6000000238418579,0.5989244559343441,/Users/angadkumar16ak/Projects/Automated_Cardiovascular_Segmentation_for_Bioprinting_Project/outputs/topology_correction/mesh_qc/ground_truth/case_outputs/804__groundtruth/segmentation_raw.stl,/Users/angadkumar16ak/Projects/Automated_Cardiovascular_Segmentation_for_Bioprinting_Project/outputs/topology_correction/mesh_qc/ground_truth/case_outputs/804__groundtruth/segmentation_repaired.stl,/Users/angadkumar16ak/Projects/Automated_Cardiovascular_Segmentation_for_Bioprinting_Project/outputs/topology_correction/mesh_qc/ground_truth/case_outputs/804__groundtruth/segmentation_smoothed.stl,True,0.5948468958299866,3.141592653589793,0.5522800137190648,3.1411656318289314,-0.0020795242317605592,0.0937968515742129,True
805__groundtruth,/Users/angadkumar16ak/Projects/Automated_Cardiovascular_Segmentation_for_Bioprinting_Project/outputs/topology_correction/case_outputs/805/ground_truth_mask.nii.gz,ok,3.0,2,True,0,2,6123.820485644879,4491.873535473011,103.20000410079956,90.00000357627869,80.40000319480896,0.4242640855706679,0.6000000238418579,0.5921231041181791,/Users/angadkumar16ak/Projects/Automated_Cardiovascular_Segmentation_for_Bioprinting_Project/outputs/topology_correction/mesh_qc/ground_truth/case_outputs/805__groundtruth/segmentation_raw.stl,/Users/angadkumar16ak/Projects/Automated_Cardiovascular_Segmentation_for_Bioprinting_Project/outputs/topology_correction/mesh_qc/ground_truth/case_outputs/805__groundtruth/segmentation_repaired.stl,/Users/angadkumar16ak/Projects/Automated_Cardiovascular_Segmentation_for_Bioprinting_Project/outputs/topology_correction/mesh_qc/ground_truth/case_outputs/805__groundtruth/segmentation_smoothed.stl,True,0.6055542990617934,3.141592653589793,0.541001647381773,3.135788532911397,-0.0032274438823308277,0.03543696173937597,True
806__groundtruth,/Users/angadkumar16ak/Projects/Automated_Cardiovascular_Segmentation_for_Bioprinting_Project/outputs/topology_correction/case_outputs/806/ground_truth_mask.nii.gz,ok,3.0,2,True,0,2,8434.279580077156,6639.921791540296,111.60000443458557,96.00000381469727,90.60000360012054,0.4242640855706679,0.6000000238418579,0.5914778102922523,/Users/angadkumar16ak/Projects/Automated_Cardiovascular_Segmentation_for_Bioprinting_Project/outputs/topology_correction/mesh_qc/ground_truth/case_outputs/806__groundtruth/segmentation_raw.stl,/Users/angadkumar16ak/Projects/Automated_Cardiovascular_Segmentation_for_Bioprinting_Project/outputs/topology_correction/mesh_qc/ground_truth/case_outputs/806__groundtruth/segmentation_repaired.stl,/Users/angadkumar16ak/Projects/Automated_Cardiovascular_Segmentation_for_Bioprinting_Project/outputs/topology_correction/mesh_qc/ground_truth/case_outputs/806__groundtruth/segmentation_smoothed.stl,True,0.6020613301852913,3.141592653589793,0.5367226264377307,3.1395526383886807,-0.00271550056631829,0.058091286307053944,True
807__groundtruth,/Users/angadkumar16ak/Projects/Automated_Cardiovascular_Segmentation_for_Bioprinting_Project/outputs/topology_correction/case_outputs/807/ground_truth_mask.nii.gz,ok,3.0,2,True,0,2,8352.501946139962,7264.503865996277,118.20000469684601,113.40000450611115,90.00000357627869,0.4242640855706679,0.6000000238418579,0.6007347953822807,/Users/angadkumar16ak/Projects/Automated_Cardiovascular_Segmentation_for_Bioprinting_Project/outputs/topology_correction/mesh_qc/ground_truth/case_outputs/807__groundtruth/segmentation_raw.stl,/Users/angadkumar16ak/Projects/Automated_Cardiovascular_Segmentation_for_Bioprinting_Project/outputs/topology_correction/mesh_qc/ground_truth/case_outputs/807__groundtruth/segmentation_repaired.stl,/Users/angadkumar16ak/Projects/Automated_Cardiovascular_Segmentation_for_Bioprinting_Project/outputs/topology_correction/mesh_qc/ground_truth/case_outputs/807__groundtruth/segmentation_smoothed.stl,True,0.5686073746754079,3.141592653589793,0.5300709314680256,3.1359333521639554,-0.002204083613872182,0.08953433953433954,True
808__groundtruth,/Users/angadkumar16ak/Projects/Automated_Cardiovascular_Segmentation_for_Bioprinting_Project/outputs/topology_correction/case_outputs/808/ground_truth_mask.nii.gz,ok,3.0,4,True,0,2,8485.334695371394,7401.456882322345,106.20000422000885,94.80000376701355,81.60000324249268,0.4242640855706679,0.6000000238418579,0.6005246676789754,/Users/angadkumar16ak/Projects/Automated_Cardiovascular_Segmentation_for_Bioprinting_Project/outputs/topology_correction/mesh_qc/ground_truth/case_outputs/808__groundtruth/segmentation_raw.stl,/Users/angadkumar16ak/Projects/Automated_Cardiovascular_Segmentation_for_Bioprinting_Project/outputs/topology_correction/mesh_qc/ground_truth/case_outputs/808__groundtruth/segmentation_repaired.stl,/Users/angadkumar16ak/Projects/Automated_Cardiovascular_Segmentation_for_Bioprinting_Project/outputs/topology_correction/mesh_qc/ground_truth/case_outputs/808__groundtruth/segmentation_smoothed.stl,True,0.6309609174616402,3.141592653589793,0.5966772199826399,3.139799728306157,-0.002284916266907481,0.08758830624317959,True
809__groundtruth,/Users/angadkumar16ak/Projects/Automated_Cardiovascular_Segmentation_for_Bioprinting_Project/outputs/topology_correction/case_outputs/809/ground_truth_mask.nii.gz,ok,3.0,3,True,0,2,2165.6055434564187,1867.6622226426687,73.80000293254852,68.4000027179718,34.80000138282776,0.4242640855706679,0.6000000238418579,0.5912302123278774,/Users/angadkumar16ak/Projects/Automated_Cardiovascular_Segmentation_for_Bioprinting_Project/outputs/topology_correction/mesh_qc/ground_truth/case_outputs/809__groundtruth/segmentation_raw.stl,/Users/angadkumar16ak/Projects/Automated_Cardiovascular_Segmentation_for_Bioprinting_Project/outputs/topology_correction/mesh_qc/ground_truth/case_outputs/809__groundtruth/segmentation_repaired.stl,/Users/angadkumar16ak/Projects/Automated_Cardiovascular_Segmentation_for_Bioprinting_Project/outputs/topology_correction/mesh_qc/ground_truth/case_outputs/809__groundtruth/segmentation_smoothed.stl,True,0.6217343970283743,3.141592653589793,0.5458570282869536,3.1380541821642502,-0.0025093513458024786,0.08334282135944437,True
810__groundtruth,/Users/angadkumar16ak/Projects/Automated_Cardiovascular_Segmentation_for_Bioprinting_Project/outputs/topology_correction/case_outputs/810/ground_truth_mask.nii.gz,ok,3.0,3,True,0,3,8059.693166216816,6564.762782580646,108.60000431537628,98.4000039100647,89.40000355243683,0.4242640855706679,0.6000000238418579,0.6019489058278731,/Users/angadkumar16ak/Projects/Automated_Cardiovascular_Segmentation_for_Bioprinting_Project/outputs/topology_correction/mesh_qc/ground_truth/case_outputs/810__groundtruth/segmentation_raw.stl,/Users/angadkumar16ak/Projects/Automated_Cardiovascular_Segmentation_for_Bioprinting_Project/outputs/topology_correction/mesh_qc/ground_truth/case_outputs/810__groundtruth/segmentation_repaired.stl,/Users/angadkumar16ak/Projects/Automated_Cardiovascular_Segmentation_for_Bioprinting_Project/outputs/topology_correction/mesh_qc/ground_truth/case_outputs/810__groundtruth/segmentation_smoothed.stl,True,0.5811692037470161,3.141592653589793,0.5485537293847899,3.1386996564519256,-0.002334116570635727,0.0565123267310737,True
811__groundtruth,/Users/angadkumar16ak/Projects/Automated_Cardiovascular_Segmentation_for_Bioprinting_Project/outputs/topology_correction/case_outputs/811/ground_truth_mask.nii.gz,ok,3.0,2,True,0,5,8361.16199897093,7218.981860569628,107.40000426769257,93.00000369548798,81.60000324249268,0.4242640855706679,0.6000000238418579,0.590530871799148,/Users/angadkumar16ak/Projects/Automated_Cardiovascular_Segmentation_for_Bioprinting_Project/outputs/topology_correction/mesh_qc/ground_truth/case_outputs/811__groundtruth/segmentation_raw.stl,/Users/angadkumar16ak/Projects/Automated_Cardiovascular_Segmentation_for_Bioprinting_Project/outputs/topology_correction/mesh_qc/ground_truth/case_outputs/811__groundtruth/segmentation_repaired.stl,/Users/angadkumar16ak/Projects/Automated_Cardiovascular_Segmentation_for_Bioprinting_Project/outputs/topology_correction/mesh_qc/ground_truth/case_outputs/811__groundtruth/segmentation_smoothed.stl,True,0.6036570795428481,3.141592653589793,0.5251802530502485,3.140071442264785,-0.002273087477254338,0.09135351631523148,True
812__groundtruth,/Users/angadkumar16ak/Projects/Automated_Cardiovascular_Segmentation_for_Bioprinting_Project/outputs/topology_correction/case_outputs/812/ground_truth_mask.nii.gz,ok,3.0,4,True,0,4,9728.754554889529,9165.853092654748,115.20000457763672,115.20000457763672,81.00000321865082,0.4242640855706679,0.6000000238418579,0.6031317244446154,/Users/angadkumar16ak/Projects/Automated_Cardiovascular_Segmentation_for_Bioprinting_Project/outputs/topology_correction/mesh_qc/ground_truth/case_outputs/812__groundtruth/segmentation_raw.stl,/Users/angadkumar16ak/Projects/Automated_Cardiovascular_Segmentation_for_Bioprinting_Project/outputs/topology_correction/mesh_qc/ground_truth/case_outputs/812__groundtruth/segmentation_repaired.stl,/Users/angadkumar16ak/Projects/Automated_Cardiovascular_Segmentation_for_Bioprinting_Project/outputs/topology_correction/mesh_qc/ground_truth/case_outputs/812__groundtruth/segmentation_smoothed.stl,True,0.6140343010214262,3.141592653589793,0.5787830585142649,3.1411499617196497,-0.0018114966035478082,0.12628961799423738,True
813__groundtruth,/Users/angadkumar16ak/Projects/Automated_Cardiovascular_Segmentation_for_Bioprinting_Project/outputs/topology_correction/case_outputs/813/ground_truth_mask.nii.gz,ok,3.0,2,True,0,2,4569.714445473912,3420.648407773035,108.00000429153442,82.80000329017639,71.40000283718109,0.4242640855706679,0.6000000238418579,0.5911967475998865,/Users/angadkumar16ak/Projects/Automated_Cardiovascular_Segmentation_for_Bioprinting_Project/outputs/topology_correction/mesh_qc/ground_truth/case_outputs/813__groundtruth/segmentation_raw.stl,/Users/angadkumar16ak/Projects/Automated_Cardiovascular_Segmentation_for_Bioprinting_Project/outputs/topology_correction/mesh_qc/ground_truth/case_outputs/813__groundtruth/segmentation_repaired.stl,/Users/angadkumar16ak/Projects/Automated_Cardiovascular_Segmentation_for_Bioprinting_Project/outputs/topology_correction/mesh_qc/ground_truth/case_outputs/813__groundtruth/segmentation_smoothed.stl,True,0.6094360184356729,3.141592653589793,0.5376441548096597,3.137379467876162,-0.0030517770556149912,0.034297367445309604,True
814__groundtruth,/Users/angadkumar16ak/Projects/Automated_Cardiovascular_Segmentation_for_Bioprinting_Project/outputs/topology_correction/case_outputs/814/ground_truth_mask.nii.gz,ok,3.0,3,True,0,2,9365.909259264543,8573.743022069733,114.60000455379486,118.20000469684601,86.40000343322754,0.4242640855706679,0.6000000238418579,0.6026864809463375,/Users/angadkumar16ak/Projects/Automated_Cardiovascular_Segmentation_for_Bioprinting_Project/outputs/topology_correction/mesh_qc/ground_truth/case_outputs/814__groundtruth/segmentation_raw.stl,/Users/angadkumar16ak/Projects/Automated_Cardiovascular_Segmentation_for_Bioprinting_Project/outputs/topology_correction/mesh_qc/ground_truth/case_outputs/814__groundtruth/segmentation_repaired.stl,/Users/angadkumar16ak/Projects/Automated_Cardiovascular_Segmentation_for_Bioprinting_Project/outputs/topology_correction/mesh_qc/ground_truth/case_outputs/814__groundtruth/segmentation_smoothed.stl,True,0.6264819815244403,3.141592653589793,0.5905052850715113,3.1387073243598516,-0.0019047499007379736,0.10752501303408724,True
815__groundtruth,/Users/angadkumar16ak/Projects/Automated_Cardiovascular_Segmentation_for_Bioprinting_Project/outputs/topology_correction/case_outputs/815/ground_truth_mask.nii.gz,ok,3.0,2,True,0,2,9286.36703486192,8415.730003233117,108.60000431537628,81.60000324249268,103.80000412464142,0.4242640855706679,0.6000000238418579,0.5922737077371851,/Users/angadkumar16ak/Projects/Automated_Cardiovascular_Segmentation_for_Bioprinting_Project/outputs/topology_correction/mesh_qc/ground_truth/case_outputs/815__groundtruth/segmentation_raw.stl,/Users/angadkumar16ak/Projects/Automated_Cardiovascular_Segmentation_for_Bioprinting_Project/outputs/topology_correction/mesh_qc/ground_truth/case_outputs/815__groundtruth/segmentation_repaired.stl,/Users/angadkumar16ak/Projects/Automated_Cardiovascular_Segmentation_for_Bioprinting_Project/outputs/topology_correction/mesh_qc/ground_truth/case_outputs/815__groundtruth/segmentation_smoothed.stl,True,0.591436429701084,3.141592653589793,0.5211773662693142,3.1388747054688686,-0.0018932804056660654,0.09314804971270914,True
816__groundtruth,/Users/angadkumar16ak/Projects/Automated_Cardiovascular_Segmentation_for_Bioprinting_Project/outputs/topology_correction/case_outputs/816/ground_truth_mask.nii.gz,ok,3.0,6,True,0,2,5124.986414649941,3909.564466056368,85.80000340938568,83.40000331401825,75.6000030040741,0.4242640855706679,0.6000000238418579,0.590548227267927,/Users/angadkumar16ak/Projects/Automated_Cardiovascular_Segmentation_for_Bioprinting_Project/outputs/topology_correction/mesh_qc/ground_truth/case_outputs/816__groundtruth/segmentation_raw.stl,/Users/angadkumar16ak/Projects/Automated_Cardiovascular_Segmentation_for_Bioprinting_Project/outputs/topology_correction/mesh_qc/ground_truth/case_outputs/816__groundtruth/segmentation_repaired.stl,/Users/angadkumar16ak/Projects/Automated_Cardiovascular_Segmentation_for_Bioprinting_Project/outputs/topology_correction/mesh_qc/ground_truth/case_outputs/816__groundtruth/segmentation_smoothed.stl,True,0.5923023873886092,3.141592653589793,0.5201580347011437,3.1390424158258683,-0.003328309727035071,0.042280207882200084,True
817__groundtruth,/Users/angadkumar16ak/Projects/Automated_Cardiovascular_Segmentation_for_Bioprinting_Project/outputs/topology_correction/case_outputs/817/ground_truth_mask.nii.gz,ok,3.0,2,True,0,3,6976.864697863916,5569.533663940098,109.80000436306,76.20000302791595,80.40000319480896,0.4242640855706679,0.6000000238418579,0.5932351506302623,/Users/angadkumar16ak/Projects/Automated_Cardiovascular_Segmentation_for_Bioprinting_Project/outputs/topology_correction/mesh_qc/ground_truth/case_outputs/817__groundtruth/segmentation_raw.stl,/Users/angadkumar16ak/Projects/Automated_Cardiovascular_Segmentation_for_Bioprinting_Project/outputs/topology_correction/mesh_qc/ground_truth/case_outputs/817__groundtruth/segmentation_repaired.stl,/Users/angadkumar16ak/Projects/Automated_Cardiovascular_Segmentation_for_Bioprinting_Project/outputs/topology_correction/mesh_qc/ground_truth/case_outputs/817__groundtruth/segmentation_smoothed.stl,True,0.5938697881557443,3.141592653589793,0.5239751694851238,3.137776665384999,-0.0027318172716348887,0.05079195857447456,True
818__groundtruth,/Users/angadkumar16ak/Projects/Automated_Cardiovascular_Segmentation_for_Bioprinting_Project/outputs/topology_correction/case_outputs/818/ground_truth_mask.nii.gz,ok,3.0,4,True,0,2,8981.516629823887,8578.801022672693,132.6000052690506,130.80000519752502,90.60000360012054,0.4242640855706679,0.6000000238418579,0.6004910049460255,/Users/angadkumar16ak/Projects/Automated_Cardiovascular_Segmentation_for_Bioprinting_Project/outputs/topology_correction/mesh_qc/ground_truth/case_outputs/818__groundtruth/segmentation_raw.stl,/Users/angadkumar16ak/Projects/Automated_Cardiovascular_Segmentation_for_Bioprinting_Project/outputs/topology_correction/mesh_qc/ground_truth/case_outputs/818__groundtruth/segmentation_repaired.stl,/Users/angadkumar16ak/Projects/Automated_Cardiovascular_Segmentation_for_Bioprinting_Project/outputs/topology_correction/mesh_qc/ground_truth/case_outputs/818__groundtruth/segmentation_smoothed.stl,True,0.6101001043088488,3.141592653589793,0.569410243567593,3.141262874478663,-0.001981241752426321,0.12673503339706504,True
819__groundtruth,/Users/angadkumar16ak/Projects/Automated_Cardiovascular_Segmentation_for_Bioprinting_Project/outputs/topology_correction/case_outputs/819/ground_truth_mask.nii.gz,ok,3.0,2,True,0,2,9225.754277923548,8619.733027552173,117.60000467300415,108.60000431537628,84.00000333786011,0.4242640855706679,0.6000000238418579,0.5980695278183823,/Users/angadkumar16ak/Projects/Automated_Cardiovascular_Segmentation_for_Bioprinting_Project/outputs/topology_correction/mesh_qc/ground_truth/case_outputs/819__groundtruth/segmentation_raw.stl,/Users/angadkumar16ak/Projects/Automated_Cardiovascular_Segmentation_for_Bioprinting_Project/outputs/topology_correction/mesh_qc/ground_truth/case_outputs/819__groundtruth/segmentation_repaired.stl,/Users/angadkumar16ak/Projects/Automated_Cardiovascular_Segmentation_for_Bioprinting_Project/outputs/topology_correction/mesh_qc/ground_truth/case_outputs/819__groundtruth/segmentation_smoothed.stl,True,0.6050083984452596,3.141592653589793,0.5649644527441832,3.139576431218831,-0.0018668251123459107,0.12419382737403939,True
820__groundtruth,/Users/angadkumar16ak/Projects/Automated_Cardiovascular_Segmentation_for_Bioprinting_Project/outputs/topology_correction/case_outputs/820/ground_truth_mask.nii.gz,ok,3.0,2,True,0,2,6902.4785734058905,5852.02569761577,105.00000417232513,85.80000340938568,73.80000293254852,0.4242640855706679,0.6000000238418579,0.6001496480311308,/Users/angadkumar16ak/Projects/Automated_Cardiovascular_Segmentation_for_Bioprinting_Project/outputs/topology_correction/mesh_qc/ground_truth/case_outputs/820__groundtruth/segmentation_raw.stl,/Users/angadkumar16ak/Projects/Automated_Cardiovascular_Segmentation_for_Bioprinting_Project/outputs/topology_correction/mesh_qc/ground_truth/case_outputs/820__groundtruth/segmentation_repaired.stl,/Users/angadkumar16ak/Projects/Automated_Cardiovascular_Segmentation_for_Bioprinting_Project/outputs/topology_correction/mesh_qc/ground_truth/case_outputs/820__groundtruth/segmentation_smoothed.stl,True,0.6132608662096073,3.141592653589793,0.5791685622603651,3.138057269024206,-0.0023678683103557784,0.08167265599477296,True
821__groundtruth,/Users/angadkumar16ak/Projects/Automated_Cardiovascular_Segmentation_for_Bioprinting_Project/outputs/topology_correction/case_outputs/821/ground_truth_mask.nii.gz,ok,3.0,5,True,0,4,8384.591376229324,7846.0929353270885,100.20000398159027,115.20000457763672,102.00000405311584,0.4242640855706679,0.6000000238418579,0.6015781976429848,/Users/angadkumar16ak/Projects/Automated_Cardiovascular_Segmentation_for_Bioprinting_Project/outputs/topology_correction/mesh_qc/ground_truth/case_outputs/821__groundtruth/segmentation_raw.stl,/Users/angadkumar16ak/Projects/Automated_Cardiovascular_Segmentation_for_Bioprinting_Project/outputs/topology_correction/mesh_qc/ground_truth/case_outputs/821__groundtruth/segmentation_repaired.stl,/Users/angadkumar16ak/Projects/Automated_Cardiovascular_Segmentation_for_Bioprinting_Project/outputs/topology_correction/mesh_qc/ground_truth/case_outputs/821__groundtruth/segmentation_smoothed.stl,True,0.5896498891193308,3.141592653589793,0.5532438692872496,3.1398150835994114,-0.0019115707241487256,0.12219085875583541,True
822__groundtruth,/Users/angadkumar16ak/Projects/Automated_Cardiovascular_Segmentation_for_Bioprinting_Project/outputs/topology_correction/case_outputs/822/ground_truth_mask.nii.gz,ok,3.0,3,True,0,2,9193.445753383048,8413.498002967039,106.80000424385071,97.20000386238098,90.60000360012054,0.4242640855706679,0.6000000238418579,0.6000918920282632,/Users/angadkumar16ak/Projects/Automated_Cardiovascular_Segmentation_for_Bioprinting_Project/outputs/topology_correction/mesh_qc/ground_truth/case_outputs/822__groundtruth/segmentation_raw.stl,/Users/angadkumar16ak/Projects/Automated_Cardiovascular_Segmentation_for_Bioprinting_Project/outputs/topology_correction/mesh_qc/ground_truth/case_outputs/822__groundtruth/segmentation_repaired.stl,/Users/angadkumar16ak/Projects/Automated_Cardiovascular_Segmentation_for_Bioprinting_Project/outputs/topology_correction/mesh_qc/ground_truth/case_outputs/822__groundtruth/segmentation_smoothed.stl,True,0.5906237144390245,3.141592653589793,0.5484781209846433,3.140803800239019,-0.002101103737823473,0.11538850667745852,True
823__groundtruth,/Users/angadkumar16ak/Projects/Automated_Cardiovascular_Segmentation_for_Bioprinting_Project/outputs/topology_correction/case_outputs/823/ground_truth_mask.nii.gz,ok,3.0,2,True,0,2,7484.617005746379,5736.6186838581825,105.00000417232513,92.40000367164612,81.60000324249268,0.4242640855706679,0.6000000238418579,0.592896111210442,/Users/angadkumar16ak/Projects/Automated_Cardiovascular_Segmentation_for_Bioprinting_Project/outputs/topology_correction/mesh_qc/ground_truth/case_outputs/823__groundtruth/segmentation_raw.stl,/Users/angadkumar16ak/Projects/Automated_Cardiovascular_Segmentation_for_Bioprinting_Project/outputs/topology_correction/mesh_qc/ground_truth/case_outputs/823__groundtruth/segmentation_repaired.stl,/Users/angadkumar16ak/Projects/Automated_Cardiovascular_Segmentation_for_Bioprinting_Project/outputs/topology_correction/mesh_qc/ground_truth/case_outputs/823__groundtruth/segmentation_smoothed.stl,True,0.6153508108048823,3.141592653589793,0.5527592887779073,3.133924016075916,-0.003151683505586931,0.04734317343173432,True
824__groundtruth,/Users/angadkumar16ak/Projects/Automated_Cardiovascular_Segmentation_for_Bioprinting_Project/outputs/topology_correction/case_outputs/824/ground_truth_mask.nii.gz,ok,3.0,2,True,0,3,5678.382020125576,4364.496520288489,102.6000040769577,92.40000367164612,88.20000350475311,0.4242640855706679,0.6000000238418579,0.5895977478575287,/Users/angadkumar16ak/Projects/Automated_Cardiovascular_Segmentation_for_Bioprinting_Project/outputs/topology_correction/mesh_qc/ground_truth/case_outputs/824__groundtruth/segmentation_raw.stl,/Users/angadkumar16ak/Projects/Automated_Cardiovascular_Segmentation_for_Bioprinting_Project/outputs/topology_correction/mesh_qc/ground_truth/case_outputs/824__groundtruth/segmentation_repaired.stl,/Users/angadkumar16ak/Projects/Automated_Cardiovascular_Segmentation_for_Bioprinting_Project/outputs/topology_correction/mesh_qc/ground_truth/case_outputs/824__groundtruth/segmentation_smoothed.stl,True,0.5946562766436574,3.141592653589793,0.5249923434538923,3.1361827539530984,-0.003225815458438989,0.04133113418065393,True
825__groundtruth,/Users/angadkumar16ak/Projects/Automated_Cardiovascular_Segmentation_for_Bioprinting_Project/outputs/topology_correction/case_outputs/825/ground_truth_mask.nii.gz,ok,3.0,2,True,0,2,5691.204245894071,4545.963541921042,95.40000379085541,85.80000340938568,76.80000305175781,0.4242640855706679,0.6000000238418579,0.5947505521398228,/Users/angadkumar16ak/Projects/Automated_Cardiovascular_Segmentation_for_Bioprinting_Project/outputs/topology_correction/mesh_qc/ground_truth/case_outputs/825__groundtruth/segmentation_raw.stl,/Users/angadkumar16ak/Projects/Automated_Cardiovascular_Segmentation_for_Bioprinting_Project/outputs/topology_correction/mesh_qc/ground_truth/case_outputs/825__groundtruth/segmentation_repaired.stl,/Users/angadkumar16ak/Projects/Automated_Cardiovascular_Segmentation_for_Bioprinting_Project/outputs/topology_correction/mesh_qc/ground_truth/case_outputs/825__groundtruth/segmentation_smoothed.stl,True,0.6043300122539114,3.141592653589793,0.5396176000103556,3.139795386227525,-0.0024950001132290076,0.055081386129378296,True
826__groundtruth,/Users/angadkumar16ak/Projects/Automated_Cardiovascular_Segmentation_for_Bioprinting_Project/outputs/topology_correction/case_outputs/826/ground_truth_mask.nii.gz,ok,3.0,2,True,0,2,13990.018745575942,12447.604483869965,112.80000448226929,109.80000436306,89.40000355243683,0.4242640855706679,0.6000000238418579,0.5987217579893918,/Users/angadkumar16ak/Projects/Automated_Cardiovascular_Segmentation_for_Bioprinting_Project/outputs/topology_correction/mesh_qc/ground_truth/case_outputs/826__groundtruth/segmentation_raw.stl,/Users/angadkumar16ak/Projects/Automated_Cardiovascular_Segmentation_for_Bioprinting_Project/outputs/topology_correction/mesh_qc/ground_truth/case_outputs/826__groundtruth/segmentation_repaired.stl,/Users/angadkumar16ak/Projects/Automated_Cardiovascular_Segmentation_for_Bioprinting_Project/outputs/topology_correction/mesh_qc/ground_truth/case_outputs/826__groundtruth/segmentation_smoothed.stl,True,0.5892095983723914,3.141592653589793,0.5486116090762889,3.1409970732161026,-0.0020479381240025075,0.10343295569111943,True
827__groundtruth,/Users/angadkumar16ak/Projects/Automated_Cardiovascular_Segmentation_for_Bioprinting_Project/outputs/topology_correction/case_outputs/827/ground_truth_mask.nii.gz,ok,3.0,3,True,0,4,10463.980617622907,7914.348943463842,118.80000472068787,105.60000419616699,105.00000417232513,0.4242640855706679,0.6000000238418579,0.5938930230348571,/Users/angadkumar16ak/Projects/Automated_Cardiovascular_Segmentation_for_Bioprinting_Project/outputs/topology_correction/mesh_qc/ground_truth/case_outputs/827__groundtruth/segmentation_raw.stl,/Users/angadkumar16ak/Projects/Automated_Cardiovascular_Segmentation_for_Bioprinting_Project/outputs/topology_correction/mesh_qc/ground_truth/case_outputs/827__groundtruth/segmentation_repaired.stl,/Users/angadkumar16ak/Projects/Automated_Cardiovascular_Segmentation_for_Bioprinting_Project/outputs/topology_correction/mesh_qc/ground_truth/case_outputs/827__groundtruth/segmentation_smoothed.stl,True,0.5860310910581555,3.141592653589793,0.5251612655960627,3.1357690614245106,-0.0028582537998188156,0.04223732077894286,True
828__groundtruth,/Users/angadkumar16ak/Projects/Automated_Cardiovascular_Segmentation_for_Bioprinting_Project/outputs/topology_correction/case_outputs/828/ground_truth_mask.nii.gz,ok,3.0,2,True,0,2,9612.926421862649,8444.638006679217,114.60000455379486,85.20000338554382,91.80000364780426,0.4242640855706679,0.6000000238418579,0.5946314295118831,/Users/angadkumar16ak/Projects/Automated_Cardiovascular_Segmentation_for_Bioprinting_Project/outputs/topology_correction/mesh_qc/ground_truth/case_outputs/828__groundtruth/segmentation_raw.stl,/Users/angadkumar16ak/Projects/Automated_Cardiovascular_Segmentation_for_Bioprinting_Project/outputs/topology_correction/mesh_qc/ground_truth/case_outputs/828__groundtruth/segmentation_repaired.stl,/Users/angadkumar16ak/Projects/Automated_Cardiovascular_Segmentation_for_Bioprinting_Project/outputs/topology_correction/mesh_qc/ground_truth/case_outputs/828__groundtruth/segmentation_smoothed.stl,True,0.6144829485048847,3.141592653589793,0.5544928464724667,3.141291758870539,-0.0021130336375743083,0.10134011789007003,True
829__groundtruth,/Users/angadkumar16ak/Projects/Automated_Cardiovascular_Segmentation_for_Bioprinting_Project/outputs/topology_correction/case_outputs/829/ground_truth_mask.nii.gz,ok,3.0,2,True,0,2,9962.201767506494,8099.190965498721,108.00000429153442,111.00000441074371,82.80000329017639,0.4242640855706679,0.6000000238418579,0.6002847605732686,/Users/angadkumar16ak/Projects/Automated_Cardiovascular_Segmentation_for_Bioprinting_Project/outputs/topology_correction/mesh_qc/ground_truth/case_outputs/829__groundtruth/segmentation_raw.stl,/Users/angadkumar16ak/Projects/Automated_Cardiovascular_Segmentation_for_Bioprinting_Project/outputs/topology_correction/mesh_qc/ground_truth/case_outputs/829__groundtruth/segmentation_repaired.stl,/Users/angadkumar16ak/Projects/Automated_Cardiovascular_Segmentation_for_Bioprinting_Project/outputs/topology_correction/mesh_qc/ground_truth/case_outputs/829__groundtruth/segmentation_smoothed.stl,True,0.5889991230619545,3.141592653589793,0.5550024953993098,3.1404748727192207,-0.0023888703700885817,0.05991881628911876,True
830__groundtruth,/Users/angadkumar16ak/Projects/Automated_Cardiovascular_Segmentation_for_Bioprinting_Project/outputs/topology_correction/case_outputs/830/ground_truth_mask.nii.gz,ok,3.0,2,True,0,2,6480.680858140498,5043.150601190355,97.80000388622284,103.20000410079956,79.8000031709671,0.4242640855706679,0.6000000238418579,0.5983642804488614,/Users/angadkumar16ak/Projects/Automated_Cardiovascular_Segmentation_for_Bioprinting_Project/outputs/topology_correction/mesh_qc/ground_truth/case_outputs/830__groundtruth/segmentation_raw.stl,/Users/angadkumar16ak/Projects/Automated_Cardiovascular_Segmentation_for_Bioprinting_Project/outputs/topology_correction/mesh_qc/ground_truth/case_outputs/830__groundtruth/segmentation_repaired.stl,/Users/angadkumar16ak/Projects/Automated_Cardiovascular_Segmentation_for_Bioprinting_Project/outputs/topology_correction/mesh_qc/ground_truth/case_outputs/830__groundtruth/segmentation_smoothed.stl,True,0.5871499659299974,3.141592653589793,0.5538929176914414,3.1400994017219426,-0.0026737889334779675,0.04317332325395826,True
831__groundtruth,/Users/angadkumar16ak/Projects/Automated_Cardiovascular_Segmentation_for_Bioprinting_Project/outputs/topology_correction/case_outputs/831/ground_truth_mask.nii.gz,ok,3.0,2,True,0,2,8713.697747160793,7691.013916840234,115.20000457763672,99.00000393390656,104.40000414848328,0.4242640855706679,0.6000000238418579,0.6002800563633944,/Users/angadkumar16ak/Projects/Automated_Cardiovascular_Segmentation_for_Bioprinting_Project/outputs/topology_correction/mesh_qc/ground_truth/case_outputs/831__groundtruth/segmentation_raw.stl,/Users/angadkumar16ak/Projects/Automated_Cardiovascular_Segmentation_for_Bioprinting_Project/outputs/topology_correction/mesh_qc/ground_truth/case_outputs/831__groundtruth/segmentation_repaired.stl,/Users/angadkumar16ak/Projects/Automated_Cardiovascular_Segmentation_for_Bioprinting_Project/outputs/topology_correction/mesh_qc/ground_truth/case_outputs/831__groundtruth/segmentation_smoothed.stl,True,0.5716966485516431,3.141592653589793,0.5311094913431816,3.139503211426641,-0.001993852607284649,0.10060840707964602,True
832__groundtruth,/Users/angadkumar16ak/Projects/Automated_Cardiovascular_Segmentation_for_Bioprinting_Project/outputs/topology_correction/case_outputs/832/ground_truth_mask.nii.gz,ok,3.0,2,True,0,2,9121.635313930765,7184.592856470142,123.00000488758087,93.00000369548798,88.80000352859497,0.4242640855706679,0.6000000238418579,0.5931733569194744,/Users/angadkumar16ak/Projects/Automated_Cardiovascular_Segmentation_for_Bioprinting_Project/outputs/topology_correction/mesh_qc/ground_truth/case_outputs/832__groundtruth/segmentation_raw.stl,/Users/angadkumar16ak/Projects/Automated_Cardiovascular_Segmentation_for_Bioprinting_Project/outputs/topology_correction/mesh_qc/ground_truth/case_outputs/832__groundtruth/segmentation_repaired.stl,/Users/angadkumar16ak/Projects/Automated_Cardiovascular_Segmentation_for_Bioprinting_Project/outputs/topology_correction/mesh_qc/ground_truth/case_outputs/832__groundtruth/segmentation_smoothed.stl,True,0.6181048697525688,3.141592653589793,0.5592061623768805,3.138805973127184,-0.0023985042162400307,0.05113753725397622,True
833__groundtruth,/Users/angadkumar16ak/Projects/Automated_Cardiovascular_Segmentation_for_Bioprinting_Project/outputs/topology_correction/case_outputs/833/ground_truth_mask.nii.gz,ok,3.0,5,True,0,5,7920.118630110522,6405.1747635562715,118.20000469684601,87.0000034570694,82.20000326633453,0.4242640855706679,0.6000000238418579,0.5909441803543488,/Users/angadkumar16ak/Projects/Automated_Cardiovascular_Segmentation_for_Bioprinting_Project/outputs/topology_correction/mesh_qc/ground_truth/case_outputs/833__groundtruth/segmentation_raw.stl,/Users/angadkumar16ak/Projects/Automated_Cardiovascular_Segmentation_for_Bioprinting_Project/outputs/topology_correction/mesh_qc/ground_truth/case_outputs/833__groundtruth/segmentation_repaired.stl,/Users/angadkumar16ak/Projects/Automated_Cardiovascular_Segmentation_for_Bioprinting_Project/outputs/topology_correction/mesh_qc/ground_truth/case_outputs/833__groundtruth/segmentation_smoothed.stl,True,0.6155165153435935,3.141592653589793,0.5479006285227831,3.1348366693586165,-0.002747567972108545,0.06605304108863358,True
834__groundtruth,/Users/angadkumar16ak/Projects/Automated_Cardiovascular_Segmentation_for_Bioprinting_Project/outputs/topology_correction/case_outputs/834/ground_truth_mask.nii.gz,ok,3.0,2,True,0,2,10404.338129254435,8947.71106665019,103.80000412464142,106.20000422000885,90.00000357627869,0.4242640855706679,0.6000000238418579,0.5997789405312292,/Users/angadkumar16ak/Projects/Automated_Cardiovascular_Segmentation_for_Bioprinting_Project/outputs/topology_correction/mesh_qc/ground_truth/case_outputs/834__groundtruth/segmentation_raw.stl,/Users/angadkumar16ak/Projects/Automated_Cardiovascular_Segmentation_for_Bioprinting_Project/outputs/topology_correction/mesh_qc/ground_truth/case_outputs/834__groundtruth/segmentation_repaired.stl,/Users/angadkumar16ak/Projects/Automated_Cardiovascular_Segmentation_for_Bioprinting_Project/outputs/topology_correction/mesh_qc/ground_truth/case_outputs/834__groundtruth/segmentation_smoothed.stl,True,0.5888920588750355,3.141592653589793,0.5506249557639457,3.1393188740221776,-0.0021853164455286184,0.08708452041785375,True
835__groundtruth,/Users/angadkumar16ak/Projects/Automated_Cardiovascular_Segmentation_for_Bioprinting_Project/outputs/topology_correction/case_outputs/835/ground_truth_mask.nii.gz,ok,3.0,3,True,0,2,6300.142023719883,5371.974640389228,106.80000424385071,88.20000350475311,76.80000305175781,0.4242640855706679,0.6000000238418579,0.5927350937803291,/Users/angadkumar16ak/Projects/Automated_Cardiovascular_Segmentation_for_Bioprinting_Project/outputs/topology_correction/mesh_qc/ground_truth/case_outputs/835__groundtruth/segmentation_raw.stl,/Users/angadkumar16ak/Projects/Automated_Cardiovascular_Segmentation_for_Bioprinting_Project/outputs/topology_correction/mesh_qc/ground_truth/case_outputs/835__groundtruth/segmentation_repaired.stl,/Users/angadkumar16ak/Projects/Automated_Cardiovascular_Segmentation_for_Bioprinting_Project/outputs/topology_correction/mesh_qc/ground_truth/case_outputs/835__groundtruth/segmentation_smoothed.stl,True,0.6120404609619916,3.141592653589793,0.5473502046419668,3.1397633265878833,-0.0022969518408947898,0.08765822784810126,True
836__groundtruth,/Users/angadkumar16ak/Projects/Automated_Cardiovascular_Segmentation_for_Bioprinting_Project/outputs/topology_correction/case_outputs/836/ground_truth_mask.nii.gz,ok,3.0,3,True,0,2,7009.515974852096,5443.4166489057825,107.40000426769257,88.20000350475311,78.00000309944153,0.4242640855706679,0.6000000238418579,0.5893398640124506,/Users/angadkumar16ak/Projects/Automated_Cardiovascular_Segmentation_for_Bioprinting_Project/outputs/topology_correction/mesh_qc/ground_truth/case_outputs/836__groundtruth/segmentation_raw.stl,/Users/angadkumar16ak/Projects/Automated_Cardiovascular_Segmentation_for_Bioprinting_Project/outputs/topology_correction/mesh_qc/ground_truth/case_outputs/836__groundtruth/segmentation_repaired.stl,/Users/angadkumar16ak/Projects/Automated_Cardiovascular_Segmentation_for_Bioprinting_Project/outputs/topology_correction/mesh_qc/ground_truth/case_outputs/836__groundtruth/segmentation_smoothed.stl,True,0.6061617891785567,3.141592653589793,0.5326492276592842,3.138468747717394,-0.003402913790888009,0.05996266915538964,True
837__groundtruth,/Users/angadkumar16ak/Projects/Automated_Cardiovascular_Segmentation_for_Bioprinting_Project/outputs/topology_correction/case_outputs/837/ground_truth_mask.nii.gz,ok,3.0,3,True,0,4,8375.81028812626,7095.4838458475215,100.80000400543213,97.20000386238098,84.00000333786011,0.4242640855706679,0.6000000238418579,0.5898865423694797,/Users/angadkumar16ak/Projects/Automated_Cardiovascular_Segmentation_for_Bioprinting_Project/outputs/topology_correction/mesh_qc/ground_truth/case_outputs/837__groundtruth/segmentation_raw.stl,/Users/angadkumar16ak/Projects/Automated_Cardiovascular_Segmentation_for_Bioprinting_Project/outputs/topology_correction/mesh_qc/ground_truth/case_outputs/837__groundtruth/segmentation_repaired.stl,/Users/angadkumar16ak/Projects/Automated_Cardiovascular_Segmentation_for_Bioprinting_Project/outputs/topology_correction/mesh_qc/ground_truth/case_outputs/837__groundtruth/segmentation_smoothed.stl,True,0.6069407083373095,3.141592653589793,0.5364009353248768,3.133685981833849,-0.002479925854605019,0.09035387102568708,True
838__groundtruth,/Users/angadkumar16ak/Projects/Automated_Cardiovascular_Segmentation_for_Bioprinting_Project/outputs/topology_correction/case_outputs/838/ground_truth_mask.nii.gz,ok,3.0,2,True,0,4,7893.148650791975,6148.953733012349,96.60000383853912,76.80000305175781,96.00000381469727,0.4242640855706679,0.6000000238418579,0.5901996376203036,/Users/angadkumar16ak/Projects/Automated_Cardiovascular_Segmentation_for_Bioprinting_Project/outputs/topology_correction/mesh_qc/ground_truth/case_outputs/838__groundtruth/segmentation_raw.stl,/Users/angadkumar16ak/Projects/Automated_Cardiovascular_Segmentation_for_Bioprinting_Project/outputs/topology_correction/mesh_qc/ground_truth/case_outputs/838__groundtruth/segmentation_repaired.stl,/Users/angadkumar16ak/Projects/Automated_Cardiovascular_Segmentation_for_Bioprinting_Project/outputs/topology_correction/mesh_qc/ground_truth/case_outputs/838__groundtruth/segmentation_smoothed.stl,True,0.6005301643764225,3.141592653589793,0.5252587620975293,3.1333952942999943,-0.002807716791597092,0.053792342947723906,True
839__groundtruth,/Users/angadkumar16ak/Projects/Automated_Cardiovascular_Segmentation_for_Bioprinting_Project/outputs/topology_correction/case_outputs/839/ground_truth_mask.nii.gz,ok,3.0,3,True,0,2,7559.900837416177,5523.930658503798,106.80000424385071,100.80000400543213,101.40000402927399,0.4242640855706679,0.6000000238418579,0.5922052967481732,/Users/angadkumar16ak/Projects/Automated_Cardiovascular_Segmentation_for_Bioprinting_Project/outputs/topology_correction/mesh_qc/ground_truth/case_outputs/839__groundtruth/segmentation_raw.stl,/Users/angadkumar16ak/Projects/Automated_Cardiovascular_Segmentation_for_Bioprinting_Project/outputs/topology_correction/mesh_qc/ground_truth/case_outputs/839__groundtruth/segmentation_repaired.stl,/Users/angadkumar16ak/Projects/Automated_Cardiovascular_Segmentation_for_Bioprinting_Project/outputs/topology_correction/mesh_qc/ground_truth/case_outputs/839__groundtruth/segmentation_smoothed.stl,True,0.59633877806988,3.141592653589793,0.5357403950891562,3.1338015155304935,-0.0031636536590629767,0.029737073749473764,True
840__groundtruth,/Users/angadkumar16ak/Projects/Automated_Cardiovascular_Segmentation_for_Bioprinting_Project/outputs/topology_correction/case_outputs/840/ground_truth_mask.nii.gz,ok,3.0,2,True,0,2,9155.101136265148,7438.79788677374,106.20000422000885,99.60000395774841,91.80000364780426,0.4242640855706679,0.6000000238418579,0.6006221404775185,/Users/angadkumar16ak/Projects/Automated_Cardiovascular_Segmentation_for_Bioprinting_Project/outputs/topology_correction/mesh_qc/ground_truth/case_outputs/840__groundtruth/segmentation_raw.stl,/Users/angadkumar16ak/Projects/Automated_Cardiovascular_Segmentation_for_Bioprinting_Project/outputs/topology_correction/mesh_qc/ground_truth/case_outputs/840__groundtruth/segmentation_repaired.stl,/Users/angadkumar16ak/Projects/Automated_Cardiovascular_Segmentation_for_Bioprinting_Project/outputs/topology_correction/mesh_qc/ground_truth/case_outputs/840__groundtruth/segmentation_smoothed.stl,True,0.5893762558867086,3.141592653589793,0.5489852393986683,3.1407680797428807,-0.002409513363523609,0.0591842555618939,True
841__groundtruth,/Users/angadkumar16ak/Projects/Automated_Cardiovascular_Segmentation_for_Bioprinting_Project/outputs/topology_correction/case_outputs/841/ground_truth_mask.nii.gz,ok,3.0,2,True,0,2,6164.047173328934,4712.337561754368,96.60000383853912,84.60000336170197,83.40000331401825,0.4242640855706679,0.6000000238418579,0.5885352655896827,/Users/angadkumar16ak/Projects/Automated_Cardiovascular_Segmentation_for_Bioprinting_Project/outputs/topology_correction/mesh_qc/ground_truth/case_outputs/841__groundtruth/segmentation_raw.stl,/Users/angadkumar16ak/Projects/Automated_Cardiovascular_Segmentation_for_Bioprinting_Project/outputs/topology_correction/mesh_qc/ground_truth/case_outputs/841__groundtruth/segmentation_repaired.stl,/Users/angadkumar16ak/Projects/Automated_Cardiovascular_Segmentation_for_Bioprinting_Project/outputs/topology_correction/mesh_qc/ground_truth/case_outputs/841__groundtruth/segmentation_smoothed.stl,True,0.6231534729110407,3.141592653589793,0.5513566907249419,3.1344061416870472,-0.0031828247672389515,0.04346653481368274,True
842__groundtruth,/Users/angadkumar16ak/Projects/Automated_Cardiovascular_Segmentation_for_Bioprinting_Project/outputs/topology_correction/case_outputs/842/ground_truth_mask.nii.gz,ok,3.0,3,True,0,2,8679.349985158751,6613.380788376359,112.80000448226929,98.4000039100647,98.4000039100647,0.4242640855706679,0.6000000238418579,0.5924472714626681,/Users/angadkumar16ak/Projects/Automated_Cardiovascular_Segmentation_for_Bioprinting_Project/outputs/topology_correction/mesh_qc/ground_truth/case_outputs/842__groundtruth/segmentation_raw.stl,/Users/angadkumar16ak/Projects/Automated_Cardiovascular_Segmentation_for_Bioprinting_Project/outputs/topology_correction/mesh_qc/ground_truth/case_outputs/842__groundtruth/segmentation_repaired.stl,/Users/angadkumar16ak/Projects/Automated_Cardiovascular_Segmentation_for_Bioprinting_Project/outputs/topology_correction/mesh_qc/ground_truth/case_outputs/842__groundtruth/segmentation_smoothed.stl,True,0.5936402839990441,3.141592653589793,0.5319878583512351,3.133089289457286,-0.0030373237777384814,0.0399705581157194,True
843__groundtruth,/Users/angadkumar16ak/Projects/Automated_Cardiovascular_Segmentation_for_Bioprinting_Project/outputs/topology_correction/case_outputs/843/ground_truth_mask.nii.gz,ok,3.0,2,True,0,2,6501.931996704583,5326.533634972239,104.40000414848328,85.80000340938568,78.00000309944153,0.4242640855706679,0.6000000238418579,0.5927815267153471,/Users/angadkumar16ak/Projects/Automated_Cardiovascular_Segmentation_for_Bioprinting_Project/outputs/topology_correction/mesh_qc/ground_truth/case_outputs/843__groundtruth/segmentation_raw.stl,/Users/angadkumar16ak/Projects/Automated_Cardiovascular_Segmentation_for_Bioprinting_Project/outputs/topology_correction/mesh_qc/ground_truth/case_outputs/843__groundtruth/segmentation_repaired.stl,/Users/angadkumar16ak/Projects/Automated_Cardiovascular_Segmentation_for_Bioprinting_Project/outputs/topology_correction/mesh_qc/ground_truth/case_outputs/843__groundtruth/segmentation_smoothed.stl,True,0.6231765332347287,3.141592653589793,0.5603635109946824,3.138083781558753,-0.0023599531625823375,0.06393494897959184,True
844__groundtruth,/Users/angadkumar16ak/Projects/Automated_Cardiovascular_Segmentation_for_Bioprinting_Project/outputs/topology_correction/case_outputs/844/ground_truth_mask.nii.gz,ok,3.0,3,True,0,3,7838.700883114213,7128.549849789294,108.60000431537628,108.00000429153442,89.40000355243683,0.4242640855706679,0.6000000238418579,0.6019533080299936,/Users/angadkumar16ak/Projects/Automated_Cardiovascular_Segmentation_for_Bioprinting_Project/outputs/topology_correction/mesh_qc/ground_truth/case_outputs/844__groundtruth/segmentation_raw.stl,/Users/angadkumar16ak/Projects/Automated_Cardiovascular_Segmentation_for_Bioprinting_Project/outputs/topology_correction/mesh_qc/ground_truth/case_outputs/844__groundtruth/segmentation_repaired.stl,/Users/angadkumar16ak/Projects/Automated_Cardiovascular_Segmentation_for_Bioprinting_Project/outputs/topology_correction/mesh_qc/ground_truth/case_outputs/844__groundtruth/segmentation_smoothed.stl,True,0.594832313047114,3.141592653589793,0.5637815490531638,3.1401722037693327,-0.001891922074285653,0.10546583480103884,True
845__groundtruth,/Users/angadkumar16ak/Projects/Automated_Cardiovascular_Segmentation_for_Bioprinting_Project/outputs/topology_correction/case_outputs/845/ground_truth_mask.nii.gz,ok,3.0,3,True,0,2,9675.74019299619,7736.283922236836,118.80000472068787,97.80000388622284,115.20000457763672,0.4242640855706679,0.6000000238418579,0.5986909980442948,/Users/angadkumar16ak/Projects/Automated_Cardiovascular_Segmentation_for_Bioprinting_Project/outputs/topology_correction/mesh_qc/ground_truth/case_outputs/845__groundtruth/segmentation_raw.stl,/Users/angadkumar16ak/Projects/Automated_Cardiovascular_Segmentation_for_Bioprinting_Project/outputs/topology_correction/mesh_qc/ground_truth/case_outputs/845__groundtruth/segmentation_repaired.stl,/Users/angadkumar16ak/Projects/Automated_Cardiovascular_Segmentation_for_Bioprinting_Project/outputs/topology_correction/mesh_qc/ground_truth/case_outputs/845__groundtruth/segmentation_smoothed.stl,True,0.5547651337623267,3.141592653589793,0.5051505973099774,3.1388798362589894,-0.0026842100660560346,0.05726968816791801,True
846__groundtruth,/Users/angadkumar16ak/Projects/Automated_Cardiovascular_Segmentation_for_Bioprinting_Project/outputs/topology_correction/case_outputs/846/ground_truth_mask.nii.gz,ok,3.0,2,True,0,2,7817.8633683435055,5720.0946818883685,114.60000455379486,85.80000340938568,108.60000431537628,0.4242640855706679,0.6000000238418579,0.593028278328601,/Users/angadkumar16ak/Projects/Automated_Cardiovascular_Segmentation_for_Bioprinting_Project/outputs/topology_correction/mesh_qc/ground_truth/case_outputs/846__groundtruth/segmentation_raw.stl,/Users/angadkumar16ak/Projects/Automated_Cardiovascular_Segmentation_for_Bioprinting_Project/outputs/topology_correction/mesh_qc/ground_truth/case_outputs/846__groundtruth/segmentation_repaired.stl,/Users/angadkumar16ak/Projects/Automated_Cardiovascular_Segmentation_for_Bioprinting_Project/outputs/topology_correction/mesh_qc/ground_truth/case_outputs/846__groundtruth/segmentation_smoothed.stl,True,0.5959601585086077,3.141592653589793,0.5292667523375897,3.13987928607149,-0.00336009263489724,0.03233316088980859,True
847__groundtruth,/Users/angadkumar16ak/Projects/Automated_Cardiovascular_Segmentation_for_Bioprinting_Project/outputs/topology_correction/case_outputs/847/ground_truth_mask.nii.gz,ok,3.0,2,True,0,2,7636.455887316688,6642.162791807441,116.40000462532043,100.80000400543213,102.00000405311584,0.4242640855706679,0.6000000238418579,0.6004526972555895,/Users/angadkumar16ak/Projects/Automated_Cardiovascular_Segmentation_for_Bioprinting_Project/outputs/topology_correction/mesh_qc/ground_truth/case_outputs/847__groundtruth/segmentation_raw.stl,/Users/angadkumar16ak/Projects/Automated_Cardiovascular_Segmentation_for_Bioprinting_Project/outputs/topology_correction/mesh_qc/ground_truth/case_outputs/847__groundtruth/segmentation_repaired.stl,/Users/angadkumar16ak/Projects/Automated_Cardiovascular_Segmentation_for_Bioprinting_Project/outputs/topology_correction/mesh_qc/ground_truth/case_outputs/847__groundtruth/segmentation_smoothed.stl,True,0.5698821781975724,3.141592653589793,0.5301866831070645,3.138920130843994,-0.0020750833764469133,0.0921359813233554,True
848__groundtruth,/Users/angadkumar16ak/Projects/Automated_Cardiovascular_Segmentation_for_Bioprinting_Project/outputs/topology_correction/case_outputs/848/ground_truth_mask.nii.gz,ok,3.0,2,True,0,2,5387.662762014479,3998.1694766189066,106.80000424385071,91.2000036239624,71.40000283718109,0.4242640855706679,0.6000000238418579,0.5902771561038208,/Users/angadkumar16ak/Projects/Automated_Cardiovascular_Segmentation_for_Bioprinting_Project/outputs/topology_correction/mesh_qc/ground_truth/case_outputs/848__groundtruth/segmentation_raw.stl,/Users/angadkumar16ak/Projects/Automated_Cardiovascular_Segmentation_for_Bioprinting_Project/outputs/topology_correction/mesh_qc/ground_truth/case_outputs/848__groundtruth/segmentation_repaired.stl,/Users/angadkumar16ak/Projects/Automated_Cardiovascular_Segmentation_for_Bioprinting_Project/outputs/topology_correction/mesh_qc/ground_truth/case_outputs/848__groundtruth/segmentation_smoothed.stl,True,0.6145554585023135,3.141592653589793,0.5422541283367452,3.1381143613466085,-0.003029799928474233,0.02686409307244844,True
849__groundtruth,/Users/angadkumar16ak/Projects/Automated_Cardiovascular_Segmentation_for_Bioprinting_Project/outputs/topology_correction/case_outputs/849/ground_truth_mask.nii.gz,ok,3.0,3,True,0,2,10746.307382102561,8698.942036994622,99.60000395774841,99.60000395774841,92.40000367164612,0.4242640855706679,0.6000000238418579,0.5943899589480826,/Users/angadkumar16ak/Projects/Automated_Cardiovascular_Segmentation_for_Bioprinting_Project/outputs/topology_correction/mesh_qc/ground_truth/case_outputs/849__groundtruth/segmentation_raw.stl,/Users/angadkumar16ak/Projects/Automated_Cardiovascular_Segmentation_for_Bioprinting_Project/outputs/topology_correction/mesh_qc/ground_truth/case_outputs/849__groundtruth/segmentation_repaired.stl,/Users/angadkumar16ak/Projects/Automated_Cardiovascular_Segmentation_for_Bioprinting_Project/outputs/topology_correction/mesh_qc/ground_truth/case_outputs/849__groundtruth/segmentation_smoothed.stl,True,0.5916125169303701,3.141592653589793,0.5224676687578819,3.141186930703333,-0.002653702662625457,0.06369488880218493,True
850__groundtruth,/Users/angadkumar16ak/Projects/Automated_Cardiovascular_Segmentation_for_Bioprinting_Project/outputs/topology_correction/case_outputs/850/ground_truth_mask.nii.gz,ok,3.0,2,True,0,2,4908.330853240695,3743.6044462723894,99.60000395774841,99.60000395774841,78.60000312328339,0.4242640855706679,0.6000000238418579,0.5933966502890772,/Users/angadkumar16ak/Projects/Automated_Cardiovascular_Segmentation_for_Bioprinting_Project/outputs/topology_correction/mesh_qc/ground_truth/case_outputs/850__groundtruth/segmentation_raw.stl,/Users/angadkumar16ak/Projects/Automated_Cardiovascular_Segmentation_for_Bioprinting_Project/outputs/topology_correction/mesh_qc/ground_truth/case_outputs/850__groundtruth/segmentation_repaired.stl,/Users/angadkumar16ak/Projects/Automated_Cardiovascular_Segmentation_for_Bioprinting_Project/outputs/topology_correction/mesh_qc/ground_truth/case_outputs/850__groundtruth/segmentation_smoothed.stl,True,0.6210816274388136,3.141592653589793,0.559539572877544,3.1403019802354324,-0.002906819343764808,0.041791551207374315,True
851__groundtruth,/Users/angadkumar16ak/Projects/Automated_Cardiovascular_Segmentation_for_Bioprinting_Project/outputs/topology_correction/case_outputs/851/ground_truth_mask.nii.gz,ok,3.0,3,True,0,2,8115.639583672452,6391.602761938363,113.40000450611115,102.00000405311584,91.2000036239624,0.4242640855706679,0.6000000238418579,0.5908344909375499,/Users/angadkumar16ak/Projects/Automated_Cardiovascular_Segmentation_for_Bioprinting_Project/outputs/topology_correction/mesh_qc/ground_truth/case_outputs/851__groundtruth/segmentation_raw.stl,/Users/angadkumar16ak/Projects/Automated_Cardiovascular_Segmentation_for_Bioprinting_Project/outputs/topology_correction/mesh_qc/ground_truth/case_outputs/851__groundtruth/segmentation_repaired.stl,/Users/angadkumar16ak/Projects/Automated_Cardiovascular_Segmentation_for_Bioprinting_Project/outputs/topology_correction/mesh_qc/ground_truth/case_outputs/851__groundtruth/segmentation_smoothed.stl,True,0.6116816110498625,3.141592653589793,0.5457201756702778,3.1411869399286876,-0.0029190966888789378,0.06427979446378253,True
852__groundtruth,/Users/angadkumar16ak/Projects/Automated_Cardiovascular_Segmentation_for_Bioprinting_Project/outputs/topology_correction/case_outputs/852/ground_truth_mask.nii.gz,ok,3.0,10,True,0,3,10281.158784613992,9330.75111231212,126.60000503063202,99.00000393390656,79.8000031709671,0.4242640855706679,0.6000000238418579,0.5995058770803177,/Users/angadkumar16ak/Projects/Automated_Cardiovascular_Segmentation_for_Bioprinting_Project/outputs/topology_correction/mesh_qc/ground_truth/case_outputs/852__groundtruth/segmentation_raw.stl,/Users/angadkumar16ak/Projects/Automated_Cardiovascular_Segmentation_for_Bioprinting_Project/outputs/topology_correction/mesh_qc/ground_truth/case_outputs/852__groundtruth/segmentation_repaired.stl,/Users/angadkumar16ak/Projects/Automated_Cardiovascular_Segmentation_for_Bioprinting_Project/outputs/topology_correction/mesh_qc/ground_truth/case_outputs/852__groundtruth/segmentation_smoothed.stl,True,0.627595719125193,3.141592653589793,0.5861494938528609,3.1403680704933667,-0.0021133046415558235,0.11411753969702501,True
853__groundtruth,/Users/angadkumar16ak/Projects/Automated_Cardiovascular_Segmentation_for_Bioprinting_Project/outputs/topology_correction/case_outputs/853/ground_truth_mask.nii.gz,ok,3.0,2,True,0,2,6328.482501382014,5448.708649536634,97.80000388622284,94.80000376701355,74.40000295639038,0.4242640855706679,0.6000000238418579,0.6019762423605051,/Users/angadkumar16ak/Projects/Automated_Cardiovascular_Segmentation_for_Bioprinting_Project/outputs/topology_correction/mesh_qc/ground_truth/case_outputs/853__groundtruth/segmentation_raw.stl,/Users/angadkumar16ak/Projects/Automated_Cardiovascular_Segmentation_for_Bioprinting_Project/outputs/topology_correction/mesh_qc/ground_truth/case_outputs/853__groundtruth/segmentation_repaired.stl,/Users/angadkumar16ak/Projects/Automated_Cardiovascular_Segmentation_for_Bioprinting_Project/outputs/topology_correction/mesh_qc/ground_truth/case_outputs/853__groundtruth/segmentation_smoothed.stl,True,0.5581222653677486,3.141592653589793,0.5183882850345649,3.135848402948919,-0.0023036919892433566,0.08401231920782816,True
854__groundtruth,/Users/angadkumar16ak/Projects/Automated_Cardiovascular_Segmentation_for_Bioprinting_Project/outputs/topology_correction/case_outputs/854/ground_truth_mask.nii.gz,ok,3.0,2,True,0,2,6777.783332111868,4848.390577973151,96.60000383853912,90.60000360012054,88.80000352859497,0.4242640855706679,0.6000000238418579,0.5897257526559325,/Users/angadkumar16ak/Projects/Automated_Cardiovascular_Segmentation_for_Bioprinting_Project/outputs/topology_correction/mesh_qc/ground_truth/case_outputs/854__groundtruth/segmentation_raw.stl,/Users/angadkumar16ak/Projects/Automated_Cardiovascular_Segmentation_for_Bioprinting_Project/outputs/topology_correction/mesh_qc/ground_truth/case_outputs/854__groundtruth/segmentation_repaired.stl,/Users/angadkumar16ak/Projects/Automated_Cardiovascular_Segmentation_for_Bioprinting_Project/outputs/topology_correction/mesh_qc/ground_truth/case_outputs/854__groundtruth/segmentation_smoothed.stl,True,0.6252849949239724,3.141592653589793,0.5560619452857718,3.138307065008482,-0.0037102764665024016,0.03276260183853962,True
855__groundtruth,/Users/angadkumar16ak/Projects/Automated_Cardiovascular_Segmentation_for_Bioprinting_Project/outputs/topology_correction/case_outputs/855/ground_truth_mask.nii.gz,ok,3.0,7,True,0,2,10749.240288916866,9091.477083788437,116.40000462532043,103.80000412464142,83.40000331401825,0.4242640855706679,0.6000000238418579,0.5996020528947692,/Users/angadkumar16ak/Projects/Automated_Cardiovascular_Segmentation_for_Bioprinting_Project/outputs/topology_correction/mesh_qc/ground_truth/case_outputs/855__groundtruth/segmentation_raw.stl,/Users/angadkumar16ak/Projects/Automated_Cardiovascular_Segmentation_for_Bioprinting_Project/outputs/topology_correction/mesh_qc/ground_truth/case_outputs/855__groundtruth/segmentation_repaired.stl,/Users/angadkumar16ak/Projects/Automated_Cardiovascular_Segmentation_for_Bioprinting_Project/outputs/topology_correction/mesh_qc/ground_truth/case_outputs/855__groundtruth/segmentation_smoothed.stl,True,0.5925253954097423,3.141592653589793,0.5532817677282199,3.139930515675997,-0.0023588270613870985,0.08398925610183347,True
856__groundtruth,/Users/angadkumar16ak/Projects/Automated_Cardiovascular_Segmentation_for_Bioprinting_Project/outputs/topology_correction/case_outputs/856/ground_truth_mask.nii.gz,ok,3.0,4,True,0,3,8459.922125563564,7565.0499018241535,114.60000455379486,97.80000388622284,88.80000352859497,0.4242640855706679,0.6000000238418579,0.599914683283752,/Users/angadkumar16ak/Projects/Automated_Cardiovascular_Segmentation_for_Bioprinting_Project/outputs/topology_correction/mesh_qc/ground_truth/case_outputs/856__groundtruth/segmentation_raw.stl,/Users/angadkumar16ak/Projects/Automated_Cardiovascular_Segmentation_for_Bioprinting_Project/outputs/topology_correction/mesh_qc/ground_truth/case_outputs/856__groundtruth/segmentation_repaired.stl,/Users/angadkumar16ak/Projects/Automated_Cardiovascular_Segmentation_for_Bioprinting_Project/outputs/topology_correction/mesh_qc/ground_truth/case_outputs/856__groundtruth/segmentation_smoothed.stl,True,0.5756225317257104,3.141592653589793,0.5348696052972972,3.1397158224378736,-0.0021036308547176317,0.09843714863953226,True
857__groundtruth,/Users/angadkumar16ak/Projects/Automated_Cardiovascular_Segmentation_for_Bioprinting_Project/outputs/topology_correction/case_outputs/857/ground_truth_mask.nii.gz,ok,3.0,2,True,0,2,11465.170742198272,8678.314034535573,109.80000436306,99.00000393390656,85.80000340938568,0.4242640855706679,0.6000000238418579,0.5926164586739555,/Users/angadkumar16ak/Projects/Automated_Cardiovascular_Segmentation_for_Bioprinting_Project/outputs/topology_correction/mesh_qc/ground_truth/case_outputs/857__groundtruth/segmentation_raw.stl,/Users/angadkumar16ak/Projects/Automated_Cardiovascular_Segmentation_for_Bioprinting_Project/outputs/topology_correction/mesh_qc/ground_truth/case_outputs/857__groundtruth/segmentation_repaired.stl,/Users/angadkumar16ak/Projects/Automated_Cardiovascular_Segmentation_for_Bioprinting_Project/outputs/topology_correction/mesh_qc/ground_truth/case_outputs/857__groundtruth/segmentation_smoothed.stl,True,0.638736613787525,3.141592653589793,0.5802338327675359,3.136566504949453,-0.002941168202240786,0.0376060872110038,True
858__groundtruth,/Users/angadkumar16ak/Projects/Automated_Cardiovascular_Segmentation_for_Bioprinting_Project/outputs/topology_correction/case_outputs/858/ground_truth_mask.nii.gz,ok,3.0,2,True,0,2,7881.9137839416435,6541.245779777198,105.60000419616699,92.40000367164612,84.60000336170197,0.4242640855706679,0.6000000238418579,0.6001326551119263,/Users/angadkumar16ak/Projects/Automated_Cardiovascular_Segmentation_for_Bioprinting_Project/outputs/topology_correction/mesh_qc/ground_truth/case_outputs/858__groundtruth/segmentation_raw.stl,/Users/angadkumar16ak/Projects/Automated_Cardiovascular_Segmentation_for_Bioprinting_Project/outputs/topology_correction/mesh_qc/ground_truth/case_outputs/858__groundtruth/segmentation_repaired.stl,/Users/angadkumar16ak/Projects/Automated_Cardiovascular_Segmentation_for_Bioprinting_Project/outputs/topology_correction/mesh_qc/ground_truth/case_outputs/858__groundtruth/segmentation_smoothed.stl,True,0.5802318098989372,3.141592653589793,0.5452562937107923,3.1415267242781533,-0.002423946786198813,0.07486544322676869,True
859__groundtruth,/Users/angadkumar16ak/Projects/Automated_Cardiovascular_Segmentation_for_Bioprinting_Project/outputs/topology_correction/case_outputs/859/ground_truth_mask.nii.gz,ok,3.0,3,True,0,2,9659.61158474346,7987.041952129519,130.80000519752502,91.2000036239624,97.20000386238098,0.4242640855706679,0.6000000238418579,0.5990780790423954,/Users/angadkumar16ak/Projects/Automated_Cardiovascular_Segmentation_for_Bioprinting_Project/outputs/topology_correction/mesh_qc/ground_truth/case_outputs/859__groundtruth/segmentation_raw.stl,/Users/angadkumar16ak/Projects/Automated_Cardiovascular_Segmentation_for_Bioprinting_Project/outputs/topology_correction/mesh_qc/ground_truth/case_outputs/859__groundtruth/segmentation_repaired.stl,/Users/angadkumar16ak/Projects/Automated_Cardiovascular_Segmentation_for_Bioprinting_Project/outputs/topology_correction/mesh_qc/ground_truth/case_outputs/859__groundtruth/segmentation_smoothed.stl,True,0.5783890334178386,3.141592653589793,0.5397781676539827,3.139977800703858,-0.0024801778190345724,0.07133179246034908,True
860__groundtruth,/Users/angadkumar16ak/Projects/Automated_Cardiovascular_Segmentation_for_Bioprinting_Project/outputs/topology_correction/case_outputs/860/ground_truth_mask.nii.gz,ok,3.0,2,True,0,2,9753.380425277051,8166.195973486344,114.000004529953,95.40000379085541,89.40000355243683,0.4242640855706679,0.6000000238418579,0.5983236698896484,/Users/angadkumar16ak/Projects/Automated_Cardiovascular_Segmentation_for_Bioprinting_Project/outputs/topology_correction/mesh_qc/ground_truth/case_outputs/860__groundtruth/segmentation_raw.stl,/Users/angadkumar16ak/Projects/Automated_Cardiovascular_Segmentation_for_Bioprinting_Project/outputs/topology_correction/mesh_qc/ground_truth/case_outputs/860__groundtruth/segmentation_repaired.stl,/Users/angadkumar16ak/Projects/Automated_Cardiovascular_Segmentation_for_Bioprinting_Project/outputs/topology_correction/mesh_qc/ground_truth/case_outputs/860__groundtruth/segmentation_smoothed.stl,True,0.5874228607000792,3.141592653589793,0.5520666136242468,3.1392800025449294,-0.0024562507552053667,0.08996386888825349,True
861__groundtruth,/Users/angadkumar16ak/Projects/Automated_Cardiovascular_Segmentation_for_Bioprinting_Project/outputs/topology_correction/case_outputs/861/ground_truth_mask.nii.gz,ok,3.0,2,True,0,2,5268.30796504478,4475.475533518216,92.40000367164612,82.80000329017639,92.40000367164612,0.4242640855706679,0.6000000238418579,0.601842204174439,/Users/angadkumar16ak/Projects/Automated_Cardiovascular_Segmentation_for_Bioprinting_Project/outputs/topology_correction/mesh_qc/ground_truth/case_outputs/861__groundtruth/segmentation_raw.stl,/Users/angadkumar16ak/Projects/Automated_Cardiovascular_Segmentation_for_Bioprinting_Project/outputs/topology_correction/mesh_qc/ground_truth/case_outputs/861__groundtruth/segmentation_repaired.stl,/Users/angadkumar16ak/Projects/Automated_Cardiovascular_Segmentation_for_Bioprinting_Project/outputs/topology_correction/mesh_qc/ground_truth/case_outputs/861__groundtruth/segmentation_smoothed.stl,True,0.5886741944863272,3.141592653589793,0.5514335272435619,3.1407743598765334,-0.0022370841247355386,0.0827599297679495,True
862__groundtruth,/Users/angadkumar16ak/Projects/Automated_Cardiovascular_Segmentation_for_Bioprinting_Project/outputs/topology_correction/case_outputs/862/ground_truth_mask.nii.gz,ok,3.0,5,True,0,2,12256.565130763323,10549.828257637431,137.40000545978546,120.00000476837158,110.40000438690186,0.4242640855706679,0.6000000238418579,0.6004907120722289,/Users/angadkumar16ak/Projects/Automated_Cardiovascular_Segmentation_for_Bioprinting_Project/outputs/topology_correction/mesh_qc/ground_truth/case_outputs/862__groundtruth/segmentation_raw.stl,/Users/angadkumar16ak/Projects/Automated_Cardiovascular_Segmentation_for_Bioprinting_Project/outputs/topology_correction/mesh_qc/ground_truth/case_outputs/862__groundtruth/segmentation_repaired.stl,/Users/angadkumar16ak/Projects/Automated_Cardiovascular_Segmentation_for_Bioprinting_Project/outputs/topology_correction/mesh_qc/ground_truth/case_outputs/862__groundtruth/segmentation_smoothed.stl,True,0.5844503058340279,3.141592653589793,0.5429453755084888,3.1408964610713537,-0.0022427001362395143,0.08040443916292372,True
863__groundtruth,/Users/angadkumar16ak/Projects/Automated_Cardiovascular_Segmentation_for_Bioprinting_Project/outputs/topology_correction/case_outputs/863/ground_truth_mask.nii.gz,ok,3.0,4,True,0,2,8104.826342138807,6443.568768133196,113.40000450611115,105.00000417232513,81.60000324249268,0.4242640855706679,0.6000000238418579,0.5998548709221689,/Users/angadkumar16ak/Projects/Automated_Cardiovascular_Segmentation_for_Bioprinting_Project/outputs/topology_correction/mesh_qc/ground_truth/case_outputs/863__groundtruth/segmentation_raw.stl,/Users/angadkumar16ak/Projects/Automated_Cardiovascular_Segmentation_for_Bioprinting_Project/outputs/topology_correction/mesh_qc/ground_truth/case_outputs/863__groundtruth/segmentation_repaired.stl,/Users/angadkumar16ak/Projects/Automated_Cardiovascular_Segmentation_for_Bioprinting_Project/outputs/topology_correction/mesh_qc/ground_truth/case_outputs/863__groundtruth/segmentation_smoothed.stl,True,0.6150564131682715,3.141592653589793,0.5795644995126128,3.1407695053288434,-0.0023261703941510133,0.05375069945031434,True
864__groundtruth,/Users/angadkumar16ak/Projects/Automated_Cardiovascular_Segmentation_for_Bioprinting_Project/outputs/topology_correction/case_outputs/864/ground_truth_mask.nii.gz,ok,3.0,2,True,0,2,9280.327346965114,7781.751927657046,126.00000500679016,86.40000343322754,99.60000395774841,0.4242640855706679,0.6000000238418579,0.5903701204093088,/Users/angadkumar16ak/Projects/Automated_Cardiovascular_Segmentation_for_Bioprinting_Project/outputs/topology_correction/mesh_qc/ground_truth/case_outputs/864__groundtruth/segmentation_raw.stl,/Users/angadkumar16ak/Projects/Automated_Cardiovascular_Segmentation_for_Bioprinting_Project/outputs/topology_correction/mesh_qc/ground_truth/case_outputs/864__groundtruth/segmentation_repaired.stl,/Users/angadkumar16ak/Projects/Automated_Cardiovascular_Segmentation_for_Bioprinting_Project/outputs/topology_correction/mesh_qc/ground_truth/case_outputs/864__groundtruth/segmentation_smoothed.stl,True,0.6071173856670746,3.141592653589793,0.5377125047731849,3.1380278640833437,-0.0026311278771139254,0.08217160005456281,True
865__groundtruth,/Users/angadkumar16ak/Projects/Automated_Cardiovascular_Segmentation_for_Bioprinting_Project/outputs/topology_correction/case_outputs/865/ground_truth_mask.nii.gz,ok,3.0,5,True,0,3,5856.898971029768,4714.9025620601415,123.60000491142273,91.2000036239624,93.60000371932983,0.4242640855706679,0.6000000238418579,0.5914677938611385,/Users/angadkumar16ak/Projects/Automated_Cardiovascular_Segmentation_for_Bioprinting_Project/outputs/topology_correction/mesh_qc/ground_truth/case_outputs/865__groundtruth/segmentation_raw.stl,/Users/angadkumar16ak/Projects/Automated_Cardiovascular_Segmentation_for_Bioprinting_Project/outputs/topology_correction/mesh_qc/ground_truth/case_outputs/865__groundtruth/segmentation_repaired.stl,/Users/angadkumar16ak/Projects/Automated_Cardiovascular_Segmentation_for_Bioprinting_Project/outputs/topology_correction/mesh_qc/ground_truth/case_outputs/865__groundtruth/segmentation_smoothed.stl,True,0.6242230213876336,3.141592653589793,0.5635990188625531,3.1388685150550804,-0.00287860466534729,0.060734209105632535,True
866__groundtruth,/Users/angadkumar16ak/Projects/Automated_Cardiovascular_Segmentation_for_Bioprinting_Project/outputs/topology_correction/case_outputs/866/ground_truth_mask.nii.gz,ok,3.0,5,True,0,2,10202.530130186462,8311.077990757622,118.80000472068787,102.00000405311584,94.20000374317169,0.4242640855706679,0.6000000238418579,0.5987046683842588,/Users/angadkumar16ak/Projects/Automated_Cardiovascular_Segmentation_for_Bioprinting_Project/outputs/topology_correction/mesh_qc/ground_truth/case_outputs/866__groundtruth/segmentation_raw.stl,/Users/angadkumar16ak/Projects/Automated_Cardiovascular_Segmentation_for_Bioprinting_Project/outputs/topology_correction/mesh_qc/ground_truth/case_outputs/866__groundtruth/segmentation_repaired.stl,/Users/angadkumar16ak/Projects/Automated_Cardiovascular_Segmentation_for_Bioprinting_Project/outputs/topology_correction/mesh_qc/ground_truth/case_outputs/866__groundtruth/segmentation_smoothed.stl,True,0.597605121369005,3.141592653589793,0.5604868558350631,3.1406775087914993,-0.002752054336149824,0.07033303560035728,True
867__groundtruth,/Users/angadkumar16ak/Projects/Automated_Cardiovascular_Segmentation_for_Bioprinting_Project/outputs/topology_correction/case_outputs/867/ground_truth_mask.nii.gz,ok,3.0,2,True,0,3,13440.068739794451,13755.493639782488,103.20000410079956,98.4000039100647,97.80000388622284,0.4242640855706679,0.6000000238418579,0.5978374151710198,/Users/angadkumar16ak/Projects/Automated_Cardiovascular_Segmentation_for_Bioprinting_Project/outputs/topology_correction/mesh_qc/ground_truth/case_outputs/867__groundtruth/segmentation_raw.stl,/Users/angadkumar16ak/Projects/Automated_Cardiovascular_Segmentation_for_Bioprinting_Project/outputs/topology_correction/mesh_qc/ground_truth/case_outputs/867__groundtruth/segmentation_repaired.stl,/Users/angadkumar16ak/Projects/Automated_Cardiovascular_Segmentation_for_Bioprinting_Project/outputs/topology_correction/mesh_qc/ground_truth/case_outputs/867__groundtruth/segmentation_smoothed.stl,True,0.595505746762485,3.141592653589793,0.5497275035755994,3.1404095751609704,-0.0015379852172677725,0.17151104145005353,True
868__groundtruth,/Users/angadkumar16ak/Projects/Automated_Cardiovascular_Segmentation_for_Bioprinting_Project/outputs/topology_correction/case_outputs/868/ground_truth_mask.nii.gz,ok,3.0,4,True,0,2,3570.3062825060724,2693.673321110858,84.60000336170197,79.20000314712524,66.00000262260437,0.4242640855706679,0.6000000238418579,0.5898329815402374,/Users/angadkumar16ak/Projects/Automated_Cardiovascular_Segmentation_for_Bioprinting_Project/outputs/topology_correction/mesh_qc/ground_truth/case_outputs/868__groundtruth/segmentation_raw.stl,/Users/angadkumar16ak/Projects/Automated_Cardiovascular_Segmentation_for_Bioprinting_Project/outputs/topology_correction/mesh_qc/ground_truth/case_outputs/868__groundtruth/segmentation_repaired.stl,/Users/angadkumar16ak/Projects/Automated_Cardiovascular_Segmentation_for_Bioprinting_Project/outputs/topology_correction/mesh_qc/ground_truth/case_outputs/868__groundtruth/segmentation_smoothed.stl,True,0.6142040426648312,3.141592653589793,0.5525389367213206,3.136925248019809,-0.0031060353553469294,0.03400879673264216,True
869__groundtruth,/Users/angadkumar16ak/Projects/Automated_Cardiovascular_Segmentation_for_Bioprinting_Project/outputs/topology_correction/case_outputs/869/ground_truth_mask.nii.gz,ok,3.0,4,True,0,7,10803.440653844806,10430.254243383095,109.20000433921814,92.40000367164612,87.60000348091125,0.4242640855706679,0.6000000238418579,0.5973983102509207,/Users/angadkumar16ak/Projects/Automated_Cardiovascular_Segmentation_for_Bioprinting_Project/outputs/topology_correction/mesh_qc/ground_truth/case_outputs/869__groundtruth/segmentation_raw.stl,/Users/angadkumar16ak/Projects/Automated_Cardiovascular_Segmentation_for_Bioprinting_Project/outputs/topology_correction/mesh_qc/ground_truth/case_outputs/869__groundtruth/segmentation_repaired.stl,/Users/angadkumar16ak/Projects/Automated_Cardiovascular_Segmentation_for_Bioprinting_Project/outputs/topology_correction/mesh_qc/ground_truth/case_outputs/869__groundtruth/segmentation_smoothed.stl,True,0.6016368996349766,3.141592653589793,0.55282224491557,3.140806410157413,-0.0015426529776341516,0.14410730350862844,True
870__groundtruth,/Users/angadkumar16ak/Projects/Automated_Cardiovascular_Segmentation_for_Bioprinting_Project/outputs/topology_correction/case_outputs/870/ground_truth_mask.nii.gz,ok,3.0,2,True,0,2,5931.779587775834,4893.5345833547335,106.80000424385071,64.80000257492065,79.20000314712524,0.4242640855706679,0.6000000238418579,0.5917726325852526,/Users/angadkumar16ak/Projects/Automated_Cardiovascular_Segmentation_for_Bioprinting_Project/outputs/topology_correction/mesh_qc/ground_truth/case_outputs/870__groundtruth/segmentation_raw.stl,/Users/angadkumar16ak/Projects/Automated_Cardiovascular_Segmentation_for_Bioprinting_Project/outputs/topology_correction/mesh_qc/ground_truth/case_outputs/870__groundtruth/segmentation_repaired.stl,/Users/angadkumar16ak/Projects/Automated_Cardiovascular_Segmentation_for_Bioprinting_Project/outputs/topology_correction/mesh_qc/ground_truth/case_outputs/870__groundtruth/segmentation_smoothed.stl,True,0.6228310013374828,3.141592653589793,0.5566931356984042,3.1404492571854687,-0.0025395815845217625,0.0670311076402447,True
871__groundtruth,/Users/angadkumar16ak/Projects/Automated_Cardiovascular_Segmentation_for_Bioprinting_Project/outputs/topology_correction/case_outputs/871/ground_truth_mask.nii.gz,ok,3.0,2,True,0,2,8235.940822568411,6586.93878522423,103.80000412464142,87.0000034570694,99.60000395774841,0.4242640855706679,0.6000000238418579,0.588606865870494,/Users/angadkumar16ak/Projects/Automated_Cardiovascular_Segmentation_for_Bioprinting_Project/outputs/topology_correction/mesh_qc/ground_truth/case_outputs/871__groundtruth/segmentation_raw.stl,/Users/angadkumar16ak/Projects/Automated_Cardiovascular_Segmentation_for_Bioprinting_Project/outputs/topology_correction/mesh_qc/ground_truth/case_outputs/871__groundtruth/segmentation_repaired.stl,/Users/angadkumar16ak/Projects/Automated_Cardiovascular_Segmentation_for_Bioprinting_Project/outputs/topology_correction/mesh_qc/ground_truth/case_outputs/871__groundtruth/segmentation_smoothed.stl,True,0.5975056374883161,3.141592653589793,0.5172180091238293,3.139964527847275,-0.003087163896874052,0.07032556942478445,True
872__groundtruth,/Users/angadkumar16ak/Projects/Automated_Cardiovascular_Segmentation_for_Bioprinting_Project/outputs/topology_correction/case_outputs/872/ground_truth_mask.nii.gz,ok,3.0,2,True,0,2,5544.013557780537,4375.9625216553395,96.00000381469727,97.20000386238098,75.6000030040741,0.4242640855706679,0.6000000238418579,0.5998705785439,/Users/angadkumar16ak/Projects/Automated_Cardiovascular_Segmentation_for_Bioprinting_Project/outputs/topology_correction/mesh_qc/ground_truth/case_outputs/872__groundtruth/segmentation_raw.stl,/Users/angadkumar16ak/Projects/Automated_Cardiovascular_Segmentation_for_Bioprinting_Project/outputs/topology_correction/mesh_qc/ground_truth/case_outputs/872__groundtruth/segmentation_repaired.stl,/Users/angadkumar16ak/Projects/Automated_Cardiovascular_Segmentation_for_Bioprinting_Project/outputs/topology_correction/mesh_qc/ground_truth/case_outputs/872__groundtruth/segmentation_smoothed.stl,True,0.577468854354355,3.141592653589793,0.5406311087520779,3.140312614231771,-0.0027416177738394114,0.053393358505179594,True
873__groundtruth,/Users/angadkumar16ak/Projects/Automated_Cardiovascular_Segmentation_for_Bioprinting_Project/outputs/topology_correction/case_outputs/873/ground_truth_mask.nii.gz,ok,3.0,2,True,0,3,9565.644356833835,10480.582249382662,134.40000534057617,98.4000039100647,91.2000036239624,0.4242640855706679,0.6000000238418579,0.6006904757919957,/Users/angadkumar16ak/Projects/Automated_Cardiovascular_Segmentation_for_Bioprinting_Project/outputs/topology_correction/mesh_qc/ground_truth/case_outputs/873__groundtruth/segmentation_raw.stl,/Users/angadkumar16ak/Projects/Automated_Cardiovascular_Segmentation_for_Bioprinting_Project/outputs/topology_correction/mesh_qc/ground_truth/case_outputs/873__groundtruth/segmentation_repaired.stl,/Users/angadkumar16ak/Projects/Automated_Cardiovascular_Segmentation_for_Bioprinting_Project/outputs/topology_correction/mesh_qc/ground_truth/case_outputs/873__groundtruth/segmentation_smoothed.stl,True,0.6118788748623076,3.141592653589793,0.5705796369923838,3.1404811869850837,-0.001352364561045171,0.19222532683404378,True
874__groundtruth,/Users/angadkumar16ak/Projects/Automated_Cardiovascular_Segmentation_for_Bioprinting_Project/outputs/topology_correction/case_outputs/874/ground_truth_mask.nii.gz,ok,3.0,2,True,0,2,6157.939411992163,5023.791598882582,105.60000419616699,84.60000336170197,72.60000288486481,0.4242640855706679,0.6000000238418579,0.5980529865491248,/Users/angadkumar16ak/Projects/Automated_Cardiovascular_Segmentation_for_Bioprinting_Project/outputs/topology_correction/mesh_qc/ground_truth/case_outputs/874__groundtruth/segmentation_raw.stl,/Users/angadkumar16ak/Projects/Automated_Cardiovascular_Segmentation_for_Bioprinting_Project/outputs/topology_correction/mesh_qc/ground_truth/case_outputs/874__groundtruth/segmentation_repaired.stl,/Users/angadkumar16ak/Projects/Automated_Cardiovascular_Segmentation_for_Bioprinting_Project/outputs/topology_correction/mesh_qc/ground_truth/case_outputs/874__groundtruth/segmentation_smoothed.stl,True,0.5994102044756715,3.141592653589793,0.5607374144956373,3.1399390619316416,-0.0025513444124943218,0.061665821929379964,True
875__groundtruth,/Users/angadkumar16ak/Projects/Automated_Cardiovascular_Segmentation_for_Bioprinting_Project/outputs/topology_correction/case_outputs/875/ground_truth_mask.nii.gz,ok,3.0,6,True,0,5,8848.55410220779,6945.093827919635,95.40000379085541,99.60000395774841,85.20000338554382,0.4242640855706679,0.6000000238418579,0.5911318418124224,/Users/angadkumar16ak/Projects/Automated_Cardiovascular_Segmentation_for_Bioprinting_Project/outputs/topology_correction/mesh_qc/ground_truth/case_outputs/875__groundtruth/segmentation_raw.stl,/Users/angadkumar16ak/Projects/Automated_Cardiovascular_Segmentation_for_Bioprinting_Project/outputs/topology_correction/mesh_qc/ground_truth/case_outputs/875__groundtruth/segmentation_repaired.stl,/Users/angadkumar16ak/Projects/Automated_Cardiovascular_Segmentation_for_Bioprinting_Project/outputs/topology_correction/mesh_qc/ground_truth/case_outputs/875__groundtruth/segmentation_smoothed.stl,True,0.6067368412371968,3.141592653589793,0.5415850059478927,3.141241643176307,-0.003369661630006261,0.07047235690543714,True
876__groundtruth,/Users/angadkumar16ak/Projects/Automated_Cardiovascular_Segmentation_for_Bioprinting_Project/outputs/topology_correction/case_outputs/876/ground_truth_mask.nii.gz,ok,3.0,3,True,0,2,8376.666360281883,6857.361817461168,100.80000400543213,103.20000410079956,93.60000371932983,0.4242640855706679,0.6000000238418579,0.5996111474461988,/Users/angadkumar16ak/Projects/Automated_Cardiovascular_Segmentation_for_Bioprinting_Project/outputs/topology_correction/mesh_qc/ground_truth/case_outputs/876__groundtruth/segmentation_raw.stl,/Users/angadkumar16ak/Projects/Automated_Cardiovascular_Segmentation_for_Bioprinting_Project/outputs/topology_correction/mesh_qc/ground_truth/case_outputs/876__groundtruth/segmentation_repaired.stl,/Users/angadkumar16ak/Projects/Automated_Cardiovascular_Segmentation_for_Bioprinting_Project/outputs/topology_correction/mesh_qc/ground_truth/case_outputs/876__groundtruth/segmentation_smoothed.stl,True,0.591775064900704,3.141592653589793,0.5565293851836026,3.1406605421783556,-0.002568987024759441,0.05951313062575397,True
877__groundtruth,/Users/angadkumar16ak/Projects/Automated_Cardiovascular_Segmentation_for_Bioprinting_Project/outputs/topology_correction/case_outputs/877/ground_truth_mask.nii.gz,ok,3.0,3,True,0,2,8136.9470407229355,6166.872735148462,109.20000433921814,94.20000374317169,96.00000381469727,0.4242640855706679,0.6000000238418579,0.5925107656066387,/Users/angadkumar16ak/Projects/Automated_Cardiovascular_Segmentation_for_Bioprinting_Project/outputs/topology_correction/mesh_qc/ground_truth/case_outputs/877__groundtruth/segmentation_raw.stl,/Users/angadkumar16ak/Projects/Automated_Cardiovascular_Segmentation_for_Bioprinting_Project/outputs/topology_correction/mesh_qc/ground_truth/case_outputs/877__groundtruth/segmentation_repaired.stl,/Users/angadkumar16ak/Projects/Automated_Cardiovascular_Segmentation_for_Bioprinting_Project/outputs/topology_correction/mesh_qc/ground_truth/case_outputs/877__groundtruth/segmentation_smoothed.stl,True,0.5980158336389366,3.141592653589793,0.5274067630587369,3.13827329989352,-0.003014935592644101,0.04032258064516129,True
878__groundtruth,/Users/angadkumar16ak/Projects/Automated_Cardiovascular_Segmentation_for_Bioprinting_Project/outputs/topology_correction/case_outputs/878/ground_truth_mask.nii.gz,ok,3.0,2,True,0,2,7874.397390412761,6284.934749222547,107.40000426769257,88.80000352859497,86.40000343322754,0.4242640855706679,0.6000000238418579,0.5883549326112216,/Users/angadkumar16ak/Projects/Automated_Cardiovascular_Segmentation_for_Bioprinting_Project/outputs/topology_correction/mesh_qc/ground_truth/case_outputs/878__groundtruth/segmentation_raw.stl,/Users/angadkumar16ak/Projects/Automated_Cardiovascular_Segmentation_for_Bioprinting_Project/outputs/topology_correction/mesh_qc/ground_truth/case_outputs/878__groundtruth/segmentation_repaired.stl,/Users/angadkumar16ak/Projects/Automated_Cardiovascular_Segmentation_for_Bioprinting_Project/outputs/topology_correction/mesh_qc/ground_truth/case_outputs/878__groundtruth/segmentation_smoothed.stl,True,0.6182356301533684,3.141592653589793,0.540757329271114,3.1378083079418513,-0.002825235792250125,0.060686816893806506,True
879__groundtruth,/Users/angadkumar16ak/Projects/Automated_Cardiovascular_Segmentation_for_Bioprinting_Project/outputs/topology_correction/case_outputs/879/ground_truth_mask.nii.gz,ok,3.0,7,True,0,3,8677.658560452712,7536.870898464954,123.00000488758087,103.20000410079956,103.80000412464142,0.4242640855706679,0.6000000238418579,0.6002589265704754,/Users/angadkumar16ak/Projects/Automated_Cardiovascular_Segmentation_for_Bioprinting_Project/outputs/topology_correction/mesh_qc/ground_truth/case_outputs/879__groundtruth/segmentation_raw.stl,/Users/angadkumar16ak/Projects/Automated_Cardiovascular_Segmentation_for_Bioprinting_Project/outputs/topology_correction/mesh_qc/ground_truth/case_outputs/879__groundtruth/segmentation_repaired.stl,/Users/angadkumar16ak/Projects/Automated_Cardiovascular_Segmentation_for_Bioprinting_Project/outputs/topology_correction/mesh_qc/ground_truth/case_outputs/879__groundtruth/segmentation_smoothed.stl,True,0.5980576888189311,3.141592653589793,0.5626528935195614,3.1393126724782903,-0.002158935583384695,0.09318450870962286,True
880__groundtruth,/Users/angadkumar16ak/Projects/Automated_Cardiovascular_Segmentation_for_Bioprinting_Project/outputs/topology_correction/case_outputs/880/ground_truth_mask.nii.gz,ok,3.0,2,True,0,3,5505.724131394549,4426.353527662416,105.00000417232513,90.00000357627869,75.6000030040741,0.4242640855706679,0.6000000238418579,0.6004282392233011,/Users/angadkumar16ak/Projects/Automated_Cardiovascular_Segmentation_for_Bioprinting_Project/outputs/topology_correction/mesh_qc/ground_truth/case_outputs/880__groundtruth/segmentation_raw.stl,/Users/angadkumar16ak/Projects/Automated_Cardiovascular_Segmentation_for_Bioprinting_Project/outputs/topology_correction/mesh_qc/ground_truth/case_outputs/880__groundtruth/segmentation_repaired.stl,/Users/angadkumar16ak/Projects/Automated_Cardiovascular_Segmentation_for_Bioprinting_Project/outputs/topology_correction/mesh_qc/ground_truth/case_outputs/880__groundtruth/segmentation_smoothed.stl,True,0.5928320257560104,3.141592653589793,0.5581718299035685,3.1405389406643027,-0.002599616534866455,0.05450713669891752,True
881__groundtruth,/Users/angadkumar16ak/Projects/Automated_Cardiovascular_Segmentation_for_Bioprinting_Project/outputs/topology_correction/case_outputs/881/ground_truth_mask.nii.gz,ok,3.0,3,True,0,2,7984.718398232988,6215.382740931299,117.60000467300415,85.20000338554382,93.60000371932983,0.4242640855706679,0.6000000238418579,0.5942661832177392,/Users/angadkumar16ak/Projects/Automated_Cardiovascular_Segmentation_for_Bioprinting_Project/outputs/topology_correction/mesh_qc/ground_truth/case_outputs/881__groundtruth/segmentation_raw.stl,/Users/angadkumar16ak/Projects/Automated_Cardiovascular_Segmentation_for_Bioprinting_Project/outputs/topology_correction/mesh_qc/ground_truth/case_outputs/881__groundtruth/segmentation_repaired.stl,/Users/angadkumar16ak/Projects/Automated_Cardiovascular_Segmentation_for_Bioprinting_Project/outputs/topology_correction/mesh_qc/ground_truth/case_outputs/881__groundtruth/segmentation_smoothed.stl,True,0.6178079451421059,3.141592653589793,0.5557128851868758,3.138873822054452,-0.00247179782567722,0.04205607476635514,True
882__groundtruth,/Users/angadkumar16ak/Projects/Automated_Cardiovascular_Segmentation_for_Bioprinting_Project/outputs/topology_correction/case_outputs/882/ground_truth_mask.nii.gz,ok,3.0,4,True,0,2,12221.170158639203,10762.894283036878,111.00000441074371,100.80000400543213,91.80000364780426,0.4242640855706679,0.6000000238418579,0.5980922038533224,/Users/angadkumar16ak/Projects/Automated_Cardiovascular_Segmentation_for_Bioprinting_Project/outputs/topology_correction/mesh_qc/ground_truth/case_outputs/882__groundtruth/segmentation_raw.stl,/Users/angadkumar16ak/Projects/Automated_Cardiovascular_Segmentation_for_Bioprinting_Project/outputs/topology_correction/mesh_qc/ground_truth/case_outputs/882__groundtruth/segmentation_repaired.stl,/Users/angadkumar16ak/Projects/Automated_Cardiovascular_Segmentation_for_Bioprinting_Project/outputs/topology_correction/mesh_qc/ground_truth/case_outputs/882__groundtruth/segmentation_smoothed.stl,True,0.5964033995029576,3.141592653589793,0.55670479106189,3.138902891869497,-0.0021789940131402966,0.1009344686567754,True
883__groundtruth,/Users/angadkumar16ak/Projects/Automated_Cardiovascular_Segmentation_for_Bioprinting_Project/outputs/topology_correction/case_outputs/883/ground_truth_mask.nii.gz,ok,3.0,4,True,0,4,8293.93474709402,6135.768731440574,108.00000429153442,102.00000405311584,93.60000371932983,0.4242640855706679,0.6000000238418579,0.5924205668006383,/Users/angadkumar16ak/Projects/Automated_Cardiovascular_Segmentation_for_Bioprinting_Project/outputs/topology_correction/mesh_qc/ground_truth/case_outputs/883__groundtruth/segmentation_raw.stl,/Users/angadkumar16ak/Projects/Automated_Cardiovascular_Segmentation_for_Bioprinting_Project/outputs/topology_correction/mesh_qc/ground_truth/case_outputs/883__groundtruth/segmentation_repaired.stl,/Users/angadkumar16ak/Projects/Automated_Cardiovascular_Segmentation_for_Bioprinting_Project/outputs/topology_correction/mesh_qc/ground_truth/case_outputs/883__groundtruth/segmentation_smoothed.stl,True,0.603158388867013,3.141592653589793,0.5431327918594634,3.140098638478951,-0.00278449635573185,0.02900400055180025,True
884__groundtruth,/Users/angadkumar16ak/Projects/Automated_Cardiovascular_Segmentation_for_Bioprinting_Project/outputs/topology_correction/case_outputs/884/ground_truth_mask.nii.gz,ok,3.0,2,True,0,2,4640.189029776098,3468.4654134732646,96.60000383853912,81.60000324249268,80.40000319480896,0.4242640855706679,0.6000000238418579,0.5888692304631161,/Users/angadkumar16ak/Projects/Automated_Cardiovascular_Segmentation_for_Bioprinting_Project/outputs/topology_correction/mesh_qc/ground_truth/case_outputs/884__groundtruth/segmentation_raw.stl,/Users/angadkumar16ak/Projects/Automated_Cardiovascular_Segmentation_for_Bioprinting_Project/outputs/topology_correction/mesh_qc/ground_truth/case_outputs/884__groundtruth/segmentation_repaired.stl,/Users/angadkumar16ak/Projects/Automated_Cardiovascular_Segmentation_for_Bioprinting_Project/outputs/topology_correction/mesh_qc/ground_truth/case_outputs/884__groundtruth/segmentation_smoothed.stl,True,0.62593582564977,3.141592653589793,0.5558027448106068,3.1397568137169674,-0.0033652257768033195,0.04138982017677537,True
885__groundtruth,/Users/angadkumar16ak/Projects/Automated_Cardiovascular_Segmentation_for_Bioprinting_Project/outputs/topology_correction/case_outputs/885/ground_truth_mask.nii.gz,ok,3.0,2,True,0,2,7345.885291958241,5891.589702332171,120.00000476837158,103.20000410079956,85.80000340938568,0.4242640855706679,0.6000000238418579,0.5984991851142341,/Users/angadkumar16ak/Projects/Automated_Cardiovascular_Segmentation_for_Bioprinting_Project/outputs/topology_correction/mesh_qc/ground_truth/case_outputs/885__groundtruth/segmentation_raw.stl,/Users/angadkumar16ak/Projects/Automated_Cardiovascular_Segmentation_for_Bioprinting_Project/outputs/topology_correction/mesh_qc/ground_truth/case_outputs/885__groundtruth/segmentation_repaired.stl,/Users/angadkumar16ak/Projects/Automated_Cardiovascular_Segmentation_for_Bioprinting_Project/outputs/topology_correction/mesh_qc/ground_truth/case_outputs/885__groundtruth/segmentation_smoothed.stl,True,0.6029030049503739,3.141592653589793,0.5710284942691133,3.139604858132836,-0.002573194661916702,0.05235507898240437,True
886__groundtruth,/Users/angadkumar16ak/Projects/Automated_Cardiovascular_Segmentation_for_Bioprinting_Project/outputs/topology_correction/case_outputs/886/ground_truth_mask.nii.gz,ok,3.0,4,True,0,2,8854.32741955276,7238.151862854873,103.80000412464142,93.60000371932983,97.20000386238098,0.4242640855706679,0.6000000238418579,0.5916197008105626,/Users/angadkumar16ak/Projects/Automated_Cardiovascular_Segmentation_for_Bioprinting_Project/outputs/topology_correction/mesh_qc/ground_truth/case_outputs/886__groundtruth/segmentation_raw.stl,/Users/angadkumar16ak/Projects/Automated_Cardiovascular_Segmentation_for_Bioprinting_Project/outputs/topology_correction/mesh_qc/ground_truth/case_outputs/886__groundtruth/segmentation_repaired.stl,/Users/angadkumar16ak/Projects/Automated_Cardiovascular_Segmentation_for_Bioprinting_Project/outputs/topology_correction/mesh_qc/ground_truth/case_outputs/886__groundtruth/segmentation_smoothed.stl,True,0.612623154151762,3.141592653589793,0.5448582322520141,3.1376721336483158,-0.0027494750582349437,0.07542743188949823,True
887__groundtruth,/Users/angadkumar16ak/Projects/Automated_Cardiovascular_Segmentation_for_Bioprinting_Project/outputs/topology_correction/case_outputs/887/ground_truth_mask.nii.gz,ok,3.0,2,True,0,2,10110.825522281844,10172.557212663225,120.00000476837158,90.60000360012054,100.80000400543213,0.4242640855706679,0.6000000238418579,0.5991913692092316,/Users/angadkumar16ak/Projects/Automated_Cardiovascular_Segmentation_for_Bioprinting_Project/outputs/topology_correction/mesh_qc/ground_truth/case_outputs/887__groundtruth/segmentation_raw.stl,/Users/angadkumar16ak/Projects/Automated_Cardiovascular_Segmentation_for_Bioprinting_Project/outputs/topology_correction/mesh_qc/ground_truth/case_outputs/887__groundtruth/segmentation_repaired.stl,/Users/angadkumar16ak/Projects/Automated_Cardiovascular_Segmentation_for_Bioprinting_Project/outputs/topology_correction/mesh_qc/ground_truth/case_outputs/887__groundtruth/segmentation_smoothed.stl,True,0.5849416650160295,3.141592653589793,0.5403153409494632,3.1364428817304755,-0.001758788825803904,0.15890456918786303,True
888__groundtruth,/Users/angadkumar16ak/Projects/Automated_Cardiovascular_Segmentation_for_Bioprinting_Project/outputs/topology_correction/case_outputs/888/ground_truth_mask.nii.gz,ok,3.0,2,True,0,2,5456.168713564899,4453.110530852101,111.60000443458557,78.60000312328339,87.60000348091125,0.4242640855706679,0.6000000238418579,0.5978803598817856,/Users/angadkumar16ak/Projects/Automated_Cardiovascular_Segmentation_for_Bioprinting_Project/outputs/topology_correction/mesh_qc/ground_truth/case_outputs/888__groundtruth/segmentation_raw.stl,/Users/angadkumar16ak/Projects/Automated_Cardiovascular_Segmentation_for_Bioprinting_Project/outputs/topology_correction/mesh_qc/ground_truth/case_outputs/888__groundtruth/segmentation_repaired.stl,/Users/angadkumar16ak/Projects/Automated_Cardiovascular_Segmentation_for_Bioprinting_Project/outputs/topology_correction/mesh_qc/ground_truth/case_outputs/888__groundtruth/segmentation_smoothed.stl,True,0.6003325451921167,3.141592653589793,0.5707777773162662,3.134160151716962,-0.0027524641381360066,0.05237097695677014,True
889__groundtruth,/Users/angadkumar16ak/Projects/Automated_Cardiovascular_Segmentation_for_Bioprinting_Project/outputs/topology_correction/case_outputs/889/ground_truth_mask.nii.gz,ok,3.0,3,True,0,2,7025.149426798524,5424.255646621611,107.40000426769257,83.40000331401825,90.00000357627869,0.4242640855706679,0.6000000238418579,0.5905320735869214,/Users/angadkumar16ak/Projects/Automated_Cardiovascular_Segmentation_for_Bioprinting_Project/outputs/topology_correction/mesh_qc/ground_truth/case_outputs/889__groundtruth/segmentation_raw.stl,/Users/angadkumar16ak/Projects/Automated_Cardiovascular_Segmentation_for_Bioprinting_Project/outputs/topology_correction/mesh_qc/ground_truth/case_outputs/889__groundtruth/segmentation_repaired.stl,/Users/angadkumar16ak/Projects/Automated_Cardiovascular_Segmentation_for_Bioprinting_Project/outputs/topology_correction/mesh_qc/ground_truth/case_outputs/889__groundtruth/segmentation_smoothed.stl,True,0.6012443843218537,3.141592653589793,0.5304609459644216,3.1402349428543768,-0.0030998239424837267,0.04833294292183962,True
890__groundtruth,/Users/angadkumar16ak/Projects/Automated_Cardiovascular_Segmentation_for_Bioprinting_Project/outputs/topology_correction/case_outputs/890/ground_truth_mask.nii.gz,ok,3.0,2,True,0,2,5711.046113055725,4325.796515675088,102.6000040769577,82.20000326633453,84.60000336170197,0.4242640855706679,0.6000000238418579,0.5893243160851577,/Users/angadkumar16ak/Projects/Automated_Cardiovascular_Segmentation_for_Bioprinting_Project/outputs/topology_correction/mesh_qc/ground_truth/case_outputs/890__groundtruth/segmentation_raw.stl,/Users/angadkumar16ak/Projects/Automated_Cardiovascular_Segmentation_for_Bioprinting_Project/outputs/topology_correction/mesh_qc/ground_truth/case_outputs/890__groundtruth/segmentation_repaired.stl,/Users/angadkumar16ak/Projects/Automated_Cardiovascular_Segmentation_for_Bioprinting_Project/outputs/topology_correction/mesh_qc/ground_truth/case_outputs/890__groundtruth/segmentation_smoothed.stl,True,0.6264526630774764,3.141592653589793,0.5582486734536635,3.1391043833682772,-0.0031818874682453917,0.04670155019805369,True
891__groundtruth,/Users/angadkumar16ak/Projects/Automated_Cardiovascular_Segmentation_for_Bioprinting_Project/outputs/topology_correction/case_outputs/891/ground_truth_mask.nii.gz,ok,3.0,2,True,0,2,5124.718798968385,3696.8494406987606,99.00000393390656,78.00000309944153,78.00000309944153,0.4242640855706679,0.6000000238418579,0.589874174369494,/Users/angadkumar16ak/Projects/Automated_Cardiovascular_Segmentation_for_Bioprinting_Project/outputs/topology_correction/mesh_qc/ground_truth/case_outputs/891__groundtruth/segmentation_raw.stl,/Users/angadkumar16ak/Projects/Automated_Cardiovascular_Segmentation_for_Bioprinting_Project/outputs/topology_correction/mesh_qc/ground_truth/case_outputs/891__groundtruth/segmentation_repaired.stl,/Users/angadkumar16ak/Projects/Automated_Cardiovascular_Segmentation_for_Bioprinting_Project/outputs/topology_correction/mesh_qc/ground_truth/case_outputs/891__groundtruth/segmentation_smoothed.stl,True,0.5970957703280406,3.141592653589793,0.5272404786223999,3.139306019697736,-0.003459710564230021,0.025873886223440713,True
892__groundtruth,/Users/angadkumar16ak/Projects/Automated_Cardiovascular_Segmentation_for_Bioprinting_Project/outputs/topology_correction/case_outputs/892/ground_truth_mask.nii.gz,ok,3.0,3,True,0,2,9051.840477631555,7775.226926879205,109.80000436306,101.40000402927399,77.40000307559967,0.4242640855706679,0.6000000238418579,0.5913980312280995,/Users/angadkumar16ak/Projects/Automated_Cardiovascular_Segmentation_for_Bioprinting_Project/outputs/topology_correction/mesh_qc/ground_truth/case_outputs/892__groundtruth/segmentation_raw.stl,/Users/angadkumar16ak/Projects/Automated_Cardiovascular_Segmentation_for_Bioprinting_Project/outputs/topology_correction/mesh_qc/ground_truth/case_outputs/892__groundtruth/segmentation_repaired.stl,/Users/angadkumar16ak/Projects/Automated_Cardiovascular_Segmentation_for_Bioprinting_Project/outputs/topology_correction/mesh_qc/ground_truth/case_outputs/892__groundtruth/segmentation_smoothed.stl,True,0.6089988448168974,3.141592653589793,0.5368793200879394,3.1409632632289433,-0.0024702339288472036,0.0931802651359847,True
893__groundtruth,/Users/angadkumar16ak/Projects/Automated_Cardiovascular_Segmentation_for_Bioprinting_Project/outputs/topology_correction/case_outputs/893/ground_truth_mask.nii.gz,ok,3.0,4,True,0,3,9242.875473276126,8868.73605723564,110.40000438690186,102.6000040769577,103.80000412464142,0.4242640855706679,0.6000000238418579,0.6001711554489506,/Users/angadkumar16ak/Projects/Automated_Cardiovascular_Segmentation_for_Bioprinting_Project/outputs/topology_correction/mesh_qc/ground_truth/case_outputs/893__groundtruth/segmentation_raw.stl,/Users/angadkumar16ak/Projects/Automated_Cardiovascular_Segmentation_for_Bioprinting_Project/outputs/topology_correction/mesh_qc/ground_truth/case_outputs/893__groundtruth/segmentation_repaired.stl,/Users/angadkumar16ak/Projects/Automated_Cardiovascular_Segmentation_for_Bioprinting_Project/outputs/topology_correction/mesh_qc/ground_truth/case_outputs/893__groundtruth/segmentation_smoothed.stl,True,0.6062261208594287,3.141592653589793,0.5658349622867925,3.140516570847305,-0.0019733103185119692,0.1290485343584815,True
894__groundtruth,/Users/angadkumar16ak/Projects/Automated_Cardiovascular_Segmentation_for_Bioprinting_Project/outputs/topology_correction/case_outputs/894/ground_truth_mask.nii.gz,ok,3.0,1,True,0,2,10636.503826530667,9878.51817761104,121.2000048160553,104.40000414848328,91.2000036239624,0.4242640855706679,0.6000000238418579,0.5994392999213057,/Users/angadkumar16ak/Projects/Automated_Cardiovascular_Segmentation_for_Bioprinting_Project/outputs/topology_correction/mesh_qc/ground_truth/case_outputs/894__groundtruth/segmentation_raw.stl,/Users/angadkumar16ak/Projects/Automated_Cardiovascular_Segmentation_for_Bioprinting_Project/outputs/topology_correction/mesh_qc/ground_truth/case_outputs/894__groundtruth/segmentation_repaired.stl,/Users/angadkumar16ak/Projects/Automated_Cardiovascular_Segmentation_for_Bioprinting_Project/outputs/topology_correction/mesh_qc/ground_truth/case_outputs/894__groundtruth/segmentation_smoothed.stl,True,0.5998903623923819,3.141592653589793,0.5539764254213184,3.138661993890395,-0.0018063952705935958,0.11838247973788585,True
895__groundtruth,/Users/angadkumar16ak/Projects/Automated_Cardiovascular_Segmentation_for_Bioprinting_Project/outputs/topology_correction/case_outputs/895/ground_truth_mask.nii.gz,ok,3.0,2,True,0,2,7566.476590052346,5457.807650621321,106.20000422000885,94.20000374317169,73.80000293254852,0.4242640855706679,0.6000000238418579,0.5907815307208995,/Users/angadkumar16ak/Projects/Automated_Cardiovascular_Segmentation_for_Bioprinting_Project/outputs/topology_correction/mesh_qc/ground_truth/case_outputs/895__groundtruth/segmentation_raw.stl,/Users/angadkumar16ak/Projects/Automated_Cardiovascular_Segmentation_for_Bioprinting_Project/outputs/topology_correction/mesh_qc/ground_truth/case_outputs/895__groundtruth/segmentation_repaired.stl,/Users/angadkumar16ak/Projects/Automated_Cardiovascular_Segmentation_for_Bioprinting_Project/outputs/topology_correction/mesh_qc/ground_truth/case_outputs/895__groundtruth/segmentation_smoothed.stl,True,0.6389361070950312,3.141592653589793,0.5801365613974776,3.1371782513379443,-0.003346160411947522,0.03949049517983662,True
896__groundtruth,/Users/angadkumar16ak/Projects/Automated_Cardiovascular_Segmentation_for_Bioprinting_Project/outputs/topology_correction/case_outputs/896/ground_truth_mask.nii.gz,ok,3.0,2,True,0,2,5196.755832993522,3839.7604577350808,109.80000436306,81.60000324249268,75.00000298023224,0.4242640855706679,0.6000000238418579,0.5902917358873663,/Users/angadkumar16ak/Projects/Automated_Cardiovascular_Segmentation_for_Bioprinting_Project/outputs/topology_correction/mesh_qc/ground_truth/case_outputs/896__groundtruth/segmentation_raw.stl,/Users/angadkumar16ak/Projects/Automated_Cardiovascular_Segmentation_for_Bioprinting_Project/outputs/topology_correction/mesh_qc/ground_truth/case_outputs/896__groundtruth/segmentation_repaired.stl,/Users/angadkumar16ak/Projects/Automated_Cardiovascular_Segmentation_for_Bioprinting_Project/outputs/topology_correction/mesh_qc/ground_truth/case_outputs/896__groundtruth/segmentation_smoothed.stl,True,0.6269625094898891,3.141592653589793,0.5549500717880704,3.1409840226168435,-0.0033375750941247086,0.027219130530607746,True
897__groundtruth,/Users/angadkumar16ak/Projects/Automated_Cardiovascular_Segmentation_for_Bioprinting_Project/outputs/topology_correction/case_outputs/897/ground_truth_mask.nii.gz,ok,3.0,4,True,0,2,8106.777622339372,6266.826747063907,109.80000436306,90.00000357627869,83.40000331401825,0.4242640855706679,0.6000000238418579,0.5907253556597108,/Users/angadkumar16ak/Projects/Automated_Cardiovascular_Segmentation_for_Bioprinting_Project/outputs/topology_correction/mesh_qc/ground_truth/case_outputs/897__groundtruth/segmentation_raw.stl,/Users/angadkumar16ak/Projects/Automated_Cardiovascular_Segmentation_for_Bioprinting_Project/outputs/topology_correction/mesh_qc/ground_truth/case_outputs/897__groundtruth/segmentation_repaired.stl,/Users/angadkumar16ak/Projects/Automated_Cardiovascular_Segmentation_for_Bioprinting_Project/outputs/topology_correction/mesh_qc/ground_truth/case_outputs/897__groundtruth/segmentation_smoothed.stl,True,0.6272548457598992,3.141592653589793,0.5606076757620847,3.1404490239524985,-0.002884944267694341,0.04845472374382904,True
898__groundtruth,/Users/angadkumar16ak/Projects/Automated_Cardiovascular_Segmentation_for_Bioprinting_Project/outputs/topology_correction/case_outputs/898/ground_truth_mask.nii.gz,ok,3.0,3,True,0,2,9788.452536317813,7687.845916462581,111.00000441074371,98.4000039100647,82.20000326633453,0.4242640855706679,0.6000000238418579,0.5926242697225131,/Users/angadkumar16ak/Projects/Automated_Cardiovascular_Segmentation_for_Bioprinting_Project/outputs/topology_correction/mesh_qc/ground_truth/case_outputs/898__groundtruth/segmentation_raw.stl,/Users/angadkumar16ak/Projects/Automated_Cardiovascular_Segmentation_for_Bioprinting_Project/outputs/topology_correction/mesh_qc/ground_truth/case_outputs/898__groundtruth/segmentation_repaired.stl,/Users/angadkumar16ak/Projects/Automated_Cardiovascular_Segmentation_for_Bioprinting_Project/outputs/topology_correction/mesh_qc/ground_truth/case_outputs/898__groundtruth/segmentation_smoothed.stl,True,0.622357205545377,3.141592653589793,0.556978242723265,3.141097725881845,-0.002593083136571453,0.05494444903923028,True
899__groundtruth,/Users/angadkumar16ak/Projects/Automated_Cardiovascular_Segmentation_for_Bioprinting_Project/outputs/topology_correction/case_outputs/899/ground_truth_mask.nii.gz,ok,3.0,2,True,0,2,6508.765694767394,6033.35771923223,113.40000450611115,84.60000336170197,99.00000393390656,0.4242640855706679,0.6000000238418579,0.5978564786660353,/Users/angadkumar16ak/Projects/Automated_Cardiovascular_Segmentation_for_Bioprinting_Project/outputs/topology_correction/mesh_qc/ground_truth/case_outputs/899__groundtruth/segmentation_raw.stl,/Users/angadkumar16ak/Projects/Automated_Cardiovascular_Segmentation_for_Bioprinting_Project/outputs/topology_correction/mesh_qc/ground_truth/case_outputs/899__groundtruth/segmentation_repaired.stl,/Users/angadkumar16ak/Projects/Automated_Cardiovascular_Segmentation_for_Bioprinting_Project/outputs/topology_correction/mesh_qc/ground_truth/case_outputs/899__groundtruth/segmentation_smoothed.stl,True,0.5900997034675985,3.141592653589793,0.5443904133716505,3.139124438068432,-0.0020520096059155435,0.12428561349043957,True
900__groundtruth,/Users/angadkumar16ak/Projects/Automated_Cardiovascular_Segmentation_for_Bioprinting_Project/outputs/topology_correction/case_outputs/900/ground_truth_mask.nii.gz,ok,3.0,4,True,0,2,6931.214416259809,5213.511621498965,108.00000429153442,92.40000367164612,73.20000290870667,0.4242640855706679,0.6000000238418579,0.589733427189854,/Users/angadkumar16ak/Projects/Automated_Cardiovascular_Segmentation_for_Bioprinting_Project/outputs/topology_correction/mesh_qc/ground_truth/case_outputs/900__groundtruth/segmentation_raw.stl,/Users/angadkumar16ak/Projects/Automated_Cardiovascular_Segmentation_for_Bioprinting_Project/outputs/topology_correction/mesh_qc/ground_truth/case_outputs/900__groundtruth/segmentation_repaired.stl,/Users/angadkumar16ak/Projects/Automated_Cardiovascular_Segmentation_for_Bioprinting_Project/outputs/topology_correction/mesh_qc/ground_truth/case_outputs/900__groundtruth/segmentation_smoothed.stl,True,0.6061912944202344,3.141592653589793,0.5347049432192741,3.134659074666731,-0.0035466645994833177,0.04270765736534718,True
901__groundtruth,/Users/angadkumar16ak/Projects/Automated_Cardiovascular_Segmentation_for_Bioprinting_Project/outputs/topology_correction/case_outputs/901/ground_truth_mask.nii.gz,ok,3.0,2,True,0,2,7329.285065665746,6324.89475398615,117.00000464916229,78.00000309944153,79.8000031709671,0.4242640855706679,0.6000000238418579,0.5997975633027611,/Users/angadkumar16ak/Projects/Automated_Cardiovascular_Segmentation_for_Bioprinting_Project/outputs/topology_correction/mesh_qc/ground_truth/case_outputs/901__groundtruth/segmentation_raw.stl,/Users/angadkumar16ak/Projects/Automated_Cardiovascular_Segmentation_for_Bioprinting_Project/outputs/topology_correction/mesh_qc/ground_truth/case_outputs/901__groundtruth/segmentation_repaired.stl,/Users/angadkumar16ak/Projects/Automated_Cardiovascular_Segmentation_for_Bioprinting_Project/outputs/topology_correction/mesh_qc/ground_truth/case_outputs/901__groundtruth/segmentation_smoothed.stl,True,0.6086968181351283,3.141592653589793,0.5689808021701791,3.138223509760604,-0.0023132355675402716,0.07987499579959004,True
902__groundtruth,/Users/angadkumar16ak/Projects/Automated_Cardiovascular_Segmentation_for_Bioprinting_Project/outputs/topology_correction/case_outputs/902/ground_truth_mask.nii.gz,ok,3.0,3,True,0,2,10894.509947365983,8957.37706780247,111.00000441074371,84.60000336170197,94.20000374317169,0.4242640855706679,0.6000000238418579,0.598149489410435,/Users/angadkumar16ak/Projects/Automated_Cardiovascular_Segmentation_for_Bioprinting_Project/outputs/topology_correction/mesh_qc/ground_truth/case_outputs/902__groundtruth/segmentation_raw.stl,/Users/angadkumar16ak/Projects/Automated_Cardiovascular_Segmentation_for_Bioprinting_Project/outputs/topology_correction/mesh_qc/ground_truth/case_outputs/902__groundtruth/segmentation_repaired.stl,/Users/angadkumar16ak/Projects/Automated_Cardiovascular_Segmentation_for_Bioprinting_Project/outputs/topology_correction/mesh_qc/ground_truth/case_outputs/902__groundtruth/segmentation_smoothed.stl,True,0.5727855032667343,3.141592653589793,0.5274233949546826,3.1399242113487764,-0.0023486200266058343,0.06250592585569356,True
903__groundtruth,/Users/angadkumar16ak/Projects/Automated_Cardiovascular_Segmentation_for_Bioprinting_Project/outputs/topology_correction/case_outputs/903/ground_truth_mask.nii.gz,ok,3.0,2,True,0,2,6639.56014223567,5079.321605502273,112.80000448226929,96.60000383853912,85.20000338554382,0.4242640855706679,0.6000000238418579,0.590272239054288,/Users/angadkumar16ak/Projects/Automated_Cardiovascular_Segmentation_for_Bioprinting_Project/outputs/topology_correction/mesh_qc/ground_truth/case_outputs/903__groundtruth/segmentation_raw.stl,/Users/angadkumar16ak/Projects/Automated_Cardiovascular_Segmentation_for_Bioprinting_Project/outputs/topology_correction/mesh_qc/ground_truth/case_outputs/903__groundtruth/segmentation_repaired.stl,/Users/angadkumar16ak/Projects/Automated_Cardiovascular_Segmentation_for_Bioprinting_Project/outputs/topology_correction/mesh_qc/ground_truth/case_outputs/903__groundtruth/segmentation_smoothed.stl,True,0.6058617248129992,3.141592653589793,0.5352373494047025,3.1413949493291584,-0.00329244676354624,0.04837096908590951,True
904__groundtruth,/Users/angadkumar16ak/Projects/Automated_Cardiovascular_Segmentation_for_Bioprinting_Project/outputs/topology_correction/case_outputs/904/ground_truth_mask.nii.gz,ok,3.0,4,True,0,3,9675.869177853981,8004.168954171219,108.60000431537628,92.40000367164612,72.00000286102295,0.4242640855706679,0.6000000238418579,0.5931134062158833,/Users/angadkumar16ak/Projects/Automated_Cardiovascular_Segmentation_for_Bioprinting_Project/outputs/topology_correction/mesh_qc/ground_truth/case_outputs/904__groundtruth/segmentation_raw.stl,/Users/angadkumar16ak/Projects/Automated_Cardiovascular_Segmentation_for_Bioprinting_Project/outputs/topology_correction/mesh_qc/ground_truth/case_outputs/904__groundtruth/segmentation_repaired.stl,/Users/angadkumar16ak/Projects/Automated_Cardiovascular_Segmentation_for_Bioprinting_Project/outputs/topology_correction/mesh_qc/ground_truth/case_outputs/904__groundtruth/segmentation_smoothed.stl,True,0.6377563648505953,3.141592653589793,0.5753018613586347,3.140511212912226,-0.002335739622781328,0.07505507046365349,True
905__groundtruth,/Users/angadkumar16ak/Projects/Automated_Cardiovascular_Segmentation_for_Bioprinting_Project/outputs/topology_correction/case_outputs/905/ground_truth_mask.nii.gz,ok,3.0,3,True,0,2,9460.363379959883,7711.668919302501,113.40000450611115,91.80000364780426,88.80000352859497,0.4242640855706679,0.6000000238418579,0.6016115344013384,/Users/angadkumar16ak/Projects/Automated_Cardiovascular_Segmentation_for_Bioprinting_Project/outputs/topology_correction/mesh_qc/ground_truth/case_outputs/905__groundtruth/segmentation_raw.stl,/Users/angadkumar16ak/Projects/Automated_Cardiovascular_Segmentation_for_Bioprinting_Project/outputs/topology_correction/mesh_qc/ground_truth/case_outputs/905__groundtruth/segmentation_repaired.stl,/Users/angadkumar16ak/Projects/Automated_Cardiovascular_Segmentation_for_Bioprinting_Project/outputs/topology_correction/mesh_qc/ground_truth/case_outputs/905__groundtruth/segmentation_smoothed.stl,True,0.5652591401339527,3.141592653589793,0.5310522385672346,3.1404946186111053,-0.002288299332795404,0.05639459712250007,True
906__groundtruth,/Users/angadkumar16ak/Projects/Automated_Cardiovascular_Segmentation_for_Bioprinting_Project/outputs/topology_correction/case_outputs/906/ground_truth_mask.nii.gz,ok,3.0,2,True,0,2,7001.961139447886,5960.898710594446,105.60000419616699,78.00000309944153,80.40000319480896,0.4242640855706679,0.6000000238418579,0.5907581064714712,/Users/angadkumar16ak/Projects/Automated_Cardiovascular_Segmentation_for_Bioprinting_Project/outputs/topology_correction/mesh_qc/ground_truth/case_outputs/906__groundtruth/segmentation_raw.stl,/Users/angadkumar16ak/Projects/Automated_Cardiovascular_Segmentation_for_Bioprinting_Project/outputs/topology_correction/mesh_qc/ground_truth/case_outputs/906__groundtruth/segmentation_repaired.stl,/Users/angadkumar16ak/Projects/Automated_Cardiovascular_Segmentation_for_Bioprinting_Project/outputs/topology_correction/mesh_qc/ground_truth/case_outputs/906__groundtruth/segmentation_smoothed.stl,True,0.6143214326563128,3.141592653589793,0.5340335629559665,3.1396606331610752,-0.0023909437558524396,0.08670540839245607,True
907__groundtruth,/Users/angadkumar16ak/Projects/Automated_Cardiovascular_Segmentation_for_Bioprinting_Project/outputs/topology_correction/case_outputs/907/ground_truth_mask.nii.gz,ok,3.0,3,True,0,2,7837.082676686944,6122.907729907421,114.60000455379486,100.80000400543213,75.6000030040741,0.4242640855706679,0.6000000238418579,0.5919496632816504,/Users/angadkumar16ak/Projects/Automated_Cardiovascular_Segmentation_for_Bioprinting_Project/outputs/topology_correction/mesh_qc/ground_truth/case_outputs/907__groundtruth/segmentation_raw.stl,/Users/angadkumar16ak/Projects/Automated_Cardiovascular_Segmentation_for_Bioprinting_Project/outputs/topology_correction/mesh_qc/ground_truth/case_outputs/907__groundtruth/segmentation_repaired.stl,/Users/angadkumar16ak/Projects/Automated_Cardiovascular_Segmentation_for_Bioprinting_Project/outputs/topology_correction/mesh_qc/ground_truth/case_outputs/907__groundtruth/segmentation_smoothed.stl,True,0.6348273833733068,3.141592653589793,0.5669862970859099,3.1382318753201757,-0.003134720535435286,0.06432424955042192,True
908__groundtruth,/Users/angadkumar16ak/Projects/Automated_Cardiovascular_Segmentation_for_Bioprinting_Project/outputs/topology_correction/case_outputs/908/ground_truth_mask.nii.gz,ok,3.0,5,True,0,4,8600.95401052015,6459.552770038635,105.60000419616699,103.80000412464142,90.60000360012054,0.4242640855706679,0.6000000238418579,0.5925640217874283,/Users/angadkumar16ak/Projects/Automated_Cardiovascular_Segmentation_for_Bioprinting_Project/outputs/topology_correction/mesh_qc/ground_truth/case_outputs/908__groundtruth/segmentation_raw.stl,/Users/angadkumar16ak/Projects/Automated_Cardiovascular_Segmentation_for_Bioprinting_Project/outputs/topology_correction/mesh_qc/ground_truth/case_outputs/908__groundtruth/segmentation_repaired.stl,/Users/angadkumar16ak/Projects/Automated_Cardiovascular_Segmentation_for_Bioprinting_Project/outputs/topology_correction/mesh_qc/ground_truth/case_outputs/908__groundtruth/segmentation_smoothed.stl,True,0.6096643987189824,3.141592653589793,0.5445212285617914,3.141592653589793,-0.002813041308151577,0.03927927927927928,True
909__groundtruth,/Users/angadkumar16ak/Projects/Automated_Cardiovascular_Segmentation_for_Bioprinting_Project/outputs/topology_correction/case_outputs/909/ground_truth_mask.nii.gz,ok,3.0,2,True,0,2,7210.014896644484,5775.741688522008,112.20000445842743,99.00000393390656,103.20000410079956,0.4242640855706679,0.6000000238418579,0.5925546315698597,/Users/angadkumar16ak/Projects/Automated_Cardiovascular_Segmentation_for_Bioprinting_Project/outputs/topology_correction/mesh_qc/ground_truth/case_outputs/909__groundtruth/segmentation_raw.stl,/Users/angadkumar16ak/Projects/Automated_Cardiovascular_Segmentation_for_Bioprinting_Project/outputs/topology_correction/mesh_qc/ground_truth/case_outputs/909__groundtruth/segmentation_repaired.stl,/Users/angadkumar16ak/Projects/Automated_Cardiovascular_Segmentation_for_Bioprinting_Project/outputs/topology_correction/mesh_qc/ground_truth/case_outputs/909__groundtruth/segmentation_smoothed.stl,True,0.6211420487958907,3.141592653589793,0.5590611992093971,3.136200397249506,-0.0027584298861530426,0.07760328759081236,True
910__groundtruth,/Users/angadkumar16ak/Projects/Automated_Cardiovascular_Segmentation_for_Bioprinting_Project/outputs/topology_correction/case_outputs/910/ground_truth_mask.nii.gz,ok,3.0,5,True,0,6,8224.160582187502,6215.571740953831,112.20000445842743,90.60000360012054,86.40000343322754,0.4242640855706679,0.6000000238418579,0.59330084189043,/Users/angadkumar16ak/Projects/Automated_Cardiovascular_Segmentation_for_Bioprinting_Project/outputs/topology_correction/mesh_qc/ground_truth/case_outputs/910__groundtruth/segmentation_raw.stl,/Users/angadkumar16ak/Projects/Automated_Cardiovascular_Segmentation_for_Bioprinting_Project/outputs/topology_correction/mesh_qc/ground_truth/case_outputs/910__groundtruth/segmentation_repaired.stl,/Users/angadkumar16ak/Projects/Automated_Cardiovascular_Segmentation_for_Bioprinting_Project/outputs/topology_correction/mesh_qc/ground_truth/case_outputs/910__groundtruth/segmentation_smoothed.stl,True,0.6210266906077041,3.141592653589793,0.5628938898764343,3.1397654043146837,-0.0028571800356890957,0.04323845839575106,True
911__groundtruth,/Users/angadkumar16ak/Projects/Automated_Cardiovascular_Segmentation_for_Bioprinting_Project/outputs/topology_correction/case_outputs/911/ground_truth_mask.nii.gz,ok,3.0,3,True,0,3,7520.8631066450325,6071.27472375229,111.00000441074371,100.20000398159027,87.0000034570694,0.4242640855706679,0.6000000238418579,0.5999362702319713,/Users/angadkumar16ak/Projects/Automated_Cardiovascular_Segmentation_for_Bioprinting_Project/outputs/topology_correction/mesh_qc/ground_truth/case_outputs/911__groundtruth/segmentation_raw.stl,/Users/angadkumar16ak/Projects/Automated_Cardiovascular_Segmentation_for_Bioprinting_Project/outputs/topology_correction/mesh_qc/ground_truth/case_outputs/911__groundtruth/segmentation_repaired.stl,/Users/angadkumar16ak/Projects/Automated_Cardiovascular_Segmentation_for_Bioprinting_Project/outputs/topology_correction/mesh_qc/ground_truth/case_outputs/911__groundtruth/segmentation_smoothed.stl,True,0.5769424021710176,3.141592653589793,0.5390472201738905,3.1380540269424344,-0.0027073805532207046,0.06159863114153019,True
912__groundtruth,/Users/angadkumar16ak/Projects/Automated_Cardiovascular_Segmentation_for_Bioprinting_Project/outputs/topology_correction/case_outputs/912/ground_truth_mask.nii.gz,ok,3.0,2,True,0,2,7218.066851193137,5581.377665352014,118.20000469684601,100.20000398159027,97.20000386238098,0.4242640855706679,0.6000000238418579,0.5918553903769764,/Users/angadkumar16ak/Projects/Automated_Cardiovascular_Segmentation_for_Bioprinting_Project/outputs/topology_correction/mesh_qc/ground_truth/case_outputs/912__groundtruth/segmentation_raw.stl,/Users/angadkumar16ak/Projects/Automated_Cardiovascular_Segmentation_for_Bioprinting_Project/outputs/topology_correction/mesh_qc/ground_truth/case_outputs/912__groundtruth/segmentation_repaired.stl,/Users/angadkumar16ak/Projects/Automated_Cardiovascular_Segmentation_for_Bioprinting_Project/outputs/topology_correction/mesh_qc/ground_truth/case_outputs/912__groundtruth/segmentation_smoothed.stl,True,0.6054523509341659,3.141592653589793,0.5421722201190872,3.137832899074988,-0.002814108856553087,0.04971725682189077,True
913__groundtruth,/Users/angadkumar16ak/Projects/Automated_Cardiovascular_Segmentation_for_Bioprinting_Project/outputs/topology_correction/case_outputs/913/ground_truth_mask.nii.gz,ok,3.0,2,True,0,2,8449.458171465098,6814.881812397155,105.60000419616699,117.00000464916229,81.00000321865082,0.4242640855706679,0.6000000238418579,0.5992955714886005,/Users/angadkumar16ak/Projects/Automated_Cardiovascular_Segmentation_for_Bioprinting_Project/outputs/topology_correction/mesh_qc/ground_truth/case_outputs/913__groundtruth/segmentation_raw.stl,/Users/angadkumar16ak/Projects/Automated_Cardiovascular_Segmentation_for_Bioprinting_Project/outputs/topology_correction/mesh_qc/ground_truth/case_outputs/913__groundtruth/segmentation_repaired.stl,/Users/angadkumar16ak/Projects/Automated_Cardiovascular_Segmentation_for_Bioprinting_Project/outputs/topology_correction/mesh_qc/ground_truth/case_outputs/913__groundtruth/segmentation_smoothed.stl,True,0.5935147515454776,3.141592653589793,0.5636916954763318,3.139352235429944,-0.0024667015957021907,0.06032121513944223,True
914__groundtruth,/Users/angadkumar16ak/Projects/Automated_Cardiovascular_Segmentation_for_Bioprinting_Project/outputs/topology_correction/case_outputs/914/ground_truth_mask.nii.gz,ok,3.0,4,True,0,3,5147.526990658505,4265.59550849857,93.00000369548798,67.80000269412994,78.60000312328339,0.4242640855706679,0.6000000238418579,0.5908928109172598,/Users/angadkumar16ak/Projects/Automated_Cardiovascular_Segmentation_for_Bioprinting_Project/outputs/topology_correction/mesh_qc/ground_truth/case_outputs/914__groundtruth/segmentation_raw.stl,/Users/angadkumar16ak/Projects/Automated_Cardiovascular_Segmentation_for_Bioprinting_Project/outputs/topology_correction/mesh_qc/ground_truth/case_outputs/914__groundtruth/segmentation_repaired.stl,/Users/angadkumar16ak/Projects/Automated_Cardiovascular_Segmentation_for_Bioprinting_Project/outputs/topology_correction/mesh_qc/ground_truth/case_outputs/914__groundtruth/segmentation_smoothed.stl,True,0.6034242790818267,3.141592653589793,0.5276170756098304,3.136978970962764,-0.002501079909289875,0.057141433766751355,True
915__groundtruth,/Users/angadkumar16ak/Projects/Automated_Cardiovascular_Segmentation_for_Bioprinting_Project/outputs/topology_correction/case_outputs/915/ground_truth_mask.nii.gz,ok,3.0,4,True,0,3,9962.708918501101,8272.701986182847,113.40000450611115,97.20000386238098,97.80000388622284,0.4242640855706679,0.6000000238418579,0.592755154780865,/Users/angadkumar16ak/Projects/Automated_Cardiovascular_Segmentation_for_Bioprinting_Project/outputs/topology_correction/mesh_qc/ground_truth/case_outputs/915__groundtruth/segmentation_raw.stl,/Users/angadkumar16ak/Projects/Automated_Cardiovascular_Segmentation_for_Bioprinting_Project/outputs/topology_correction/mesh_qc/ground_truth/case_outputs/915__groundtruth/segmentation_repaired.stl,/Users/angadkumar16ak/Projects/Automated_Cardiovascular_Segmentation_for_Bioprinting_Project/outputs/topology_correction/mesh_qc/ground_truth/case_outputs/915__groundtruth/segmentation_smoothed.stl,True,0.6056197155120023,3.141592653589793,0.5410986722636609,3.1409425035827523,-0.0026165458078172606,0.07885084006669232,True
916__groundtruth,/Users/angadkumar16ak/Projects/Automated_Cardiovascular_Segmentation_for_Bioprinting_Project/outputs/topology_correction/case_outputs/916/ground_truth_mask.nii.gz,ok,3.0,2,True,0,2,7655.7415169014985,6230.979742790609,101.40000402927399,85.80000340938568,97.80000388622284,0.4242640855706679,0.6000000238418579,0.5914873486622169,/Users/angadkumar16ak/Projects/Automated_Cardiovascular_Segmentation_for_Bioprinting_Project/outputs/topology_correction/mesh_qc/ground_truth/case_outputs/916__groundtruth/segmentation_raw.stl,/Users/angadkumar16ak/Projects/Automated_Cardiovascular_Segmentation_for_Bioprinting_Project/outputs/topology_correction/mesh_qc/ground_truth/case_outputs/916__groundtruth/segmentation_repaired.stl,/Users/angadkumar16ak/Projects/Automated_Cardiovascular_Segmentation_for_Bioprinting_Project/outputs/topology_correction/mesh_qc/ground_truth/case_outputs/916__groundtruth/segmentation_smoothed.stl,True,0.595874303399427,3.141592653589793,0.5274331147640151,3.1352581296253184,-0.0023376103863349974,0.06388992950311617,True
917__groundtruth,/Users/angadkumar16ak/Projects/Automated_Cardiovascular_Segmentation_for_Bioprinting_Project/outputs/topology_correction/case_outputs/917/ground_truth_mask.nii.gz,ok,3.0,2,True,0,2,10407.455650452253,9425.97112366323,145.80000579357147,113.40000450611115,84.60000336170197,0.4242640855706679,0.6000000238418579,0.5999360984855046,/Users/angadkumar16ak/Projects/Automated_Cardiovascular_Segmentation_for_Bioprinting_Project/outputs/topology_correction/mesh_qc/ground_truth/case_outputs/917__groundtruth/segmentation_raw.stl,/Users/angadkumar16ak/Projects/Automated_Cardiovascular_Segmentation_for_Bioprinting_Project/outputs/topology_correction/mesh_qc/ground_truth/case_outputs/917__groundtruth/segmentation_repaired.stl,/Users/angadkumar16ak/Projects/Automated_Cardiovascular_Segmentation_for_Bioprinting_Project/outputs/topology_correction/mesh_qc/ground_truth/case_outputs/917__groundtruth/segmentation_smoothed.stl,True,0.5916175262940844,3.141592653589793,0.5499498847367658,3.138642497857667,-0.002040457020044349,0.1029073179540427,True
918__groundtruth,/Users/angadkumar16ak/Projects/Automated_Cardiovascular_Segmentation_for_Bioprinting_Project/outputs/topology_correction/case_outputs/918/ground_truth_mask.nii.gz,ok,3.0,2,True,0,2,5637.480817014547,4571.67654498627,108.60000431537628,85.20000338554382,76.80000305175781,0.4242640855706679,0.6000000238418579,0.5901945655040907,/Users/angadkumar16ak/Projects/Automated_Cardiovascular_Segmentation_for_Bioprinting_Project/outputs/topology_correction/mesh_qc/ground_truth/case_outputs/918__groundtruth/segmentation_raw.stl,/Users/angadkumar16ak/Projects/Automated_Cardiovascular_Segmentation_for_Bioprinting_Project/outputs/topology_correction/mesh_qc/ground_truth/case_outputs/918__groundtruth/segmentation_repaired.stl,/Users/angadkumar16ak/Projects/Automated_Cardiovascular_Segmentation_for_Bioprinting_Project/outputs/topology_correction/mesh_qc/ground_truth/case_outputs/918__groundtruth/segmentation_smoothed.stl,True,0.5986079913992873,3.141592653589793,0.5170795067311813,3.139363168075035,-0.002914357692961879,0.05230912044557902,True
919__groundtruth,/Users/angadkumar16ak/Projects/Automated_Cardiovascular_Segmentation_for_Bioprinting_Project/outputs/topology_correction/case_outputs/919/ground_truth_mask.nii.gz,ok,3.0,2,True,0,2,8318.751160199266,6824.862813586981,106.20000422000885,100.20000398159027,90.00000357627869,0.4242640855706679,0.6000000238418579,0.5895685833925703,/Users/angadkumar16ak/Projects/Automated_Cardiovascular_Segmentation_for_Bioprinting_Project/outputs/topology_correction/mesh_qc/ground_truth/case_outputs/919__groundtruth/segmentation_raw.stl,/Users/angadkumar16ak/Projects/Automated_Cardiovascular_Segmentation_for_Bioprinting_Project/outputs/topology_correction/mesh_qc/ground_truth/case_outputs/919__groundtruth/segmentation_repaired.stl,/Users/angadkumar16ak/Projects/Automated_Cardiovascular_Segmentation_for_Bioprinting_Project/outputs/topology_correction/mesh_qc/ground_truth/case_outputs/919__groundtruth/segmentation_smoothed.stl,True,0.6242830297626347,3.141592653589793,0.5556885193846448,3.14017027273762,-0.002975427548543598,0.08137510879025239,True
920__groundtruth,/Users/angadkumar16ak/Projects/Automated_Cardiovascular_Segmentation_for_Bioprinting_Project/outputs/topology_correction/case_outputs/920/ground_truth_mask.nii.gz,ok,3.0,2,True,0,2,6896.724940213201,5358.1686387434265,108.00000429153442,93.00000369548798,75.00000298023224,0.4242640855706679,0.6000000238418579,0.5978673725871323,/Users/angadkumar16ak/Projects/Automated_Cardiovascular_Segmentation_for_Bioprinting_Project/outputs/topology_correction/mesh_qc/ground_truth/case_outputs/920__groundtruth/segmentation_raw.stl,/Users/angadkumar16ak/Projects/Automated_Cardiovascular_Segmentation_for_Bioprinting_Project/outputs/topology_correction/mesh_qc/ground_truth/case_outputs/920__groundtruth/segmentation_repaired.stl,/Users/angadkumar16ak/Projects/Automated_Cardiovascular_Segmentation_for_Bioprinting_Project/outputs/topology_correction/mesh_qc/ground_truth/case_outputs/920__groundtruth/segmentation_smoothed.stl,True,0.5931024776189163,3.141592653589793,0.5596405606206662,3.139100240877814,-0.002707700209512117,0.04411764705882353,True
921__groundtruth,/Users/angadkumar16ak/Projects/Automated_Cardiovascular_Segmentation_for_Bioprinting_Project/outputs/topology_correction/case_outputs/921/ground_truth_mask.nii.gz,ok,3.0,2,True,0,2,7956.5742528389555,6550.992780939134,99.60000395774841,97.80000388622284,88.80000352859497,0.4242640855706679,0.6000000238418579,0.6000681787308887,/Users/angadkumar16ak/Projects/Automated_Cardiovascular_Segmentation_for_Bioprinting_Project/outputs/topology_correction/mesh_qc/ground_truth/case_outputs/921__groundtruth/segmentation_raw.stl,/Users/angadkumar16ak/Projects/Automated_Cardiovascular_Segmentation_for_Bioprinting_Project/outputs/topology_correction/mesh_qc/ground_truth/case_outputs/921__groundtruth/segmentation_repaired.stl,/Users/angadkumar16ak/Projects/Automated_Cardiovascular_Segmentation_for_Bioprinting_Project/outputs/topology_correction/mesh_qc/ground_truth/case_outputs/921__groundtruth/segmentation_smoothed.stl,True,0.5714994007219499,3.141592653589793,0.5358276314209584,3.13699197607669,-0.0025200711068321226,0.06954832442933463,True
922__groundtruth,/Users/angadkumar16ak/Projects/Automated_Cardiovascular_Segmentation_for_Bioprinting_Project/outputs/topology_correction/case_outputs/922/ground_truth_mask.nii.gz,ok,3.0,2,True,0,2,3830.747746066716,3035.9703619158413,96.60000383853912,82.20000326633453,63.60000252723694,0.4242640855706679,0.6000000238418579,0.5903358067603236,/Users/angadkumar16ak/Projects/Automated_Cardiovascular_Segmentation_for_Bioprinting_Project/outputs/topology_correction/mesh_qc/ground_truth/case_outputs/922__groundtruth/segmentation_raw.stl,/Users/angadkumar16ak/Projects/Automated_Cardiovascular_Segmentation_for_Bioprinting_Project/outputs/topology_correction/mesh_qc/ground_truth/case_outputs/922__groundtruth/segmentation_repaired.stl,/Users/angadkumar16ak/Projects/Automated_Cardiovascular_Segmentation_for_Bioprinting_Project/outputs/topology_correction/mesh_qc/ground_truth/case_outputs/922__groundtruth/segmentation_smoothed.stl,True,0.6075824504629699,3.141592653589793,0.5322748677821181,3.13742914296952,-0.0029197930707014264,0.05362005166515395,True
923__groundtruth,/Users/angadkumar16ak/Projects/Automated_Cardiovascular_Segmentation_for_Bioprinting_Project/outputs/topology_correction/case_outputs/923/ground_truth_mask.nii.gz,ok,3.0,2,True,0,2,9590.065089377451,8671.375033708378,121.2000048160553,108.00000429153442,99.00000393390656,0.4242640855706679,0.6000000238418579,0.5993924856796728,/Users/angadkumar16ak/Projects/Automated_Cardiovascular_Segmentation_for_Bioprinting_Project/outputs/topology_correction/mesh_qc/ground_truth/case_outputs/923__groundtruth/segmentation_raw.stl,/Users/angadkumar16ak/Projects/Automated_Cardiovascular_Segmentation_for_Bioprinting_Project/outputs/topology_correction/mesh_qc/ground_truth/case_outputs/923__groundtruth/segmentation_repaired.stl,/Users/angadkumar16ak/Projects/Automated_Cardiovascular_Segmentation_for_Bioprinting_Project/outputs/topology_correction/mesh_qc/ground_truth/case_outputs/923__groundtruth/segmentation_smoothed.stl,True,0.5792887984776143,3.141592653589793,0.5338007162536417,3.140512243109381,-0.0020304355219058308,0.1098162369047327,True
924__groundtruth,/Users/angadkumar16ak/Projects/Automated_Cardiovascular_Segmentation_for_Bioprinting_Project/outputs/topology_correction/case_outputs/924/ground_truth_mask.nii.gz,ok,3.0,9,True,0,3,9296.390201940483,6915.14182434908,111.00000441074371,69.00000274181366,124.20000493526459,0.4242640855706679,0.6000000238418579,0.5921406530749804,/Users/angadkumar16ak/Projects/Automated_Cardiovascular_Segmentation_for_Bioprinting_Project/outputs/topology_correction/mesh_qc/ground_truth/case_outputs/924__groundtruth/segmentation_raw.stl,/Users/angadkumar16ak/Projects/Automated_Cardiovascular_Segmentation_for_Bioprinting_Project/outputs/topology_correction/mesh_qc/ground_truth/case_outputs/924__groundtruth/segmentation_repaired.stl,/Users/angadkumar16ak/Projects/Automated_Cardiovascular_Segmentation_for_Bioprinting_Project/outputs/topology_correction/mesh_qc/ground_truth/case_outputs/924__groundtruth/segmentation_smoothed.stl,True,0.5637709672485919,3.141592653589793,0.4902960935100474,3.137082625690885,-0.003541309199604046,0.03871086105675147,True
925__groundtruth,/Users/angadkumar16ak/Projects/Automated_Cardiovascular_Segmentation_for_Bioprinting_Project/outputs/topology_correction/case_outputs/925/ground_truth_mask.nii.gz,ok,3.0,2,True,0,2,6820.284423376003,5445.639649170778,109.20000433921814,94.20000374317169,76.80000305175781,0.4242640855706679,0.6000000238418579,0.6014584100895194,/Users/angadkumar16ak/Projects/Automated_Cardiovascular_Segmentation_for_Bioprinting_Project/outputs/topology_correction/mesh_qc/ground_truth/case_outputs/925__groundtruth/segmentation_raw.stl,/Users/angadkumar16ak/Projects/Automated_Cardiovascular_Segmentation_for_Bioprinting_Project/outputs/topology_correction/mesh_qc/ground_truth/case_outputs/925__groundtruth/segmentation_repaired.stl,/Users/angadkumar16ak/Projects/Automated_Cardiovascular_Segmentation_for_Bioprinting_Project/outputs/topology_correction/mesh_qc/ground_truth/case_outputs/925__groundtruth/segmentation_smoothed.stl,True,0.5847099174189283,3.141592653589793,0.5505618677249731,3.1414181707970026,-0.0024405635762456994,0.05079204452574631,True
926__groundtruth,/Users/angadkumar16ak/Projects/Automated_Cardiovascular_Segmentation_for_Bioprinting_Project/outputs/topology_correction/case_outputs/926/ground_truth_mask.nii.gz,ok,3.0,2,True,0,2,6003.75660090675,4722.705562990331,103.80000412464142,88.80000352859497,95.40000379085541,0.4242640855706679,0.6000000238418579,0.5904684530030406,/Users/angadkumar16ak/Projects/Automated_Cardiovascular_Segmentation_for_Bioprinting_Project/outputs/topology_correction/mesh_qc/ground_truth/case_outputs/926__groundtruth/segmentation_raw.stl,/Users/angadkumar16ak/Projects/Automated_Cardiovascular_Segmentation_for_Bioprinting_Project/outputs/topology_correction/mesh_qc/ground_truth/case_outputs/926__groundtruth/segmentation_repaired.stl,/Users/angadkumar16ak/Projects/Automated_Cardiovascular_Segmentation_for_Bioprinting_Project/outputs/topology_correction/mesh_qc/ground_truth/case_outputs/926__groundtruth/segmentation_smoothed.stl,True,0.5928937883486997,3.141592653589793,0.5216384135999061,3.1339305934833948,-0.0027822944351349912,0.04993270524899058,True
927__groundtruth,/Users/angadkumar16ak/Projects/Automated_Cardiovascular_Segmentation_for_Bioprinting_Project/outputs/topology_correction/case_outputs/927/ground_truth_mask.nii.gz,ok,3.0,2,True,0,3,6992.444358271866,5184.009617982053,103.20000410079956,91.80000364780426,91.2000036239624,0.4242640855706679,0.6000000238418579,0.5925845601667185,/Users/angadkumar16ak/Projects/Automated_Cardiovascular_Segmentation_for_Bioprinting_Project/outputs/topology_correction/mesh_qc/ground_truth/case_outputs/927__groundtruth/segmentation_raw.stl,/Users/angadkumar16ak/Projects/Automated_Cardiovascular_Segmentation_for_Bioprinting_Project/outputs/topology_correction/mesh_qc/ground_truth/case_outputs/927__groundtruth/segmentation_repaired.stl,/Users/angadkumar16ak/Projects/Automated_Cardiovascular_Segmentation_for_Bioprinting_Project/outputs/topology_correction/mesh_qc/ground_truth/case_outputs/927__groundtruth/segmentation_smoothed.stl,True,0.5859205405247927,3.141592653589793,0.5261170941524713,3.1400200841208705,-0.0029867298508919077,0.03187104672515813,True
928__groundtruth,/Users/angadkumar16ak/Projects/Automated_Cardiovascular_Segmentation_for_Bioprinting_Project/outputs/topology_correction/case_outputs/928/ground_truth_mask.nii.gz,ok,3.0,5,True,0,2,8841.625190694007,7716.1959198421655,130.20000517368317,108.60000431537628,99.60000395774841,0.4242640855706679,0.6000000238418579,0.601108048899182,/Users/angadkumar16ak/Projects/Automated_Cardiovascular_Segmentation_for_Bioprinting_Project/outputs/topology_correction/mesh_qc/ground_truth/case_outputs/928__groundtruth/segmentation_raw.stl,/Users/angadkumar16ak/Projects/Automated_Cardiovascular_Segmentation_for_Bioprinting_Project/outputs/topology_correction/mesh_qc/ground_truth/case_outputs/928__groundtruth/segmentation_repaired.stl,/Users/angadkumar16ak/Projects/Automated_Cardiovascular_Segmentation_for_Bioprinting_Project/outputs/topology_correction/mesh_qc/ground_truth/case_outputs/928__groundtruth/segmentation_smoothed.stl,True,0.5878483147220288,3.141592653589793,0.5506083640347251,3.140051977671254,-0.002191847113737359,0.08634798181567709,True
929__groundtruth,/Users/angadkumar16ak/Projects/Automated_Cardiovascular_Segmentation_for_Bioprinting_Project/outputs/topology_correction/case_outputs/929/ground_truth_mask.nii.gz,ok,3.0,2,True,0,3,6335.399119154671,5334.579635931397,88.80000352859497,91.80000364780426,88.20000350475311,0.4242640855706679,0.6000000238418579,0.5928061076113419,/Users/angadkumar16ak/Projects/Automated_Cardiovascular_Segmentation_for_Bioprinting_Project/outputs/topology_correction/mesh_qc/ground_truth/case_outputs/929__groundtruth/segmentation_raw.stl,/Users/angadkumar16ak/Projects/Automated_Cardiovascular_Segmentation_for_Bioprinting_Project/outputs/topology_correction/mesh_qc/ground_truth/case_outputs/929__groundtruth/segmentation_repaired.stl,/Users/angadkumar16ak/Projects/Automated_Cardiovascular_Segmentation_for_Bioprinting_Project/outputs/topology_correction/mesh_qc/ground_truth/case_outputs/929__groundtruth/segmentation_smoothed.stl,True,0.6327403754046548,3.141592653589793,0.5694334650871098,3.140186509237789,-0.0023441131197896657,0.08658250029869768,True
930__groundtruth,/Users/angadkumar16ak/Projects/Automated_Cardiovascular_Segmentation_for_Bioprinting_Project/outputs/topology_correction/case_outputs/930/ground_truth_mask.nii.gz,ok,3.0,2,True,0,2,9416.3605364036,8099.487965534129,117.00000464916229,102.6000040769577,78.00000309944153,0.4242640855706679,0.6000000238418579,0.5921348344996507,/Users/angadkumar16ak/Projects/Automated_Cardiovascular_Segmentation_for_Bioprinting_Project/outputs/topology_correction/mesh_qc/ground_truth/case_outputs/930__groundtruth/segmentation_raw.stl,/Users/angadkumar16ak/Projects/Automated_Cardiovascular_Segmentation_for_Bioprinting_Project/outputs/topology_correction/mesh_qc/ground_truth/case_outputs/930__groundtruth/segmentation_repaired.stl,/Users/angadkumar16ak/Projects/Automated_Cardiovascular_Segmentation_for_Bioprinting_Project/outputs/topology_correction/mesh_qc/ground_truth/case_outputs/930__groundtruth/segmentation_smoothed.stl,True,0.6224186239978305,3.141592653589793,0.5559690660674924,3.1394972132574854,-0.0021415849381574478,0.0939320770563225,True
931__groundtruth,/Users/angadkumar16ak/Projects/Automated_Cardiovascular_Segmentation_for_Bioprinting_Project/outputs/topology_correction/case_outputs/931/ground_truth_mask.nii.gz,ok,3.0,2,True,0,2,3108.415093439343,2780.8293315006626,85.80000340938568,90.60000360012054,57.60000228881836,0.4242640855706679,0.6000000238418579,0.6007421878932413,/Users/angadkumar16ak/Projects/Automated_Cardiovascular_Segmentation_for_Bioprinting_Project/outputs/topology_correction/mesh_qc/ground_truth/case_outputs/931__groundtruth/segmentation_raw.stl,/Users/angadkumar16ak/Projects/Automated_Cardiovascular_Segmentation_for_Bioprinting_Project/outputs/topology_correction/mesh_qc/ground_truth/case_outputs/931__groundtruth/segmentation_repaired.stl,/Users/angadkumar16ak/Projects/Automated_Cardiovascular_Segmentation_for_Bioprinting_Project/outputs/topology_correction/mesh_qc/ground_truth/case_outputs/931__groundtruth/segmentation_smoothed.stl,True,0.6016287508102629,3.141592653589793,0.5616812872777419,3.140371637269431,-0.0024122909703687243,0.09547469805840085,True
932__groundtruth,/Users/angadkumar16ak/Projects/Automated_Cardiovascular_Segmentation_for_Bioprinting_Project/outputs/topology_correction/case_outputs/932/ground_truth_mask.nii.gz,ok,3.0,4,True,0,2,7554.786170753978,6104.322727691921,99.60000395774841,94.80000376701355,81.00000321865082,0.4242640855706679,0.6000000238418579,0.5939352327193984,/Users/angadkumar16ak/Projects/Automated_Cardiovascular_Segmentation_for_Bioprinting_Project/outputs/topology_correction/mesh_qc/ground_truth/case_outputs/932__groundtruth/segmentation_raw.stl,/Users/angadkumar16ak/Projects/Automated_Cardiovascular_Segmentation_for_Bioprinting_Project/outputs/topology_correction/mesh_qc/ground_truth/case_outputs/932__groundtruth/segmentation_repaired.stl,/Users/angadkumar16ak/Projects/Automated_Cardiovascular_Segmentation_for_Bioprinting_Project/outputs/topology_correction/mesh_qc/ground_truth/case_outputs/932__groundtruth/segmentation_smoothed.stl,True,0.6025837935915327,3.141592653589793,0.5260495596163759,3.14039976951696,-0.002553855293415039,0.058792869800896486,True
933__groundtruth,/Users/angadkumar16ak/Projects/Automated_Cardiovascular_Segmentation_for_Bioprinting_Project/outputs/topology_correction/case_outputs/933/ground_truth_mask.nii.gz,ok,3.0,2,True,0,2,7554.08309299114,5889.627702098275,107.40000426769257,87.60000348091125,90.00000357627869,0.4242640855706679,0.6000000238418579,0.5926564271826674,/Users/angadkumar16ak/Projects/Automated_Cardiovascular_Segmentation_for_Bioprinting_Project/outputs/topology_correction/mesh_qc/ground_truth/case_outputs/933__groundtruth/segmentation_raw.stl,/Users/angadkumar16ak/Projects/Automated_Cardiovascular_Segmentation_for_Bioprinting_Project/outputs/topology_correction/mesh_qc/ground_truth/case_outputs/933__groundtruth/segmentation_repaired.stl,/Users/angadkumar16ak/Projects/Automated_Cardiovascular_Segmentation_for_Bioprinting_Project/outputs/topology_correction/mesh_qc/ground_truth/case_outputs/933__groundtruth/segmentation_smoothed.stl,True,0.5916010460089121,3.141592653589793,0.5179390962342834,3.1382921839565188,-0.00272160220779112,0.05347382048331415,True
934__groundtruth,/Users/angadkumar16ak/Projects/Automated_Cardiovascular_Segmentation_for_Bioprinting_Project/outputs/topology_correction/case_outputs/934/ground_truth_mask.nii.gz,ok,3.0,5,True,0,2,8093.366930507295,6523.992777720483,109.20000433921814,88.20000350475311,103.20000410079956,0.4242640855706679,0.6000000238418579,0.5925150063444454,/Users/angadkumar16ak/Projects/Automated_Cardiovascular_Segmentation_for_Bioprinting_Project/outputs/topology_correction/mesh_qc/ground_truth/case_outputs/934__groundtruth/segmentation_raw.stl,/Users/angadkumar16ak/Projects/Automated_Cardiovascular_Segmentation_for_Bioprinting_Project/outputs/topology_correction/mesh_qc/ground_truth/case_outputs/934__groundtruth/segmentation_repaired.stl,/Users/angadkumar16ak/Projects/Automated_Cardiovascular_Segmentation_for_Bioprinting_Project/outputs/topology_correction/mesh_qc/ground_truth/case_outputs/934__groundtruth/segmentation_smoothed.stl,True,0.5994720979352307,3.141592653589793,0.5295328250126831,3.137380860075817,-0.0027417462156249274,0.07039324016899577,True
935__groundtruth,/Users/angadkumar16ak/Projects/Automated_Cardiovascular_Segmentation_for_Bioprinting_Project/outputs/topology_correction/case_outputs/935/ground_truth_mask.nii.gz,ok,3.0,2,True,0,2,7935.51580484246,6835.689814877661,126.60000503063202,105.60000419616699,88.80000352859497,0.4242640855706679,0.6000000238418579,0.6022382673229668,/Users/angadkumar16ak/Projects/Automated_Cardiovascular_Segmentation_for_Bioprinting_Project/outputs/topology_correction/mesh_qc/ground_truth/case_outputs/935__groundtruth/segmentation_raw.stl,/Users/angadkumar16ak/Projects/Automated_Cardiovascular_Segmentation_for_Bioprinting_Project/outputs/topology_correction/mesh_qc/ground_truth/case_outputs/935__groundtruth/segmentation_repaired.stl,/Users/angadkumar16ak/Projects/Automated_Cardiovascular_Segmentation_for_Bioprinting_Project/outputs/topology_correction/mesh_qc/ground_truth/case_outputs/935__groundtruth/segmentation_smoothed.stl,True,0.5800927455204842,3.141592653589793,0.5454645415459575,3.1397349028242596,-0.0022196555623952715,0.08275583455048323,True
936__groundtruth,/Users/angadkumar16ak/Projects/Automated_Cardiovascular_Segmentation_for_Bioprinting_Project/outputs/topology_correction/case_outputs/936/ground_truth_mask.nii.gz,ok,3.0,2,True,0,2,7848.4760584867845,6981.732832287347,103.20000410079956,100.80000400543213,78.60000312328339,0.4242640855706679,0.6000000238418579,0.6001624066871267,/Users/angadkumar16ak/Projects/Automated_Cardiovascular_Segmentation_for_Bioprinting_Project/outputs/topology_correction/mesh_qc/ground_truth/case_outputs/936__groundtruth/segmentation_raw.stl,/Users/angadkumar16ak/Projects/Automated_Cardiovascular_Segmentation_for_Bioprinting_Project/outputs/topology_correction/mesh_qc/ground_truth/case_outputs/936__groundtruth/segmentation_repaired.stl,/Users/angadkumar16ak/Projects/Automated_Cardiovascular_Segmentation_for_Bioprinting_Project/outputs/topology_correction/mesh_qc/ground_truth/case_outputs/936__groundtruth/segmentation_smoothed.stl,True,0.6051220691397211,3.141592653589793,0.568593306700262,3.1410082108796926,-0.002173071105357554,0.11589524969549331,True
937__groundtruth,/Users/angadkumar16ak/Projects/Automated_Cardiovascular_Segmentation_for_Bioprinting_Project/outputs/topology_correction/case_outputs/937/ground_truth_mask.nii.gz,ok,3.0,2,True,0,3,7526.234934952383,5786.190689767627,103.20000410079956,94.20000374317169,79.20000314712524,0.4242640855706679,0.6000000238418579,0.5918421890106116,/Users/angadkumar16ak/Projects/Automated_Cardiovascular_Segmentation_for_Bioprinting_Project/outputs/topology_correction/mesh_qc/ground_truth/case_outputs/937__groundtruth/segmentation_raw.stl,/Users/angadkumar16ak/Projects/Automated_Cardiovascular_Segmentation_for_Bioprinting_Project/outputs/topology_correction/mesh_qc/ground_truth/case_outputs/937__groundtruth/segmentation_repaired.stl,/Users/angadkumar16ak/Projects/Automated_Cardiovascular_Segmentation_for_Bioprinting_Project/outputs/topology_correction/mesh_qc/ground_truth/case_outputs/937__groundtruth/segmentation_smoothed.stl,True,0.5985636210779193,3.141592653589793,0.533590091027592,3.1302406054945657,-0.002648330122585691,0.040118598777407664,True
938__groundtruth,/Users/angadkumar16ak/Projects/Automated_Cardiovascular_Segmentation_for_Bioprinting_Project/outputs/topology_correction/case_outputs/938/ground_truth_mask.nii.gz,ok,3.0,3,True,0,2,9918.038543664232,9271.306105225725,112.20000445842743,107.40000426769257,97.20000386238098,0.4242640855706679,0.6000000238418579,0.5996132373268366,/Users/angadkumar16ak/Projects/Automated_Cardiovascular_Segmentation_for_Bioprinting_Project/outputs/topology_correction/mesh_qc/ground_truth/case_outputs/938__groundtruth/segmentation_raw.stl,/Users/angadkumar16ak/Projects/Automated_Cardiovascular_Segmentation_for_Bioprinting_Project/outputs/topology_correction/mesh_qc/ground_truth/case_outputs/938__groundtruth/segmentation_repaired.stl,/Users/angadkumar16ak/Projects/Automated_Cardiovascular_Segmentation_for_Bioprinting_Project/outputs/topology_correction/mesh_qc/ground_truth/case_outputs/938__groundtruth/segmentation_smoothed.stl,True,0.5962103368340642,3.141592653589793,0.553496215872867,3.1395243819731076,-0.001849016384893163,0.1253847213928063,True
939__groundtruth,/Users/angadkumar16ak/Projects/Automated_Cardiovascular_Segmentation_for_Bioprinting_Project/outputs/topology_correction/case_outputs/939/ground_truth_mask.nii.gz,ok,3.0,2,True,0,2,8793.765668697855,6945.273827941092,120.60000479221344,106.20000422000885,90.60000360012054,0.4242640855706679,0.6000000238418579,0.6001456352993084,/Users/angadkumar16ak/Projects/Automated_Cardiovascular_Segmentation_for_Bioprinting_Project/outputs/topology_correction/mesh_qc/ground_truth/case_outputs/939__groundtruth/segmentation_raw.stl,/Users/angadkumar16ak/Projects/Automated_Cardiovascular_Segmentation_for_Bioprinting_Project/outputs/topology_correction/mesh_qc/ground_truth/case_outputs/939__groundtruth/segmentation_repaired.stl,/Users/angadkumar16ak/Projects/Automated_Cardiovascular_Segmentation_for_Bioprinting_Project/outputs/topology_correction/mesh_qc/ground_truth/case_outputs/939__groundtruth/segmentation_smoothed.stl,True,0.600424321544479,3.141592653589793,0.5647035893275452,3.1395019938339046,-0.002729736360033021,0.04498153742866734,True
940__groundtruth,/Users/angadkumar16ak/Projects/Automated_Cardiovascular_Segmentation_for_Bioprinting_Project/outputs/topology_correction/case_outputs/940/ground_truth_mask.nii.gz,ok,3.0,4,True,0,2,5184.973435766378,3627.432432423607,87.60000348091125,87.0000034570694,79.20000314712524,0.4242640855706679,0.6000000238418579,0.5913726317355823,/Users/angadkumar16ak/Projects/Automated_Cardiovascular_Segmentation_for_Bioprinting_Project/outputs/topology_correction/mesh_qc/ground_truth/case_outputs/940__groundtruth/segmentation_raw.stl,/Users/angadkumar16ak/Projects/Automated_Cardiovascular_Segmentation_for_Bioprinting_Project/outputs/topology_correction/mesh_qc/ground_truth/case_outputs/940__groundtruth/segmentation_repaired.stl,/Users/angadkumar16ak/Projects/Automated_Cardiovascular_Segmentation_for_Bioprinting_Project/outputs/topology_correction/mesh_qc/ground_truth/case_outputs/940__groundtruth/segmentation_smoothed.stl,True,0.6066679953499595,3.141592653589793,0.5274042663805173,3.139483981409277,-0.003896210394562355,0.018781253634143506,True
941__groundtruth,/Users/angadkumar16ak/Projects/Automated_Cardiovascular_Segmentation_for_Bioprinting_Project/outputs/topology_correction/case_outputs/941/ground_truth_mask.nii.gz,ok,3.0,2,True,0,2,5609.87051220297,4027.1134800692976,96.00000381469727,70.20000278949738,91.2000036239624,0.4242640855706679,0.6000000238418579,0.5891188870669201,/Users/angadkumar16ak/Projects/Automated_Cardiovascular_Segmentation_for_Bioprinting_Project/outputs/topology_correction/mesh_qc/ground_truth/case_outputs/941__groundtruth/segmentation_raw.stl,/Users/angadkumar16ak/Projects/Automated_Cardiovascular_Segmentation_for_Bioprinting_Project/outputs/topology_correction/mesh_qc/ground_truth/case_outputs/941__groundtruth/segmentation_repaired.stl,/Users/angadkumar16ak/Projects/Automated_Cardiovascular_Segmentation_for_Bioprinting_Project/outputs/topology_correction/mesh_qc/ground_truth/case_outputs/941__groundtruth/segmentation_smoothed.stl,True,0.6201769233449279,3.141592653589793,0.5467776585019621,3.1372673201051993,-0.00368530041219299,0.022554419092578024,True
942__groundtruth,/Users/angadkumar16ak/Projects/Automated_Cardiovascular_Segmentation_for_Bioprinting_Project/outputs/topology_correction/case_outputs/942/ground_truth_mask.nii.gz,ok,3.0,3,True,0,3,6697.8833999031995,5036.544600402855,94.20000374317169,78.60000312328339,79.20000314712524,0.4242640855706679,0.6000000238418579,0.5936393422715321,/Users/angadkumar16ak/Projects/Automated_Cardiovascular_Segmentation_for_Bioprinting_Project/outputs/topology_correction/mesh_qc/ground_truth/case_outputs/942__groundtruth/segmentation_raw.stl,/Users/angadkumar16ak/Projects/Automated_Cardiovascular_Segmentation_for_Bioprinting_Project/outputs/topology_correction/mesh_qc/ground_truth/case_outputs/942__groundtruth/segmentation_repaired.stl,/Users/angadkumar16ak/Projects/Automated_Cardiovascular_Segmentation_for_Bioprinting_Project/outputs/topology_correction/mesh_qc/ground_truth/case_outputs/942__groundtruth/segmentation_smoothed.stl,True,0.6210615968336405,3.141592653589793,0.5650218131894339,3.139056218891883,-0.0027877783810397053,0.034749359216773815,True
943__groundtruth,/Users/angadkumar16ak/Projects/Automated_Cardiovascular_Segmentation_for_Bioprinting_Project/outputs/topology_correction/case_outputs/943/ground_truth_mask.nii.gz,ok,3.0,2,True,0,2,4900.947885310291,3663.288436697978,93.60000371932983,88.80000352859497,76.80000305175781,0.4242640855706679,0.6000000238418579,0.5892830440805741,/Users/angadkumar16ak/Projects/Automated_Cardiovascular_Segmentation_for_Bioprinting_Project/outputs/topology_correction/mesh_qc/ground_truth/case_outputs/943__groundtruth/segmentation_raw.stl,/Users/angadkumar16ak/Projects/Automated_Cardiovascular_Segmentation_for_Bioprinting_Project/outputs/topology_correction/mesh_qc/ground_truth/case_outputs/943__groundtruth/segmentation_repaired.stl,/Users/angadkumar16ak/Projects/Automated_Cardiovascular_Segmentation_for_Bioprinting_Project/outputs/topology_correction/mesh_qc/ground_truth/case_outputs/943__groundtruth/segmentation_smoothed.stl,True,0.5856169705977734,3.141592653589793,0.5101226476493697,3.13820827560287,-0.003530841308413145,0.034452908587257615,True
944__groundtruth,/Users/angadkumar16ak/Projects/Automated_Cardiovascular_Segmentation_for_Bioprinting_Project/outputs/topology_correction/case_outputs/944/ground_truth_mask.nii.gz,ok,3.0,2,True,0,2,9513.871541084103,7863.23793737093,114.60000455379486,105.60000419616699,89.40000355243683,0.4242640855706679,0.6000000238418579,0.600174959368332,/Users/angadkumar16ak/Projects/Automated_Cardiovascular_Segmentation_for_Bioprinting_Project/outputs/topology_correction/mesh_qc/ground_truth/case_outputs/944__groundtruth/segmentation_raw.stl,/Users/angadkumar16ak/Projects/Automated_Cardiovascular_Segmentation_for_Bioprinting_Project/outputs/topology_correction/mesh_qc/ground_truth/case_outputs/944__groundtruth/segmentation_repaired.stl,/Users/angadkumar16ak/Projects/Automated_Cardiovascular_Segmentation_for_Bioprinting_Project/outputs/topology_correction/mesh_qc/ground_truth/case_outputs/944__groundtruth/segmentation_smoothed.stl,True,0.585635346582541,3.141592653589793,0.5529131866946921,3.1399037639888907,-0.0021268916299300826,0.06401879252619073,True
945__groundtruth,/Users/angadkumar16ak/Projects/Automated_Cardiovascular_Segmentation_for_Bioprinting_Project/outputs/topology_correction/case_outputs/945/ground_truth_mask.nii.gz,ok,3.0,2,True,0,2,6743.038522911315,5795.127690833,107.40000426769257,94.80000376701355,79.20000314712524,0.4242640855706679,0.6000000238418579,0.5988858043602514,/Users/angadkumar16ak/Projects/Automated_Cardiovascular_Segmentation_for_Bioprinting_Project/outputs/topology_correction/mesh_qc/ground_truth/case_outputs/945__groundtruth/segmentation_raw.stl,/Users/angadkumar16ak/Projects/Automated_Cardiovascular_Segmentation_for_Bioprinting_Project/outputs/topology_correction/mesh_qc/ground_truth/case_outputs/945__groundtruth/segmentation_repaired.stl,/Users/angadkumar16ak/Projects/Automated_Cardiovascular_Segmentation_for_Bioprinting_Project/outputs/topology_correction/mesh_qc/ground_truth/case_outputs/945__groundtruth/segmentation_smoothed.stl,True,0.5754805147494985,3.141592653589793,0.5330411223368272,3.137007868532748,-0.0023161576036554938,0.07803108048673216,True
946__groundtruth,/Users/angadkumar16ak/Projects/Automated_Cardiovascular_Segmentation_for_Bioprinting_Project/outputs/topology_correction/case_outputs/946/ground_truth_mask.nii.gz,ok,3.0,2,True,0,2,6150.05347234523,5163.291615512276,102.6000040769577,73.20000290870667,81.60000324249268,0.4242640855706679,0.6000000238418579,0.5945129687900246,/Users/angadkumar16ak/Projects/Automated_Cardiovascular_Segmentation_for_Bioprinting_Project/outputs/topology_correction/mesh_qc/ground_truth/case_outputs/946__groundtruth/segmentation_raw.stl,/Users/angadkumar16ak/Projects/Automated_Cardiovascular_Segmentation_for_Bioprinting_Project/outputs/topology_correction/mesh_qc/ground_truth/case_outputs/946__groundtruth/segmentation_repaired.stl,/Users/angadkumar16ak/Projects/Automated_Cardiovascular_Segmentation_for_Bioprinting_Project/outputs/topology_correction/mesh_qc/ground_truth/case_outputs/946__groundtruth/segmentation_smoothed.stl,True,0.603465832063065,3.141592653589793,0.540540930713017,3.1392518135117613,-0.0022923884951430054,0.07289265722752716,True
947__groundtruth,/Users/angadkumar16ak/Projects/Automated_Cardiovascular_Segmentation_for_Bioprinting_Project/outputs/topology_correction/case_outputs/947/ground_truth_mask.nii.gz,ok,3.0,2,True,0,3,11441.566921706286,10364.464235540321,114.000004529953,121.2000048160553,96.00000381469727,0.4242640855706679,0.6000000238418579,0.6010125057232593,/Users/angadkumar16ak/Projects/Automated_Cardiovascular_Segmentation_for_Bioprinting_Project/outputs/topology_correction/mesh_qc/ground_truth/case_outputs/947__groundtruth/segmentation_raw.stl,/Users/angadkumar16ak/Projects/Automated_Cardiovascular_Segmentation_for_Bioprinting_Project/outputs/topology_correction/mesh_qc/ground_truth/case_outputs/947__groundtruth/segmentation_repaired.stl,/Users/angadkumar16ak/Projects/Automated_Cardiovascular_Segmentation_for_Bioprinting_Project/outputs/topology_correction/mesh_qc/ground_truth/case_outputs/947__groundtruth/segmentation_smoothed.stl,True,0.5900004273469199,3.141592653589793,0.5477371548053636,3.140776522724854,-0.001980934624476014,0.11003654880703051,True
948__groundtruth,/Users/angadkumar16ak/Projects/Automated_Cardiovascular_Segmentation_for_Bioprinting_Project/outputs/topology_correction/case_outputs/948/ground_truth_mask.nii.gz,ok,3.0,2,True,0,2,10580.483068290065,9264.619104428573,121.80000483989716,101.40000402927399,87.0000034570694,0.4242640855706679,0.6000000238418579,0.6020343326433665,/Users/angadkumar16ak/Projects/Automated_Cardiovascular_Segmentation_for_Bioprinting_Project/outputs/topology_correction/mesh_qc/ground_truth/case_outputs/948__groundtruth/segmentation_raw.stl,/Users/angadkumar16ak/Projects/Automated_Cardiovascular_Segmentation_for_Bioprinting_Project/outputs/topology_correction/mesh_qc/ground_truth/case_outputs/948__groundtruth/segmentation_repaired.stl,/Users/angadkumar16ak/Projects/Automated_Cardiovascular_Segmentation_for_Bioprinting_Project/outputs/topology_correction/mesh_qc/ground_truth/case_outputs/948__groundtruth/segmentation_smoothed.stl,True,0.5969259034059335,3.141592653589793,0.5608670812425657,3.140389712800307,-0.0021055751763957267,0.09665947781397696,True
949__groundtruth,/Users/angadkumar16ak/Projects/Automated_Cardiovascular_Segmentation_for_Bioprinting_Project/outputs/topology_correction/case_outputs/949/ground_truth_mask.nii.gz,ok,3.0,3,True,0,2,7513.9089870694315,5947.434708989412,103.20000410079956,93.00000369548798,97.80000388622284,0.4242640855706679,0.6000000238418579,0.5999823943496594,/Users/angadkumar16ak/Projects/Automated_Cardiovascular_Segmentation_for_Bioprinting_Project/outputs/topology_correction/mesh_qc/ground_truth/case_outputs/949__groundtruth/segmentation_raw.stl,/Users/angadkumar16ak/Projects/Automated_Cardiovascular_Segmentation_for_Bioprinting_Project/outputs/topology_correction/mesh_qc/ground_truth/case_outputs/949__groundtruth/segmentation_repaired.stl,/Users/angadkumar16ak/Projects/Automated_Cardiovascular_Segmentation_for_Bioprinting_Project/outputs/topology_correction/mesh_qc/ground_truth/case_outputs/949__groundtruth/segmentation_smoothed.stl,True,0.5778596467374144,3.141592653589793,0.5384315427673084,3.1395796200995894,-0.0025917519178010723,0.050197727029819374,True
950__groundtruth,/Users/angadkumar16ak/Projects/Automated_Cardiovascular_Segmentation_for_Bioprinting_Project/outputs/topology_correction/case_outputs/950/ground_truth_mask.nii.gz,ok,3.0,2,True,0,2,4993.072864396494,3760.8664483301823,109.20000433921814,88.20000350475311,75.6000030040741,0.4242640855706679,0.6000000238418579,0.5921053111636498,/Users/angadkumar16ak/Projects/Automated_Cardiovascular_Segmentation_for_Bioprinting_Project/outputs/topology_correction/mesh_qc/ground_truth/case_outputs/950__groundtruth/segmentation_raw.stl,/Users/angadkumar16ak/Projects/Automated_Cardiovascular_Segmentation_for_Bioprinting_Project/outputs/topology_correction/mesh_qc/ground_truth/case_outputs/950__groundtruth/segmentation_repaired.stl,/Users/angadkumar16ak/Projects/Automated_Cardiovascular_Segmentation_for_Bioprinting_Project/outputs/topology_correction/mesh_qc/ground_truth/case_outputs/950__groundtruth/segmentation_smoothed.stl,True,0.6152102381756108,3.141592653589793,0.5463160904527959,3.1369603312185075,-0.0029029416507485176,0.03380772908814761,True
951__groundtruth,/Users/angadkumar16ak/Projects/Automated_Cardiovascular_Segmentation_for_Bioprinting_Project/outputs/topology_correction/case_outputs/951/ground_truth_mask.nii.gz,ok,3.0,3,True,0,2,9175.854983676778,8405.41600200359,113.40000450611115,93.60000371932983,81.00000321865082,0.4242640855706679,0.6000000238418579,0.5937278649347443,/Users/angadkumar16ak/Projects/Automated_Cardiovascular_Segmentation_for_Bioprinting_Project/outputs/topology_correction/mesh_qc/ground_truth/case_outputs/951__groundtruth/segmentation_raw.stl,/Users/angadkumar16ak/Projects/Automated_Cardiovascular_Segmentation_for_Bioprinting_Project/outputs/topology_correction/mesh_qc/ground_truth/case_outputs/951__groundtruth/segmentation_repaired.stl,/Users/angadkumar16ak/Projects/Automated_Cardiovascular_Segmentation_for_Bioprinting_Project/outputs/topology_correction/mesh_qc/ground_truth/case_outputs/951__groundtruth/segmentation_smoothed.stl,True,0.6304190412769605,3.141592653589793,0.569666360055049,3.138233750613642,-0.001979095899255384,0.12119676741063512,True
952__groundtruth,/Users/angadkumar16ak/Projects/Automated_Cardiovascular_Segmentation_for_Bioprinting_Project/outputs/topology_correction/case_outputs/952/ground_truth_mask.nii.gz,ok,3.0,3,True,0,2,7014.610273219894,5351.292637923743,109.80000436306,100.80000400543213,88.80000352859497,0.4242640855706679,0.6000000238418579,0.5930350962902526,/Users/angadkumar16ak/Projects/Automated_Cardiovascular_Segmentation_for_Bioprinting_Project/outputs/topology_correction/mesh_qc/ground_truth/case_outputs/952__groundtruth/segmentation_raw.stl,/Users/angadkumar16ak/Projects/Automated_Cardiovascular_Segmentation_for_Bioprinting_Project/outputs/topology_correction/mesh_qc/ground_truth/case_outputs/952__groundtruth/segmentation_repaired.stl,/Users/angadkumar16ak/Projects/Automated_Cardiovascular_Segmentation_for_Bioprinting_Project/outputs/topology_correction/mesh_qc/ground_truth/case_outputs/952__groundtruth/segmentation_smoothed.stl,True,0.6310739690603611,3.141592653589793,0.5728958873279032,3.140122913760621,-0.00278944666046724,0.050314465408805034,True
953__groundtruth,/Users/angadkumar16ak/Projects/Automated_Cardiovascular_Segmentation_for_Bioprinting_Project/outputs/topology_correction/case_outputs/953/ground_truth_mask.nii.gz,ok,3.0,2,True,0,2,12884.734238927651,9774.730165238545,124.20000493526459,97.80000388622284,94.80000376701355,0.4242640855706679,0.6000000238418579,0.5908605901985478,/Users/angadkumar16ak/Projects/Automated_Cardiovascular_Segmentation_for_Bioprinting_Project/outputs/topology_correction/mesh_qc/ground_truth/case_outputs/953__groundtruth/segmentation_raw.stl,/Users/angadkumar16ak/Projects/Automated_Cardiovascular_Segmentation_for_Bioprinting_Project/outputs/topology_correction/mesh_qc/ground_truth/case_outputs/953__groundtruth/segmentation_repaired.stl,/Users/angadkumar16ak/Projects/Automated_Cardiovascular_Segmentation_for_Bioprinting_Project/outputs/topology_correction/mesh_qc/ground_truth/case_outputs/953__groundtruth/segmentation_smoothed.stl,True,0.6047970872321408,3.141592653589793,0.5362465972496578,3.140397560100622,-0.0034481240625083166,0.058245492521806885,True
954__groundtruth,/Users/angadkumar16ak/Projects/Automated_Cardiovascular_Segmentation_for_Bioprinting_Project/outputs/topology_correction/case_outputs/954/ground_truth_mask.nii.gz,ok,3.0,3,True,0,2,6851.800394811993,5803.092691782502,111.00000441074371,85.20000338554382,87.60000348091125,0.4242640855706679,0.6000000238418579,0.5900220424192367,/Users/angadkumar16ak/Projects/Automated_Cardiovascular_Segmentation_for_Bioprinting_Project/outputs/topology_correction/mesh_qc/ground_truth/case_outputs/954__groundtruth/segmentation_raw.stl,/Users/angadkumar16ak/Projects/Automated_Cardiovascular_Segmentation_for_Bioprinting_Project/outputs/topology_correction/mesh_qc/ground_truth/case_outputs/954__groundtruth/segmentation_repaired.stl,/Users/angadkumar16ak/Projects/Automated_Cardiovascular_Segmentation_for_Bioprinting_Project/outputs/topology_correction/mesh_qc/ground_truth/case_outputs/954__groundtruth/segmentation_smoothed.stl,True,0.6168568526028639,3.141592653589793,0.5377550025052718,3.1387523096272116,-0.0024832117491590832,0.07109386440181578,True
955__groundtruth,/Users/angadkumar16ak/Projects/Automated_Cardiovascular_Segmentation_for_Bioprinting_Project/outputs/topology_correction/case_outputs/955/ground_truth_mask.nii.gz,ok,3.0,4,True,0,2,8490.130124811378,7167.015854374801,102.00000405311584,81.60000324249268,107.40000426769257,0.4242640855706679,0.6000000238418579,0.5906982367813867,/Users/angadkumar16ak/Projects/Automated_Cardiovascular_Segmentation_for_Bioprinting_Project/outputs/topology_correction/mesh_qc/ground_truth/case_outputs/955__groundtruth/segmentation_raw.stl,/Users/angadkumar16ak/Projects/Automated_Cardiovascular_Segmentation_for_Bioprinting_Project/outputs/topology_correction/mesh_qc/ground_truth/case_outputs/955__groundtruth/segmentation_repaired.stl,/Users/angadkumar16ak/Projects/Automated_Cardiovascular_Segmentation_for_Bioprinting_Project/outputs/topology_correction/mesh_qc/ground_truth/case_outputs/955__groundtruth/segmentation_smoothed.stl,True,0.5946604056294793,3.141592653589793,0.5172975320563944,3.136723886927361,-0.0023392455300302985,0.08521986488088183,True
956__groundtruth,/Users/angadkumar16ak/Projects/Automated_Cardiovascular_Segmentation_for_Bioprinting_Project/outputs/topology_correction/case_outputs/956/ground_truth_mask.nii.gz,ok,3.0,2,True,0,2,5091.713364784252,3856.698459754247,99.00000393390656,90.00000357627869,80.40000319480896,0.4242640855706679,0.6000000238418579,0.5897892702223569,/Users/angadkumar16ak/Projects/Automated_Cardiovascular_Segmentation_for_Bioprinting_Project/outputs/topology_correction/mesh_qc/ground_truth/case_outputs/956__groundtruth/segmentation_raw.stl,/Users/angadkumar16ak/Projects/Automated_Cardiovascular_Segmentation_for_Bioprinting_Project/outputs/topology_correction/mesh_qc/ground_truth/case_outputs/956__groundtruth/segmentation_repaired.stl,/Users/angadkumar16ak/Projects/Automated_Cardiovascular_Segmentation_for_Bioprinting_Project/outputs/topology_correction/mesh_qc/ground_truth/case_outputs/956__groundtruth/segmentation_smoothed.stl,True,0.6418995176331943,3.141592653589793,0.5687619988418976,3.1396921407520115,-0.0032530691590858395,0.04541963795940757,True
957__groundtruth,/Users/angadkumar16ak/Projects/Automated_Cardiovascular_Segmentation_for_Bioprinting_Project/outputs/topology_correction/case_outputs/957/ground_truth_mask.nii.gz,ok,3.0,4,True,0,2,11131.549407946863,7792.884928984203,99.00000393390656,101.40000402927399,91.80000364780426,0.4242640855706679,0.6000000238418579,0.5945147398543698,/Users/angadkumar16ak/Projects/Automated_Cardiovascular_Segmentation_for_Bioprinting_Project/outputs/topology_correction/mesh_qc/ground_truth/case_outputs/957__groundtruth/segmentation_raw.stl,/Users/angadkumar16ak/Projects/Automated_Cardiovascular_Segmentation_for_Bioprinting_Project/outputs/topology_correction/mesh_qc/ground_truth/case_outputs/957__groundtruth/segmentation_repaired.stl,/Users/angadkumar16ak/Projects/Automated_Cardiovascular_Segmentation_for_Bioprinting_Project/outputs/topology_correction/mesh_qc/ground_truth/case_outputs/957__groundtruth/segmentation_smoothed.stl,True,0.6084348069149081,3.141592653589793,0.5545432871300142,3.1372562025777726,-0.003321672285489057,0.0168297243827746,True
958__groundtruth,/Users/angadkumar16ak/Projects/Automated_Cardiovascular_Segmentation_for_Bioprinting_Project/outputs/topology_correction/case_outputs/958/ground_truth_mask.nii.gz,ok,3.0,4,True,0,3,8243.895331185226,6900.849822645338,113.40000450611115,89.40000355243683,96.00000381469727,0.4242640855706679,0.6000000238418579,0.5920016981537511,/Users/angadkumar16ak/Projects/Automated_Cardiovascular_Segmentation_for_Bioprinting_Project/outputs/topology_correction/mesh_qc/ground_truth/case_outputs/958__groundtruth/segmentation_raw.stl,/Users/angadkumar16ak/Projects/Automated_Cardiovascular_Segmentation_for_Bioprinting_Project/outputs/topology_correction/mesh_qc/ground_truth/case_outputs/958__groundtruth/segmentation_repaired.stl,/Users/angadkumar16ak/Projects/Automated_Cardiovascular_Segmentation_for_Bioprinting_Project/outputs/topology_correction/mesh_qc/ground_truth/case_outputs/958__groundtruth/segmentation_smoothed.stl,True,0.5821070731758419,3.141592653589793,0.5148835931690499,3.13921195015537,-0.002520452249471369,0.08052307692307692,True
959__groundtruth,/Users/angadkumar16ak/Projects/Automated_Cardiovascular_Segmentation_for_Bioprinting_Project/outputs/topology_correction/case_outputs/959/ground_truth_mask.nii.gz,ok,3.0,2,True,0,2,8140.371434057331,6762.483806150826,120.60000479221344,94.20000374317169,90.00000357627869,0.4242640855706679,0.6000000238418579,0.5992740682663771,/Users/angadkumar16ak/Projects/Automated_Cardiovascular_Segmentation_for_Bioprinting_Project/outputs/topology_correction/mesh_qc/ground_truth/case_outputs/959__groundtruth/segmentation_raw.stl,/Users/angadkumar16ak/Projects/Automated_Cardiovascular_Segmentation_for_Bioprinting_Project/outputs/topology_correction/mesh_qc/ground_truth/case_outputs/959__groundtruth/segmentation_repaired.stl,/Users/angadkumar16ak/Projects/Automated_Cardiovascular_Segmentation_for_Bioprinting_Project/outputs/topology_correction/mesh_qc/ground_truth/case_outputs/959__groundtruth/segmentation_smoothed.stl,True,0.5982895373605448,3.141592653589793,0.5634648862782466,3.1402662625339532,-0.002281748324191937,0.06968717642998337,True
960__groundtruth,/Users/angadkumar16ak/Projects/Automated_Cardiovascular_Segmentation_for_Bioprinting_Project/outputs/topology_correction/case_outputs/960/ground_truth_mask.nii.gz,ok,3.0,2,True,0,2,9896.711223511822,8497.387012967385,127.20000505447388,95.40000379085541,94.20000374317169,0.4242640855706679,0.6000000238418579,0.6024476310812755,/Users/angadkumar16ak/Projects/Automated_Cardiovascular_Segmentation_for_Bioprinting_Project/outputs/topology_correction/mesh_qc/ground_truth/case_outputs/960__groundtruth/segmentation_raw.stl,/Users/angadkumar16ak/Projects/Automated_Cardiovascular_Segmentation_for_Bioprinting_Project/outputs/topology_correction/mesh_qc/ground_truth/case_outputs/960__groundtruth/segmentation_repaired.stl,/Users/angadkumar16ak/Projects/Automated_Cardiovascular_Segmentation_for_Bioprinting_Project/outputs/topology_correction/mesh_qc/ground_truth/case_outputs/960__groundtruth/segmentation_smoothed.stl,True,0.5991105592058513,3.141592653589793,0.5719567109781105,3.140349294608788,-0.0021467098390294133,0.07906383617132998,True
961__groundtruth,/Users/angadkumar16ak/Projects/Automated_Cardiovascular_Segmentation_for_Bioprinting_Project/outputs/topology_correction/case_outputs/961/ground_truth_mask.nii.gz,ok,3.0,5,True,0,4,6752.88722800944,5344.380637099769,102.6000040769577,94.20000374317169,81.00000321865082,0.4242640855706679,0.6000000238418579,0.6014327902528122,/Users/angadkumar16ak/Projects/Automated_Cardiovascular_Segmentation_for_Bioprinting_Project/outputs/topology_correction/mesh_qc/ground_truth/case_outputs/961__groundtruth/segmentation_raw.stl,/Users/angadkumar16ak/Projects/Automated_Cardiovascular_Segmentation_for_Bioprinting_Project/outputs/topology_correction/mesh_qc/ground_truth/case_outputs/961__groundtruth/segmentation_repaired.stl,/Users/angadkumar16ak/Projects/Automated_Cardiovascular_Segmentation_for_Bioprinting_Project/outputs/topology_correction/mesh_qc/ground_truth/case_outputs/961__groundtruth/segmentation_smoothed.stl,True,0.5716934539873962,3.141592653589793,0.5382997006221087,3.140827553280873,-0.002669995567664348,0.055522530020211625,True
962__groundtruth,/Users/angadkumar16ak/Projects/Automated_Cardiovascular_Segmentation_for_Bioprinting_Project/outputs/topology_correction/case_outputs/962/ground_truth_mask.nii.gz,ok,3.0,5,True,0,3,12184.704569861655,10444.699245105077,117.00000464916229,106.80000424385071,83.40000331401825,0.4242640855706679,0.6000000238418579,0.5993635832296105,/Users/angadkumar16ak/Projects/Automated_Cardiovascular_Segmentation_for_Bioprinting_Project/outputs/topology_correction/mesh_qc/ground_truth/case_outputs/962__groundtruth/segmentation_raw.stl,/Users/angadkumar16ak/Projects/Automated_Cardiovascular_Segmentation_for_Bioprinting_Project/outputs/topology_correction/mesh_qc/ground_truth/case_outputs/962__groundtruth/segmentation_repaired.stl,/Users/angadkumar16ak/Projects/Automated_Cardiovascular_Segmentation_for_Bioprinting_Project/outputs/topology_correction/mesh_qc/ground_truth/case_outputs/962__groundtruth/segmentation_smoothed.stl,True,0.6267823436241314,3.141592653589793,0.5908792616787962,3.139226207371717,-0.002061495198501516,0.08259887235644935,True
963__groundtruth,/Users/angadkumar16ak/Projects/Automated_Cardiovascular_Segmentation_for_Bioprinting_Project/outputs/topology_correction/case_outputs/963/ground_truth_mask.nii.gz,ok,3.0,2,True,0,2,12205.893547385542,11274.319344003488,130.20000517368317,106.80000424385071,96.60000383853912,0.4242640855706679,0.6000000238418579,0.5997264719268419,/Users/angadkumar16ak/Projects/Automated_Cardiovascular_Segmentation_for_Bioprinting_Project/outputs/topology_correction/mesh_qc/ground_truth/case_outputs/963__groundtruth/segmentation_raw.stl,/Users/angadkumar16ak/Projects/Automated_Cardiovascular_Segmentation_for_Bioprinting_Project/outputs/topology_correction/mesh_qc/ground_truth/case_outputs/963__groundtruth/segmentation_repaired.stl,/Users/angadkumar16ak/Projects/Automated_Cardiovascular_Segmentation_for_Bioprinting_Project/outputs/topology_correction/mesh_qc/ground_truth/case_outputs/963__groundtruth/segmentation_smoothed.stl,True,0.5937249220550721,3.141592653589793,0.5563723312577004,3.1394225610750954,-0.0016577644323870768,0.11648285239462154,True
964__groundtruth,/Users/angadkumar16ak/Projects/Automated_Cardiovascular_Segmentation_for_Bioprinting_Project/outputs/topology_correction/case_outputs/964/ground_truth_mask.nii.gz,ok,3.0,7,True,0,5,10335.61381975026,9321.607111222074,123.00000488758087,94.80000376701355,100.80000400543213,0.4242640855706679,0.6000000238418579,0.5986664044761811,/Users/angadkumar16ak/Projects/Automated_Cardiovascular_Segmentation_for_Bioprinting_Project/outputs/topology_correction/mesh_qc/ground_truth/case_outputs/964__groundtruth/segmentation_raw.stl,/Users/angadkumar16ak/Projects/Automated_Cardiovascular_Segmentation_for_Bioprinting_Project/outputs/topology_correction/mesh_qc/ground_truth/case_outputs/964__groundtruth/segmentation_repaired.stl,/Users/angadkumar16ak/Projects/Automated_Cardiovascular_Segmentation_for_Bioprinting_Project/outputs/topology_correction/mesh_qc/ground_truth/case_outputs/964__groundtruth/segmentation_smoothed.stl,True,0.6031696108420868,3.141592653589793,0.5620145107472762,3.1414603596942365,-0.002203555639477384,0.1079187585577362,True
965__groundtruth,/Users/angadkumar16ak/Projects/Automated_Cardiovascular_Segmentation_for_Bioprinting_Project/outputs/topology_correction/case_outputs/965/ground_truth_mask.nii.gz,ok,3.0,1,True,0,1,9404.690163249808,8252.32598375384,106.20000422000885,76.80000305175781,82.80000329017639,0.4242640855706679,0.6000000238418579,0.6024315979992797,/Users/angadkumar16ak/Projects/Automated_Cardiovascular_Segmentation_for_Bioprinting_Project/outputs/topology_correction/mesh_qc/ground_truth/case_outputs/965__groundtruth/segmentation_raw.stl,/Users/angadkumar16ak/Projects/Automated_Cardiovascular_Segmentation_for_Bioprinting_Project/outputs/topology_correction/mesh_qc/ground_truth/case_outputs/965__groundtruth/segmentation_repaired.stl,/Users/angadkumar16ak/Projects/Automated_Cardiovascular_Segmentation_for_Bioprinting_Project/outputs/topology_correction/mesh_qc/ground_truth/case_outputs/965__groundtruth/segmentation_smoothed.stl,True,0.6185949513154438,3.141592653589793,0.5918289169711808,3.1402405689674153,-0.0019067271236808743,0.0855353045809595,True
966__groundtruth,/Users/angadkumar16ak/Projects/Automated_Cardiovascular_Segmentation_for_Bioprinting_Project/outputs/topology_correction/case_outputs/966/ground_truth_mask.nii.gz,ok,3.0,4,True,0,2,9214.84516666136,6927.156825781378,112.80000448226929,105.00000417232513,90.00000357627869,0.4242640855706679,0.6000000238418579,0.5922495647478222,/Users/angadkumar16ak/Projects/Automated_Cardiovascular_Segmentation_for_Bioprinting_Project/outputs/topology_correction/mesh_qc/ground_truth/case_outputs/966__groundtruth/segmentation_raw.stl,/Users/angadkumar16ak/Projects/Automated_Cardiovascular_Segmentation_for_Bioprinting_Project/outputs/topology_correction/mesh_qc/ground_truth/case_outputs/966__groundtruth/segmentation_repaired.stl,/Users/angadkumar16ak/Projects/Automated_Cardiovascular_Segmentation_for_Bioprinting_Project/outputs/topology_correction/mesh_qc/ground_truth/case_outputs/966__groundtruth/segmentation_smoothed.stl,True,0.6233594249100933,3.141592653589793,0.5592113662903715,3.140709591457543,-0.003239340985301387,0.04608196420936908,True
967__groundtruth,/Users/angadkumar16ak/Projects/Automated_Cardiovascular_Segmentation_for_Bioprinting_Project/outputs/topology_correction/case_outputs/967/ground_truth_mask.nii.gz,ok,3.0,2,True,0,2,9514.369558833376,7980.489951348461,106.80000424385071,93.60000371932983,102.00000405311584,0.4242640855706679,0.6000000238418579,0.5992467603655836,/Users/angadkumar16ak/Projects/Automated_Cardiovascular_Segmentation_for_Bioprinting_Project/outputs/topology_correction/mesh_qc/ground_truth/case_outputs/967__groundtruth/segmentation_raw.stl,/Users/angadkumar16ak/Projects/Automated_Cardiovascular_Segmentation_for_Bioprinting_Project/outputs/topology_correction/mesh_qc/ground_truth/case_outputs/967__groundtruth/segmentation_repaired.stl,/Users/angadkumar16ak/Projects/Automated_Cardiovascular_Segmentation_for_Bioprinting_Project/outputs/topology_correction/mesh_qc/ground_truth/case_outputs/967__groundtruth/segmentation_smoothed.stl,True,0.5860591920058922,3.141592653589793,0.5439925490455959,3.1402746826719508,-0.0025139480591437205,0.08330673475901691,True
968__groundtruth,/Users/angadkumar16ak/Projects/Automated_Cardiovascular_Segmentation_for_Bioprinting_Project/outputs/topology_correction/case_outputs/968/ground_truth_mask.nii.gz,ok,3.0,2,True,0,2,6280.266446191123,5238.828624516988,105.60000419616699,92.40000367164612,76.20000302791595,0.4242640855706679,0.6000000238418579,0.599000043095713,/Users/angadkumar16ak/Projects/Automated_Cardiovascular_Segmentation_for_Bioprinting_Project/outputs/topology_correction/mesh_qc/ground_truth/case_outputs/968__groundtruth/segmentation_raw.stl,/Users/angadkumar16ak/Projects/Automated_Cardiovascular_Segmentation_for_Bioprinting_Project/outputs/topology_correction/mesh_qc/ground_truth/case_outputs/968__groundtruth/segmentation_repaired.stl,/Users/angadkumar16ak/Projects/Automated_Cardiovascular_Segmentation_for_Bioprinting_Project/outputs/topology_correction/mesh_qc/ground_truth/case_outputs/968__groundtruth/segmentation_smoothed.stl,True,0.5817821842702936,3.141592653589793,0.5415938416845827,3.136288693113232,-0.002469622538957509,0.06892220421393841,True
969__groundtruth,/Users/angadkumar16ak/Projects/Automated_Cardiovascular_Segmentation_for_Bioprinting_Project/outputs/topology_correction/case_outputs/969/ground_truth_mask.nii.gz,ok,3.0,2,True,0,3,9249.523052257118,7481.853891906419,118.20000469684601,88.20000350475311,105.60000419616699,0.4242640855706679,0.6000000238418579,0.5925488366679319,/Users/angadkumar16ak/Projects/Automated_Cardiovascular_Segmentation_for_Bioprinting_Project/outputs/topology_correction/mesh_qc/ground_truth/case_outputs/969__groundtruth/segmentation_raw.stl,/Users/angadkumar16ak/Projects/Automated_Cardiovascular_Segmentation_for_Bioprinting_Project/outputs/topology_correction/mesh_qc/ground_truth/case_outputs/969__groundtruth/segmentation_repaired.stl,/Users/angadkumar16ak/Projects/Automated_Cardiovascular_Segmentation_for_Bioprinting_Project/outputs/topology_correction/mesh_qc/ground_truth/case_outputs/969__groundtruth/segmentation_smoothed.stl,True,0.5925972110585881,3.141592653589793,0.5226475900670666,3.141350845320653,-0.0025777749022257907,0.06065420295611223,True
970__groundtruth,/Users/angadkumar16ak/Projects/Automated_Cardiovascular_Segmentation_for_Bioprinting_Project/outputs/topology_correction/case_outputs/970/ground_truth_mask.nii.gz,ok,3.0,2,True,0,2,5429.417214473441,4346.8115181802705,106.80000424385071,72.00000286102295,75.6000030040741,0.4242640855706679,0.6000000238418579,0.6003859686876328,/Users/angadkumar16ak/Projects/Automated_Cardiovascular_Segmentation_for_Bioprinting_Project/outputs/topology_correction/mesh_qc/ground_truth/case_outputs/970__groundtruth/segmentation_raw.stl,/Users/angadkumar16ak/Projects/Automated_Cardiovascular_Segmentation_for_Bioprinting_Project/outputs/topology_correction/mesh_qc/ground_truth/case_outputs/970__groundtruth/segmentation_repaired.stl,/Users/angadkumar16ak/Projects/Automated_Cardiovascular_Segmentation_for_Bioprinting_Project/outputs/topology_correction/mesh_qc/ground_truth/case_outputs/970__groundtruth/segmentation_smoothed.stl,True,0.5897335062839892,3.141592653589793,0.5540978535547837,3.139920647019408,-0.002642457131392124,0.049890270665691294,True
971__groundtruth,/Users/angadkumar16ak/Projects/Automated_Cardiovascular_Segmentation_for_Bioprinting_Project/outputs/topology_correction/case_outputs/971/ground_truth_mask.nii.gz,ok,3.0,3,True,0,2,7112.47645700093,6143.859732405096,106.80000424385071,75.6000030040741,93.60000371932983,0.4242640855706679,0.6000000238418579,0.5994871228576713,/Users/angadkumar16ak/Projects/Automated_Cardiovascular_Segmentation_for_Bioprinting_Project/outputs/topology_correction/mesh_qc/ground_truth/case_outputs/971__groundtruth/segmentation_raw.stl,/Users/angadkumar16ak/Projects/Automated_Cardiovascular_Segmentation_for_Bioprinting_Project/outputs/topology_correction/mesh_qc/ground_truth/case_outputs/971__groundtruth/segmentation_repaired.stl,/Users/angadkumar16ak/Projects/Automated_Cardiovascular_Segmentation_for_Bioprinting_Project/outputs/topology_correction/mesh_qc/ground_truth/case_outputs/971__groundtruth/segmentation_smoothed.stl,True,0.5594807963347733,3.141592653589793,0.5154222558057406,3.1388178794512998,-0.0024477660352023646,0.0728103263314531,True
972__groundtruth,/Users/angadkumar16ak/Projects/Automated_Cardiovascular_Segmentation_for_Bioprinting_Project/outputs/topology_correction/case_outputs/972/ground_truth_mask.nii.gz,ok,3.0,8,True,0,2,6230.247067207355,4577.562545687934,107.40000426769257,84.00000333786011,73.20000290870667,0.4242640855706679,0.6000000238418579,0.5885422545642872,/Users/angadkumar16ak/Projects/Automated_Cardiovascular_Segmentation_for_Bioprinting_Project/outputs/topology_correction/mesh_qc/ground_truth/case_outputs/972__groundtruth/segmentation_raw.stl,/Users/angadkumar16ak/Projects/Automated_Cardiovascular_Segmentation_for_Bioprinting_Project/outputs/topology_correction/mesh_qc/ground_truth/case_outputs/972__groundtruth/segmentation_repaired.stl,/Users/angadkumar16ak/Projects/Automated_Cardiovascular_Segmentation_for_Bioprinting_Project/outputs/topology_correction/mesh_qc/ground_truth/case_outputs/972__groundtruth/segmentation_smoothed.stl,True,0.6127614671204895,3.141592653589793,0.5461347654305433,3.139984792626427,-0.0033295239039048763,0.037619003604769385,True
973__groundtruth,/Users/angadkumar16ak/Projects/Automated_Cardiovascular_Segmentation_for_Bioprinting_Project/outputs/topology_correction/case_outputs/973/ground_truth_mask.nii.gz,ok,3.0,2,True,0,4,8989.151172979316,8215.299979339996,106.20000422000885,85.80000340938568,90.60000360012054,0.4242640855706679,0.6000000238418579,0.5976406722763978,/Users/angadkumar16ak/Projects/Automated_Cardiovascular_Segmentation_for_Bioprinting_Project/outputs/topology_correction/mesh_qc/ground_truth/case_outputs/973__groundtruth/segmentation_raw.stl,/Users/angadkumar16ak/Projects/Automated_Cardiovascular_Segmentation_for_Bioprinting_Project/outputs/topology_correction/mesh_qc/ground_truth/case_outputs/973__groundtruth/segmentation_repaired.stl,/Users/angadkumar16ak/Projects/Automated_Cardiovascular_Segmentation_for_Bioprinting_Project/outputs/topology_correction/mesh_qc/ground_truth/case_outputs/973__groundtruth/segmentation_smoothed.stl,True,0.6274926239952618,3.141592653589793,0.584882786308129,3.1382079526472095,-0.0018897563459558692,0.11852235904082956,True
974__groundtruth,/Users/angadkumar16ak/Projects/Automated_Cardiovascular_Segmentation_for_Bioprinting_Project/outputs/topology_correction/case_outputs/974/ground_truth_mask.nii.gz,ok,3.0,2,True,0,2,12823.2763414696,12446.596483749805,120.00000476837158,94.80000376701355,93.60000371932983,0.4242640855706679,0.6000000238418579,0.5994889309182085,/Users/angadkumar16ak/Projects/Automated_Cardiovascular_Segmentation_for_Bioprinting_Project/outputs/topology_correction/mesh_qc/ground_truth/case_outputs/974__groundtruth/segmentation_raw.stl,/Users/angadkumar16ak/Projects/Automated_Cardiovascular_Segmentation_for_Bioprinting_Project/outputs/topology_correction/mesh_qc/ground_truth/case_outputs/974__groundtruth/segmentation_repaired.stl,/Users/angadkumar16ak/Projects/Automated_Cardiovascular_Segmentation_for_Bioprinting_Project/outputs/topology_correction/mesh_qc/ground_truth/case_outputs/974__groundtruth/segmentation_smoothed.stl,True,0.5789976993416616,3.141592653589793,0.5349420191241279,3.139693721420771,-0.001721982878620645,0.13832739481978895,True
975__groundtruth,/Users/angadkumar16ak/Projects/Automated_Cardiovascular_Segmentation_for_Bioprinting_Project/outputs/topology_correction/case_outputs/975/ground_truth_mask.nii.gz,ok,3.0,3,True,0,2,12916.21584297755,12005.45243116134,124.20000493526459,95.40000379085541,94.80000376701355,0.4242640855706679,0.6000000238418579,0.6009892610914412,/Users/angadkumar16ak/Projects/Automated_Cardiovascular_Segmentation_for_Bioprinting_Project/outputs/topology_correction/mesh_qc/ground_truth/case_outputs/975__groundtruth/segmentation_raw.stl,/Users/angadkumar16ak/Projects/Automated_Cardiovascular_Segmentation_for_Bioprinting_Project/outputs/topology_correction/mesh_qc/ground_truth/case_outputs/975__groundtruth/segmentation_repaired.stl,/Users/angadkumar16ak/Projects/Automated_Cardiovascular_Segmentation_for_Bioprinting_Project/outputs/topology_correction/mesh_qc/ground_truth/case_outputs/975__groundtruth/segmentation_smoothed.stl,True,0.6091953400941226,3.141592653589793,0.5698085492869523,3.1383782516137826,-0.0019021658574348084,0.11867894074034659,True
976__groundtruth,/Users/angadkumar16ak/Projects/Automated_Cardiovascular_Segmentation_for_Bioprinting_Project/outputs/topology_correction/case_outputs/976/ground_truth_mask.nii.gz,ok,3.0,3,True,0,4,7891.873803732689,6305.48175167194,94.80000376701355,82.20000326633453,94.80000376701355,0.4242640855706679,0.6000000238418579,0.5920551339505193,/Users/angadkumar16ak/Projects/Automated_Cardiovascular_Segmentation_for_Bioprinting_Project/outputs/topology_correction/mesh_qc/ground_truth/case_outputs/976__groundtruth/segmentation_raw.stl,/Users/angadkumar16ak/Projects/Automated_Cardiovascular_Segmentation_for_Bioprinting_Project/outputs/topology_correction/mesh_qc/ground_truth/case_outputs/976__groundtruth/segmentation_repaired.stl,/Users/angadkumar16ak/Projects/Automated_Cardiovascular_Segmentation_for_Bioprinting_Project/outputs/topology_correction/mesh_qc/ground_truth/case_outputs/976__groundtruth/segmentation_smoothed.stl,True,0.6112311466135993,3.141592653589793,0.5460124410669867,3.1364507597510185,-0.0026099921715730043,0.05774083919378176,True
977__groundtruth,/Users/angadkumar16ak/Projects/Automated_Cardiovascular_Segmentation_for_Bioprinting_Project/outputs/topology_correction/case_outputs/977/ground_truth_mask.nii.gz,ok,3.0,4,True,0,2,8527.314084344853,7221.879860915095,106.80000424385071,94.20000374317169,90.00000357627869,0.4242640855706679,0.6000000238418579,0.5971197123012634,/Users/angadkumar16ak/Projects/Automated_Cardiovascular_Segmentation_for_Bioprinting_Project/outputs/topology_correction/mesh_qc/ground_truth/case_outputs/977__groundtruth/segmentation_raw.stl,/Users/angadkumar16ak/Projects/Automated_Cardiovascular_Segmentation_for_Bioprinting_Project/outputs/topology_correction/mesh_qc/ground_truth/case_outputs/977__groundtruth/segmentation_repaired.stl,/Users/angadkumar16ak/Projects/Automated_Cardiovascular_Segmentation_for_Bioprinting_Project/outputs/topology_correction/mesh_qc/ground_truth/case_outputs/977__groundtruth/segmentation_smoothed.stl,True,0.5876983290824432,3.141592653589793,0.5421253627878533,3.135277868553139,-0.0025408785791794742,0.0804280087012758,True
978__groundtruth,/Users/angadkumar16ak/Projects/Automated_Cardiovascular_Segmentation_for_Bioprinting_Project/outputs/topology_correction/case_outputs/978/ground_truth_mask.nii.gz,ok,3.0,4,True,0,1,7394.576560583317,6524.523777783782,108.00000429153442,94.80000376701355,74.40000295639038,0.4242640855706679,0.6000000238418579,0.5986266188750626,/Users/angadkumar16ak/Projects/Automated_Cardiovascular_Segmentation_for_Bioprinting_Project/outputs/topology_correction/mesh_qc/ground_truth/case_outputs/978__groundtruth/segmentation_raw.stl,/Users/angadkumar16ak/Projects/Automated_Cardiovascular_Segmentation_for_Bioprinting_Project/outputs/topology_correction/mesh_qc/ground_truth/case_outputs/978__groundtruth/segmentation_repaired.stl,/Users/angadkumar16ak/Projects/Automated_Cardiovascular_Segmentation_for_Bioprinting_Project/outputs/topology_correction/mesh_qc/ground_truth/case_outputs/978__groundtruth/segmentation_smoothed.stl,True,0.5890503753379313,3.141592653589793,0.5439462874889353,3.1407827437360147,-0.0022350907891424713,0.0913030727622275,True
979__groundtruth,/Users/angadkumar16ak/Projects/Automated_Cardiovascular_Segmentation_for_Bioprinting_Project/outputs/topology_correction/case_outputs/979/ground_truth_mask.nii.gz,ok,3.0,2,True,0,2,8284.276813107606,6466.320770845443,109.20000433921814,98.4000039100647,99.00000393390656,0.4242640855706679,0.6000000238418579,0.5930328333725714,/Users/angadkumar16ak/Projects/Automated_Cardiovascular_Segmentation_for_Bioprinting_Project/outputs/topology_correction/mesh_qc/ground_truth/case_outputs/979__groundtruth/segmentation_raw.stl,/Users/angadkumar16ak/Projects/Automated_Cardiovascular_Segmentation_for_Bioprinting_Project/outputs/topology_correction/mesh_qc/ground_truth/case_outputs/979__groundtruth/segmentation_repaired.stl,/Users/angadkumar16ak/Projects/Automated_Cardiovascular_Segmentation_for_Bioprinting_Project/outputs/topology_correction/mesh_qc/ground_truth/case_outputs/979__groundtruth/segmentation_smoothed.stl,True,0.5946140467909261,3.141592653589793,0.5326271835537563,3.140570466159017,-0.002652343445273639,0.05450733752620545,True
980__groundtruth,/Users/angadkumar16ak/Projects/Automated_Cardiovascular_Segmentation_for_Bioprinting_Project/outputs/topology_correction/case_outputs/980/ground_truth_mask.nii.gz,ok,3.0,2,True,0,2,8453.126896228248,8321.355991982857,109.20000433921814,95.40000379085541,90.00000357627869,0.4242640855706679,0.6000000238418579,0.5993437721514818,/Users/angadkumar16ak/Projects/Automated_Cardiovascular_Segmentation_for_Bioprinting_Project/outputs/topology_correction/mesh_qc/ground_truth/case_outputs/980__groundtruth/segmentation_raw.stl,/Users/angadkumar16ak/Projects/Automated_Cardiovascular_Segmentation_for_Bioprinting_Project/outputs/topology_correction/mesh_qc/ground_truth/case_outputs/980__groundtruth/segmentation_repaired.stl,/Users/angadkumar16ak/Projects/Automated_Cardiovascular_Segmentation_for_Bioprinting_Project/outputs/topology_correction/mesh_qc/ground_truth/case_outputs/980__groundtruth/segmentation_smoothed.stl,True,0.6070353596474826,3.141592653589793,0.5612210594714953,3.140053007230039,-0.0018947065121425704,0.14910460379678733,True
981__groundtruth,/Users/angadkumar16ak/Projects/Automated_Cardiovascular_Segmentation_for_Bioprinting_Project/outputs/topology_correction/case_outputs/981/ground_truth_mask.nii.gz,ok,3.0,2,True,0,2,4110.238483390409,3488.103415814297,111.00000441074371,78.60000312328339,63.00000250339508,0.4242640855706679,0.6000000238418579,0.5999207938554882,/Users/angadkumar16ak/Projects/Automated_Cardiovascular_Segmentation_for_Bioprinting_Project/outputs/topology_correction/mesh_qc/ground_truth/case_outputs/981__groundtruth/segmentation_raw.stl,/Users/angadkumar16ak/Projects/Automated_Cardiovascular_Segmentation_for_Bioprinting_Project/outputs/topology_correction/mesh_qc/ground_truth/case_outputs/981__groundtruth/segmentation_repaired.stl,/Users/angadkumar16ak/Projects/Automated_Cardiovascular_Segmentation_for_Bioprinting_Project/outputs/topology_correction/mesh_qc/ground_truth/case_outputs/981__groundtruth/segmentation_smoothed.stl,True,0.5799867936431883,3.141592653589793,0.5467615361523331,3.140253915464447,-0.002575061827414707,0.08358699622549616,True
982__groundtruth,/Users/angadkumar16ak/Projects/Automated_Cardiovascular_Segmentation_for_Bioprinting_Project/outputs/topology_correction/case_outputs/982/ground_truth_mask.nii.gz,ok,3.0,3,True,0,2,5657.259077073713,4099.608488711377,97.20000386238098,91.80000364780426,76.20000302791595,0.4242640855706679,0.6000000238418579,0.5916862704793084,/Users/angadkumar16ak/Projects/Automated_Cardiovascular_Segmentation_for_Bioprinting_Project/outputs/topology_correction/mesh_qc/ground_truth/case_outputs/982__groundtruth/segmentation_raw.stl,/Users/angadkumar16ak/Projects/Automated_Cardiovascular_Segmentation_for_Bioprinting_Project/outputs/topology_correction/mesh_qc/ground_truth/case_outputs/982__groundtruth/segmentation_repaired.stl,/Users/angadkumar16ak/Projects/Automated_Cardiovascular_Segmentation_for_Bioprinting_Project/outputs/topology_correction/mesh_qc/ground_truth/case_outputs/982__groundtruth/segmentation_smoothed.stl,True,0.6296853346781323,3.141592653589793,0.5577554089720161,3.1386863138413577,-0.003393111934821709,0.02272375946823311,True
983__groundtruth,/Users/angadkumar16ak/Projects/Automated_Cardiovascular_Segmentation_for_Bioprinting_Project/outputs/topology_correction/case_outputs/983/ground_truth_mask.nii.gz,ok,3.0,2,True,0,2,9481.320363207185,7787.403928330816,120.00000476837158,79.8000031709671,81.60000324249268,0.4242640855706679,0.6000000238418579,0.5908537265016642,/Users/angadkumar16ak/Projects/Automated_Cardiovascular_Segmentation_for_Bioprinting_Project/outputs/topology_correction/mesh_qc/ground_truth/case_outputs/983__groundtruth/segmentation_raw.stl,/Users/angadkumar16ak/Projects/Automated_Cardiovascular_Segmentation_for_Bioprinting_Project/outputs/topology_correction/mesh_qc/ground_truth/case_outputs/983__groundtruth/segmentation_repaired.stl,/Users/angadkumar16ak/Projects/Automated_Cardiovascular_Segmentation_for_Bioprinting_Project/outputs/topology_correction/mesh_qc/ground_truth/case_outputs/983__groundtruth/segmentation_smoothed.stl,True,0.6245308040831286,3.141592653589793,0.5540348186584942,3.1406722204033763,-0.0024023127047427214,0.07387200611053522,True
984__groundtruth,/Users/angadkumar16ak/Projects/Automated_Cardiovascular_Segmentation_for_Bioprinting_Project/outputs/topology_correction/case_outputs/984/ground_truth_mask.nii.gz,ok,3.0,2,True,0,2,10686.66418502651,9884.044178269794,129.00000512599945,116.40000462532043,96.00000381469727,0.4242640855706679,0.6000000238418579,0.6005778027781228,/Users/angadkumar16ak/Projects/Automated_Cardiovascular_Segmentation_for_Bioprinting_Project/outputs/topology_correction/mesh_qc/ground_truth/case_outputs/984__groundtruth/segmentation_raw.stl,/Users/angadkumar16ak/Projects/Automated_Cardiovascular_Segmentation_for_Bioprinting_Project/outputs/topology_correction/mesh_qc/ground_truth/case_outputs/984__groundtruth/segmentation_repaired.stl,/Users/angadkumar16ak/Projects/Automated_Cardiovascular_Segmentation_for_Bioprinting_Project/outputs/topology_correction/mesh_qc/ground_truth/case_outputs/984__groundtruth/segmentation_smoothed.stl,True,0.6177604278340866,3.141592653589793,0.5812598207886168,3.1400096295844566,-0.001923095529644587,0.12103200241202568,True
985__groundtruth,/Users/angadkumar16ak/Projects/Automated_Cardiovascular_Segmentation_for_Bioprinting_Project/outputs/topology_correction/case_outputs/985/ground_truth_mask.nii.gz,ok,3.0,2,True,0,2,8331.712545742266,7322.4458729035005,110.40000438690186,99.60000395774841,94.80000376701355,0.4242640855706679,0.6000000238418579,0.6014361559408848,/Users/angadkumar16ak/Projects/Automated_Cardiovascular_Segmentation_for_Bioprinting_Project/outputs/topology_correction/mesh_qc/ground_truth/case_outputs/985__groundtruth/segmentation_raw.stl,/Users/angadkumar16ak/Projects/Automated_Cardiovascular_Segmentation_for_Bioprinting_Project/outputs/topology_correction/mesh_qc/ground_truth/case_outputs/985__groundtruth/segmentation_repaired.stl,/Users/angadkumar16ak/Projects/Automated_Cardiovascular_Segmentation_for_Bioprinting_Project/outputs/topology_correction/mesh_qc/ground_truth/case_outputs/985__groundtruth/segmentation_smoothed.stl,True,0.588202992490884,3.141592653589793,0.548686145565112,3.137296077239144,-0.0020568156153488422,0.08579890247089225,True
986__groundtruth,/Users/angadkumar16ak/Projects/Automated_Cardiovascular_Segmentation_for_Bioprinting_Project/outputs/topology_correction/case_outputs/986/ground_truth_mask.nii.gz,ok,3.0,2,True,0,2,10031.744853400733,9385.849118880316,108.60000431537628,91.2000036239624,99.60000395774841,0.4242640855706679,0.6000000238418579,0.5995034513134351,/Users/angadkumar16ak/Projects/Automated_Cardiovascular_Segmentation_for_Bioprinting_Project/outputs/topology_correction/mesh_qc/ground_truth/case_outputs/986__groundtruth/segmentation_raw.stl,/Users/angadkumar16ak/Projects/Automated_Cardiovascular_Segmentation_for_Bioprinting_Project/outputs/topology_correction/mesh_qc/ground_truth/case_outputs/986__groundtruth/segmentation_repaired.stl,/Users/angadkumar16ak/Projects/Automated_Cardiovascular_Segmentation_for_Bioprinting_Project/outputs/topology_correction/mesh_qc/ground_truth/case_outputs/986__groundtruth/segmentation_smoothed.stl,True,0.5874444985905872,3.141592653589793,0.5436932007612267,3.1394124919355675,-0.0020576196793215193,0.11681002201393459,True
987__groundtruth,/Users/angadkumar16ak/Projects/Automated_Cardiovascular_Segmentation_for_Bioprinting_Project/outputs/topology_correction/case_outputs/987/ground_truth_mask.nii.gz,ok,3.0,3,True,0,2,13388.452231736577,11332.531350942905,134.40000534057617,82.80000329017639,103.20000410079956,0.4242640855706679,0.6000000238418579,0.5913849500651074,/Users/angadkumar16ak/Projects/Automated_Cardiovascular_Segmentation_for_Bioprinting_Project/outputs/topology_correction/mesh_qc/ground_truth/case_outputs/987__groundtruth/segmentation_raw.stl,/Users/angadkumar16ak/Projects/Automated_Cardiovascular_Segmentation_for_Bioprinting_Project/outputs/topology_correction/mesh_qc/ground_truth/case_outputs/987__groundtruth/segmentation_repaired.stl,/Users/angadkumar16ak/Projects/Automated_Cardiovascular_Segmentation_for_Bioprinting_Project/outputs/topology_correction/mesh_qc/ground_truth/case_outputs/987__groundtruth/segmentation_smoothed.stl,True,0.6098548030315272,3.141592653589793,0.5375600870010332,3.138639986023839,-0.0027746362178957817,0.09718396942274184,True
988__groundtruth,/Users/angadkumar16ak/Projects/Automated_Cardiovascular_Segmentation_for_Bioprinting_Project/outputs/topology_correction/case_outputs/988/ground_truth_mask.nii.gz,ok,3.0,2,True,0,2,4991.211165947648,4030.1914804362254,100.20000398159027,84.00000333786011,73.20000290870667,0.4242640855706679,0.6000000238418579,0.601910346303357,/Users/angadkumar16ak/Projects/Automated_Cardiovascular_Segmentation_for_Bioprinting_Project/outputs/topology_correction/mesh_qc/ground_truth/case_outputs/988__groundtruth/segmentation_raw.stl,/Users/angadkumar16ak/Projects/Automated_Cardiovascular_Segmentation_for_Bioprinting_Project/outputs/topology_correction/mesh_qc/ground_truth/case_outputs/988__groundtruth/segmentation_repaired.stl,/Users/angadkumar16ak/Projects/Automated_Cardiovascular_Segmentation_for_Bioprinting_Project/outputs/topology_correction/mesh_qc/ground_truth/case_outputs/988__groundtruth/segmentation_smoothed.stl,True,0.5668588058664383,3.141592653589793,0.5279098260300467,3.136359213304462,-0.002373568947796024,0.0540625821719695,True
989__groundtruth,/Users/angadkumar16ak/Projects/Automated_Cardiovascular_Segmentation_for_Bioprinting_Project/outputs/topology_correction/case_outputs/989/ground_truth_mask.nii.gz,ok,3.0,2,True,0,2,9593.412959677458,7364.61987793103,113.40000450611115,91.2000036239624,90.60000360012054,0.4242640855706679,0.6000000238418579,0.5909932341855482,/Users/angadkumar16ak/Projects/Automated_Cardiovascular_Segmentation_for_Bioprinting_Project/outputs/topology_correction/mesh_qc/ground_truth/case_outputs/989__groundtruth/segmentation_raw.stl,/Users/angadkumar16ak/Projects/Automated_Cardiovascular_Segmentation_for_Bioprinting_Project/outputs/topology_correction/mesh_qc/ground_truth/case_outputs/989__groundtruth/segmentation_repaired.stl,/Users/angadkumar16ak/Projects/Automated_Cardiovascular_Segmentation_for_Bioprinting_Project/outputs/topology_correction/mesh_qc/ground_truth/case_outputs/989__groundtruth/segmentation_smoothed.stl,True,0.6083304878483191,3.141592653589793,0.540987273180889,3.140785131964717,-0.0035294782040214993,0.06019941955690929,True
990__groundtruth,/Users/angadkumar16ak/Projects/Automated_Cardiovascular_Segmentation_for_Bioprinting_Project/outputs/topology_correction/case_outputs/990/ground_truth_mask.nii.gz,ok,3.0,2,True,0,2,7629.20776976728,6405.507763595968,126.60000503063202,96.60000383853912,88.80000352859497,0.4242640855706679,0.6000000238418579,0.5993251955558427,/Users/angadkumar16ak/Projects/Automated_Cardiovascular_Segmentation_for_Bioprinting_Project/outputs/topology_correction/mesh_qc/ground_truth/case_outputs/990__groundtruth/segmentation_raw.stl,/Users/angadkumar16ak/Projects/Automated_Cardiovascular_Segmentation_for_Bioprinting_Project/outputs/topology_correction/mesh_qc/ground_truth/case_outputs/990__groundtruth/segmentation_repaired.stl,/Users/angadkumar16ak/Projects/Automated_Cardiovascular_Segmentation_for_Bioprinting_Project/outputs/topology_correction/mesh_qc/ground_truth/case_outputs/990__groundtruth/segmentation_smoothed.stl,True,0.5911872229344839,3.141592653589793,0.5547743638407695,3.140318180487307,-0.002312394956301599,0.07506960095452737,True
991__groundtruth,/Users/angadkumar16ak/Projects/Automated_Cardiovascular_Segmentation_for_Bioprinting_Project/outputs/topology_correction/case_outputs/991/ground_truth_mask.nii.gz,ok,3.0,2,True,0,2,7860.200957599105,6291.954750059397,108.00000429153442,93.00000369548798,78.60000312328339,0.4242640855706679,0.6000000238418579,0.5995027528027066,/Users/angadkumar16ak/Projects/Automated_Cardiovascular_Segmentation_for_Bioprinting_Project/outputs/topology_correction/mesh_qc/ground_truth/case_outputs/991__groundtruth/segmentation_raw.stl,/Users/angadkumar16ak/Projects/Automated_Cardiovascular_Segmentation_for_Bioprinting_Project/outputs/topology_correction/mesh_qc/ground_truth/case_outputs/991__groundtruth/segmentation_repaired.stl,/Users/angadkumar16ak/Projects/Automated_Cardiovascular_Segmentation_for_Bioprinting_Project/outputs/topology_correction/mesh_qc/ground_truth/case_outputs/991__groundtruth/segmentation_smoothed.stl,True,0.6089594693942824,3.141592653589793,0.5767987692625908,3.1398009469555554,-0.002720544290408114,0.06422482056811672,True
992__groundtruth,/Users/angadkumar16ak/Projects/Automated_Cardiovascular_Segmentation_for_Bioprinting_Project/outputs/topology_correction/case_outputs/992/ground_truth_mask.nii.gz,ok,3.0,2,True,0,2,6100.331260883688,4685.760558586144,113.40000450611115,84.60000336170197,87.0000034570694,0.4242640855706679,0.6000000238418579,0.5895692247256303,/Users/angadkumar16ak/Projects/Automated_Cardiovascular_Segmentation_for_Bioprinting_Project/outputs/topology_correction/mesh_qc/ground_truth/case_outputs/992__groundtruth/segmentation_raw.stl,/Users/angadkumar16ak/Projects/Automated_Cardiovascular_Segmentation_for_Bioprinting_Project/outputs/topology_correction/mesh_qc/ground_truth/case_outputs/992__groundtruth/segmentation_repaired.stl,/Users/angadkumar16ak/Projects/Automated_Cardiovascular_Segmentation_for_Bioprinting_Project/outputs/topology_correction/mesh_qc/ground_truth/case_outputs/992__groundtruth/segmentation_smoothed.stl,True,0.6254709039088965,3.141592653589793,0.55776783582325,3.1409190625022463,-0.003307592611873643,0.052400957672674706,True
993__groundtruth,/Users/angadkumar16ak/Projects/Automated_Cardiovascular_Segmentation_for_Bioprinting_Project/outputs/topology_correction/case_outputs/993/ground_truth_mask.nii.gz,ok,3.0,3,True,0,2,12576.401626116822,11298.034346830542,108.00000429153442,107.40000426769257,93.00000369548798,0.4242640855706679,0.6000000238418579,0.598400016216896,/Users/angadkumar16ak/Projects/Automated_Cardiovascular_Segmentation_for_Bioprinting_Project/outputs/topology_correction/mesh_qc/ground_truth/case_outputs/993__groundtruth/segmentation_raw.stl,/Users/angadkumar16ak/Projects/Automated_Cardiovascular_Segmentation_for_Bioprinting_Project/outputs/topology_correction/mesh_qc/ground_truth/case_outputs/993__groundtruth/segmentation_repaired.stl,/Users/angadkumar16ak/Projects/Automated_Cardiovascular_Segmentation_for_Bioprinting_Project/outputs/topology_correction/mesh_qc/ground_truth/case_outputs/993__groundtruth/segmentation_smoothed.stl,True,0.6237385473510884,3.141592653589793,0.5777788842514902,3.139680344884177,-0.0019442055467851676,0.11208861594107342,True
994__groundtruth,/Users/angadkumar16ak/Projects/Automated_Cardiovascular_Segmentation_for_Bioprinting_Project/outputs/topology_correction/case_outputs/994/ground_truth_mask.nii.gz,ok,3.0,2,True,0,2,8924.277964083303,7123.671849207792,120.00000476837158,97.80000388622284,79.20000314712524,0.4242640855706679,0.6000000238418579,0.599733845815278,/Users/angadkumar16ak/Projects/Automated_Cardiovascular_Segmentation_for_Bioprinting_Project/outputs/topology_correction/mesh_qc/ground_truth/case_outputs/994__groundtruth/segmentation_raw.stl,/Users/angadkumar16ak/Projects/Automated_Cardiovascular_Segmentation_for_Bioprinting_Project/outputs/topology_correction/mesh_qc/ground_truth/case_outputs/994__groundtruth/segmentation_repaired.stl,/Users/angadkumar16ak/Projects/Automated_Cardiovascular_Segmentation_for_Bioprinting_Project/outputs/topology_correction/mesh_qc/ground_truth/case_outputs/994__groundtruth/segmentation_smoothed.stl,True,0.5909821617882283,3.141592653589793,0.55379383542094,3.139642685417697,-0.0026424083023919125,0.05272083544077832,True
995__groundtruth,/Users/angadkumar16ak/Projects/Automated_Cardiovascular_Segmentation_for_Bioprinting_Project/outputs/topology_correction/case_outputs/995/ground_truth_mask.nii.gz,ok,3.0,3,True,0,3,7143.614228480459,5469.876652060058,91.80000364780426,88.80000352859497,82.80000329017639,0.4242640855706679,0.6000000238418579,0.600799037535454,/Users/angadkumar16ak/Projects/Automated_Cardiovascular_Segmentation_for_Bioprinting_Project/outputs/topology_correction/mesh_qc/ground_truth/case_outputs/995__groundtruth/segmentation_raw.stl,/Users/angadkumar16ak/Projects/Automated_Cardiovascular_Segmentation_for_Bioprinting_Project/outputs/topology_correction/mesh_qc/ground_truth/case_outputs/995__groundtruth/segmentation_repaired.stl,/Users/angadkumar16ak/Projects/Automated_Cardiovascular_Segmentation_for_Bioprinting_Project/outputs/topology_correction/mesh_qc/ground_truth/case_outputs/995__groundtruth/segmentation_smoothed.stl,True,0.6266382877144903,3.141592653589793,0.5997558159668998,3.1380589888500756,-0.0029068005348449554,0.038592552450259346,True
996__groundtruth,/Users/angadkumar16ak/Projects/Automated_Cardiovascular_Segmentation_for_Bioprinting_Project/outputs/topology_correction/case_outputs/996/ground_truth_mask.nii.gz,ok,3.0,2,True,0,2,7513.961528398055,5808.645692444471,98.4000039100647,85.20000338554382,81.00000321865082,0.4242640855706679,0.6000000238418579,0.5999391501673685,/Users/angadkumar16ak/Projects/Automated_Cardiovascular_Segmentation_for_Bioprinting_Project/outputs/topology_correction/mesh_qc/ground_truth/case_outputs/996__groundtruth/segmentation_raw.stl,/Users/angadkumar16ak/Projects/Automated_Cardiovascular_Segmentation_for_Bioprinting_Project/outputs/topology_correction/mesh_qc/ground_truth/case_outputs/996__groundtruth/segmentation_repaired.stl,/Users/angadkumar16ak/Projects/Automated_Cardiovascular_Segmentation_for_Bioprinting_Project/outputs/topology_correction/mesh_qc/ground_truth/case_outputs/996__groundtruth/segmentation_smoothed.stl,True,0.5961501763691827,3.141592653589793,0.5625385539564233,3.1407808423338794,-0.002738683044249628,0.04664213096235834,True
997__groundtruth,/Users/angadkumar16ak/Projects/Automated_Cardiovascular_Segmentation_for_Bioprinting_Project/outputs/topology_correction/case_outputs/997/ground_truth_mask.nii.gz,ok,3.0,2,True,0,2,10833.383258570768,9153.136091138766,113.40000450611115,107.40000426769257,79.8000031709671,0.4242640855706679,0.6000000238418579,0.5904287747894958,/Users/angadkumar16ak/Projects/Automated_Cardiovascular_Segmentation_for_Bioprinting_Project/outputs/topology_correction/mesh_qc/ground_truth/case_outputs/997__groundtruth/segmentation_raw.stl,/Users/angadkumar16ak/Projects/Automated_Cardiovascular_Segmentation_for_Bioprinting_Project/outputs/topology_correction/mesh_qc/ground_truth/case_outputs/997__groundtruth/segmentation_repaired.stl,/Users/angadkumar16ak/Projects/Automated_Cardiovascular_Segmentation_for_Bioprinting_Project/outputs/topology_correction/mesh_qc/ground_truth/case_outputs/997__groundtruth/segmentation_smoothed.stl,True,0.6310189096795001,3.141592653589793,0.5574862893995387,3.1409907348719224,-0.0022718698167985916,0.09352150600032497,True
998__groundtruth,/Users/angadkumar16ak/Projects/Automated_Cardiovascular_Segmentation_for_Bioprinting_Project/outputs/topology_correction/case_outputs/998/ground_truth_mask.nii.gz,ok,3.0,3,True,0,3,9119.623693876005,8235.972981804412,112.80000448226929,93.60000371932983,81.60000324249268,0.4242640855706679,0.6000000238418579,0.5922393288401346,/Users/angadkumar16ak/Projects/Automated_Cardiovascular_Segmentation_for_Bioprinting_Project/outputs/topology_correction/mesh_qc/ground_truth/case_outputs/998__groundtruth/segmentation_raw.stl,/Users/angadkumar16ak/Projects/Automated_Cardiovascular_Segmentation_for_Bioprinting_Project/outputs/topology_correction/mesh_qc/ground_truth/case_outputs/998__groundtruth/segmentation_repaired.stl,/Users/angadkumar16ak/Projects/Automated_Cardiovascular_Segmentation_for_Bioprinting_Project/outputs/topology_correction/mesh_qc/ground_truth/case_outputs/998__groundtruth/segmentation_smoothed.stl,True,0.6000312017596783,3.141592653589793,0.5292807728126849,3.141592653589793,-0.002363129592756877,0.13352272727272727,True
999__groundtruth,/Users/angadkumar16ak/Projects/Automated_Cardiovascular_Segmentation_for_Bioprinting_Project/outputs/topology_correction/case_outputs/999/ground_truth_mask.nii.gz,ok,3.0,2,True,0,2,5490.128252376429,4108.5184897735335,100.20000398159027,60.00000238418579,78.00000309944153,0.4242640855706679,0.6000000238418579,0.591275489028207,/Users/angadkumar16ak/Projects/Automated_Cardiovascular_Segmentation_for_Bioprinting_Project/outputs/topology_correction/mesh_qc/ground_truth/case_outputs/999__groundtruth/segmentation_raw.stl,/Users/angadkumar16ak/Projects/Automated_Cardiovascular_Segmentation_for_Bioprinting_Project/outputs/topology_correction/mesh_qc/ground_truth/case_outputs/999__groundtruth/segmentation_repaired.stl,/Users/angadkumar16ak/Projects/Automated_Cardiovascular_Segmentation_for_Bioprinting_Project/outputs/topology_correction/mesh_qc/ground_truth/case_outputs/999__groundtruth/segmentation_smoothed.stl,True,0.6194055107109466,3.141592653589793,0.5522613717063641,3.136980870016869,-0.003425329257264429,0.04314028314028314,True
