case_id,variant_id,stl,stl_bytes,slice_seconds,return_code,toolpath_success,gcode_generated,warning_count,warnings,stderr_tail,gcode_bytes,layer_count,empty_layer_count,estimated_print_time_text,estimated_print_time_min,filament_used_g,filament_used_mm,profile_name
1000,s0_original,meshes/s0_original/case_outputs/1000__s0_original/segmentation_repaired.stl,3170384,8.68,0,True,True,8,Consider enabling brim; Consider enabling supports; Detected print stability issues; Floating object part; Loose extrusions; Low bed adhesion; Repaired; WARNING,,5247155.0,435.0,0.0,1h 47m 12s,107.2,8.91,2987.92,P1_no_supports
751,s0_original,meshes/s0_original/case_outputs/751__s0_original/segmentation_repaired.stl,3396884,9.08,0,True,True,8,Consider enabling brim; Consider enabling supports; Detected print stability issues; Floating object part; Loose extrusions; Low bed adhesion; Repaired; WARNING,,5566516.0,489.0,0.0,1h 58m 48s,118.8,9.07,3042.53,P1_no_supports
752,s0_original,meshes/s0_original/case_outputs/752__s0_original/segmentation_repaired.stl,3933384,10.13,0,True,True,8,Consider enabling brim; Consider enabling supports; Detected print stability issues; Floating object part; Loose extrusions; Low bed adhesion; Repaired; WARNING,,6621214.0,516.0,0.0,2h 16m 2s,136.03333333333333,10.64,3568.74,P1_no_supports
753,s0_original,meshes/s0_original/case_outputs/753__s0_original/segmentation_repaired.stl,2073384,5.99,0,True,True,8,Consider enabling brim; Consider enabling supports; Detected print stability issues; Floating object part; Loose extrusions; Low bed adhesion; Repaired; WARNING,,3447266.0,393.0,0.0,1h 13m 57s,73.95,5.7,1911.22,P1_no_supports
754,s0_original,meshes/s0_original/case_outputs/754__s0_original/segmentation_repaired.stl,2763684,7.91,0,True,True,7,Consider enabling brim; Consider enabling supports; Detected print stability issues; Floating object part; Low bed adhesion; Repaired; WARNING,,4862243.0,564.0,0.0,1h 48m 32s,108.53333333333332,8.15,2733.22,P1_no_supports
755,s0_original,meshes/s0_original/case_outputs/755__s0_original/segmentation_repaired.stl,2893784,7.69,0,True,True,8,Consider enabling brim; Consider enabling supports; Detected print stability issues; Floating object part; Loose extrusions; Low bed adhesion; Repaired; WARNING,,4789959.0,453.0,0.0,1h 37m 15s,97.25,7.88,2641.73,P1_no_supports
756,s0_original,meshes/s0_original/case_outputs/756__s0_original/segmentation_repaired.stl,2155984,5.72,0,True,True,8,Consider enabling brim; Consider enabling supports; Detected print stability issues; Floating object part; Loose extrusions; Low bed adhesion; Repaired; WARNING,,3593607.0,402.0,0.0,1h 15m 37s,75.61666666666666,5.72,1917.06,P1_no_supports
757,s0_original,meshes/s0_original/case_outputs/757__s0_original/segmentation_repaired.stl,3321884,8.29,0,True,True,8,Consider enabling brim; Consider enabling supports; Detected print stability issues; Floating object part; Loose extrusions; Low bed adhesion; Repaired; WARNING,,5616089.0,489.0,0.0,2h 2m 35s,122.58333333333331,9.7,3250.91,P1_no_supports
758,s0_original,meshes/s0_original/case_outputs/758__s0_original/segmentation_repaired.stl,2638284,7.35,0,True,True,8,Consider enabling brim; Consider enabling supports; Detected print stability issues; Floating object part; Loose extrusions; Low bed adhesion; Repaired; WARNING,,4417926.0,579.0,0.0,1h 38m 59s,98.98333333333332,7.08,2374.83,P1_no_supports
759,s0_original,meshes/s0_original/case_outputs/759__s0_original/segmentation_repaired.stl,1920784,5.41,0,True,True,8,Consider enabling brim; Consider enabling supports; Detected print stability issues; Floating object part; Loose extrusions; Low bed adhesion; Repaired; WARNING,,3080902.0,414.0,0.0,1h 6m 4s,66.06666666666666,5.02,1683.48,P1_no_supports
760,s0_original,meshes/s0_original/case_outputs/760__s0_original/segmentation_repaired.stl,3482884,8.4,0,True,True,8,Consider enabling brim; Consider enabling supports; Detected print stability issues; Floating object part; Loose extrusions; Low bed adhesion; Repaired; WARNING,,5793973.0,465.0,0.0,2h 3m 17s,123.28333333333332,9.94,3331.87,P1_no_supports
761,s0_original,meshes/s0_original/case_outputs/761__s0_original/segmentation_repaired.stl,3747484,9.29,0,True,True,8,Consider enabling brim; Consider enabling supports; Detected print stability issues; Floating object part; Loose extrusions; Low bed adhesion; Repaired; WARNING,,6234099.0,420.0,0.0,2h 1m 21s,121.35,10.44,3498.69,P1_no_supports
762,s0_original,meshes/s0_original/case_outputs/762__s0_original/segmentation_repaired.stl,3844584,9.55,0,True,True,8,Consider enabling brim; Consider enabling supports; Detected print stability issues; Floating object part; Loose extrusions; Low bed adhesion; Repaired; WARNING,,6384812.0,515.0,0.0,2h 12m 58s,132.96666666666667,10.62,3559.99,P1_no_supports
763,s0_original,meshes/s0_original/case_outputs/763__s0_original/segmentation_repaired.stl,3858484,10.48,0,True,True,8,Consider enabling brim; Consider enabling supports; Detected print stability issues; Floating object part; Loose extrusions; Low bed adhesion; Repaired; WARNING,,6615365.0,465.0,0.0,2h 15m 0s,135.0,11.19,3753.26,P1_no_supports
764,s0_original,meshes/s0_original/case_outputs/764__s0_original/segmentation_repaired.stl,4801084,11.84,0,True,True,8,Consider enabling brim; Consider enabling supports; Detected print stability issues; Floating object part; Loose extrusions; Low bed adhesion; Repaired; WARNING,,7815387.0,432.0,0.0,2h 36m 18s,156.3,13.97,4684.54,P1_no_supports
765,s0_original,meshes/s0_original/case_outputs/765__s0_original/segmentation_repaired.stl,2903484,6.84,0,True,True,8,Consider enabling brim; Consider enabling supports; Detected print stability issues; Floating object part; Loose extrusions; Low bed adhesion; Repaired; WARNING,,4746168.0,447.0,0.0,1h 42m 24s,102.4,7.64,2562.24,P1_no_supports
766,s0_original,meshes/s0_original/case_outputs/766__s0_original/segmentation_repaired.stl,5367684,13.06,0,True,True,8,Consider enabling brim; Consider enabling supports; Detected print stability issues; Floating object part; Loose extrusions; Low bed adhesion; Repaired; WARNING,,8701731.0,504.0,0.0,2h 54m 44s,174.73333333333332,15.54,5210.25,P1_no_supports
767,s0_original,meshes/s0_original/case_outputs/767__s0_original/segmentation_repaired.stl,2411784,7.07,0,True,True,8,Consider enabling brim; Consider enabling supports; Detected print stability issues; Floating object part; Loose extrusions; Low bed adhesion; Repaired; WARNING,,4049533.0,439.0,0.0,1h 23m 23s,83.38333333333334,6.31,2114.93,P1_no_supports
768,s0_original,meshes/s0_original/case_outputs/768__s0_original/segmentation_repaired.stl,2841884,7.15,0,True,True,8,Consider enabling brim; Consider enabling supports; Detected print stability issues; Floating object part; Loose extrusions; Low bed adhesion; Repaired; WARNING,,4484326.0,447.0,0.0,1h 28m 42s,88.7,7.86,2633.68,P1_no_supports
769,s0_original,meshes/s0_original/case_outputs/769__s0_original/segmentation_repaired.stl,3679184,10.29,0,True,True,8,Consider enabling brim; Consider enabling supports; Detected print stability issues; Floating object part; Loose extrusions; Low bed adhesion; Repaired; WARNING,,6452720.0,418.0,0.0,2h 11m 39s,131.65,10.87,3645.45,P1_no_supports
770,s0_original,meshes/s0_original/case_outputs/770__s0_original/segmentation_repaired.stl,5031484,12.27,0,True,True,8,Consider enabling brim; Consider enabling supports; Detected print stability issues; Floating object part; Loose extrusions; Low bed adhesion; Repaired; WARNING,,8392524.0,468.0,0.0,2h 49m 13s,169.21666666666667,14.48,4856.34,P1_no_supports
771,s0_original,meshes/s0_original/case_outputs/771__s0_original/segmentation_repaired.stl,2999684,7.52,0,True,True,8,Consider enabling brim; Consider enabling supports; Detected print stability issues; Floating object part; Loose extrusions; Low bed adhesion; Repaired; WARNING,,4936796.0,429.0,0.0,1h 40m 56s,100.93333333333334,8.45,2833.15,P1_no_supports
772,s0_original,meshes/s0_original/case_outputs/772__s0_original/segmentation_repaired.stl,3243784,8.7,0,True,True,8,Consider enabling brim; Consider enabling supports; Detected print stability issues; Floating object part; Loose extrusions; Low bed adhesion; Repaired; WARNING,,5393294.0,434.0,0.0,1h 44m 8s,104.13333333333334,8.94,2997.4,P1_no_supports
773,s0_original,meshes/s0_original/case_outputs/773__s0_original/segmentation_repaired.stl,2774484,7.6,0,True,True,8,Consider enabling brim; Consider enabling supports; Detected print stability issues; Floating object part; Loose extrusions; Low bed adhesion; Repaired; WARNING,,4725277.0,543.0,0.0,1h 40m 54s,100.9,7.59,2544.44,P1_no_supports
774,s0_original,meshes/s0_original/case_outputs/774__s0_original/segmentation_repaired.stl,2816284,7.6,0,True,True,8,Consider enabling brim; Consider enabling supports; Detected print stability issues; Floating object part; Loose extrusions; Low bed adhesion; Repaired; WARNING,,4730674.0,501.0,0.0,1h 41m 53s,101.88333333333334,7.97,2673.54,P1_no_supports
775,s0_original,meshes/s0_original/case_outputs/775__s0_original/segmentation_repaired.stl,2427484,6.03,0,True,True,8,Consider enabling brim; Consider enabling supports; Detected print stability issues; Floating object part; Loose extrusions; Low bed adhesion; Repaired; WARNING,,3982715.0,423.0,0.0,1h 18m 59s,78.98333333333333,6.66,2233.03,P1_no_supports
776,s0_original,meshes/s0_original/case_outputs/776__s0_original/segmentation_repaired.stl,3435684,8.75,0,True,True,8,Consider enabling brim; Consider enabling supports; Detected print stability issues; Floating object part; Loose extrusions; Low bed adhesion; Repaired; WARNING,,5642956.0,441.0,0.0,1h 57m 52s,117.86666666666666,9.05,3033.94,P1_no_supports
777,s0_original,meshes/s0_original/case_outputs/777__s0_original/segmentation_repaired.stl,2813984,7.81,0,True,True,8,Consider enabling brim; Consider enabling supports; Detected print stability issues; Floating object part; Loose extrusions; Low bed adhesion; Repaired; WARNING,,4690578.0,459.0,0.0,1h 36m 45s,96.75,7.3,2448.1,P1_no_supports
778,s0_original,meshes/s0_original/case_outputs/778__s0_original/segmentation_repaired.stl,2821484,7.39,0,True,True,6,Consider enabling supports; Detected print stability issues; Floating object part; Loose extrusions; Repaired; WARNING,,4689795.0,468.0,0.0,1h 38m 13s,98.21666666666668,7.54,2527.82,P1_no_supports
779,s0_original,meshes/s0_original/case_outputs/779__s0_original/segmentation_repaired.stl,3554984,8.02,1,False,False,8,Consider enabling brim; Consider enabling supports; Detected print stability issues; Floating object part; Loose extrusions; Low bed adhesion; Repaired; WARNING,There is an object with no extrusions in the first layer. | Object name: segmentation_repaired.stl,,,,,,,,P1_no_supports
780,s0_original,meshes/s0_original/case_outputs/780__s0_original/segmentation_repaired.stl,3988584,9.28,0,True,True,8,Consider enabling brim; Consider enabling supports; Detected print stability issues; Floating object part; Loose extrusions; Low bed adhesion; Repaired; WARNING,,6592089.0,432.0,0.0,2h 13m 23s,133.38333333333333,11.11,3725.05,P1_no_supports
781,s0_original,meshes/s0_original/case_outputs/781__s0_original/segmentation_repaired.stl,2719084,6.68,0,True,True,8,Consider enabling brim; Consider enabling supports; Detected print stability issues; Floating object part; Loose extrusions; Low bed adhesion; Repaired; WARNING,,4302740.0,375.0,0.0,1h 29m 7s,89.11666666666666,7.01,2351.12,P1_no_supports
782,s0_original,meshes/s0_original/case_outputs/782__s0_original/segmentation_repaired.stl,3873684,8.86,0,True,True,8,Consider enabling brim; Consider enabling supports; Detected print stability issues; Floating object part; Loose extrusions; Low bed adhesion; Repaired; WARNING,,6367965.0,462.0,0.0,2h 10m 59s,130.98333333333332,10.98,3680.87,P1_no_supports
783,s0_original,meshes/s0_original/case_outputs/783__s0_original/segmentation_repaired.stl,2587184,6.64,0,True,True,8,Consider enabling brim; Consider enabling supports; Detected print stability issues; Floating object part; Loose extrusions; Low bed adhesion; Repaired; WARNING,,4301271.0,411.0,0.0,1h 25m 21s,85.35,7.05,2363.6,P1_no_supports
784,s0_original,meshes/s0_original/case_outputs/784__s0_original/segmentation_repaired.stl,2645284,6.31,1,False,False,8,Consider enabling brim; Consider enabling supports; Detected print stability issues; Floating object part; Loose extrusions; Low bed adhesion; Repaired; WARNING,There is an object with no extrusions in the first layer. | Object name: segmentation_repaired.stl,,,,,,,,P1_no_supports
785,s0_original,meshes/s0_original/case_outputs/785__s0_original/segmentation_repaired.stl,1904884,4.86,1,False,False,8,Consider enabling brim; Consider enabling supports; Detected print stability issues; Floating object part; Loose extrusions; Low bed adhesion; Repaired; WARNING,There is an object with no extrusions in the first layer. | Object name: segmentation_repaired.stl,,,,,,,,P1_no_supports
786,s0_original,meshes/s0_original/case_outputs/786__s0_original/segmentation_repaired.stl,2806884,7.14,0,True,True,8,Consider enabling brim; Consider enabling supports; Detected print stability issues; Floating object part; Loose extrusions; Low bed adhesion; Repaired; WARNING,,4750419.0,419.0,0.0,1h 35m 31s,95.51666666666668,8.08,2709.96,P1_no_supports
787,s0_original,meshes/s0_original/case_outputs/787__s0_original/segmentation_repaired.stl,2584284,5.88,1,False,False,8,Consider enabling brim; Consider enabling supports; Detected print stability issues; Floating object part; Loose extrusions; Low bed adhesion; Repaired; WARNING,There is an object with no extrusions in the first layer. | Object name: segmentation_repaired.stl,,,,,,,,P1_no_supports
788,s0_original,meshes/s0_original/case_outputs/788__s0_original/segmentation_repaired.stl,3893084,8.83,1,False,False,8,Consider enabling brim; Consider enabling supports; Detected print stability issues; Floating object part; Loose extrusions; Low bed adhesion; Repaired; WARNING,There is an object with no extrusions in the first layer. | Object name: segmentation_repaired.stl,,,,,,,,P1_no_supports
789,s0_original,meshes/s0_original/case_outputs/789__s0_original/segmentation_repaired.stl,3206084,7.77,0,True,True,8,Consider enabling brim; Consider enabling supports; Detected print stability issues; Floating object part; Loose extrusions; Low bed adhesion; Repaired; WARNING,,5281993.0,503.0,0.0,1h 51m 49s,111.81666666666666,8.94,2996.11,P1_no_supports
790,s0_original,meshes/s0_original/case_outputs/790__s0_original/segmentation_repaired.stl,3120084,8.17,0,True,True,8,Consider enabling brim; Consider enabling supports; Detected print stability issues; Floating object part; Loose extrusions; Low bed adhesion; Repaired; WARNING,,5221832.0,585.0,0.0,1h 52m 6s,112.1,8.38,2811.25,P1_no_supports
791,s0_original,meshes/s0_original/case_outputs/791__s0_original/segmentation_repaired.stl,4215284,10.48,0,True,True,8,Consider enabling brim; Consider enabling supports; Detected print stability issues; Floating object part; Loose extrusions; Low bed adhesion; Repaired; WARNING,,7032243.0,444.0,0.0,2h 16m 14s,136.23333333333332,11.62,3897.24,P1_no_supports
792,s0_original,meshes/s0_original/case_outputs/792__s0_original/segmentation_repaired.stl,2444384,6.41,0,True,True,8,Consider enabling brim; Consider enabling supports; Detected print stability issues; Floating object part; Loose extrusions; Low bed adhesion; Repaired; WARNING,,4067558.0,426.0,0.0,1h 28m 36s,88.6,6.97,2336.1,P1_no_supports
793,s0_original,meshes/s0_original/case_outputs/793__s0_original/segmentation_repaired.stl,2126084,5.01,0,True,True,8,Consider enabling brim; Consider enabling supports; Detected print stability issues; Floating object part; Loose extrusions; Low bed adhesion; Repaired; WARNING,,3524359.0,414.0,0.0,1h 10m 46s,70.76666666666667,5.73,1922.68,P1_no_supports
794,s0_original,meshes/s0_original/case_outputs/794__s0_original/segmentation_repaired.stl,4391884,10.35,0,True,True,8,Consider enabling brim; Consider enabling supports; Detected print stability issues; Floating object part; Loose extrusions; Low bed adhesion; Repaired; WARNING,,7287010.0,492.0,0.0,2h 27m 46s,147.76666666666668,13.25,4443.43,P1_no_supports
795,s0_original,meshes/s0_original/case_outputs/795__s0_original/segmentation_repaired.stl,2573084,5.75,1,False,False,8,Consider enabling brim; Consider enabling supports; Detected print stability issues; Floating object part; Loose extrusions; Low bed adhesion; Repaired; WARNING,There is an object with no extrusions in the first layer. | Object name: segmentation_repaired.stl,,,,,,,,P1_no_supports
796,s0_original,meshes/s0_original/case_outputs/796__s0_original/segmentation_repaired.stl,3021084,7.81,0,True,True,8,Consider enabling brim; Consider enabling supports; Detected print stability issues; Floating object part; Loose extrusions; Low bed adhesion; Repaired; WARNING,,4909684.0,474.0,0.0,1h 46m 24s,106.4,8.44,2829.79,P1_no_supports
797,s0_original,meshes/s0_original/case_outputs/797__s0_original/segmentation_repaired.stl,3153584,7.63,0,True,True,8,Consider enabling brim; Consider enabling supports; Detected print stability issues; Floating object part; Loose extrusions; Low bed adhesion; Repaired; WARNING,,5205297.0,435.0,0.0,1h 45m 14s,105.23333333333332,7.98,2674.11,P1_no_supports
798,s0_original,meshes/s0_original/case_outputs/798__s0_original/segmentation_repaired.stl,4276184,10.23,0,True,True,8,Consider enabling brim; Consider enabling supports; Detected print stability issues; Floating object part; Loose extrusions; Low bed adhesion; Repaired; WARNING,,6833728.0,536.0,0.0,2h 20m 25s,140.41666666666666,11.49,3853.38,P1_no_supports
799,s0_original,meshes/s0_original/case_outputs/799__s0_original/segmentation_repaired.stl,3670984,8.75,1,False,False,8,Consider enabling brim; Consider enabling supports; Detected print stability issues; Floating object part; Loose extrusions; Low bed adhesion; Repaired; WARNING,There is an object with no extrusions in the first layer. | Object name: segmentation_repaired.stl,,,,,,,,P1_no_supports
800,s0_original,meshes/s0_original/case_outputs/800__s0_original/segmentation_repaired.stl,4122884,10.13,0,True,True,8,Consider enabling brim; Consider enabling supports; Detected print stability issues; Floating object part; Loose extrusions; Low bed adhesion; Repaired; WARNING,,7025826.0,483.0,0.0,2h 23m 6s,143.1,12.03,4034.15,P1_no_supports
801,s0_original,meshes/s0_original/case_outputs/801__s0_original/segmentation_repaired.stl,3954684,9.42,0,True,True,8,Consider enabling brim; Consider enabling supports; Detected print stability issues; Floating object part; Loose extrusions; Low bed adhesion; Repaired; WARNING,,6511729.0,393.0,0.0,2h 8m 39s,128.65,10.72,3595.14,P1_no_supports
802,s0_original,meshes/s0_original/case_outputs/802__s0_original/segmentation_repaired.stl,2666684,6.94,0,True,True,8,Consider enabling brim; Consider enabling supports; Detected print stability issues; Floating object part; Loose extrusions; Low bed adhesion; Repaired; WARNING,,4564263.0,435.0,0.0,1h 34m 41s,94.68333333333334,7.61,2551.4,P1_no_supports
803,s0_original,meshes/s0_original/case_outputs/803__s0_original/segmentation_repaired.stl,3384784,7.93,0,True,True,8,Consider enabling brim; Consider enabling supports; Detected print stability issues; Floating object part; Loose extrusions; Low bed adhesion; Repaired; WARNING,,5579074.0,532.0,0.0,2h 2m 36s,122.6,9.0,3017.26,P1_no_supports
804,s0_original,meshes/s0_original/case_outputs/804__s0_original/segmentation_repaired.stl,2520584,6.01,0,True,True,8,Consider enabling brim; Consider enabling supports; Detected print stability issues; Floating object part; Loose extrusions; Low bed adhesion; Repaired; WARNING,,4086283.0,435.0,0.0,1h 29m 3s,89.05,7.42,2488.41,P1_no_supports
805,s0_original,meshes/s0_original/case_outputs/805__s0_original/segmentation_repaired.stl,3509084,9.14,0,True,True,8,Consider enabling brim; Consider enabling supports; Detected print stability issues; Floating object part; Loose extrusions; Low bed adhesion; Repaired; WARNING,,5803920.0,465.0,0.0,1h 55m 23s,115.38333333333334,8.84,2965.54,P1_no_supports
806,s0_original,meshes/s0_original/case_outputs/806__s0_original/segmentation_repaired.stl,3330084,8.41,1,False,False,8,Consider enabling brim; Consider enabling supports; Detected print stability issues; Floating object part; Loose extrusions; Low bed adhesion; Repaired; WARNING,There is an object with no extrusions in the first layer. | Object name: segmentation_repaired.stl,,,,,,,,P1_no_supports
807,s0_original,meshes/s0_original/case_outputs/807__s0_original/segmentation_repaired.stl,3512784,8.61,0,True,True,8,Consider enabling brim; Consider enabling supports; Detected print stability issues; Floating object part; Loose extrusions; Low bed adhesion; Repaired; WARNING,,6026820.0,468.0,0.0,2h 5m 51s,125.85,10.25,3437.15,P1_no_supports
808,s0_original,meshes/s0_original/case_outputs/808__s0_original/segmentation_repaired.stl,3283084,7.79,0,True,True,8,Consider enabling brim; Consider enabling supports; Detected print stability issues; Floating object part; Loose extrusions; Low bed adhesion; Repaired; WARNING,,5192476.0,438.0,0.0,1h 47m 38s,107.63333333333334,9.2,3083.18,P1_no_supports
809,s0_original,meshes/s0_original/case_outputs/809__s0_original/segmentation_repaired.stl,841084,2.27,0,True,True,8,Consider enabling brim; Consider enabling supports; Detected print stability issues; Floating object part; Loose extrusions; Low bed adhesion; Repaired; WARNING,,1227350.0,273.0,0.0,27m 28s,27.466666666666665,2.31,772.89,P1_no_supports
810,s0_original,meshes/s0_original/case_outputs/810__s0_original/segmentation_repaired.stl,3105884,7.03,0,True,True,8,Consider enabling brim; Consider enabling supports; Detected print stability issues; Floating object part; Loose extrusions; Low bed adhesion; Repaired; WARNING,,5060820.0,530.0,0.0,1h 46m 36s,106.6,8.45,2834.49,P1_no_supports
811,s0_original,meshes/s0_original/case_outputs/811__s0_original/segmentation_repaired.stl,2817884,7.35,0,True,True,8,Consider enabling brim; Consider enabling supports; Detected print stability issues; Floating object part; Loose extrusions; Low bed adhesion; Repaired; WARNING,,4722657.0,393.0,0.0,1h 42m 29s,102.48333333333332,8.42,2822.32,P1_no_supports
812,s0_original,meshes/s0_original/case_outputs/812__s0_original/segmentation_repaired.stl,4058084,9.11,0,True,True,8,Consider enabling brim; Consider enabling supports; Detected print stability issues; Floating object part; Loose extrusions; Low bed adhesion; Repaired; WARNING,,6320138.0,402.0,0.0,2h 11m 53s,131.88333333333333,11.75,3940.37,P1_no_supports
813,s0_original,meshes/s0_original/case_outputs/813__s0_original/segmentation_repaired.stl,2380884,6.13,0,True,True,8,Consider enabling brim; Consider enabling supports; Detected print stability issues; Floating object part; Loose extrusions; Low bed adhesion; Repaired; WARNING,,3856676.0,441.0,0.0,1h 23m 59s,83.98333333333333,6.48,2174.19,P1_no_supports
814,s0_original,meshes/s0_original/case_outputs/814__s0_original/segmentation_repaired.stl,3914584,9.06,0,True,True,8,Consider enabling brim; Consider enabling supports; Detected print stability issues; Floating object part; Loose extrusions; Low bed adhesion; Repaired; WARNING,,6425665.0,441.0,0.0,2h 10m 53s,130.88333333333333,11.57,3879.11,P1_no_supports
815,s0_original,meshes/s0_original/case_outputs/815__s0_original/segmentation_repaired.stl,4015184,9.8,0,True,True,8,Consider enabling brim; Consider enabling supports; Detected print stability issues; Floating object part; Loose extrusions; Low bed adhesion; Repaired; WARNING,,6642843.0,528.0,0.0,2h 24m 42s,144.7,12.03,4034.51,P1_no_supports
816,s0_original,meshes/s0_original/case_outputs/816__s0_original/segmentation_repaired.stl,2277184,5.66,0,True,True,8,Consider enabling brim; Consider enabling supports; Detected print stability issues; Floating object part; Loose extrusions; Low bed adhesion; Repaired; WARNING,,3827781.0,489.0,0.0,1h 24m 17s,84.28333333333333,6.3,2111.89,P1_no_supports
817,s0_original,meshes/s0_original/case_outputs/817__s0_original/segmentation_repaired.stl,3316084,8.49,0,True,True,8,Consider enabling brim; Consider enabling supports; Detected print stability issues; Floating object part; Loose extrusions; Low bed adhesion; Repaired; WARNING,,5479238.0,408.0,0.0,1h 56m 3s,116.05,9.28,3111.59,P1_no_supports
818,s0_original,meshes/s0_original/case_outputs/818__s0_original/segmentation_repaired.stl,2815684,6.87,0,True,True,8,Consider enabling brim; Consider enabling supports; Detected print stability issues; Floating object part; Loose extrusions; Low bed adhesion; Repaired; WARNING,,4802049.0,447.0,0.0,1h 48m 44s,108.73333333333332,8.71,2920.88,P1_no_supports
819,s0_original,meshes/s0_original/case_outputs/819__s0_original/segmentation_repaired.stl,3630884,8.62,0,True,True,8,Consider enabling brim; Consider enabling supports; Detected print stability issues; Floating object part; Loose extrusions; Low bed adhesion; Repaired; WARNING,,6112501.0,420.0,0.0,2h 5m 55s,125.91666666666669,11.43,3831.09,P1_no_supports
820,s0_original,meshes/s0_original/case_outputs/820__s0_original/segmentation_repaired.stl,2916084,7.01,0,True,True,8,Consider enabling brim; Consider enabling supports; Detected print stability issues; Floating object part; Loose extrusions; Low bed adhesion; Repaired; WARNING,,4710986.0,420.0,0.0,1h 34m 5s,94.08333333333331,8.14,2727.94,P1_no_supports
821,s0_original,meshes/s0_original/case_outputs/821__s0_original/segmentation_repaired.stl,2295884,5.09,1,False,False,6,Consider enabling supports; Detected print stability issues; Floating object part; Loose extrusions; Repaired; WARNING,There is an object with no extrusions in the first layer. | Object name: segmentation_repaired.stl,,,,,,,,P1_no_supports
822,s0_original,meshes/s0_original/case_outputs/822__s0_original/segmentation_repaired.stl,4077184,10.11,0,True,True,8,Consider enabling brim; Consider enabling supports; Detected print stability issues; Floating object part; Loose extrusions; Low bed adhesion; Repaired; WARNING,,6903218.0,454.0,0.0,2h 20m 30s,140.5,11.88,3984.71,P1_no_supports
823,s0_original,meshes/s0_original/case_outputs/823__s0_original/segmentation_repaired.stl,2985884,7.13,0,True,True,8,Consider enabling brim; Consider enabling supports; Detected print stability issues; Floating object part; Loose extrusions; Low bed adhesion; Repaired; WARNING,,4973859.0,399.0,0.0,1h 43m 45s,103.75,8.4,2816.8,P1_no_supports
824,s0_original,meshes/s0_original/case_outputs/824__s0_original/segmentation_repaired.stl,2456884,6.04,0,True,True,8,Consider enabling brim; Consider enabling supports; Detected print stability issues; Floating object part; Loose extrusions; Low bed adhesion; Repaired; WARNING,,4026222.0,480.0,0.0,1h 28m 17s,88.28333333333333,6.79,2278.12,P1_no_supports
825,s0_original,meshes/s0_original/case_outputs/825__s0_original/segmentation_repaired.stl,2718584,6.46,0,True,True,8,Consider enabling brim; Consider enabling supports; Detected print stability issues; Floating object part; Loose extrusions; Low bed adhesion; Repaired; WARNING,,4553846.0,393.0,0.0,1h 33m 47s,93.78333333333332,7.78,2608.82,P1_no_supports
826,s0_original,meshes/s0_original/case_outputs/826__s0_original/segmentation_repaired.stl,4683284,11.22,0,True,True,8,Consider enabling brim; Consider enabling supports; Detected print stability issues; Floating object part; Loose extrusions; Low bed adhesion; Repaired; WARNING,,7689087.0,417.0,0.0,2h 35m 31s,155.51666666666668,13.18,4419.0,P1_no_supports
827,s0_original,meshes/s0_original/case_outputs/827__s0_original/segmentation_repaired.stl,3456084,8.81,0,True,True,8,Consider enabling brim; Consider enabling supports; Detected print stability issues; Floating object part; Loose extrusions; Low bed adhesion; Repaired; WARNING,,5757382.0,525.0,0.0,2h 2m 38s,122.63333333333334,9.41,3156.23,P1_no_supports
828,s0_original,meshes/s0_original/case_outputs/828__s0_original/segmentation_repaired.stl,4072884,9.58,0,True,True,8,Consider enabling brim; Consider enabling supports; Detected print stability issues; Floating object part; Loose extrusions; Low bed adhesion; Repaired; WARNING,,6634225.0,438.0,0.0,2h 13m 20s,133.33333333333334,11.42,3828.73,P1_no_supports
829,s0_original,meshes/s0_original/case_outputs/829__s0_original/segmentation_repaired.stl,3964584,9.44,0,True,True,8,Consider enabling brim; Consider enabling supports; Detected print stability issues; Floating object part; Loose extrusions; Low bed adhesion; Repaired; WARNING,,6385104.0,417.0,0.0,2h 11m 9s,131.15,10.85,3636.84,P1_no_supports
830,s0_original,meshes/s0_original/case_outputs/830__s0_original/segmentation_repaired.stl,2848584,6.85,0,True,True,8,Consider enabling brim; Consider enabling supports; Detected print stability issues; Floating object part; Loose extrusions; Low bed adhesion; Repaired; WARNING,,4644777.0,429.0,0.0,1h 38m 13s,98.21666666666668,7.84,2628.07,P1_no_supports
831,s0_original,meshes/s0_original/case_outputs/831__s0_original/segmentation_repaired.stl,3643984,8.54,0,True,True,8,Consider enabling brim; Consider enabling supports; Detected print stability issues; Floating object part; Loose extrusions; Low bed adhesion; Repaired; WARNING,,5916750.0,519.0,0.0,2h 9m 49s,129.81666666666666,11.09,3717.78,P1_no_supports
832,s0_original,meshes/s0_original/case_outputs/832__s0_original/segmentation_repaired.stl,3802684,8.91,0,True,True,8,Consider enabling brim; Consider enabling supports; Detected print stability issues; Floating object part; Loose extrusions; Low bed adhesion; Repaired; WARNING,,6334831.0,444.0,0.0,2h 7m 41s,127.68333333333334,11.1,3722.45,P1_no_supports
833,s0_original,meshes/s0_original/case_outputs/833__s0_original/segmentation_repaired.stl,3094684,7.56,0,True,True,8,Consider enabling brim; Consider enabling supports; Detected print stability issues; Floating object part; Loose extrusions; Low bed adhesion; Repaired; WARNING,,5116587.0,411.0,0.0,1h 46m 21s,106.35,8.88,2977.46,P1_no_supports
834,s0_original,meshes/s0_original/case_outputs/834__s0_original/segmentation_repaired.stl,3749384,8.98,0,True,True,8,Consider enabling brim; Consider enabling supports; Detected print stability issues; Floating object part; Loose extrusions; Low bed adhesion; Repaired; WARNING,,6241348.0,462.0,0.0,2h 8m 52s,128.86666666666667,10.51,3524.72,P1_no_supports
835,s0_original,meshes/s0_original/case_outputs/835__s0_original/segmentation_repaired.stl,2644584,7.22,0,True,True,8,Consider enabling brim; Consider enabling supports; Detected print stability issues; Floating object part; Loose extrusions; Low bed adhesion; Repaired; WARNING,,4499389.0,420.0,0.0,1h 32m 36s,92.6,7.77,2603.78,P1_no_supports
836,s0_original,meshes/s0_original/case_outputs/836__s0_original/segmentation_repaired.stl,2435284,6.8,0,True,True,8,Consider enabling brim; Consider enabling supports; Detected print stability issues; Floating object part; Loose extrusions; Low bed adhesion; Repaired; WARNING,,4136691.0,402.0,0.0,1h 29m 5s,89.08333333333333,6.99,2343.36,P1_no_supports
837,s0_original,meshes/s0_original/case_outputs/837__s0_original/segmentation_repaired.stl,3523284,9.07,0,True,True,8,Consider enabling brim; Consider enabling supports; Detected print stability issues; Floating object part; Loose extrusions; Low bed adhesion; Repaired; WARNING,,5923797.0,432.0,0.0,1h 59m 39s,119.65,10.19,3417.29,P1_no_supports
838,s0_original,meshes/s0_original/case_outputs/838__s0_original/segmentation_repaired.stl,3064184,7.17,1,False,False,8,Consider enabling brim; Consider enabling supports; Detected print stability issues; Floating object part; Loose extrusions; Low bed adhesion; Repaired; WARNING,There is an object with no extrusions in the first layer. | Object name: segmentation_repaired.stl,,,,,,,,P1_no_supports
839,s0_original,meshes/s0_original/case_outputs/839__s0_original/segmentation_repaired.stl,2852884,7.62,0,True,True,8,Consider enabling brim; Consider enabling supports; Detected print stability issues; Floating object part; Loose extrusions; Low bed adhesion; Repaired; WARNING,,4664670.0,495.0,0.0,1h 40m 22s,100.36666666666666,7.81,2618.63,P1_no_supports
840,s0_original,meshes/s0_original/case_outputs/840__s0_original/segmentation_repaired.stl,3292484,7.91,0,True,True,8,Consider enabling brim; Consider enabling supports; Detected print stability issues; Floating object part; Loose extrusions; Low bed adhesion; Repaired; WARNING,,5489039.0,435.0,0.0,1h 52m 30s,112.5,9.19,3081.31,P1_no_supports
841,s0_original,meshes/s0_original/case_outputs/841__s0_original/segmentation_repaired.stl,2352684,6.53,0,True,True,8,Consider enabling brim; Consider enabling supports; Detected print stability issues; Floating object part; Loose extrusions; Low bed adhesion; Repaired; WARNING,,3954992.0,414.0,0.0,1h 22m 21s,82.35,6.57,2203.67,P1_no_supports
842,s0_original,meshes/s0_original/case_outputs/842__s0_original/segmentation_repaired.stl,3241284,7.94,0,True,True,8,Consider enabling brim; Consider enabling supports; Detected print stability issues; Floating object part; Loose extrusions; Low bed adhesion; Repaired; WARNING,,5461300.0,480.0,0.0,1h 54m 17s,114.28333333333332,8.73,2928.45,P1_no_supports
843,s0_original,meshes/s0_original/case_outputs/843__s0_original/segmentation_repaired.stl,2556284,6.38,0,True,True,8,Consider enabling brim; Consider enabling supports; Detected print stability issues; Floating object part; Loose extrusions; Low bed adhesion; Repaired; WARNING,,4271598.0,384.0,0.0,1h 29m 45s,89.75,7.77,2604.16,P1_no_supports
844,s0_original,meshes/s0_original/case_outputs/844__s0_original/segmentation_repaired.stl,2970284,7.4,0,True,True,8,Consider enabling brim; Consider enabling supports; Detected print stability issues; Floating object part; Loose extrusions; Low bed adhesion; Repaired; WARNING,,4691638.0,444.0,0.0,1h 39m 16s,99.26666666666668,8.53,2860.93,P1_no_supports
845,s0_original,meshes/s0_original/case_outputs/845__s0_original/segmentation_repaired.stl,3495284,8.51,0,True,True,8,Consider enabling brim; Consider enabling supports; Detected print stability issues; Floating object part; Loose extrusions; Low bed adhesion; Repaired; WARNING,,5990121.0,592.0,0.0,2h 7m 37s,127.61666666666666,9.51,3187.75,P1_no_supports
846,s0_original,meshes/s0_original/case_outputs/846__s0_original/segmentation_repaired.stl,2889984,6.3,1,False,False,8,Consider enabling brim; Consider enabling supports; Detected print stability issues; Floating object part; Loose extrusions; Low bed adhesion; Repaired; WARNING,There is an object with no extrusions in the first layer. | Object name: segmentation_repaired.stl,,,,,,,,P1_no_supports
847,s0_original,meshes/s0_original/case_outputs/847__s0_original/segmentation_repaired.stl,2867284,7.2,0,True,True,8,Consider enabling brim; Consider enabling supports; Detected print stability issues; Floating object part; Loose extrusions; Low bed adhesion; Repaired; WARNING,,4792740.0,510.0,0.0,1h 44m 36s,104.6,8.02,2687.92,P1_no_supports
848,s0_original,meshes/s0_original/case_outputs/848__s0_original/segmentation_repaired.stl,1793484,4.74,0,True,True,8,Consider enabling brim; Consider enabling supports; Detected print stability issues; Floating object part; Loose extrusions; Low bed adhesion; Repaired; WARNING,,3011018.0,363.0,0.0,1h 5m 6s,65.1,5.02,1684.72,P1_no_supports
849,s0_original,meshes/s0_original/case_outputs/849__s0_original/segmentation_repaired.stl,4118284,9.8,0,True,True,8,Consider enabling brim; Consider enabling supports; Detected print stability issues; Floating object part; Loose extrusions; Low bed adhesion; Repaired; WARNING,,6934094.0,462.0,0.0,2h 23m 31s,143.51666666666668,11.61,3893.21,P1_no_supports
850,s0_original,meshes/s0_original/case_outputs/850__s0_original/segmentation_repaired.stl,2223284,6.14,0,True,True,8,Consider enabling brim; Consider enabling supports; Detected print stability issues; Floating object part; Loose extrusions; Low bed adhesion; Repaired; WARNING,,3591319.0,410.0,0.0,1h 17m 18s,77.3,5.96,1998.74,P1_no_supports
851,s0_original,meshes/s0_original/case_outputs/851__s0_original/segmentation_repaired.stl,2939784,6.95,0,True,True,8,Consider enabling brim; Consider enabling supports; Detected print stability issues; Floating object part; Loose extrusions; Low bed adhesion; Repaired; WARNING,,4883378.0,411.0,0.0,1h 41m 39s,101.65,8.54,2864.94,P1_no_supports
852,s0_original,meshes/s0_original/case_outputs/852__s0_original/segmentation_repaired.stl,4031084,8.29,1,False,False,8,Consider enabling brim; Consider enabling supports; Detected print stability issues; Floating object part; Loose extrusions; Low bed adhesion; Repaired; WARNING,There is an object with no extrusions in the first layer. | Object name: segmentation_repaired.stl,,,,,,,,P1_no_supports
853,s0_original,meshes/s0_original/case_outputs/853__s0_original/segmentation_repaired.stl,2413184,6.15,0,True,True,8,Consider enabling brim; Consider enabling supports; Detected print stability issues; Floating object part; Loose extrusions; Low bed adhesion; Repaired; WARNING,,4300172.0,411.0,0.0,1h 32m 33s,92.55,7.62,2555.69,P1_no_supports
854,s0_original,meshes/s0_original/case_outputs/854__s0_original/segmentation_repaired.stl,2728484,6.98,0,True,True,8,Consider enabling brim; Consider enabling supports; Detected print stability issues; Floating object part; Loose extrusions; Low bed adhesion; Repaired; WARNING,,4484621.0,441.0,0.0,1h 33m 28s,93.46666666666668,7.26,2435.09,P1_no_supports
855,s0_original,meshes/s0_original/case_outputs/855__s0_original/segmentation_repaired.stl,4014584,9.96,0,True,True,8,Consider enabling brim; Consider enabling supports; Detected print stability issues; Floating object part; Loose extrusions; Low bed adhesion; Repaired; WARNING,,6543659.0,628.0,0.0,2h 19m 47s,139.78333333333333,11.26,3776.78,P1_no_supports
856,s0_original,meshes/s0_original/case_outputs/856__s0_original/segmentation_repaired.stl,3476684,8.57,0,True,True,8,Consider enabling brim; Consider enabling supports; Detected print stability issues; Floating object part; Loose extrusions; Low bed adhesion; Repaired; WARNING,,5773679.0,426.0,0.0,2h 0m 25s,120.41666666666669,9.99,3348.33,P1_no_supports
857,s0_original,meshes/s0_original/case_outputs/857__s0_original/segmentation_repaired.stl,4948584,11.26,0,True,True,8,Consider enabling brim; Consider enabling supports; Detected print stability issues; Floating object part; Loose extrusions; Low bed adhesion; Repaired; WARNING,,8114963.0,441.0,0.0,2h 39m 32s,159.53333333333333,13.62,4566.48,P1_no_supports
858,s0_original,meshes/s0_original/case_outputs/858__s0_original/segmentation_repaired.stl,2763584,6.6,0,True,True,8,Consider enabling brim; Consider enabling supports; Detected print stability issues; Floating object part; Loose extrusions; Low bed adhesion; Repaired; WARNING,,4519192.0,426.0,0.0,1h 31m 39s,91.65,7.61,2551.24,P1_no_supports
859,s0_original,meshes/s0_original/case_outputs/859__s0_original/segmentation_repaired.stl,4123184,9.24,0,True,True,8,Consider enabling brim; Consider enabling supports; Detected print stability issues; Floating object part; Loose extrusions; Low bed adhesion; Repaired; WARNING,,6821605.0,552.0,0.0,2h 23m 0s,143.0,11.53,3865.61,P1_no_supports
860,s0_original,meshes/s0_original/case_outputs/860__s0_original/segmentation_repaired.stl,3103384,7.89,0,True,True,8,Consider enabling brim; Consider enabling supports; Detected print stability issues; Floating object part; Loose extrusions; Low bed adhesion; Repaired; WARNING,,5029299.0,429.0,0.0,1h 45m 8s,105.13333333333334,8.98,3009.25,P1_no_supports
861,s0_original,meshes/s0_original/case_outputs/861__s0_original/segmentation_repaired.stl,1616284,4.01,0,True,True,8,Consider enabling brim; Consider enabling supports; Detected print stability issues; Floating object part; Loose extrusions; Low bed adhesion; Repaired; WARNING,,2516581.0,423.0,0.0,54m 32s,54.53333333333333,4.39,1470.49,P1_no_supports
862,s0_original,meshes/s0_original/case_outputs/862__s0_original/segmentation_repaired.stl,3761484,9.39,0,True,True,8,Consider enabling brim; Consider enabling supports; Detected print stability issues; Floating object part; Loose extrusions; Low bed adhesion; Repaired; WARNING,,6188066.0,537.0,0.0,2h 13m 11s,133.18333333333334,10.65,3571.06,P1_no_supports
863,s0_original,meshes/s0_original/case_outputs/863__s0_original/segmentation_repaired.stl,3047984,6.87,0,True,True,8,Consider enabling brim; Consider enabling supports; Detected print stability issues; Floating object part; Loose extrusions; Low bed adhesion; Repaired; WARNING,,4841085.0,473.0,0.0,1h 38m 4s,98.06666666666666,8.13,2725.68,P1_no_supports
864,s0_original,meshes/s0_original/case_outputs/864__s0_original/segmentation_repaired.stl,3891384,9.04,0,True,True,8,Consider enabling brim; Consider enabling supports; Detected print stability issues; Floating object part; Loose extrusions; Low bed adhesion; Repaired; WARNING,,6578007.0,510.0,0.0,2h 20m 37s,140.61666666666667,11.57,3880.04,P1_no_supports
865,s0_original,meshes/s0_original/case_outputs/865__s0_original/segmentation_repaired.stl,2528284,6.44,0,True,True,8,Consider enabling brim; Consider enabling supports; Detected print stability issues; Floating object part; Loose extrusions; Low bed adhesion; Repaired; WARNING,,4031964.0,465.0,0.0,1h 27m 7s,87.11666666666666,6.85,2297.15,P1_no_supports
866,s0_original,meshes/s0_original/case_outputs/866__s0_original/segmentation_repaired.stl,3648484,9.18,0,True,True,8,Consider enabling brim; Consider enabling supports; Detected print stability issues; Floating object part; Loose extrusions; Low bed adhesion; Repaired; WARNING,,6197122.0,426.0,0.0,2h 9m 53s,129.88333333333333,10.8,3620.52,P1_no_supports
867,s0_original,meshes/s0_original/case_outputs/867__s0_original/segmentation_repaired.stl,4651384,10.45,0,True,True,8,Consider enabling brim; Consider enabling supports; Detected print stability issues; Floating object part; Loose extrusions; Low bed adhesion; Repaired; WARNING,,7619199.0,499.0,0.0,2h 37m 31s,157.51666666666668,13.83,4637.9,P1_no_supports
868,s0_original,meshes/s0_original/case_outputs/868__s0_original/segmentation_repaired.stl,1718384,4.2,1,False,False,8,Consider enabling brim; Consider enabling supports; Detected print stability issues; Floating object part; Loose extrusions; Low bed adhesion; Repaired; WARNING,There is an object with no extrusions in the first layer. | Object name: segmentation_repaired.stl,,,,,,,,P1_no_supports
869,s0_original,meshes/s0_original/case_outputs/869__s0_original/segmentation_repaired.stl,3403884,8.25,0,True,True,8,Consider enabling brim; Consider enabling supports; Detected print stability issues; Floating object part; Loose extrusions; Low bed adhesion; Repaired; WARNING,,5554530.0,438.0,0.0,1h 50m 50s,110.83333333333331,9.52,3191.86,P1_no_supports
870,s0_original,meshes/s0_original/case_outputs/870__s0_original/segmentation_repaired.stl,2687384,6.71,0,True,True,8,Consider enabling brim; Consider enabling supports; Detected print stability issues; Floating object part; Loose extrusions; Low bed adhesion; Repaired; WARNING,,4418685.0,426.0,0.0,1h 30m 10s,90.16666666666669,7.55,2530.03,P1_no_supports
871,s0_original,meshes/s0_original/case_outputs/871__s0_original/segmentation_repaired.stl,3028384,7.27,1,False,False,8,Consider enabling brim; Consider enabling supports; Detected print stability issues; Floating object part; Loose extrusions; Low bed adhesion; Repaired; WARNING,There is an object with no extrusions in the first layer. | Object name: segmentation_repaired.stl,,,,,,,,P1_no_supports
872,s0_original,meshes/s0_original/case_outputs/872__s0_original/segmentation_repaired.stl,2708784,6.86,0,True,True,8,Consider enabling brim; Consider enabling supports; Detected print stability issues; Floating object part; Loose extrusions; Low bed adhesion; Repaired; WARNING,,4393038.0,423.0,0.0,1h 33m 6s,93.1,7.16,2400.59,P1_no_supports
873,s0_original,meshes/s0_original/case_outputs/873__s0_original/segmentation_repaired.stl,3405884,7.97,0,True,True,8,Consider enabling brim; Consider enabling supports; Detected print stability issues; Floating object part; Loose extrusions; Low bed adhesion; Repaired; WARNING,,5510243.0,457.0,0.0,2h 0m 49s,120.81666666666666,11.54,3869.57,P1_no_supports
874,s0_original,meshes/s0_original/case_outputs/874__s0_original/segmentation_repaired.stl,2748784,6.95,0,True,True,8,Consider enabling brim; Consider enabling supports; Detected print stability issues; Floating object part; Loose extrusions; Low bed adhesion; Repaired; WARNING,,4346833.0,402.0,0.0,1h 28m 34s,88.56666666666666,7.34,2462.06,P1_no_supports
875,s0_original,meshes/s0_original/case_outputs/875__s0_original/segmentation_repaired.stl,3788484,8.8,0,True,True,8,Consider enabling brim; Consider enabling supports; Detected print stability issues; Floating object part; Loose extrusions; Low bed adhesion; Repaired; WARNING,,6335147.0,429.0,0.0,2h 11m 2s,131.03333333333333,10.79,3616.15,P1_no_supports
876,s0_original,meshes/s0_original/case_outputs/876__s0_original/segmentation_repaired.stl,2720984,6.93,0,True,True,8,Consider enabling brim; Consider enabling supports; Detected print stability issues; Floating object part; Loose extrusions; Low bed adhesion; Repaired; WARNING,,4436427.0,462.0,0.0,1h 34m 41s,94.68333333333334,7.4,2480.18,P1_no_supports
877,s0_original,meshes/s0_original/case_outputs/877__s0_original/segmentation_repaired.stl,3154184,7.59,0,True,True,8,Consider enabling brim; Consider enabling supports; Detected print stability issues; Floating object part; Loose extrusions; Low bed adhesion; Repaired; WARNING,,5376221.0,474.0,0.0,1h 52m 6s,112.1,8.68,2910.14,P1_no_supports
878,s0_original,meshes/s0_original/case_outputs/878__s0_original/segmentation_repaired.stl,2864684,7.22,0,True,True,8,Consider enabling brim; Consider enabling supports; Detected print stability issues; Floating object part; Loose extrusions; Low bed adhesion; Repaired; WARNING,,4798433.0,432.0,0.0,1h 38m 26s,98.43333333333334,8.1,2716.27,P1_no_supports
879,s0_original,meshes/s0_original/case_outputs/879__s0_original/segmentation_repaired.stl,3219884,7.86,0,True,True,8,Consider enabling brim; Consider enabling supports; Detected print stability issues; Floating object part; Loose extrusions; Low bed adhesion; Repaired; WARNING,,5504317.0,503.0,0.0,1h 52m 2s,112.03333333333332,9.69,3250.37,P1_no_supports
880,s0_original,meshes/s0_original/case_outputs/880__s0_original/segmentation_repaired.stl,2265284,5.8,0,True,True,8,Consider enabling brim; Consider enabling supports; Detected print stability issues; Floating object part; Loose extrusions; Low bed adhesion; Repaired; WARNING,,3685867.0,405.0,0.0,1h 15m 30s,75.5,6.05,2029.49,P1_no_supports
881,s0_original,meshes/s0_original/case_outputs/881__s0_original/segmentation_repaired.stl,3032784,7.9,0,True,True,8,Consider enabling brim; Consider enabling supports; Detected print stability issues; Floating object part; Loose extrusions; Low bed adhesion; Repaired; WARNING,,5060619.0,468.0,0.0,1h 45m 45s,105.75,8.52,2856.64,P1_no_supports
882,s0_original,meshes/s0_original/case_outputs/882__s0_original/segmentation_repaired.stl,3970884,9.82,0,True,True,8,Consider enabling brim; Consider enabling supports; Detected print stability issues; Floating object part; Loose extrusions; Low bed adhesion; Repaired; WARNING,,6659129.0,447.0,0.0,2h 22m 14s,142.23333333333332,12.18,4083.84,P1_no_supports
883,s0_original,meshes/s0_original/case_outputs/883__s0_original/segmentation_repaired.stl,3025084,6.84,0,True,True,8,Consider enabling brim; Consider enabling supports; Detected print stability issues; Floating object part; Loose extrusions; Low bed adhesion; Repaired; WARNING,,4915364.0,459.0,0.0,1h 43m 48s,103.8,7.61,2552.38,P1_no_supports
884,s0_original,meshes/s0_original/case_outputs/884__s0_original/segmentation_repaired.stl,1881684,4.82,0,True,True,8,Consider enabling brim; Consider enabling supports; Detected print stability issues; Floating object part; Loose extrusions; Low bed adhesion; Repaired; WARNING,,3111900.0,405.0,0.0,1h 4m 53s,64.88333333333334,5.31,1780.9,P1_no_supports
885,s0_original,meshes/s0_original/case_outputs/885__s0_original/segmentation_repaired.stl,2725584,6.67,0,True,True,8,Consider enabling brim; Consider enabling supports; Detected print stability issues; Floating object part; Loose extrusions; Low bed adhesion; Repaired; WARNING,,4400788.0,426.0,0.0,1h 33m 43s,93.71666666666668,7.49,2511.84,P1_no_supports
886,s0_original,meshes/s0_original/case_outputs/886__s0_original/segmentation_repaired.stl,4386484,10.44,0,True,True,8,Consider enabling brim; Consider enabling supports; Detected print stability issues; Floating object part; Loose extrusions; Low bed adhesion; Repaired; WARNING,,7285689.0,429.0,0.0,2h 18m 2s,138.03333333333333,11.75,3939.24,P1_no_supports
887,s0_original,meshes/s0_original/case_outputs/887__s0_original/segmentation_repaired.stl,3438584,7.47,0,True,True,8,Consider enabling brim; Consider enabling supports; Detected print stability issues; Floating object part; Loose extrusions; Low bed adhesion; Repaired; WARNING,,5624148.0,545.0,0.0,2h 10m 24s,130.4,10.71,3591.53,P1_no_supports
888,s0_original,meshes/s0_original/case_outputs/888__s0_original/segmentation_repaired.stl,2131684,5.16,0,True,True,8,Consider enabling brim; Consider enabling supports; Detected print stability issues; Floating object part; Loose extrusions; Low bed adhesion; Repaired; WARNING,,3471336.0,438.0,0.0,1h 15m 36s,75.6,6.0,2010.44,P1_no_supports
889,s0_original,meshes/s0_original/case_outputs/889__s0_original/segmentation_repaired.stl,2312384,5.74,0,True,True,8,Consider enabling brim; Consider enabling supports; Detected print stability issues; Floating object part; Loose extrusions; Low bed adhesion; Repaired; WARNING,,3917702.0,480.0,0.0,1h 23m 38s,83.63333333333334,6.45,2161.89,P1_no_supports
890,s0_original,meshes/s0_original/case_outputs/890__s0_original/segmentation_repaired.stl,2288284,6.02,0,True,True,8,Consider enabling brim; Consider enabling supports; Detected print stability issues; Floating object part; Loose extrusions; Low bed adhesion; Repaired; WARNING,,3808632.0,426.0,0.0,1h 20m 0s,80.0,6.47,2168.94,P1_no_supports
891,s0_original,meshes/s0_original/case_outputs/891__s0_original/segmentation_repaired.stl,2418284,5.37,0,True,True,8,Consider enabling brim; Consider enabling supports; Detected print stability issues; Floating object part; Loose extrusions; Low bed adhesion; Repaired; WARNING,,3849585.0,471.0,0.0,1h 25m 19s,85.31666666666666,6.37,2134.22,P1_no_supports
892,s0_original,meshes/s0_original/case_outputs/892__s0_original/segmentation_repaired.stl,3873784,8.84,0,True,True,8,Consider enabling brim; Consider enabling supports; Detected print stability issues; Floating object part; Loose extrusions; Low bed adhesion; Repaired; WARNING,,6007214.0,450.0,0.0,2h 6m 45s,126.75,10.4,3487.52,P1_no_supports
893,s0_original,meshes/s0_original/case_outputs/893__s0_original/segmentation_repaired.stl,3076184,7.49,0,True,True,8,Consider enabling brim; Consider enabling supports; Detected print stability issues; Floating object part; Loose extrusions; Low bed adhesion; Repaired; WARNING,,5206016.0,507.0,0.0,1h 53m 21s,113.35,9.71,3256.29,P1_no_supports
894,s0_original,meshes/s0_original/case_outputs/894__s0_original/segmentation_repaired.stl,3496284,8.11,0,True,True,8,Consider enabling brim; Consider enabling supports; Detected print stability issues; Floating object part; Loose extrusions; Low bed adhesion; Repaired; WARNING,,5726206.0,456.0,0.0,1h 59m 19s,119.31666666666666,10.33,3462.7,P1_no_supports
895,s0_original,meshes/s0_original/case_outputs/895__s0_original/segmentation_repaired.stl,3659984,8.45,0,True,True,8,Consider enabling brim; Consider enabling supports; Detected print stability issues; Floating object part; Loose extrusions; Low bed adhesion; Repaired; WARNING,,5921040.0,366.0,0.0,1h 54m 5s,114.08333333333331,9.72,3260.39,P1_no_supports
896,s0_original,meshes/s0_original/case_outputs/896__s0_original/segmentation_repaired.stl,1964684,4.79,0,True,True,8,Consider enabling brim; Consider enabling supports; Detected print stability issues; Floating object part; Loose extrusions; Low bed adhesion; Repaired; WARNING,,3172579.0,447.0,0.0,1h 4m 20s,64.33333333333333,4.97,1666.18,P1_no_supports
897,s0_original,meshes/s0_original/case_outputs/897__s0_original/segmentation_repaired.stl,3365984,8.09,0,True,True,8,Consider enabling brim; Consider enabling supports; Detected print stability issues; Floating object part; Loose extrusions; Low bed adhesion; Repaired; WARNING,,5631058.0,429.0,0.0,1h 56m 28s,116.46666666666668,9.45,3169.43,P1_no_supports
898,s0_original,meshes/s0_original/case_outputs/898__s0_original/segmentation_repaired.stl,3784784,8.89,0,True,True,8,Consider enabling brim; Consider enabling supports; Detected print stability issues; Floating object part; Loose extrusions; Low bed adhesion; Repaired; WARNING,,6269505.0,396.0,0.0,2h 10m 2s,130.03333333333333,11.12,3728.93,P1_no_supports
899,s0_original,meshes/s0_original/case_outputs/899__s0_original/segmentation_repaired.stl,2704484,6.5,0,True,True,8,Consider enabling brim; Consider enabling supports; Detected print stability issues; Floating object part; Loose extrusions; Low bed adhesion; Repaired; WARNING,,4474528.0,477.0,0.0,1h 35m 49s,95.81666666666666,8.14,2730.86,P1_no_supports
900,s0_original,meshes/s0_original/case_outputs/900__s0_original/segmentation_repaired.stl,2714184,7.03,0,True,True,8,Consider enabling brim; Consider enabling supports; Detected print stability issues; Floating object part; Loose extrusions; Low bed adhesion; Repaired; WARNING,,4590852.0,393.0,0.0,1h 39m 30s,99.5,7.76,2600.26,P1_no_supports
901,s0_original,meshes/s0_original/case_outputs/901__s0_original/segmentation_repaired.stl,3171984,7.32,0,True,True,8,Consider enabling brim; Consider enabling supports; Detected print stability issues; Floating object part; Loose extrusions; Low bed adhesion; Repaired; WARNING,,5057970.0,524.0,0.0,1h 40m 42s,100.7,8.75,2933.93,P1_no_supports
902,s0_original,meshes/s0_original/case_outputs/902__s0_original/segmentation_repaired.stl,3940584,10.05,0,True,True,8,Consider enabling brim; Consider enabling supports; Detected print stability issues; Floating object part; Loose extrusions; Low bed adhesion; Repaired; WARNING,,6785942.0,486.0,0.0,2h 15m 50s,135.83333333333334,10.73,3597.23,P1_no_supports
903,s0_original,meshes/s0_original/case_outputs/903__s0_original/segmentation_repaired.stl,2917884,7.07,0,True,True,8,Consider enabling brim; Consider enabling supports; Detected print stability issues; Floating object part; Loose extrusions; Low bed adhesion; Repaired; WARNING,,4792717.0,426.0,0.0,1h 40m 54s,100.9,8.08,2710.58,P1_no_supports
904,s0_original,meshes/s0_original/case_outputs/904__s0_original/segmentation_repaired.stl,3391184,8.4,0,True,True,8,Consider enabling brim; Consider enabling supports; Detected print stability issues; Floating object part; Loose extrusions; Low bed adhesion; Repaired; WARNING,,5471781.0,376.0,0.0,1h 49m 43s,109.71666666666668,9.7,3251.77,P1_no_supports
905,s0_original,meshes/s0_original/case_outputs/905__s0_original/segmentation_repaired.stl,3146684,8.02,0,True,True,8,Consider enabling brim; Consider enabling supports; Detected print stability issues; Floating object part; Loose extrusions; Low bed adhesion; Repaired; WARNING,,5286218.0,444.0,0.0,1h 51m 53s,111.88333333333334,8.66,2902.84,P1_no_supports
906,s0_original,meshes/s0_original/case_outputs/906__s0_original/segmentation_repaired.stl,2531384,6.27,0,True,True,8,Consider enabling brim; Consider enabling supports; Detected print stability issues; Floating object part; Loose extrusions; Low bed adhesion; Repaired; WARNING,,4143830.0,420.0,0.0,1h 27m 57s,87.95,7.36,2466.68,P1_no_supports
907,s0_original,meshes/s0_original/case_outputs/907__s0_original/segmentation_repaired.stl,2696584,6.36,0,True,True,8,Consider enabling brim; Consider enabling supports; Detected print stability issues; Floating object part; Loose extrusions; Low bed adhesion; Repaired; WARNING,,4459972.0,393.0,0.0,1h 31m 30s,91.5,7.74,2595.0,P1_no_supports
908,s0_original,meshes/s0_original/case_outputs/908__s0_original/segmentation_repaired.stl,3173084,7.69,0,True,True,8,Consider enabling brim; Consider enabling supports; Detected print stability issues; Floating object part; Loose extrusions; Low bed adhesion; Repaired; WARNING,,5350650.0,449.0,0.0,1h 53m 56s,113.93333333333334,8.81,2954.67,P1_no_supports
909,s0_original,meshes/s0_original/case_outputs/909__s0_original/segmentation_repaired.stl,2586984,6.6,0,True,True,8,Consider enabling brim; Consider enabling supports; Detected print stability issues; Floating object part; Loose extrusions; Low bed adhesion; Repaired; WARNING,,4224271.0,453.0,0.0,1h 28m 21s,88.35,6.78,2273.22,P1_no_supports
910,s0_original,meshes/s0_original/case_outputs/910__s0_original/segmentation_repaired.stl,3895384,8.99,0,True,True,8,Consider enabling brim; Consider enabling supports; Detected print stability issues; Floating object part; Loose extrusions; Low bed adhesion; Repaired; WARNING,,6434836.0,447.0,0.0,2h 2m 41s,122.68333333333334,10.42,3493.96,P1_no_supports
911,s0_original,meshes/s0_original/case_outputs/911__s0_original/segmentation_repaired.stl,2799784,6.88,0,True,True,8,Consider enabling brim; Consider enabling supports; Detected print stability issues; Floating object part; Loose extrusions; Low bed adhesion; Repaired; WARNING,,4685386.0,426.0,0.0,1h 36m 25s,96.41666666666669,7.75,2598.66,P1_no_supports
912,s0_original,meshes/s0_original/case_outputs/912__s0_original/segmentation_repaired.stl,3156384,7.02,0,True,True,8,Consider enabling brim; Consider enabling supports; Detected print stability issues; Floating object part; Loose extrusions; Low bed adhesion; Repaired; WARNING,,5098695.0,480.0,0.0,1h 51m 36s,111.6,8.73,2927.38,P1_no_supports
913,s0_original,meshes/s0_original/case_outputs/913__s0_original/segmentation_repaired.stl,3498684,7.64,1,False,False,8,Consider enabling brim; Consider enabling supports; Detected print stability issues; Floating object part; Loose extrusions; Low bed adhesion; Repaired; WARNING,There is an object with no extrusions in the first layer. | Object name: segmentation_repaired.stl,,,,,,,,P1_no_supports
914,s0_original,meshes/s0_original/case_outputs/914__s0_original/segmentation_repaired.stl,2224684,5.67,1,False,False,8,Consider enabling brim; Consider enabling supports; Detected print stability issues; Floating object part; Loose extrusions; Low bed adhesion; Repaired; WARNING,There is an object with no extrusions in the first layer. | Object name: segmentation_repaired.stl,,,,,,,,P1_no_supports
915,s0_original,meshes/s0_original/case_outputs/915__s0_original/segmentation_repaired.stl,4114284,9.57,0,True,True,8,Consider enabling brim; Consider enabling supports; Detected print stability issues; Floating object part; Loose extrusions; Low bed adhesion; Repaired; WARNING,,7076496.0,489.0,0.0,2h 22m 49s,142.81666666666666,12.06,4043.35,P1_no_supports
916,s0_original,meshes/s0_original/case_outputs/916__s0_original/segmentation_repaired.stl,3144384,7.93,0,True,True,8,Consider enabling brim; Consider enabling supports; Detected print stability issues; Floating object part; Loose extrusions; Low bed adhesion; Repaired; WARNING,,5297622.0,480.0,0.0,1h 52m 23s,112.38333333333334,8.98,3011.98,P1_no_supports
917,s0_original,meshes/s0_original/case_outputs/917__s0_original/segmentation_repaired.stl,3797584,8.52,1,False,False,8,Consider enabling brim; Consider enabling supports; Detected print stability issues; Floating object part; Loose extrusions; Low bed adhesion; Repaired; WARNING,There is an object with no extrusions in the first layer. | Object name: segmentation_repaired.stl,,,,,,,,P1_no_supports
918,s0_original,meshes/s0_original/case_outputs/918__s0_original/segmentation_repaired.stl,2613784,6.62,0,True,True,8,Consider enabling brim; Consider enabling supports; Detected print stability issues; Floating object part; Loose extrusions; Low bed adhesion; Repaired; WARNING,,4596211.0,439.0,0.0,1h 35m 17s,95.28333333333332,7.64,2562.88,P1_no_supports
919,s0_original,meshes/s0_original/case_outputs/919__s0_original/segmentation_repaired.stl,2996684,6.6,1,False,False,8,Consider enabling brim; Consider enabling supports; Detected print stability issues; Floating object part; Loose extrusions; Low bed adhesion; Repaired; WARNING,There is an object with no extrusions in the first layer. | Object name: segmentation_repaired.stl,,,,,,,,P1_no_supports
920,s0_original,meshes/s0_original/case_outputs/920__s0_original/segmentation_repaired.stl,3207684,7.62,0,True,True,8,Consider enabling brim; Consider enabling supports; Detected print stability issues; Floating object part; Loose extrusions; Low bed adhesion; Repaired; WARNING,,5286920.0,447.0,0.0,1h 48m 26s,108.43333333333334,8.49,2847.92,P1_no_supports
921,s0_original,meshes/s0_original/case_outputs/921__s0_original/segmentation_repaired.stl,3201284,7.92,0,True,True,8,Consider enabling brim; Consider enabling supports; Detected print stability issues; Floating object part; Loose extrusions; Low bed adhesion; Repaired; WARNING,,5307525.0,435.0,0.0,1h 53m 40s,113.66666666666669,9.02,3025.64,P1_no_supports
922,s0_original,meshes/s0_original/case_outputs/922__s0_original/segmentation_repaired.stl,1665884,4.69,0,True,True,8,Consider enabling brim; Consider enabling supports; Detected print stability issues; Floating object part; Loose extrusions; Low bed adhesion; Repaired; WARNING,,2685473.0,315.0,0.0,56m 42s,56.7,4.47,1499.77,P1_no_supports
923,s0_original,meshes/s0_original/case_outputs/923__s0_original/segmentation_repaired.stl,3626084,8.42,0,True,True,8,Consider enabling brim; Consider enabling supports; Detected print stability issues; Floating object part; Loose extrusions; Low bed adhesion; Repaired; WARNING,,6003192.0,498.0,0.0,2h 10m 51s,130.85,11.09,3718.56,P1_no_supports
924,s0_original,meshes/s0_original/case_outputs/924__s0_original/segmentation_repaired.stl,3759284,9.44,0,True,True,8,Consider enabling brim; Consider enabling supports; Detected print stability issues; Floating object part; Loose extrusions; Low bed adhesion; Repaired; WARNING,,6399535.0,618.0,0.0,2h 14m 4s,134.06666666666666,10.16,3406.1,P1_no_supports
925,s0_original,meshes/s0_original/case_outputs/925__s0_original/segmentation_repaired.stl,3263484,7.83,0,True,True,8,Consider enabling brim; Consider enabling supports; Detected print stability issues; Floating object part; Loose extrusions; Low bed adhesion; Repaired; WARNING,,5668087.0,473.0,0.0,1h 52m 45s,112.75,9.3,3119.79,P1_no_supports
926,s0_original,meshes/s0_original/case_outputs/926__s0_original/segmentation_repaired.stl,2309484,6.04,0,True,True,8,Consider enabling brim; Consider enabling supports; Detected print stability issues; Floating object part; Loose extrusions; Low bed adhesion; Repaired; WARNING,,3915976.0,483.0,0.0,1h 26m 25s,86.41666666666667,6.48,2172.11,P1_no_supports
927,s0_original,meshes/s0_original/case_outputs/927__s0_original/segmentation_repaired.stl,2999984,7.19,0,True,True,8,Consider enabling brim; Consider enabling supports; Detected print stability issues; Floating object part; Loose extrusions; Low bed adhesion; Repaired; WARNING,,4911857.0,450.0,0.0,1h 41m 17s,101.28333333333332,7.73,2592.46,P1_no_supports
928,s0_original,meshes/s0_original/case_outputs/928__s0_original/segmentation_repaired.stl,2932884,6.93,1,False,False,8,Consider enabling brim; Consider enabling supports; Detected print stability issues; Floating object part; Loose extrusions; Low bed adhesion; Repaired; WARNING,There is an object with no extrusions in the first layer. | Object name: segmentation_repaired.stl,,,,,,,,P1_no_supports
929,s0_original,meshes/s0_original/case_outputs/929__s0_original/segmentation_repaired.stl,2697884,6.52,0,True,True,8,Consider enabling brim; Consider enabling supports; Detected print stability issues; Floating object part; Loose extrusions; Low bed adhesion; Repaired; WARNING,,4505591.0,426.0,0.0,1h 30m 37s,90.61666666666666,8.02,2690.65,P1_no_supports
930,s0_original,meshes/s0_original/case_outputs/930__s0_original/segmentation_repaired.stl,3079084,7.23,0,True,True,8,Consider enabling brim; Consider enabling supports; Detected print stability issues; Floating object part; Loose extrusions; Low bed adhesion; Repaired; WARNING,,4999936.0,393.0,0.0,1h 44m 46s,104.76666666666668,9.09,3046.85,P1_no_supports
931,s0_original,meshes/s0_original/case_outputs/931__s0_original/segmentation_repaired.stl,1906684,4.48,0,True,True,8,Consider enabling brim; Consider enabling supports; Detected print stability issues; Floating object part; Loose extrusions; Low bed adhesion; Repaired; WARNING,,2919719.0,440.0,0.0,1h 1m 57s,61.95,4.55,1526.35,P1_no_supports
932,s0_original,meshes/s0_original/case_outputs/932__s0_original/segmentation_repaired.stl,2848684,7.54,0,True,True,8,Consider enabling brim; Consider enabling supports; Detected print stability issues; Floating object part; Loose extrusions; Low bed adhesion; Repaired; WARNING,,4856737.0,420.0,0.0,1h 42m 4s,102.06666666666666,8.28,2777.29,P1_no_supports
933,s0_original,meshes/s0_original/case_outputs/933__s0_original/segmentation_repaired.stl,3221784,7.21,0,True,True,8,Consider enabling brim; Consider enabling supports; Detected print stability issues; Floating object part; Loose extrusions; Low bed adhesion; Repaired; WARNING,,5380481.0,513.0,0.0,1h 50m 19s,110.31666666666666,8.4,2816.05,P1_no_supports
934,s0_original,meshes/s0_original/case_outputs/934__s0_original/segmentation_repaired.stl,3187384,7.97,0,True,True,8,Consider enabling brim; Consider enabling supports; Detected print stability issues; Floating object part; Loose extrusions; Low bed adhesion; Repaired; WARNING,,5367814.0,516.0,0.0,2h 0m 19s,120.31666666666666,9.3,3118.25,P1_no_supports
935,s0_original,meshes/s0_original/case_outputs/935__s0_original/segmentation_repaired.stl,3187884,7.34,0,True,True,8,Consider enabling brim; Consider enabling supports; Detected print stability issues; Floating object part; Loose extrusions; Low bed adhesion; Repaired; WARNING,,5256932.0,458.0,0.0,1h 52m 2s,112.03333333333332,9.2,3084.02,P1_no_supports
936,s0_original,meshes/s0_original/case_outputs/936__s0_original/segmentation_repaired.stl,2577784,6.22,0,True,True,8,Consider enabling brim; Consider enabling supports; Detected print stability issues; Floating object part; Loose extrusions; Low bed adhesion; Repaired; WARNING,,4175647.0,387.0,0.0,1h 28m 32s,88.53333333333333,7.92,2654.08,P1_no_supports
937,s0_original,meshes/s0_original/case_outputs/937__s0_original/segmentation_repaired.stl,2751484,6.93,0,True,True,8,Consider enabling brim; Consider enabling supports; Detected print stability issues; Floating object part; Loose extrusions; Low bed adhesion; Repaired; WARNING,,4658410.0,417.0,0.0,1h 37m 9s,97.15,7.44,2495.36,P1_no_supports
938,s0_original,meshes/s0_original/case_outputs/938__s0_original/segmentation_repaired.stl,3723684,8.78,0,True,True,8,Consider enabling brim; Consider enabling supports; Detected print stability issues; Floating object part; Loose extrusions; Low bed adhesion; Repaired; WARNING,,6272935.0,459.0,0.0,2h 11m 47s,131.78333333333333,11.37,3810.67,P1_no_supports
939,s0_original,meshes/s0_original/case_outputs/939__s0_original/segmentation_repaired.stl,3363084,8.28,0,True,True,8,Consider enabling brim; Consider enabling supports; Detected print stability issues; Floating object part; Loose extrusions; Low bed adhesion; Repaired; WARNING,,5511994.0,447.0,0.0,1h 54m 20s,114.33333333333331,9.07,3041.74,P1_no_supports
940,s0_original,meshes/s0_original/case_outputs/940__s0_original/segmentation_repaired.stl,2655084,6.11,0,True,True,8,Consider enabling brim; Consider enabling supports; Detected print stability issues; Floating object part; Loose extrusions; Low bed adhesion; Repaired; WARNING,,4300802.0,416.0,0.0,1h 27m 4s,87.06666666666666,6.61,2217.77,P1_no_supports
941,s0_original,meshes/s0_original/case_outputs/941__s0_original/segmentation_repaired.stl,2217684,5.79,0,True,True,8,Consider enabling brim; Consider enabling supports; Detected print stability issues; Floating object part; Loose extrusions; Low bed adhesion; Repaired; WARNING,,3695130.0,447.0,0.0,1h 16m 28s,76.46666666666667,5.9,1977.1,P1_no_supports
942,s0_original,meshes/s0_original/case_outputs/942__s0_original/segmentation_repaired.stl,2339684,5.49,0,True,True,8,Consider enabling brim; Consider enabling supports; Detected print stability issues; Floating object part; Loose extrusions; Low bed adhesion; Repaired; WARNING,,3856043.0,396.0,0.0,1h 16m 25s,76.41666666666667,6.3,2112.25,P1_no_supports
943,s0_original,meshes/s0_original/case_outputs/943__s0_original/segmentation_repaired.stl,2731884,6.44,1,False,False,8,Consider enabling brim; Consider enabling supports; Detected print stability issues; Floating object part; Loose extrusions; Low bed adhesion; Repaired; WARNING,There is an object with no extrusions in the first layer. | Object name: segmentation_repaired.stl,,,,,,,,P1_no_supports
944,s0_original,meshes/s0_original/case_outputs/944__s0_original/segmentation_repaired.stl,4106984,10.0,0,True,True,8,Consider enabling brim; Consider enabling supports; Detected print stability issues; Floating object part; Loose extrusions; Low bed adhesion; Repaired; WARNING,,6868266.0,458.0,0.0,2h 16m 2s,136.03333333333333,11.14,3735.09,P1_no_supports
945,s0_original,meshes/s0_original/case_outputs/945__s0_original/segmentation_repaired.stl,3279384,8.02,0,True,True,8,Consider enabling brim; Consider enabling supports; Detected print stability issues; Floating object part; Loose extrusions; Low bed adhesion; Repaired; WARNING,,5560385.0,426.0,0.0,1h 54m 42s,114.7,9.07,3040.29,P1_no_supports
946,s0_original,meshes/s0_original/case_outputs/946__s0_original/segmentation_repaired.stl,2255484,6.28,0,True,True,8,Consider enabling brim; Consider enabling supports; Detected print stability issues; Floating object part; Loose extrusions; Low bed adhesion; Repaired; WARNING,,3797032.0,459.0,0.0,1h 17m 49s,77.81666666666666,6.25,2095.21,P1_no_supports
947,s0_original,meshes/s0_original/case_outputs/947__s0_original/segmentation_repaired.stl,4218284,9.58,0,True,True,8,Consider enabling brim; Consider enabling supports; Detected print stability issues; Floating object part; Loose extrusions; Low bed adhesion; Repaired; WARNING,,7091706.0,477.0,0.0,2h 29m 15s,149.25,13.17,4415.97,P1_no_supports
948,s0_original,meshes/s0_original/case_outputs/948__s0_original/segmentation_repaired.stl,4086084,10.05,0,True,True,8,Consider enabling brim; Consider enabling supports; Detected print stability issues; Floating object part; Loose extrusions; Low bed adhesion; Repaired; WARNING,,6616877.0,435.0,0.0,2h 17m 9s,137.15,12.1,4058.07,P1_no_supports
949,s0_original,meshes/s0_original/case_outputs/949__s0_original/segmentation_repaired.stl,2656284,6.82,0,True,True,8,Consider enabling brim; Consider enabling supports; Detected print stability issues; Floating object part; Loose extrusions; Low bed adhesion; Repaired; WARNING,,4438315.0,471.0,0.0,1h 34m 28s,94.46666666666668,7.39,2476.99,P1_no_supports
950,s0_original,meshes/s0_original/case_outputs/950__s0_original/segmentation_repaired.stl,2639984,6.37,0,True,True,8,Consider enabling brim; Consider enabling supports; Detected print stability issues; Floating object part; Loose extrusions; Low bed adhesion; Repaired; WARNING,,4308613.0,414.0,0.0,1h 30m 50s,90.83333333333331,6.95,2328.62,P1_no_supports
951,s0_original,meshes/s0_original/case_outputs/951__s0_original/segmentation_repaired.stl,3868384,9.01,0,True,True,8,Consider enabling brim; Consider enabling supports; Detected print stability issues; Floating object part; Loose extrusions; Low bed adhesion; Repaired; WARNING,,6250966.0,408.0,0.0,2h 5m 23s,125.38333333333334,11.75,3938.2,P1_no_supports
952,s0_original,meshes/s0_original/case_outputs/952__s0_original/segmentation_repaired.stl,2856084,6.29,0,True,True,6,Consider enabling supports; Detected print stability issues; Floating object part; Loose extrusions; Repaired; WARNING,,4508166.0,426.0,0.0,1h 31m 50s,91.83333333333331,7.94,2663.15,P1_no_supports
953,s0_original,meshes/s0_original/case_outputs/953__s0_original/segmentation_repaired.stl,4584484,11.0,0,True,True,8,Consider enabling brim; Consider enabling supports; Detected print stability issues; Floating object part; Loose extrusions; Low bed adhesion; Repaired; WARNING,,7689791.0,474.0,0.0,2h 36m 32s,156.53333333333333,12.69,4255.68,P1_no_supports
954,s0_original,meshes/s0_original/case_outputs/954__s0_original/segmentation_repaired.stl,2829684,6.95,0,True,True,8,Consider enabling brim; Consider enabling supports; Detected print stability issues; Floating object part; Loose extrusions; Low bed adhesion; Repaired; WARNING,,4784506.0,462.0,0.0,1h 39m 16s,99.26666666666668,8.34,2795.33,P1_no_supports
955,s0_original,meshes/s0_original/case_outputs/955__s0_original/segmentation_repaired.stl,3124684,7.9,0,True,True,8,Consider enabling brim; Consider enabling supports; Detected print stability issues; Floating object part; Loose extrusions; Low bed adhesion; Repaired; WARNING,,5429597.0,537.0,0.0,1h 56m 4s,116.06666666666666,9.12,3059.01,P1_no_supports
956,s0_original,meshes/s0_original/case_outputs/956__s0_original/segmentation_repaired.stl,2455684,6.38,0,True,True,8,Consider enabling brim; Consider enabling supports; Detected print stability issues; Floating object part; Loose extrusions; Low bed adhesion; Repaired; WARNING,,3991576.0,405.0,0.0,1h 21m 58s,81.96666666666667,6.64,2227.33,P1_no_supports
957,s0_original,meshes/s0_original/case_outputs/957__s0_original/segmentation_repaired.stl,3957284,9.11,0,True,True,8,Consider enabling brim; Consider enabling supports; Detected print stability issues; Floating object part; Loose extrusions; Low bed adhesion; Repaired; WARNING,,6541842.0,447.0,0.0,2h 11m 32s,131.53333333333333,10.24,3433.7,P1_no_supports
958,s0_original,meshes/s0_original/case_outputs/958__s0_original/segmentation_repaired.stl,3660084,9.0,0,True,True,6,Consider enabling supports; Detected print stability issues; Floating object part; Loose extrusions; Repaired; WARNING,,6265769.0,474.0,0.0,2h 12m 32s,132.53333333333333,10.6,3553.88,P1_no_supports
959,s0_original,meshes/s0_original/case_outputs/959__s0_original/segmentation_repaired.stl,2971284,7.47,0,True,True,8,Consider enabling brim; Consider enabling supports; Detected print stability issues; Floating object part; Loose extrusions; Low bed adhesion; Repaired; WARNING,,4768500.0,473.0,0.0,1h 36m 26s,96.43333333333334,7.96,2669.64,P1_no_supports
960,s0_original,meshes/s0_original/case_outputs/960__s0_original/segmentation_repaired.stl,3851884,8.61,0,True,True,8,Consider enabling brim; Consider enabling supports; Detected print stability issues; Floating object part; Loose extrusions; Low bed adhesion; Repaired; WARNING,,6389004.0,450.0,0.0,2h 11m 12s,131.2,11.3,3788.47,P1_no_supports
961,s0_original,meshes/s0_original/case_outputs/961__s0_original/segmentation_repaired.stl,2779484,6.65,0,True,True,8,Consider enabling brim; Consider enabling supports; Detected print stability issues; Floating object part; Loose extrusions; Low bed adhesion; Repaired; WARNING,,4661567.0,408.0,0.0,1h 37m 45s,97.75,7.73,2592.08,P1_no_supports
962,s0_original,meshes/s0_original/case_outputs/962__s0_original/segmentation_repaired.stl,4076784,9.88,0,True,True,6,Consider enabling supports; Detected print stability issues; Floating object part; Loose extrusions; Repaired; WARNING,,6715965.0,484.0,0.0,2h 13m 49s,133.81666666666666,11.54,3867.87,P1_no_supports
963,s0_original,meshes/s0_original/case_outputs/963__s0_original/segmentation_repaired.stl,5145884,12.77,0,True,True,8,Consider enabling brim; Consider enabling supports; Detected print stability issues; Floating object part; Loose extrusions; Low bed adhesion; Repaired; WARNING,,8491542.0,471.0,0.0,2h 55m 36s,175.6,15.6,5229.29,P1_no_supports
964,s0_original,meshes/s0_original/case_outputs/964__s0_original/segmentation_repaired.stl,3700084,7.56,1,False,False,8,Consider enabling brim; Consider enabling supports; Detected print stability issues; Floating object part; Loose extrusions; Low bed adhesion; Repaired; WARNING,There is an object with no extrusions in the first layer. | Object name: segmentation_repaired.stl,,,,,,,,P1_no_supports
965,s0_original,meshes/s0_original/case_outputs/965__s0_original/segmentation_repaired.stl,3519684,8.74,0,True,True,8,Consider enabling brim; Consider enabling supports; Detected print stability issues; Floating object part; Loose extrusions; Low bed adhesion; Repaired; WARNING,,5756994.0,417.0,0.0,1h 56m 1s,116.01666666666668,10.03,3362.42,P1_no_supports
966,s0_original,meshes/s0_original/case_outputs/966__s0_original/segmentation_repaired.stl,4090484,9.44,0,True,True,8,Consider enabling brim; Consider enabling supports; Detected print stability issues; Floating object part; Loose extrusions; Low bed adhesion; Repaired; WARNING,,6831633.0,444.0,0.0,2h 16m 8s,136.13333333333333,11.46,3841.74,P1_no_supports
967,s0_original,meshes/s0_original/case_outputs/967__s0_original/segmentation_repaired.stl,3453384,7.95,0,True,True,8,Consider enabling brim; Consider enabling supports; Detected print stability issues; Floating object part; Loose extrusions; Low bed adhesion; Repaired; WARNING,,5813115.0,507.0,0.0,2h 2m 32s,122.53333333333332,10.13,3398.04,P1_no_supports
968,s0_original,meshes/s0_original/case_outputs/968__s0_original/segmentation_repaired.stl,2285484,5.34,1,False,False,6,Consider enabling supports; Detected print stability issues; Floating object part; Loose extrusions; Repaired; WARNING,There is an object with no extrusions in the first layer. | Object name: segmentation_repaired.stl,,,,,,,,P1_no_supports
969,s0_original,meshes/s0_original/case_outputs/969__s0_original/segmentation_repaired.stl,3678784,8.38,0,True,True,8,Consider enabling brim; Consider enabling supports; Detected print stability issues; Floating object part; Loose extrusions; Low bed adhesion; Repaired; WARNING,,6261021.0,528.0,0.0,2h 13m 6s,133.1,10.6,3552.52,P1_no_supports
970,s0_original,meshes/s0_original/case_outputs/970__s0_original/segmentation_repaired.stl,2117284,5.41,0,True,True,8,Consider enabling brim; Consider enabling supports; Detected print stability issues; Floating object part; Loose extrusions; Low bed adhesion; Repaired; WARNING,,3515588.0,443.0,0.0,1h 15m 13s,75.21666666666667,5.7,1910.13,P1_no_supports
971,s0_original,meshes/s0_original/case_outputs/971__s0_original/segmentation_repaired.stl,2701484,6.46,0,True,True,8,Consider enabling brim; Consider enabling supports; Detected print stability issues; Floating object part; Loose extrusions; Low bed adhesion; Repaired; WARNING,,4566145.0,561.0,0.0,1h 40m 45s,100.75,7.49,2512.27,P1_no_supports
972,s0_original,meshes/s0_original/case_outputs/972__s0_original/segmentation_repaired.stl,2720884,6.85,0,True,True,8,Consider enabling brim; Consider enabling supports; Detected print stability issues; Floating object part; Loose extrusions; Low bed adhesion; Repaired; WARNING,,4476965.0,371.0,0.0,1h 31m 57s,91.95,7.33,2457.01,P1_no_supports
973,s0_original,meshes/s0_original/case_outputs/973__s0_original/segmentation_repaired.stl,3467784,8.59,0,True,True,8,Consider enabling brim; Consider enabling supports; Detected print stability issues; Floating object part; Loose extrusions; Low bed adhesion; Repaired; WARNING,,5660345.0,468.0,0.0,1h 55m 29s,115.48333333333332,10.71,3589.56,P1_no_supports
974,s0_original,meshes/s0_original/case_outputs/974__s0_original/segmentation_repaired.stl,5122684,11.71,0,True,True,8,Consider enabling brim; Consider enabling supports; Detected print stability issues; Floating object part; Loose extrusions; Low bed adhesion; Repaired; WARNING,,8582817.0,468.0,0.0,2h 57m 38s,177.63333333333333,15.58,5225.07,P1_no_supports
975,s0_original,meshes/s0_original/case_outputs/975__s0_original/segmentation_repaired.stl,4196284,9.77,0,True,True,8,Consider enabling brim; Consider enabling supports; Detected print stability issues; Floating object part; Loose extrusions; Low bed adhesion; Repaired; WARNING,,6947681.0,470.0,0.0,2h 18m 45s,138.75,12.3,4123.98,P1_no_supports
976,s0_original,meshes/s0_original/case_outputs/976__s0_original/segmentation_repaired.stl,2673784,6.25,1,False,False,6,Consider enabling supports; Detected print stability issues; Floating object part; Loose extrusions; Repaired; WARNING,There is an object with no extrusions in the first layer. | Object name: segmentation_repaired.stl,,,,,,,,P1_no_supports
977,s0_original,meshes/s0_original/case_outputs/977__s0_original/segmentation_repaired.stl,2827684,7.27,0,True,True,8,Consider enabling brim; Consider enabling supports; Detected print stability issues; Floating object part; Loose extrusions; Low bed adhesion; Repaired; WARNING,,4808711.0,450.0,0.0,1h 44m 17s,104.28333333333332,8.29,2778.79,P1_no_supports
978,s0_original,meshes/s0_original/case_outputs/978__s0_original/segmentation_repaired.stl,3488784,8.14,0,True,True,8,Consider enabling brim; Consider enabling supports; Detected print stability issues; Floating object part; Loose extrusions; Low bed adhesion; Repaired; WARNING,,5617062.0,387.0,0.0,1h 49m 47s,109.78333333333332,9.49,3180.62,P1_no_supports
979,s0_original,meshes/s0_original/case_outputs/979__s0_original/segmentation_repaired.stl,2979484,6.79,1,False,False,8,Consider enabling brim; Consider enabling supports; Detected print stability issues; Floating object part; Loose extrusions; Low bed adhesion; Repaired; WARNING,There is an object with no extrusions in the first layer. | Object name: segmentation_repaired.stl,,,,,,,,P1_no_supports
980,s0_original,meshes/s0_original/case_outputs/980__s0_original/segmentation_repaired.stl,2975184,7.06,0,True,True,8,Consider enabling brim; Consider enabling supports; Detected print stability issues; Floating object part; Loose extrusions; Low bed adhesion; Repaired; WARNING,,4838685.0,438.0,0.0,1h 45m 13s,105.21666666666668,9.33,3128.94,P1_no_supports
981,s0_original,meshes/s0_original/case_outputs/981__s0_original/segmentation_repaired.stl,1857384,4.32,1,False,False,6,Consider enabling supports; Detected print stability issues; Floating object part; Loose extrusions; Repaired; WARNING,There is an object with no extrusions in the first layer. | Object name: segmentation_repaired.stl,,,,,,,,P1_no_supports
982,s0_original,meshes/s0_original/case_outputs/982__s0_original/segmentation_repaired.stl,2248684,5.63,0,True,True,8,Consider enabling brim; Consider enabling supports; Detected print stability issues; Floating object part; Loose extrusions; Low bed adhesion; Repaired; WARNING,,3639184.0,378.0,0.0,1h 13m 42s,73.7,6.03,2021.26,P1_no_supports
983,s0_original,meshes/s0_original/case_outputs/983__s0_original/segmentation_repaired.stl,3902084,9.55,0,True,True,8,Consider enabling brim; Consider enabling supports; Detected print stability issues; Floating object part; Loose extrusions; Low bed adhesion; Repaired; WARNING,,6720341.0,446.0,0.0,2h 14m 50s,134.83333333333334,11.26,3776.36,P1_no_supports
984,s0_original,meshes/s0_original/case_outputs/984__s0_original/segmentation_repaired.stl,3934084,8.5,0,True,True,8,Consider enabling brim; Consider enabling supports; Detected print stability issues; Floating object part; Loose extrusions; Low bed adhesion; Repaired; WARNING,,6086405.0,477.0,0.0,2h 12m 23s,132.38333333333333,11.29,3786.32,P1_no_supports
985,s0_original,meshes/s0_original/case_outputs/985__s0_original/segmentation_repaired.stl,3195284,7.22,0,True,True,8,Consider enabling brim; Consider enabling supports; Detected print stability issues; Floating object part; Loose extrusions; Low bed adhesion; Repaired; WARNING,,5247584.0,477.0,0.0,1h 51m 23s,111.38333333333334,9.04,3029.86,P1_no_supports
986,s0_original,meshes/s0_original/case_outputs/986__s0_original/segmentation_repaired.stl,3260584,9.01,0,True,True,8,Consider enabling brim; Consider enabling supports; Detected print stability issues; Floating object part; Loose extrusions; Low bed adhesion; Repaired; WARNING,,5361251.0,480.0,0.0,1h 54m 23s,114.38333333333334,9.38,3146.58,P1_no_supports
987,s0_original,meshes/s0_original/case_outputs/987__s0_original/segmentation_repaired.stl,4208684,9.84,0,True,True,8,Consider enabling brim; Consider enabling supports; Detected print stability issues; Floating object part; Loose extrusions; Low bed adhesion; Repaired; WARNING,,7062269.0,495.0,0.0,2h 33m 34s,153.56666666666666,13.12,4399.88,P1_no_supports
988,s0_original,meshes/s0_original/case_outputs/988__s0_original/segmentation_repaired.stl,2699984,6.48,0,True,True,8,Consider enabling brim; Consider enabling supports; Detected print stability issues; Floating object part; Loose extrusions; Low bed adhesion; Repaired; WARNING,,4308429.0,390.0,0.0,1h 28m 33s,88.55,7.12,2386.37,P1_no_supports
989,s0_original,meshes/s0_original/case_outputs/989__s0_original/segmentation_repaired.stl,3471384,8.22,0,True,True,8,Consider enabling brim; Consider enabling supports; Detected print stability issues; Floating object part; Loose extrusions; Low bed adhesion; Repaired; WARNING,,5657381.0,453.0,0.0,1h 56m 9s,116.15,9.46,3171.14,P1_no_supports
990,s0_original,meshes/s0_original/case_outputs/990__s0_original/segmentation_repaired.stl,3068884,7.47,0,True,True,8,Consider enabling brim; Consider enabling supports; Detected print stability issues; Floating object part; Loose extrusions; Low bed adhesion; Repaired; WARNING,,5112081.0,462.0,0.0,1h 50m 36s,110.6,9.09,3049.15,P1_no_supports
991,s0_original,meshes/s0_original/case_outputs/991__s0_original/segmentation_repaired.stl,3045284,7.41,0,True,True,8,Consider enabling brim; Consider enabling supports; Detected print stability issues; Floating object part; Loose extrusions; Low bed adhesion; Repaired; WARNING,,5004893.0,390.0,0.0,1h 44m 20s,104.33333333333331,8.52,2855.68,P1_no_supports
992,s0_original,meshes/s0_original/case_outputs/992__s0_original/segmentation_repaired.stl,2485884,6.48,0,True,True,8,Consider enabling brim; Consider enabling supports; Detected print stability issues; Floating object part; Loose extrusions; Low bed adhesion; Repaired; WARNING,,4063687.0,435.0,0.0,1h 24m 44s,84.73333333333333,6.83,2289.36,P1_no_supports
993,s0_original,meshes/s0_original/case_outputs/993__s0_original/segmentation_repaired.stl,5220884,12.27,0,True,True,8,Consider enabling brim; Consider enabling supports; Detected print stability issues; Floating object part; Loose extrusions; Low bed adhesion; Repaired; WARNING,,8365742.0,483.0,0.0,2h 45m 17s,165.28333333333333,15.31,5132.88,P1_no_supports
994,s0_original,meshes/s0_original/case_outputs/994__s0_original/segmentation_repaired.stl,3640384,9.46,0,True,True,8,Consider enabling brim; Consider enabling supports; Detected print stability issues; Floating object part; Loose extrusions; Low bed adhesion; Repaired; WARNING,,6016479.0,390.0,0.0,2h 0m 32s,120.53333333333332,10.06,3373.2,P1_no_supports
995,s0_original,meshes/s0_original/case_outputs/995__s0_original/segmentation_repaired.stl,3095184,6.69,0,True,True,8,Consider enabling brim; Consider enabling supports; Detected print stability issues; Floating object part; Loose extrusions; Low bed adhesion; Repaired; WARNING,,4953817.0,387.0,0.0,1h 37m 49s,97.81666666666666,8.11,2719.55,P1_no_supports
996,s0_original,meshes/s0_original/case_outputs/996__s0_original/segmentation_repaired.stl,2762884,6.35,0,True,True,8,Consider enabling brim; Consider enabling supports; Detected print stability issues; Floating object part; Loose extrusions; Low bed adhesion; Repaired; WARNING,,4466493.0,387.0,0.0,1h 29m 44s,89.73333333333333,7.3,2446.96,P1_no_supports
997,s0_original,meshes/s0_original/case_outputs/997__s0_original/segmentation_repaired.stl,3989084,9.14,0,True,True,8,Consider enabling brim; Consider enabling supports; Detected print stability issues; Floating object part; Loose extrusions; Low bed adhesion; Repaired; WARNING,,6648792.0,396.0,0.0,2h 14m 18s,134.3,11.52,3862.76,P1_no_supports
998,s0_original,meshes/s0_original/case_outputs/998__s0_original/segmentation_repaired.stl,3678684,8.76,0,True,True,8,Consider enabling brim; Consider enabling supports; Detected print stability issues; Floating object part; Loose extrusions; Low bed adhesion; Repaired; WARNING,,6016553.0,408.0,0.0,2h 8m 45s,128.75,11.32,3796.65,P1_no_supports
999,s0_original,meshes/s0_original/case_outputs/999__s0_original/segmentation_repaired.stl,2205484,5.48,0,True,True,8,Consider enabling brim; Consider enabling supports; Detected print stability issues; Floating object part; Loose extrusions; Low bed adhesion; Repaired; WARNING,,3613064.0,393.0,0.0,1h 12m 55s,72.91666666666667,5.72,1919.5,P1_no_supports
1000,s1_absolute_volume__mm3_5,meshes/s1_absolute_volume__mm3_5/case_outputs/1000__s1_absolute_volume__mm3_5/segmentation_repaired.stl,3166384,7.4,0,True,True,8,Consider enabling brim; Consider enabling supports; Detected print stability issues; Floating object part; Loose extrusions; Low bed adhesion; Repaired; WARNING,,5242626.0,435.0,0.0,1h 47m 8s,107.13333333333334,8.91,2987.27,P1_no_supports
751,s1_absolute_volume__mm3_5,meshes/s1_absolute_volume__mm3_5/case_outputs/751__s1_absolute_volume__mm3_5/segmentation_repaired.stl,3391284,7.58,0,True,True,8,Consider enabling brim; Consider enabling supports; Detected print stability issues; Floating object part; Loose extrusions; Low bed adhesion; Repaired; WARNING,,5561537.0,489.0,0.0,1h 58m 43s,118.71666666666668,9.07,3039.91,P1_no_supports
752,s1_absolute_volume__mm3_5,meshes/s1_absolute_volume__mm3_5/case_outputs/752__s1_absolute_volume__mm3_5/segmentation_repaired.stl,3933384,9.74,0,True,True,8,Consider enabling brim; Consider enabling supports; Detected print stability issues; Floating object part; Loose extrusions; Low bed adhesion; Repaired; WARNING,,6621214.0,516.0,0.0,2h 16m 2s,136.03333333333333,10.64,3568.74,P1_no_supports
753,s1_absolute_volume__mm3_5,meshes/s1_absolute_volume__mm3_5/case_outputs/753__s1_absolute_volume__mm3_5/segmentation_repaired.stl,2073384,5.58,0,True,True,8,Consider enabling brim; Consider enabling supports; Detected print stability issues; Floating object part; Loose extrusions; Low bed adhesion; Repaired; WARNING,,3447266.0,393.0,0.0,1h 13m 57s,73.95,5.7,1911.22,P1_no_supports
754,s1_absolute_volume__mm3_5,meshes/s1_absolute_volume__mm3_5/case_outputs/754__s1_absolute_volume__mm3_5/segmentation_repaired.stl,2759484,7.57,0,True,True,7,Consider enabling brim; Consider enabling supports; Detected print stability issues; Floating object part; Low bed adhesion; Repaired; WARNING,,4856818.0,564.0,0.0,1h 48m 13s,108.21666666666668,8.15,2732.74,P1_no_supports
755,s1_absolute_volume__mm3_5,meshes/s1_absolute_volume__mm3_5/case_outputs/755__s1_absolute_volume__mm3_5/segmentation_repaired.stl,2891984,7.14,0,True,True,8,Consider enabling brim; Consider enabling supports; Detected print stability issues; Floating object part; Loose extrusions; Low bed adhesion; Repaired; WARNING,,4787793.0,453.0,0.0,1h 37m 10s,97.16666666666669,7.88,2641.67,P1_no_supports
756,s1_absolute_volume__mm3_5,meshes/s1_absolute_volume__mm3_5/case_outputs/756__s1_absolute_volume__mm3_5/segmentation_repaired.stl,2146784,5.51,0,True,True,8,Consider enabling brim; Consider enabling supports; Detected print stability issues; Floating object part; Loose extrusions; Low bed adhesion; Repaired; WARNING,,3585611.0,402.0,0.0,1h 15m 32s,75.53333333333333,5.71,1915.63,P1_no_supports
757,s1_absolute_volume__mm3_5,meshes/s1_absolute_volume__mm3_5/case_outputs/757__s1_absolute_volume__mm3_5/segmentation_repaired.stl,3318484,8.18,0,True,True,8,Consider enabling brim; Consider enabling supports; Detected print stability issues; Floating object part; Loose extrusions; Low bed adhesion; Repaired; WARNING,,5598700.0,489.0,0.0,2h 2m 49s,122.81666666666666,9.69,3250.03,P1_no_supports
758,s1_absolute_volume__mm3_5,meshes/s1_absolute_volume__mm3_5/case_outputs/758__s1_absolute_volume__mm3_5/segmentation_repaired.stl,2635484,6.1,0,True,True,8,Consider enabling brim; Consider enabling supports; Detected print stability issues; Floating object part; Loose extrusions; Low bed adhesion; Repaired; WARNING,,4415082.0,579.0,0.0,1h 38m 54s,98.9,7.08,2374.19,P1_no_supports
759,s1_absolute_volume__mm3_5,meshes/s1_absolute_volume__mm3_5/case_outputs/759__s1_absolute_volume__mm3_5/segmentation_repaired.stl,1908184,4.66,0,True,True,8,Consider enabling brim; Consider enabling supports; Detected print stability issues; Floating object part; Loose extrusions; Low bed adhesion; Repaired; WARNING,,3072131.0,414.0,0.0,1h 5m 49s,65.81666666666666,5.01,1681.1,P1_no_supports
760,s1_absolute_volume__mm3_5,meshes/s1_absolute_volume__mm3_5/case_outputs/760__s1_absolute_volume__mm3_5/segmentation_repaired.stl,3480484,8.43,0,True,True,8,Consider enabling brim; Consider enabling supports; Detected print stability issues; Floating object part; Loose extrusions; Low bed adhesion; Repaired; WARNING,,5792325.0,465.0,0.0,2h 3m 14s,123.23333333333332,9.94,3331.61,P1_no_supports
761,s1_absolute_volume__mm3_5,meshes/s1_absolute_volume__mm3_5/case_outputs/761__s1_absolute_volume__mm3_5/segmentation_repaired.stl,3742684,8.92,0,True,True,8,Consider enabling brim; Consider enabling supports; Detected print stability issues; Floating object part; Loose extrusions; Low bed adhesion; Repaired; WARNING,,6232177.0,420.0,0.0,2h 1m 22s,121.36666666666666,10.43,3497.98,P1_no_supports
762,s1_absolute_volume__mm3_5,meshes/s1_absolute_volume__mm3_5/case_outputs/762__s1_absolute_volume__mm3_5/segmentation_repaired.stl,3835984,8.67,0,True,True,8,Consider enabling brim; Consider enabling supports; Detected print stability issues; Floating object part; Loose extrusions; Low bed adhesion; Repaired; WARNING,,6378425.0,515.0,0.0,2h 12m 57s,132.95,10.61,3558.11,P1_no_supports
763,s1_absolute_volume__mm3_5,meshes/s1_absolute_volume__mm3_5/case_outputs/763__s1_absolute_volume__mm3_5/segmentation_repaired.stl,3856284,9.01,0,True,True,8,Consider enabling brim; Consider enabling supports; Detected print stability issues; Floating object part; Loose extrusions; Low bed adhesion; Repaired; WARNING,,6609878.0,465.0,0.0,2h 14m 53s,134.88333333333333,11.19,3753.02,P1_no_supports
764,s1_absolute_volume__mm3_5,meshes/s1_absolute_volume__mm3_5/case_outputs/764__s1_absolute_volume__mm3_5/segmentation_repaired.stl,4799484,10.59,0,True,True,8,Consider enabling brim; Consider enabling supports; Detected print stability issues; Floating object part; Loose extrusions; Low bed adhesion; Repaired; WARNING,,7813045.0,432.0,0.0,2h 36m 16s,156.26666666666668,13.97,4684.42,P1_no_supports
765,s1_absolute_volume__mm3_5,meshes/s1_absolute_volume__mm3_5/case_outputs/765__s1_absolute_volume__mm3_5/segmentation_repaired.stl,2903484,7.38,0,True,True,8,Consider enabling brim; Consider enabling supports; Detected print stability issues; Floating object part; Loose extrusions; Low bed adhesion; Repaired; WARNING,,4746168.0,447.0,0.0,1h 42m 24s,102.4,7.64,2562.24,P1_no_supports
766,s1_absolute_volume__mm3_5,meshes/s1_absolute_volume__mm3_5/case_outputs/766__s1_absolute_volume__mm3_5/segmentation_repaired.stl,5366884,12.15,0,True,True,8,Consider enabling brim; Consider enabling supports; Detected print stability issues; Floating object part; Loose extrusions; Low bed adhesion; Repaired; WARNING,,8700811.0,504.0,0.0,2h 54m 40s,174.66666666666666,15.54,5210.96,P1_no_supports
767,s1_absolute_volume__mm3_5,meshes/s1_absolute_volume__mm3_5/case_outputs/767__s1_absolute_volume__mm3_5/segmentation_repaired.stl,2405084,6.72,0,True,True,8,Consider enabling brim; Consider enabling supports; Detected print stability issues; Floating object part; Loose extrusions; Low bed adhesion; Repaired; WARNING,,4044596.0,433.0,0.0,1h 23m 3s,83.05,6.3,2112.15,P1_no_supports
768,s1_absolute_volume__mm3_5,meshes/s1_absolute_volume__mm3_5/case_outputs/768__s1_absolute_volume__mm3_5/segmentation_repaired.stl,2838084,6.26,0,True,True,8,Consider enabling brim; Consider enabling supports; Detected print stability issues; Floating object part; Loose extrusions; Low bed adhesion; Repaired; WARNING,,4468755.0,447.0,0.0,1h 28m 40s,88.66666666666667,7.84,2628.75,P1_no_supports
769,s1_absolute_volume__mm3_5,meshes/s1_absolute_volume__mm3_5/case_outputs/769__s1_absolute_volume__mm3_5/segmentation_repaired.stl,3679184,9.33,0,True,True,8,Consider enabling brim; Consider enabling supports; Detected print stability issues; Floating object part; Loose extrusions; Low bed adhesion; Repaired; WARNING,,6452720.0,418.0,0.0,2h 11m 39s,131.65,10.87,3645.45,P1_no_supports
770,s1_absolute_volume__mm3_5,meshes/s1_absolute_volume__mm3_5/case_outputs/770__s1_absolute_volume__mm3_5/segmentation_repaired.stl,5030684,12.0,0,True,True,8,Consider enabling brim; Consider enabling supports; Detected print stability issues; Floating object part; Loose extrusions; Low bed adhesion; Repaired; WARNING,,8391106.0,468.0,0.0,2h 49m 18s,169.3,14.48,4856.31,P1_no_supports
771,s1_absolute_volume__mm3_5,meshes/s1_absolute_volume__mm3_5/case_outputs/771__s1_absolute_volume__mm3_5/segmentation_repaired.stl,2995284,7.7,0,True,True,8,Consider enabling brim; Consider enabling supports; Detected print stability issues; Floating object part; Loose extrusions; Low bed adhesion; Repaired; WARNING,,4930842.0,429.0,0.0,1h 40m 44s,100.73333333333332,8.45,2832.41,P1_no_supports
772,s1_absolute_volume__mm3_5,meshes/s1_absolute_volume__mm3_5/case_outputs/772__s1_absolute_volume__mm3_5/segmentation_repaired.stl,3243784,7.66,0,True,True,8,Consider enabling brim; Consider enabling supports; Detected print stability issues; Floating object part; Loose extrusions; Low bed adhesion; Repaired; WARNING,,5393294.0,434.0,0.0,1h 44m 8s,104.13333333333334,8.94,2997.4,P1_no_supports
773,s1_absolute_volume__mm3_5,meshes/s1_absolute_volume__mm3_5/case_outputs/773__s1_absolute_volume__mm3_5/segmentation_repaired.stl,2774484,7.29,0,True,True,8,Consider enabling brim; Consider enabling supports; Detected print stability issues; Floating object part; Loose extrusions; Low bed adhesion; Repaired; WARNING,,4725277.0,543.0,0.0,1h 40m 54s,100.9,7.59,2544.44,P1_no_supports
774,s1_absolute_volume__mm3_5,meshes/s1_absolute_volume__mm3_5/case_outputs/774__s1_absolute_volume__mm3_5/segmentation_repaired.stl,2797084,7.05,0,True,True,8,Consider enabling brim; Consider enabling supports; Detected print stability issues; Floating object part; Loose extrusions; Low bed adhesion; Repaired; WARNING,,4713751.0,501.0,0.0,1h 41m 31s,101.51666666666668,7.96,2669.46,P1_no_supports
775,s1_absolute_volume__mm3_5,meshes/s1_absolute_volume__mm3_5/case_outputs/775__s1_absolute_volume__mm3_5/segmentation_repaired.stl,2423284,5.61,0,True,True,8,Consider enabling brim; Consider enabling supports; Detected print stability issues; Floating object part; Loose extrusions; Low bed adhesion; Repaired; WARNING,,3967848.0,423.0,0.0,1h 18m 50s,78.83333333333333,6.66,2233.18,P1_no_supports
776,s1_absolute_volume__mm3_5,meshes/s1_absolute_volume__mm3_5/case_outputs/776__s1_absolute_volume__mm3_5/segmentation_repaired.stl,3435084,8.39,0,True,True,8,Consider enabling brim; Consider enabling supports; Detected print stability issues; Floating object part; Loose extrusions; Low bed adhesion; Repaired; WARNING,,5640417.0,441.0,0.0,1h 57m 53s,117.88333333333334,9.05,3033.87,P1_no_supports
777,s1_absolute_volume__mm3_5,meshes/s1_absolute_volume__mm3_5/case_outputs/777__s1_absolute_volume__mm3_5/segmentation_repaired.stl,2811384,6.86,0,True,True,8,Consider enabling brim; Consider enabling supports; Detected print stability issues; Floating object part; Loose extrusions; Low bed adhesion; Repaired; WARNING,,4690336.0,459.0,0.0,1h 37m 0s,97.0,7.3,2447.76,P1_no_supports
778,s1_absolute_volume__mm3_5,meshes/s1_absolute_volume__mm3_5/case_outputs/778__s1_absolute_volume__mm3_5/segmentation_repaired.stl,2813484,6.94,0,True,True,8,Consider enabling brim; Consider enabling supports; Detected print stability issues; Floating object part; Loose extrusions; Low bed adhesion; Repaired; WARNING,,4680786.0,462.0,0.0,1h 38m 11s,98.18333333333334,7.53,2525.98,P1_no_supports
779,s1_absolute_volume__mm3_5,meshes/s1_absolute_volume__mm3_5/case_outputs/779__s1_absolute_volume__mm3_5/segmentation_repaired.stl,3549684,7.96,1,False,False,8,Consider enabling brim; Consider enabling supports; Detected print stability issues; Floating object part; Loose extrusions; Low bed adhesion; Repaired; WARNING,There is an object with no extrusions in the first layer. | Object name: segmentation_repaired.stl,,,,,,,,P1_no_supports
780,s1_absolute_volume__mm3_5,meshes/s1_absolute_volume__mm3_5/case_outputs/780__s1_absolute_volume__mm3_5/segmentation_repaired.stl,3986184,9.24,0,True,True,8,Consider enabling brim; Consider enabling supports; Detected print stability issues; Floating object part; Loose extrusions; Low bed adhesion; Repaired; WARNING,,6589936.0,432.0,0.0,2h 13m 37s,133.61666666666667,11.11,3724.89,P1_no_supports
781,s1_absolute_volume__mm3_5,meshes/s1_absolute_volume__mm3_5/case_outputs/781__s1_absolute_volume__mm3_5/segmentation_repaired.stl,2714084,6.68,0,True,True,8,Consider enabling brim; Consider enabling supports; Detected print stability issues; Floating object part; Loose extrusions; Low bed adhesion; Repaired; WARNING,,4304687.0,375.0,0.0,1h 29m 7s,89.11666666666666,7.02,2354.13,P1_no_supports
782,s1_absolute_volume__mm3_5,meshes/s1_absolute_volume__mm3_5/case_outputs/782__s1_absolute_volume__mm3_5/segmentation_repaired.stl,3871084,8.67,0,True,True,8,Consider enabling brim; Consider enabling supports; Detected print stability issues; Floating object part; Loose extrusions; Low bed adhesion; Repaired; WARNING,,6370959.0,462.0,0.0,2h 11m 7s,131.11666666666667,10.98,3680.75,P1_no_supports
783,s1_absolute_volume__mm3_5,meshes/s1_absolute_volume__mm3_5/case_outputs/783__s1_absolute_volume__mm3_5/segmentation_repaired.stl,2587184,6.48,0,True,True,8,Consider enabling brim; Consider enabling supports; Detected print stability issues; Floating object part; Loose extrusions; Low bed adhesion; Repaired; WARNING,,4301271.0,411.0,0.0,1h 25m 21s,85.35,7.05,2363.6,P1_no_supports
784,s1_absolute_volume__mm3_5,meshes/s1_absolute_volume__mm3_5/case_outputs/784__s1_absolute_volume__mm3_5/segmentation_repaired.stl,2637484,5.9,1,False,False,8,Consider enabling brim; Consider enabling supports; Detected print stability issues; Floating object part; Loose extrusions; Low bed adhesion; Repaired; WARNING,There is an object with no extrusions in the first layer. | Object name: segmentation_repaired.stl,,,,,,,,P1_no_supports
785,s1_absolute_volume__mm3_5,meshes/s1_absolute_volume__mm3_5/case_outputs/785__s1_absolute_volume__mm3_5/segmentation_repaired.stl,1904884,4.82,1,False,False,8,Consider enabling brim; Consider enabling supports; Detected print stability issues; Floating object part; Loose extrusions; Low bed adhesion; Repaired; WARNING,There is an object with no extrusions in the first layer. | Object name: segmentation_repaired.stl,,,,,,,,P1_no_supports
786,s1_absolute_volume__mm3_5,meshes/s1_absolute_volume__mm3_5/case_outputs/786__s1_absolute_volume__mm3_5/segmentation_repaired.stl,2806884,6.99,0,True,True,8,Consider enabling brim; Consider enabling supports; Detected print stability issues; Floating object part; Loose extrusions; Low bed adhesion; Repaired; WARNING,,4750419.0,419.0,0.0,1h 35m 31s,95.51666666666668,8.08,2709.96,P1_no_supports
787,s1_absolute_volume__mm3_5,meshes/s1_absolute_volume__mm3_5/case_outputs/787__s1_absolute_volume__mm3_5/segmentation_repaired.stl,2584284,5.64,1,False,False,8,Consider enabling brim; Consider enabling supports; Detected print stability issues; Floating object part; Loose extrusions; Low bed adhesion; Repaired; WARNING,There is an object with no extrusions in the first layer. | Object name: segmentation_repaired.stl,,,,,,,,P1_no_supports
788,s1_absolute_volume__mm3_5,meshes/s1_absolute_volume__mm3_5/case_outputs/788__s1_absolute_volume__mm3_5/segmentation_repaired.stl,3885884,8.47,1,False,False,8,Consider enabling brim; Consider enabling supports; Detected print stability issues; Floating object part; Loose extrusions; Low bed adhesion; Repaired; WARNING,There is an object with no extrusions in the first layer. | Object name: segmentation_repaired.stl,,,,,,,,P1_no_supports
789,s1_absolute_volume__mm3_5,meshes/s1_absolute_volume__mm3_5/case_outputs/789__s1_absolute_volume__mm3_5/segmentation_repaired.stl,3205684,7.84,0,True,True,8,Consider enabling brim; Consider enabling supports; Detected print stability issues; Floating object part; Loose extrusions; Low bed adhesion; Repaired; WARNING,,5279369.0,503.0,0.0,1h 51m 44s,111.73333333333332,8.94,2996.1,P1_no_supports
790,s1_absolute_volume__mm3_5,meshes/s1_absolute_volume__mm3_5/case_outputs/790__s1_absolute_volume__mm3_5/segmentation_repaired.stl,3118684,7.69,0,True,True,8,Consider enabling brim; Consider enabling supports; Detected print stability issues; Floating object part; Loose extrusions; Low bed adhesion; Repaired; WARNING,,5225987.0,585.0,0.0,1h 52m 32s,112.53333333333332,8.38,2811.05,P1_no_supports
791,s1_absolute_volume__mm3_5,meshes/s1_absolute_volume__mm3_5/case_outputs/791__s1_absolute_volume__mm3_5/segmentation_repaired.stl,4213684,9.71,0,True,True,8,Consider enabling brim; Consider enabling supports; Detected print stability issues; Floating object part; Loose extrusions; Low bed adhesion; Repaired; WARNING,,7033581.0,444.0,0.0,2h 16m 15s,136.25,11.62,3897.13,P1_no_supports
792,s1_absolute_volume__mm3_5,meshes/s1_absolute_volume__mm3_5/case_outputs/792__s1_absolute_volume__mm3_5/segmentation_repaired.stl,2444384,6.5,0,True,True,8,Consider enabling brim; Consider enabling supports; Detected print stability issues; Floating object part; Loose extrusions; Low bed adhesion; Repaired; WARNING,,4067558.0,426.0,0.0,1h 28m 36s,88.6,6.97,2336.1,P1_no_supports
793,s1_absolute_volume__mm3_5,meshes/s1_absolute_volume__mm3_5/case_outputs/793__s1_absolute_volume__mm3_5/segmentation_repaired.stl,2126084,4.92,0,True,True,8,Consider enabling brim; Consider enabling supports; Detected print stability issues; Floating object part; Loose extrusions; Low bed adhesion; Repaired; WARNING,,3524359.0,414.0,0.0,1h 10m 46s,70.76666666666667,5.73,1922.68,P1_no_supports
794,s1_absolute_volume__mm3_5,meshes/s1_absolute_volume__mm3_5/case_outputs/794__s1_absolute_volume__mm3_5/segmentation_repaired.stl,4390684,10.19,0,True,True,8,Consider enabling brim; Consider enabling supports; Detected print stability issues; Floating object part; Loose extrusions; Low bed adhesion; Repaired; WARNING,,7287447.0,492.0,0.0,2h 27m 52s,147.86666666666667,13.25,4443.41,P1_no_supports
795,s1_absolute_volume__mm3_5,meshes/s1_absolute_volume__mm3_5/case_outputs/795__s1_absolute_volume__mm3_5/segmentation_repaired.stl,2565384,6.43,0,True,True,8,Consider enabling brim; Consider enabling supports; Detected print stability issues; Floating object part; Loose extrusions; Low bed adhesion; Repaired; WARNING,,4117334.0,447.0,0.0,1h 24m 45s,84.75,6.79,2275.4,P1_no_supports
796,s1_absolute_volume__mm3_5,meshes/s1_absolute_volume__mm3_5/case_outputs/796__s1_absolute_volume__mm3_5/segmentation_repaired.stl,3018284,7.36,0,True,True,8,Consider enabling brim; Consider enabling supports; Detected print stability issues; Floating object part; Loose extrusions; Low bed adhesion; Repaired; WARNING,,4906554.0,474.0,0.0,1h 46m 17s,106.28333333333332,8.44,2829.5,P1_no_supports
797,s1_absolute_volume__mm3_5,meshes/s1_absolute_volume__mm3_5/case_outputs/797__s1_absolute_volume__mm3_5/segmentation_repaired.stl,3141084,7.51,0,True,True,8,Consider enabling brim; Consider enabling supports; Detected print stability issues; Floating object part; Loose extrusions; Low bed adhesion; Repaired; WARNING,,5197152.0,435.0,0.0,1h 45m 11s,105.18333333333334,7.97,2671.69,P1_no_supports
798,s1_absolute_volume__mm3_5,meshes/s1_absolute_volume__mm3_5/case_outputs/798__s1_absolute_volume__mm3_5/segmentation_repaired.stl,4234384,9.88,0,True,True,8,Consider enabling brim; Consider enabling supports; Detected print stability issues; Floating object part; Loose extrusions; Low bed adhesion; Repaired; WARNING,,6777242.0,527.0,0.0,2h 19m 25s,139.41666666666666,11.44,3836.82,P1_no_supports
799,s1_absolute_volume__mm3_5,meshes/s1_absolute_volume__mm3_5/case_outputs/799__s1_absolute_volume__mm3_5/segmentation_repaired.stl,3660984,8.18,1,False,False,8,Consider enabling brim; Consider enabling supports; Detected print stability issues; Floating object part; Loose extrusions; Low bed adhesion; Repaired; WARNING,There is an object with no extrusions in the first layer. | Object name: segmentation_repaired.stl,,,,,,,,P1_no_supports
800,s1_absolute_volume__mm3_5,meshes/s1_absolute_volume__mm3_5/case_outputs/800__s1_absolute_volume__mm3_5/segmentation_repaired.stl,4122084,10.12,0,True,True,8,Consider enabling brim; Consider enabling supports; Detected print stability issues; Floating object part; Loose extrusions; Low bed adhesion; Repaired; WARNING,,7027107.0,483.0,0.0,2h 23m 13s,143.21666666666667,12.03,4034.1,P1_no_supports
801,s1_absolute_volume__mm3_5,meshes/s1_absolute_volume__mm3_5/case_outputs/801__s1_absolute_volume__mm3_5/segmentation_repaired.stl,3945884,9.5,0,True,True,8,Consider enabling brim; Consider enabling supports; Detected print stability issues; Floating object part; Loose extrusions; Low bed adhesion; Repaired; WARNING,,6505789.0,393.0,0.0,2h 8m 24s,128.4,10.72,3594.47,P1_no_supports
802,s1_absolute_volume__mm3_5,meshes/s1_absolute_volume__mm3_5/case_outputs/802__s1_absolute_volume__mm3_5/segmentation_repaired.stl,2660684,7.3,0,True,True,8,Consider enabling brim; Consider enabling supports; Detected print stability issues; Floating object part; Loose extrusions; Low bed adhesion; Repaired; WARNING,,4555625.0,435.0,0.0,1h 34m 27s,94.45,7.61,2550.61,P1_no_supports
803,s1_absolute_volume__mm3_5,meshes/s1_absolute_volume__mm3_5/case_outputs/803__s1_absolute_volume__mm3_5/segmentation_repaired.stl,3361784,7.99,0,True,True,8,Consider enabling brim; Consider enabling supports; Detected print stability issues; Floating object part; Loose extrusions; Low bed adhesion; Repaired; WARNING,,5605939.0,525.0,0.0,2h 2m 11s,122.18333333333334,8.99,3013.91,P1_no_supports
804,s1_absolute_volume__mm3_5,meshes/s1_absolute_volume__mm3_5/case_outputs/804__s1_absolute_volume__mm3_5/segmentation_repaired.stl,2520184,6.31,0,True,True,8,Consider enabling brim; Consider enabling supports; Detected print stability issues; Floating object part; Loose extrusions; Low bed adhesion; Repaired; WARNING,,4085575.0,435.0,0.0,1h 29m 19s,89.31666666666666,7.42,2488.4,P1_no_supports
805,s1_absolute_volume__mm3_5,meshes/s1_absolute_volume__mm3_5/case_outputs/805__s1_absolute_volume__mm3_5/segmentation_repaired.stl,3502684,7.87,0,True,True,8,Consider enabling brim; Consider enabling supports; Detected print stability issues; Floating object part; Loose extrusions; Low bed adhesion; Repaired; WARNING,,5799531.0,465.0,0.0,1h 55m 15s,115.25,8.84,2964.74,P1_no_supports
806,s1_absolute_volume__mm3_5,meshes/s1_absolute_volume__mm3_5/case_outputs/806__s1_absolute_volume__mm3_5/segmentation_repaired.stl,3325484,7.37,1,False,False,8,Consider enabling brim; Consider enabling supports; Detected print stability issues; Floating object part; Loose extrusions; Low bed adhesion; Repaired; WARNING,There is an object with no extrusions in the first layer. | Object name: segmentation_repaired.stl,,,,,,,,P1_no_supports
807,s1_absolute_volume__mm3_5,meshes/s1_absolute_volume__mm3_5/case_outputs/807__s1_absolute_volume__mm3_5/segmentation_repaired.stl,3504184,8.36,0,True,True,8,Consider enabling brim; Consider enabling supports; Detected print stability issues; Floating object part; Loose extrusions; Low bed adhesion; Repaired; WARNING,,6010936.0,468.0,0.0,2h 5m 35s,125.58333333333331,10.28,3446.69,P1_no_supports
808,s1_absolute_volume__mm3_5,meshes/s1_absolute_volume__mm3_5/case_outputs/808__s1_absolute_volume__mm3_5/segmentation_repaired.stl,3245784,7.92,0,True,True,8,Consider enabling brim; Consider enabling supports; Detected print stability issues; Floating object part; Loose extrusions; Low bed adhesion; Repaired; WARNING,,5122924.0,411.0,0.0,1h 46m 17s,106.28333333333332,9.2,3086.08,P1_no_supports
809,s1_absolute_volume__mm3_5,meshes/s1_absolute_volume__mm3_5/case_outputs/809__s1_absolute_volume__mm3_5/segmentation_repaired.stl,834084,2.4,0,True,True,8,Consider enabling brim; Consider enabling supports; Detected print stability issues; Floating object part; Loose extrusions; Low bed adhesion; Repaired; WARNING,,1220306.0,273.0,0.0,27m 22s,27.366666666666667,2.3,772.75,P1_no_supports
810,s1_absolute_volume__mm3_5,meshes/s1_absolute_volume__mm3_5/case_outputs/810__s1_absolute_volume__mm3_5/segmentation_repaired.stl,3094084,7.09,0,True,True,8,Consider enabling brim; Consider enabling supports; Detected print stability issues; Floating object part; Loose extrusions; Low bed adhesion; Repaired; WARNING,,5039029.0,522.0,0.0,1h 46m 18s,106.3,8.45,2833.48,P1_no_supports
811,s1_absolute_volume__mm3_5,meshes/s1_absolute_volume__mm3_5/case_outputs/811__s1_absolute_volume__mm3_5/segmentation_repaired.stl,2810684,6.93,0,True,True,8,Consider enabling brim; Consider enabling supports; Detected print stability issues; Floating object part; Loose extrusions; Low bed adhesion; Repaired; WARNING,,4714041.0,393.0,0.0,1h 42m 26s,102.43333333333334,8.41,2820.94,P1_no_supports
812,s1_absolute_volume__mm3_5,meshes/s1_absolute_volume__mm3_5/case_outputs/812__s1_absolute_volume__mm3_5/segmentation_repaired.stl,4049484,8.9,0,True,True,8,Consider enabling brim; Consider enabling supports; Detected print stability issues; Floating object part; Loose extrusions; Low bed adhesion; Repaired; WARNING,,6314532.0,402.0,0.0,2h 11m 50s,131.83333333333334,11.75,3938.98,P1_no_supports
813,s1_absolute_volume__mm3_5,meshes/s1_absolute_volume__mm3_5/case_outputs/813__s1_absolute_volume__mm3_5/segmentation_repaired.stl,2368084,6.01,0,True,True,8,Consider enabling brim; Consider enabling supports; Detected print stability issues; Floating object part; Loose extrusions; Low bed adhesion; Repaired; WARNING,,3845622.0,441.0,0.0,1h 23m 37s,83.61666666666666,6.48,2171.92,P1_no_supports
814,s1_absolute_volume__mm3_5,meshes/s1_absolute_volume__mm3_5/case_outputs/814__s1_absolute_volume__mm3_5/segmentation_repaired.stl,3909184,9.67,0,True,True,8,Consider enabling brim; Consider enabling supports; Detected print stability issues; Floating object part; Loose extrusions; Low bed adhesion; Repaired; WARNING,,6448045.0,441.0,0.0,2h 10m 47s,130.78333333333333,11.55,3872.39,P1_no_supports
815,s1_absolute_volume__mm3_5,meshes/s1_absolute_volume__mm3_5/case_outputs/815__s1_absolute_volume__mm3_5/segmentation_repaired.stl,4008184,9.87,0,True,True,8,Consider enabling brim; Consider enabling supports; Detected print stability issues; Floating object part; Loose extrusions; Low bed adhesion; Repaired; WARNING,,6637805.0,528.0,0.0,2h 24m 22s,144.36666666666667,12.03,4033.78,P1_no_supports
816,s1_absolute_volume__mm3_5,meshes/s1_absolute_volume__mm3_5/case_outputs/816__s1_absolute_volume__mm3_5/segmentation_repaired.stl,2276784,5.88,0,True,True,8,Consider enabling brim; Consider enabling supports; Detected print stability issues; Floating object part; Loose extrusions; Low bed adhesion; Repaired; WARNING,,3846278.0,489.0,0.0,1h 24m 30s,84.5,6.3,2111.93,P1_no_supports
817,s1_absolute_volume__mm3_5,meshes/s1_absolute_volume__mm3_5/case_outputs/817__s1_absolute_volume__mm3_5/segmentation_repaired.stl,3304484,7.98,0,True,True,8,Consider enabling brim; Consider enabling supports; Detected print stability issues; Floating object part; Loose extrusions; Low bed adhesion; Repaired; WARNING,,5474636.0,408.0,0.0,1h 55m 25s,115.41666666666669,9.27,3109.17,P1_no_supports
818,s1_absolute_volume__mm3_5,meshes/s1_absolute_volume__mm3_5/case_outputs/818__s1_absolute_volume__mm3_5/segmentation_repaired.stl,2804684,6.47,0,True,True,8,Consider enabling brim; Consider enabling supports; Detected print stability issues; Floating object part; Loose extrusions; Low bed adhesion; Repaired; WARNING,,4797226.0,447.0,0.0,1h 48m 28s,108.46666666666668,8.71,2918.72,P1_no_supports
819,s1_absolute_volume__mm3_5,meshes/s1_absolute_volume__mm3_5/case_outputs/819__s1_absolute_volume__mm3_5/segmentation_repaired.stl,3622284,8.52,0,True,True,8,Consider enabling brim; Consider enabling supports; Detected print stability issues; Floating object part; Loose extrusions; Low bed adhesion; Repaired; WARNING,,6104545.0,420.0,0.0,2h 5m 39s,125.65,11.43,3830.65,P1_no_supports
820,s1_absolute_volume__mm3_5,meshes/s1_absolute_volume__mm3_5/case_outputs/820__s1_absolute_volume__mm3_5/segmentation_repaired.stl,2896084,6.78,0,True,True,8,Consider enabling brim; Consider enabling supports; Detected print stability issues; Floating object part; Loose extrusions; Low bed adhesion; Repaired; WARNING,,4691078.0,420.0,0.0,1h 33m 44s,93.73333333333332,8.13,2724.5,P1_no_supports
821,s1_absolute_volume__mm3_5,meshes/s1_absolute_volume__mm3_5/case_outputs/821__s1_absolute_volume__mm3_5/segmentation_repaired.stl,2294284,5.92,0,True,True,8,Consider enabling brim; Consider enabling supports; Detected print stability issues; Floating object part; Loose extrusions; Low bed adhesion; Repaired; WARNING,,4041813.0,537.0,0.0,1h 27m 2s,87.03333333333333,7.03,2358.26,P1_no_supports
822,s1_absolute_volume__mm3_5,meshes/s1_absolute_volume__mm3_5/case_outputs/822__s1_absolute_volume__mm3_5/segmentation_repaired.stl,4062284,9.53,0,True,True,8,Consider enabling brim; Consider enabling supports; Detected print stability issues; Floating object part; Loose extrusions; Low bed adhesion; Repaired; WARNING,,6883841.0,453.0,0.0,2h 19m 41s,139.68333333333334,11.89,3985.26,P1_no_supports
823,s1_absolute_volume__mm3_5,meshes/s1_absolute_volume__mm3_5/case_outputs/823__s1_absolute_volume__mm3_5/segmentation_repaired.stl,2980084,6.94,0,True,True,8,Consider enabling brim; Consider enabling supports; Detected print stability issues; Floating object part; Loose extrusions; Low bed adhesion; Repaired; WARNING,,4964623.0,399.0,0.0,1h 43m 27s,103.45,8.4,2815.46,P1_no_supports
824,s1_absolute_volume__mm3_5,meshes/s1_absolute_volume__mm3_5/case_outputs/824__s1_absolute_volume__mm3_5/segmentation_repaired.stl,2446484,6.28,0,True,True,8,Consider enabling brim; Consider enabling supports; Detected print stability issues; Floating object part; Loose extrusions; Low bed adhesion; Repaired; WARNING,,4019308.0,468.0,0.0,1h 28m 7s,88.11666666666666,6.79,2276.0,P1_no_supports
825,s1_absolute_volume__mm3_5,meshes/s1_absolute_volume__mm3_5/case_outputs/825__s1_absolute_volume__mm3_5/segmentation_repaired.stl,2709584,6.15,0,True,True,8,Consider enabling brim; Consider enabling supports; Detected print stability issues; Floating object part; Loose extrusions; Low bed adhesion; Repaired; WARNING,,4524425.0,393.0,0.0,1h 33m 21s,93.35,7.77,2603.67,P1_no_supports
826,s1_absolute_volume__mm3_5,meshes/s1_absolute_volume__mm3_5/case_outputs/826__s1_absolute_volume__mm3_5/segmentation_repaired.stl,4683284,10.85,0,True,True,8,Consider enabling brim; Consider enabling supports; Detected print stability issues; Floating object part; Loose extrusions; Low bed adhesion; Repaired; WARNING,,7689087.0,417.0,0.0,2h 35m 31s,155.51666666666668,13.18,4419.0,P1_no_supports
827,s1_absolute_volume__mm3_5,meshes/s1_absolute_volume__mm3_5/case_outputs/827__s1_absolute_volume__mm3_5/segmentation_repaired.stl,3452884,8.97,0,True,True,8,Consider enabling brim; Consider enabling supports; Detected print stability issues; Floating object part; Loose extrusions; Low bed adhesion; Repaired; WARNING,,5776044.0,525.0,0.0,2h 2m 30s,122.5,9.4,3151.94,P1_no_supports
828,s1_absolute_volume__mm3_5,meshes/s1_absolute_volume__mm3_5/case_outputs/828__s1_absolute_volume__mm3_5/segmentation_repaired.stl,4063684,10.35,0,True,True,8,Consider enabling brim; Consider enabling supports; Detected print stability issues; Floating object part; Loose extrusions; Low bed adhesion; Repaired; WARNING,,6616807.0,438.0,0.0,2h 13m 19s,133.31666666666666,11.43,3830.71,P1_no_supports
829,s1_absolute_volume__mm3_5,meshes/s1_absolute_volume__mm3_5/case_outputs/829__s1_absolute_volume__mm3_5/segmentation_repaired.stl,3944984,9.8,0,True,True,8,Consider enabling brim; Consider enabling supports; Detected print stability issues; Floating object part; Loose extrusions; Low bed adhesion; Repaired; WARNING,,6354285.0,417.0,0.0,2h 10m 33s,130.55,10.82,3627.59,P1_no_supports
830,s1_absolute_volume__mm3_5,meshes/s1_absolute_volume__mm3_5/case_outputs/830__s1_absolute_volume__mm3_5/segmentation_repaired.stl,2834584,6.8,0,True,True,8,Consider enabling brim; Consider enabling supports; Detected print stability issues; Floating object part; Loose extrusions; Low bed adhesion; Repaired; WARNING,,4624894.0,429.0,0.0,1h 37m 37s,97.61666666666666,7.84,2627.99,P1_no_supports
831,s1_absolute_volume__mm3_5,meshes/s1_absolute_volume__mm3_5/case_outputs/831__s1_absolute_volume__mm3_5/segmentation_repaired.stl,3643384,8.51,0,True,True,8,Consider enabling brim; Consider enabling supports; Detected print stability issues; Floating object part; Loose extrusions; Low bed adhesion; Repaired; WARNING,,5915848.0,519.0,0.0,2h 9m 52s,129.86666666666667,11.09,3717.71,P1_no_supports
832,s1_absolute_volume__mm3_5,meshes/s1_absolute_volume__mm3_5/case_outputs/832__s1_absolute_volume__mm3_5/segmentation_repaired.stl,3802084,9.0,0,True,True,8,Consider enabling brim; Consider enabling supports; Detected print stability issues; Floating object part; Loose extrusions; Low bed adhesion; Repaired; WARNING,,6335897.0,444.0,0.0,2h 7m 39s,127.65,11.1,3722.42,P1_no_supports
833,s1_absolute_volume__mm3_5,meshes/s1_absolute_volume__mm3_5/case_outputs/833__s1_absolute_volume__mm3_5/segmentation_repaired.stl,3094284,7.67,0,True,True,8,Consider enabling brim; Consider enabling supports; Detected print stability issues; Floating object part; Loose extrusions; Low bed adhesion; Repaired; WARNING,,5117350.0,411.0,0.0,1h 46m 24s,106.4,8.88,2977.45,P1_no_supports
834,s1_absolute_volume__mm3_5,meshes/s1_absolute_volume__mm3_5/case_outputs/834__s1_absolute_volume__mm3_5/segmentation_repaired.stl,3744984,9.06,0,True,True,8,Consider enabling brim; Consider enabling supports; Detected print stability issues; Floating object part; Loose extrusions; Low bed adhesion; Repaired; WARNING,,6239840.0,462.0,0.0,2h 8m 58s,128.96666666666667,10.51,3524.04,P1_no_supports
835,s1_absolute_volume__mm3_5,meshes/s1_absolute_volume__mm3_5/case_outputs/835__s1_absolute_volume__mm3_5/segmentation_repaired.stl,2642184,6.91,0,True,True,8,Consider enabling brim; Consider enabling supports; Detected print stability issues; Floating object part; Loose extrusions; Low bed adhesion; Repaired; WARNING,,4498648.0,420.0,0.0,1h 32m 34s,92.56666666666666,7.76,2603.42,P1_no_supports
836,s1_absolute_volume__mm3_5,meshes/s1_absolute_volume__mm3_5/case_outputs/836__s1_absolute_volume__mm3_5/segmentation_repaired.stl,2428084,6.13,0,True,True,8,Consider enabling brim; Consider enabling supports; Detected print stability issues; Floating object part; Loose extrusions; Low bed adhesion; Repaired; WARNING,,4123837.0,402.0,0.0,1h 28m 26s,88.43333333333334,6.99,2342.37,P1_no_supports
837,s1_absolute_volume__mm3_5,meshes/s1_absolute_volume__mm3_5/case_outputs/837__s1_absolute_volume__mm3_5/segmentation_repaired.stl,3522484,9.15,0,True,True,8,Consider enabling brim; Consider enabling supports; Detected print stability issues; Floating object part; Loose extrusions; Low bed adhesion; Repaired; WARNING,,5928183.0,432.0,0.0,2h 0m 1s,120.01666666666668,10.19,3417.24,P1_no_supports
838,s1_absolute_volume__mm3_5,meshes/s1_absolute_volume__mm3_5/case_outputs/838__s1_absolute_volume__mm3_5/segmentation_repaired.stl,3063384,7.05,1,False,False,8,Consider enabling brim; Consider enabling supports; Detected print stability issues; Floating object part; Loose extrusions; Low bed adhesion; Repaired; WARNING,There is an object with no extrusions in the first layer. | Object name: segmentation_repaired.stl,,,,,,,,P1_no_supports
839,s1_absolute_volume__mm3_5,meshes/s1_absolute_volume__mm3_5/case_outputs/839__s1_absolute_volume__mm3_5/segmentation_repaired.stl,2850284,7.07,0,True,True,8,Consider enabling brim; Consider enabling supports; Detected print stability issues; Floating object part; Loose extrusions; Low bed adhesion; Repaired; WARNING,,4662420.0,495.0,0.0,1h 40m 19s,100.31666666666666,7.81,2618.45,P1_no_supports
840,s1_absolute_volume__mm3_5,meshes/s1_absolute_volume__mm3_5/case_outputs/840__s1_absolute_volume__mm3_5/segmentation_repaired.stl,3284484,8.5,0,True,True,8,Consider enabling brim; Consider enabling supports; Detected print stability issues; Floating object part; Loose extrusions; Low bed adhesion; Repaired; WARNING,,5479037.0,435.0,0.0,1h 52m 17s,112.28333333333332,9.19,3079.58,P1_no_supports
841,s1_absolute_volume__mm3_5,meshes/s1_absolute_volume__mm3_5/case_outputs/841__s1_absolute_volume__mm3_5/segmentation_repaired.stl,2348284,6.35,0,True,True,8,Consider enabling brim; Consider enabling supports; Detected print stability issues; Floating object part; Loose extrusions; Low bed adhesion; Repaired; WARNING,,3951494.0,414.0,0.0,1h 22m 15s,82.25,6.57,2202.68,P1_no_supports
842,s1_absolute_volume__mm3_5,meshes/s1_absolute_volume__mm3_5/case_outputs/842__s1_absolute_volume__mm3_5/segmentation_repaired.stl,3233684,8.16,0,True,True,8,Consider enabling brim; Consider enabling supports; Detected print stability issues; Floating object part; Loose extrusions; Low bed adhesion; Repaired; WARNING,,5451546.0,480.0,0.0,1h 53m 54s,113.9,8.73,2927.06,P1_no_supports
843,s1_absolute_volume__mm3_5,meshes/s1_absolute_volume__mm3_5/case_outputs/843__s1_absolute_volume__mm3_5/segmentation_repaired.stl,2533484,6.29,0,True,True,8,Consider enabling brim; Consider enabling supports; Detected print stability issues; Floating object part; Loose extrusions; Low bed adhesion; Repaired; WARNING,,4252750.0,384.0,0.0,1h 29m 15s,89.25,7.75,2597.86,P1_no_supports
844,s1_absolute_volume__mm3_5,meshes/s1_absolute_volume__mm3_5/case_outputs/844__s1_absolute_volume__mm3_5/segmentation_repaired.stl,2964084,7.06,0,True,True,8,Consider enabling brim; Consider enabling supports; Detected print stability issues; Floating object part; Loose extrusions; Low bed adhesion; Repaired; WARNING,,4685600.0,444.0,0.0,1h 39m 25s,99.41666666666669,8.55,2866.39,P1_no_supports
845,s1_absolute_volume__mm3_5,meshes/s1_absolute_volume__mm3_5/case_outputs/845__s1_absolute_volume__mm3_5/segmentation_repaired.stl,3492084,9.36,0,True,True,8,Consider enabling brim; Consider enabling supports; Detected print stability issues; Floating object part; Loose extrusions; Low bed adhesion; Repaired; WARNING,,5989193.0,592.0,0.0,2h 7m 29s,127.48333333333332,9.51,3187.53,P1_no_supports
846,s1_absolute_volume__mm3_5,meshes/s1_absolute_volume__mm3_5/case_outputs/846__s1_absolute_volume__mm3_5/segmentation_repaired.stl,2885384,6.75,1,False,False,8,Consider enabling brim; Consider enabling supports; Detected print stability issues; Floating object part; Loose extrusions; Low bed adhesion; Repaired; WARNING,There is an object with no extrusions in the first layer. | Object name: segmentation_repaired.stl,,,,,,,,P1_no_supports
847,s1_absolute_volume__mm3_5,meshes/s1_absolute_volume__mm3_5/case_outputs/847__s1_absolute_volume__mm3_5/segmentation_repaired.stl,2849884,7.67,0,True,True,8,Consider enabling brim; Consider enabling supports; Detected print stability issues; Floating object part; Loose extrusions; Low bed adhesion; Repaired; WARNING,,4779918.0,510.0,0.0,1h 43m 59s,103.98333333333332,8.01,2685.28,P1_no_supports
848,s1_absolute_volume__mm3_5,meshes/s1_absolute_volume__mm3_5/case_outputs/848__s1_absolute_volume__mm3_5/segmentation_repaired.stl,1791884,5.05,0,True,True,8,Consider enabling brim; Consider enabling supports; Detected print stability issues; Floating object part; Loose extrusions; Low bed adhesion; Repaired; WARNING,,3000262.0,363.0,0.0,1h 5m 1s,65.01666666666667,5.02,1684.58,P1_no_supports
849,s1_absolute_volume__mm3_5,meshes/s1_absolute_volume__mm3_5/case_outputs/849__s1_absolute_volume__mm3_5/segmentation_repaired.stl,4117484,10.53,0,True,True,8,Consider enabling brim; Consider enabling supports; Detected print stability issues; Floating object part; Loose extrusions; Low bed adhesion; Repaired; WARNING,,6933881.0,462.0,0.0,2h 23m 26s,143.43333333333334,11.61,3893.18,P1_no_supports
850,s1_absolute_volume__mm3_5,meshes/s1_absolute_volume__mm3_5/case_outputs/850__s1_absolute_volume__mm3_5/segmentation_repaired.stl,2204484,5.75,0,True,True,8,Consider enabling brim; Consider enabling supports; Detected print stability issues; Floating object part; Loose extrusions; Low bed adhesion; Repaired; WARNING,,3574870.0,405.0,0.0,1h 16m 52s,76.86666666666666,5.95,1995.21,P1_no_supports
851,s1_absolute_volume__mm3_5,meshes/s1_absolute_volume__mm3_5/case_outputs/851__s1_absolute_volume__mm3_5/segmentation_repaired.stl,2938984,6.71,0,True,True,8,Consider enabling brim; Consider enabling supports; Detected print stability issues; Floating object part; Loose extrusions; Low bed adhesion; Repaired; WARNING,,4883197.0,411.0,0.0,1h 41m 30s,101.5,8.54,2864.93,P1_no_supports
852,s1_absolute_volume__mm3_5,meshes/s1_absolute_volume__mm3_5/case_outputs/852__s1_absolute_volume__mm3_5/segmentation_repaired.stl,4002684,8.05,1,False,False,8,Consider enabling brim; Consider enabling supports; Detected print stability issues; Floating object part; Loose extrusions; Low bed adhesion; Repaired; WARNING,There is an object with no extrusions in the first layer. | Object name: segmentation_repaired.stl,,,,,,,,P1_no_supports
853,s1_absolute_volume__mm3_5,meshes/s1_absolute_volume__mm3_5/case_outputs/853__s1_absolute_volume__mm3_5/segmentation_repaired.stl,2411984,6.36,0,True,True,8,Consider enabling brim; Consider enabling supports; Detected print stability issues; Floating object part; Loose extrusions; Low bed adhesion; Repaired; WARNING,,4285798.0,411.0,0.0,1h 32m 30s,92.5,7.62,2554.94,P1_no_supports
854,s1_absolute_volume__mm3_5,meshes/s1_absolute_volume__mm3_5/case_outputs/854__s1_absolute_volume__mm3_5/segmentation_repaired.stl,2728484,7.16,0,True,True,8,Consider enabling brim; Consider enabling supports; Detected print stability issues; Floating object part; Loose extrusions; Low bed adhesion; Repaired; WARNING,,4484621.0,441.0,0.0,1h 33m 28s,93.46666666666668,7.26,2435.09,P1_no_supports
855,s1_absolute_volume__mm3_5,meshes/s1_absolute_volume__mm3_5/case_outputs/855__s1_absolute_volume__mm3_5/segmentation_repaired.stl,3986584,9.22,0,True,True,8,Consider enabling brim; Consider enabling supports; Detected print stability issues; Floating object part; Loose extrusions; Low bed adhesion; Repaired; WARNING,,6516040.0,628.0,0.0,2h 19m 16s,139.26666666666668,11.25,3770.9,P1_no_supports
856,s1_absolute_volume__mm3_5,meshes/s1_absolute_volume__mm3_5/case_outputs/856__s1_absolute_volume__mm3_5/segmentation_repaired.stl,3454584,8.55,0,True,True,8,Consider enabling brim; Consider enabling supports; Detected print stability issues; Floating object part; Loose extrusions; Low bed adhesion; Repaired; WARNING,,5767311.0,426.0,0.0,1h 59m 57s,119.95,9.97,3341.86,P1_no_supports
857,s1_absolute_volume__mm3_5,meshes/s1_absolute_volume__mm3_5/case_outputs/857__s1_absolute_volume__mm3_5/segmentation_repaired.stl,4935584,11.64,0,True,True,8,Consider enabling brim; Consider enabling supports; Detected print stability issues; Floating object part; Loose extrusions; Low bed adhesion; Repaired; WARNING,,8103621.0,441.0,0.0,2h 39m 7s,159.11666666666667,13.6,4560.09,P1_no_supports
858,s1_absolute_volume__mm3_5,meshes/s1_absolute_volume__mm3_5/case_outputs/858__s1_absolute_volume__mm3_5/segmentation_repaired.stl,2750984,6.35,0,True,True,8,Consider enabling brim; Consider enabling supports; Detected print stability issues; Floating object part; Loose extrusions; Low bed adhesion; Repaired; WARNING,,4506144.0,426.0,0.0,1h 31m 26s,91.43333333333334,7.6,2548.51,P1_no_supports
859,s1_absolute_volume__mm3_5,meshes/s1_absolute_volume__mm3_5/case_outputs/859__s1_absolute_volume__mm3_5/segmentation_repaired.stl,4122784,10.09,0,True,True,8,Consider enabling brim; Consider enabling supports; Detected print stability issues; Floating object part; Loose extrusions; Low bed adhesion; Repaired; WARNING,,6820764.0,552.0,0.0,2h 23m 0s,143.0,11.53,3865.6,P1_no_supports
860,s1_absolute_volume__mm3_5,meshes/s1_absolute_volume__mm3_5/case_outputs/860__s1_absolute_volume__mm3_5/segmentation_repaired.stl,3090184,7.43,0,True,True,8,Consider enabling brim; Consider enabling supports; Detected print stability issues; Floating object part; Loose extrusions; Low bed adhesion; Repaired; WARNING,,5021334.0,423.0,0.0,1h 44m 37s,104.61666666666666,8.96,3003.33,P1_no_supports
861,s1_absolute_volume__mm3_5,meshes/s1_absolute_volume__mm3_5/case_outputs/861__s1_absolute_volume__mm3_5/segmentation_repaired.stl,1606684,3.94,0,True,True,8,Consider enabling brim; Consider enabling supports; Detected print stability issues; Floating object part; Loose extrusions; Low bed adhesion; Repaired; WARNING,,2506371.0,423.0,0.0,54m 0s,54.0,4.38,1468.23,P1_no_supports
862,s1_absolute_volume__mm3_5,meshes/s1_absolute_volume__mm3_5/case_outputs/862__s1_absolute_volume__mm3_5/segmentation_repaired.stl,3761484,9.11,0,True,True,8,Consider enabling brim; Consider enabling supports; Detected print stability issues; Floating object part; Loose extrusions; Low bed adhesion; Repaired; WARNING,,6188066.0,537.0,0.0,2h 13m 11s,133.18333333333334,10.65,3571.06,P1_no_supports
863,s1_absolute_volume__mm3_5,meshes/s1_absolute_volume__mm3_5/case_outputs/863__s1_absolute_volume__mm3_5/segmentation_repaired.stl,3042984,7.18,0,True,True,8,Consider enabling brim; Consider enabling supports; Detected print stability issues; Floating object part; Loose extrusions; Low bed adhesion; Repaired; WARNING,,4837776.0,473.0,0.0,1h 37m 58s,97.96666666666668,8.14,2727.62,P1_no_supports
864,s1_absolute_volume__mm3_5,meshes/s1_absolute_volume__mm3_5/case_outputs/864__s1_absolute_volume__mm3_5/segmentation_repaired.stl,3890584,9.17,0,True,True,8,Consider enabling brim; Consider enabling supports; Detected print stability issues; Floating object part; Loose extrusions; Low bed adhesion; Repaired; WARNING,,6575482.0,510.0,0.0,2h 20m 22s,140.36666666666667,11.57,3880.02,P1_no_supports
865,s1_absolute_volume__mm3_5,meshes/s1_absolute_volume__mm3_5/case_outputs/865__s1_absolute_volume__mm3_5/segmentation_repaired.stl,2526084,6.43,0,True,True,8,Consider enabling brim; Consider enabling supports; Detected print stability issues; Floating object part; Loose extrusions; Low bed adhesion; Repaired; WARNING,,4033640.0,465.0,0.0,1h 27m 10s,87.16666666666667,6.85,2297.02,P1_no_supports
866,s1_absolute_volume__mm3_5,meshes/s1_absolute_volume__mm3_5/case_outputs/866__s1_absolute_volume__mm3_5/segmentation_repaired.stl,3646884,8.8,0,True,True,8,Consider enabling brim; Consider enabling supports; Detected print stability issues; Floating object part; Loose extrusions; Low bed adhesion; Repaired; WARNING,,6196233.0,426.0,0.0,2h 10m 2s,130.03333333333333,10.8,3620.45,P1_no_supports
867,s1_absolute_volume__mm3_5,meshes/s1_absolute_volume__mm3_5/case_outputs/867__s1_absolute_volume__mm3_5/segmentation_repaired.stl,4639184,10.91,0,True,True,8,Consider enabling brim; Consider enabling supports; Detected print stability issues; Floating object part; Loose extrusions; Low bed adhesion; Repaired; WARNING,,7609596.0,499.0,0.0,2h 37m 15s,157.25,13.83,4635.57,P1_no_supports
868,s1_absolute_volume__mm3_5,meshes/s1_absolute_volume__mm3_5/case_outputs/868__s1_absolute_volume__mm3_5/segmentation_repaired.stl,1711384,4.13,1,False,False,8,Consider enabling brim; Consider enabling supports; Detected print stability issues; Floating object part; Loose extrusions; Low bed adhesion; Repaired; WARNING,There is an object with no extrusions in the first layer. | Object name: segmentation_repaired.stl,,,,,,,,P1_no_supports
869,s1_absolute_volume__mm3_5,meshes/s1_absolute_volume__mm3_5/case_outputs/869__s1_absolute_volume__mm3_5/segmentation_repaired.stl,3396684,8.25,0,True,True,8,Consider enabling brim; Consider enabling supports; Detected print stability issues; Floating object part; Loose extrusions; Low bed adhesion; Repaired; WARNING,,5563533.0,438.0,0.0,1h 50m 30s,110.5,9.51,3188.92,P1_no_supports
870,s1_absolute_volume__mm3_5,meshes/s1_absolute_volume__mm3_5/case_outputs/870__s1_absolute_volume__mm3_5/segmentation_repaired.stl,2682584,6.92,0,True,True,8,Consider enabling brim; Consider enabling supports; Detected print stability issues; Floating object part; Loose extrusions; Low bed adhesion; Repaired; WARNING,,4433993.0,426.0,0.0,1h 30m 4s,90.06666666666666,7.53,2524.47,P1_no_supports
871,s1_absolute_volume__mm3_5,meshes/s1_absolute_volume__mm3_5/case_outputs/871__s1_absolute_volume__mm3_5/segmentation_repaired.stl,3026984,6.94,1,False,False,8,Consider enabling brim; Consider enabling supports; Detected print stability issues; Floating object part; Loose extrusions; Low bed adhesion; Repaired; WARNING,There is an object with no extrusions in the first layer. | Object name: segmentation_repaired.stl,,,,,,,,P1_no_supports
872,s1_absolute_volume__mm3_5,meshes/s1_absolute_volume__mm3_5/case_outputs/872__s1_absolute_volume__mm3_5/segmentation_repaired.stl,2699384,7.49,0,True,True,8,Consider enabling brim; Consider enabling supports; Detected print stability issues; Floating object part; Loose extrusions; Low bed adhesion; Repaired; WARNING,,4385666.0,423.0,0.0,1h 32m 58s,92.96666666666668,7.15,2398.8,P1_no_supports
873,s1_absolute_volume__mm3_5,meshes/s1_absolute_volume__mm3_5/case_outputs/873__s1_absolute_volume__mm3_5/segmentation_repaired.stl,3384884,8.59,0,True,True,8,Consider enabling brim; Consider enabling supports; Detected print stability issues; Floating object part; Loose extrusions; Low bed adhesion; Repaired; WARNING,,5504146.0,450.0,0.0,2h 0m 26s,120.43333333333334,11.59,3885.29,P1_no_supports
874,s1_absolute_volume__mm3_5,meshes/s1_absolute_volume__mm3_5/case_outputs/874__s1_absolute_volume__mm3_5/segmentation_repaired.stl,2745984,6.94,0,True,True,8,Consider enabling brim; Consider enabling supports; Detected print stability issues; Floating object part; Loose extrusions; Low bed adhesion; Repaired; WARNING,,4344536.0,402.0,0.0,1h 28m 29s,88.48333333333333,7.34,2461.61,P1_no_supports
875,s1_absolute_volume__mm3_5,meshes/s1_absolute_volume__mm3_5/case_outputs/875__s1_absolute_volume__mm3_5/segmentation_repaired.stl,3787884,9.4,0,True,True,8,Consider enabling brim; Consider enabling supports; Detected print stability issues; Floating object part; Loose extrusions; Low bed adhesion; Repaired; WARNING,,6330759.0,429.0,0.0,2h 11m 1s,131.01666666666668,10.79,3616.13,P1_no_supports
876,s1_absolute_volume__mm3_5,meshes/s1_absolute_volume__mm3_5/case_outputs/876__s1_absolute_volume__mm3_5/segmentation_repaired.stl,2709784,6.72,0,True,True,8,Consider enabling brim; Consider enabling supports; Detected print stability issues; Floating object part; Loose extrusions; Low bed adhesion; Repaired; WARNING,,4421219.0,462.0,0.0,1h 34m 27s,94.45,7.39,2477.3,P1_no_supports
877,s1_absolute_volume__mm3_5,meshes/s1_absolute_volume__mm3_5/case_outputs/877__s1_absolute_volume__mm3_5/segmentation_repaired.stl,3148184,7.98,0,True,True,8,Consider enabling brim; Consider enabling supports; Detected print stability issues; Floating object part; Loose extrusions; Low bed adhesion; Repaired; WARNING,,5373281.0,474.0,0.0,1h 52m 8s,112.13333333333334,8.68,2909.21,P1_no_supports
878,s1_absolute_volume__mm3_5,meshes/s1_absolute_volume__mm3_5/case_outputs/878__s1_absolute_volume__mm3_5/segmentation_repaired.stl,2864684,7.12,0,True,True,8,Consider enabling brim; Consider enabling supports; Detected print stability issues; Floating object part; Loose extrusions; Low bed adhesion; Repaired; WARNING,,4798433.0,432.0,0.0,1h 38m 26s,98.43333333333334,8.1,2716.27,P1_no_supports
879,s1_absolute_volume__mm3_5,meshes/s1_absolute_volume__mm3_5/case_outputs/879__s1_absolute_volume__mm3_5/segmentation_repaired.stl,3219884,8.16,0,True,True,8,Consider enabling brim; Consider enabling supports; Detected print stability issues; Floating object part; Loose extrusions; Low bed adhesion; Repaired; WARNING,,5504317.0,503.0,0.0,1h 52m 2s,112.03333333333332,9.69,3250.37,P1_no_supports
880,s1_absolute_volume__mm3_5,meshes/s1_absolute_volume__mm3_5/case_outputs/880__s1_absolute_volume__mm3_5/segmentation_repaired.stl,2264084,5.84,0,True,True,8,Consider enabling brim; Consider enabling supports; Detected print stability issues; Floating object part; Loose extrusions; Low bed adhesion; Repaired; WARNING,,3686340.0,405.0,0.0,1h 15m 33s,75.55,6.05,2029.43,P1_no_supports
881,s1_absolute_volume__mm3_5,meshes/s1_absolute_volume__mm3_5/case_outputs/881__s1_absolute_volume__mm3_5/segmentation_repaired.stl,3030984,7.45,0,True,True,8,Consider enabling brim; Consider enabling supports; Detected print stability issues; Floating object part; Loose extrusions; Low bed adhesion; Repaired; WARNING,,5060355.0,468.0,0.0,1h 45m 51s,105.85,8.52,2856.49,P1_no_supports
882,s1_absolute_volume__mm3_5,meshes/s1_absolute_volume__mm3_5/case_outputs/882__s1_absolute_volume__mm3_5/segmentation_repaired.stl,3960284,9.82,0,True,True,8,Consider enabling brim; Consider enabling supports; Detected print stability issues; Floating object part; Loose extrusions; Low bed adhesion; Repaired; WARNING,,6656279.0,447.0,0.0,2h 21m 43s,141.71666666666667,12.19,4087.19,P1_no_supports
883,s1_absolute_volume__mm3_5,meshes/s1_absolute_volume__mm3_5/case_outputs/883__s1_absolute_volume__mm3_5/segmentation_repaired.stl,3019884,7.13,0,True,True,8,Consider enabling brim; Consider enabling supports; Detected print stability issues; Floating object part; Loose extrusions; Low bed adhesion; Repaired; WARNING,,4907782.0,459.0,0.0,1h 43m 31s,103.51666666666668,7.61,2551.26,P1_no_supports
884,s1_absolute_volume__mm3_5,meshes/s1_absolute_volume__mm3_5/case_outputs/884__s1_absolute_volume__mm3_5/segmentation_repaired.stl,1881684,4.9,0,True,True,8,Consider enabling brim; Consider enabling supports; Detected print stability issues; Floating object part; Loose extrusions; Low bed adhesion; Repaired; WARNING,,3111900.0,405.0,0.0,1h 4m 53s,64.88333333333334,5.31,1780.9,P1_no_supports
885,s1_absolute_volume__mm3_5,meshes/s1_absolute_volume__mm3_5/case_outputs/885__s1_absolute_volume__mm3_5/segmentation_repaired.stl,2722384,6.67,0,True,True,8,Consider enabling brim; Consider enabling supports; Detected print stability issues; Floating object part; Loose extrusions; Low bed adhesion; Repaired; WARNING,,4400037.0,426.0,0.0,1h 33m 40s,93.66666666666669,7.49,2511.63,P1_no_supports
886,s1_absolute_volume__mm3_5,meshes/s1_absolute_volume__mm3_5/case_outputs/886__s1_absolute_volume__mm3_5/segmentation_repaired.stl,4382284,10.36,0,True,True,8,Consider enabling brim; Consider enabling supports; Detected print stability issues; Floating object part; Loose extrusions; Low bed adhesion; Repaired; WARNING,,7283563.0,429.0,0.0,2h 18m 6s,138.1,11.75,3938.69,P1_no_supports
887,s1_absolute_volume__mm3_5,meshes/s1_absolute_volume__mm3_5/case_outputs/887__s1_absolute_volume__mm3_5/segmentation_repaired.stl,3432484,8.07,0,True,True,8,Consider enabling brim; Consider enabling supports; Detected print stability issues; Floating object part; Loose extrusions; Low bed adhesion; Repaired; WARNING,,5668473.0,545.0,0.0,2h 10m 26s,130.43333333333334,10.77,3610.88,P1_no_supports
888,s1_absolute_volume__mm3_5,meshes/s1_absolute_volume__mm3_5/case_outputs/888__s1_absolute_volume__mm3_5/segmentation_repaired.stl,2121684,5.12,0,True,True,8,Consider enabling brim; Consider enabling supports; Detected print stability issues; Floating object part; Loose extrusions; Low bed adhesion; Repaired; WARNING,,3460486.0,438.0,0.0,1h 15m 21s,75.35,5.99,2008.45,P1_no_supports
889,s1_absolute_volume__mm3_5,meshes/s1_absolute_volume__mm3_5/case_outputs/889__s1_absolute_volume__mm3_5/segmentation_repaired.stl,2308184,5.78,0,True,True,8,Consider enabling brim; Consider enabling supports; Detected print stability issues; Floating object part; Loose extrusions; Low bed adhesion; Repaired; WARNING,,3914109.0,480.0,0.0,1h 23m 20s,83.33333333333333,6.45,2161.29,P1_no_supports
890,s1_absolute_volume__mm3_5,meshes/s1_absolute_volume__mm3_5/case_outputs/890__s1_absolute_volume__mm3_5/segmentation_repaired.stl,2288284,5.76,0,True,True,8,Consider enabling brim; Consider enabling supports; Detected print stability issues; Floating object part; Loose extrusions; Low bed adhesion; Repaired; WARNING,,3808632.0,426.0,0.0,1h 20m 0s,80.0,6.47,2168.94,P1_no_supports
891,s1_absolute_volume__mm3_5,meshes/s1_absolute_volume__mm3_5/case_outputs/891__s1_absolute_volume__mm3_5/segmentation_repaired.stl,2417884,5.76,0,True,True,8,Consider enabling brim; Consider enabling supports; Detected print stability issues; Floating object part; Loose extrusions; Low bed adhesion; Repaired; WARNING,,3847869.0,471.0,0.0,1h 25m 16s,85.26666666666667,6.37,2134.22,P1_no_supports
892,s1_absolute_volume__mm3_5,meshes/s1_absolute_volume__mm3_5/case_outputs/892__s1_absolute_volume__mm3_5/segmentation_repaired.stl,3839184,9.45,0,True,True,8,Consider enabling brim; Consider enabling supports; Detected print stability issues; Floating object part; Loose extrusions; Low bed adhesion; Repaired; WARNING,,5973790.0,450.0,0.0,2h 6m 10s,126.16666666666669,10.43,3496.23,P1_no_supports
893,s1_absolute_volume__mm3_5,meshes/s1_absolute_volume__mm3_5/case_outputs/893__s1_absolute_volume__mm3_5/segmentation_repaired.stl,3066384,7.0,0,True,True,8,Consider enabling brim; Consider enabling supports; Detected print stability issues; Floating object part; Loose extrusions; Low bed adhesion; Repaired; WARNING,,5215415.0,507.0,0.0,1h 53m 8s,113.13333333333334,9.71,3254.4,P1_no_supports
894,s1_absolute_volume__mm3_5,meshes/s1_absolute_volume__mm3_5/case_outputs/894__s1_absolute_volume__mm3_5/segmentation_repaired.stl,3485284,8.48,0,True,True,8,Consider enabling brim; Consider enabling supports; Detected print stability issues; Floating object part; Loose extrusions; Low bed adhesion; Repaired; WARNING,,5703828.0,456.0,0.0,1h 58m 59s,118.98333333333332,10.32,3460.2,P1_no_supports
895,s1_absolute_volume__mm3_5,meshes/s1_absolute_volume__mm3_5/case_outputs/895__s1_absolute_volume__mm3_5/segmentation_repaired.stl,3654984,8.67,0,True,True,8,Consider enabling brim; Consider enabling supports; Detected print stability issues; Floating object part; Loose extrusions; Low bed adhesion; Repaired; WARNING,,5922454.0,366.0,0.0,1h 54m 11s,114.18333333333334,9.72,3260.16,P1_no_supports
896,s1_absolute_volume__mm3_5,meshes/s1_absolute_volume__mm3_5/case_outputs/896__s1_absolute_volume__mm3_5/segmentation_repaired.stl,1958084,4.63,0,True,True,8,Consider enabling brim; Consider enabling supports; Detected print stability issues; Floating object part; Loose extrusions; Low bed adhesion; Repaired; WARNING,,3167921.0,447.0,0.0,1h 4m 13s,64.21666666666667,4.97,1664.93,P1_no_supports
897,s1_absolute_volume__mm3_5,meshes/s1_absolute_volume__mm3_5/case_outputs/897__s1_absolute_volume__mm3_5/segmentation_repaired.stl,3363384,8.82,0,True,True,8,Consider enabling brim; Consider enabling supports; Detected print stability issues; Floating object part; Loose extrusions; Low bed adhesion; Repaired; WARNING,,5631527.0,429.0,0.0,1h 56m 23s,116.38333333333334,9.45,3168.93,P1_no_supports
898,s1_absolute_volume__mm3_5,meshes/s1_absolute_volume__mm3_5/case_outputs/898__s1_absolute_volume__mm3_5/segmentation_repaired.stl,3777784,9.09,0,True,True,8,Consider enabling brim; Consider enabling supports; Detected print stability issues; Floating object part; Loose extrusions; Low bed adhesion; Repaired; WARNING,,6261193.0,396.0,0.0,2h 9m 50s,129.83333333333334,11.12,3727.71,P1_no_supports
899,s1_absolute_volume__mm3_5,meshes/s1_absolute_volume__mm3_5/case_outputs/899__s1_absolute_volume__mm3_5/segmentation_repaired.stl,2692884,7.56,0,True,True,8,Consider enabling brim; Consider enabling supports; Detected print stability issues; Floating object part; Loose extrusions; Low bed adhesion; Repaired; WARNING,,4464126.0,477.0,0.0,1h 35m 38s,95.63333333333334,8.14,2728.2,P1_no_supports
900,s1_absolute_volume__mm3_5,meshes/s1_absolute_volume__mm3_5/case_outputs/900__s1_absolute_volume__mm3_5/segmentation_repaired.stl,2711584,7.07,0,True,True,8,Consider enabling brim; Consider enabling supports; Detected print stability issues; Floating object part; Loose extrusions; Low bed adhesion; Repaired; WARNING,,4591699.0,393.0,0.0,1h 39m 39s,99.65,7.75,2599.96,P1_no_supports
901,s1_absolute_volume__mm3_5,meshes/s1_absolute_volume__mm3_5/case_outputs/901__s1_absolute_volume__mm3_5/segmentation_repaired.stl,3153184,8.16,0,True,True,8,Consider enabling brim; Consider enabling supports; Detected print stability issues; Floating object part; Loose extrusions; Low bed adhesion; Repaired; WARNING,,5039389.0,518.0,0.0,1h 40m 27s,100.45,8.74,2930.91,P1_no_supports
902,s1_absolute_volume__mm3_5,meshes/s1_absolute_volume__mm3_5/case_outputs/902__s1_absolute_volume__mm3_5/segmentation_repaired.stl,3935284,10.06,0,True,True,8,Consider enabling brim; Consider enabling supports; Detected print stability issues; Floating object part; Loose extrusions; Low bed adhesion; Repaired; WARNING,,6778257.0,486.0,0.0,2h 15m 30s,135.5,10.73,3596.65,P1_no_supports
903,s1_absolute_volume__mm3_5,meshes/s1_absolute_volume__mm3_5/case_outputs/903__s1_absolute_volume__mm3_5/segmentation_repaired.stl,2911084,7.37,0,True,True,8,Consider enabling brim; Consider enabling supports; Detected print stability issues; Floating object part; Loose extrusions; Low bed adhesion; Repaired; WARNING,,4784200.0,426.0,0.0,1h 40m 34s,100.56666666666666,8.08,2709.64,P1_no_supports
904,s1_absolute_volume__mm3_5,meshes/s1_absolute_volume__mm3_5/case_outputs/904__s1_absolute_volume__mm3_5/segmentation_repaired.stl,3374984,7.77,0,True,True,8,Consider enabling brim; Consider enabling supports; Detected print stability issues; Floating object part; Loose extrusions; Low bed adhesion; Repaired; WARNING,,5471136.0,376.0,0.0,1h 49m 20s,109.33333333333331,9.68,3245.15,P1_no_supports
905,s1_absolute_volume__mm3_5,meshes/s1_absolute_volume__mm3_5/case_outputs/905__s1_absolute_volume__mm3_5/segmentation_repaired.stl,3130884,8.05,0,True,True,8,Consider enabling brim; Consider enabling supports; Detected print stability issues; Floating object part; Loose extrusions; Low bed adhesion; Repaired; WARNING,,5257718.0,435.0,0.0,1h 51m 43s,111.71666666666668,8.65,2898.64,P1_no_supports
906,s1_absolute_volume__mm3_5,meshes/s1_absolute_volume__mm3_5/case_outputs/906__s1_absolute_volume__mm3_5/segmentation_repaired.stl,2526584,6.56,0,True,True,8,Consider enabling brim; Consider enabling supports; Detected print stability issues; Floating object part; Loose extrusions; Low bed adhesion; Repaired; WARNING,,4139966.0,420.0,0.0,1h 27m 49s,87.81666666666666,7.36,2466.45,P1_no_supports
907,s1_absolute_volume__mm3_5,meshes/s1_absolute_volume__mm3_5/case_outputs/907__s1_absolute_volume__mm3_5/segmentation_repaired.stl,2691984,7.26,0,True,True,8,Consider enabling brim; Consider enabling supports; Detected print stability issues; Floating object part; Loose extrusions; Low bed adhesion; Repaired; WARNING,,4457002.0,393.0,0.0,1h 31m 22s,91.36666666666666,7.74,2594.37,P1_no_supports
908,s1_absolute_volume__mm3_5,meshes/s1_absolute_volume__mm3_5/case_outputs/908__s1_absolute_volume__mm3_5/segmentation_repaired.stl,3161784,7.69,0,True,True,8,Consider enabling brim; Consider enabling supports; Detected print stability issues; Floating object part; Loose extrusions; Low bed adhesion; Repaired; WARNING,,5339485.0,449.0,0.0,1h 53m 43s,113.71666666666668,8.81,2952.55,P1_no_supports
909,s1_absolute_volume__mm3_5,meshes/s1_absolute_volume__mm3_5/case_outputs/909__s1_absolute_volume__mm3_5/segmentation_repaired.stl,2583384,6.91,0,True,True,8,Consider enabling brim; Consider enabling supports; Detected print stability issues; Floating object part; Loose extrusions; Low bed adhesion; Repaired; WARNING,,4225429.0,453.0,0.0,1h 28m 24s,88.4,6.78,2272.78,P1_no_supports
910,s1_absolute_volume__mm3_5,meshes/s1_absolute_volume__mm3_5/case_outputs/910__s1_absolute_volume__mm3_5/segmentation_repaired.stl,3883584,9.7,0,True,True,8,Consider enabling brim; Consider enabling supports; Detected print stability issues; Floating object part; Loose extrusions; Low bed adhesion; Repaired; WARNING,,6421903.0,447.0,0.0,2h 2m 34s,122.56666666666666,10.42,3492.32,P1_no_supports
911,s1_absolute_volume__mm3_5,meshes/s1_absolute_volume__mm3_5/case_outputs/911__s1_absolute_volume__mm3_5/segmentation_repaired.stl,2795584,6.8,0,True,True,8,Consider enabling brim; Consider enabling supports; Detected print stability issues; Floating object part; Loose extrusions; Low bed adhesion; Repaired; WARNING,,4682585.0,426.0,0.0,1h 36m 10s,96.16666666666669,7.75,2597.66,P1_no_supports
912,s1_absolute_volume__mm3_5,meshes/s1_absolute_volume__mm3_5/case_outputs/912__s1_absolute_volume__mm3_5/segmentation_repaired.stl,3150784,7.61,0,True,True,8,Consider enabling brim; Consider enabling supports; Detected print stability issues; Floating object part; Loose extrusions; Low bed adhesion; Repaired; WARNING,,5095242.0,480.0,0.0,1h 51m 29s,111.48333333333332,8.73,2926.44,P1_no_supports
913,s1_absolute_volume__mm3_5,meshes/s1_absolute_volume__mm3_5/case_outputs/913__s1_absolute_volume__mm3_5/segmentation_repaired.stl,3492684,8.42,1,False,False,8,Consider enabling brim; Consider enabling supports; Detected print stability issues; Floating object part; Loose extrusions; Low bed adhesion; Repaired; WARNING,There is an object with no extrusions in the first layer. | Object name: segmentation_repaired.stl,,,,,,,,P1_no_supports
914,s1_absolute_volume__mm3_5,meshes/s1_absolute_volume__mm3_5/case_outputs/914__s1_absolute_volume__mm3_5/segmentation_repaired.stl,2216884,5.49,1,False,False,8,Consider enabling brim; Consider enabling supports; Detected print stability issues; Floating object part; Loose extrusions; Low bed adhesion; Repaired; WARNING,There is an object with no extrusions in the first layer. | Object name: segmentation_repaired.stl,,,,,,,,P1_no_supports
915,s1_absolute_volume__mm3_5,meshes/s1_absolute_volume__mm3_5/case_outputs/915__s1_absolute_volume__mm3_5/segmentation_repaired.stl,4110084,10.83,0,True,True,8,Consider enabling brim; Consider enabling supports; Detected print stability issues; Floating object part; Loose extrusions; Low bed adhesion; Repaired; WARNING,,7069816.0,489.0,0.0,2h 22m 55s,142.91666666666666,12.06,4042.97,P1_no_supports
916,s1_absolute_volume__mm3_5,meshes/s1_absolute_volume__mm3_5/case_outputs/916__s1_absolute_volume__mm3_5/segmentation_repaired.stl,3143984,7.86,0,True,True,8,Consider enabling brim; Consider enabling supports; Detected print stability issues; Floating object part; Loose extrusions; Low bed adhesion; Repaired; WARNING,,5296419.0,480.0,0.0,1h 52m 24s,112.4,8.98,3011.97,P1_no_supports
917,s1_absolute_volume__mm3_5,meshes/s1_absolute_volume__mm3_5/case_outputs/917__s1_absolute_volume__mm3_5/segmentation_repaired.stl,3783384,8.5,1,False,False,8,Consider enabling brim; Consider enabling supports; Detected print stability issues; Floating object part; Loose extrusions; Low bed adhesion; Repaired; WARNING,There is an object with no extrusions in the first layer. | Object name: segmentation_repaired.stl,,,,,,,,P1_no_supports
918,s1_absolute_volume__mm3_5,meshes/s1_absolute_volume__mm3_5/case_outputs/918__s1_absolute_volume__mm3_5/segmentation_repaired.stl,2597484,7.28,0,True,True,8,Consider enabling brim; Consider enabling supports; Detected print stability issues; Floating object part; Loose extrusions; Low bed adhesion; Repaired; WARNING,,4586010.0,429.0,0.0,1h 34m 47s,94.78333333333332,7.64,2561.47,P1_no_supports
919,s1_absolute_volume__mm3_5,meshes/s1_absolute_volume__mm3_5/case_outputs/919__s1_absolute_volume__mm3_5/segmentation_repaired.stl,2996684,6.86,1,False,False,8,Consider enabling brim; Consider enabling supports; Detected print stability issues; Floating object part; Loose extrusions; Low bed adhesion; Repaired; WARNING,There is an object with no extrusions in the first layer. | Object name: segmentation_repaired.stl,,,,,,,,P1_no_supports
920,s1_absolute_volume__mm3_5,meshes/s1_absolute_volume__mm3_5/case_outputs/920__s1_absolute_volume__mm3_5/segmentation_repaired.stl,3186484,8.36,0,True,True,8,Consider enabling brim; Consider enabling supports; Detected print stability issues; Floating object part; Loose extrusions; Low bed adhesion; Repaired; WARNING,,5260995.0,447.0,0.0,1h 47m 55s,107.91666666666669,8.48,2843.51,P1_no_supports
921,s1_absolute_volume__mm3_5,meshes/s1_absolute_volume__mm3_5/case_outputs/921__s1_absolute_volume__mm3_5/segmentation_repaired.stl,3198684,8.1,0,True,True,8,Consider enabling brim; Consider enabling supports; Detected print stability issues; Floating object part; Loose extrusions; Low bed adhesion; Repaired; WARNING,,5292292.0,435.0,0.0,1h 53m 17s,113.28333333333332,9.04,3030.03,P1_no_supports
922,s1_absolute_volume__mm3_5,meshes/s1_absolute_volume__mm3_5/case_outputs/922__s1_absolute_volume__mm3_5/segmentation_repaired.stl,1638884,4.78,0,True,True,8,Consider enabling brim; Consider enabling supports; Detected print stability issues; Floating object part; Loose extrusions; Low bed adhesion; Repaired; WARNING,,2682970.0,315.0,0.0,56m 13s,56.21666666666667,4.46,1493.91,P1_no_supports
923,s1_absolute_volume__mm3_5,meshes/s1_absolute_volume__mm3_5/case_outputs/923__s1_absolute_volume__mm3_5/segmentation_repaired.stl,3619284,8.44,0,True,True,8,Consider enabling brim; Consider enabling supports; Detected print stability issues; Floating object part; Loose extrusions; Low bed adhesion; Repaired; WARNING,,5984047.0,498.0,0.0,2h 10m 9s,130.15,11.09,3717.35,P1_no_supports
924,s1_absolute_volume__mm3_5,meshes/s1_absolute_volume__mm3_5/case_outputs/924__s1_absolute_volume__mm3_5/segmentation_repaired.stl,3751484,9.52,0,True,True,8,Consider enabling brim; Consider enabling supports; Detected print stability issues; Floating object part; Loose extrusions; Low bed adhesion; Repaired; WARNING,,6391537.0,618.0,0.0,2h 13m 54s,133.9,10.15,3404.37,P1_no_supports
925,s1_absolute_volume__mm3_5,meshes/s1_absolute_volume__mm3_5/case_outputs/925__s1_absolute_volume__mm3_5/segmentation_repaired.stl,3247684,8.79,0,True,True,8,Consider enabling brim; Consider enabling supports; Detected print stability issues; Floating object part; Loose extrusions; Low bed adhesion; Repaired; WARNING,,5645874.0,474.0,0.0,1h 52m 13s,112.21666666666668,9.29,3116.42,P1_no_supports
926,s1_absolute_volume__mm3_5,meshes/s1_absolute_volume__mm3_5/case_outputs/926__s1_absolute_volume__mm3_5/segmentation_repaired.stl,2309084,6.15,0,True,True,8,Consider enabling brim; Consider enabling supports; Detected print stability issues; Floating object part; Loose extrusions; Low bed adhesion; Repaired; WARNING,,3915889.0,483.0,0.0,1h 26m 26s,86.43333333333334,6.48,2172.11,P1_no_supports
927,s1_absolute_volume__mm3_5,meshes/s1_absolute_volume__mm3_5/case_outputs/927__s1_absolute_volume__mm3_5/segmentation_repaired.stl,2997984,7.42,0,True,True,8,Consider enabling brim; Consider enabling supports; Detected print stability issues; Floating object part; Loose extrusions; Low bed adhesion; Repaired; WARNING,,4913495.0,450.0,0.0,1h 41m 20s,101.33333333333331,7.73,2592.33,P1_no_supports
928,s1_absolute_volume__mm3_5,meshes/s1_absolute_volume__mm3_5/case_outputs/928__s1_absolute_volume__mm3_5/segmentation_repaired.stl,2914284,7.03,1,False,False,8,Consider enabling brim; Consider enabling supports; Detected print stability issues; Floating object part; Loose extrusions; Low bed adhesion; Repaired; WARNING,There is an object with no extrusions in the first layer. | Object name: segmentation_repaired.stl,,,,,,,,P1_no_supports
929,s1_absolute_volume__mm3_5,meshes/s1_absolute_volume__mm3_5/case_outputs/929__s1_absolute_volume__mm3_5/segmentation_repaired.stl,2673284,6.51,0,True,True,8,Consider enabling brim; Consider enabling supports; Detected print stability issues; Floating object part; Loose extrusions; Low bed adhesion; Repaired; WARNING,,4483510.0,426.0,0.0,1h 30m 6s,90.1,8.01,2686.62,P1_no_supports
930,s1_absolute_volume__mm3_5,meshes/s1_absolute_volume__mm3_5/case_outputs/930__s1_absolute_volume__mm3_5/segmentation_repaired.stl,3070484,7.59,0,True,True,8,Consider enabling brim; Consider enabling supports; Detected print stability issues; Floating object part; Loose extrusions; Low bed adhesion; Repaired; WARNING,,4999293.0,393.0,0.0,1h 44m 36s,104.6,9.08,3042.75,P1_no_supports
931,s1_absolute_volume__mm3_5,meshes/s1_absolute_volume__mm3_5/case_outputs/931__s1_absolute_volume__mm3_5/segmentation_repaired.stl,1887484,5.04,0,True,True,8,Consider enabling brim; Consider enabling supports; Detected print stability issues; Floating object part; Loose extrusions; Low bed adhesion; Repaired; WARNING,,2892971.0,440.0,0.0,1h 1m 20s,61.333333333333336,4.52,1516.25,P1_no_supports
932,s1_absolute_volume__mm3_5,meshes/s1_absolute_volume__mm3_5/case_outputs/932__s1_absolute_volume__mm3_5/segmentation_repaired.stl,2844284,7.69,0,True,True,8,Consider enabling brim; Consider enabling supports; Detected print stability issues; Floating object part; Loose extrusions; Low bed adhesion; Repaired; WARNING,,4852490.0,420.0,0.0,1h 42m 1s,102.01666666666668,8.28,2776.23,P1_no_supports
933,s1_absolute_volume__mm3_5,meshes/s1_absolute_volume__mm3_5/case_outputs/933__s1_absolute_volume__mm3_5/segmentation_repaired.stl,3208784,7.47,0,True,True,8,Consider enabling brim; Consider enabling supports; Detected print stability issues; Floating object part; Loose extrusions; Low bed adhesion; Repaired; WARNING,,5366782.0,513.0,0.0,1h 50m 5s,110.08333333333331,8.39,2814.12,P1_no_supports
934,s1_absolute_volume__mm3_5,meshes/s1_absolute_volume__mm3_5/case_outputs/934__s1_absolute_volume__mm3_5/segmentation_repaired.stl,3187384,8.1,0,True,True,8,Consider enabling brim; Consider enabling supports; Detected print stability issues; Floating object part; Loose extrusions; Low bed adhesion; Repaired; WARNING,,5367814.0,516.0,0.0,2h 0m 19s,120.31666666666666,9.3,3118.25,P1_no_supports
935,s1_absolute_volume__mm3_5,meshes/s1_absolute_volume__mm3_5/case_outputs/935__s1_absolute_volume__mm3_5/segmentation_repaired.stl,3186684,7.12,0,True,True,8,Consider enabling brim; Consider enabling supports; Detected print stability issues; Floating object part; Loose extrusions; Low bed adhesion; Repaired; WARNING,,5255995.0,458.0,0.0,1h 51m 59s,111.98333333333332,9.2,3083.93,P1_no_supports
936,s1_absolute_volume__mm3_5,meshes/s1_absolute_volume__mm3_5/case_outputs/936__s1_absolute_volume__mm3_5/segmentation_repaired.stl,2572184,6.67,0,True,True,8,Consider enabling brim; Consider enabling supports; Detected print stability issues; Floating object part; Loose extrusions; Low bed adhesion; Repaired; WARNING,,4176440.0,387.0,0.0,1h 28m 19s,88.31666666666666,7.88,2641.81,P1_no_supports
937,s1_absolute_volume__mm3_5,meshes/s1_absolute_volume__mm3_5/case_outputs/937__s1_absolute_volume__mm3_5/segmentation_repaired.stl,2741884,6.87,0,True,True,8,Consider enabling brim; Consider enabling supports; Detected print stability issues; Floating object part; Loose extrusions; Low bed adhesion; Repaired; WARNING,,4645828.0,417.0,0.0,1h 36m 22s,96.36666666666666,7.44,2494.6,P1_no_supports
938,s1_absolute_volume__mm3_5,meshes/s1_absolute_volume__mm3_5/case_outputs/938__s1_absolute_volume__mm3_5/segmentation_repaired.stl,3710284,8.84,0,True,True,8,Consider enabling brim; Consider enabling supports; Detected print stability issues; Floating object part; Loose extrusions; Low bed adhesion; Repaired; WARNING,,6228269.0,459.0,0.0,2h 11m 12s,131.2,11.4,3823.69,P1_no_supports
939,s1_absolute_volume__mm3_5,meshes/s1_absolute_volume__mm3_5/case_outputs/939__s1_absolute_volume__mm3_5/segmentation_repaired.stl,3346684,7.63,0,True,True,8,Consider enabling brim; Consider enabling supports; Detected print stability issues; Floating object part; Loose extrusions; Low bed adhesion; Repaired; WARNING,,5514972.0,447.0,0.0,1h 54m 14s,114.23333333333332,9.07,3041.78,P1_no_supports
940,s1_absolute_volume__mm3_5,meshes/s1_absolute_volume__mm3_5/case_outputs/940__s1_absolute_volume__mm3_5/segmentation_repaired.stl,2645084,6.29,0,True,True,8,Consider enabling brim; Consider enabling supports; Detected print stability issues; Floating object part; Loose extrusions; Low bed adhesion; Repaired; WARNING,,4292331.0,416.0,0.0,1h 26m 56s,86.93333333333334,6.61,2216.14,P1_no_supports
941,s1_absolute_volume__mm3_5,meshes/s1_absolute_volume__mm3_5/case_outputs/941__s1_absolute_volume__mm3_5/segmentation_repaired.stl,2212884,5.47,0,True,True,8,Consider enabling brim; Consider enabling supports; Detected print stability issues; Floating object part; Loose extrusions; Low bed adhesion; Repaired; WARNING,,3690723.0,447.0,0.0,1h 16m 25s,76.41666666666667,5.89,1975.95,P1_no_supports
942,s1_absolute_volume__mm3_5,meshes/s1_absolute_volume__mm3_5/case_outputs/942__s1_absolute_volume__mm3_5/segmentation_repaired.stl,2337284,5.73,0,True,True,8,Consider enabling brim; Consider enabling supports; Detected print stability issues; Floating object part; Loose extrusions; Low bed adhesion; Repaired; WARNING,,3851311.0,396.0,0.0,1h 16m 16s,76.26666666666667,6.3,2112.12,P1_no_supports
943,s1_absolute_volume__mm3_5,meshes/s1_absolute_volume__mm3_5/case_outputs/943__s1_absolute_volume__mm3_5/segmentation_repaired.stl,2726084,6.48,1,False,False,8,Consider enabling brim; Consider enabling supports; Detected print stability issues; Floating object part; Loose extrusions; Low bed adhesion; Repaired; WARNING,There is an object with no extrusions in the first layer. | Object name: segmentation_repaired.stl,,,,,,,,P1_no_supports
944,s1_absolute_volume__mm3_5,meshes/s1_absolute_volume__mm3_5/case_outputs/944__s1_absolute_volume__mm3_5/segmentation_repaired.stl,4099084,9.86,0,True,True,8,Consider enabling brim; Consider enabling supports; Detected print stability issues; Floating object part; Loose extrusions; Low bed adhesion; Repaired; WARNING,,6858281.0,458.0,0.0,2h 15m 49s,135.81666666666666,11.14,3733.7,P1_no_supports
945,s1_absolute_volume__mm3_5,meshes/s1_absolute_volume__mm3_5/case_outputs/945__s1_absolute_volume__mm3_5/segmentation_repaired.stl,3279384,8.47,0,True,True,8,Consider enabling brim; Consider enabling supports; Detected print stability issues; Floating object part; Loose extrusions; Low bed adhesion; Repaired; WARNING,,5560385.0,426.0,0.0,1h 54m 42s,114.7,9.07,3040.29,P1_no_supports
946,s1_absolute_volume__mm3_5,meshes/s1_absolute_volume__mm3_5/case_outputs/946__s1_absolute_volume__mm3_5/segmentation_repaired.stl,2244284,5.73,0,True,True,8,Consider enabling brim; Consider enabling supports; Detected print stability issues; Floating object part; Loose extrusions; Low bed adhesion; Repaired; WARNING,,3780339.0,459.0,0.0,1h 17m 5s,77.08333333333333,6.22,2085.08,P1_no_supports
947,s1_absolute_volume__mm3_5,meshes/s1_absolute_volume__mm3_5/case_outputs/947__s1_absolute_volume__mm3_5/segmentation_repaired.stl,4214884,10.5,0,True,True,8,Consider enabling brim; Consider enabling supports; Detected print stability issues; Floating object part; Loose extrusions; Low bed adhesion; Repaired; WARNING,,7092602.0,477.0,0.0,2h 29m 22s,149.36666666666667,13.17,4415.19,P1_no_supports
948,s1_absolute_volume__mm3_5,meshes/s1_absolute_volume__mm3_5/case_outputs/948__s1_absolute_volume__mm3_5/segmentation_repaired.stl,4081284,8.92,0,True,True,8,Consider enabling brim; Consider enabling supports; Detected print stability issues; Floating object part; Loose extrusions; Low bed adhesion; Repaired; WARNING,,6639436.0,435.0,0.0,2h 17m 17s,137.28333333333333,12.17,4081.44,P1_no_supports
949,s1_absolute_volume__mm3_5,meshes/s1_absolute_volume__mm3_5/case_outputs/949__s1_absolute_volume__mm3_5/segmentation_repaired.stl,2654684,6.85,0,True,True,8,Consider enabling brim; Consider enabling supports; Detected print stability issues; Floating object part; Loose extrusions; Low bed adhesion; Repaired; WARNING,,4434297.0,471.0,0.0,1h 34m 24s,94.4,7.39,2476.9,P1_no_supports
950,s1_absolute_volume__mm3_5,meshes/s1_absolute_volume__mm3_5/case_outputs/950__s1_absolute_volume__mm3_5/segmentation_repaired.stl,2624684,6.02,0,True,True,8,Consider enabling brim; Consider enabling supports; Detected print stability issues; Floating object part; Loose extrusions; Low bed adhesion; Repaired; WARNING,,4277976.0,414.0,0.0,1h 30m 41s,90.68333333333334,6.94,2325.62,P1_no_supports
951,s1_absolute_volume__mm3_5,meshes/s1_absolute_volume__mm3_5/case_outputs/951__s1_absolute_volume__mm3_5/segmentation_repaired.stl,3863984,9.38,0,True,True,8,Consider enabling brim; Consider enabling supports; Detected print stability issues; Floating object part; Loose extrusions; Low bed adhesion; Repaired; WARNING,,6248169.0,408.0,0.0,2h 5m 29s,125.48333333333332,11.74,3937.43,P1_no_supports
952,s1_absolute_volume__mm3_5,meshes/s1_absolute_volume__mm3_5/case_outputs/952__s1_absolute_volume__mm3_5/segmentation_repaired.stl,2852884,6.57,0,True,True,6,Consider enabling supports; Detected print stability issues; Floating object part; Loose extrusions; Repaired; WARNING,,4505852.0,426.0,0.0,1h 31m 50s,91.83333333333331,7.94,2662.65,P1_no_supports
953,s1_absolute_volume__mm3_5,meshes/s1_absolute_volume__mm3_5/case_outputs/953__s1_absolute_volume__mm3_5/segmentation_repaired.stl,4573284,11.05,0,True,True,8,Consider enabling brim; Consider enabling supports; Detected print stability issues; Floating object part; Loose extrusions; Low bed adhesion; Repaired; WARNING,,7677188.0,474.0,0.0,2h 36m 18s,156.3,12.69,4253.29,P1_no_supports
954,s1_absolute_volume__mm3_5,meshes/s1_absolute_volume__mm3_5/case_outputs/954__s1_absolute_volume__mm3_5/segmentation_repaired.stl,2822884,7.5,0,True,True,8,Consider enabling brim; Consider enabling supports; Detected print stability issues; Floating object part; Loose extrusions; Low bed adhesion; Repaired; WARNING,,4778434.0,462.0,0.0,1h 39m 8s,99.13333333333334,8.33,2793.95,P1_no_supports
955,s1_absolute_volume__mm3_5,meshes/s1_absolute_volume__mm3_5/case_outputs/955__s1_absolute_volume__mm3_5/segmentation_repaired.stl,3109884,7.6,0,True,True,8,Consider enabling brim; Consider enabling supports; Detected print stability issues; Floating object part; Loose extrusions; Low bed adhesion; Repaired; WARNING,,5413334.0,537.0,0.0,1h 55m 38s,115.63333333333334,9.12,3056.2,P1_no_supports
956,s1_absolute_volume__mm3_5,meshes/s1_absolute_volume__mm3_5/case_outputs/956__s1_absolute_volume__mm3_5/segmentation_repaired.stl,2446884,5.58,0,True,True,8,Consider enabling brim; Consider enabling supports; Detected print stability issues; Floating object part; Loose extrusions; Low bed adhesion; Repaired; WARNING,,3982917.0,405.0,0.0,1h 21m 52s,81.86666666666666,6.64,2225.74,P1_no_supports
957,s1_absolute_volume__mm3_5,meshes/s1_absolute_volume__mm3_5/case_outputs/957__s1_absolute_volume__mm3_5/segmentation_repaired.stl,3942084,8.96,0,True,True,8,Consider enabling brim; Consider enabling supports; Detected print stability issues; Floating object part; Loose extrusions; Low bed adhesion; Repaired; WARNING,,6527179.0,447.0,0.0,2h 11m 19s,131.31666666666666,10.23,3431.46,P1_no_supports
958,s1_absolute_volume__mm3_5,meshes/s1_absolute_volume__mm3_5/case_outputs/958__s1_absolute_volume__mm3_5/segmentation_repaired.stl,3652684,8.94,0,True,True,8,Consider enabling brim; Consider enabling supports; Detected print stability issues; Floating object part; Loose extrusions; Low bed adhesion; Repaired; WARNING,,6261831.0,465.0,0.0,2h 12m 11s,132.18333333333334,10.6,3553.02,P1_no_supports
959,s1_absolute_volume__mm3_5,meshes/s1_absolute_volume__mm3_5/case_outputs/959__s1_absolute_volume__mm3_5/segmentation_repaired.stl,2945484,7.12,0,True,True,8,Consider enabling brim; Consider enabling supports; Detected print stability issues; Floating object part; Loose extrusions; Low bed adhesion; Repaired; WARNING,,4743735.0,467.0,0.0,1h 35m 51s,95.85,7.95,2665.22,P1_no_supports
960,s1_absolute_volume__mm3_5,meshes/s1_absolute_volume__mm3_5/case_outputs/960__s1_absolute_volume__mm3_5/segmentation_repaired.stl,3838484,8.47,0,True,True,8,Consider enabling brim; Consider enabling supports; Detected print stability issues; Floating object part; Loose extrusions; Low bed adhesion; Repaired; WARNING,,6383757.0,450.0,0.0,2h 10m 21s,130.35,11.3,3787.34,P1_no_supports
961,s1_absolute_volume__mm3_5,meshes/s1_absolute_volume__mm3_5/case_outputs/961__s1_absolute_volume__mm3_5/segmentation_repaired.stl,2761884,6.95,0,True,True,8,Consider enabling brim; Consider enabling supports; Detected print stability issues; Floating object part; Loose extrusions; Low bed adhesion; Repaired; WARNING,,4651029.0,408.0,0.0,1h 37m 13s,97.21666666666668,7.72,2587.69,P1_no_supports
962,s1_absolute_volume__mm3_5,meshes/s1_absolute_volume__mm3_5/case_outputs/962__s1_absolute_volume__mm3_5/segmentation_repaired.stl,4047484,8.83,0,True,True,8,Consider enabling brim; Consider enabling supports; Detected print stability issues; Floating object part; Loose extrusions; Low bed adhesion; Repaired; WARNING,,6487003.0,453.0,0.0,2h 13m 23s,133.38333333333333,11.5,3856.28,P1_no_supports
963,s1_absolute_volume__mm3_5,meshes/s1_absolute_volume__mm3_5/case_outputs/963__s1_absolute_volume__mm3_5/segmentation_repaired.stl,5137084,11.91,0,True,True,8,Consider enabling brim; Consider enabling supports; Detected print stability issues; Floating object part; Loose extrusions; Low bed adhesion; Repaired; WARNING,,8483181.0,471.0,0.0,2h 55m 33s,175.55,15.6,5229.05,P1_no_supports
964,s1_absolute_volume__mm3_5,meshes/s1_absolute_volume__mm3_5/case_outputs/964__s1_absolute_volume__mm3_5/segmentation_repaired.stl,3694284,8.31,1,False,False,8,Consider enabling brim; Consider enabling supports; Detected print stability issues; Floating object part; Loose extrusions; Low bed adhesion; Repaired; WARNING,There is an object with no extrusions in the first layer. | Object name: segmentation_repaired.stl,,,,,,,,P1_no_supports
965,s1_absolute_volume__mm3_5,meshes/s1_absolute_volume__mm3_5/case_outputs/965__s1_absolute_volume__mm3_5/segmentation_repaired.stl,3510084,8.38,0,True,True,8,Consider enabling brim; Consider enabling supports; Detected print stability issues; Floating object part; Loose extrusions; Low bed adhesion; Repaired; WARNING,,5774526.0,417.0,0.0,1h 56m 11s,116.18333333333334,10.07,3374.76,P1_no_supports
966,s1_absolute_volume__mm3_5,meshes/s1_absolute_volume__mm3_5/case_outputs/966__s1_absolute_volume__mm3_5/segmentation_repaired.stl,4087684,9.65,0,True,True,8,Consider enabling brim; Consider enabling supports; Detected print stability issues; Floating object part; Loose extrusions; Low bed adhesion; Repaired; WARNING,,6829525.0,444.0,0.0,2h 16m 12s,136.2,11.46,3841.79,P1_no_supports
967,s1_absolute_volume__mm3_5,meshes/s1_absolute_volume__mm3_5/case_outputs/967__s1_absolute_volume__mm3_5/segmentation_repaired.stl,3445184,8.3,0,True,True,8,Consider enabling brim; Consider enabling supports; Detected print stability issues; Floating object part; Loose extrusions; Low bed adhesion; Repaired; WARNING,,5776951.0,507.0,0.0,2h 2m 31s,122.51666666666668,10.11,3389.71,P1_no_supports
968,s1_absolute_volume__mm3_5,meshes/s1_absolute_volume__mm3_5/case_outputs/968__s1_absolute_volume__mm3_5/segmentation_repaired.stl,2266284,5.9,0,True,True,8,Consider enabling brim; Consider enabling supports; Detected print stability issues; Floating object part; Loose extrusions; Low bed adhesion; Repaired; WARNING,,3780475.0,407.0,0.0,1h 20m 18s,80.3,6.6,2211.32,P1_no_supports
969,s1_absolute_volume__mm3_5,meshes/s1_absolute_volume__mm3_5/case_outputs/969__s1_absolute_volume__mm3_5/segmentation_repaired.stl,3666784,9.61,0,True,True,8,Consider enabling brim; Consider enabling supports; Detected print stability issues; Floating object part; Loose extrusions; Low bed adhesion; Repaired; WARNING,,6235657.0,528.0,0.0,2h 12m 50s,132.83333333333334,10.59,3550.07,P1_no_supports
970,s1_absolute_volume__mm3_5,meshes/s1_absolute_volume__mm3_5/case_outputs/970__s1_absolute_volume__mm3_5/segmentation_repaired.stl,2103684,5.32,0,True,True,8,Consider enabling brim; Consider enabling supports; Detected print stability issues; Floating object part; Loose extrusions; Low bed adhesion; Repaired; WARNING,,3504888.0,443.0,0.0,1h 14m 52s,74.86666666666666,5.69,1907.86,P1_no_supports
971,s1_absolute_volume__mm3_5,meshes/s1_absolute_volume__mm3_5/case_outputs/971__s1_absolute_volume__mm3_5/segmentation_repaired.stl,2692484,6.39,0,True,True,8,Consider enabling brim; Consider enabling supports; Detected print stability issues; Floating object part; Loose extrusions; Low bed adhesion; Repaired; WARNING,,4559633.0,561.0,0.0,1h 40m 29s,100.48333333333332,7.49,2510.96,P1_no_supports
972,s1_absolute_volume__mm3_5,meshes/s1_absolute_volume__mm3_5/case_outputs/972__s1_absolute_volume__mm3_5/segmentation_repaired.stl,2706484,6.7,0,True,True,8,Consider enabling brim; Consider enabling supports; Detected print stability issues; Floating object part; Loose extrusions; Low bed adhesion; Repaired; WARNING,,4466073.0,363.0,0.0,1h 31m 41s,91.68333333333334,7.32,2454.57,P1_no_supports
973,s1_absolute_volume__mm3_5,meshes/s1_absolute_volume__mm3_5/case_outputs/973__s1_absolute_volume__mm3_5/segmentation_repaired.stl,3463584,8.66,0,True,True,8,Consider enabling brim; Consider enabling supports; Detected print stability issues; Floating object part; Loose extrusions; Low bed adhesion; Repaired; WARNING,,5656290.0,468.0,0.0,1h 55m 23s,115.38333333333334,10.71,3589.24,P1_no_supports
974,s1_absolute_volume__mm3_5,meshes/s1_absolute_volume__mm3_5/case_outputs/974__s1_absolute_volume__mm3_5/segmentation_repaired.stl,5113284,11.75,0,True,True,8,Consider enabling brim; Consider enabling supports; Detected print stability issues; Floating object part; Loose extrusions; Low bed adhesion; Repaired; WARNING,,8588677.0,465.0,0.0,2h 57m 24s,177.4,15.59,5227.05,P1_no_supports
975,s1_absolute_volume__mm3_5,meshes/s1_absolute_volume__mm3_5/case_outputs/975__s1_absolute_volume__mm3_5/segmentation_repaired.stl,4193084,9.63,0,True,True,8,Consider enabling brim; Consider enabling supports; Detected print stability issues; Floating object part; Loose extrusions; Low bed adhesion; Repaired; WARNING,,6942797.0,462.0,0.0,2h 18m 36s,138.6,12.3,4123.59,P1_no_supports
976,s1_absolute_volume__mm3_5,meshes/s1_absolute_volume__mm3_5/case_outputs/976__s1_absolute_volume__mm3_5/segmentation_repaired.stl,2671984,6.62,0,True,True,8,Consider enabling brim; Consider enabling supports; Detected print stability issues; Floating object part; Loose extrusions; Low bed adhesion; Repaired; WARNING,,4506373.0,453.0,0.0,1h 34m 8s,94.13333333333334,7.36,2466.11,P1_no_supports
977,s1_absolute_volume__mm3_5,meshes/s1_absolute_volume__mm3_5/case_outputs/977__s1_absolute_volume__mm3_5/segmentation_repaired.stl,2827684,6.99,0,True,True,8,Consider enabling brim; Consider enabling supports; Detected print stability issues; Floating object part; Loose extrusions; Low bed adhesion; Repaired; WARNING,,4808711.0,450.0,0.0,1h 44m 17s,104.28333333333332,8.29,2778.79,P1_no_supports
978,s1_absolute_volume__mm3_5,meshes/s1_absolute_volume__mm3_5/case_outputs/978__s1_absolute_volume__mm3_5/segmentation_repaired.stl,3477384,8.0,0,True,True,8,Consider enabling brim; Consider enabling supports; Detected print stability issues; Floating object part; Loose extrusions; Low bed adhesion; Repaired; WARNING,,5607106.0,387.0,0.0,1h 49m 35s,109.58333333333331,9.48,3179.17,P1_no_supports
979,s1_absolute_volume__mm3_5,meshes/s1_absolute_volume__mm3_5/case_outputs/979__s1_absolute_volume__mm3_5/segmentation_repaired.stl,2973684,6.37,1,False,False,8,Consider enabling brim; Consider enabling supports; Detected print stability issues; Floating object part; Loose extrusions; Low bed adhesion; Repaired; WARNING,There is an object with no extrusions in the first layer. | Object name: segmentation_repaired.stl,,,,,,,,P1_no_supports
980,s1_absolute_volume__mm3_5,meshes/s1_absolute_volume__mm3_5/case_outputs/980__s1_absolute_volume__mm3_5/segmentation_repaired.stl,2970184,7.08,0,True,True,8,Consider enabling brim; Consider enabling supports; Detected print stability issues; Floating object part; Loose extrusions; Low bed adhesion; Repaired; WARNING,,4822801.0,438.0,0.0,1h 44m 55s,104.91666666666669,9.34,3131.81,P1_no_supports
981,s1_absolute_volume__mm3_5,meshes/s1_absolute_volume__mm3_5/case_outputs/981__s1_absolute_volume__mm3_5/segmentation_repaired.stl,1844184,5.06,0,True,True,8,Consider enabling brim; Consider enabling supports; Detected print stability issues; Floating object part; Loose extrusions; Low bed adhesion; Repaired; WARNING,,2929952.0,345.0,0.0,1h 1m 42s,61.7,5.22,1749.45,P1_no_supports
982,s1_absolute_volume__mm3_5,meshes/s1_absolute_volume__mm3_5/case_outputs/982__s1_absolute_volume__mm3_5/segmentation_repaired.stl,2248684,5.46,0,True,True,8,Consider enabling brim; Consider enabling supports; Detected print stability issues; Floating object part; Loose extrusions; Low bed adhesion; Repaired; WARNING,,3639184.0,378.0,0.0,1h 13m 42s,73.7,6.03,2021.26,P1_no_supports
983,s1_absolute_volume__mm3_5,meshes/s1_absolute_volume__mm3_5/case_outputs/983__s1_absolute_volume__mm3_5/segmentation_repaired.stl,3886084,9.64,0,True,True,8,Consider enabling brim; Consider enabling supports; Detected print stability issues; Floating object part; Loose extrusions; Low bed adhesion; Repaired; WARNING,,6701588.0,440.0,0.0,2h 14m 47s,134.78333333333333,11.23,3765.0,P1_no_supports
984,s1_absolute_volume__mm3_5,meshes/s1_absolute_volume__mm3_5/case_outputs/984__s1_absolute_volume__mm3_5/segmentation_repaired.stl,3887484,8.44,0,True,True,8,Consider enabling brim; Consider enabling supports; Detected print stability issues; Floating object part; Loose extrusions; Low bed adhesion; Repaired; WARNING,,6042547.0,477.0,0.0,2h 10m 46s,130.76666666666668,11.16,3742.16,P1_no_supports
985,s1_absolute_volume__mm3_5,meshes/s1_absolute_volume__mm3_5/case_outputs/985__s1_absolute_volume__mm3_5/segmentation_repaired.stl,3177484,7.87,0,True,True,8,Consider enabling brim; Consider enabling supports; Detected print stability issues; Floating object part; Loose extrusions; Low bed adhesion; Repaired; WARNING,,5232210.0,477.0,0.0,1h 50m 45s,110.75,9.04,3030.92,P1_no_supports
986,s1_absolute_volume__mm3_5,meshes/s1_absolute_volume__mm3_5/case_outputs/986__s1_absolute_volume__mm3_5/segmentation_repaired.stl,3247584,7.96,0,True,True,8,Consider enabling brim; Consider enabling supports; Detected print stability issues; Floating object part; Loose extrusions; Low bed adhesion; Repaired; WARNING,,5350699.0,480.0,0.0,1h 53m 58s,113.96666666666668,9.37,3141.87,P1_no_supports
987,s1_absolute_volume__mm3_5,meshes/s1_absolute_volume__mm3_5/case_outputs/987__s1_absolute_volume__mm3_5/segmentation_repaired.stl,4205884,9.92,0,True,True,8,Consider enabling brim; Consider enabling supports; Detected print stability issues; Floating object part; Loose extrusions; Low bed adhesion; Repaired; WARNING,,7057316.0,495.0,0.0,2h 33m 16s,153.26666666666668,13.12,4399.46,P1_no_supports
988,s1_absolute_volume__mm3_5,meshes/s1_absolute_volume__mm3_5/case_outputs/988__s1_absolute_volume__mm3_5/segmentation_repaired.stl,2695284,6.42,0,True,True,8,Consider enabling brim; Consider enabling supports; Detected print stability issues; Floating object part; Loose extrusions; Low bed adhesion; Repaired; WARNING,,4305202.0,390.0,0.0,1h 28m 27s,88.45,7.12,2385.97,P1_no_supports
989,s1_absolute_volume__mm3_5,meshes/s1_absolute_volume__mm3_5/case_outputs/989__s1_absolute_volume__mm3_5/segmentation_repaired.stl,3465784,8.16,0,True,True,8,Consider enabling brim; Consider enabling supports; Detected print stability issues; Floating object part; Loose extrusions; Low bed adhesion; Repaired; WARNING,,5652678.0,453.0,0.0,1h 56m 13s,116.21666666666668,9.45,3169.76,P1_no_supports
990,s1_absolute_volume__mm3_5,meshes/s1_absolute_volume__mm3_5/case_outputs/990__s1_absolute_volume__mm3_5/segmentation_repaired.stl,3058884,7.68,0,True,True,8,Consider enabling brim; Consider enabling supports; Detected print stability issues; Floating object part; Loose extrusions; Low bed adhesion; Repaired; WARNING,,5136761.0,456.0,0.0,1h 50m 24s,110.4,9.09,3048.26,P1_no_supports
991,s1_absolute_volume__mm3_5,meshes/s1_absolute_volume__mm3_5/case_outputs/991__s1_absolute_volume__mm3_5/segmentation_repaired.stl,3028484,7.29,0,True,True,8,Consider enabling brim; Consider enabling supports; Detected print stability issues; Floating object part; Loose extrusions; Low bed adhesion; Repaired; WARNING,,4992574.0,390.0,0.0,1h 43m 33s,103.55,8.51,2852.62,P1_no_supports
992,s1_absolute_volume__mm3_5,meshes/s1_absolute_volume__mm3_5/case_outputs/992__s1_absolute_volume__mm3_5/segmentation_repaired.stl,2475084,6.28,0,True,True,8,Consider enabling brim; Consider enabling supports; Detected print stability issues; Floating object part; Loose extrusions; Low bed adhesion; Repaired; WARNING,,4052718.0,435.0,0.0,1h 24m 27s,84.45,6.82,2287.99,P1_no_supports
993,s1_absolute_volume__mm3_5,meshes/s1_absolute_volume__mm3_5/case_outputs/993__s1_absolute_volume__mm3_5/segmentation_repaired.stl,5207484,11.98,0,True,True,8,Consider enabling brim; Consider enabling supports; Detected print stability issues; Floating object part; Loose extrusions; Low bed adhesion; Repaired; WARNING,,8353874.0,483.0,0.0,2h 45m 12s,165.2,15.3,5130.75,P1_no_supports
994,s1_absolute_volume__mm3_5,meshes/s1_absolute_volume__mm3_5/case_outputs/994__s1_absolute_volume__mm3_5/segmentation_repaired.stl,3629184,9.21,0,True,True,8,Consider enabling brim; Consider enabling supports; Detected print stability issues; Floating object part; Loose extrusions; Low bed adhesion; Repaired; WARNING,,6034769.0,390.0,0.0,2h 0m 8s,120.13333333333334,10.03,3362.47,P1_no_supports
995,s1_absolute_volume__mm3_5,meshes/s1_absolute_volume__mm3_5/case_outputs/995__s1_absolute_volume__mm3_5/segmentation_repaired.stl,3084984,6.74,0,True,True,8,Consider enabling brim; Consider enabling supports; Detected print stability issues; Floating object part; Loose extrusions; Low bed adhesion; Repaired; WARNING,,4946539.0,387.0,0.0,1h 37m 34s,97.56666666666666,8.11,2718.08,P1_no_supports
996,s1_absolute_volume__mm3_5,meshes/s1_absolute_volume__mm3_5/case_outputs/996__s1_absolute_volume__mm3_5/segmentation_repaired.stl,2753284,6.38,0,True,True,8,Consider enabling brim; Consider enabling supports; Detected print stability issues; Floating object part; Loose extrusions; Low bed adhesion; Repaired; WARNING,,4457298.0,387.0,0.0,1h 29m 37s,89.61666666666666,7.29,2445.43,P1_no_supports
997,s1_absolute_volume__mm3_5,meshes/s1_absolute_volume__mm3_5/case_outputs/997__s1_absolute_volume__mm3_5/segmentation_repaired.stl,3978084,9.31,0,True,True,8,Consider enabling brim; Consider enabling supports; Detected print stability issues; Floating object part; Loose extrusions; Low bed adhesion; Repaired; WARNING,,6639817.0,396.0,0.0,2h 14m 4s,134.06666666666666,11.52,3860.94,P1_no_supports
998,s1_absolute_volume__mm3_5,meshes/s1_absolute_volume__mm3_5/case_outputs/998__s1_absolute_volume__mm3_5/segmentation_repaired.stl,3673884,9.09,0,True,True,8,Consider enabling brim; Consider enabling supports; Detected print stability issues; Floating object part; Loose extrusions; Low bed adhesion; Repaired; WARNING,,6013475.0,408.0,0.0,2h 8m 34s,128.56666666666666,11.32,3795.67,P1_no_supports
999,s1_absolute_volume__mm3_5,meshes/s1_absolute_volume__mm3_5/case_outputs/999__s1_absolute_volume__mm3_5/segmentation_repaired.stl,2199684,5.28,0,True,True,8,Consider enabling brim; Consider enabling supports; Detected print stability issues; Floating object part; Loose extrusions; Low bed adhesion; Repaired; WARNING,,3608915.0,390.0,0.0,1h 12m 40s,72.66666666666667,5.72,1918.8,P1_no_supports
1000,s2_relative_volume__frac_0.01,meshes/s2_relative_volume__frac_0.01/case_outputs/1000__s2_relative_volume__frac_0.01/segmentation_repaired.stl,3070184,7.63,0,True,True,8,Consider enabling brim; Consider enabling supports; Detected print stability issues; Floating object part; Loose extrusions; Low bed adhesion; Repaired; WARNING,,5137885.0,423.0,0.0,1h 45m 11s,105.18333333333334,8.79,2947.31,P1_no_supports
751,s2_relative_volume__frac_0.01,meshes/s2_relative_volume__frac_0.01/case_outputs/751__s2_relative_volume__frac_0.01/segmentation_repaired.stl,3325484,7.65,0,True,True,8,Consider enabling brim; Consider enabling supports; Detected print stability issues; Floating object part; Loose extrusions; Low bed adhesion; Repaired; WARNING,,5452064.0,489.0,0.0,1h 56m 47s,116.78333333333332,8.97,3007.33,P1_no_supports
752,s2_relative_volume__frac_0.01,meshes/s2_relative_volume__frac_0.01/case_outputs/752__s2_relative_volume__frac_0.01/segmentation_repaired.stl,3926184,9.45,0,True,True,8,Consider enabling brim; Consider enabling supports; Detected print stability issues; Floating object part; Loose extrusions; Low bed adhesion; Repaired; WARNING,,6614249.0,516.0,0.0,2h 16m 0s,136.0,10.64,3566.6,P1_no_supports
753,s2_relative_volume__frac_0.01,meshes/s2_relative_volume__frac_0.01/case_outputs/753__s2_relative_volume__frac_0.01/segmentation_repaired.stl,2035584,5.41,0,True,True,8,Consider enabling brim; Consider enabling supports; Detected print stability issues; Floating object part; Loose extrusions; Low bed adhesion; Repaired; WARNING,,3405775.0,393.0,0.0,1h 13m 21s,73.35,5.65,1892.84,P1_no_supports
754,s2_relative_volume__frac_0.01,meshes/s2_relative_volume__frac_0.01/case_outputs/754__s2_relative_volume__frac_0.01/segmentation_repaired.stl,2712084,6.95,0,True,True,7,Consider enabling brim; Consider enabling supports; Detected print stability issues; Floating object part; Low bed adhesion; Repaired; WARNING,,4809794.0,564.0,0.0,1h 47m 26s,107.43333333333334,8.09,2713.96,P1_no_supports
755,s2_relative_volume__frac_0.01,meshes/s2_relative_volume__frac_0.01/case_outputs/755__s2_relative_volume__frac_0.01/segmentation_repaired.stl,2835584,6.67,0,True,True,8,Consider enabling brim; Consider enabling supports; Detected print stability issues; Floating object part; Loose extrusions; Low bed adhesion; Repaired; WARNING,,4721313.0,453.0,0.0,1h 35m 59s,95.98333333333332,7.8,2616.69,P1_no_supports
756,s2_relative_volume__frac_0.01,meshes/s2_relative_volume__frac_0.01/case_outputs/756__s2_relative_volume__frac_0.01/segmentation_repaired.stl,2127984,5.47,0,True,True,8,Consider enabling brim; Consider enabling supports; Detected print stability issues; Floating object part; Loose extrusions; Low bed adhesion; Repaired; WARNING,,3574678.0,402.0,0.0,1h 15m 25s,75.41666666666667,5.69,1909.44,P1_no_supports
757,s2_relative_volume__frac_0.01,meshes/s2_relative_volume__frac_0.01/case_outputs/757__s2_relative_volume__frac_0.01/segmentation_repaired.stl,3308884,7.99,0,True,True,8,Consider enabling brim; Consider enabling supports; Detected print stability issues; Floating object part; Loose extrusions; Low bed adhesion; Repaired; WARNING,,5584839.0,489.0,0.0,2h 2m 19s,122.31666666666666,9.68,3247.03,P1_no_supports
758,s2_relative_volume__frac_0.01,meshes/s2_relative_volume__frac_0.01/case_outputs/758__s2_relative_volume__frac_0.01/segmentation_repaired.stl,2621484,6.34,0,True,True,8,Consider enabling brim; Consider enabling supports; Detected print stability issues; Floating object part; Loose extrusions; Low bed adhesion; Repaired; WARNING,,4398325.0,579.0,0.0,1h 38m 31s,98.51666666666668,7.07,2368.83,P1_no_supports
759,s2_relative_volume__frac_0.01,meshes/s2_relative_volume__frac_0.01/case_outputs/759__s2_relative_volume__frac_0.01/segmentation_repaired.stl,1889384,4.83,0,True,True,8,Consider enabling brim; Consider enabling supports; Detected print stability issues; Floating object part; Loose extrusions; Low bed adhesion; Repaired; WARNING,,3053978.0,411.0,0.0,1h 5m 23s,65.38333333333334,4.99,1673.39,P1_no_supports
760,s2_relative_volume__frac_0.01,meshes/s2_relative_volume__frac_0.01/case_outputs/760__s2_relative_volume__frac_0.01/segmentation_repaired.stl,3424884,8.74,0,True,True,8,Consider enabling brim; Consider enabling supports; Detected print stability issues; Floating object part; Loose extrusions; Low bed adhesion; Repaired; WARNING,,5725437.0,465.0,0.0,2h 1m 33s,121.55,9.85,3303.5,P1_no_supports
761,s2_relative_volume__frac_0.01,meshes/s2_relative_volume__frac_0.01/case_outputs/761__s2_relative_volume__frac_0.01/segmentation_repaired.stl,3711884,8.19,0,True,True,8,Consider enabling brim; Consider enabling supports; Detected print stability issues; Floating object part; Loose extrusions; Low bed adhesion; Repaired; WARNING,,6200789.0,420.0,0.0,2h 0m 36s,120.6,10.38,3479.33,P1_no_supports
762,s2_relative_volume__frac_0.01,meshes/s2_relative_volume__frac_0.01/case_outputs/762__s2_relative_volume__frac_0.01/segmentation_repaired.stl,3789584,8.91,0,True,True,8,Consider enabling brim; Consider enabling supports; Detected print stability issues; Floating object part; Loose extrusions; Low bed adhesion; Repaired; WARNING,,6318792.0,515.0,0.0,2h 11m 56s,131.93333333333334,10.54,3532.68,P1_no_supports
763,s2_relative_volume__frac_0.01,meshes/s2_relative_volume__frac_0.01/case_outputs/763__s2_relative_volume__frac_0.01/segmentation_repaired.stl,3786684,8.72,0,True,True,8,Consider enabling brim; Consider enabling supports; Detected print stability issues; Floating object part; Loose extrusions; Low bed adhesion; Repaired; WARNING,,6526507.0,465.0,0.0,2h 13m 21s,133.35,11.11,3724.56,P1_no_supports
764,s2_relative_volume__frac_0.01,meshes/s2_relative_volume__frac_0.01/case_outputs/764__s2_relative_volume__frac_0.01/segmentation_repaired.stl,4773884,10.41,0,True,True,8,Consider enabling brim; Consider enabling supports; Detected print stability issues; Floating object part; Loose extrusions; Low bed adhesion; Repaired; WARNING,,7785693.0,432.0,0.0,2h 35m 49s,155.81666666666666,13.93,4670.95,P1_no_supports
765,s2_relative_volume__frac_0.01,meshes/s2_relative_volume__frac_0.01/case_outputs/765__s2_relative_volume__frac_0.01/segmentation_repaired.stl,2887884,7.1,0,True,True,8,Consider enabling brim; Consider enabling supports; Detected print stability issues; Floating object part; Loose extrusions; Low bed adhesion; Repaired; WARNING,,4728396.0,447.0,0.0,1h 42m 3s,102.05,7.62,2556.4,P1_no_supports
766,s2_relative_volume__frac_0.01,meshes/s2_relative_volume__frac_0.01/case_outputs/766__s2_relative_volume__frac_0.01/segmentation_repaired.stl,5316284,11.64,0,True,True,8,Consider enabling brim; Consider enabling supports; Detected print stability issues; Floating object part; Loose extrusions; Low bed adhesion; Repaired; WARNING,,8644036.0,504.0,0.0,2h 53m 20s,173.33333333333334,15.47,5187.5,P1_no_supports
767,s2_relative_volume__frac_0.01,meshes/s2_relative_volume__frac_0.01/case_outputs/767__s2_relative_volume__frac_0.01/segmentation_repaired.stl,2337084,6.67,0,True,True,8,Consider enabling brim; Consider enabling supports; Detected print stability issues; Floating object part; Loose extrusions; Low bed adhesion; Repaired; WARNING,,4022552.0,433.0,0.0,1h 21m 25s,81.41666666666667,6.21,2083.01,P1_no_supports
768,s2_relative_volume__frac_0.01,meshes/s2_relative_volume__frac_0.01/case_outputs/768__s2_relative_volume__frac_0.01/segmentation_repaired.stl,2768084,5.93,0,True,True,8,Consider enabling brim; Consider enabling supports; Detected print stability issues; Floating object part; Loose extrusions; Low bed adhesion; Repaired; WARNING,,4386644.0,448.0,0.0,1h 26m 2s,86.03333333333333,7.79,2611.54,P1_no_supports
769,s2_relative_volume__frac_0.01,meshes/s2_relative_volume__frac_0.01/case_outputs/769__s2_relative_volume__frac_0.01/segmentation_repaired.stl,3631184,9.01,0,True,True,8,Consider enabling brim; Consider enabling supports; Detected print stability issues; Floating object part; Loose extrusions; Low bed adhesion; Repaired; WARNING,,6393062.0,418.0,0.0,2h 10m 19s,130.31666666666666,10.81,3623.53,P1_no_supports
770,s2_relative_volume__frac_0.01,meshes/s2_relative_volume__frac_0.01/case_outputs/770__s2_relative_volume__frac_0.01/segmentation_repaired.stl,4991884,11.64,0,True,True,8,Consider enabling brim; Consider enabling supports; Detected print stability issues; Floating object part; Loose extrusions; Low bed adhesion; Repaired; WARNING,,8350710.0,468.0,0.0,2h 48m 8s,168.13333333333333,14.43,4838.78,P1_no_supports
771,s2_relative_volume__frac_0.01,meshes/s2_relative_volume__frac_0.01/case_outputs/771__s2_relative_volume__frac_0.01/segmentation_repaired.stl,2947884,7.13,0,True,True,8,Consider enabling brim; Consider enabling supports; Detected print stability issues; Floating object part; Loose extrusions; Low bed adhesion; Repaired; WARNING,,4903912.0,429.0,0.0,1h 40m 6s,100.1,8.41,2819.64,P1_no_supports
772,s2_relative_volume__frac_0.01,meshes/s2_relative_volume__frac_0.01/case_outputs/772__s2_relative_volume__frac_0.01/segmentation_repaired.stl,3243784,8.14,0,True,True,8,Consider enabling brim; Consider enabling supports; Detected print stability issues; Floating object part; Loose extrusions; Low bed adhesion; Repaired; WARNING,,5393294.0,434.0,0.0,1h 44m 8s,104.13333333333334,8.94,2997.4,P1_no_supports
773,s2_relative_volume__frac_0.01,meshes/s2_relative_volume__frac_0.01/case_outputs/773__s2_relative_volume__frac_0.01/segmentation_repaired.stl,2767884,7.28,0,True,True,8,Consider enabling brim; Consider enabling supports; Detected print stability issues; Floating object part; Loose extrusions; Low bed adhesion; Repaired; WARNING,,4716909.0,543.0,0.0,1h 40m 55s,100.91666666666669,7.58,2541.95,P1_no_supports
774,s2_relative_volume__frac_0.01,meshes/s2_relative_volume__frac_0.01/case_outputs/774__s2_relative_volume__frac_0.01/segmentation_repaired.stl,2791684,7.02,0,True,True,8,Consider enabling brim; Consider enabling supports; Detected print stability issues; Floating object part; Loose extrusions; Low bed adhesion; Repaired; WARNING,,4708256.0,501.0,0.0,1h 41m 27s,101.45,7.96,2667.71,P1_no_supports
775,s2_relative_volume__frac_0.01,meshes/s2_relative_volume__frac_0.01/case_outputs/775__s2_relative_volume__frac_0.01/segmentation_repaired.stl,2380484,6.14,0,True,True,8,Consider enabling brim; Consider enabling supports; Detected print stability issues; Floating object part; Loose extrusions; Low bed adhesion; Repaired; WARNING,,3904679.0,423.0,0.0,1h 17m 38s,77.63333333333334,6.61,2215.36,P1_no_supports
776,s2_relative_volume__frac_0.01,meshes/s2_relative_volume__frac_0.01/case_outputs/776__s2_relative_volume__frac_0.01/segmentation_repaired.stl,3369884,8.14,0,True,True,8,Consider enabling brim; Consider enabling supports; Detected print stability issues; Floating object part; Loose extrusions; Low bed adhesion; Repaired; WARNING,,5557175.0,441.0,0.0,1h 56m 30s,116.5,8.95,2999.92,P1_no_supports
777,s2_relative_volume__frac_0.01,meshes/s2_relative_volume__frac_0.01/case_outputs/777__s2_relative_volume__frac_0.01/segmentation_repaired.stl,2729484,7.06,0,True,True,8,Consider enabling brim; Consider enabling supports; Detected print stability issues; Floating object part; Loose extrusions; Low bed adhesion; Repaired; WARNING,,4592668.0,459.0,0.0,1h 35m 22s,95.36666666666666,7.2,2412.94,P1_no_supports
778,s2_relative_volume__frac_0.01,meshes/s2_relative_volume__frac_0.01/case_outputs/778__s2_relative_volume__frac_0.01/segmentation_repaired.stl,2813484,6.66,0,True,True,8,Consider enabling brim; Consider enabling supports; Detected print stability issues; Floating object part; Loose extrusions; Low bed adhesion; Repaired; WARNING,,4680786.0,462.0,0.0,1h 38m 11s,98.18333333333334,7.53,2525.98,P1_no_supports
779,s2_relative_volume__frac_0.01,meshes/s2_relative_volume__frac_0.01/case_outputs/779__s2_relative_volume__frac_0.01/segmentation_repaired.stl,3493184,8.63,0,True,True,8,Consider enabling brim; Consider enabling supports; Detected print stability issues; Floating object part; Loose extrusions; Low bed adhesion; Repaired; WARNING,,5903043.0,489.0,0.0,2h 1m 46s,121.76666666666668,9.45,3170.05,P1_no_supports
780,s2_relative_volume__frac_0.01,meshes/s2_relative_volume__frac_0.01/case_outputs/780__s2_relative_volume__frac_0.01/segmentation_repaired.stl,3942384,8.92,0,True,True,8,Consider enabling brim; Consider enabling supports; Detected print stability issues; Floating object part; Loose extrusions; Low bed adhesion; Repaired; WARNING,,6549698.0,432.0,0.0,2h 12m 38s,132.63333333333333,11.06,3708.49,P1_no_supports
781,s2_relative_volume__frac_0.01,meshes/s2_relative_volume__frac_0.01/case_outputs/781__s2_relative_volume__frac_0.01/segmentation_repaired.stl,2714084,6.41,0,True,True,8,Consider enabling brim; Consider enabling supports; Detected print stability issues; Floating object part; Loose extrusions; Low bed adhesion; Repaired; WARNING,,4304687.0,375.0,0.0,1h 29m 7s,89.11666666666666,7.02,2354.13,P1_no_supports
782,s2_relative_volume__frac_0.01,meshes/s2_relative_volume__frac_0.01/case_outputs/782__s2_relative_volume__frac_0.01/segmentation_repaired.stl,3827284,8.76,0,True,True,8,Consider enabling brim; Consider enabling supports; Detected print stability issues; Floating object part; Loose extrusions; Low bed adhesion; Repaired; WARNING,,6317844.0,462.0,0.0,2h 10m 4s,130.06666666666666,10.92,3661.37,P1_no_supports
783,s2_relative_volume__frac_0.01,meshes/s2_relative_volume__frac_0.01/case_outputs/783__s2_relative_volume__frac_0.01/segmentation_repaired.stl,2575984,6.24,0,True,True,8,Consider enabling brim; Consider enabling supports; Detected print stability issues; Floating object part; Loose extrusions; Low bed adhesion; Repaired; WARNING,,4279696.0,402.0,0.0,1h 25m 6s,85.1,7.04,2360.42,P1_no_supports
784,s2_relative_volume__frac_0.01,meshes/s2_relative_volume__frac_0.01/case_outputs/784__s2_relative_volume__frac_0.01/segmentation_repaired.stl,2637484,5.98,1,False,False,8,Consider enabling brim; Consider enabling supports; Detected print stability issues; Floating object part; Loose extrusions; Low bed adhesion; Repaired; WARNING,There is an object with no extrusions in the first layer. | Object name: segmentation_repaired.stl,,,,,,,,P1_no_supports
785,s2_relative_volume__frac_0.01,meshes/s2_relative_volume__frac_0.01/case_outputs/785__s2_relative_volume__frac_0.01/segmentation_repaired.stl,1892484,4.96,0,True,True,8,Consider enabling brim; Consider enabling supports; Detected print stability issues; Floating object part; Loose extrusions; Low bed adhesion; Repaired; WARNING,,3143771.0,348.0,0.0,1h 5m 35s,65.58333333333333,5.43,1820.47,P1_no_supports
786,s2_relative_volume__frac_0.01,meshes/s2_relative_volume__frac_0.01/case_outputs/786__s2_relative_volume__frac_0.01/segmentation_repaired.stl,2786884,6.87,0,True,True,8,Consider enabling brim; Consider enabling supports; Detected print stability issues; Floating object part; Loose extrusions; Low bed adhesion; Repaired; WARNING,,4726337.0,419.0,0.0,1h 35m 15s,95.25,8.05,2700.24,P1_no_supports
787,s2_relative_volume__frac_0.01,meshes/s2_relative_volume__frac_0.01/case_outputs/787__s2_relative_volume__frac_0.01/segmentation_repaired.stl,2555884,5.67,1,False,False,8,Consider enabling brim; Consider enabling supports; Detected print stability issues; Floating object part; Loose extrusions; Low bed adhesion; Repaired; WARNING,There is an object with no extrusions in the first layer. | Object name: segmentation_repaired.stl,,,,,,,,P1_no_supports
788,s2_relative_volume__frac_0.01,meshes/s2_relative_volume__frac_0.01/case_outputs/788__s2_relative_volume__frac_0.01/segmentation_repaired.stl,3857884,8.48,1,False,False,8,Consider enabling brim; Consider enabling supports; Detected print stability issues; Floating object part; Loose extrusions; Low bed adhesion; Repaired; WARNING,There is an object with no extrusions in the first layer. | Object name: segmentation_repaired.stl,,,,,,,,P1_no_supports
789,s2_relative_volume__frac_0.01,meshes/s2_relative_volume__frac_0.01/case_outputs/789__s2_relative_volume__frac_0.01/segmentation_repaired.stl,3163484,7.8,0,True,True,8,Consider enabling brim; Consider enabling supports; Detected print stability issues; Floating object part; Loose extrusions; Low bed adhesion; Repaired; WARNING,,5190623.0,503.0,0.0,1h 50m 39s,110.65,8.88,2978.37,P1_no_supports
790,s2_relative_volume__frac_0.01,meshes/s2_relative_volume__frac_0.01/case_outputs/790__s2_relative_volume__frac_0.01/segmentation_repaired.stl,3067084,7.97,0,True,True,8,Consider enabling brim; Consider enabling supports; Detected print stability issues; Floating object part; Loose extrusions; Low bed adhesion; Repaired; WARNING,,5153360.0,582.0,0.0,1h 50m 49s,110.81666666666666,8.32,2790.98,P1_no_supports
791,s2_relative_volume__frac_0.01,meshes/s2_relative_volume__frac_0.01/case_outputs/791__s2_relative_volume__frac_0.01/segmentation_repaired.stl,4110084,9.6,0,True,True,8,Consider enabling brim; Consider enabling supports; Detected print stability issues; Floating object part; Loose extrusions; Low bed adhesion; Repaired; WARNING,,6908698.0,444.0,0.0,2h 14m 2s,134.03333333333333,11.47,3847.02,P1_no_supports
792,s2_relative_volume__frac_0.01,meshes/s2_relative_volume__frac_0.01/case_outputs/792__s2_relative_volume__frac_0.01/segmentation_repaired.stl,2410184,5.78,0,True,True,8,Consider enabling brim; Consider enabling supports; Detected print stability issues; Floating object part; Loose extrusions; Low bed adhesion; Repaired; WARNING,,4032506.0,426.0,0.0,1h 27m 49s,87.81666666666666,6.92,2321.66,P1_no_supports
793,s2_relative_volume__frac_0.01,meshes/s2_relative_volume__frac_0.01/case_outputs/793__s2_relative_volume__frac_0.01/segmentation_repaired.stl,2116884,5.28,0,True,True,8,Consider enabling brim; Consider enabling supports; Detected print stability issues; Floating object part; Loose extrusions; Low bed adhesion; Repaired; WARNING,,3514399.0,414.0,0.0,1h 10m 25s,70.41666666666667,5.73,1919.87,P1_no_supports
794,s2_relative_volume__frac_0.01,meshes/s2_relative_volume__frac_0.01/case_outputs/794__s2_relative_volume__frac_0.01/segmentation_repaired.stl,4390684,10.32,0,True,True,8,Consider enabling brim; Consider enabling supports; Detected print stability issues; Floating object part; Loose extrusions; Low bed adhesion; Repaired; WARNING,,7287447.0,492.0,0.0,2h 27m 52s,147.86666666666667,13.25,4443.41,P1_no_supports
795,s2_relative_volume__frac_0.01,meshes/s2_relative_volume__frac_0.01/case_outputs/795__s2_relative_volume__frac_0.01/segmentation_repaired.stl,2565384,6.26,0,True,True,8,Consider enabling brim; Consider enabling supports; Detected print stability issues; Floating object part; Loose extrusions; Low bed adhesion; Repaired; WARNING,,4117334.0,447.0,0.0,1h 24m 45s,84.75,6.79,2275.4,P1_no_supports
796,s2_relative_volume__frac_0.01,meshes/s2_relative_volume__frac_0.01/case_outputs/796__s2_relative_volume__frac_0.01/segmentation_repaired.stl,2964084,6.87,0,True,True,8,Consider enabling brim; Consider enabling supports; Detected print stability issues; Floating object part; Loose extrusions; Low bed adhesion; Repaired; WARNING,,4850922.0,474.0,0.0,1h 44m 28s,104.46666666666668,8.38,2811.22,P1_no_supports
797,s2_relative_volume__frac_0.01,meshes/s2_relative_volume__frac_0.01/case_outputs/797__s2_relative_volume__frac_0.01/segmentation_repaired.stl,3114284,7.9,0,True,True,8,Consider enabling brim; Consider enabling supports; Detected print stability issues; Floating object part; Loose extrusions; Low bed adhesion; Repaired; WARNING,,5161664.0,435.0,0.0,1h 44m 19s,104.31666666666666,7.93,2659.17,P1_no_supports
798,s2_relative_volume__frac_0.01,meshes/s2_relative_volume__frac_0.01/case_outputs/798__s2_relative_volume__frac_0.01/segmentation_repaired.stl,4018784,8.97,0,True,True,8,Consider enabling brim; Consider enabling supports; Detected print stability issues; Floating object part; Loose extrusions; Low bed adhesion; Repaired; WARNING,,6570445.0,526.0,0.0,2h 13m 7s,133.11666666666667,11.15,3738.83,P1_no_supports
799,s2_relative_volume__frac_0.01,meshes/s2_relative_volume__frac_0.01/case_outputs/799__s2_relative_volume__frac_0.01/segmentation_repaired.stl,3623184,7.93,1,False,False,8,Consider enabling brim; Consider enabling supports; Detected print stability issues; Floating object part; Loose extrusions; Low bed adhesion; Repaired; WARNING,There is an object with no extrusions in the first layer. | Object name: segmentation_repaired.stl,,,,,,,,P1_no_supports
800,s2_relative_volume__frac_0.01,meshes/s2_relative_volume__frac_0.01/case_outputs/800__s2_relative_volume__frac_0.01/segmentation_repaired.stl,4084284,10.01,0,True,True,8,Consider enabling brim; Consider enabling supports; Detected print stability issues; Floating object part; Loose extrusions; Low bed adhesion; Repaired; WARNING,,6962596.0,483.0,0.0,2h 21m 24s,141.4,11.96,4011.62,P1_no_supports
801,s2_relative_volume__frac_0.01,meshes/s2_relative_volume__frac_0.01/case_outputs/801__s2_relative_volume__frac_0.01/segmentation_repaired.stl,3885684,9.0,0,True,True,8,Consider enabling brim; Consider enabling supports; Detected print stability issues; Floating object part; Loose extrusions; Low bed adhesion; Repaired; WARNING,,6436033.0,393.0,0.0,2h 7m 5s,127.08333333333331,10.62,3561.41,P1_no_supports
802,s2_relative_volume__frac_0.01,meshes/s2_relative_volume__frac_0.01/case_outputs/802__s2_relative_volume__frac_0.01/segmentation_repaired.stl,2635284,6.55,0,True,True,8,Consider enabling brim; Consider enabling supports; Detected print stability issues; Floating object part; Loose extrusions; Low bed adhesion; Repaired; WARNING,,4515999.0,420.0,0.0,1h 33m 59s,93.98333333333332,7.58,2541.06,P1_no_supports
803,s2_relative_volume__frac_0.01,meshes/s2_relative_volume__frac_0.01/case_outputs/803__s2_relative_volume__frac_0.01/segmentation_repaired.stl,3157484,7.65,0,True,True,8,Consider enabling brim; Consider enabling supports; Detected print stability issues; Floating object part; Loose extrusions; Low bed adhesion; Repaired; WARNING,,5271392.0,519.0,0.0,1h 54m 53s,114.88333333333334,8.77,2940.26,P1_no_supports
804,s2_relative_volume__frac_0.01,meshes/s2_relative_volume__frac_0.01/case_outputs/804__s2_relative_volume__frac_0.01/segmentation_repaired.stl,2470184,5.99,0,True,True,8,Consider enabling brim; Consider enabling supports; Detected print stability issues; Floating object part; Loose extrusions; Low bed adhesion; Repaired; WARNING,,4031328.0,435.0,0.0,1h 27m 56s,87.93333333333334,7.37,2471.22,P1_no_supports
805,s2_relative_volume__frac_0.01,meshes/s2_relative_volume__frac_0.01/case_outputs/805__s2_relative_volume__frac_0.01/segmentation_repaired.stl,3491684,8.12,0,True,True,8,Consider enabling brim; Consider enabling supports; Detected print stability issues; Floating object part; Loose extrusions; Low bed adhesion; Repaired; WARNING,,5784881.0,465.0,0.0,1h 54m 57s,114.95,8.83,2960.6,P1_no_supports
806,s2_relative_volume__frac_0.01,meshes/s2_relative_volume__frac_0.01/case_outputs/806__s2_relative_volume__frac_0.01/segmentation_repaired.stl,3260084,7.48,1,False,False,8,Consider enabling brim; Consider enabling supports; Detected print stability issues; Floating object part; Loose extrusions; Low bed adhesion; Repaired; WARNING,There is an object with no extrusions in the first layer. | Object name: segmentation_repaired.stl,,,,,,,,P1_no_supports
807,s2_relative_volume__frac_0.01,meshes/s2_relative_volume__frac_0.01/case_outputs/807__s2_relative_volume__frac_0.01/segmentation_repaired.stl,3483584,8.41,0,True,True,8,Consider enabling brim; Consider enabling supports; Detected print stability issues; Floating object part; Loose extrusions; Low bed adhesion; Repaired; WARNING,,5975923.0,468.0,0.0,2h 5m 0s,125.0,10.24,3432.44,P1_no_supports
808,s2_relative_volume__frac_0.01,meshes/s2_relative_volume__frac_0.01/case_outputs/808__s2_relative_volume__frac_0.01/segmentation_repaired.stl,3171084,7.59,0,True,True,8,Consider enabling brim; Consider enabling supports; Detected print stability issues; Floating object part; Loose extrusions; Low bed adhesion; Repaired; WARNING,,5078288.0,411.0,0.0,1h 44m 8s,104.13333333333334,9.14,3062.94,P1_no_supports
809,s2_relative_volume__frac_0.01,meshes/s2_relative_volume__frac_0.01/case_outputs/809__s2_relative_volume__frac_0.01/segmentation_repaired.stl,818684,2.03,0,True,True,8,Consider enabling brim; Consider enabling supports; Detected print stability issues; Floating object part; Loose extrusions; Low bed adhesion; Repaired; WARNING,,1204106.0,264.0,0.0,27m 7s,27.116666666666667,2.29,767.46,P1_no_supports
810,s2_relative_volume__frac_0.01,meshes/s2_relative_volume__frac_0.01/case_outputs/810__s2_relative_volume__frac_0.01/segmentation_repaired.stl,3021484,7.46,0,True,True,8,Consider enabling brim; Consider enabling supports; Detected print stability issues; Floating object part; Loose extrusions; Low bed adhesion; Repaired; WARNING,,4972664.0,507.0,0.0,1h 44m 39s,104.65,8.39,2812.56,P1_no_supports
811,s2_relative_volume__frac_0.01,meshes/s2_relative_volume__frac_0.01/case_outputs/811__s2_relative_volume__frac_0.01/segmentation_repaired.stl,2775284,7.21,0,True,True,8,Consider enabling brim; Consider enabling supports; Detected print stability issues; Floating object part; Loose extrusions; Low bed adhesion; Repaired; WARNING,,4674944.0,393.0,0.0,1h 41m 36s,101.6,8.38,2808.31,P1_no_supports
812,s2_relative_volume__frac_0.01,meshes/s2_relative_volume__frac_0.01/case_outputs/812__s2_relative_volume__frac_0.01/segmentation_repaired.stl,3912884,8.53,0,True,True,8,Consider enabling brim; Consider enabling supports; Detected print stability issues; Floating object part; Loose extrusions; Low bed adhesion; Repaired; WARNING,,6198398.0,402.0,0.0,2h 8m 19s,128.31666666666666,11.59,3884.89,P1_no_supports
813,s2_relative_volume__frac_0.01,meshes/s2_relative_volume__frac_0.01/case_outputs/813__s2_relative_volume__frac_0.01/segmentation_repaired.stl,2368084,5.96,0,True,True,8,Consider enabling brim; Consider enabling supports; Detected print stability issues; Floating object part; Loose extrusions; Low bed adhesion; Repaired; WARNING,,3845622.0,441.0,0.0,1h 23m 37s,83.61666666666666,6.48,2171.92,P1_no_supports
814,s2_relative_volume__frac_0.01,meshes/s2_relative_volume__frac_0.01/case_outputs/814__s2_relative_volume__frac_0.01/segmentation_repaired.stl,3909184,9.15,0,True,True,8,Consider enabling brim; Consider enabling supports; Detected print stability issues; Floating object part; Loose extrusions; Low bed adhesion; Repaired; WARNING,,6448045.0,441.0,0.0,2h 10m 47s,130.78333333333333,11.55,3872.39,P1_no_supports
815,s2_relative_volume__frac_0.01,meshes/s2_relative_volume__frac_0.01/case_outputs/815__s2_relative_volume__frac_0.01/segmentation_repaired.stl,3926384,9.53,0,True,True,8,Consider enabling brim; Consider enabling supports; Detected print stability issues; Floating object part; Loose extrusions; Low bed adhesion; Repaired; WARNING,,6549702.0,528.0,0.0,2h 22m 52s,142.86666666666667,11.94,4001.81,P1_no_supports
816,s2_relative_volume__frac_0.01,meshes/s2_relative_volume__frac_0.01/case_outputs/816__s2_relative_volume__frac_0.01/segmentation_repaired.stl,2252484,5.24,0,True,True,8,Consider enabling brim; Consider enabling supports; Detected print stability issues; Floating object part; Loose extrusions; Low bed adhesion; Repaired; WARNING,,3815811.0,489.0,0.0,1h 23m 18s,83.3,6.27,2103.66,P1_no_supports
817,s2_relative_volume__frac_0.01,meshes/s2_relative_volume__frac_0.01/case_outputs/817__s2_relative_volume__frac_0.01/segmentation_repaired.stl,3281284,8.49,0,True,True,8,Consider enabling brim; Consider enabling supports; Detected print stability issues; Floating object part; Loose extrusions; Low bed adhesion; Repaired; WARNING,,5460807.0,408.0,0.0,1h 54m 56s,114.93333333333334,9.25,3100.88,P1_no_supports
818,s2_relative_volume__frac_0.01,meshes/s2_relative_volume__frac_0.01/case_outputs/818__s2_relative_volume__frac_0.01/segmentation_repaired.stl,2779084,6.68,0,True,True,8,Consider enabling brim; Consider enabling supports; Detected print stability issues; Floating object part; Loose extrusions; Low bed adhesion; Repaired; WARNING,,4767140.0,447.0,0.0,1h 48m 5s,108.08333333333331,8.67,2908.09,P1_no_supports
819,s2_relative_volume__frac_0.01,meshes/s2_relative_volume__frac_0.01/case_outputs/819__s2_relative_volume__frac_0.01/segmentation_repaired.stl,3578084,8.17,0,True,True,8,Consider enabling brim; Consider enabling supports; Detected print stability issues; Floating object part; Loose extrusions; Low bed adhesion; Repaired; WARNING,,6074111.0,420.0,0.0,2h 3m 54s,123.9,11.37,3813.18,P1_no_supports
820,s2_relative_volume__frac_0.01,meshes/s2_relative_volume__frac_0.01/case_outputs/820__s2_relative_volume__frac_0.01/segmentation_repaired.stl,2858284,7.38,0,True,True,8,Consider enabling brim; Consider enabling supports; Detected print stability issues; Floating object part; Loose extrusions; Low bed adhesion; Repaired; WARNING,,4654760.0,420.0,0.0,1h 32m 59s,92.98333333333332,8.11,2718.0,P1_no_supports
821,s2_relative_volume__frac_0.01,meshes/s2_relative_volume__frac_0.01/case_outputs/821__s2_relative_volume__frac_0.01/segmentation_repaired.stl,2294284,6.02,0,True,True,8,Consider enabling brim; Consider enabling supports; Detected print stability issues; Floating object part; Loose extrusions; Low bed adhesion; Repaired; WARNING,,4041813.0,537.0,0.0,1h 27m 2s,87.03333333333333,7.03,2358.26,P1_no_supports
822,s2_relative_volume__frac_0.01,meshes/s2_relative_volume__frac_0.01/case_outputs/822__s2_relative_volume__frac_0.01/segmentation_repaired.stl,3972484,9.05,0,True,True,8,Consider enabling brim; Consider enabling supports; Detected print stability issues; Floating object part; Loose extrusions; Low bed adhesion; Repaired; WARNING,,6765703.0,453.0,0.0,2h 16m 40s,136.66666666666666,11.76,3943.7,P1_no_supports
823,s2_relative_volume__frac_0.01,meshes/s2_relative_volume__frac_0.01/case_outputs/823__s2_relative_volume__frac_0.01/segmentation_repaired.stl,2967484,7.54,0,True,True,8,Consider enabling brim; Consider enabling supports; Detected print stability issues; Floating object part; Loose extrusions; Low bed adhesion; Repaired; WARNING,,4953353.0,399.0,0.0,1h 43m 20s,103.33333333333331,8.39,2812.02,P1_no_supports
824,s2_relative_volume__frac_0.01,meshes/s2_relative_volume__frac_0.01/case_outputs/824__s2_relative_volume__frac_0.01/segmentation_repaired.stl,2446484,5.78,0,True,True,8,Consider enabling brim; Consider enabling supports; Detected print stability issues; Floating object part; Loose extrusions; Low bed adhesion; Repaired; WARNING,,4019308.0,468.0,0.0,1h 28m 7s,88.11666666666666,6.79,2276.0,P1_no_supports
825,s2_relative_volume__frac_0.01,meshes/s2_relative_volume__frac_0.01/case_outputs/825__s2_relative_volume__frac_0.01/segmentation_repaired.stl,2688184,6.4,0,True,True,8,Consider enabling brim; Consider enabling supports; Detected print stability issues; Floating object part; Loose extrusions; Low bed adhesion; Repaired; WARNING,,4500441.0,393.0,0.0,1h 32m 55s,92.91666666666669,7.74,2596.03,P1_no_supports
826,s2_relative_volume__frac_0.01,meshes/s2_relative_volume__frac_0.01/case_outputs/826__s2_relative_volume__frac_0.01/segmentation_repaired.stl,4558684,10.59,0,True,True,8,Consider enabling brim; Consider enabling supports; Detected print stability issues; Floating object part; Loose extrusions; Low bed adhesion; Repaired; WARNING,,7542450.0,417.0,0.0,2h 32m 23s,152.38333333333333,12.99,4356.56,P1_no_supports
827,s2_relative_volume__frac_0.01,meshes/s2_relative_volume__frac_0.01/case_outputs/827__s2_relative_volume__frac_0.01/segmentation_repaired.stl,3390284,8.34,0,True,True,7,Consider enabling brim; Consider enabling supports; Detected print stability issues; Floating object part; Low bed adhesion; Repaired; WARNING,,5708748.0,525.0,0.0,2h 0m 43s,120.71666666666668,9.34,3131.1,P1_no_supports
828,s2_relative_volume__frac_0.01,meshes/s2_relative_volume__frac_0.01/case_outputs/828__s2_relative_volume__frac_0.01/segmentation_repaired.stl,3991484,9.06,0,True,True,8,Consider enabling brim; Consider enabling supports; Detected print stability issues; Floating object part; Loose extrusions; Low bed adhesion; Repaired; WARNING,,6515601.0,438.0,0.0,2h 11m 17s,131.28333333333333,11.32,3795.12,P1_no_supports
829,s2_relative_volume__frac_0.01,meshes/s2_relative_volume__frac_0.01/case_outputs/829__s2_relative_volume__frac_0.01/segmentation_repaired.stl,3875884,9.06,0,True,True,8,Consider enabling brim; Consider enabling supports; Detected print stability issues; Floating object part; Loose extrusions; Low bed adhesion; Repaired; WARNING,,6297046.0,417.0,0.0,2h 8m 46s,128.76666666666668,10.76,3606.33,P1_no_supports
830,s2_relative_volume__frac_0.01,meshes/s2_relative_volume__frac_0.01/case_outputs/830__s2_relative_volume__frac_0.01/segmentation_repaired.stl,2792584,6.44,0,True,True,8,Consider enabling brim; Consider enabling supports; Detected print stability issues; Floating object part; Loose extrusions; Low bed adhesion; Repaired; WARNING,,4592401.0,408.0,0.0,1h 36m 25s,96.41666666666669,7.79,2613.11,P1_no_supports
831,s2_relative_volume__frac_0.01,meshes/s2_relative_volume__frac_0.01/case_outputs/831__s2_relative_volume__frac_0.01/segmentation_repaired.stl,3579384,9.0,0,True,True,8,Consider enabling brim; Consider enabling supports; Detected print stability issues; Floating object part; Loose extrusions; Low bed adhesion; Repaired; WARNING,,5834934.0,516.0,0.0,2h 8m 30s,128.5,11.01,3692.63,P1_no_supports
832,s2_relative_volume__frac_0.01,meshes/s2_relative_volume__frac_0.01/case_outputs/832__s2_relative_volume__frac_0.01/segmentation_repaired.stl,3764284,8.5,0,True,True,8,Consider enabling brim; Consider enabling supports; Detected print stability issues; Floating object part; Loose extrusions; Low bed adhesion; Repaired; WARNING,,6274710.0,444.0,0.0,2h 6m 46s,126.76666666666668,11.04,3702.16,P1_no_supports
833,s2_relative_volume__frac_0.01,meshes/s2_relative_volume__frac_0.01/case_outputs/833__s2_relative_volume__frac_0.01/segmentation_repaired.stl,3076884,6.93,0,True,True,8,Consider enabling brim; Consider enabling supports; Detected print stability issues; Floating object part; Loose extrusions; Low bed adhesion; Repaired; WARNING,,5095271.0,411.0,0.0,1h 45m 43s,105.71666666666668,8.86,2970.0,P1_no_supports
834,s2_relative_volume__frac_0.01,meshes/s2_relative_volume__frac_0.01/case_outputs/834__s2_relative_volume__frac_0.01/segmentation_repaired.stl,3672984,8.78,0,True,True,8,Consider enabling brim; Consider enabling supports; Detected print stability issues; Floating object part; Loose extrusions; Low bed adhesion; Repaired; WARNING,,6153122.0,447.0,0.0,2h 6m 42s,126.7,10.41,3490.56,P1_no_supports
835,s2_relative_volume__frac_0.01,meshes/s2_relative_volume__frac_0.01/case_outputs/835__s2_relative_volume__frac_0.01/segmentation_repaired.stl,2642184,6.67,0,True,True,8,Consider enabling brim; Consider enabling supports; Detected print stability issues; Floating object part; Loose extrusions; Low bed adhesion; Repaired; WARNING,,4498648.0,420.0,0.0,1h 32m 34s,92.56666666666666,7.76,2603.42,P1_no_supports
836,s2_relative_volume__frac_0.01,meshes/s2_relative_volume__frac_0.01/case_outputs/836__s2_relative_volume__frac_0.01/segmentation_repaired.stl,2368884,6.24,0,True,True,8,Consider enabling brim; Consider enabling supports; Detected print stability issues; Floating object part; Loose extrusions; Low bed adhesion; Repaired; WARNING,,4053519.0,384.0,0.0,1h 27m 9s,87.15,6.93,2322.64,P1_no_supports
837,s2_relative_volume__frac_0.01,meshes/s2_relative_volume__frac_0.01/case_outputs/837__s2_relative_volume__frac_0.01/segmentation_repaired.stl,3471884,8.09,0,True,True,8,Consider enabling brim; Consider enabling supports; Detected print stability issues; Floating object part; Loose extrusions; Low bed adhesion; Repaired; WARNING,,5872033.0,432.0,0.0,1h 59m 0s,119.0,10.13,3397.01,P1_no_supports
838,s2_relative_volume__frac_0.01,meshes/s2_relative_volume__frac_0.01/case_outputs/838__s2_relative_volume__frac_0.01/segmentation_repaired.stl,3044784,7.15,1,False,False,8,Consider enabling brim; Consider enabling supports; Detected print stability issues; Floating object part; Loose extrusions; Low bed adhesion; Repaired; WARNING,There is an object with no extrusions in the first layer. | Object name: segmentation_repaired.stl,,,,,,,,P1_no_supports
839,s2_relative_volume__frac_0.01,meshes/s2_relative_volume__frac_0.01/case_outputs/839__s2_relative_volume__frac_0.01/segmentation_repaired.stl,2850284,6.77,0,True,True,8,Consider enabling brim; Consider enabling supports; Detected print stability issues; Floating object part; Loose extrusions; Low bed adhesion; Repaired; WARNING,,4662420.0,495.0,0.0,1h 40m 19s,100.31666666666666,7.81,2618.45,P1_no_supports
840,s2_relative_volume__frac_0.01,meshes/s2_relative_volume__frac_0.01/case_outputs/840__s2_relative_volume__frac_0.01/segmentation_repaired.stl,3253284,7.69,0,True,True,8,Consider enabling brim; Consider enabling supports; Detected print stability issues; Floating object part; Loose extrusions; Low bed adhesion; Repaired; WARNING,,5437131.0,435.0,0.0,1h 51m 28s,111.46666666666668,9.14,3063.87,P1_no_supports
841,s2_relative_volume__frac_0.01,meshes/s2_relative_volume__frac_0.01/case_outputs/841__s2_relative_volume__frac_0.01/segmentation_repaired.stl,2348284,6.34,0,True,True,8,Consider enabling brim; Consider enabling supports; Detected print stability issues; Floating object part; Loose extrusions; Low bed adhesion; Repaired; WARNING,,3951494.0,414.0,0.0,1h 22m 15s,82.25,6.57,2202.68,P1_no_supports
842,s2_relative_volume__frac_0.01,meshes/s2_relative_volume__frac_0.01/case_outputs/842__s2_relative_volume__frac_0.01/segmentation_repaired.stl,3149084,7.35,0,True,True,8,Consider enabling brim; Consider enabling supports; Detected print stability issues; Floating object part; Loose extrusions; Low bed adhesion; Repaired; WARNING,,5351217.0,480.0,0.0,1h 52m 2s,112.03333333333332,8.6,2883.62,P1_no_supports
843,s2_relative_volume__frac_0.01,meshes/s2_relative_volume__frac_0.01/case_outputs/843__s2_relative_volume__frac_0.01/segmentation_repaired.stl,2496884,6.1,0,True,True,8,Consider enabling brim; Consider enabling supports; Detected print stability issues; Floating object part; Loose extrusions; Low bed adhesion; Repaired; WARNING,,4218152.0,384.0,0.0,1h 28m 27s,88.45,7.71,2585.22,P1_no_supports
844,s2_relative_volume__frac_0.01,meshes/s2_relative_volume__frac_0.01/case_outputs/844__s2_relative_volume__frac_0.01/segmentation_repaired.stl,2933884,6.69,0,True,True,8,Consider enabling brim; Consider enabling supports; Detected print stability issues; Floating object part; Loose extrusions; Low bed adhesion; Repaired; WARNING,,4671184.0,444.0,0.0,1h 38m 36s,98.6,8.52,2856.01,P1_no_supports
845,s2_relative_volume__frac_0.01,meshes/s2_relative_volume__frac_0.01/case_outputs/845__s2_relative_volume__frac_0.01/segmentation_repaired.stl,3473684,8.32,0,True,True,8,Consider enabling brim; Consider enabling supports; Detected print stability issues; Floating object part; Loose extrusions; Low bed adhesion; Repaired; WARNING,,5968030.0,582.0,0.0,2h 7m 0s,127.0,9.49,3180.7,P1_no_supports
846,s2_relative_volume__frac_0.01,meshes/s2_relative_volume__frac_0.01/case_outputs/846__s2_relative_volume__frac_0.01/segmentation_repaired.stl,2885384,6.21,1,False,False,8,Consider enabling brim; Consider enabling supports; Detected print stability issues; Floating object part; Loose extrusions; Low bed adhesion; Repaired; WARNING,There is an object with no extrusions in the first layer. | Object name: segmentation_repaired.stl,,,,,,,,P1_no_supports
847,s2_relative_volume__frac_0.01,meshes/s2_relative_volume__frac_0.01/case_outputs/847__s2_relative_volume__frac_0.01/segmentation_repaired.stl,2819884,7.22,0,True,True,8,Consider enabling brim; Consider enabling supports; Detected print stability issues; Floating object part; Loose extrusions; Low bed adhesion; Repaired; WARNING,,4715843.0,510.0,0.0,1h 43m 21s,103.35,7.99,2677.86,P1_no_supports
848,s2_relative_volume__frac_0.01,meshes/s2_relative_volume__frac_0.01/case_outputs/848__s2_relative_volume__frac_0.01/segmentation_repaired.stl,1782484,4.34,0,True,True,8,Consider enabling brim; Consider enabling supports; Detected print stability issues; Floating object part; Loose extrusions; Low bed adhesion; Repaired; WARNING,,2991883.0,363.0,0.0,1h 4m 54s,64.9,5.01,1681.13,P1_no_supports
849,s2_relative_volume__frac_0.01,meshes/s2_relative_volume__frac_0.01/case_outputs/849__s2_relative_volume__frac_0.01/segmentation_repaired.stl,3972884,9.9,0,True,True,8,Consider enabling brim; Consider enabling supports; Detected print stability issues; Floating object part; Loose extrusions; Low bed adhesion; Repaired; WARNING,,6775592.0,462.0,0.0,2h 20m 14s,140.23333333333332,11.41,3826.95,P1_no_supports
850,s2_relative_volume__frac_0.01,meshes/s2_relative_volume__frac_0.01/case_outputs/850__s2_relative_volume__frac_0.01/segmentation_repaired.stl,2150684,5.37,0,True,True,8,Consider enabling brim; Consider enabling supports; Detected print stability issues; Floating object part; Loose extrusions; Low bed adhesion; Repaired; WARNING,,3510736.0,402.0,0.0,1h 15m 20s,75.33333333333333,5.89,1974.02,P1_no_supports
851,s2_relative_volume__frac_0.01,meshes/s2_relative_volume__frac_0.01/case_outputs/851__s2_relative_volume__frac_0.01/segmentation_repaired.stl,2938984,6.55,0,True,True,8,Consider enabling brim; Consider enabling supports; Detected print stability issues; Floating object part; Loose extrusions; Low bed adhesion; Repaired; WARNING,,4883197.0,411.0,0.0,1h 41m 30s,101.5,8.54,2864.93,P1_no_supports
852,s2_relative_volume__frac_0.01,meshes/s2_relative_volume__frac_0.01/case_outputs/852__s2_relative_volume__frac_0.01/segmentation_repaired.stl,3843884,8.49,0,True,True,8,Consider enabling brim; Consider enabling supports; Detected print stability issues; Floating object part; Loose extrusions; Low bed adhesion; Repaired; WARNING,,5949220.0,393.0,0.0,2h 1m 43s,121.71666666666668,11.18,3748.87,P1_no_supports
853,s2_relative_volume__frac_0.01,meshes/s2_relative_volume__frac_0.01/case_outputs/853__s2_relative_volume__frac_0.01/segmentation_repaired.stl,2402984,6.36,0,True,True,8,Consider enabling brim; Consider enabling supports; Detected print stability issues; Floating object part; Loose extrusions; Low bed adhesion; Repaired; WARNING,,4265249.0,411.0,0.0,1h 32m 32s,92.53333333333332,7.61,2551.99,P1_no_supports
854,s2_relative_volume__frac_0.01,meshes/s2_relative_volume__frac_0.01/case_outputs/854__s2_relative_volume__frac_0.01/segmentation_repaired.stl,2728484,6.8,0,True,True,8,Consider enabling brim; Consider enabling supports; Detected print stability issues; Floating object part; Loose extrusions; Low bed adhesion; Repaired; WARNING,,4484621.0,441.0,0.0,1h 33m 28s,93.46666666666668,7.26,2435.09,P1_no_supports
855,s2_relative_volume__frac_0.01,meshes/s2_relative_volume__frac_0.01/case_outputs/855__s2_relative_volume__frac_0.01/segmentation_repaired.stl,3823184,8.79,1,False,False,6,Consider enabling supports; Detected print stability issues; Floating object part; Loose extrusions; Repaired; WARNING,There is an object with no extrusions in the first layer. | Object name: segmentation_repaired.stl,,,,,,,,P1_no_supports
856,s2_relative_volume__frac_0.01,meshes/s2_relative_volume__frac_0.01/case_outputs/856__s2_relative_volume__frac_0.01/segmentation_repaired.stl,3320184,8.11,0,True,True,8,Consider enabling brim; Consider enabling supports; Detected print stability issues; Floating object part; Loose extrusions; Low bed adhesion; Repaired; WARNING,,5608173.0,426.0,0.0,1h 56m 11s,116.18333333333334,9.81,3290.04,P1_no_supports
857,s2_relative_volume__frac_0.01,meshes/s2_relative_volume__frac_0.01/case_outputs/857__s2_relative_volume__frac_0.01/segmentation_repaired.stl,4876784,11.85,0,True,True,8,Consider enabling brim; Consider enabling supports; Detected print stability issues; Floating object part; Loose extrusions; Low bed adhesion; Repaired; WARNING,,8009088.0,426.0,0.0,2h 37m 38s,157.63333333333333,13.54,4538.47,P1_no_supports
858,s2_relative_volume__frac_0.01,meshes/s2_relative_volume__frac_0.01/case_outputs/858__s2_relative_volume__frac_0.01/segmentation_repaired.stl,2698184,6.03,0,True,True,8,Consider enabling brim; Consider enabling supports; Detected print stability issues; Floating object part; Loose extrusions; Low bed adhesion; Repaired; WARNING,,4429409.0,426.0,0.0,1h 29m 56s,89.93333333333334,7.55,2529.77,P1_no_supports
859,s2_relative_volume__frac_0.01,meshes/s2_relative_volume__frac_0.01/case_outputs/859__s2_relative_volume__frac_0.01/segmentation_repaired.stl,4083984,9.33,0,True,True,8,Consider enabling brim; Consider enabling supports; Detected print stability issues; Floating object part; Loose extrusions; Low bed adhesion; Repaired; WARNING,,6773253.0,552.0,0.0,2h 21m 57s,141.95,11.48,3849.48,P1_no_supports
860,s2_relative_volume__frac_0.01,meshes/s2_relative_volume__frac_0.01/case_outputs/860__s2_relative_volume__frac_0.01/segmentation_repaired.stl,3058984,7.62,0,True,True,8,Consider enabling brim; Consider enabling supports; Detected print stability issues; Floating object part; Loose extrusions; Low bed adhesion; Repaired; WARNING,,4977394.0,423.0,0.0,1h 44m 12s,104.2,8.92,2989.38,P1_no_supports
861,s2_relative_volume__frac_0.01,meshes/s2_relative_volume__frac_0.01/case_outputs/861__s2_relative_volume__frac_0.01/segmentation_repaired.stl,1554284,3.56,0,True,True,8,Consider enabling brim; Consider enabling supports; Detected print stability issues; Floating object part; Loose extrusions; Low bed adhesion; Repaired; WARNING,,2447634.0,423.0,0.0,51m 59s,51.98333333333333,4.33,1452.15,P1_no_supports
862,s2_relative_volume__frac_0.01,meshes/s2_relative_volume__frac_0.01/case_outputs/862__s2_relative_volume__frac_0.01/segmentation_repaired.stl,3730284,9.25,0,True,True,8,Consider enabling brim; Consider enabling supports; Detected print stability issues; Floating object part; Loose extrusions; Low bed adhesion; Repaired; WARNING,,6159999.0,537.0,0.0,2h 12m 31s,132.51666666666668,10.62,3560.48,P1_no_supports
863,s2_relative_volume__frac_0.01,meshes/s2_relative_volume__frac_0.01/case_outputs/863__s2_relative_volume__frac_0.01/segmentation_repaired.stl,2993984,6.9,0,True,True,8,Consider enabling brim; Consider enabling supports; Detected print stability issues; Floating object part; Loose extrusions; Low bed adhesion; Repaired; WARNING,,4792508.0,408.0,0.0,1h 36m 41s,96.68333333333334,8.1,2714.29,P1_no_supports
864,s2_relative_volume__frac_0.01,meshes/s2_relative_volume__frac_0.01/case_outputs/864__s2_relative_volume__frac_0.01/segmentation_repaired.stl,3806884,8.99,0,True,True,8,Consider enabling brim; Consider enabling supports; Detected print stability issues; Floating object part; Loose extrusions; Low bed adhesion; Repaired; WARNING,,6493304.0,495.0,0.0,2h 18m 43s,138.71666666666667,11.47,3847.08,P1_no_supports
865,s2_relative_volume__frac_0.01,meshes/s2_relative_volume__frac_0.01/case_outputs/865__s2_relative_volume__frac_0.01/segmentation_repaired.stl,2503684,6.08,0,True,True,8,Consider enabling brim; Consider enabling supports; Detected print stability issues; Floating object part; Loose extrusions; Low bed adhesion; Repaired; WARNING,,4023273.0,465.0,0.0,1h 26m 33s,86.55,6.84,2292.81,P1_no_supports
866,s2_relative_volume__frac_0.01,meshes/s2_relative_volume__frac_0.01/case_outputs/866__s2_relative_volume__frac_0.01/segmentation_repaired.stl,3554284,8.73,0,True,True,8,Consider enabling brim; Consider enabling supports; Detected print stability issues; Floating object part; Loose extrusions; Low bed adhesion; Repaired; WARNING,,6089889.0,426.0,0.0,2h 7m 23s,127.38333333333334,10.67,3579.12,P1_no_supports
867,s2_relative_volume__frac_0.01,meshes/s2_relative_volume__frac_0.01/case_outputs/867__s2_relative_volume__frac_0.01/segmentation_repaired.stl,4389584,10.14,0,True,True,8,Consider enabling brim; Consider enabling supports; Detected print stability issues; Floating object part; Loose extrusions; Low bed adhesion; Repaired; WARNING,,7294738.0,499.0,0.0,2h 30m 16s,150.26666666666668,13.4,4492.66,P1_no_supports
868,s2_relative_volume__frac_0.01,meshes/s2_relative_volume__frac_0.01/case_outputs/868__s2_relative_volume__frac_0.01/segmentation_repaired.stl,1657584,4.42,1,False,False,7,Consider enabling brim; Consider enabling supports; Detected print stability issues; Floating object part; Low bed adhesion; Repaired; WARNING,There is an object with no extrusions in the first layer. | Object name: segmentation_repaired.stl,,,,,,,,P1_no_supports
869,s2_relative_volume__frac_0.01,meshes/s2_relative_volume__frac_0.01/case_outputs/869__s2_relative_volume__frac_0.01/segmentation_repaired.stl,3309184,8.44,0,True,True,8,Consider enabling brim; Consider enabling supports; Detected print stability issues; Floating object part; Loose extrusions; Low bed adhesion; Repaired; WARNING,,5447957.0,429.0,0.0,1h 47m 16s,107.26666666666668,9.4,3151.42,P1_no_supports
870,s2_relative_volume__frac_0.01,meshes/s2_relative_volume__frac_0.01/case_outputs/870__s2_relative_volume__frac_0.01/segmentation_repaired.stl,2629384,6.75,0,True,True,8,Consider enabling brim; Consider enabling supports; Detected print stability issues; Floating object part; Loose extrusions; Low bed adhesion; Repaired; WARNING,,4371297.0,426.0,0.0,1h 28m 21s,88.35,7.47,2505.86,P1_no_supports
871,s2_relative_volume__frac_0.01,meshes/s2_relative_volume__frac_0.01/case_outputs/871__s2_relative_volume__frac_0.01/segmentation_repaired.stl,2946784,6.71,1,False,False,8,Consider enabling brim; Consider enabling supports; Detected print stability issues; Floating object part; Loose extrusions; Low bed adhesion; Repaired; WARNING,There is an object with no extrusions in the first layer. | Object name: segmentation_repaired.stl,,,,,,,,P1_no_supports
872,s2_relative_volume__frac_0.01,meshes/s2_relative_volume__frac_0.01/case_outputs/872__s2_relative_volume__frac_0.01/segmentation_repaired.stl,2666184,6.48,0,True,True,8,Consider enabling brim; Consider enabling supports; Detected print stability issues; Floating object part; Loose extrusions; Low bed adhesion; Repaired; WARNING,,4347629.0,402.0,0.0,1h 32m 11s,92.18333333333334,7.14,2395.39,P1_no_supports
873,s2_relative_volume__frac_0.01,meshes/s2_relative_volume__frac_0.01/case_outputs/873__s2_relative_volume__frac_0.01/segmentation_repaired.stl,3264284,7.76,0,True,True,8,Consider enabling brim; Consider enabling supports; Detected print stability issues; Floating object part; Loose extrusions; Low bed adhesion; Repaired; WARNING,,5321852.0,450.0,0.0,1h 57m 5s,117.08333333333331,11.36,3809.7,P1_no_supports
874,s2_relative_volume__frac_0.01,meshes/s2_relative_volume__frac_0.01/case_outputs/874__s2_relative_volume__frac_0.01/segmentation_repaired.stl,2716184,6.54,0,True,True,8,Consider enabling brim; Consider enabling supports; Detected print stability issues; Floating object part; Loose extrusions; Low bed adhesion; Repaired; WARNING,,4299128.0,402.0,0.0,1h 27m 41s,87.68333333333334,7.29,2444.77,P1_no_supports
875,s2_relative_volume__frac_0.01,meshes/s2_relative_volume__frac_0.01/case_outputs/875__s2_relative_volume__frac_0.01/segmentation_repaired.stl,3716884,8.63,0,True,True,8,Consider enabling brim; Consider enabling supports; Detected print stability issues; Floating object part; Loose extrusions; Low bed adhesion; Repaired; WARNING,,6231566.0,429.0,0.0,2h 9m 16s,129.26666666666668,10.67,3578.85,P1_no_supports
876,s2_relative_volume__frac_0.01,meshes/s2_relative_volume__frac_0.01/case_outputs/876__s2_relative_volume__frac_0.01/segmentation_repaired.stl,2684784,6.98,0,True,True,8,Consider enabling brim; Consider enabling supports; Detected print stability issues; Floating object part; Loose extrusions; Low bed adhesion; Repaired; WARNING,,4391978.0,462.0,0.0,1h 34m 6s,94.1,7.36,2467.44,P1_no_supports
877,s2_relative_volume__frac_0.01,meshes/s2_relative_volume__frac_0.01/case_outputs/877__s2_relative_volume__frac_0.01/segmentation_repaired.stl,3110284,7.57,0,True,True,8,Consider enabling brim; Consider enabling supports; Detected print stability issues; Floating object part; Loose extrusions; Low bed adhesion; Repaired; WARNING,,5352085.0,474.0,0.0,1h 51m 11s,111.18333333333334,8.63,2892.38,P1_no_supports
878,s2_relative_volume__frac_0.01,meshes/s2_relative_volume__frac_0.01/case_outputs/878__s2_relative_volume__frac_0.01/segmentation_repaired.stl,2810084,7.03,0,True,True,8,Consider enabling brim; Consider enabling supports; Detected print stability issues; Floating object part; Loose extrusions; Low bed adhesion; Repaired; WARNING,,4743122.0,432.0,0.0,1h 37m 26s,97.43333333333334,8.04,2694.41,P1_no_supports
879,s2_relative_volume__frac_0.01,meshes/s2_relative_volume__frac_0.01/case_outputs/879__s2_relative_volume__frac_0.01/segmentation_repaired.stl,3219884,7.99,0,True,True,8,Consider enabling brim; Consider enabling supports; Detected print stability issues; Floating object part; Loose extrusions; Low bed adhesion; Repaired; WARNING,,5504317.0,503.0,0.0,1h 52m 2s,112.03333333333332,9.69,3250.37,P1_no_supports
880,s2_relative_volume__frac_0.01,meshes/s2_relative_volume__frac_0.01/case_outputs/880__s2_relative_volume__frac_0.01/segmentation_repaired.stl,2239084,5.65,0,True,True,8,Consider enabling brim; Consider enabling supports; Detected print stability issues; Floating object part; Loose extrusions; Low bed adhesion; Repaired; WARNING,,3661283.0,405.0,0.0,1h 15m 0s,75.0,6.02,2019.69,P1_no_supports
881,s2_relative_volume__frac_0.01,meshes/s2_relative_volume__frac_0.01/case_outputs/881__s2_relative_volume__frac_0.01/segmentation_repaired.stl,2933584,7.16,0,True,True,8,Consider enabling brim; Consider enabling supports; Detected print stability issues; Floating object part; Loose extrusions; Low bed adhesion; Repaired; WARNING,,4950892.0,456.0,0.0,1h 43m 29s,103.48333333333332,8.4,2816.83,P1_no_supports
882,s2_relative_volume__frac_0.01,meshes/s2_relative_volume__frac_0.01/case_outputs/882__s2_relative_volume__frac_0.01/segmentation_repaired.stl,3880884,9.42,0,True,True,8,Consider enabling brim; Consider enabling supports; Detected print stability issues; Floating object part; Loose extrusions; Low bed adhesion; Repaired; WARNING,,6552681.0,447.0,0.0,2h 19m 50s,139.83333333333334,12.07,4048.01,P1_no_supports
883,s2_relative_volume__frac_0.01,meshes/s2_relative_volume__frac_0.01/case_outputs/883__s2_relative_volume__frac_0.01/segmentation_repaired.stl,2970084,6.91,0,True,True,8,Consider enabling brim; Consider enabling supports; Detected print stability issues; Floating object part; Loose extrusions; Low bed adhesion; Repaired; WARNING,,4839994.0,459.0,0.0,1h 42m 26s,102.43333333333334,7.53,2525.44,P1_no_supports
884,s2_relative_volume__frac_0.01,meshes/s2_relative_volume__frac_0.01/case_outputs/884__s2_relative_volume__frac_0.01/segmentation_repaired.stl,1865084,4.9,0,True,True,8,Consider enabling brim; Consider enabling supports; Detected print stability issues; Floating object part; Loose extrusions; Low bed adhesion; Repaired; WARNING,,3096015.0,405.0,0.0,1h 4m 31s,64.51666666666667,5.29,1774.45,P1_no_supports
885,s2_relative_volume__frac_0.01,meshes/s2_relative_volume__frac_0.01/case_outputs/885__s2_relative_volume__frac_0.01/segmentation_repaired.stl,2712384,6.19,0,True,True,8,Consider enabling brim; Consider enabling supports; Detected print stability issues; Floating object part; Loose extrusions; Low bed adhesion; Repaired; WARNING,,4388001.0,414.0,0.0,1h 33m 27s,93.45,7.48,2507.87,P1_no_supports
886,s2_relative_volume__frac_0.01,meshes/s2_relative_volume__frac_0.01/case_outputs/886__s2_relative_volume__frac_0.01/segmentation_repaired.stl,4333784,10.2,0,True,True,8,Consider enabling brim; Consider enabling supports; Detected print stability issues; Floating object part; Loose extrusions; Low bed adhesion; Repaired; WARNING,,7225749.0,429.0,0.0,2h 16m 58s,136.96666666666667,11.68,3915.69,P1_no_supports
887,s2_relative_volume__frac_0.01,meshes/s2_relative_volume__frac_0.01/case_outputs/887__s2_relative_volume__frac_0.01/segmentation_repaired.stl,3354284,7.53,0,True,True,8,Consider enabling brim; Consider enabling supports; Detected print stability issues; Floating object part; Loose extrusions; Low bed adhesion; Repaired; WARNING,,5571853.0,545.0,0.0,2h 8m 21s,128.35,10.65,3571.85,P1_no_supports
888,s2_relative_volume__frac_0.01,meshes/s2_relative_volume__frac_0.01/case_outputs/888__s2_relative_volume__frac_0.01/segmentation_repaired.stl,2109884,5.02,0,True,True,8,Consider enabling brim; Consider enabling supports; Detected print stability issues; Floating object part; Loose extrusions; Low bed adhesion; Repaired; WARNING,,3451968.0,438.0,0.0,1h 15m 9s,75.15,5.97,2002.92,P1_no_supports
889,s2_relative_volume__frac_0.01,meshes/s2_relative_volume__frac_0.01/case_outputs/889__s2_relative_volume__frac_0.01/segmentation_repaired.stl,2297584,6.18,0,True,True,8,Consider enabling brim; Consider enabling supports; Detected print stability issues; Floating object part; Loose extrusions; Low bed adhesion; Repaired; WARNING,,3899847.0,480.0,0.0,1h 23m 18s,83.3,6.44,2159.11,P1_no_supports
890,s2_relative_volume__frac_0.01,meshes/s2_relative_volume__frac_0.01/case_outputs/890__s2_relative_volume__frac_0.01/segmentation_repaired.stl,2288284,5.99,0,True,True,8,Consider enabling brim; Consider enabling supports; Detected print stability issues; Floating object part; Loose extrusions; Low bed adhesion; Repaired; WARNING,,3808632.0,426.0,0.0,1h 20m 0s,80.0,6.47,2168.94,P1_no_supports
891,s2_relative_volume__frac_0.01,meshes/s2_relative_volume__frac_0.01/case_outputs/891__s2_relative_volume__frac_0.01/segmentation_repaired.stl,2403684,5.71,0,True,True,8,Consider enabling brim; Consider enabling supports; Detected print stability issues; Floating object part; Loose extrusions; Low bed adhesion; Repaired; WARNING,,3832189.0,471.0,0.0,1h 24m 45s,84.75,6.35,2128.59,P1_no_supports
892,s2_relative_volume__frac_0.01,meshes/s2_relative_volume__frac_0.01/case_outputs/892__s2_relative_volume__frac_0.01/segmentation_repaired.stl,3706184,8.56,0,True,True,8,Consider enabling brim; Consider enabling supports; Detected print stability issues; Floating object part; Loose extrusions; Low bed adhesion; Repaired; WARNING,,5811783.0,441.0,0.0,2h 3m 7s,123.11666666666666,10.24,3433.39,P1_no_supports
893,s2_relative_volume__frac_0.01,meshes/s2_relative_volume__frac_0.01/case_outputs/893__s2_relative_volume__frac_0.01/segmentation_repaired.stl,3043984,7.5,0,True,True,8,Consider enabling brim; Consider enabling supports; Detected print stability issues; Floating object part; Loose extrusions; Low bed adhesion; Repaired; WARNING,,5150062.0,507.0,0.0,1h 52m 19s,112.31666666666666,9.66,3240.44,P1_no_supports
894,s2_relative_volume__frac_0.01,meshes/s2_relative_volume__frac_0.01/case_outputs/894__s2_relative_volume__frac_0.01/segmentation_repaired.stl,3477484,8.03,0,True,True,8,Consider enabling brim; Consider enabling supports; Detected print stability issues; Floating object part; Loose extrusions; Low bed adhesion; Repaired; WARNING,,5699194.0,456.0,0.0,1h 58m 50s,118.83333333333331,10.31,3458.2,P1_no_supports
895,s2_relative_volume__frac_0.01,meshes/s2_relative_volume__frac_0.01/case_outputs/895__s2_relative_volume__frac_0.01/segmentation_repaired.stl,3530984,8.18,0,True,True,8,Consider enabling brim; Consider enabling supports; Detected print stability issues; Floating object part; Loose extrusions; Low bed adhesion; Repaired; WARNING,,5768891.0,366.0,0.0,1h 51m 18s,111.3,9.53,3196.93,P1_no_supports
896,s2_relative_volume__frac_0.01,meshes/s2_relative_volume__frac_0.01/case_outputs/896__s2_relative_volume__frac_0.01/segmentation_repaired.stl,1952084,4.59,0,True,True,8,Consider enabling brim; Consider enabling supports; Detected print stability issues; Floating object part; Loose extrusions; Low bed adhesion; Repaired; WARNING,,3161799.0,447.0,0.0,1h 4m 6s,64.1,4.96,1662.98,P1_no_supports
897,s2_relative_volume__frac_0.01,meshes/s2_relative_volume__frac_0.01/case_outputs/897__s2_relative_volume__frac_0.01/segmentation_repaired.stl,3335984,8.05,0,True,True,8,Consider enabling brim; Consider enabling supports; Detected print stability issues; Floating object part; Loose extrusions; Low bed adhesion; Repaired; WARNING,,5601074.0,429.0,0.0,1h 55m 52s,115.86666666666666,9.41,3156.07,P1_no_supports
898,s2_relative_volume__frac_0.01,meshes/s2_relative_volume__frac_0.01/case_outputs/898__s2_relative_volume__frac_0.01/segmentation_repaired.stl,3777784,8.59,0,True,True,8,Consider enabling brim; Consider enabling supports; Detected print stability issues; Floating object part; Loose extrusions; Low bed adhesion; Repaired; WARNING,,6261193.0,396.0,0.0,2h 9m 50s,129.83333333333334,11.12,3727.71,P1_no_supports
899,s2_relative_volume__frac_0.01,meshes/s2_relative_volume__frac_0.01/case_outputs/899__s2_relative_volume__frac_0.01/segmentation_repaired.stl,2677484,5.87,1,False,False,8,Consider enabling brim; Consider enabling supports; Detected print stability issues; Floating object part; Loose extrusions; Low bed adhesion; Repaired; WARNING,There is an object with no extrusions in the first layer. | Object name: segmentation_repaired.stl,,,,,,,,P1_no_supports
900,s2_relative_volume__frac_0.01,meshes/s2_relative_volume__frac_0.01/case_outputs/900__s2_relative_volume__frac_0.01/segmentation_repaired.stl,2702784,7.13,0,True,True,8,Consider enabling brim; Consider enabling supports; Detected print stability issues; Floating object part; Loose extrusions; Low bed adhesion; Repaired; WARNING,,4583222.0,393.0,0.0,1h 39m 39s,99.65,7.75,2596.92,P1_no_supports
901,s2_relative_volume__frac_0.01,meshes/s2_relative_volume__frac_0.01/case_outputs/901__s2_relative_volume__frac_0.01/segmentation_repaired.stl,3080984,7.16,0,True,True,8,Consider enabling brim; Consider enabling supports; Detected print stability issues; Floating object part; Loose extrusions; Low bed adhesion; Repaired; WARNING,,4932581.0,518.0,0.0,1h 38m 35s,98.58333333333331,8.69,2913.22,P1_no_supports
902,s2_relative_volume__frac_0.01,meshes/s2_relative_volume__frac_0.01/case_outputs/902__s2_relative_volume__frac_0.01/segmentation_repaired.stl,3860684,9.32,0,True,True,8,Consider enabling brim; Consider enabling supports; Detected print stability issues; Floating object part; Loose extrusions; Low bed adhesion; Repaired; WARNING,,6693985.0,468.0,0.0,2h 14m 11s,134.18333333333334,10.65,3571.6,P1_no_supports
903,s2_relative_volume__frac_0.01,meshes/s2_relative_volume__frac_0.01/case_outputs/903__s2_relative_volume__frac_0.01/segmentation_repaired.stl,2839884,7.08,0,True,True,8,Consider enabling brim; Consider enabling supports; Detected print stability issues; Floating object part; Loose extrusions; Low bed adhesion; Repaired; WARNING,,4707109.0,426.0,0.0,1h 38m 47s,98.78333333333332,8.0,2681.17,P1_no_supports
904,s2_relative_volume__frac_0.01,meshes/s2_relative_volume__frac_0.01/case_outputs/904__s2_relative_volume__frac_0.01/segmentation_repaired.stl,3303584,7.47,0,True,True,8,Consider enabling brim; Consider enabling supports; Detected print stability issues; Floating object part; Loose extrusions; Low bed adhesion; Repaired; WARNING,,5398080.0,376.0,0.0,1h 47m 50s,107.83333333333331,9.61,3220.65,P1_no_supports
905,s2_relative_volume__frac_0.01,meshes/s2_relative_volume__frac_0.01/case_outputs/905__s2_relative_volume__frac_0.01/segmentation_repaired.stl,3117884,7.84,0,True,True,8,Consider enabling brim; Consider enabling supports; Detected print stability issues; Floating object part; Loose extrusions; Low bed adhesion; Repaired; WARNING,,5268765.0,435.0,0.0,1h 50m 59s,110.98333333333332,8.63,2894.34,P1_no_supports
906,s2_relative_volume__frac_0.01,meshes/s2_relative_volume__frac_0.01/case_outputs/906__s2_relative_volume__frac_0.01/segmentation_repaired.stl,2471784,5.82,0,True,True,8,Consider enabling brim; Consider enabling supports; Detected print stability issues; Floating object part; Loose extrusions; Low bed adhesion; Repaired; WARNING,,4059819.0,420.0,0.0,1h 26m 14s,86.23333333333333,7.28,2442.5,P1_no_supports
907,s2_relative_volume__frac_0.01,meshes/s2_relative_volume__frac_0.01/case_outputs/907__s2_relative_volume__frac_0.01/segmentation_repaired.stl,2649784,6.91,0,True,True,8,Consider enabling brim; Consider enabling supports; Detected print stability issues; Floating object part; Loose extrusions; Low bed adhesion; Repaired; WARNING,,4406425.0,375.0,0.0,1h 30m 1s,90.01666666666667,7.7,2580.95,P1_no_supports
908,s2_relative_volume__frac_0.01,meshes/s2_relative_volume__frac_0.01/case_outputs/908__s2_relative_volume__frac_0.01/segmentation_repaired.stl,3131084,7.71,0,True,True,8,Consider enabling brim; Consider enabling supports; Detected print stability issues; Floating object part; Loose extrusions; Low bed adhesion; Repaired; WARNING,,5282797.0,449.0,0.0,1h 52m 53s,112.88333333333334,8.78,2943.63,P1_no_supports
909,s2_relative_volume__frac_0.01,meshes/s2_relative_volume__frac_0.01/case_outputs/909__s2_relative_volume__frac_0.01/segmentation_repaired.stl,2503684,6.59,0,True,True,8,Consider enabling brim; Consider enabling supports; Detected print stability issues; Floating object part; Loose extrusions; Low bed adhesion; Repaired; WARNING,,4136549.0,453.0,0.0,1h 25m 41s,85.68333333333334,6.68,2240.31,P1_no_supports
910,s2_relative_volume__frac_0.01,meshes/s2_relative_volume__frac_0.01/case_outputs/910__s2_relative_volume__frac_0.01/segmentation_repaired.stl,3826784,9.19,0,True,True,8,Consider enabling brim; Consider enabling supports; Detected print stability issues; Floating object part; Loose extrusions; Low bed adhesion; Repaired; WARNING,,6343402.0,429.0,0.0,2h 1m 8s,121.13333333333334,10.33,3463.05,P1_no_supports
911,s2_relative_volume__frac_0.01,meshes/s2_relative_volume__frac_0.01/case_outputs/911__s2_relative_volume__frac_0.01/segmentation_repaired.stl,2788384,6.88,0,True,True,8,Consider enabling brim; Consider enabling supports; Detected print stability issues; Floating object part; Loose extrusions; Low bed adhesion; Repaired; WARNING,,4675738.0,426.0,0.0,1h 35m 56s,95.93333333333334,7.74,2595.55,P1_no_supports
912,s2_relative_volume__frac_0.01,meshes/s2_relative_volume__frac_0.01/case_outputs/912__s2_relative_volume__frac_0.01/segmentation_repaired.stl,3071284,7.41,0,True,True,8,Consider enabling brim; Consider enabling supports; Detected print stability issues; Floating object part; Loose extrusions; Low bed adhesion; Repaired; WARNING,,4964089.0,480.0,0.0,1h 49m 42s,109.7,8.62,2891.67,P1_no_supports
913,s2_relative_volume__frac_0.01,meshes/s2_relative_volume__frac_0.01/case_outputs/913__s2_relative_volume__frac_0.01/segmentation_repaired.stl,3470284,7.73,1,False,False,8,Consider enabling brim; Consider enabling supports; Detected print stability issues; Floating object part; Loose extrusions; Low bed adhesion; Repaired; WARNING,There is an object with no extrusions in the first layer. | Object name: segmentation_repaired.stl,,,,,,,,P1_no_supports
914,s2_relative_volume__frac_0.01,meshes/s2_relative_volume__frac_0.01/case_outputs/914__s2_relative_volume__frac_0.01/segmentation_repaired.stl,2184084,5.95,0,True,True,8,Consider enabling brim; Consider enabling supports; Detected print stability issues; Floating object part; Loose extrusions; Low bed adhesion; Repaired; WARNING,,3714169.0,462.0,0.0,1h 17m 35s,77.58333333333333,6.12,2053.45,P1_no_supports
915,s2_relative_volume__frac_0.01,meshes/s2_relative_volume__frac_0.01/case_outputs/915__s2_relative_volume__frac_0.01/segmentation_repaired.stl,4029484,9.57,0,True,True,8,Consider enabling brim; Consider enabling supports; Detected print stability issues; Floating object part; Loose extrusions; Low bed adhesion; Repaired; WARNING,,6969402.0,489.0,0.0,2h 21m 2s,141.03333333333333,11.96,4009.81,P1_no_supports
916,s2_relative_volume__frac_0.01,meshes/s2_relative_volume__frac_0.01/case_outputs/916__s2_relative_volume__frac_0.01/segmentation_repaired.stl,3080184,7.35,0,True,True,8,Consider enabling brim; Consider enabling supports; Detected print stability issues; Floating object part; Loose extrusions; Low bed adhesion; Repaired; WARNING,,5197005.0,480.0,0.0,1h 50m 48s,110.8,8.9,2984.9,P1_no_supports
917,s2_relative_volume__frac_0.01,meshes/s2_relative_volume__frac_0.01/case_outputs/917__s2_relative_volume__frac_0.01/segmentation_repaired.stl,3716084,8.27,1,False,False,8,Consider enabling brim; Consider enabling supports; Detected print stability issues; Floating object part; Loose extrusions; Low bed adhesion; Repaired; WARNING,There is an object with no extrusions in the first layer. | Object name: segmentation_repaired.stl,,,,,,,,P1_no_supports
918,s2_relative_volume__frac_0.01,meshes/s2_relative_volume__frac_0.01/case_outputs/918__s2_relative_volume__frac_0.01/segmentation_repaired.stl,2531484,6.73,0,True,True,8,Consider enabling brim; Consider enabling supports; Detected print stability issues; Floating object part; Loose extrusions; Low bed adhesion; Repaired; WARNING,,4523633.0,429.0,0.0,1h 32m 55s,92.91666666666669,7.57,2536.63,P1_no_supports
919,s2_relative_volume__frac_0.01,meshes/s2_relative_volume__frac_0.01/case_outputs/919__s2_relative_volume__frac_0.01/segmentation_repaired.stl,2920584,7.39,0,True,True,8,Consider enabling brim; Consider enabling supports; Detected print stability issues; Floating object part; Loose extrusions; Low bed adhesion; Repaired; WARNING,,4701202.0,420.0,0.0,1h 39m 3s,99.05,8.54,2864.64,P1_no_supports
920,s2_relative_volume__frac_0.01,meshes/s2_relative_volume__frac_0.01/case_outputs/920__s2_relative_volume__frac_0.01/segmentation_repaired.stl,3150084,7.68,0,True,True,8,Consider enabling brim; Consider enabling supports; Detected print stability issues; Floating object part; Loose extrusions; Low bed adhesion; Repaired; WARNING,,5195621.0,447.0,0.0,1h 46m 39s,106.65,8.43,2827.07,P1_no_supports
921,s2_relative_volume__frac_0.01,meshes/s2_relative_volume__frac_0.01/case_outputs/921__s2_relative_volume__frac_0.01/segmentation_repaired.stl,3160084,7.58,0,True,True,8,Consider enabling brim; Consider enabling supports; Detected print stability issues; Floating object part; Loose extrusions; Low bed adhesion; Repaired; WARNING,,5270274.0,435.0,0.0,1h 52m 24s,112.4,9.01,3021.06,P1_no_supports
922,s2_relative_volume__frac_0.01,meshes/s2_relative_volume__frac_0.01/case_outputs/922__s2_relative_volume__frac_0.01/segmentation_repaired.stl,1574684,4.51,0,True,True,8,Consider enabling brim; Consider enabling supports; Detected print stability issues; Floating object part; Loose extrusions; Low bed adhesion; Repaired; WARNING,,2608643.0,285.0,0.0,54m 36s,54.6,4.38,1469.68,P1_no_supports
923,s2_relative_volume__frac_0.01,meshes/s2_relative_volume__frac_0.01/case_outputs/923__s2_relative_volume__frac_0.01/segmentation_repaired.stl,3540484,8.85,0,True,True,8,Consider enabling brim; Consider enabling supports; Detected print stability issues; Floating object part; Loose extrusions; Low bed adhesion; Repaired; WARNING,,5897391.0,498.0,0.0,2h 8m 24s,128.4,10.98,3682.54,P1_no_supports
924,s2_relative_volume__frac_0.01,meshes/s2_relative_volume__frac_0.01/case_outputs/924__s2_relative_volume__frac_0.01/segmentation_repaired.stl,3711484,9.47,0,True,True,8,Consider enabling brim; Consider enabling supports; Detected print stability issues; Floating object part; Loose extrusions; Low bed adhesion; Repaired; WARNING,,6347726.0,618.0,0.0,2h 13m 18s,133.3,10.1,3386.51,P1_no_supports
925,s2_relative_volume__frac_0.01,meshes/s2_relative_volume__frac_0.01/case_outputs/925__s2_relative_volume__frac_0.01/segmentation_repaired.stl,3165184,7.86,0,True,True,8,Consider enabling brim; Consider enabling supports; Detected print stability issues; Floating object part; Loose extrusions; Low bed adhesion; Repaired; WARNING,,5545857.0,439.0,0.0,1h 50m 21s,110.35,9.18,3078.1,P1_no_supports
926,s2_relative_volume__frac_0.01,meshes/s2_relative_volume__frac_0.01/case_outputs/926__s2_relative_volume__frac_0.01/segmentation_repaired.stl,2277084,5.99,0,True,True,8,Consider enabling brim; Consider enabling supports; Detected print stability issues; Floating object part; Loose extrusions; Low bed adhesion; Repaired; WARNING,,3881164.0,477.0,0.0,1h 25m 21s,85.35,6.44,2159.84,P1_no_supports
927,s2_relative_volume__frac_0.01,meshes/s2_relative_volume__frac_0.01/case_outputs/927__s2_relative_volume__frac_0.01/segmentation_repaired.stl,2972184,6.94,0,True,True,8,Consider enabling brim; Consider enabling supports; Detected print stability issues; Floating object part; Loose extrusions; Low bed adhesion; Repaired; WARNING,,4885242.0,450.0,0.0,1h 41m 3s,101.05,7.71,2584.3,P1_no_supports
928,s2_relative_volume__frac_0.01,meshes/s2_relative_volume__frac_0.01/case_outputs/928__s2_relative_volume__frac_0.01/segmentation_repaired.stl,2901884,6.99,1,False,False,8,Consider enabling brim; Consider enabling supports; Detected print stability issues; Floating object part; Loose extrusions; Low bed adhesion; Repaired; WARNING,There is an object with no extrusions in the first layer. | Object name: segmentation_repaired.stl,,,,,,,,P1_no_supports
929,s2_relative_volume__frac_0.01,meshes/s2_relative_volume__frac_0.01/case_outputs/929__s2_relative_volume__frac_0.01/segmentation_repaired.stl,2620484,6.52,0,True,True,8,Consider enabling brim; Consider enabling supports; Detected print stability issues; Floating object part; Loose extrusions; Low bed adhesion; Repaired; WARNING,,4421125.0,426.0,0.0,1h 28m 31s,88.51666666666667,7.93,2660.27,P1_no_supports
930,s2_relative_volume__frac_0.01,meshes/s2_relative_volume__frac_0.01/case_outputs/930__s2_relative_volume__frac_0.01/segmentation_repaired.stl,3038084,7.74,0,True,True,8,Consider enabling brim; Consider enabling supports; Detected print stability issues; Floating object part; Loose extrusions; Low bed adhesion; Repaired; WARNING,,4960356.0,393.0,0.0,1h 43m 49s,103.81666666666666,9.06,3038.23,P1_no_supports
931,s2_relative_volume__frac_0.01,meshes/s2_relative_volume__frac_0.01/case_outputs/931__s2_relative_volume__frac_0.01/segmentation_repaired.stl,1828684,4.36,0,True,True,8,Consider enabling brim; Consider enabling supports; Detected print stability issues; Floating object part; Loose extrusions; Low bed adhesion; Repaired; WARNING,,2846490.0,440.0,0.0,59m 50s,59.833333333333336,4.47,1497.73,P1_no_supports
932,s2_relative_volume__frac_0.01,meshes/s2_relative_volume__frac_0.01/case_outputs/932__s2_relative_volume__frac_0.01/segmentation_repaired.stl,2816684,7.08,0,True,True,8,Consider enabling brim; Consider enabling supports; Detected print stability issues; Floating object part; Loose extrusions; Low bed adhesion; Repaired; WARNING,,4816532.0,420.0,0.0,1h 40m 52s,100.86666666666666,8.24,2763.53,P1_no_supports
933,s2_relative_volume__frac_0.01,meshes/s2_relative_volume__frac_0.01/case_outputs/933__s2_relative_volume__frac_0.01/segmentation_repaired.stl,3148784,7.61,0,True,True,8,Consider enabling brim; Consider enabling supports; Detected print stability issues; Floating object part; Loose extrusions; Low bed adhesion; Repaired; WARNING,,5310075.0,507.0,0.0,1h 48m 53s,108.88333333333334,8.33,2791.87,P1_no_supports
934,s2_relative_volume__frac_0.01,meshes/s2_relative_volume__frac_0.01/case_outputs/934__s2_relative_volume__frac_0.01/segmentation_repaired.stl,3133384,8.02,0,True,True,8,Consider enabling brim; Consider enabling supports; Detected print stability issues; Floating object part; Loose extrusions; Low bed adhesion; Repaired; WARNING,,5299070.0,516.0,0.0,1h 58m 59s,118.98333333333332,9.23,3093.56,P1_no_supports
935,s2_relative_volume__frac_0.01,meshes/s2_relative_volume__frac_0.01/case_outputs/935__s2_relative_volume__frac_0.01/segmentation_repaired.stl,3169484,7.12,0,True,True,8,Consider enabling brim; Consider enabling supports; Detected print stability issues; Floating object part; Loose extrusions; Low bed adhesion; Repaired; WARNING,,5231242.0,458.0,0.0,1h 51m 32s,111.53333333333332,9.17,3076.22,P1_no_supports
936,s2_relative_volume__frac_0.01,meshes/s2_relative_volume__frac_0.01/case_outputs/936__s2_relative_volume__frac_0.01/segmentation_repaired.stl,2508184,6.09,0,True,True,8,Consider enabling brim; Consider enabling supports; Detected print stability issues; Floating object part; Loose extrusions; Low bed adhesion; Repaired; WARNING,,4091008.0,387.0,0.0,1h 26m 37s,86.61666666666666,7.82,2621.37,P1_no_supports
937,s2_relative_volume__frac_0.01,meshes/s2_relative_volume__frac_0.01/case_outputs/937__s2_relative_volume__frac_0.01/segmentation_repaired.stl,2717884,6.8,0,True,True,8,Consider enabling brim; Consider enabling supports; Detected print stability issues; Floating object part; Loose extrusions; Low bed adhesion; Repaired; WARNING,,4641933.0,417.0,0.0,1h 35m 38s,95.63333333333334,7.41,2483.86,P1_no_supports
938,s2_relative_volume__frac_0.01,meshes/s2_relative_volume__frac_0.01/case_outputs/938__s2_relative_volume__frac_0.01/segmentation_repaired.stl,3620284,9.24,0,True,True,8,Consider enabling brim; Consider enabling supports; Detected print stability issues; Floating object part; Loose extrusions; Low bed adhesion; Repaired; WARNING,,6129223.0,459.0,0.0,2h 9m 6s,129.1,11.27,3777.53,P1_no_supports
939,s2_relative_volume__frac_0.01,meshes/s2_relative_volume__frac_0.01/case_outputs/939__s2_relative_volume__frac_0.01/segmentation_repaired.stl,3268684,7.83,0,True,True,8,Consider enabling brim; Consider enabling supports; Detected print stability issues; Floating object part; Loose extrusions; Low bed adhesion; Repaired; WARNING,,5421396.0,447.0,0.0,1h 52m 41s,112.68333333333334,8.96,3004.41,P1_no_supports
940,s2_relative_volume__frac_0.01,meshes/s2_relative_volume__frac_0.01/case_outputs/940__s2_relative_volume__frac_0.01/segmentation_repaired.stl,2578684,6.3,0,True,True,8,Consider enabling brim; Consider enabling supports; Detected print stability issues; Floating object part; Loose extrusions; Low bed adhesion; Repaired; WARNING,,4217837.0,416.0,0.0,1h 25m 37s,85.61666666666666,6.55,2195.14,P1_no_supports
941,s2_relative_volume__frac_0.01,meshes/s2_relative_volume__frac_0.01/case_outputs/941__s2_relative_volume__frac_0.01/segmentation_repaired.stl,2212884,5.63,0,True,True,8,Consider enabling brim; Consider enabling supports; Detected print stability issues; Floating object part; Loose extrusions; Low bed adhesion; Repaired; WARNING,,3690723.0,447.0,0.0,1h 16m 25s,76.41666666666667,5.89,1975.95,P1_no_supports
942,s2_relative_volume__frac_0.01,meshes/s2_relative_volume__frac_0.01/case_outputs/942__s2_relative_volume__frac_0.01/segmentation_repaired.stl,2337284,5.82,0,True,True,8,Consider enabling brim; Consider enabling supports; Detected print stability issues; Floating object part; Loose extrusions; Low bed adhesion; Repaired; WARNING,,3851311.0,396.0,0.0,1h 16m 16s,76.26666666666667,6.3,2112.12,P1_no_supports
943,s2_relative_volume__frac_0.01,meshes/s2_relative_volume__frac_0.01/case_outputs/943__s2_relative_volume__frac_0.01/segmentation_repaired.stl,2690084,6.06,1,False,False,8,Consider enabling brim; Consider enabling supports; Detected print stability issues; Floating object part; Loose extrusions; Low bed adhesion; Repaired; WARNING,There is an object with no extrusions in the first layer. | Object name: segmentation_repaired.stl,,,,,,,,P1_no_supports
944,s2_relative_volume__frac_0.01,meshes/s2_relative_volume__frac_0.01/case_outputs/944__s2_relative_volume__frac_0.01/segmentation_repaired.stl,3902784,9.38,0,True,True,8,Consider enabling brim; Consider enabling supports; Detected print stability issues; Floating object part; Loose extrusions; Low bed adhesion; Repaired; WARNING,,6414022.0,450.0,0.0,2h 11m 7s,131.11666666666667,10.87,3645.68,P1_no_supports
945,s2_relative_volume__frac_0.01,meshes/s2_relative_volume__frac_0.01/case_outputs/945__s2_relative_volume__frac_0.01/segmentation_repaired.stl,3227584,7.82,0,True,True,8,Consider enabling brim; Consider enabling supports; Detected print stability issues; Floating object part; Loose extrusions; Low bed adhesion; Repaired; WARNING,,5479744.0,426.0,0.0,1h 53m 24s,113.4,9.0,3018.14,P1_no_supports
946,s2_relative_volume__frac_0.01,meshes/s2_relative_volume__frac_0.01/case_outputs/946__s2_relative_volume__frac_0.01/segmentation_repaired.stl,2219484,5.28,0,True,True,8,Consider enabling brim; Consider enabling supports; Detected print stability issues; Floating object part; Loose extrusions; Low bed adhesion; Repaired; WARNING,,3789162.0,459.0,0.0,1h 16m 44s,76.73333333333333,6.2,2078.22,P1_no_supports
947,s2_relative_volume__frac_0.01,meshes/s2_relative_volume__frac_0.01/case_outputs/947__s2_relative_volume__frac_0.01/segmentation_repaired.stl,4026284,9.39,0,True,True,8,Consider enabling brim; Consider enabling supports; Detected print stability issues; Floating object part; Loose extrusions; Low bed adhesion; Repaired; WARNING,,6850956.0,477.0,0.0,2h 24m 16s,144.26666666666668,12.86,4313.16,P1_no_supports
948,s2_relative_volume__frac_0.01,meshes/s2_relative_volume__frac_0.01/case_outputs/948__s2_relative_volume__frac_0.01/segmentation_repaired.stl,4074684,9.85,0,True,True,8,Consider enabling brim; Consider enabling supports; Detected print stability issues; Floating object part; Loose extrusions; Low bed adhesion; Repaired; WARNING,,6632551.0,435.0,0.0,2h 17m 1s,137.01666666666668,12.17,4079.32,P1_no_supports
949,s2_relative_volume__frac_0.01,meshes/s2_relative_volume__frac_0.01/case_outputs/949__s2_relative_volume__frac_0.01/segmentation_repaired.stl,2626684,5.96,0,True,True,8,Consider enabling brim; Consider enabling supports; Detected print stability issues; Floating object part; Loose extrusions; Low bed adhesion; Repaired; WARNING,,4407304.0,471.0,0.0,1h 33m 42s,93.7,7.36,2466.33,P1_no_supports
950,s2_relative_volume__frac_0.01,meshes/s2_relative_volume__frac_0.01/case_outputs/950__s2_relative_volume__frac_0.01/segmentation_repaired.stl,2578584,6.75,0,True,True,8,Consider enabling brim; Consider enabling supports; Detected print stability issues; Floating object part; Loose extrusions; Low bed adhesion; Repaired; WARNING,,4226427.0,414.0,0.0,1h 29m 29s,89.48333333333333,6.89,2308.74,P1_no_supports
951,s2_relative_volume__frac_0.01,meshes/s2_relative_volume__frac_0.01/case_outputs/951__s2_relative_volume__frac_0.01/segmentation_repaired.stl,3822184,8.51,0,True,True,8,Consider enabling brim; Consider enabling supports; Detected print stability issues; Floating object part; Loose extrusions; Low bed adhesion; Repaired; WARNING,,6180469.0,408.0,0.0,2h 4m 29s,124.48333333333332,11.71,3926.64,P1_no_supports
952,s2_relative_volume__frac_0.01,meshes/s2_relative_volume__frac_0.01/case_outputs/952__s2_relative_volume__frac_0.01/segmentation_repaired.stl,2828384,6.55,0,True,True,6,Consider enabling supports; Detected print stability issues; Floating object part; Loose extrusions; Repaired; WARNING,,4480318.0,426.0,0.0,1h 31m 8s,91.13333333333334,7.92,2654.39,P1_no_supports
953,s2_relative_volume__frac_0.01,meshes/s2_relative_volume__frac_0.01/case_outputs/953__s2_relative_volume__frac_0.01/segmentation_repaired.stl,4526684,11.51,0,True,True,8,Consider enabling brim; Consider enabling supports; Detected print stability issues; Floating object part; Loose extrusions; Low bed adhesion; Repaired; WARNING,,7620698.0,474.0,0.0,2h 35m 22s,155.36666666666667,12.6,4223.84,P1_no_supports
954,s2_relative_volume__frac_0.01,meshes/s2_relative_volume__frac_0.01/case_outputs/954__s2_relative_volume__frac_0.01/segmentation_repaired.stl,2822884,7.64,0,True,True,8,Consider enabling brim; Consider enabling supports; Detected print stability issues; Floating object part; Loose extrusions; Low bed adhesion; Repaired; WARNING,,4778434.0,462.0,0.0,1h 39m 8s,99.13333333333334,8.33,2793.95,P1_no_supports
955,s2_relative_volume__frac_0.01,meshes/s2_relative_volume__frac_0.01/case_outputs/955__s2_relative_volume__frac_0.01/segmentation_repaired.stl,3069984,7.57,0,True,True,8,Consider enabling brim; Consider enabling supports; Detected print stability issues; Floating object part; Loose extrusions; Low bed adhesion; Repaired; WARNING,,5365941.0,537.0,0.0,1h 54m 29s,114.48333333333332,9.07,3042.18,P1_no_supports
956,s2_relative_volume__frac_0.01,meshes/s2_relative_volume__frac_0.01/case_outputs/956__s2_relative_volume__frac_0.01/segmentation_repaired.stl,2418684,6.59,0,True,True,8,Consider enabling brim; Consider enabling supports; Detected print stability issues; Floating object part; Loose extrusions; Low bed adhesion; Repaired; WARNING,,3947680.0,402.0,0.0,1h 20m 39s,80.65,6.61,2215.27,P1_no_supports
957,s2_relative_volume__frac_0.01,meshes/s2_relative_volume__frac_0.01/case_outputs/957__s2_relative_volume__frac_0.01/segmentation_repaired.stl,3809884,9.5,0,True,True,8,Consider enabling brim; Consider enabling supports; Detected print stability issues; Floating object part; Loose extrusions; Low bed adhesion; Repaired; WARNING,,6357488.0,447.0,0.0,2h 8m 0s,128.0,10.04,3364.94,P1_no_supports
958,s2_relative_volume__frac_0.01,meshes/s2_relative_volume__frac_0.01/case_outputs/958__s2_relative_volume__frac_0.01/segmentation_repaired.stl,3564484,9.03,0,True,True,8,Consider enabling brim; Consider enabling supports; Detected print stability issues; Floating object part; Loose extrusions; Low bed adhesion; Repaired; WARNING,,6125016.0,465.0,0.0,2h 9m 52s,129.86666666666667,10.47,3511.93,P1_no_supports
959,s2_relative_volume__frac_0.01,meshes/s2_relative_volume__frac_0.01/case_outputs/959__s2_relative_volume__frac_0.01/segmentation_repaired.stl,2837284,6.79,0,True,True,8,Consider enabling brim; Consider enabling supports; Detected print stability issues; Floating object part; Loose extrusions; Low bed adhesion; Repaired; WARNING,,4478429.0,432.0,0.0,1h 33m 44s,93.73333333333332,7.84,2629.72,P1_no_supports
960,s2_relative_volume__frac_0.01,meshes/s2_relative_volume__frac_0.01/case_outputs/960__s2_relative_volume__frac_0.01/segmentation_repaired.stl,3750684,8.59,0,True,True,8,Consider enabling brim; Consider enabling supports; Detected print stability issues; Floating object part; Loose extrusions; Low bed adhesion; Repaired; WARNING,,6269155.0,450.0,0.0,2h 8m 16s,128.26666666666668,11.17,3746.59,P1_no_supports
961,s2_relative_volume__frac_0.01,meshes/s2_relative_volume__frac_0.01/case_outputs/961__s2_relative_volume__frac_0.01/segmentation_repaired.stl,2746084,6.49,0,True,True,8,Consider enabling brim; Consider enabling supports; Detected print stability issues; Floating object part; Loose extrusions; Low bed adhesion; Repaired; WARNING,,4640227.0,408.0,0.0,1h 36m 34s,96.56666666666666,7.71,2586.32,P1_no_supports
962,s2_relative_volume__frac_0.01,meshes/s2_relative_volume__frac_0.01/case_outputs/962__s2_relative_volume__frac_0.01/segmentation_repaired.stl,3875584,9.5,0,True,True,8,Consider enabling brim; Consider enabling supports; Detected print stability issues; Floating object part; Loose extrusions; Low bed adhesion; Repaired; WARNING,,6281928.0,411.0,0.0,2h 8m 46s,128.76666666666668,11.28,3782.33,P1_no_supports
963,s2_relative_volume__frac_0.01,meshes/s2_relative_volume__frac_0.01/case_outputs/963__s2_relative_volume__frac_0.01/segmentation_repaired.stl,5025484,10.94,0,True,True,8,Consider enabling brim; Consider enabling supports; Detected print stability issues; Floating object part; Loose extrusions; Low bed adhesion; Repaired; WARNING,,8340781.0,471.0,0.0,2h 52m 50s,172.83333333333334,15.41,5166.54,P1_no_supports
964,s2_relative_volume__frac_0.01,meshes/s2_relative_volume__frac_0.01/case_outputs/964__s2_relative_volume__frac_0.01/segmentation_repaired.stl,3669684,7.88,1,False,False,8,Consider enabling brim; Consider enabling supports; Detected print stability issues; Floating object part; Loose extrusions; Low bed adhesion; Repaired; WARNING,There is an object with no extrusions in the first layer. | Object name: segmentation_repaired.stl,,,,,,,,P1_no_supports
965,s2_relative_volume__frac_0.01,meshes/s2_relative_volume__frac_0.01/case_outputs/965__s2_relative_volume__frac_0.01/segmentation_repaired.stl,3425084,8.57,0,True,True,8,Consider enabling brim; Consider enabling supports; Detected print stability issues; Floating object part; Loose extrusions; Low bed adhesion; Repaired; WARNING,,5663185.0,417.0,0.0,1h 53m 52s,113.86666666666666,9.91,3324.1,P1_no_supports
966,s2_relative_volume__frac_0.01,meshes/s2_relative_volume__frac_0.01/case_outputs/966__s2_relative_volume__frac_0.01/segmentation_repaired.stl,4048684,9.79,0,True,True,8,Consider enabling brim; Consider enabling supports; Detected print stability issues; Floating object part; Loose extrusions; Low bed adhesion; Repaired; WARNING,,6780975.0,444.0,0.0,2h 15m 16s,135.26666666666668,11.4,3823.34,P1_no_supports
967,s2_relative_volume__frac_0.01,meshes/s2_relative_volume__frac_0.01/case_outputs/967__s2_relative_volume__frac_0.01/segmentation_repaired.stl,3445184,8.08,0,True,True,8,Consider enabling brim; Consider enabling supports; Detected print stability issues; Floating object part; Loose extrusions; Low bed adhesion; Repaired; WARNING,,5776951.0,507.0,0.0,2h 2m 31s,122.51666666666668,10.11,3389.71,P1_no_supports
968,s2_relative_volume__frac_0.01,meshes/s2_relative_volume__frac_0.01/case_outputs/968__s2_relative_volume__frac_0.01/segmentation_repaired.stl,2242484,5.76,0,True,True,8,Consider enabling brim; Consider enabling supports; Detected print stability issues; Floating object part; Loose extrusions; Low bed adhesion; Repaired; WARNING,,3753954.0,384.0,0.0,1h 19m 43s,79.71666666666667,6.57,2202.27,P1_no_supports
969,s2_relative_volume__frac_0.01,meshes/s2_relative_volume__frac_0.01/case_outputs/969__s2_relative_volume__frac_0.01/segmentation_repaired.stl,3557584,9.18,0,True,True,8,Consider enabling brim; Consider enabling supports; Detected print stability issues; Floating object part; Loose extrusions; Low bed adhesion; Repaired; WARNING,,6103433.0,528.0,0.0,2h 10m 8s,130.13333333333333,10.44,3501.61,P1_no_supports
970,s2_relative_volume__frac_0.01,meshes/s2_relative_volume__frac_0.01/case_outputs/970__s2_relative_volume__frac_0.01/segmentation_repaired.stl,2063884,5.3,0,True,True,8,Consider enabling brim; Consider enabling supports; Detected print stability issues; Floating object part; Loose extrusions; Low bed adhesion; Repaired; WARNING,,3472000.0,443.0,0.0,1h 14m 11s,74.18333333333334,5.64,1892.23,P1_no_supports
971,s2_relative_volume__frac_0.01,meshes/s2_relative_volume__frac_0.01/case_outputs/971__s2_relative_volume__frac_0.01/segmentation_repaired.stl,2667084,5.96,0,True,True,8,Consider enabling brim; Consider enabling supports; Detected print stability issues; Floating object part; Loose extrusions; Low bed adhesion; Repaired; WARNING,,4527169.0,561.0,0.0,1h 39m 47s,99.78333333333332,7.45,2498.29,P1_no_supports
972,s2_relative_volume__frac_0.01,meshes/s2_relative_volume__frac_0.01/case_outputs/972__s2_relative_volume__frac_0.01/segmentation_repaired.stl,2626084,7.03,0,True,True,8,Consider enabling brim; Consider enabling supports; Detected print stability issues; Floating object part; Loose extrusions; Low bed adhesion; Repaired; WARNING,,4375821.0,363.0,0.0,1h 29m 59s,89.98333333333333,7.21,2418.48,P1_no_supports
973,s2_relative_volume__frac_0.01,meshes/s2_relative_volume__frac_0.01/case_outputs/973__s2_relative_volume__frac_0.01/segmentation_repaired.stl,3448384,8.15,0,True,True,8,Consider enabling brim; Consider enabling supports; Detected print stability issues; Floating object part; Loose extrusions; Low bed adhesion; Repaired; WARNING,,5638487.0,468.0,0.0,1h 54m 25s,114.41666666666669,10.67,3578.9,P1_no_supports
974,s2_relative_volume__frac_0.01,meshes/s2_relative_volume__frac_0.01/case_outputs/974__s2_relative_volume__frac_0.01/segmentation_repaired.stl,4937784,11.35,0,True,True,8,Consider enabling brim; Consider enabling supports; Detected print stability issues; Floating object part; Loose extrusions; Low bed adhesion; Repaired; WARNING,,8381001.0,465.0,0.0,2h 53m 23s,173.38333333333333,15.36,5149.4,P1_no_supports
975,s2_relative_volume__frac_0.01,meshes/s2_relative_volume__frac_0.01/case_outputs/975__s2_relative_volume__frac_0.01/segmentation_repaired.stl,4132284,9.54,0,True,True,8,Consider enabling brim; Consider enabling supports; Detected print stability issues; Floating object part; Loose extrusions; Low bed adhesion; Repaired; WARNING,,6865909.0,462.0,0.0,2h 17m 9s,137.15,12.28,4116.47,P1_no_supports
976,s2_relative_volume__frac_0.01,meshes/s2_relative_volume__frac_0.01/case_outputs/976__s2_relative_volume__frac_0.01/segmentation_repaired.stl,2642384,6.58,0,True,True,8,Consider enabling brim; Consider enabling supports; Detected print stability issues; Floating object part; Loose extrusions; Low bed adhesion; Repaired; WARNING,,4476306.0,453.0,0.0,1h 33m 46s,93.76666666666668,7.32,2453.32,P1_no_supports
977,s2_relative_volume__frac_0.01,meshes/s2_relative_volume__frac_0.01/case_outputs/977__s2_relative_volume__frac_0.01/segmentation_repaired.stl,2827684,7.13,0,True,True,8,Consider enabling brim; Consider enabling supports; Detected print stability issues; Floating object part; Loose extrusions; Low bed adhesion; Repaired; WARNING,,4808711.0,450.0,0.0,1h 44m 17s,104.28333333333332,8.29,2778.79,P1_no_supports
978,s2_relative_volume__frac_0.01,meshes/s2_relative_volume__frac_0.01/case_outputs/978__s2_relative_volume__frac_0.01/segmentation_repaired.stl,3418884,7.9,0,True,True,8,Consider enabling brim; Consider enabling supports; Detected print stability issues; Floating object part; Loose extrusions; Low bed adhesion; Repaired; WARNING,,5546775.0,387.0,0.0,1h 48m 50s,108.83333333333331,9.39,3149.9,P1_no_supports
979,s2_relative_volume__frac_0.01,meshes/s2_relative_volume__frac_0.01/case_outputs/979__s2_relative_volume__frac_0.01/segmentation_repaired.stl,2940284,7.26,0,True,True,8,Consider enabling brim; Consider enabling supports; Detected print stability issues; Floating object part; Loose extrusions; Low bed adhesion; Repaired; WARNING,,4865701.0,483.0,0.0,1h 45m 40s,105.66666666666669,8.29,2779.74,P1_no_supports
980,s2_relative_volume__frac_0.01,meshes/s2_relative_volume__frac_0.01/case_outputs/980__s2_relative_volume__frac_0.01/segmentation_repaired.stl,2876384,6.81,0,True,True,8,Consider enabling brim; Consider enabling supports; Detected print stability issues; Floating object part; Loose extrusions; Low bed adhesion; Repaired; WARNING,,4708675.0,438.0,0.0,1h 42m 22s,102.36666666666666,9.19,3082.27,P1_no_supports
981,s2_relative_volume__frac_0.01,meshes/s2_relative_volume__frac_0.01/case_outputs/981__s2_relative_volume__frac_0.01/segmentation_repaired.stl,1829384,4.73,0,True,True,8,Consider enabling brim; Consider enabling supports; Detected print stability issues; Floating object part; Loose extrusions; Low bed adhesion; Repaired; WARNING,,2914811.0,345.0,0.0,1h 1m 18s,61.3,5.2,1742.26,P1_no_supports
982,s2_relative_volume__frac_0.01,meshes/s2_relative_volume__frac_0.01/case_outputs/982__s2_relative_volume__frac_0.01/segmentation_repaired.stl,2248684,5.54,0,True,True,8,Consider enabling brim; Consider enabling supports; Detected print stability issues; Floating object part; Loose extrusions; Low bed adhesion; Repaired; WARNING,,3639184.0,378.0,0.0,1h 13m 42s,73.7,6.03,2021.26,P1_no_supports
983,s2_relative_volume__frac_0.01,meshes/s2_relative_volume__frac_0.01/case_outputs/983__s2_relative_volume__frac_0.01/segmentation_repaired.stl,3829484,9.99,0,True,True,8,Consider enabling brim; Consider enabling supports; Detected print stability issues; Floating object part; Loose extrusions; Low bed adhesion; Repaired; WARNING,,6625690.0,440.0,0.0,2h 13m 17s,133.28333333333333,11.15,3737.34,P1_no_supports
984,s2_relative_volume__frac_0.01,meshes/s2_relative_volume__frac_0.01/case_outputs/984__s2_relative_volume__frac_0.01/segmentation_repaired.stl,3814884,8.01,0,True,True,8,Consider enabling brim; Consider enabling supports; Detected print stability issues; Floating object part; Loose extrusions; Low bed adhesion; Repaired; WARNING,,5966150.0,477.0,0.0,2h 8m 44s,128.73333333333332,11.08,3715.7,P1_no_supports
985,s2_relative_volume__frac_0.01,meshes/s2_relative_volume__frac_0.01/case_outputs/985__s2_relative_volume__frac_0.01/segmentation_repaired.stl,3155484,7.06,0,True,True,8,Consider enabling brim; Consider enabling supports; Detected print stability issues; Floating object part; Loose extrusions; Low bed adhesion; Repaired; WARNING,,5210779.0,477.0,0.0,1h 50m 8s,110.13333333333334,9.0,3017.33,P1_no_supports
986,s2_relative_volume__frac_0.01,meshes/s2_relative_volume__frac_0.01/case_outputs/986__s2_relative_volume__frac_0.01/segmentation_repaired.stl,3196384,7.63,0,True,True,8,Consider enabling brim; Consider enabling supports; Detected print stability issues; Floating object part; Loose extrusions; Low bed adhesion; Repaired; WARNING,,5309188.0,480.0,0.0,1h 52m 20s,112.33333333333331,9.31,3120.39,P1_no_supports
987,s2_relative_volume__frac_0.01,meshes/s2_relative_volume__frac_0.01/case_outputs/987__s2_relative_volume__frac_0.01/segmentation_repaired.stl,4191684,9.73,0,True,True,8,Consider enabling brim; Consider enabling supports; Detected print stability issues; Floating object part; Loose extrusions; Low bed adhesion; Repaired; WARNING,,7045424.0,495.0,0.0,2h 33m 14s,153.23333333333332,13.11,4393.95,P1_no_supports
988,s2_relative_volume__frac_0.01,meshes/s2_relative_volume__frac_0.01/case_outputs/988__s2_relative_volume__frac_0.01/segmentation_repaired.stl,2653284,6.19,0,True,True,8,Consider enabling brim; Consider enabling supports; Detected print stability issues; Floating object part; Loose extrusions; Low bed adhesion; Repaired; WARNING,,4241981.0,390.0,0.0,1h 27m 23s,87.38333333333334,7.07,2368.94,P1_no_supports
989,s2_relative_volume__frac_0.01,meshes/s2_relative_volume__frac_0.01/case_outputs/989__s2_relative_volume__frac_0.01/segmentation_repaired.stl,3423384,8.27,0,True,True,8,Consider enabling brim; Consider enabling supports; Detected print stability issues; Floating object part; Loose extrusions; Low bed adhesion; Repaired; WARNING,,5603705.0,453.0,0.0,1h 55m 17s,115.28333333333332,9.4,3150.38,P1_no_supports
990,s2_relative_volume__frac_0.01,meshes/s2_relative_volume__frac_0.01/case_outputs/990__s2_relative_volume__frac_0.01/segmentation_repaired.stl,3017684,7.43,0,True,True,8,Consider enabling brim; Consider enabling supports; Detected print stability issues; Floating object part; Loose extrusions; Low bed adhesion; Repaired; WARNING,,5095768.0,441.0,0.0,1h 49m 13s,109.21666666666668,9.03,3028.56,P1_no_supports
991,s2_relative_volume__frac_0.01,meshes/s2_relative_volume__frac_0.01/case_outputs/991__s2_relative_volume__frac_0.01/segmentation_repaired.stl,2980284,7.03,0,True,True,8,Consider enabling brim; Consider enabling supports; Detected print stability issues; Floating object part; Loose extrusions; Low bed adhesion; Repaired; WARNING,,4941762.0,390.0,0.0,1h 42m 18s,102.3,8.46,2836.63,P1_no_supports
992,s2_relative_volume__frac_0.01,meshes/s2_relative_volume__frac_0.01/case_outputs/992__s2_relative_volume__frac_0.01/segmentation_repaired.stl,2467484,6.13,0,True,True,8,Consider enabling brim; Consider enabling supports; Detected print stability issues; Floating object part; Loose extrusions; Low bed adhesion; Repaired; WARNING,,4048181.0,429.0,0.0,1h 24m 25s,84.41666666666667,6.82,2285.9,P1_no_supports
993,s2_relative_volume__frac_0.01,meshes/s2_relative_volume__frac_0.01/case_outputs/993__s2_relative_volume__frac_0.01/segmentation_repaired.stl,5159684,11.67,0,True,True,8,Consider enabling brim; Consider enabling supports; Detected print stability issues; Floating object part; Loose extrusions; Low bed adhesion; Repaired; WARNING,,8312062.0,483.0,0.0,2h 44m 26s,164.43333333333334,15.25,5113.51,P1_no_supports
994,s2_relative_volume__frac_0.01,meshes/s2_relative_volume__frac_0.01/case_outputs/994__s2_relative_volume__frac_0.01/segmentation_repaired.stl,3604784,8.79,0,True,True,8,Consider enabling brim; Consider enabling supports; Detected print stability issues; Floating object part; Loose extrusions; Low bed adhesion; Repaired; WARNING,,6006089.0,390.0,0.0,1h 59m 39s,119.65,10.0,3353.17,P1_no_supports
995,s2_relative_volume__frac_0.01,meshes/s2_relative_volume__frac_0.01/case_outputs/995__s2_relative_volume__frac_0.01/segmentation_repaired.stl,3031584,6.56,0,True,True,8,Consider enabling brim; Consider enabling supports; Detected print stability issues; Floating object part; Loose extrusions; Low bed adhesion; Repaired; WARNING,,4894751.0,387.0,0.0,1h 36m 15s,96.25,8.05,2700.69,P1_no_supports
996,s2_relative_volume__frac_0.01,meshes/s2_relative_volume__frac_0.01/case_outputs/996__s2_relative_volume__frac_0.01/segmentation_repaired.stl,2694084,6.6,0,True,True,8,Consider enabling brim; Consider enabling supports; Detected print stability issues; Floating object part; Loose extrusions; Low bed adhesion; Repaired; WARNING,,4388057.0,387.0,0.0,1h 28m 23s,88.38333333333334,7.23,2425.09,P1_no_supports
997,s2_relative_volume__frac_0.01,meshes/s2_relative_volume__frac_0.01/case_outputs/997__s2_relative_volume__frac_0.01/segmentation_repaired.stl,3894884,8.72,0,True,True,8,Consider enabling brim; Consider enabling supports; Detected print stability issues; Floating object part; Loose extrusions; Low bed adhesion; Repaired; WARNING,,6540288.0,396.0,0.0,2h 12m 22s,132.36666666666667,11.41,3825.13,P1_no_supports
998,s2_relative_volume__frac_0.01,meshes/s2_relative_volume__frac_0.01/case_outputs/998__s2_relative_volume__frac_0.01/segmentation_repaired.stl,3651684,8.67,0,True,True,8,Consider enabling brim; Consider enabling supports; Detected print stability issues; Floating object part; Loose extrusions; Low bed adhesion; Repaired; WARNING,,5982342.0,408.0,0.0,2h 7m 56s,127.93333333333334,11.28,3783.62,P1_no_supports
999,s2_relative_volume__frac_0.01,meshes/s2_relative_volume__frac_0.01/case_outputs/999__s2_relative_volume__frac_0.01/segmentation_repaired.stl,2119884,5.13,0,True,True,8,Consider enabling brim; Consider enabling supports; Detected print stability issues; Floating object part; Loose extrusions; Low bed adhesion; Repaired; WARNING,,3505227.0,390.0,0.0,1h 10m 43s,70.71666666666667,5.63,1889.32,P1_no_supports
1000,s3_gap_bridge__gap_1.2mm,meshes/s3_gap_bridge__gap_1.2mm/case_outputs/1000__s3_gap_bridge__gap_1.2mm/segmentation_repaired.stl,3166384,7.76,0,True,True,8,Consider enabling brim; Consider enabling supports; Detected print stability issues; Floating object part; Loose extrusions; Low bed adhesion; Repaired; WARNING,,5242626.0,435.0,0.0,1h 47m 8s,107.13333333333334,8.91,2987.27,P1_no_supports
751,s3_gap_bridge__gap_1.2mm,meshes/s3_gap_bridge__gap_1.2mm/case_outputs/751__s3_gap_bridge__gap_1.2mm/segmentation_repaired.stl,3391284,7.82,0,True,True,8,Consider enabling brim; Consider enabling supports; Detected print stability issues; Floating object part; Loose extrusions; Low bed adhesion; Repaired; WARNING,,5561537.0,489.0,0.0,1h 58m 43s,118.71666666666668,9.07,3039.91,P1_no_supports
752,s3_gap_bridge__gap_1.2mm,meshes/s3_gap_bridge__gap_1.2mm/case_outputs/752__s3_gap_bridge__gap_1.2mm/segmentation_repaired.stl,3933384,9.35,0,True,True,8,Consider enabling brim; Consider enabling supports; Detected print stability issues; Floating object part; Loose extrusions; Low bed adhesion; Repaired; WARNING,,6621214.0,516.0,0.0,2h 16m 2s,136.03333333333333,10.64,3568.74,P1_no_supports
753,s3_gap_bridge__gap_1.2mm,meshes/s3_gap_bridge__gap_1.2mm/case_outputs/753__s3_gap_bridge__gap_1.2mm/segmentation_repaired.stl,2073384,5.58,0,True,True,8,Consider enabling brim; Consider enabling supports; Detected print stability issues; Floating object part; Loose extrusions; Low bed adhesion; Repaired; WARNING,,3447266.0,393.0,0.0,1h 13m 57s,73.95,5.7,1911.22,P1_no_supports
754,s3_gap_bridge__gap_1.2mm,meshes/s3_gap_bridge__gap_1.2mm/case_outputs/754__s3_gap_bridge__gap_1.2mm/segmentation_repaired.stl,2759484,6.93,0,True,True,7,Consider enabling brim; Consider enabling supports; Detected print stability issues; Floating object part; Low bed adhesion; Repaired; WARNING,,4856818.0,564.0,0.0,1h 48m 13s,108.21666666666668,8.15,2732.74,P1_no_supports
755,s3_gap_bridge__gap_1.2mm,meshes/s3_gap_bridge__gap_1.2mm/case_outputs/755__s3_gap_bridge__gap_1.2mm/segmentation_repaired.stl,2891984,6.95,0,True,True,8,Consider enabling brim; Consider enabling supports; Detected print stability issues; Floating object part; Loose extrusions; Low bed adhesion; Repaired; WARNING,,4787793.0,453.0,0.0,1h 37m 10s,97.16666666666669,7.88,2641.67,P1_no_supports
756,s3_gap_bridge__gap_1.2mm,meshes/s3_gap_bridge__gap_1.2mm/case_outputs/756__s3_gap_bridge__gap_1.2mm/segmentation_repaired.stl,2146784,5.54,0,True,True,8,Consider enabling brim; Consider enabling supports; Detected print stability issues; Floating object part; Loose extrusions; Low bed adhesion; Repaired; WARNING,,3585611.0,402.0,0.0,1h 15m 32s,75.53333333333333,5.71,1915.63,P1_no_supports
757,s3_gap_bridge__gap_1.2mm,meshes/s3_gap_bridge__gap_1.2mm/case_outputs/757__s3_gap_bridge__gap_1.2mm/segmentation_repaired.stl,3318484,8.09,0,True,True,8,Consider enabling brim; Consider enabling supports; Detected print stability issues; Floating object part; Loose extrusions; Low bed adhesion; Repaired; WARNING,,5598700.0,489.0,0.0,2h 2m 49s,122.81666666666666,9.69,3250.03,P1_no_supports
758,s3_gap_bridge__gap_1.2mm,meshes/s3_gap_bridge__gap_1.2mm/case_outputs/758__s3_gap_bridge__gap_1.2mm/segmentation_repaired.stl,2635484,6.5,0,True,True,8,Consider enabling brim; Consider enabling supports; Detected print stability issues; Floating object part; Loose extrusions; Low bed adhesion; Repaired; WARNING,,4415082.0,579.0,0.0,1h 38m 54s,98.9,7.08,2374.19,P1_no_supports
759,s3_gap_bridge__gap_1.2mm,meshes/s3_gap_bridge__gap_1.2mm/case_outputs/759__s3_gap_bridge__gap_1.2mm/segmentation_repaired.stl,1908184,5.03,0,True,True,8,Consider enabling brim; Consider enabling supports; Detected print stability issues; Floating object part; Loose extrusions; Low bed adhesion; Repaired; WARNING,,3072131.0,414.0,0.0,1h 5m 49s,65.81666666666666,5.01,1681.1,P1_no_supports
760,s3_gap_bridge__gap_1.2mm,meshes/s3_gap_bridge__gap_1.2mm/case_outputs/760__s3_gap_bridge__gap_1.2mm/segmentation_repaired.stl,3480484,8.05,0,True,True,8,Consider enabling brim; Consider enabling supports; Detected print stability issues; Floating object part; Loose extrusions; Low bed adhesion; Repaired; WARNING,,5792325.0,465.0,0.0,2h 3m 14s,123.23333333333332,9.94,3331.61,P1_no_supports
761,s3_gap_bridge__gap_1.2mm,meshes/s3_gap_bridge__gap_1.2mm/case_outputs/761__s3_gap_bridge__gap_1.2mm/segmentation_repaired.stl,3742684,9.41,0,True,True,8,Consider enabling brim; Consider enabling supports; Detected print stability issues; Floating object part; Loose extrusions; Low bed adhesion; Repaired; WARNING,,6232177.0,420.0,0.0,2h 1m 22s,121.36666666666666,10.43,3497.98,P1_no_supports
762,s3_gap_bridge__gap_1.2mm,meshes/s3_gap_bridge__gap_1.2mm/case_outputs/762__s3_gap_bridge__gap_1.2mm/segmentation_repaired.stl,3836384,9.28,0,True,True,8,Consider enabling brim; Consider enabling supports; Detected print stability issues; Floating object part; Loose extrusions; Low bed adhesion; Repaired; WARNING,,6379731.0,515.0,0.0,2h 12m 58s,132.96666666666667,10.61,3558.14,P1_no_supports
763,s3_gap_bridge__gap_1.2mm,meshes/s3_gap_bridge__gap_1.2mm/case_outputs/763__s3_gap_bridge__gap_1.2mm/segmentation_repaired.stl,3856284,8.88,0,True,True,8,Consider enabling brim; Consider enabling supports; Detected print stability issues; Floating object part; Loose extrusions; Low bed adhesion; Repaired; WARNING,,6609878.0,465.0,0.0,2h 14m 53s,134.88333333333333,11.19,3753.02,P1_no_supports
764,s3_gap_bridge__gap_1.2mm,meshes/s3_gap_bridge__gap_1.2mm/case_outputs/764__s3_gap_bridge__gap_1.2mm/segmentation_repaired.stl,4799484,11.56,0,True,True,8,Consider enabling brim; Consider enabling supports; Detected print stability issues; Floating object part; Loose extrusions; Low bed adhesion; Repaired; WARNING,,7813045.0,432.0,0.0,2h 36m 16s,156.26666666666668,13.97,4684.42,P1_no_supports
765,s3_gap_bridge__gap_1.2mm,meshes/s3_gap_bridge__gap_1.2mm/case_outputs/765__s3_gap_bridge__gap_1.2mm/segmentation_repaired.stl,2903484,7.61,0,True,True,8,Consider enabling brim; Consider enabling supports; Detected print stability issues; Floating object part; Loose extrusions; Low bed adhesion; Repaired; WARNING,,4746168.0,447.0,0.0,1h 42m 24s,102.4,7.64,2562.24,P1_no_supports
766,s3_gap_bridge__gap_1.2mm,meshes/s3_gap_bridge__gap_1.2mm/case_outputs/766__s3_gap_bridge__gap_1.2mm/segmentation_repaired.stl,5366884,12.7,0,True,True,8,Consider enabling brim; Consider enabling supports; Detected print stability issues; Floating object part; Loose extrusions; Low bed adhesion; Repaired; WARNING,,8700811.0,504.0,0.0,2h 54m 40s,174.66666666666666,15.54,5210.96,P1_no_supports
767,s3_gap_bridge__gap_1.2mm,meshes/s3_gap_bridge__gap_1.2mm/case_outputs/767__s3_gap_bridge__gap_1.2mm/segmentation_repaired.stl,2405084,6.31,0,True,True,8,Consider enabling brim; Consider enabling supports; Detected print stability issues; Floating object part; Loose extrusions; Low bed adhesion; Repaired; WARNING,,4044596.0,433.0,0.0,1h 23m 3s,83.05,6.3,2112.15,P1_no_supports
768,s3_gap_bridge__gap_1.2mm,meshes/s3_gap_bridge__gap_1.2mm/case_outputs/768__s3_gap_bridge__gap_1.2mm/segmentation_repaired.stl,2838084,6.84,0,True,True,8,Consider enabling brim; Consider enabling supports; Detected print stability issues; Floating object part; Loose extrusions; Low bed adhesion; Repaired; WARNING,,4468755.0,447.0,0.0,1h 28m 40s,88.66666666666667,7.84,2628.75,P1_no_supports
769,s3_gap_bridge__gap_1.2mm,meshes/s3_gap_bridge__gap_1.2mm/case_outputs/769__s3_gap_bridge__gap_1.2mm/segmentation_repaired.stl,3679184,9.37,0,True,True,8,Consider enabling brim; Consider enabling supports; Detected print stability issues; Floating object part; Loose extrusions; Low bed adhesion; Repaired; WARNING,,6452710.0,418.0,0.0,2h 11m 39s,131.65,10.87,3645.45,P1_no_supports
770,s3_gap_bridge__gap_1.2mm,meshes/s3_gap_bridge__gap_1.2mm/case_outputs/770__s3_gap_bridge__gap_1.2mm/segmentation_repaired.stl,5030684,12.31,0,True,True,8,Consider enabling brim; Consider enabling supports; Detected print stability issues; Floating object part; Loose extrusions; Low bed adhesion; Repaired; WARNING,,8391106.0,468.0,0.0,2h 49m 18s,169.3,14.48,4856.31,P1_no_supports
771,s3_gap_bridge__gap_1.2mm,meshes/s3_gap_bridge__gap_1.2mm/case_outputs/771__s3_gap_bridge__gap_1.2mm/segmentation_repaired.stl,2995284,7.69,0,True,True,8,Consider enabling brim; Consider enabling supports; Detected print stability issues; Floating object part; Loose extrusions; Low bed adhesion; Repaired; WARNING,,4930842.0,429.0,0.0,1h 40m 44s,100.73333333333332,8.45,2832.41,P1_no_supports
772,s3_gap_bridge__gap_1.2mm,meshes/s3_gap_bridge__gap_1.2mm/case_outputs/772__s3_gap_bridge__gap_1.2mm/segmentation_repaired.stl,3243784,8.23,0,True,True,8,Consider enabling brim; Consider enabling supports; Detected print stability issues; Floating object part; Loose extrusions; Low bed adhesion; Repaired; WARNING,,5393294.0,434.0,0.0,1h 44m 8s,104.13333333333334,8.94,2997.4,P1_no_supports
773,s3_gap_bridge__gap_1.2mm,meshes/s3_gap_bridge__gap_1.2mm/case_outputs/773__s3_gap_bridge__gap_1.2mm/segmentation_repaired.stl,2774484,6.91,0,True,True,8,Consider enabling brim; Consider enabling supports; Detected print stability issues; Floating object part; Loose extrusions; Low bed adhesion; Repaired; WARNING,,4725277.0,543.0,0.0,1h 40m 54s,100.9,7.59,2544.44,P1_no_supports
774,s3_gap_bridge__gap_1.2mm,meshes/s3_gap_bridge__gap_1.2mm/case_outputs/774__s3_gap_bridge__gap_1.2mm/segmentation_repaired.stl,2797084,7.39,0,True,True,8,Consider enabling brim; Consider enabling supports; Detected print stability issues; Floating object part; Loose extrusions; Low bed adhesion; Repaired; WARNING,,4713751.0,501.0,0.0,1h 41m 31s,101.51666666666668,7.96,2669.46,P1_no_supports
775,s3_gap_bridge__gap_1.2mm,meshes/s3_gap_bridge__gap_1.2mm/case_outputs/775__s3_gap_bridge__gap_1.2mm/segmentation_repaired.stl,2423284,6.64,0,True,True,8,Consider enabling brim; Consider enabling supports; Detected print stability issues; Floating object part; Loose extrusions; Low bed adhesion; Repaired; WARNING,,3967848.0,423.0,0.0,1h 18m 50s,78.83333333333333,6.66,2233.18,P1_no_supports
776,s3_gap_bridge__gap_1.2mm,meshes/s3_gap_bridge__gap_1.2mm/case_outputs/776__s3_gap_bridge__gap_1.2mm/segmentation_repaired.stl,3435084,7.93,0,True,True,8,Consider enabling brim; Consider enabling supports; Detected print stability issues; Floating object part; Loose extrusions; Low bed adhesion; Repaired; WARNING,,5640417.0,441.0,0.0,1h 57m 53s,117.88333333333334,9.05,3033.87,P1_no_supports
777,s3_gap_bridge__gap_1.2mm,meshes/s3_gap_bridge__gap_1.2mm/case_outputs/777__s3_gap_bridge__gap_1.2mm/segmentation_repaired.stl,2811384,7.75,0,True,True,8,Consider enabling brim; Consider enabling supports; Detected print stability issues; Floating object part; Loose extrusions; Low bed adhesion; Repaired; WARNING,,4690336.0,459.0,0.0,1h 37m 0s,97.0,7.3,2447.76,P1_no_supports
778,s3_gap_bridge__gap_1.2mm,meshes/s3_gap_bridge__gap_1.2mm/case_outputs/778__s3_gap_bridge__gap_1.2mm/segmentation_repaired.stl,2813484,7.39,0,True,True,8,Consider enabling brim; Consider enabling supports; Detected print stability issues; Floating object part; Loose extrusions; Low bed adhesion; Repaired; WARNING,,4680786.0,462.0,0.0,1h 38m 11s,98.18333333333334,7.53,2525.98,P1_no_supports
779,s3_gap_bridge__gap_1.2mm,meshes/s3_gap_bridge__gap_1.2mm/case_outputs/779__s3_gap_bridge__gap_1.2mm/segmentation_repaired.stl,3549684,7.67,1,False,False,8,Consider enabling brim; Consider enabling supports; Detected print stability issues; Floating object part; Loose extrusions; Low bed adhesion; Repaired; WARNING,There is an object with no extrusions in the first layer. | Object name: segmentation_repaired.stl,,,,,,,,P1_no_supports
780,s3_gap_bridge__gap_1.2mm,meshes/s3_gap_bridge__gap_1.2mm/case_outputs/780__s3_gap_bridge__gap_1.2mm/segmentation_repaired.stl,3986184,10.19,0,True,True,8,Consider enabling brim; Consider enabling supports; Detected print stability issues; Floating object part; Loose extrusions; Low bed adhesion; Repaired; WARNING,,6589936.0,432.0,0.0,2h 13m 37s,133.61666666666667,11.11,3724.89,P1_no_supports
781,s3_gap_bridge__gap_1.2mm,meshes/s3_gap_bridge__gap_1.2mm/case_outputs/781__s3_gap_bridge__gap_1.2mm/segmentation_repaired.stl,2714084,6.46,0,True,True,8,Consider enabling brim; Consider enabling supports; Detected print stability issues; Floating object part; Loose extrusions; Low bed adhesion; Repaired; WARNING,,4304687.0,375.0,0.0,1h 29m 7s,89.11666666666666,7.02,2354.13,P1_no_supports
782,s3_gap_bridge__gap_1.2mm,meshes/s3_gap_bridge__gap_1.2mm/case_outputs/782__s3_gap_bridge__gap_1.2mm/segmentation_repaired.stl,3871484,8.79,0,True,True,8,Consider enabling brim; Consider enabling supports; Detected print stability issues; Floating object part; Loose extrusions; Low bed adhesion; Repaired; WARNING,,6373691.0,462.0,0.0,2h 11m 9s,131.15,10.98,3680.91,P1_no_supports
783,s3_gap_bridge__gap_1.2mm,meshes/s3_gap_bridge__gap_1.2mm/case_outputs/783__s3_gap_bridge__gap_1.2mm/segmentation_repaired.stl,2587584,7.03,0,True,True,8,Consider enabling brim; Consider enabling supports; Detected print stability issues; Floating object part; Loose extrusions; Low bed adhesion; Repaired; WARNING,,4299047.0,411.0,0.0,1h 25m 18s,85.3,7.05,2363.63,P1_no_supports
784,s3_gap_bridge__gap_1.2mm,meshes/s3_gap_bridge__gap_1.2mm/case_outputs/784__s3_gap_bridge__gap_1.2mm/segmentation_repaired.stl,2637484,6.41,1,False,False,8,Consider enabling brim; Consider enabling supports; Detected print stability issues; Floating object part; Loose extrusions; Low bed adhesion; Repaired; WARNING,There is an object with no extrusions in the first layer. | Object name: segmentation_repaired.stl,,,,,,,,P1_no_supports
785,s3_gap_bridge__gap_1.2mm,meshes/s3_gap_bridge__gap_1.2mm/case_outputs/785__s3_gap_bridge__gap_1.2mm/segmentation_repaired.stl,1904884,4.54,1,False,False,8,Consider enabling brim; Consider enabling supports; Detected print stability issues; Floating object part; Loose extrusions; Low bed adhesion; Repaired; WARNING,There is an object with no extrusions in the first layer. | Object name: segmentation_repaired.stl,,,,,,,,P1_no_supports
786,s3_gap_bridge__gap_1.2mm,meshes/s3_gap_bridge__gap_1.2mm/case_outputs/786__s3_gap_bridge__gap_1.2mm/segmentation_repaired.stl,2806884,7.61,0,True,True,8,Consider enabling brim; Consider enabling supports; Detected print stability issues; Floating object part; Loose extrusions; Low bed adhesion; Repaired; WARNING,,4750419.0,419.0,0.0,1h 35m 31s,95.51666666666668,8.08,2709.96,P1_no_supports
787,s3_gap_bridge__gap_1.2mm,meshes/s3_gap_bridge__gap_1.2mm/case_outputs/787__s3_gap_bridge__gap_1.2mm/segmentation_repaired.stl,2584284,5.66,1,False,False,8,Consider enabling brim; Consider enabling supports; Detected print stability issues; Floating object part; Loose extrusions; Low bed adhesion; Repaired; WARNING,There is an object with no extrusions in the first layer. | Object name: segmentation_repaired.stl,,,,,,,,P1_no_supports
788,s3_gap_bridge__gap_1.2mm,meshes/s3_gap_bridge__gap_1.2mm/case_outputs/788__s3_gap_bridge__gap_1.2mm/segmentation_repaired.stl,3885884,8.66,1,False,False,8,Consider enabling brim; Consider enabling supports; Detected print stability issues; Floating object part; Loose extrusions; Low bed adhesion; Repaired; WARNING,There is an object with no extrusions in the first layer. | Object name: segmentation_repaired.stl,,,,,,,,P1_no_supports
789,s3_gap_bridge__gap_1.2mm,meshes/s3_gap_bridge__gap_1.2mm/case_outputs/789__s3_gap_bridge__gap_1.2mm/segmentation_repaired.stl,3206084,7.79,0,True,True,8,Consider enabling brim; Consider enabling supports; Detected print stability issues; Floating object part; Loose extrusions; Low bed adhesion; Repaired; WARNING,,5281928.0,503.0,0.0,1h 51m 44s,111.73333333333332,8.94,2996.12,P1_no_supports
790,s3_gap_bridge__gap_1.2mm,meshes/s3_gap_bridge__gap_1.2mm/case_outputs/790__s3_gap_bridge__gap_1.2mm/segmentation_repaired.stl,3118684,7.77,0,True,True,8,Consider enabling brim; Consider enabling supports; Detected print stability issues; Floating object part; Loose extrusions; Low bed adhesion; Repaired; WARNING,,5225987.0,585.0,0.0,1h 52m 32s,112.53333333333332,8.38,2811.05,P1_no_supports
791,s3_gap_bridge__gap_1.2mm,meshes/s3_gap_bridge__gap_1.2mm/case_outputs/791__s3_gap_bridge__gap_1.2mm/segmentation_repaired.stl,4213684,10.01,0,True,True,8,Consider enabling brim; Consider enabling supports; Detected print stability issues; Floating object part; Loose extrusions; Low bed adhesion; Repaired; WARNING,,7033581.0,444.0,0.0,2h 16m 15s,136.25,11.62,3897.13,P1_no_supports
792,s3_gap_bridge__gap_1.2mm,meshes/s3_gap_bridge__gap_1.2mm/case_outputs/792__s3_gap_bridge__gap_1.2mm/segmentation_repaired.stl,2444384,6.13,0,True,True,8,Consider enabling brim; Consider enabling supports; Detected print stability issues; Floating object part; Loose extrusions; Low bed adhesion; Repaired; WARNING,,4067558.0,426.0,0.0,1h 28m 36s,88.6,6.97,2336.1,P1_no_supports
793,s3_gap_bridge__gap_1.2mm,meshes/s3_gap_bridge__gap_1.2mm/case_outputs/793__s3_gap_bridge__gap_1.2mm/segmentation_repaired.stl,2126484,4.99,0,True,True,8,Consider enabling brim; Consider enabling supports; Detected print stability issues; Floating object part; Loose extrusions; Low bed adhesion; Repaired; WARNING,,3526188.0,414.0,0.0,1h 10m 31s,70.51666666666667,5.73,1922.84,P1_no_supports
794,s3_gap_bridge__gap_1.2mm,meshes/s3_gap_bridge__gap_1.2mm/case_outputs/794__s3_gap_bridge__gap_1.2mm/segmentation_repaired.stl,4390684,10.09,0,True,True,8,Consider enabling brim; Consider enabling supports; Detected print stability issues; Floating object part; Loose extrusions; Low bed adhesion; Repaired; WARNING,,7287447.0,492.0,0.0,2h 27m 52s,147.86666666666667,13.25,4443.41,P1_no_supports
795,s3_gap_bridge__gap_1.2mm,meshes/s3_gap_bridge__gap_1.2mm/case_outputs/795__s3_gap_bridge__gap_1.2mm/segmentation_repaired.stl,2565384,6.29,0,True,True,8,Consider enabling brim; Consider enabling supports; Detected print stability issues; Floating object part; Loose extrusions; Low bed adhesion; Repaired; WARNING,,4117334.0,447.0,0.0,1h 24m 45s,84.75,6.79,2275.4,P1_no_supports
796,s3_gap_bridge__gap_1.2mm,meshes/s3_gap_bridge__gap_1.2mm/case_outputs/796__s3_gap_bridge__gap_1.2mm/segmentation_repaired.stl,3018284,7.2,0,True,True,8,Consider enabling brim; Consider enabling supports; Detected print stability issues; Floating object part; Loose extrusions; Low bed adhesion; Repaired; WARNING,,4906554.0,474.0,0.0,1h 46m 17s,106.28333333333332,8.44,2829.5,P1_no_supports
797,s3_gap_bridge__gap_1.2mm,meshes/s3_gap_bridge__gap_1.2mm/case_outputs/797__s3_gap_bridge__gap_1.2mm/segmentation_repaired.stl,3141084,7.73,0,True,True,8,Consider enabling brim; Consider enabling supports; Detected print stability issues; Floating object part; Loose extrusions; Low bed adhesion; Repaired; WARNING,,5197152.0,435.0,0.0,1h 45m 11s,105.18333333333334,7.97,2671.69,P1_no_supports
798,s3_gap_bridge__gap_1.2mm,meshes/s3_gap_bridge__gap_1.2mm/case_outputs/798__s3_gap_bridge__gap_1.2mm/segmentation_repaired.stl,4234784,10.04,0,True,True,8,Consider enabling brim; Consider enabling supports; Detected print stability issues; Floating object part; Loose extrusions; Low bed adhesion; Repaired; WARNING,,6780057.0,527.0,0.0,2h 19m 27s,139.45,11.44,3836.84,P1_no_supports
799,s3_gap_bridge__gap_1.2mm,meshes/s3_gap_bridge__gap_1.2mm/case_outputs/799__s3_gap_bridge__gap_1.2mm/segmentation_repaired.stl,3660984,8.04,1,False,False,8,Consider enabling brim; Consider enabling supports; Detected print stability issues; Floating object part; Loose extrusions; Low bed adhesion; Repaired; WARNING,There is an object with no extrusions in the first layer. | Object name: segmentation_repaired.stl,,,,,,,,P1_no_supports
800,s3_gap_bridge__gap_1.2mm,meshes/s3_gap_bridge__gap_1.2mm/case_outputs/800__s3_gap_bridge__gap_1.2mm/segmentation_repaired.stl,4122084,9.82,0,True,True,8,Consider enabling brim; Consider enabling supports; Detected print stability issues; Floating object part; Loose extrusions; Low bed adhesion; Repaired; WARNING,,7027107.0,483.0,0.0,2h 23m 13s,143.21666666666667,12.03,4034.1,P1_no_supports
801,s3_gap_bridge__gap_1.2mm,meshes/s3_gap_bridge__gap_1.2mm/case_outputs/801__s3_gap_bridge__gap_1.2mm/segmentation_repaired.stl,3946284,9.46,0,True,True,8,Consider enabling brim; Consider enabling supports; Detected print stability issues; Floating object part; Loose extrusions; Low bed adhesion; Repaired; WARNING,,6503384.0,393.0,0.0,2h 8m 17s,128.28333333333333,10.72,3594.51,P1_no_supports
802,s3_gap_bridge__gap_1.2mm,meshes/s3_gap_bridge__gap_1.2mm/case_outputs/802__s3_gap_bridge__gap_1.2mm/segmentation_repaired.stl,2660684,6.92,0,True,True,8,Consider enabling brim; Consider enabling supports; Detected print stability issues; Floating object part; Loose extrusions; Low bed adhesion; Repaired; WARNING,,4555625.0,435.0,0.0,1h 34m 27s,94.45,7.61,2550.61,P1_no_supports
803,s3_gap_bridge__gap_1.2mm,meshes/s3_gap_bridge__gap_1.2mm/case_outputs/803__s3_gap_bridge__gap_1.2mm/segmentation_repaired.stl,3361784,8.04,0,True,True,8,Consider enabling brim; Consider enabling supports; Detected print stability issues; Floating object part; Loose extrusions; Low bed adhesion; Repaired; WARNING,,5605939.0,525.0,0.0,2h 2m 11s,122.18333333333334,8.99,3013.91,P1_no_supports
804,s3_gap_bridge__gap_1.2mm,meshes/s3_gap_bridge__gap_1.2mm/case_outputs/804__s3_gap_bridge__gap_1.2mm/segmentation_repaired.stl,2520184,5.75,0,True,True,8,Consider enabling brim; Consider enabling supports; Detected print stability issues; Floating object part; Loose extrusions; Low bed adhesion; Repaired; WARNING,,4085575.0,435.0,0.0,1h 29m 19s,89.31666666666666,7.42,2488.4,P1_no_supports
805,s3_gap_bridge__gap_1.2mm,meshes/s3_gap_bridge__gap_1.2mm/case_outputs/805__s3_gap_bridge__gap_1.2mm/segmentation_repaired.stl,3502684,8.32,0,True,True,8,Consider enabling brim; Consider enabling supports; Detected print stability issues; Floating object part; Loose extrusions; Low bed adhesion; Repaired; WARNING,,5799531.0,465.0,0.0,1h 55m 15s,115.25,8.84,2964.74,P1_no_supports
806,s3_gap_bridge__gap_1.2mm,meshes/s3_gap_bridge__gap_1.2mm/case_outputs/806__s3_gap_bridge__gap_1.2mm/segmentation_repaired.stl,3326284,7.77,1,False,False,8,Consider enabling brim; Consider enabling supports; Detected print stability issues; Floating object part; Loose extrusions; Low bed adhesion; Repaired; WARNING,There is an object with no extrusions in the first layer. | Object name: segmentation_repaired.stl,,,,,,,,P1_no_supports
807,s3_gap_bridge__gap_1.2mm,meshes/s3_gap_bridge__gap_1.2mm/case_outputs/807__s3_gap_bridge__gap_1.2mm/segmentation_repaired.stl,3504184,8.32,0,True,True,8,Consider enabling brim; Consider enabling supports; Detected print stability issues; Floating object part; Loose extrusions; Low bed adhesion; Repaired; WARNING,,6010936.0,468.0,0.0,2h 5m 35s,125.58333333333331,10.28,3446.69,P1_no_supports
808,s3_gap_bridge__gap_1.2mm,meshes/s3_gap_bridge__gap_1.2mm/case_outputs/808__s3_gap_bridge__gap_1.2mm/segmentation_repaired.stl,3245784,7.84,0,True,True,8,Consider enabling brim; Consider enabling supports; Detected print stability issues; Floating object part; Loose extrusions; Low bed adhesion; Repaired; WARNING,,5122924.0,411.0,0.0,1h 46m 17s,106.28333333333332,9.2,3086.08,P1_no_supports
809,s3_gap_bridge__gap_1.2mm,meshes/s3_gap_bridge__gap_1.2mm/case_outputs/809__s3_gap_bridge__gap_1.2mm/segmentation_repaired.stl,834084,2.11,0,True,True,8,Consider enabling brim; Consider enabling supports; Detected print stability issues; Floating object part; Loose extrusions; Low bed adhesion; Repaired; WARNING,,1220306.0,273.0,0.0,27m 22s,27.366666666666667,2.3,772.75,P1_no_supports
810,s3_gap_bridge__gap_1.2mm,meshes/s3_gap_bridge__gap_1.2mm/case_outputs/810__s3_gap_bridge__gap_1.2mm/segmentation_repaired.stl,3094484,7.05,0,True,True,8,Consider enabling brim; Consider enabling supports; Detected print stability issues; Floating object part; Loose extrusions; Low bed adhesion; Repaired; WARNING,,5037102.0,522.0,0.0,1h 45m 58s,105.96666666666668,8.45,2833.66,P1_no_supports
811,s3_gap_bridge__gap_1.2mm,meshes/s3_gap_bridge__gap_1.2mm/case_outputs/811__s3_gap_bridge__gap_1.2mm/segmentation_repaired.stl,2810684,7.17,0,True,True,8,Consider enabling brim; Consider enabling supports; Detected print stability issues; Floating object part; Loose extrusions; Low bed adhesion; Repaired; WARNING,,4714041.0,393.0,0.0,1h 42m 26s,102.43333333333334,8.41,2820.94,P1_no_supports
812,s3_gap_bridge__gap_1.2mm,meshes/s3_gap_bridge__gap_1.2mm/case_outputs/812__s3_gap_bridge__gap_1.2mm/segmentation_repaired.stl,4049484,9.04,0,True,True,8,Consider enabling brim; Consider enabling supports; Detected print stability issues; Floating object part; Loose extrusions; Low bed adhesion; Repaired; WARNING,,6314532.0,402.0,0.0,2h 11m 50s,131.83333333333334,11.75,3938.98,P1_no_supports
813,s3_gap_bridge__gap_1.2mm,meshes/s3_gap_bridge__gap_1.2mm/case_outputs/813__s3_gap_bridge__gap_1.2mm/segmentation_repaired.stl,2368084,6.0,0,True,True,8,Consider enabling brim; Consider enabling supports; Detected print stability issues; Floating object part; Loose extrusions; Low bed adhesion; Repaired; WARNING,,3845622.0,441.0,0.0,1h 23m 37s,83.61666666666666,6.48,2171.92,P1_no_supports
814,s3_gap_bridge__gap_1.2mm,meshes/s3_gap_bridge__gap_1.2mm/case_outputs/814__s3_gap_bridge__gap_1.2mm/segmentation_repaired.stl,3909184,9.08,0,True,True,8,Consider enabling brim; Consider enabling supports; Detected print stability issues; Floating object part; Loose extrusions; Low bed adhesion; Repaired; WARNING,,6448045.0,441.0,0.0,2h 10m 47s,130.78333333333333,11.55,3872.39,P1_no_supports
815,s3_gap_bridge__gap_1.2mm,meshes/s3_gap_bridge__gap_1.2mm/case_outputs/815__s3_gap_bridge__gap_1.2mm/segmentation_repaired.stl,4008184,9.66,0,True,True,8,Consider enabling brim; Consider enabling supports; Detected print stability issues; Floating object part; Loose extrusions; Low bed adhesion; Repaired; WARNING,,6637805.0,528.0,0.0,2h 24m 22s,144.36666666666667,12.03,4033.78,P1_no_supports
816,s3_gap_bridge__gap_1.2mm,meshes/s3_gap_bridge__gap_1.2mm/case_outputs/816__s3_gap_bridge__gap_1.2mm/segmentation_repaired.stl,2276784,5.48,0,True,True,8,Consider enabling brim; Consider enabling supports; Detected print stability issues; Floating object part; Loose extrusions; Low bed adhesion; Repaired; WARNING,,3846278.0,489.0,0.0,1h 24m 30s,84.5,6.3,2111.93,P1_no_supports
817,s3_gap_bridge__gap_1.2mm,meshes/s3_gap_bridge__gap_1.2mm/case_outputs/817__s3_gap_bridge__gap_1.2mm/segmentation_repaired.stl,3304484,8.25,0,True,True,8,Consider enabling brim; Consider enabling supports; Detected print stability issues; Floating object part; Loose extrusions; Low bed adhesion; Repaired; WARNING,,5474636.0,408.0,0.0,1h 55m 25s,115.41666666666669,9.27,3109.17,P1_no_supports
818,s3_gap_bridge__gap_1.2mm,meshes/s3_gap_bridge__gap_1.2mm/case_outputs/818__s3_gap_bridge__gap_1.2mm/segmentation_repaired.stl,2804684,6.72,0,True,True,8,Consider enabling brim; Consider enabling supports; Detected print stability issues; Floating object part; Loose extrusions; Low bed adhesion; Repaired; WARNING,,4797226.0,447.0,0.0,1h 48m 28s,108.46666666666668,8.71,2918.72,P1_no_supports
819,s3_gap_bridge__gap_1.2mm,meshes/s3_gap_bridge__gap_1.2mm/case_outputs/819__s3_gap_bridge__gap_1.2mm/segmentation_repaired.stl,3622284,8.49,0,True,True,8,Consider enabling brim; Consider enabling supports; Detected print stability issues; Floating object part; Loose extrusions; Low bed adhesion; Repaired; WARNING,,6104545.0,420.0,0.0,2h 5m 39s,125.65,11.43,3830.65,P1_no_supports
820,s3_gap_bridge__gap_1.2mm,meshes/s3_gap_bridge__gap_1.2mm/case_outputs/820__s3_gap_bridge__gap_1.2mm/segmentation_repaired.stl,2896084,6.97,0,True,True,8,Consider enabling brim; Consider enabling supports; Detected print stability issues; Floating object part; Loose extrusions; Low bed adhesion; Repaired; WARNING,,4691078.0,420.0,0.0,1h 33m 44s,93.73333333333332,8.13,2724.5,P1_no_supports
821,s3_gap_bridge__gap_1.2mm,meshes/s3_gap_bridge__gap_1.2mm/case_outputs/821__s3_gap_bridge__gap_1.2mm/segmentation_repaired.stl,2294684,5.55,0,True,True,8,Consider enabling brim; Consider enabling supports; Detected print stability issues; Floating object part; Loose extrusions; Low bed adhesion; Repaired; WARNING,,4039831.0,537.0,0.0,1h 26m 40s,86.66666666666667,7.03,2358.44,P1_no_supports
822,s3_gap_bridge__gap_1.2mm,meshes/s3_gap_bridge__gap_1.2mm/case_outputs/822__s3_gap_bridge__gap_1.2mm/segmentation_repaired.stl,4062284,9.93,0,True,True,8,Consider enabling brim; Consider enabling supports; Detected print stability issues; Floating object part; Loose extrusions; Low bed adhesion; Repaired; WARNING,,6883841.0,453.0,0.0,2h 19m 41s,139.68333333333334,11.89,3985.26,P1_no_supports
823,s3_gap_bridge__gap_1.2mm,meshes/s3_gap_bridge__gap_1.2mm/case_outputs/823__s3_gap_bridge__gap_1.2mm/segmentation_repaired.stl,2980084,6.82,0,True,True,8,Consider enabling brim; Consider enabling supports; Detected print stability issues; Floating object part; Loose extrusions; Low bed adhesion; Repaired; WARNING,,4964623.0,399.0,0.0,1h 43m 27s,103.45,8.4,2815.46,P1_no_supports
824,s3_gap_bridge__gap_1.2mm,meshes/s3_gap_bridge__gap_1.2mm/case_outputs/824__s3_gap_bridge__gap_1.2mm/segmentation_repaired.stl,2446484,5.85,0,True,True,8,Consider enabling brim; Consider enabling supports; Detected print stability issues; Floating object part; Loose extrusions; Low bed adhesion; Repaired; WARNING,,4019308.0,468.0,0.0,1h 28m 7s,88.11666666666666,6.79,2276.0,P1_no_supports
825,s3_gap_bridge__gap_1.2mm,meshes/s3_gap_bridge__gap_1.2mm/case_outputs/825__s3_gap_bridge__gap_1.2mm/segmentation_repaired.stl,2709584,6.42,0,True,True,8,Consider enabling brim; Consider enabling supports; Detected print stability issues; Floating object part; Loose extrusions; Low bed adhesion; Repaired; WARNING,,4524425.0,393.0,0.0,1h 33m 21s,93.35,7.77,2603.67,P1_no_supports
826,s3_gap_bridge__gap_1.2mm,meshes/s3_gap_bridge__gap_1.2mm/case_outputs/826__s3_gap_bridge__gap_1.2mm/segmentation_repaired.stl,4683284,11.06,0,True,True,8,Consider enabling brim; Consider enabling supports; Detected print stability issues; Floating object part; Loose extrusions; Low bed adhesion; Repaired; WARNING,,7689087.0,417.0,0.0,2h 35m 31s,155.51666666666668,13.18,4419.0,P1_no_supports
827,s3_gap_bridge__gap_1.2mm,meshes/s3_gap_bridge__gap_1.2mm/case_outputs/827__s3_gap_bridge__gap_1.2mm/segmentation_repaired.stl,3453284,8.77,0,True,True,8,Consider enabling brim; Consider enabling supports; Detected print stability issues; Floating object part; Loose extrusions; Low bed adhesion; Repaired; WARNING,,5780604.0,525.0,0.0,2h 2m 41s,122.68333333333334,9.4,3152.1,P1_no_supports
828,s3_gap_bridge__gap_1.2mm,meshes/s3_gap_bridge__gap_1.2mm/case_outputs/828__s3_gap_bridge__gap_1.2mm/segmentation_repaired.stl,4063684,9.68,0,True,True,8,Consider enabling brim; Consider enabling supports; Detected print stability issues; Floating object part; Loose extrusions; Low bed adhesion; Repaired; WARNING,,6616807.0,438.0,0.0,2h 13m 19s,133.31666666666666,11.43,3830.71,P1_no_supports
829,s3_gap_bridge__gap_1.2mm,meshes/s3_gap_bridge__gap_1.2mm/case_outputs/829__s3_gap_bridge__gap_1.2mm/segmentation_repaired.stl,3944984,9.48,0,True,True,8,Consider enabling brim; Consider enabling supports; Detected print stability issues; Floating object part; Loose extrusions; Low bed adhesion; Repaired; WARNING,,6354285.0,417.0,0.0,2h 10m 33s,130.55,10.82,3627.59,P1_no_supports
830,s3_gap_bridge__gap_1.2mm,meshes/s3_gap_bridge__gap_1.2mm/case_outputs/830__s3_gap_bridge__gap_1.2mm/segmentation_repaired.stl,2834584,7.28,0,True,True,8,Consider enabling brim; Consider enabling supports; Detected print stability issues; Floating object part; Loose extrusions; Low bed adhesion; Repaired; WARNING,,4624894.0,429.0,0.0,1h 37m 37s,97.61666666666666,7.84,2627.99,P1_no_supports
831,s3_gap_bridge__gap_1.2mm,meshes/s3_gap_bridge__gap_1.2mm/case_outputs/831__s3_gap_bridge__gap_1.2mm/segmentation_repaired.stl,3643384,8.8,0,True,True,8,Consider enabling brim; Consider enabling supports; Detected print stability issues; Floating object part; Loose extrusions; Low bed adhesion; Repaired; WARNING,,5915848.0,519.0,0.0,2h 9m 52s,129.86666666666667,11.09,3717.71,P1_no_supports
832,s3_gap_bridge__gap_1.2mm,meshes/s3_gap_bridge__gap_1.2mm/case_outputs/832__s3_gap_bridge__gap_1.2mm/segmentation_repaired.stl,3802084,8.83,0,True,True,8,Consider enabling brim; Consider enabling supports; Detected print stability issues; Floating object part; Loose extrusions; Low bed adhesion; Repaired; WARNING,,6335897.0,444.0,0.0,2h 7m 39s,127.65,11.1,3722.42,P1_no_supports
833,s3_gap_bridge__gap_1.2mm,meshes/s3_gap_bridge__gap_1.2mm/case_outputs/833__s3_gap_bridge__gap_1.2mm/segmentation_repaired.stl,3094284,7.69,0,True,True,8,Consider enabling brim; Consider enabling supports; Detected print stability issues; Floating object part; Loose extrusions; Low bed adhesion; Repaired; WARNING,,5117350.0,411.0,0.0,1h 46m 24s,106.4,8.88,2977.45,P1_no_supports
834,s3_gap_bridge__gap_1.2mm,meshes/s3_gap_bridge__gap_1.2mm/case_outputs/834__s3_gap_bridge__gap_1.2mm/segmentation_repaired.stl,3744984,8.9,0,True,True,8,Consider enabling brim; Consider enabling supports; Detected print stability issues; Floating object part; Loose extrusions; Low bed adhesion; Repaired; WARNING,,6239840.0,462.0,0.0,2h 8m 58s,128.96666666666667,10.51,3524.04,P1_no_supports
835,s3_gap_bridge__gap_1.2mm,meshes/s3_gap_bridge__gap_1.2mm/case_outputs/835__s3_gap_bridge__gap_1.2mm/segmentation_repaired.stl,2642184,6.6,0,True,True,8,Consider enabling brim; Consider enabling supports; Detected print stability issues; Floating object part; Loose extrusions; Low bed adhesion; Repaired; WARNING,,4498648.0,420.0,0.0,1h 32m 34s,92.56666666666666,7.76,2603.42,P1_no_supports
836,s3_gap_bridge__gap_1.2mm,meshes/s3_gap_bridge__gap_1.2mm/case_outputs/836__s3_gap_bridge__gap_1.2mm/segmentation_repaired.stl,2428084,6.13,0,True,True,8,Consider enabling brim; Consider enabling supports; Detected print stability issues; Floating object part; Loose extrusions; Low bed adhesion; Repaired; WARNING,,4123837.0,402.0,0.0,1h 28m 26s,88.43333333333334,6.99,2342.37,P1_no_supports
837,s3_gap_bridge__gap_1.2mm,meshes/s3_gap_bridge__gap_1.2mm/case_outputs/837__s3_gap_bridge__gap_1.2mm/segmentation_repaired.stl,3522484,8.26,0,True,True,8,Consider enabling brim; Consider enabling supports; Detected print stability issues; Floating object part; Loose extrusions; Low bed adhesion; Repaired; WARNING,,5928183.0,432.0,0.0,2h 0m 1s,120.01666666666668,10.19,3417.24,P1_no_supports
838,s3_gap_bridge__gap_1.2mm,meshes/s3_gap_bridge__gap_1.2mm/case_outputs/838__s3_gap_bridge__gap_1.2mm/segmentation_repaired.stl,3063384,6.86,1,False,False,8,Consider enabling brim; Consider enabling supports; Detected print stability issues; Floating object part; Loose extrusions; Low bed adhesion; Repaired; WARNING,There is an object with no extrusions in the first layer. | Object name: segmentation_repaired.stl,,,,,,,,P1_no_supports
839,s3_gap_bridge__gap_1.2mm,meshes/s3_gap_bridge__gap_1.2mm/case_outputs/839__s3_gap_bridge__gap_1.2mm/segmentation_repaired.stl,2850284,6.9,0,True,True,8,Consider enabling brim; Consider enabling supports; Detected print stability issues; Floating object part; Loose extrusions; Low bed adhesion; Repaired; WARNING,,4662420.0,495.0,0.0,1h 40m 19s,100.31666666666666,7.81,2618.45,P1_no_supports
840,s3_gap_bridge__gap_1.2mm,meshes/s3_gap_bridge__gap_1.2mm/case_outputs/840__s3_gap_bridge__gap_1.2mm/segmentation_repaired.stl,3284484,7.75,0,True,True,8,Consider enabling brim; Consider enabling supports; Detected print stability issues; Floating object part; Loose extrusions; Low bed adhesion; Repaired; WARNING,,5479037.0,435.0,0.0,1h 52m 17s,112.28333333333332,9.19,3079.58,P1_no_supports
841,s3_gap_bridge__gap_1.2mm,meshes/s3_gap_bridge__gap_1.2mm/case_outputs/841__s3_gap_bridge__gap_1.2mm/segmentation_repaired.stl,2348284,6.16,0,True,True,8,Consider enabling brim; Consider enabling supports; Detected print stability issues; Floating object part; Loose extrusions; Low bed adhesion; Repaired; WARNING,,3951494.0,414.0,0.0,1h 22m 15s,82.25,6.57,2202.68,P1_no_supports
842,s3_gap_bridge__gap_1.2mm,meshes/s3_gap_bridge__gap_1.2mm/case_outputs/842__s3_gap_bridge__gap_1.2mm/segmentation_repaired.stl,3233684,7.97,0,True,True,8,Consider enabling brim; Consider enabling supports; Detected print stability issues; Floating object part; Loose extrusions; Low bed adhesion; Repaired; WARNING,,5451546.0,480.0,0.0,1h 53m 54s,113.9,8.73,2927.06,P1_no_supports
843,s3_gap_bridge__gap_1.2mm,meshes/s3_gap_bridge__gap_1.2mm/case_outputs/843__s3_gap_bridge__gap_1.2mm/segmentation_repaired.stl,2533484,6.44,0,True,True,8,Consider enabling brim; Consider enabling supports; Detected print stability issues; Floating object part; Loose extrusions; Low bed adhesion; Repaired; WARNING,,4252750.0,384.0,0.0,1h 29m 15s,89.25,7.75,2597.86,P1_no_supports
844,s3_gap_bridge__gap_1.2mm,meshes/s3_gap_bridge__gap_1.2mm/case_outputs/844__s3_gap_bridge__gap_1.2mm/segmentation_repaired.stl,2964084,6.7,0,True,True,8,Consider enabling brim; Consider enabling supports; Detected print stability issues; Floating object part; Loose extrusions; Low bed adhesion; Repaired; WARNING,,4685600.0,444.0,0.0,1h 39m 25s,99.41666666666669,8.55,2866.39,P1_no_supports
845,s3_gap_bridge__gap_1.2mm,meshes/s3_gap_bridge__gap_1.2mm/case_outputs/845__s3_gap_bridge__gap_1.2mm/segmentation_repaired.stl,3492084,9.24,0,True,True,8,Consider enabling brim; Consider enabling supports; Detected print stability issues; Floating object part; Loose extrusions; Low bed adhesion; Repaired; WARNING,,5989193.0,592.0,0.0,2h 7m 29s,127.48333333333332,9.51,3187.53,P1_no_supports
846,s3_gap_bridge__gap_1.2mm,meshes/s3_gap_bridge__gap_1.2mm/case_outputs/846__s3_gap_bridge__gap_1.2mm/segmentation_repaired.stl,2885384,5.77,1,False,False,8,Consider enabling brim; Consider enabling supports; Detected print stability issues; Floating object part; Loose extrusions; Low bed adhesion; Repaired; WARNING,There is an object with no extrusions in the first layer. | Object name: segmentation_repaired.stl,,,,,,,,P1_no_supports
847,s3_gap_bridge__gap_1.2mm,meshes/s3_gap_bridge__gap_1.2mm/case_outputs/847__s3_gap_bridge__gap_1.2mm/segmentation_repaired.stl,2849884,6.99,0,True,True,8,Consider enabling brim; Consider enabling supports; Detected print stability issues; Floating object part; Loose extrusions; Low bed adhesion; Repaired; WARNING,,4779918.0,510.0,0.0,1h 43m 59s,103.98333333333332,8.01,2685.28,P1_no_supports
848,s3_gap_bridge__gap_1.2mm,meshes/s3_gap_bridge__gap_1.2mm/case_outputs/848__s3_gap_bridge__gap_1.2mm/segmentation_repaired.stl,1791884,4.49,0,True,True,8,Consider enabling brim; Consider enabling supports; Detected print stability issues; Floating object part; Loose extrusions; Low bed adhesion; Repaired; WARNING,,3000262.0,363.0,0.0,1h 5m 1s,65.01666666666667,5.02,1684.58,P1_no_supports
849,s3_gap_bridge__gap_1.2mm,meshes/s3_gap_bridge__gap_1.2mm/case_outputs/849__s3_gap_bridge__gap_1.2mm/segmentation_repaired.stl,4117484,9.51,0,True,True,8,Consider enabling brim; Consider enabling supports; Detected print stability issues; Floating object part; Loose extrusions; Low bed adhesion; Repaired; WARNING,,6933881.0,462.0,0.0,2h 23m 26s,143.43333333333334,11.61,3893.18,P1_no_supports
850,s3_gap_bridge__gap_1.2mm,meshes/s3_gap_bridge__gap_1.2mm/case_outputs/850__s3_gap_bridge__gap_1.2mm/segmentation_repaired.stl,2204484,5.94,0,True,True,8,Consider enabling brim; Consider enabling supports; Detected print stability issues; Floating object part; Loose extrusions; Low bed adhesion; Repaired; WARNING,,3574870.0,405.0,0.0,1h 16m 52s,76.86666666666666,5.95,1995.21,P1_no_supports
851,s3_gap_bridge__gap_1.2mm,meshes/s3_gap_bridge__gap_1.2mm/case_outputs/851__s3_gap_bridge__gap_1.2mm/segmentation_repaired.stl,2938984,7.03,0,True,True,8,Consider enabling brim; Consider enabling supports; Detected print stability issues; Floating object part; Loose extrusions; Low bed adhesion; Repaired; WARNING,,4883197.0,411.0,0.0,1h 41m 30s,101.5,8.54,2864.93,P1_no_supports
852,s3_gap_bridge__gap_1.2mm,meshes/s3_gap_bridge__gap_1.2mm/case_outputs/852__s3_gap_bridge__gap_1.2mm/segmentation_repaired.stl,4002684,8.37,1,False,False,8,Consider enabling brim; Consider enabling supports; Detected print stability issues; Floating object part; Loose extrusions; Low bed adhesion; Repaired; WARNING,There is an object with no extrusions in the first layer. | Object name: segmentation_repaired.stl,,,,,,,,P1_no_supports
853,s3_gap_bridge__gap_1.2mm,meshes/s3_gap_bridge__gap_1.2mm/case_outputs/853__s3_gap_bridge__gap_1.2mm/segmentation_repaired.stl,2411984,6.11,0,True,True,8,Consider enabling brim; Consider enabling supports; Detected print stability issues; Floating object part; Loose extrusions; Low bed adhesion; Repaired; WARNING,,4285798.0,411.0,0.0,1h 32m 30s,92.5,7.62,2554.94,P1_no_supports
854,s3_gap_bridge__gap_1.2mm,meshes/s3_gap_bridge__gap_1.2mm/case_outputs/854__s3_gap_bridge__gap_1.2mm/segmentation_repaired.stl,2728884,6.25,0,True,True,8,Consider enabling brim; Consider enabling supports; Detected print stability issues; Floating object part; Loose extrusions; Low bed adhesion; Repaired; WARNING,,4486410.0,441.0,0.0,1h 33m 24s,93.4,7.26,2435.27,P1_no_supports
855,s3_gap_bridge__gap_1.2mm,meshes/s3_gap_bridge__gap_1.2mm/case_outputs/855__s3_gap_bridge__gap_1.2mm/segmentation_repaired.stl,3986984,9.77,0,True,True,8,Consider enabling brim; Consider enabling supports; Detected print stability issues; Floating object part; Loose extrusions; Low bed adhesion; Repaired; WARNING,,6517012.0,628.0,0.0,2h 19m 13s,139.21666666666667,11.25,3771.0,P1_no_supports
856,s3_gap_bridge__gap_1.2mm,meshes/s3_gap_bridge__gap_1.2mm/case_outputs/856__s3_gap_bridge__gap_1.2mm/segmentation_repaired.stl,3454584,8.03,0,True,True,8,Consider enabling brim; Consider enabling supports; Detected print stability issues; Floating object part; Loose extrusions; Low bed adhesion; Repaired; WARNING,,5767311.0,426.0,0.0,1h 59m 57s,119.95,9.97,3341.86,P1_no_supports
857,s3_gap_bridge__gap_1.2mm,meshes/s3_gap_bridge__gap_1.2mm/case_outputs/857__s3_gap_bridge__gap_1.2mm/segmentation_repaired.stl,4935584,11.18,0,True,True,8,Consider enabling brim; Consider enabling supports; Detected print stability issues; Floating object part; Loose extrusions; Low bed adhesion; Repaired; WARNING,,8103621.0,441.0,0.0,2h 39m 7s,159.11666666666667,13.6,4560.09,P1_no_supports
858,s3_gap_bridge__gap_1.2mm,meshes/s3_gap_bridge__gap_1.2mm/case_outputs/858__s3_gap_bridge__gap_1.2mm/segmentation_repaired.stl,2750984,6.5,0,True,True,8,Consider enabling brim; Consider enabling supports; Detected print stability issues; Floating object part; Loose extrusions; Low bed adhesion; Repaired; WARNING,,4506144.0,426.0,0.0,1h 31m 26s,91.43333333333334,7.6,2548.51,P1_no_supports
859,s3_gap_bridge__gap_1.2mm,meshes/s3_gap_bridge__gap_1.2mm/case_outputs/859__s3_gap_bridge__gap_1.2mm/segmentation_repaired.stl,4122784,9.53,0,True,True,8,Consider enabling brim; Consider enabling supports; Detected print stability issues; Floating object part; Loose extrusions; Low bed adhesion; Repaired; WARNING,,6820764.0,552.0,0.0,2h 23m 0s,143.0,11.53,3865.6,P1_no_supports
860,s3_gap_bridge__gap_1.2mm,meshes/s3_gap_bridge__gap_1.2mm/case_outputs/860__s3_gap_bridge__gap_1.2mm/segmentation_repaired.stl,3090184,7.1,0,True,True,8,Consider enabling brim; Consider enabling supports; Detected print stability issues; Floating object part; Loose extrusions; Low bed adhesion; Repaired; WARNING,,5021334.0,423.0,0.0,1h 44m 37s,104.61666666666666,8.96,3003.33,P1_no_supports
861,s3_gap_bridge__gap_1.2mm,meshes/s3_gap_bridge__gap_1.2mm/case_outputs/861__s3_gap_bridge__gap_1.2mm/segmentation_repaired.stl,1606684,3.81,0,True,True,8,Consider enabling brim; Consider enabling supports; Detected print stability issues; Floating object part; Loose extrusions; Low bed adhesion; Repaired; WARNING,,2506371.0,423.0,0.0,54m 0s,54.0,4.38,1468.23,P1_no_supports
862,s3_gap_bridge__gap_1.2mm,meshes/s3_gap_bridge__gap_1.2mm/case_outputs/862__s3_gap_bridge__gap_1.2mm/segmentation_repaired.stl,3761484,8.88,0,True,True,8,Consider enabling brim; Consider enabling supports; Detected print stability issues; Floating object part; Loose extrusions; Low bed adhesion; Repaired; WARNING,,6188066.0,537.0,0.0,2h 13m 11s,133.18333333333334,10.65,3571.06,P1_no_supports
863,s3_gap_bridge__gap_1.2mm,meshes/s3_gap_bridge__gap_1.2mm/case_outputs/863__s3_gap_bridge__gap_1.2mm/segmentation_repaired.stl,3042984,6.96,0,True,True,8,Consider enabling brim; Consider enabling supports; Detected print stability issues; Floating object part; Loose extrusions; Low bed adhesion; Repaired; WARNING,,4837776.0,473.0,0.0,1h 37m 58s,97.96666666666668,8.14,2727.62,P1_no_supports
864,s3_gap_bridge__gap_1.2mm,meshes/s3_gap_bridge__gap_1.2mm/case_outputs/864__s3_gap_bridge__gap_1.2mm/segmentation_repaired.stl,3890584,9.22,0,True,True,8,Consider enabling brim; Consider enabling supports; Detected print stability issues; Floating object part; Loose extrusions; Low bed adhesion; Repaired; WARNING,,6575482.0,510.0,0.0,2h 20m 22s,140.36666666666667,11.57,3880.02,P1_no_supports
865,s3_gap_bridge__gap_1.2mm,meshes/s3_gap_bridge__gap_1.2mm/case_outputs/865__s3_gap_bridge__gap_1.2mm/segmentation_repaired.stl,2526084,6.57,0,True,True,8,Consider enabling brim; Consider enabling supports; Detected print stability issues; Floating object part; Loose extrusions; Low bed adhesion; Repaired; WARNING,,4033640.0,465.0,0.0,1h 27m 10s,87.16666666666667,6.85,2297.02,P1_no_supports
866,s3_gap_bridge__gap_1.2mm,meshes/s3_gap_bridge__gap_1.2mm/case_outputs/866__s3_gap_bridge__gap_1.2mm/segmentation_repaired.stl,3646884,8.93,0,True,True,8,Consider enabling brim; Consider enabling supports; Detected print stability issues; Floating object part; Loose extrusions; Low bed adhesion; Repaired; WARNING,,6196233.0,426.0,0.0,2h 10m 2s,130.03333333333333,10.8,3620.45,P1_no_supports
867,s3_gap_bridge__gap_1.2mm,meshes/s3_gap_bridge__gap_1.2mm/case_outputs/867__s3_gap_bridge__gap_1.2mm/segmentation_repaired.stl,4639184,10.77,0,True,True,8,Consider enabling brim; Consider enabling supports; Detected print stability issues; Floating object part; Loose extrusions; Low bed adhesion; Repaired; WARNING,,7609596.0,499.0,0.0,2h 37m 15s,157.25,13.83,4635.57,P1_no_supports
868,s3_gap_bridge__gap_1.2mm,meshes/s3_gap_bridge__gap_1.2mm/case_outputs/868__s3_gap_bridge__gap_1.2mm/segmentation_repaired.stl,1711784,3.77,1,False,False,8,Consider enabling brim; Consider enabling supports; Detected print stability issues; Floating object part; Loose extrusions; Low bed adhesion; Repaired; WARNING,There is an object with no extrusions in the first layer. | Object name: segmentation_repaired.stl,,,,,,,,P1_no_supports
869,s3_gap_bridge__gap_1.2mm,meshes/s3_gap_bridge__gap_1.2mm/case_outputs/869__s3_gap_bridge__gap_1.2mm/segmentation_repaired.stl,3396684,8.16,0,True,True,8,Consider enabling brim; Consider enabling supports; Detected print stability issues; Floating object part; Loose extrusions; Low bed adhesion; Repaired; WARNING,,5563533.0,438.0,0.0,1h 50m 30s,110.5,9.51,3188.92,P1_no_supports
870,s3_gap_bridge__gap_1.2mm,meshes/s3_gap_bridge__gap_1.2mm/case_outputs/870__s3_gap_bridge__gap_1.2mm/segmentation_repaired.stl,2682584,6.9,0,True,True,8,Consider enabling brim; Consider enabling supports; Detected print stability issues; Floating object part; Loose extrusions; Low bed adhesion; Repaired; WARNING,,4433993.0,426.0,0.0,1h 30m 4s,90.06666666666666,7.53,2524.47,P1_no_supports
871,s3_gap_bridge__gap_1.2mm,meshes/s3_gap_bridge__gap_1.2mm/case_outputs/871__s3_gap_bridge__gap_1.2mm/segmentation_repaired.stl,3026984,7.28,1,False,False,8,Consider enabling brim; Consider enabling supports; Detected print stability issues; Floating object part; Loose extrusions; Low bed adhesion; Repaired; WARNING,There is an object with no extrusions in the first layer. | Object name: segmentation_repaired.stl,,,,,,,,P1_no_supports
872,s3_gap_bridge__gap_1.2mm,meshes/s3_gap_bridge__gap_1.2mm/case_outputs/872__s3_gap_bridge__gap_1.2mm/segmentation_repaired.stl,2699784,6.82,0,True,True,8,Consider enabling brim; Consider enabling supports; Detected print stability issues; Floating object part; Loose extrusions; Low bed adhesion; Repaired; WARNING,,4386257.0,423.0,0.0,1h 33m 0s,93.0,7.16,2398.97,P1_no_supports
873,s3_gap_bridge__gap_1.2mm,meshes/s3_gap_bridge__gap_1.2mm/case_outputs/873__s3_gap_bridge__gap_1.2mm/segmentation_repaired.stl,3384884,7.84,0,True,True,8,Consider enabling brim; Consider enabling supports; Detected print stability issues; Floating object part; Loose extrusions; Low bed adhesion; Repaired; WARNING,,5504146.0,450.0,0.0,2h 0m 26s,120.43333333333334,11.59,3885.29,P1_no_supports
874,s3_gap_bridge__gap_1.2mm,meshes/s3_gap_bridge__gap_1.2mm/case_outputs/874__s3_gap_bridge__gap_1.2mm/segmentation_repaired.stl,2745984,6.7,0,True,True,8,Consider enabling brim; Consider enabling supports; Detected print stability issues; Floating object part; Loose extrusions; Low bed adhesion; Repaired; WARNING,,4344536.0,402.0,0.0,1h 28m 29s,88.48333333333333,7.34,2461.61,P1_no_supports
875,s3_gap_bridge__gap_1.2mm,meshes/s3_gap_bridge__gap_1.2mm/case_outputs/875__s3_gap_bridge__gap_1.2mm/segmentation_repaired.stl,3787884,9.17,0,True,True,8,Consider enabling brim; Consider enabling supports; Detected print stability issues; Floating object part; Loose extrusions; Low bed adhesion; Repaired; WARNING,,6330759.0,429.0,0.0,2h 11m 1s,131.01666666666668,10.79,3616.13,P1_no_supports
876,s3_gap_bridge__gap_1.2mm,meshes/s3_gap_bridge__gap_1.2mm/case_outputs/876__s3_gap_bridge__gap_1.2mm/segmentation_repaired.stl,2709784,6.69,0,True,True,8,Consider enabling brim; Consider enabling supports; Detected print stability issues; Floating object part; Loose extrusions; Low bed adhesion; Repaired; WARNING,,4421219.0,462.0,0.0,1h 34m 27s,94.45,7.39,2477.3,P1_no_supports
877,s3_gap_bridge__gap_1.2mm,meshes/s3_gap_bridge__gap_1.2mm/case_outputs/877__s3_gap_bridge__gap_1.2mm/segmentation_repaired.stl,3148184,7.98,0,True,True,8,Consider enabling brim; Consider enabling supports; Detected print stability issues; Floating object part; Loose extrusions; Low bed adhesion; Repaired; WARNING,,5373281.0,474.0,0.0,1h 52m 8s,112.13333333333334,8.68,2909.21,P1_no_supports
878,s3_gap_bridge__gap_1.2mm,meshes/s3_gap_bridge__gap_1.2mm/case_outputs/878__s3_gap_bridge__gap_1.2mm/segmentation_repaired.stl,2864684,6.82,0,True,True,8,Consider enabling brim; Consider enabling supports; Detected print stability issues; Floating object part; Loose extrusions; Low bed adhesion; Repaired; WARNING,,4798433.0,432.0,0.0,1h 38m 26s,98.43333333333334,8.1,2716.27,P1_no_supports
879,s3_gap_bridge__gap_1.2mm,meshes/s3_gap_bridge__gap_1.2mm/case_outputs/879__s3_gap_bridge__gap_1.2mm/segmentation_repaired.stl,3219884,7.85,0,True,True,8,Consider enabling brim; Consider enabling supports; Detected print stability issues; Floating object part; Loose extrusions; Low bed adhesion; Repaired; WARNING,,5504317.0,503.0,0.0,1h 52m 2s,112.03333333333332,9.69,3250.37,P1_no_supports
880,s3_gap_bridge__gap_1.2mm,meshes/s3_gap_bridge__gap_1.2mm/case_outputs/880__s3_gap_bridge__gap_1.2mm/segmentation_repaired.stl,2264084,5.78,0,True,True,8,Consider enabling brim; Consider enabling supports; Detected print stability issues; Floating object part; Loose extrusions; Low bed adhesion; Repaired; WARNING,,3686340.0,405.0,0.0,1h 15m 33s,75.55,6.05,2029.43,P1_no_supports
881,s3_gap_bridge__gap_1.2mm,meshes/s3_gap_bridge__gap_1.2mm/case_outputs/881__s3_gap_bridge__gap_1.2mm/segmentation_repaired.stl,3030984,7.71,0,True,True,8,Consider enabling brim; Consider enabling supports; Detected print stability issues; Floating object part; Loose extrusions; Low bed adhesion; Repaired; WARNING,,5060355.0,468.0,0.0,1h 45m 51s,105.85,8.52,2856.49,P1_no_supports
882,s3_gap_bridge__gap_1.2mm,meshes/s3_gap_bridge__gap_1.2mm/case_outputs/882__s3_gap_bridge__gap_1.2mm/segmentation_repaired.stl,3960284,9.23,0,True,True,8,Consider enabling brim; Consider enabling supports; Detected print stability issues; Floating object part; Loose extrusions; Low bed adhesion; Repaired; WARNING,,6656279.0,447.0,0.0,2h 21m 43s,141.71666666666667,12.19,4087.19,P1_no_supports
883,s3_gap_bridge__gap_1.2mm,meshes/s3_gap_bridge__gap_1.2mm/case_outputs/883__s3_gap_bridge__gap_1.2mm/segmentation_repaired.stl,3019884,6.91,0,True,True,8,Consider enabling brim; Consider enabling supports; Detected print stability issues; Floating object part; Loose extrusions; Low bed adhesion; Repaired; WARNING,,4907782.0,459.0,0.0,1h 43m 31s,103.51666666666668,7.61,2551.26,P1_no_supports
884,s3_gap_bridge__gap_1.2mm,meshes/s3_gap_bridge__gap_1.2mm/case_outputs/884__s3_gap_bridge__gap_1.2mm/segmentation_repaired.stl,1881684,4.78,0,True,True,8,Consider enabling brim; Consider enabling supports; Detected print stability issues; Floating object part; Loose extrusions; Low bed adhesion; Repaired; WARNING,,3111900.0,405.0,0.0,1h 4m 53s,64.88333333333334,5.31,1780.9,P1_no_supports
885,s3_gap_bridge__gap_1.2mm,meshes/s3_gap_bridge__gap_1.2mm/case_outputs/885__s3_gap_bridge__gap_1.2mm/segmentation_repaired.stl,2722384,7.24,0,True,True,8,Consider enabling brim; Consider enabling supports; Detected print stability issues; Floating object part; Loose extrusions; Low bed adhesion; Repaired; WARNING,,4400037.0,426.0,0.0,1h 33m 40s,93.66666666666669,7.49,2511.63,P1_no_supports
886,s3_gap_bridge__gap_1.2mm,meshes/s3_gap_bridge__gap_1.2mm/case_outputs/886__s3_gap_bridge__gap_1.2mm/segmentation_repaired.stl,4382284,9.81,0,True,True,8,Consider enabling brim; Consider enabling supports; Detected print stability issues; Floating object part; Loose extrusions; Low bed adhesion; Repaired; WARNING,,7283563.0,429.0,0.0,2h 18m 6s,138.1,11.75,3938.69,P1_no_supports
887,s3_gap_bridge__gap_1.2mm,meshes/s3_gap_bridge__gap_1.2mm/case_outputs/887__s3_gap_bridge__gap_1.2mm/segmentation_repaired.stl,3432484,7.84,0,True,True,8,Consider enabling brim; Consider enabling supports; Detected print stability issues; Floating object part; Loose extrusions; Low bed adhesion; Repaired; WARNING,,5668473.0,545.0,0.0,2h 10m 26s,130.43333333333334,10.77,3610.88,P1_no_supports
888,s3_gap_bridge__gap_1.2mm,meshes/s3_gap_bridge__gap_1.2mm/case_outputs/888__s3_gap_bridge__gap_1.2mm/segmentation_repaired.stl,2121684,5.39,0,True,True,8,Consider enabling brim; Consider enabling supports; Detected print stability issues; Floating object part; Loose extrusions; Low bed adhesion; Repaired; WARNING,,3460486.0,438.0,0.0,1h 15m 21s,75.35,5.99,2008.45,P1_no_supports
889,s3_gap_bridge__gap_1.2mm,meshes/s3_gap_bridge__gap_1.2mm/case_outputs/889__s3_gap_bridge__gap_1.2mm/segmentation_repaired.stl,2308184,6.12,0,True,True,8,Consider enabling brim; Consider enabling supports; Detected print stability issues; Floating object part; Loose extrusions; Low bed adhesion; Repaired; WARNING,,3914109.0,480.0,0.0,1h 23m 20s,83.33333333333333,6.45,2161.29,P1_no_supports
890,s3_gap_bridge__gap_1.2mm,meshes/s3_gap_bridge__gap_1.2mm/case_outputs/890__s3_gap_bridge__gap_1.2mm/segmentation_repaired.stl,2288284,5.94,0,True,True,8,Consider enabling brim; Consider enabling supports; Detected print stability issues; Floating object part; Loose extrusions; Low bed adhesion; Repaired; WARNING,,3808632.0,426.0,0.0,1h 20m 0s,80.0,6.47,2168.94,P1_no_supports
891,s3_gap_bridge__gap_1.2mm,meshes/s3_gap_bridge__gap_1.2mm/case_outputs/891__s3_gap_bridge__gap_1.2mm/segmentation_repaired.stl,2417884,5.72,0,True,True,8,Consider enabling brim; Consider enabling supports; Detected print stability issues; Floating object part; Loose extrusions; Low bed adhesion; Repaired; WARNING,,3847869.0,471.0,0.0,1h 25m 16s,85.26666666666667,6.37,2134.22,P1_no_supports
892,s3_gap_bridge__gap_1.2mm,meshes/s3_gap_bridge__gap_1.2mm/case_outputs/892__s3_gap_bridge__gap_1.2mm/segmentation_repaired.stl,3839184,8.87,0,True,True,8,Consider enabling brim; Consider enabling supports; Detected print stability issues; Floating object part; Loose extrusions; Low bed adhesion; Repaired; WARNING,,5973790.0,450.0,0.0,2h 6m 10s,126.16666666666669,10.43,3496.23,P1_no_supports
893,s3_gap_bridge__gap_1.2mm,meshes/s3_gap_bridge__gap_1.2mm/case_outputs/893__s3_gap_bridge__gap_1.2mm/segmentation_repaired.stl,3066384,7.19,0,True,True,8,Consider enabling brim; Consider enabling supports; Detected print stability issues; Floating object part; Loose extrusions; Low bed adhesion; Repaired; WARNING,,5215415.0,507.0,0.0,1h 53m 8s,113.13333333333334,9.71,3254.4,P1_no_supports
894,s3_gap_bridge__gap_1.2mm,meshes/s3_gap_bridge__gap_1.2mm/case_outputs/894__s3_gap_bridge__gap_1.2mm/segmentation_repaired.stl,3485284,8.1,0,True,True,8,Consider enabling brim; Consider enabling supports; Detected print stability issues; Floating object part; Loose extrusions; Low bed adhesion; Repaired; WARNING,,5703828.0,456.0,0.0,1h 58m 59s,118.98333333333332,10.32,3460.2,P1_no_supports
895,s3_gap_bridge__gap_1.2mm,meshes/s3_gap_bridge__gap_1.2mm/case_outputs/895__s3_gap_bridge__gap_1.2mm/segmentation_repaired.stl,3654984,8.31,0,True,True,8,Consider enabling brim; Consider enabling supports; Detected print stability issues; Floating object part; Loose extrusions; Low bed adhesion; Repaired; WARNING,,5922454.0,366.0,0.0,1h 54m 11s,114.18333333333334,9.72,3260.16,P1_no_supports
896,s3_gap_bridge__gap_1.2mm,meshes/s3_gap_bridge__gap_1.2mm/case_outputs/896__s3_gap_bridge__gap_1.2mm/segmentation_repaired.stl,1958084,4.88,0,True,True,8,Consider enabling brim; Consider enabling supports; Detected print stability issues; Floating object part; Loose extrusions; Low bed adhesion; Repaired; WARNING,,3167921.0,447.0,0.0,1h 4m 13s,64.21666666666667,4.97,1664.93,P1_no_supports
897,s3_gap_bridge__gap_1.2mm,meshes/s3_gap_bridge__gap_1.2mm/case_outputs/897__s3_gap_bridge__gap_1.2mm/segmentation_repaired.stl,3363384,8.38,0,True,True,8,Consider enabling brim; Consider enabling supports; Detected print stability issues; Floating object part; Loose extrusions; Low bed adhesion; Repaired; WARNING,,5631527.0,429.0,0.0,1h 56m 23s,116.38333333333334,9.45,3168.93,P1_no_supports
898,s3_gap_bridge__gap_1.2mm,meshes/s3_gap_bridge__gap_1.2mm/case_outputs/898__s3_gap_bridge__gap_1.2mm/segmentation_repaired.stl,3777784,8.65,0,True,True,8,Consider enabling brim; Consider enabling supports; Detected print stability issues; Floating object part; Loose extrusions; Low bed adhesion; Repaired; WARNING,,6261193.0,396.0,0.0,2h 9m 50s,129.83333333333334,11.12,3727.71,P1_no_supports
899,s3_gap_bridge__gap_1.2mm,meshes/s3_gap_bridge__gap_1.2mm/case_outputs/899__s3_gap_bridge__gap_1.2mm/segmentation_repaired.stl,2692884,6.83,0,True,True,8,Consider enabling brim; Consider enabling supports; Detected print stability issues; Floating object part; Loose extrusions; Low bed adhesion; Repaired; WARNING,,4464126.0,477.0,0.0,1h 35m 38s,95.63333333333334,8.14,2728.2,P1_no_supports
900,s3_gap_bridge__gap_1.2mm,meshes/s3_gap_bridge__gap_1.2mm/case_outputs/900__s3_gap_bridge__gap_1.2mm/segmentation_repaired.stl,2711584,7.25,0,True,True,8,Consider enabling brim; Consider enabling supports; Detected print stability issues; Floating object part; Loose extrusions; Low bed adhesion; Repaired; WARNING,,4591699.0,393.0,0.0,1h 39m 39s,99.65,7.75,2599.96,P1_no_supports
901,s3_gap_bridge__gap_1.2mm,meshes/s3_gap_bridge__gap_1.2mm/case_outputs/901__s3_gap_bridge__gap_1.2mm/segmentation_repaired.stl,3153184,7.28,0,True,True,8,Consider enabling brim; Consider enabling supports; Detected print stability issues; Floating object part; Loose extrusions; Low bed adhesion; Repaired; WARNING,,5039389.0,518.0,0.0,1h 40m 27s,100.45,8.74,2930.91,P1_no_supports
902,s3_gap_bridge__gap_1.2mm,meshes/s3_gap_bridge__gap_1.2mm/case_outputs/902__s3_gap_bridge__gap_1.2mm/segmentation_repaired.stl,3935284,10.22,0,True,True,8,Consider enabling brim; Consider enabling supports; Detected print stability issues; Floating object part; Loose extrusions; Low bed adhesion; Repaired; WARNING,,6778257.0,486.0,0.0,2h 15m 30s,135.5,10.73,3596.65,P1_no_supports
903,s3_gap_bridge__gap_1.2mm,meshes/s3_gap_bridge__gap_1.2mm/case_outputs/903__s3_gap_bridge__gap_1.2mm/segmentation_repaired.stl,2911084,7.59,0,True,True,8,Consider enabling brim; Consider enabling supports; Detected print stability issues; Floating object part; Loose extrusions; Low bed adhesion; Repaired; WARNING,,4784200.0,426.0,0.0,1h 40m 34s,100.56666666666666,8.08,2709.64,P1_no_supports
904,s3_gap_bridge__gap_1.2mm,meshes/s3_gap_bridge__gap_1.2mm/case_outputs/904__s3_gap_bridge__gap_1.2mm/segmentation_repaired.stl,3374984,8.39,0,True,True,8,Consider enabling brim; Consider enabling supports; Detected print stability issues; Floating object part; Loose extrusions; Low bed adhesion; Repaired; WARNING,,5471136.0,376.0,0.0,1h 49m 20s,109.33333333333331,9.68,3245.15,P1_no_supports
905,s3_gap_bridge__gap_1.2mm,meshes/s3_gap_bridge__gap_1.2mm/case_outputs/905__s3_gap_bridge__gap_1.2mm/segmentation_repaired.stl,3130884,8.24,0,True,True,8,Consider enabling brim; Consider enabling supports; Detected print stability issues; Floating object part; Loose extrusions; Low bed adhesion; Repaired; WARNING,,5257718.0,435.0,0.0,1h 51m 43s,111.71666666666668,8.65,2898.64,P1_no_supports
906,s3_gap_bridge__gap_1.2mm,meshes/s3_gap_bridge__gap_1.2mm/case_outputs/906__s3_gap_bridge__gap_1.2mm/segmentation_repaired.stl,2526584,6.21,0,True,True,8,Consider enabling brim; Consider enabling supports; Detected print stability issues; Floating object part; Loose extrusions; Low bed adhesion; Repaired; WARNING,,4139966.0,420.0,0.0,1h 27m 49s,87.81666666666666,7.36,2466.45,P1_no_supports
907,s3_gap_bridge__gap_1.2mm,meshes/s3_gap_bridge__gap_1.2mm/case_outputs/907__s3_gap_bridge__gap_1.2mm/segmentation_repaired.stl,2691984,6.83,0,True,True,8,Consider enabling brim; Consider enabling supports; Detected print stability issues; Floating object part; Loose extrusions; Low bed adhesion; Repaired; WARNING,,4457002.0,393.0,0.0,1h 31m 22s,91.36666666666666,7.74,2594.37,P1_no_supports
908,s3_gap_bridge__gap_1.2mm,meshes/s3_gap_bridge__gap_1.2mm/case_outputs/908__s3_gap_bridge__gap_1.2mm/segmentation_repaired.stl,3161784,8.29,0,True,True,8,Consider enabling brim; Consider enabling supports; Detected print stability issues; Floating object part; Loose extrusions; Low bed adhesion; Repaired; WARNING,,5339485.0,449.0,0.0,1h 53m 43s,113.71666666666668,8.81,2952.55,P1_no_supports
909,s3_gap_bridge__gap_1.2mm,meshes/s3_gap_bridge__gap_1.2mm/case_outputs/909__s3_gap_bridge__gap_1.2mm/segmentation_repaired.stl,2583384,6.49,0,True,True,8,Consider enabling brim; Consider enabling supports; Detected print stability issues; Floating object part; Loose extrusions; Low bed adhesion; Repaired; WARNING,,4225429.0,453.0,0.0,1h 28m 24s,88.4,6.78,2272.78,P1_no_supports
910,s3_gap_bridge__gap_1.2mm,meshes/s3_gap_bridge__gap_1.2mm/case_outputs/910__s3_gap_bridge__gap_1.2mm/segmentation_repaired.stl,3883584,9.43,0,True,True,8,Consider enabling brim; Consider enabling supports; Detected print stability issues; Floating object part; Loose extrusions; Low bed adhesion; Repaired; WARNING,,6421903.0,447.0,0.0,2h 2m 34s,122.56666666666666,10.42,3492.32,P1_no_supports
911,s3_gap_bridge__gap_1.2mm,meshes/s3_gap_bridge__gap_1.2mm/case_outputs/911__s3_gap_bridge__gap_1.2mm/segmentation_repaired.stl,2795584,7.55,0,True,True,8,Consider enabling brim; Consider enabling supports; Detected print stability issues; Floating object part; Loose extrusions; Low bed adhesion; Repaired; WARNING,,4682585.0,426.0,0.0,1h 36m 10s,96.16666666666669,7.75,2597.66,P1_no_supports
912,s3_gap_bridge__gap_1.2mm,meshes/s3_gap_bridge__gap_1.2mm/case_outputs/912__s3_gap_bridge__gap_1.2mm/segmentation_repaired.stl,3150784,7.46,0,True,True,8,Consider enabling brim; Consider enabling supports; Detected print stability issues; Floating object part; Loose extrusions; Low bed adhesion; Repaired; WARNING,,5095242.0,480.0,0.0,1h 51m 29s,111.48333333333332,8.73,2926.44,P1_no_supports
913,s3_gap_bridge__gap_1.2mm,meshes/s3_gap_bridge__gap_1.2mm/case_outputs/913__s3_gap_bridge__gap_1.2mm/segmentation_repaired.stl,3492684,8.49,1,False,False,8,Consider enabling brim; Consider enabling supports; Detected print stability issues; Floating object part; Loose extrusions; Low bed adhesion; Repaired; WARNING,There is an object with no extrusions in the first layer. | Object name: segmentation_repaired.stl,,,,,,,,P1_no_supports
914,s3_gap_bridge__gap_1.2mm,meshes/s3_gap_bridge__gap_1.2mm/case_outputs/914__s3_gap_bridge__gap_1.2mm/segmentation_repaired.stl,2216884,6.06,1,False,False,8,Consider enabling brim; Consider enabling supports; Detected print stability issues; Floating object part; Loose extrusions; Low bed adhesion; Repaired; WARNING,There is an object with no extrusions in the first layer. | Object name: segmentation_repaired.stl,,,,,,,,P1_no_supports
915,s3_gap_bridge__gap_1.2mm,meshes/s3_gap_bridge__gap_1.2mm/case_outputs/915__s3_gap_bridge__gap_1.2mm/segmentation_repaired.stl,4110484,9.85,0,True,True,8,Consider enabling brim; Consider enabling supports; Detected print stability issues; Floating object part; Loose extrusions; Low bed adhesion; Repaired; WARNING,,7075269.0,489.0,0.0,2h 22m 46s,142.76666666666668,12.06,4043.01,P1_no_supports
916,s3_gap_bridge__gap_1.2mm,meshes/s3_gap_bridge__gap_1.2mm/case_outputs/916__s3_gap_bridge__gap_1.2mm/segmentation_repaired.stl,3143984,8.01,0,True,True,8,Consider enabling brim; Consider enabling supports; Detected print stability issues; Floating object part; Loose extrusions; Low bed adhesion; Repaired; WARNING,,5296419.0,480.0,0.0,1h 52m 24s,112.4,8.98,3011.97,P1_no_supports
917,s3_gap_bridge__gap_1.2mm,meshes/s3_gap_bridge__gap_1.2mm/case_outputs/917__s3_gap_bridge__gap_1.2mm/segmentation_repaired.stl,3783384,9.01,1,False,False,8,Consider enabling brim; Consider enabling supports; Detected print stability issues; Floating object part; Loose extrusions; Low bed adhesion; Repaired; WARNING,There is an object with no extrusions in the first layer. | Object name: segmentation_repaired.stl,,,,,,,,P1_no_supports
918,s3_gap_bridge__gap_1.2mm,meshes/s3_gap_bridge__gap_1.2mm/case_outputs/918__s3_gap_bridge__gap_1.2mm/segmentation_repaired.stl,2597484,6.77,0,True,True,8,Consider enabling brim; Consider enabling supports; Detected print stability issues; Floating object part; Loose extrusions; Low bed adhesion; Repaired; WARNING,,4586010.0,429.0,0.0,1h 34m 47s,94.78333333333332,7.64,2561.47,P1_no_supports
919,s3_gap_bridge__gap_1.2mm,meshes/s3_gap_bridge__gap_1.2mm/case_outputs/919__s3_gap_bridge__gap_1.2mm/segmentation_repaired.stl,2996684,7.11,1,False,False,8,Consider enabling brim; Consider enabling supports; Detected print stability issues; Floating object part; Loose extrusions; Low bed adhesion; Repaired; WARNING,There is an object with no extrusions in the first layer. | Object name: segmentation_repaired.stl,,,,,,,,P1_no_supports
920,s3_gap_bridge__gap_1.2mm,meshes/s3_gap_bridge__gap_1.2mm/case_outputs/920__s3_gap_bridge__gap_1.2mm/segmentation_repaired.stl,3186484,8.09,0,True,True,8,Consider enabling brim; Consider enabling supports; Detected print stability issues; Floating object part; Loose extrusions; Low bed adhesion; Repaired; WARNING,,5260995.0,447.0,0.0,1h 47m 55s,107.91666666666669,8.48,2843.51,P1_no_supports
921,s3_gap_bridge__gap_1.2mm,meshes/s3_gap_bridge__gap_1.2mm/case_outputs/921__s3_gap_bridge__gap_1.2mm/segmentation_repaired.stl,3198684,8.13,0,True,True,8,Consider enabling brim; Consider enabling supports; Detected print stability issues; Floating object part; Loose extrusions; Low bed adhesion; Repaired; WARNING,,5292292.0,435.0,0.0,1h 53m 17s,113.28333333333332,9.04,3030.03,P1_no_supports
922,s3_gap_bridge__gap_1.2mm,meshes/s3_gap_bridge__gap_1.2mm/case_outputs/922__s3_gap_bridge__gap_1.2mm/segmentation_repaired.stl,1638884,4.98,0,True,True,8,Consider enabling brim; Consider enabling supports; Detected print stability issues; Floating object part; Loose extrusions; Low bed adhesion; Repaired; WARNING,,2682970.0,315.0,0.0,56m 13s,56.21666666666667,4.46,1493.91,P1_no_supports
923,s3_gap_bridge__gap_1.2mm,meshes/s3_gap_bridge__gap_1.2mm/case_outputs/923__s3_gap_bridge__gap_1.2mm/segmentation_repaired.stl,3619284,9.22,0,True,True,8,Consider enabling brim; Consider enabling supports; Detected print stability issues; Floating object part; Loose extrusions; Low bed adhesion; Repaired; WARNING,,5984047.0,498.0,0.0,2h 10m 9s,130.15,11.09,3717.35,P1_no_supports
924,s3_gap_bridge__gap_1.2mm,meshes/s3_gap_bridge__gap_1.2mm/case_outputs/924__s3_gap_bridge__gap_1.2mm/segmentation_repaired.stl,3751484,9.76,0,True,True,8,Consider enabling brim; Consider enabling supports; Detected print stability issues; Floating object part; Loose extrusions; Low bed adhesion; Repaired; WARNING,,6391537.0,618.0,0.0,2h 13m 54s,133.9,10.15,3404.37,P1_no_supports
925,s3_gap_bridge__gap_1.2mm,meshes/s3_gap_bridge__gap_1.2mm/case_outputs/925__s3_gap_bridge__gap_1.2mm/segmentation_repaired.stl,3247684,8.01,0,True,True,8,Consider enabling brim; Consider enabling supports; Detected print stability issues; Floating object part; Loose extrusions; Low bed adhesion; Repaired; WARNING,,5645874.0,474.0,0.0,1h 52m 13s,112.21666666666668,9.29,3116.42,P1_no_supports
926,s3_gap_bridge__gap_1.2mm,meshes/s3_gap_bridge__gap_1.2mm/case_outputs/926__s3_gap_bridge__gap_1.2mm/segmentation_repaired.stl,2309084,6.89,0,True,True,8,Consider enabling brim; Consider enabling supports; Detected print stability issues; Floating object part; Loose extrusions; Low bed adhesion; Repaired; WARNING,,3915889.0,483.0,0.0,1h 26m 26s,86.43333333333334,6.48,2172.11,P1_no_supports
927,s3_gap_bridge__gap_1.2mm,meshes/s3_gap_bridge__gap_1.2mm/case_outputs/927__s3_gap_bridge__gap_1.2mm/segmentation_repaired.stl,2997984,7.76,0,True,True,8,Consider enabling brim; Consider enabling supports; Detected print stability issues; Floating object part; Loose extrusions; Low bed adhesion; Repaired; WARNING,,4913495.0,450.0,0.0,1h 41m 20s,101.33333333333331,7.73,2592.33,P1_no_supports
928,s3_gap_bridge__gap_1.2mm,meshes/s3_gap_bridge__gap_1.2mm/case_outputs/928__s3_gap_bridge__gap_1.2mm/segmentation_repaired.stl,2914284,6.99,1,False,False,8,Consider enabling brim; Consider enabling supports; Detected print stability issues; Floating object part; Loose extrusions; Low bed adhesion; Repaired; WARNING,There is an object with no extrusions in the first layer. | Object name: segmentation_repaired.stl,,,,,,,,P1_no_supports
929,s3_gap_bridge__gap_1.2mm,meshes/s3_gap_bridge__gap_1.2mm/case_outputs/929__s3_gap_bridge__gap_1.2mm/segmentation_repaired.stl,2673284,6.91,0,True,True,8,Consider enabling brim; Consider enabling supports; Detected print stability issues; Floating object part; Loose extrusions; Low bed adhesion; Repaired; WARNING,,4483510.0,426.0,0.0,1h 30m 6s,90.1,8.01,2686.62,P1_no_supports
930,s3_gap_bridge__gap_1.2mm,meshes/s3_gap_bridge__gap_1.2mm/case_outputs/930__s3_gap_bridge__gap_1.2mm/segmentation_repaired.stl,3070884,7.59,0,True,True,8,Consider enabling brim; Consider enabling supports; Detected print stability issues; Floating object part; Loose extrusions; Low bed adhesion; Repaired; WARNING,,5000026.0,393.0,0.0,1h 44m 36s,104.6,9.08,3042.94,P1_no_supports
931,s3_gap_bridge__gap_1.2mm,meshes/s3_gap_bridge__gap_1.2mm/case_outputs/931__s3_gap_bridge__gap_1.2mm/segmentation_repaired.stl,1887484,4.74,0,True,True,8,Consider enabling brim; Consider enabling supports; Detected print stability issues; Floating object part; Loose extrusions; Low bed adhesion; Repaired; WARNING,,2892971.0,440.0,0.0,1h 1m 20s,61.333333333333336,4.52,1516.25,P1_no_supports
932,s3_gap_bridge__gap_1.2mm,meshes/s3_gap_bridge__gap_1.2mm/case_outputs/932__s3_gap_bridge__gap_1.2mm/segmentation_repaired.stl,2844284,7.53,0,True,True,8,Consider enabling brim; Consider enabling supports; Detected print stability issues; Floating object part; Loose extrusions; Low bed adhesion; Repaired; WARNING,,4852490.0,420.0,0.0,1h 42m 1s,102.01666666666668,8.28,2776.23,P1_no_supports
933,s3_gap_bridge__gap_1.2mm,meshes/s3_gap_bridge__gap_1.2mm/case_outputs/933__s3_gap_bridge__gap_1.2mm/segmentation_repaired.stl,3208784,8.21,0,True,True,8,Consider enabling brim; Consider enabling supports; Detected print stability issues; Floating object part; Loose extrusions; Low bed adhesion; Repaired; WARNING,,5366782.0,513.0,0.0,1h 50m 5s,110.08333333333331,8.39,2814.12,P1_no_supports
934,s3_gap_bridge__gap_1.2mm,meshes/s3_gap_bridge__gap_1.2mm/case_outputs/934__s3_gap_bridge__gap_1.2mm/segmentation_repaired.stl,3187384,8.5,0,True,True,8,Consider enabling brim; Consider enabling supports; Detected print stability issues; Floating object part; Loose extrusions; Low bed adhesion; Repaired; WARNING,,5367814.0,516.0,0.0,2h 0m 19s,120.31666666666666,9.3,3118.25,P1_no_supports
935,s3_gap_bridge__gap_1.2mm,meshes/s3_gap_bridge__gap_1.2mm/case_outputs/935__s3_gap_bridge__gap_1.2mm/segmentation_repaired.stl,3186684,7.38,0,True,True,8,Consider enabling brim; Consider enabling supports; Detected print stability issues; Floating object part; Loose extrusions; Low bed adhesion; Repaired; WARNING,,5255995.0,458.0,0.0,1h 51m 59s,111.98333333333332,9.2,3083.93,P1_no_supports
936,s3_gap_bridge__gap_1.2mm,meshes/s3_gap_bridge__gap_1.2mm/case_outputs/936__s3_gap_bridge__gap_1.2mm/segmentation_repaired.stl,2572584,6.54,0,True,True,8,Consider enabling brim; Consider enabling supports; Detected print stability issues; Floating object part; Loose extrusions; Low bed adhesion; Repaired; WARNING,,4179751.0,387.0,0.0,1h 28m 32s,88.53333333333333,7.88,2641.98,P1_no_supports
937,s3_gap_bridge__gap_1.2mm,meshes/s3_gap_bridge__gap_1.2mm/case_outputs/937__s3_gap_bridge__gap_1.2mm/segmentation_repaired.stl,2741884,7.58,0,True,True,8,Consider enabling brim; Consider enabling supports; Detected print stability issues; Floating object part; Loose extrusions; Low bed adhesion; Repaired; WARNING,,4645828.0,417.0,0.0,1h 36m 22s,96.36666666666666,7.44,2494.6,P1_no_supports
938,s3_gap_bridge__gap_1.2mm,meshes/s3_gap_bridge__gap_1.2mm/case_outputs/938__s3_gap_bridge__gap_1.2mm/segmentation_repaired.stl,3710284,9.17,0,True,True,8,Consider enabling brim; Consider enabling supports; Detected print stability issues; Floating object part; Loose extrusions; Low bed adhesion; Repaired; WARNING,,6228269.0,459.0,0.0,2h 11m 12s,131.2,11.4,3823.69,P1_no_supports
939,s3_gap_bridge__gap_1.2mm,meshes/s3_gap_bridge__gap_1.2mm/case_outputs/939__s3_gap_bridge__gap_1.2mm/segmentation_repaired.stl,3346684,8.3,0,True,True,8,Consider enabling brim; Consider enabling supports; Detected print stability issues; Floating object part; Loose extrusions; Low bed adhesion; Repaired; WARNING,,5514972.0,447.0,0.0,1h 54m 14s,114.23333333333332,9.07,3041.78,P1_no_supports
940,s3_gap_bridge__gap_1.2mm,meshes/s3_gap_bridge__gap_1.2mm/case_outputs/940__s3_gap_bridge__gap_1.2mm/segmentation_repaired.stl,2645084,6.26,0,True,True,8,Consider enabling brim; Consider enabling supports; Detected print stability issues; Floating object part; Loose extrusions; Low bed adhesion; Repaired; WARNING,,4292331.0,416.0,0.0,1h 26m 56s,86.93333333333334,6.61,2216.14,P1_no_supports
941,s3_gap_bridge__gap_1.2mm,meshes/s3_gap_bridge__gap_1.2mm/case_outputs/941__s3_gap_bridge__gap_1.2mm/segmentation_repaired.stl,2213284,5.76,0,True,True,8,Consider enabling brim; Consider enabling supports; Detected print stability issues; Floating object part; Loose extrusions; Low bed adhesion; Repaired; WARNING,,3689758.0,447.0,0.0,1h 16m 6s,76.1,5.89,1976.14,P1_no_supports
942,s3_gap_bridge__gap_1.2mm,meshes/s3_gap_bridge__gap_1.2mm/case_outputs/942__s3_gap_bridge__gap_1.2mm/segmentation_repaired.stl,2337684,6.44,0,True,True,8,Consider enabling brim; Consider enabling supports; Detected print stability issues; Floating object part; Loose extrusions; Low bed adhesion; Repaired; WARNING,,3855061.0,396.0,0.0,1h 16m 23s,76.38333333333334,6.3,2112.29,P1_no_supports
943,s3_gap_bridge__gap_1.2mm,meshes/s3_gap_bridge__gap_1.2mm/case_outputs/943__s3_gap_bridge__gap_1.2mm/segmentation_repaired.stl,2726484,6.67,1,False,False,8,Consider enabling brim; Consider enabling supports; Detected print stability issues; Floating object part; Loose extrusions; Low bed adhesion; Repaired; WARNING,There is an object with no extrusions in the first layer. | Object name: segmentation_repaired.stl,,,,,,,,P1_no_supports
944,s3_gap_bridge__gap_1.2mm,meshes/s3_gap_bridge__gap_1.2mm/case_outputs/944__s3_gap_bridge__gap_1.2mm/segmentation_repaired.stl,4099084,10.92,0,True,True,8,Consider enabling brim; Consider enabling supports; Detected print stability issues; Floating object part; Loose extrusions; Low bed adhesion; Repaired; WARNING,,6858281.0,458.0,0.0,2h 15m 49s,135.81666666666666,11.14,3733.7,P1_no_supports
945,s3_gap_bridge__gap_1.2mm,meshes/s3_gap_bridge__gap_1.2mm/case_outputs/945__s3_gap_bridge__gap_1.2mm/segmentation_repaired.stl,3279384,7.95,0,True,True,8,Consider enabling brim; Consider enabling supports; Detected print stability issues; Floating object part; Loose extrusions; Low bed adhesion; Repaired; WARNING,,5560385.0,426.0,0.0,1h 54m 42s,114.7,9.07,3040.29,P1_no_supports
946,s3_gap_bridge__gap_1.2mm,meshes/s3_gap_bridge__gap_1.2mm/case_outputs/946__s3_gap_bridge__gap_1.2mm/segmentation_repaired.stl,2244284,6.09,0,True,True,8,Consider enabling brim; Consider enabling supports; Detected print stability issues; Floating object part; Loose extrusions; Low bed adhesion; Repaired; WARNING,,3780339.0,459.0,0.0,1h 17m 5s,77.08333333333333,6.22,2085.08,P1_no_supports
947,s3_gap_bridge__gap_1.2mm,meshes/s3_gap_bridge__gap_1.2mm/case_outputs/947__s3_gap_bridge__gap_1.2mm/segmentation_repaired.stl,4214884,9.76,0,True,True,8,Consider enabling brim; Consider enabling supports; Detected print stability issues; Floating object part; Loose extrusions; Low bed adhesion; Repaired; WARNING,,7092602.0,477.0,0.0,2h 29m 22s,149.36666666666667,13.17,4415.19,P1_no_supports
948,s3_gap_bridge__gap_1.2mm,meshes/s3_gap_bridge__gap_1.2mm/case_outputs/948__s3_gap_bridge__gap_1.2mm/segmentation_repaired.stl,4081284,10.32,0,True,True,8,Consider enabling brim; Consider enabling supports; Detected print stability issues; Floating object part; Loose extrusions; Low bed adhesion; Repaired; WARNING,,6639436.0,435.0,0.0,2h 17m 17s,137.28333333333333,12.17,4081.44,P1_no_supports
949,s3_gap_bridge__gap_1.2mm,meshes/s3_gap_bridge__gap_1.2mm/case_outputs/949__s3_gap_bridge__gap_1.2mm/segmentation_repaired.stl,2654684,6.48,0,True,True,8,Consider enabling brim; Consider enabling supports; Detected print stability issues; Floating object part; Loose extrusions; Low bed adhesion; Repaired; WARNING,,4434297.0,471.0,0.0,1h 34m 24s,94.4,7.39,2476.9,P1_no_supports
950,s3_gap_bridge__gap_1.2mm,meshes/s3_gap_bridge__gap_1.2mm/case_outputs/950__s3_gap_bridge__gap_1.2mm/segmentation_repaired.stl,2624684,6.81,0,True,True,8,Consider enabling brim; Consider enabling supports; Detected print stability issues; Floating object part; Loose extrusions; Low bed adhesion; Repaired; WARNING,,4277976.0,414.0,0.0,1h 30m 41s,90.68333333333334,6.94,2325.62,P1_no_supports
951,s3_gap_bridge__gap_1.2mm,meshes/s3_gap_bridge__gap_1.2mm/case_outputs/951__s3_gap_bridge__gap_1.2mm/segmentation_repaired.stl,3863984,9.98,0,True,True,8,Consider enabling brim; Consider enabling supports; Detected print stability issues; Floating object part; Loose extrusions; Low bed adhesion; Repaired; WARNING,,6248169.0,408.0,0.0,2h 5m 29s,125.48333333333332,11.74,3937.43,P1_no_supports
952,s3_gap_bridge__gap_1.2mm,meshes/s3_gap_bridge__gap_1.2mm/case_outputs/952__s3_gap_bridge__gap_1.2mm/segmentation_repaired.stl,2852884,6.35,0,True,True,6,Consider enabling supports; Detected print stability issues; Floating object part; Loose extrusions; Repaired; WARNING,,4505852.0,426.0,0.0,1h 31m 50s,91.83333333333331,7.94,2662.65,P1_no_supports
953,s3_gap_bridge__gap_1.2mm,meshes/s3_gap_bridge__gap_1.2mm/case_outputs/953__s3_gap_bridge__gap_1.2mm/segmentation_repaired.stl,4573284,11.67,0,True,True,8,Consider enabling brim; Consider enabling supports; Detected print stability issues; Floating object part; Loose extrusions; Low bed adhesion; Repaired; WARNING,,7677188.0,474.0,0.0,2h 36m 18s,156.3,12.69,4253.29,P1_no_supports
954,s3_gap_bridge__gap_1.2mm,meshes/s3_gap_bridge__gap_1.2mm/case_outputs/954__s3_gap_bridge__gap_1.2mm/segmentation_repaired.stl,2822884,7.19,0,True,True,8,Consider enabling brim; Consider enabling supports; Detected print stability issues; Floating object part; Loose extrusions; Low bed adhesion; Repaired; WARNING,,4778434.0,462.0,0.0,1h 39m 8s,99.13333333333334,8.33,2793.95,P1_no_supports
955,s3_gap_bridge__gap_1.2mm,meshes/s3_gap_bridge__gap_1.2mm/case_outputs/955__s3_gap_bridge__gap_1.2mm/segmentation_repaired.stl,3109884,7.92,0,True,True,8,Consider enabling brim; Consider enabling supports; Detected print stability issues; Floating object part; Loose extrusions; Low bed adhesion; Repaired; WARNING,,5413334.0,537.0,0.0,1h 55m 38s,115.63333333333334,9.12,3056.2,P1_no_supports
956,s3_gap_bridge__gap_1.2mm,meshes/s3_gap_bridge__gap_1.2mm/case_outputs/956__s3_gap_bridge__gap_1.2mm/segmentation_repaired.stl,2446884,6.45,0,True,True,8,Consider enabling brim; Consider enabling supports; Detected print stability issues; Floating object part; Loose extrusions; Low bed adhesion; Repaired; WARNING,,3982917.0,405.0,0.0,1h 21m 52s,81.86666666666666,6.64,2225.74,P1_no_supports
957,s3_gap_bridge__gap_1.2mm,meshes/s3_gap_bridge__gap_1.2mm/case_outputs/957__s3_gap_bridge__gap_1.2mm/segmentation_repaired.stl,3942084,10.1,0,True,True,8,Consider enabling brim; Consider enabling supports; Detected print stability issues; Floating object part; Loose extrusions; Low bed adhesion; Repaired; WARNING,,6527179.0,447.0,0.0,2h 11m 19s,131.31666666666666,10.23,3431.46,P1_no_supports
958,s3_gap_bridge__gap_1.2mm,meshes/s3_gap_bridge__gap_1.2mm/case_outputs/958__s3_gap_bridge__gap_1.2mm/segmentation_repaired.stl,3653084,9.77,0,True,True,8,Consider enabling brim; Consider enabling supports; Detected print stability issues; Floating object part; Loose extrusions; Low bed adhesion; Repaired; WARNING,,6261487.0,465.0,0.0,2h 12m 7s,132.11666666666667,10.6,3553.05,P1_no_supports
959,s3_gap_bridge__gap_1.2mm,meshes/s3_gap_bridge__gap_1.2mm/case_outputs/959__s3_gap_bridge__gap_1.2mm/segmentation_repaired.stl,2945484,8.26,0,True,True,8,Consider enabling brim; Consider enabling supports; Detected print stability issues; Floating object part; Loose extrusions; Low bed adhesion; Repaired; WARNING,,4743735.0,467.0,0.0,1h 35m 51s,95.85,7.95,2665.22,P1_no_supports
960,s3_gap_bridge__gap_1.2mm,meshes/s3_gap_bridge__gap_1.2mm/case_outputs/960__s3_gap_bridge__gap_1.2mm/segmentation_repaired.stl,3838484,9.39,0,True,True,8,Consider enabling brim; Consider enabling supports; Detected print stability issues; Floating object part; Loose extrusions; Low bed adhesion; Repaired; WARNING,,6383757.0,450.0,0.0,2h 10m 21s,130.35,11.3,3787.34,P1_no_supports
961,s3_gap_bridge__gap_1.2mm,meshes/s3_gap_bridge__gap_1.2mm/case_outputs/961__s3_gap_bridge__gap_1.2mm/segmentation_repaired.stl,2761884,7.36,0,True,True,8,Consider enabling brim; Consider enabling supports; Detected print stability issues; Floating object part; Loose extrusions; Low bed adhesion; Repaired; WARNING,,4651029.0,408.0,0.0,1h 37m 13s,97.21666666666668,7.72,2587.69,P1_no_supports
962,s3_gap_bridge__gap_1.2mm,meshes/s3_gap_bridge__gap_1.2mm/case_outputs/962__s3_gap_bridge__gap_1.2mm/segmentation_repaired.stl,4047484,9.79,0,True,True,8,Consider enabling brim; Consider enabling supports; Detected print stability issues; Floating object part; Loose extrusions; Low bed adhesion; Repaired; WARNING,,6487003.0,453.0,0.0,2h 13m 23s,133.38333333333333,11.5,3856.28,P1_no_supports
963,s3_gap_bridge__gap_1.2mm,meshes/s3_gap_bridge__gap_1.2mm/case_outputs/963__s3_gap_bridge__gap_1.2mm/segmentation_repaired.stl,5137084,13.33,0,True,True,8,Consider enabling brim; Consider enabling supports; Detected print stability issues; Floating object part; Loose extrusions; Low bed adhesion; Repaired; WARNING,,8483181.0,471.0,0.0,2h 55m 33s,175.55,15.6,5229.05,P1_no_supports
964,s3_gap_bridge__gap_1.2mm,meshes/s3_gap_bridge__gap_1.2mm/case_outputs/964__s3_gap_bridge__gap_1.2mm/segmentation_repaired.stl,3694284,8.7,1,False,False,8,Consider enabling brim; Consider enabling supports; Detected print stability issues; Floating object part; Loose extrusions; Low bed adhesion; Repaired; WARNING,There is an object with no extrusions in the first layer. | Object name: segmentation_repaired.stl,,,,,,,,P1_no_supports
965,s3_gap_bridge__gap_1.2mm,meshes/s3_gap_bridge__gap_1.2mm/case_outputs/965__s3_gap_bridge__gap_1.2mm/segmentation_repaired.stl,3510484,8.83,0,True,True,8,Consider enabling brim; Consider enabling supports; Detected print stability issues; Floating object part; Loose extrusions; Low bed adhesion; Repaired; WARNING,,5773299.0,417.0,0.0,1h 56m 14s,116.23333333333332,10.07,3374.93,P1_no_supports
966,s3_gap_bridge__gap_1.2mm,meshes/s3_gap_bridge__gap_1.2mm/case_outputs/966__s3_gap_bridge__gap_1.2mm/segmentation_repaired.stl,4087684,9.96,0,True,True,8,Consider enabling brim; Consider enabling supports; Detected print stability issues; Floating object part; Loose extrusions; Low bed adhesion; Repaired; WARNING,,6829525.0,444.0,0.0,2h 16m 12s,136.2,11.46,3841.79,P1_no_supports
967,s3_gap_bridge__gap_1.2mm,meshes/s3_gap_bridge__gap_1.2mm/case_outputs/967__s3_gap_bridge__gap_1.2mm/segmentation_repaired.stl,3445184,8.09,0,True,True,8,Consider enabling brim; Consider enabling supports; Detected print stability issues; Floating object part; Loose extrusions; Low bed adhesion; Repaired; WARNING,,5776951.0,507.0,0.0,2h 2m 31s,122.51666666666668,10.11,3389.71,P1_no_supports
968,s3_gap_bridge__gap_1.2mm,meshes/s3_gap_bridge__gap_1.2mm/case_outputs/968__s3_gap_bridge__gap_1.2mm/segmentation_repaired.stl,2266284,5.99,0,True,True,8,Consider enabling brim; Consider enabling supports; Detected print stability issues; Floating object part; Loose extrusions; Low bed adhesion; Repaired; WARNING,,3780475.0,407.0,0.0,1h 20m 18s,80.3,6.6,2211.32,P1_no_supports
969,s3_gap_bridge__gap_1.2mm,meshes/s3_gap_bridge__gap_1.2mm/case_outputs/969__s3_gap_bridge__gap_1.2mm/segmentation_repaired.stl,3666784,9.01,0,True,True,8,Consider enabling brim; Consider enabling supports; Detected print stability issues; Floating object part; Loose extrusions; Low bed adhesion; Repaired; WARNING,,6235657.0,528.0,0.0,2h 12m 50s,132.83333333333334,10.59,3550.07,P1_no_supports
970,s3_gap_bridge__gap_1.2mm,meshes/s3_gap_bridge__gap_1.2mm/case_outputs/970__s3_gap_bridge__gap_1.2mm/segmentation_repaired.stl,2104084,5.5,0,True,True,8,Consider enabling brim; Consider enabling supports; Detected print stability issues; Floating object part; Loose extrusions; Low bed adhesion; Repaired; WARNING,,3504779.0,443.0,0.0,1h 14m 40s,74.66666666666667,5.69,1908.04,P1_no_supports
971,s3_gap_bridge__gap_1.2mm,meshes/s3_gap_bridge__gap_1.2mm/case_outputs/971__s3_gap_bridge__gap_1.2mm/segmentation_repaired.stl,2692484,6.88,0,True,True,8,Consider enabling brim; Consider enabling supports; Detected print stability issues; Floating object part; Loose extrusions; Low bed adhesion; Repaired; WARNING,,4559633.0,561.0,0.0,1h 40m 29s,100.48333333333332,7.49,2510.96,P1_no_supports
972,s3_gap_bridge__gap_1.2mm,meshes/s3_gap_bridge__gap_1.2mm/case_outputs/972__s3_gap_bridge__gap_1.2mm/segmentation_repaired.stl,2706484,6.92,0,True,True,8,Consider enabling brim; Consider enabling supports; Detected print stability issues; Floating object part; Loose extrusions; Low bed adhesion; Repaired; WARNING,,4466073.0,363.0,0.0,1h 31m 41s,91.68333333333334,7.32,2454.57,P1_no_supports
973,s3_gap_bridge__gap_1.2mm,meshes/s3_gap_bridge__gap_1.2mm/case_outputs/973__s3_gap_bridge__gap_1.2mm/segmentation_repaired.stl,3463584,7.89,0,True,True,8,Consider enabling brim; Consider enabling supports; Detected print stability issues; Floating object part; Loose extrusions; Low bed adhesion; Repaired; WARNING,,5656290.0,468.0,0.0,1h 55m 23s,115.38333333333334,10.71,3589.24,P1_no_supports
974,s3_gap_bridge__gap_1.2mm,meshes/s3_gap_bridge__gap_1.2mm/case_outputs/974__s3_gap_bridge__gap_1.2mm/segmentation_repaired.stl,5113684,11.64,0,True,True,8,Consider enabling brim; Consider enabling supports; Detected print stability issues; Floating object part; Loose extrusions; Low bed adhesion; Repaired; WARNING,,8589670.0,465.0,0.0,2h 57m 21s,177.35,15.59,5227.2,P1_no_supports
975,s3_gap_bridge__gap_1.2mm,meshes/s3_gap_bridge__gap_1.2mm/case_outputs/975__s3_gap_bridge__gap_1.2mm/segmentation_repaired.stl,4193084,9.25,0,True,True,8,Consider enabling brim; Consider enabling supports; Detected print stability issues; Floating object part; Loose extrusions; Low bed adhesion; Repaired; WARNING,,6942797.0,462.0,0.0,2h 18m 36s,138.6,12.3,4123.59,P1_no_supports
976,s3_gap_bridge__gap_1.2mm,meshes/s3_gap_bridge__gap_1.2mm/case_outputs/976__s3_gap_bridge__gap_1.2mm/segmentation_repaired.stl,2671984,7.03,0,True,True,8,Consider enabling brim; Consider enabling supports; Detected print stability issues; Floating object part; Loose extrusions; Low bed adhesion; Repaired; WARNING,,4506373.0,453.0,0.0,1h 34m 8s,94.13333333333334,7.36,2466.11,P1_no_supports
977,s3_gap_bridge__gap_1.2mm,meshes/s3_gap_bridge__gap_1.2mm/case_outputs/977__s3_gap_bridge__gap_1.2mm/segmentation_repaired.stl,2827684,6.51,0,True,True,8,Consider enabling brim; Consider enabling supports; Detected print stability issues; Floating object part; Loose extrusions; Low bed adhesion; Repaired; WARNING,,4808711.0,450.0,0.0,1h 44m 17s,104.28333333333332,8.29,2778.79,P1_no_supports
978,s3_gap_bridge__gap_1.2mm,meshes/s3_gap_bridge__gap_1.2mm/case_outputs/978__s3_gap_bridge__gap_1.2mm/segmentation_repaired.stl,3477384,7.84,0,True,True,8,Consider enabling brim; Consider enabling supports; Detected print stability issues; Floating object part; Loose extrusions; Low bed adhesion; Repaired; WARNING,,5607106.0,387.0,0.0,1h 49m 35s,109.58333333333331,9.48,3179.17,P1_no_supports
979,s3_gap_bridge__gap_1.2mm,meshes/s3_gap_bridge__gap_1.2mm/case_outputs/979__s3_gap_bridge__gap_1.2mm/segmentation_repaired.stl,2973684,6.92,1,False,False,8,Consider enabling brim; Consider enabling supports; Detected print stability issues; Floating object part; Loose extrusions; Low bed adhesion; Repaired; WARNING,There is an object with no extrusions in the first layer. | Object name: segmentation_repaired.stl,,,,,,,,P1_no_supports
980,s3_gap_bridge__gap_1.2mm,meshes/s3_gap_bridge__gap_1.2mm/case_outputs/980__s3_gap_bridge__gap_1.2mm/segmentation_repaired.stl,2970584,6.9,0,True,True,8,Consider enabling brim; Consider enabling supports; Detected print stability issues; Floating object part; Loose extrusions; Low bed adhesion; Repaired; WARNING,,4822880.0,438.0,0.0,1h 44m 40s,104.66666666666669,9.34,3131.85,P1_no_supports
981,s3_gap_bridge__gap_1.2mm,meshes/s3_gap_bridge__gap_1.2mm/case_outputs/981__s3_gap_bridge__gap_1.2mm/segmentation_repaired.stl,1844184,4.93,0,True,True,8,Consider enabling brim; Consider enabling supports; Detected print stability issues; Floating object part; Loose extrusions; Low bed adhesion; Repaired; WARNING,,2929952.0,345.0,0.0,1h 1m 42s,61.7,5.22,1749.45,P1_no_supports
982,s3_gap_bridge__gap_1.2mm,meshes/s3_gap_bridge__gap_1.2mm/case_outputs/982__s3_gap_bridge__gap_1.2mm/segmentation_repaired.stl,2248684,5.72,0,True,True,8,Consider enabling brim; Consider enabling supports; Detected print stability issues; Floating object part; Loose extrusions; Low bed adhesion; Repaired; WARNING,,3639184.0,378.0,0.0,1h 13m 42s,73.7,6.03,2021.26,P1_no_supports
983,s3_gap_bridge__gap_1.2mm,meshes/s3_gap_bridge__gap_1.2mm/case_outputs/983__s3_gap_bridge__gap_1.2mm/segmentation_repaired.stl,3886484,9.18,0,True,True,8,Consider enabling brim; Consider enabling supports; Detected print stability issues; Floating object part; Loose extrusions; Low bed adhesion; Repaired; WARNING,,6700885.0,440.0,0.0,2h 14m 40s,134.66666666666666,11.23,3765.15,P1_no_supports
984,s3_gap_bridge__gap_1.2mm,meshes/s3_gap_bridge__gap_1.2mm/case_outputs/984__s3_gap_bridge__gap_1.2mm/segmentation_repaired.stl,3887484,8.76,0,True,True,8,Consider enabling brim; Consider enabling supports; Detected print stability issues; Floating object part; Loose extrusions; Low bed adhesion; Repaired; WARNING,,6042547.0,477.0,0.0,2h 10m 46s,130.76666666666668,11.16,3742.16,P1_no_supports
985,s3_gap_bridge__gap_1.2mm,meshes/s3_gap_bridge__gap_1.2mm/case_outputs/985__s3_gap_bridge__gap_1.2mm/segmentation_repaired.stl,3177484,7.13,0,True,True,8,Consider enabling brim; Consider enabling supports; Detected print stability issues; Floating object part; Loose extrusions; Low bed adhesion; Repaired; WARNING,,5232210.0,477.0,0.0,1h 50m 45s,110.75,9.04,3030.92,P1_no_supports
986,s3_gap_bridge__gap_1.2mm,meshes/s3_gap_bridge__gap_1.2mm/case_outputs/986__s3_gap_bridge__gap_1.2mm/segmentation_repaired.stl,3247584,7.91,0,True,True,8,Consider enabling brim; Consider enabling supports; Detected print stability issues; Floating object part; Loose extrusions; Low bed adhesion; Repaired; WARNING,,5350699.0,480.0,0.0,1h 53m 58s,113.96666666666668,9.37,3141.87,P1_no_supports
987,s3_gap_bridge__gap_1.2mm,meshes/s3_gap_bridge__gap_1.2mm/case_outputs/987__s3_gap_bridge__gap_1.2mm/segmentation_repaired.stl,4205884,10.05,0,True,True,8,Consider enabling brim; Consider enabling supports; Detected print stability issues; Floating object part; Loose extrusions; Low bed adhesion; Repaired; WARNING,,7057316.0,495.0,0.0,2h 33m 16s,153.26666666666668,13.12,4399.46,P1_no_supports
988,s3_gap_bridge__gap_1.2mm,meshes/s3_gap_bridge__gap_1.2mm/case_outputs/988__s3_gap_bridge__gap_1.2mm/segmentation_repaired.stl,2695684,6.37,0,True,True,8,Consider enabling brim; Consider enabling supports; Detected print stability issues; Floating object part; Loose extrusions; Low bed adhesion; Repaired; WARNING,,4305917.0,390.0,0.0,1h 28m 30s,88.5,7.12,2386.19,P1_no_supports
989,s3_gap_bridge__gap_1.2mm,meshes/s3_gap_bridge__gap_1.2mm/case_outputs/989__s3_gap_bridge__gap_1.2mm/segmentation_repaired.stl,3465784,8.88,0,True,True,8,Consider enabling brim; Consider enabling supports; Detected print stability issues; Floating object part; Loose extrusions; Low bed adhesion; Repaired; WARNING,,5652678.0,453.0,0.0,1h 56m 13s,116.21666666666668,9.45,3169.76,P1_no_supports
990,s3_gap_bridge__gap_1.2mm,meshes/s3_gap_bridge__gap_1.2mm/case_outputs/990__s3_gap_bridge__gap_1.2mm/segmentation_repaired.stl,3058884,7.88,0,True,True,8,Consider enabling brim; Consider enabling supports; Detected print stability issues; Floating object part; Loose extrusions; Low bed adhesion; Repaired; WARNING,,5136761.0,456.0,0.0,1h 50m 24s,110.4,9.09,3048.26,P1_no_supports
991,s3_gap_bridge__gap_1.2mm,meshes/s3_gap_bridge__gap_1.2mm/case_outputs/991__s3_gap_bridge__gap_1.2mm/segmentation_repaired.stl,3028484,7.17,0,True,True,8,Consider enabling brim; Consider enabling supports; Detected print stability issues; Floating object part; Loose extrusions; Low bed adhesion; Repaired; WARNING,,4992574.0,390.0,0.0,1h 43m 33s,103.55,8.51,2852.62,P1_no_supports
992,s3_gap_bridge__gap_1.2mm,meshes/s3_gap_bridge__gap_1.2mm/case_outputs/992__s3_gap_bridge__gap_1.2mm/segmentation_repaired.stl,2475084,6.37,0,True,True,8,Consider enabling brim; Consider enabling supports; Detected print stability issues; Floating object part; Loose extrusions; Low bed adhesion; Repaired; WARNING,,4052718.0,435.0,0.0,1h 24m 27s,84.45,6.82,2287.99,P1_no_supports
993,s3_gap_bridge__gap_1.2mm,meshes/s3_gap_bridge__gap_1.2mm/case_outputs/993__s3_gap_bridge__gap_1.2mm/segmentation_repaired.stl,5207484,12.18,0,True,True,8,Consider enabling brim; Consider enabling supports; Detected print stability issues; Floating object part; Loose extrusions; Low bed adhesion; Repaired; WARNING,,8353874.0,483.0,0.0,2h 45m 12s,165.2,15.3,5130.75,P1_no_supports
994,s3_gap_bridge__gap_1.2mm,meshes/s3_gap_bridge__gap_1.2mm/case_outputs/994__s3_gap_bridge__gap_1.2mm/segmentation_repaired.stl,3629184,8.67,0,True,True,8,Consider enabling brim; Consider enabling supports; Detected print stability issues; Floating object part; Loose extrusions; Low bed adhesion; Repaired; WARNING,,6034769.0,390.0,0.0,2h 0m 8s,120.13333333333334,10.03,3362.47,P1_no_supports
995,s3_gap_bridge__gap_1.2mm,meshes/s3_gap_bridge__gap_1.2mm/case_outputs/995__s3_gap_bridge__gap_1.2mm/segmentation_repaired.stl,3084984,7.03,0,True,True,8,Consider enabling brim; Consider enabling supports; Detected print stability issues; Floating object part; Loose extrusions; Low bed adhesion; Repaired; WARNING,,4946539.0,387.0,0.0,1h 37m 34s,97.56666666666666,8.11,2718.08,P1_no_supports
996,s3_gap_bridge__gap_1.2mm,meshes/s3_gap_bridge__gap_1.2mm/case_outputs/996__s3_gap_bridge__gap_1.2mm/segmentation_repaired.stl,2753284,6.3,0,True,True,8,Consider enabling brim; Consider enabling supports; Detected print stability issues; Floating object part; Loose extrusions; Low bed adhesion; Repaired; WARNING,,4457298.0,387.0,0.0,1h 29m 37s,89.61666666666666,7.29,2445.43,P1_no_supports
997,s3_gap_bridge__gap_1.2mm,meshes/s3_gap_bridge__gap_1.2mm/case_outputs/997__s3_gap_bridge__gap_1.2mm/segmentation_repaired.stl,3978084,9.23,0,True,True,8,Consider enabling brim; Consider enabling supports; Detected print stability issues; Floating object part; Loose extrusions; Low bed adhesion; Repaired; WARNING,,6639817.0,396.0,0.0,2h 14m 4s,134.06666666666666,11.52,3860.94,P1_no_supports
998,s3_gap_bridge__gap_1.2mm,meshes/s3_gap_bridge__gap_1.2mm/case_outputs/998__s3_gap_bridge__gap_1.2mm/segmentation_repaired.stl,3673884,8.87,0,True,True,8,Consider enabling brim; Consider enabling supports; Detected print stability issues; Floating object part; Loose extrusions; Low bed adhesion; Repaired; WARNING,,6013475.0,408.0,0.0,2h 8m 34s,128.56666666666666,11.32,3795.67,P1_no_supports
999,s3_gap_bridge__gap_1.2mm,meshes/s3_gap_bridge__gap_1.2mm/case_outputs/999__s3_gap_bridge__gap_1.2mm/segmentation_repaired.stl,2199684,5.41,0,True,True,8,Consider enabling brim; Consider enabling supports; Detected print stability issues; Floating object part; Loose extrusions; Low bed adhesion; Repaired; WARNING,,3608915.0,390.0,0.0,1h 12m 40s,72.66666666666667,5.72,1918.8,P1_no_supports
1000,s3c_closing__r_0.6mm,meshes/s3c_closing__r_0.6mm/case_outputs/1000__s3c_closing__r_0.6mm/segmentation_repaired.stl,3172784,7.58,0,True,True,8,Consider enabling brim; Consider enabling supports; Detected print stability issues; Floating object part; Loose extrusions; Low bed adhesion; Repaired; WARNING,,5242210.0,435.0,0.0,1h 47m 19s,107.31666666666666,8.93,2992.9,P1_no_supports
751,s3c_closing__r_0.6mm,meshes/s3c_closing__r_0.6mm/case_outputs/751__s3c_closing__r_0.6mm/segmentation_repaired.stl,3394784,7.85,0,True,True,8,Consider enabling brim; Consider enabling supports; Detected print stability issues; Floating object part; Loose extrusions; Low bed adhesion; Repaired; WARNING,,5549137.0,489.0,0.0,1h 58m 39s,118.65,9.06,3038.87,P1_no_supports
752,s3c_closing__r_0.6mm,meshes/s3c_closing__r_0.6mm/case_outputs/752__s3c_closing__r_0.6mm/segmentation_repaired.stl,3935084,9.57,0,True,True,8,Consider enabling brim; Consider enabling supports; Detected print stability issues; Floating object part; Loose extrusions; Low bed adhesion; Repaired; WARNING,,6581780.0,516.0,0.0,2h 16m 21s,136.35,10.69,3583.49,P1_no_supports
753,s3c_closing__r_0.6mm,meshes/s3c_closing__r_0.6mm/case_outputs/753__s3c_closing__r_0.6mm/segmentation_repaired.stl,2074584,5.31,0,True,True,8,Consider enabling brim; Consider enabling supports; Detected print stability issues; Floating object part; Loose extrusions; Low bed adhesion; Repaired; WARNING,,3436151.0,393.0,0.0,1h 13m 53s,73.88333333333334,5.71,1913.21,P1_no_supports
754,s3c_closing__r_0.6mm,meshes/s3c_closing__r_0.6mm/case_outputs/754__s3c_closing__r_0.6mm/segmentation_repaired.stl,2758984,7.18,0,True,True,7,Consider enabling brim; Consider enabling supports; Detected print stability issues; Floating object part; Low bed adhesion; Repaired; WARNING,,4855019.0,564.0,0.0,1h 48m 41s,108.68333333333334,8.17,2739.65,P1_no_supports
755,s3c_closing__r_0.6mm,meshes/s3c_closing__r_0.6mm/case_outputs/755__s3c_closing__r_0.6mm/segmentation_repaired.stl,2895184,6.85,0,True,True,8,Consider enabling brim; Consider enabling supports; Detected print stability issues; Floating object part; Loose extrusions; Low bed adhesion; Repaired; WARNING,,4770322.0,453.0,0.0,1h 37m 12s,97.2,7.89,2645.82,P1_no_supports
756,s3c_closing__r_0.6mm,meshes/s3c_closing__r_0.6mm/case_outputs/756__s3c_closing__r_0.6mm/segmentation_repaired.stl,2147284,5.34,0,True,True,8,Consider enabling brim; Consider enabling supports; Detected print stability issues; Floating object part; Loose extrusions; Low bed adhesion; Repaired; WARNING,,3586101.0,402.0,0.0,1h 15m 30s,75.5,5.72,1917.22,P1_no_supports
757,s3c_closing__r_0.6mm,meshes/s3c_closing__r_0.6mm/case_outputs/757__s3c_closing__r_0.6mm/segmentation_repaired.stl,3320984,7.8,0,True,True,8,Consider enabling brim; Consider enabling supports; Detected print stability issues; Floating object part; Loose extrusions; Low bed adhesion; Repaired; WARNING,,5586722.0,489.0,0.0,2h 2m 7s,122.11666666666666,9.68,3246.2,P1_no_supports
758,s3c_closing__r_0.6mm,meshes/s3c_closing__r_0.6mm/case_outputs/758__s3c_closing__r_0.6mm/segmentation_repaired.stl,2634484,6.73,0,True,True,8,Consider enabling brim; Consider enabling supports; Detected print stability issues; Floating object part; Loose extrusions; Low bed adhesion; Repaired; WARNING,,4396989.0,579.0,0.0,1h 39m 2s,99.03333333333332,7.09,2377.45,P1_no_supports
759,s3c_closing__r_0.6mm,meshes/s3c_closing__r_0.6mm/case_outputs/759__s3c_closing__r_0.6mm/segmentation_repaired.stl,1913684,4.94,0,True,True,8,Consider enabling brim; Consider enabling supports; Detected print stability issues; Floating object part; Loose extrusions; Low bed adhesion; Repaired; WARNING,,3093834.0,414.0,0.0,1h 6m 7s,66.11666666666666,5.04,1691.08,P1_no_supports
760,s3c_closing__r_0.6mm,meshes/s3c_closing__r_0.6mm/case_outputs/760__s3c_closing__r_0.6mm/segmentation_repaired.stl,3485684,8.44,0,True,True,8,Consider enabling brim; Consider enabling supports; Detected print stability issues; Floating object part; Loose extrusions; Low bed adhesion; Repaired; WARNING,,5764526.0,465.0,0.0,2h 3m 41s,123.68333333333334,9.97,3342.95,P1_no_supports
761,s3c_closing__r_0.6mm,meshes/s3c_closing__r_0.6mm/case_outputs/761__s3c_closing__r_0.6mm/segmentation_repaired.stl,3747284,8.35,0,True,True,8,Consider enabling brim; Consider enabling supports; Detected print stability issues; Floating object part; Loose extrusions; Low bed adhesion; Repaired; WARNING,,6223251.0,420.0,0.0,2h 1m 13s,121.21666666666668,10.46,3507.91,P1_no_supports
762,s3c_closing__r_0.6mm,meshes/s3c_closing__r_0.6mm/case_outputs/762__s3c_closing__r_0.6mm/segmentation_repaired.stl,3839884,8.81,0,True,True,8,Consider enabling brim; Consider enabling supports; Detected print stability issues; Floating object part; Loose extrusions; Low bed adhesion; Repaired; WARNING,,6329210.0,515.0,0.0,2h 13m 25s,133.41666666666666,10.66,3574.46,P1_no_supports
763,s3c_closing__r_0.6mm,meshes/s3c_closing__r_0.6mm/case_outputs/763__s3c_closing__r_0.6mm/segmentation_repaired.stl,3859484,9.15,0,True,True,8,Consider enabling brim; Consider enabling supports; Detected print stability issues; Floating object part; Loose extrusions; Low bed adhesion; Repaired; WARNING,,6583770.0,465.0,0.0,2h 15m 6s,135.1,11.21,3759.91,P1_no_supports
764,s3c_closing__r_0.6mm,meshes/s3c_closing__r_0.6mm/case_outputs/764__s3c_closing__r_0.6mm/segmentation_repaired.stl,4801884,10.72,0,True,True,8,Consider enabling brim; Consider enabling supports; Detected print stability issues; Floating object part; Loose extrusions; Low bed adhesion; Repaired; WARNING,,7817836.0,432.0,0.0,2h 36m 28s,156.46666666666667,13.99,4691.86,P1_no_supports
765,s3c_closing__r_0.6mm,meshes/s3c_closing__r_0.6mm/case_outputs/765__s3c_closing__r_0.6mm/segmentation_repaired.stl,2904284,7.38,0,True,True,8,Consider enabling brim; Consider enabling supports; Detected print stability issues; Floating object part; Loose extrusions; Low bed adhesion; Repaired; WARNING,,4722191.0,447.0,0.0,1h 42m 33s,102.55,7.65,2566.46,P1_no_supports
766,s3c_closing__r_0.6mm,meshes/s3c_closing__r_0.6mm/case_outputs/766__s3c_closing__r_0.6mm/segmentation_repaired.stl,5370084,11.99,0,True,True,8,Consider enabling brim; Consider enabling supports; Detected print stability issues; Floating object part; Loose extrusions; Low bed adhesion; Repaired; WARNING,,8666698.0,504.0,0.0,2h 54m 49s,174.81666666666666,15.57,5220.95,P1_no_supports
767,s3c_closing__r_0.6mm,meshes/s3c_closing__r_0.6mm/case_outputs/767__s3c_closing__r_0.6mm/segmentation_repaired.stl,2406884,6.73,0,True,True,8,Consider enabling brim; Consider enabling supports; Detected print stability issues; Floating object part; Loose extrusions; Low bed adhesion; Repaired; WARNING,,3889614.0,432.0,0.0,1h 22m 53s,82.88333333333334,6.29,2107.6,P1_no_supports
768,s3c_closing__r_0.6mm,meshes/s3c_closing__r_0.6mm/case_outputs/768__s3c_closing__r_0.6mm/segmentation_repaired.stl,2841684,5.87,0,True,True,8,Consider enabling brim; Consider enabling supports; Detected print stability issues; Floating object part; Loose extrusions; Low bed adhesion; Repaired; WARNING,,4458969.0,456.0,0.0,1h 29m 26s,89.43333333333334,7.9,2647.24,P1_no_supports
769,s3c_closing__r_0.6mm,meshes/s3c_closing__r_0.6mm/case_outputs/769__s3c_closing__r_0.6mm/segmentation_repaired.stl,3689784,8.52,0,True,True,8,Consider enabling brim; Consider enabling supports; Detected print stability issues; Floating object part; Loose extrusions; Low bed adhesion; Repaired; WARNING,,6192410.0,417.0,0.0,2h 11m 40s,131.66666666666666,10.87,3643.28,P1_no_supports
770,s3c_closing__r_0.6mm,meshes/s3c_closing__r_0.6mm/case_outputs/770__s3c_closing__r_0.6mm/segmentation_repaired.stl,5034184,11.32,0,True,True,8,Consider enabling brim; Consider enabling supports; Detected print stability issues; Floating object part; Loose extrusions; Low bed adhesion; Repaired; WARNING,,8383463.0,468.0,0.0,2h 49m 28s,169.46666666666667,14.51,4866.02,P1_no_supports
771,s3c_closing__r_0.6mm,meshes/s3c_closing__r_0.6mm/case_outputs/771__s3c_closing__r_0.6mm/segmentation_repaired.stl,2998484,7.07,0,True,True,8,Consider enabling brim; Consider enabling supports; Detected print stability issues; Floating object part; Loose extrusions; Low bed adhesion; Repaired; WARNING,,4937265.0,429.0,0.0,1h 41m 3s,101.05,8.46,2837.61,P1_no_supports
772,s3c_closing__r_0.6mm,meshes/s3c_closing__r_0.6mm/case_outputs/772__s3c_closing__r_0.6mm/segmentation_repaired.stl,3247484,7.42,0,True,True,8,Consider enabling brim; Consider enabling supports; Detected print stability issues; Floating object part; Loose extrusions; Low bed adhesion; Repaired; WARNING,,5217516.0,432.0,0.0,1h 44m 42s,104.7,8.98,3011.49,P1_no_supports
773,s3c_closing__r_0.6mm,meshes/s3c_closing__r_0.6mm/case_outputs/773__s3c_closing__r_0.6mm/segmentation_repaired.stl,2773484,7.13,0,True,True,8,Consider enabling brim; Consider enabling supports; Detected print stability issues; Floating object part; Loose extrusions; Low bed adhesion; Repaired; WARNING,,4725296.0,543.0,0.0,1h 40m 40s,100.66666666666669,7.59,2543.55,P1_no_supports
774,s3c_closing__r_0.6mm,meshes/s3c_closing__r_0.6mm/case_outputs/774__s3c_closing__r_0.6mm/segmentation_repaired.stl,2797684,6.83,0,True,True,8,Consider enabling brim; Consider enabling supports; Detected print stability issues; Floating object part; Loose extrusions; Low bed adhesion; Repaired; WARNING,,4708996.0,501.0,0.0,1h 41m 27s,101.45,7.97,2671.66,P1_no_supports
775,s3c_closing__r_0.6mm,meshes/s3c_closing__r_0.6mm/case_outputs/775__s3c_closing__r_0.6mm/segmentation_repaired.stl,2424784,5.71,0,True,True,8,Consider enabling brim; Consider enabling supports; Detected print stability issues; Floating object part; Loose extrusions; Low bed adhesion; Repaired; WARNING,,3949423.0,423.0,0.0,1h 19m 11s,79.18333333333334,6.67,2237.3,P1_no_supports
776,s3c_closing__r_0.6mm,meshes/s3c_closing__r_0.6mm/case_outputs/776__s3c_closing__r_0.6mm/segmentation_repaired.stl,3437584,8.44,0,True,True,8,Consider enabling brim; Consider enabling supports; Detected print stability issues; Floating object part; Loose extrusions; Low bed adhesion; Repaired; WARNING,,5637039.0,441.0,0.0,1h 58m 14s,118.23333333333332,9.06,3037.85,P1_no_supports
777,s3c_closing__r_0.6mm,meshes/s3c_closing__r_0.6mm/case_outputs/777__s3c_closing__r_0.6mm/segmentation_repaired.stl,2812784,7.22,0,True,True,8,Consider enabling brim; Consider enabling supports; Detected print stability issues; Floating object part; Loose extrusions; Low bed adhesion; Repaired; WARNING,,4679874.0,459.0,0.0,1h 36m 52s,96.86666666666666,7.32,2454.58,P1_no_supports
778,s3c_closing__r_0.6mm,meshes/s3c_closing__r_0.6mm/case_outputs/778__s3c_closing__r_0.6mm/segmentation_repaired.stl,2820484,7.2,0,True,True,8,Consider enabling brim; Consider enabling supports; Detected print stability issues; Floating object part; Loose extrusions; Low bed adhesion; Repaired; WARNING,,4692261.0,462.0,0.0,1h 38m 43s,98.71666666666668,7.55,2531.93,P1_no_supports
779,s3c_closing__r_0.6mm,meshes/s3c_closing__r_0.6mm/case_outputs/779__s3c_closing__r_0.6mm/segmentation_repaired.stl,3548684,8.01,1,False,False,8,Consider enabling brim; Consider enabling supports; Detected print stability issues; Floating object part; Loose extrusions; Low bed adhesion; Repaired; WARNING,There is an object with no extrusions in the first layer. | Object name: segmentation_repaired.stl,,,,,,,,P1_no_supports
780,s3c_closing__r_0.6mm,meshes/s3c_closing__r_0.6mm/case_outputs/780__s3c_closing__r_0.6mm/segmentation_repaired.stl,3990984,9.18,0,True,True,8,Consider enabling brim; Consider enabling supports; Detected print stability issues; Floating object part; Loose extrusions; Low bed adhesion; Repaired; WARNING,,6547126.0,432.0,0.0,2h 13m 29s,133.48333333333332,11.13,3732.44,P1_no_supports
781,s3c_closing__r_0.6mm,meshes/s3c_closing__r_0.6mm/case_outputs/781__s3c_closing__r_0.6mm/segmentation_repaired.stl,2715984,6.61,0,True,True,8,Consider enabling brim; Consider enabling supports; Detected print stability issues; Floating object part; Loose extrusions; Low bed adhesion; Repaired; WARNING,,4291472.0,375.0,0.0,1h 29m 6s,89.1,7.04,2358.74,P1_no_supports
782,s3c_closing__r_0.6mm,meshes/s3c_closing__r_0.6mm/case_outputs/782__s3c_closing__r_0.6mm/segmentation_repaired.stl,3870284,8.79,0,True,True,8,Consider enabling brim; Consider enabling supports; Detected print stability issues; Floating object part; Loose extrusions; Low bed adhesion; Repaired; WARNING,,6321832.0,462.0,0.0,2h 11m 7s,131.11666666666667,10.98,3680.9,P1_no_supports
783,s3c_closing__r_0.6mm,meshes/s3c_closing__r_0.6mm/case_outputs/783__s3c_closing__r_0.6mm/segmentation_repaired.stl,2590084,6.4,0,True,True,8,Consider enabling brim; Consider enabling supports; Detected print stability issues; Floating object part; Loose extrusions; Low bed adhesion; Repaired; WARNING,,4289615.0,411.0,0.0,1h 25m 26s,85.43333333333334,7.07,2370.72,P1_no_supports
784,s3c_closing__r_0.6mm,meshes/s3c_closing__r_0.6mm/case_outputs/784__s3c_closing__r_0.6mm/segmentation_repaired.stl,2640684,6.17,1,False,False,8,Consider enabling brim; Consider enabling supports; Detected print stability issues; Floating object part; Loose extrusions; Low bed adhesion; Repaired; WARNING,There is an object with no extrusions in the first layer. | Object name: segmentation_repaired.stl,,,,,,,,P1_no_supports
785,s3c_closing__r_0.6mm,meshes/s3c_closing__r_0.6mm/case_outputs/785__s3c_closing__r_0.6mm/segmentation_repaired.stl,1905884,5.2,1,False,False,8,Consider enabling brim; Consider enabling supports; Detected print stability issues; Floating object part; Loose extrusions; Low bed adhesion; Repaired; WARNING,There is an object with no extrusions in the first layer. | Object name: segmentation_repaired.stl,,,,,,,,P1_no_supports
786,s3c_closing__r_0.6mm,meshes/s3c_closing__r_0.6mm/case_outputs/786__s3c_closing__r_0.6mm/segmentation_repaired.stl,2815484,6.93,0,True,True,8,Consider enabling brim; Consider enabling supports; Detected print stability issues; Floating object part; Loose extrusions; Low bed adhesion; Repaired; WARNING,,4716049.0,417.0,0.0,1h 34m 45s,94.75,8.03,2692.69,P1_no_supports
787,s3c_closing__r_0.6mm,meshes/s3c_closing__r_0.6mm/case_outputs/787__s3c_closing__r_0.6mm/segmentation_repaired.stl,2588884,6.22,1,False,False,8,Consider enabling brim; Consider enabling supports; Detected print stability issues; Floating object part; Loose extrusions; Low bed adhesion; Repaired; WARNING,There is an object with no extrusions in the first layer. | Object name: segmentation_repaired.stl,,,,,,,,P1_no_supports
788,s3c_closing__r_0.6mm,meshes/s3c_closing__r_0.6mm/case_outputs/788__s3c_closing__r_0.6mm/segmentation_repaired.stl,3889884,8.67,1,False,False,8,Consider enabling brim; Consider enabling supports; Detected print stability issues; Floating object part; Loose extrusions; Low bed adhesion; Repaired; WARNING,There is an object with no extrusions in the first layer. | Object name: segmentation_repaired.stl,,,,,,,,P1_no_supports
789,s3c_closing__r_0.6mm,meshes/s3c_closing__r_0.6mm/case_outputs/789__s3c_closing__r_0.6mm/segmentation_repaired.stl,3208284,8.67,0,True,True,8,Consider enabling brim; Consider enabling supports; Detected print stability issues; Floating object part; Loose extrusions; Low bed adhesion; Repaired; WARNING,,5283141.0,503.0,0.0,1h 52m 19s,112.31666666666666,8.97,3007.2,P1_no_supports
790,s3c_closing__r_0.6mm,meshes/s3c_closing__r_0.6mm/case_outputs/790__s3c_closing__r_0.6mm/segmentation_repaired.stl,3121084,8.44,0,True,True,8,Consider enabling brim; Consider enabling supports; Detected print stability issues; Floating object part; Loose extrusions; Low bed adhesion; Repaired; WARNING,,5222653.0,585.0,0.0,1h 52m 12s,112.2,8.4,2818.04,P1_no_supports
791,s3c_closing__r_0.6mm,meshes/s3c_closing__r_0.6mm/case_outputs/791__s3c_closing__r_0.6mm/segmentation_repaired.stl,4217484,9.88,0,True,True,8,Consider enabling brim; Consider enabling supports; Detected print stability issues; Floating object part; Loose extrusions; Low bed adhesion; Repaired; WARNING,,7009293.0,444.0,0.0,2h 16m 46s,136.76666666666668,11.66,3910.74,P1_no_supports
792,s3c_closing__r_0.6mm,meshes/s3c_closing__r_0.6mm/case_outputs/792__s3c_closing__r_0.6mm/segmentation_repaired.stl,2446884,6.17,0,True,True,8,Consider enabling brim; Consider enabling supports; Detected print stability issues; Floating object part; Loose extrusions; Low bed adhesion; Repaired; WARNING,,4073023.0,426.0,0.0,1h 28m 47s,88.78333333333333,6.98,2339.7,P1_no_supports
793,s3c_closing__r_0.6mm,meshes/s3c_closing__r_0.6mm/case_outputs/793__s3c_closing__r_0.6mm/segmentation_repaired.stl,2128584,5.39,0,True,True,8,Consider enabling brim; Consider enabling supports; Detected print stability issues; Floating object part; Loose extrusions; Low bed adhesion; Repaired; WARNING,,3493194.0,414.0,0.0,1h 10m 33s,70.55,5.73,1920.24,P1_no_supports
794,s3c_closing__r_0.6mm,meshes/s3c_closing__r_0.6mm/case_outputs/794__s3c_closing__r_0.6mm/segmentation_repaired.stl,4394684,10.34,0,True,True,8,Consider enabling brim; Consider enabling supports; Detected print stability issues; Floating object part; Loose extrusions; Low bed adhesion; Repaired; WARNING,,7270221.0,492.0,0.0,2h 27m 52s,147.86666666666667,13.27,4448.17,P1_no_supports
795,s3c_closing__r_0.6mm,meshes/s3c_closing__r_0.6mm/case_outputs/795__s3c_closing__r_0.6mm/segmentation_repaired.stl,2567684,6.7,0,True,True,8,Consider enabling brim; Consider enabling supports; Detected print stability issues; Floating object part; Loose extrusions; Low bed adhesion; Repaired; WARNING,,4105565.0,447.0,0.0,1h 24m 53s,84.88333333333334,6.82,2285.13,P1_no_supports
796,s3c_closing__r_0.6mm,meshes/s3c_closing__r_0.6mm/case_outputs/796__s3c_closing__r_0.6mm/segmentation_repaired.stl,3021084,7.58,0,True,True,8,Consider enabling brim; Consider enabling supports; Detected print stability issues; Floating object part; Loose extrusions; Low bed adhesion; Repaired; WARNING,,4896308.0,474.0,0.0,1h 46m 18s,106.3,8.45,2834.78,P1_no_supports
797,s3c_closing__r_0.6mm,meshes/s3c_closing__r_0.6mm/case_outputs/797__s3c_closing__r_0.6mm/segmentation_repaired.stl,3146684,7.81,0,True,True,8,Consider enabling brim; Consider enabling supports; Detected print stability issues; Floating object part; Loose extrusions; Low bed adhesion; Repaired; WARNING,,5197263.0,435.0,0.0,1h 45m 27s,105.45,8.0,2680.77,P1_no_supports
798,s3c_closing__r_0.6mm,meshes/s3c_closing__r_0.6mm/case_outputs/798__s3c_closing__r_0.6mm/segmentation_repaired.stl,4238284,10.14,0,True,True,8,Consider enabling brim; Consider enabling supports; Detected print stability issues; Floating object part; Loose extrusions; Low bed adhesion; Repaired; WARNING,,6762689.0,525.0,0.0,2h 19m 19s,139.31666666666666,11.46,3841.15,P1_no_supports
799,s3c_closing__r_0.6mm,meshes/s3c_closing__r_0.6mm/case_outputs/799__s3c_closing__r_0.6mm/segmentation_repaired.stl,3664284,8.69,1,False,False,8,Consider enabling brim; Consider enabling supports; Detected print stability issues; Floating object part; Loose extrusions; Low bed adhesion; Repaired; WARNING,There is an object with no extrusions in the first layer. | Object name: segmentation_repaired.stl,,,,,,,,P1_no_supports
800,s3c_closing__r_0.6mm,meshes/s3c_closing__r_0.6mm/case_outputs/800__s3c_closing__r_0.6mm/segmentation_repaired.stl,4122884,9.83,0,True,True,8,Consider enabling brim; Consider enabling supports; Detected print stability issues; Floating object part; Loose extrusions; Low bed adhesion; Repaired; WARNING,,6991492.0,483.0,0.0,2h 22m 49s,142.81666666666666,12.05,4038.68,P1_no_supports
801,s3c_closing__r_0.6mm,meshes/s3c_closing__r_0.6mm/case_outputs/801__s3c_closing__r_0.6mm/segmentation_repaired.stl,3951584,9.44,0,True,True,8,Consider enabling brim; Consider enabling supports; Detected print stability issues; Floating object part; Loose extrusions; Low bed adhesion; Repaired; WARNING,,6460921.0,393.0,0.0,2h 8m 12s,128.2,10.7,3587.69,P1_no_supports
802,s3c_closing__r_0.6mm,meshes/s3c_closing__r_0.6mm/case_outputs/802__s3c_closing__r_0.6mm/segmentation_repaired.stl,2660784,6.66,0,True,True,8,Consider enabling brim; Consider enabling supports; Detected print stability issues; Floating object part; Loose extrusions; Low bed adhesion; Repaired; WARNING,,4554913.0,435.0,0.0,1h 34m 30s,94.5,7.6,2548.54,P1_no_supports
803,s3c_closing__r_0.6mm,meshes/s3c_closing__r_0.6mm/case_outputs/803__s3c_closing__r_0.6mm/segmentation_repaired.stl,3364984,7.88,0,True,True,8,Consider enabling brim; Consider enabling supports; Detected print stability issues; Floating object part; Loose extrusions; Low bed adhesion; Repaired; WARNING,,5606457.0,525.0,0.0,2h 1m 52s,121.86666666666666,9.01,3019.82,P1_no_supports
804,s3c_closing__r_0.6mm,meshes/s3c_closing__r_0.6mm/case_outputs/804__s3c_closing__r_0.6mm/segmentation_repaired.stl,2519884,6.1,0,True,True,8,Consider enabling brim; Consider enabling supports; Detected print stability issues; Floating object part; Loose extrusions; Low bed adhesion; Repaired; WARNING,,4071452.0,435.0,0.0,1h 29m 17s,89.28333333333333,7.43,2491.76,P1_no_supports
805,s3c_closing__r_0.6mm,meshes/s3c_closing__r_0.6mm/case_outputs/805__s3c_closing__r_0.6mm/segmentation_repaired.stl,3506484,8.0,0,True,True,8,Consider enabling brim; Consider enabling supports; Detected print stability issues; Floating object part; Loose extrusions; Low bed adhesion; Repaired; WARNING,,5805724.0,465.0,0.0,1h 55m 35s,115.58333333333331,8.89,2981.07,P1_no_supports
806,s3c_closing__r_0.6mm,meshes/s3c_closing__r_0.6mm/case_outputs/806__s3c_closing__r_0.6mm/segmentation_repaired.stl,3329884,7.32,1,False,False,8,Consider enabling brim; Consider enabling supports; Detected print stability issues; Floating object part; Loose extrusions; Low bed adhesion; Repaired; WARNING,There is an object with no extrusions in the first layer. | Object name: segmentation_repaired.stl,,,,,,,,P1_no_supports
807,s3c_closing__r_0.6mm,meshes/s3c_closing__r_0.6mm/case_outputs/807__s3c_closing__r_0.6mm/segmentation_repaired.stl,3505584,8.43,0,True,True,8,Consider enabling brim; Consider enabling supports; Detected print stability issues; Floating object part; Loose extrusions; Low bed adhesion; Repaired; WARNING,,6000371.0,468.0,0.0,2h 5m 49s,125.81666666666666,10.3,3454.01,P1_no_supports
808,s3c_closing__r_0.6mm,meshes/s3c_closing__r_0.6mm/case_outputs/808__s3c_closing__r_0.6mm/segmentation_repaired.stl,3248684,7.53,0,True,True,8,Consider enabling brim; Consider enabling supports; Detected print stability issues; Floating object part; Loose extrusions; Low bed adhesion; Repaired; WARNING,,5086380.0,411.0,0.0,1h 46m 29s,106.48333333333332,9.21,3088.19,P1_no_supports
809,s3c_closing__r_0.6mm,meshes/s3c_closing__r_0.6mm/case_outputs/809__s3c_closing__r_0.6mm/segmentation_repaired.stl,835284,2.26,0,True,True,8,Consider enabling brim; Consider enabling supports; Detected print stability issues; Floating object part; Loose extrusions; Low bed adhesion; Repaired; WARNING,,1220141.0,273.0,0.0,27m 19s,27.316666666666663,2.31,774.82,P1_no_supports
810,s3c_closing__r_0.6mm,meshes/s3c_closing__r_0.6mm/case_outputs/810__s3c_closing__r_0.6mm/segmentation_repaired.stl,3099784,7.39,0,True,True,8,Consider enabling brim; Consider enabling supports; Detected print stability issues; Floating object part; Loose extrusions; Low bed adhesion; Repaired; WARNING,,5055041.0,522.0,0.0,1h 46m 45s,106.75,8.47,2841.31,P1_no_supports
811,s3c_closing__r_0.6mm,meshes/s3c_closing__r_0.6mm/case_outputs/811__s3c_closing__r_0.6mm/segmentation_repaired.stl,2813084,7.13,0,True,True,8,Consider enabling brim; Consider enabling supports; Detected print stability issues; Floating object part; Loose extrusions; Low bed adhesion; Repaired; WARNING,,4707628.0,393.0,0.0,1h 42m 32s,102.53333333333332,8.42,2823.8,P1_no_supports
812,s3c_closing__r_0.6mm,meshes/s3c_closing__r_0.6mm/case_outputs/812__s3c_closing__r_0.6mm/segmentation_repaired.stl,4050984,9.07,0,True,True,8,Consider enabling brim; Consider enabling supports; Detected print stability issues; Floating object part; Loose extrusions; Low bed adhesion; Repaired; WARNING,,6290350.0,402.0,0.0,2h 11m 59s,131.98333333333332,11.77,3945.05,P1_no_supports
813,s3c_closing__r_0.6mm,meshes/s3c_closing__r_0.6mm/case_outputs/813__s3c_closing__r_0.6mm/segmentation_repaired.stl,2369784,5.73,0,True,True,8,Consider enabling brim; Consider enabling supports; Detected print stability issues; Floating object part; Loose extrusions; Low bed adhesion; Repaired; WARNING,,3845877.0,441.0,0.0,1h 23m 28s,83.46666666666667,6.47,2168.62,P1_no_supports
814,s3c_closing__r_0.6mm,meshes/s3c_closing__r_0.6mm/case_outputs/814__s3c_closing__r_0.6mm/segmentation_repaired.stl,3911184,8.91,0,True,True,8,Consider enabling brim; Consider enabling supports; Detected print stability issues; Floating object part; Loose extrusions; Low bed adhesion; Repaired; WARNING,,6428521.0,441.0,0.0,2h 10m 37s,130.61666666666667,11.54,3869.85,P1_no_supports
815,s3c_closing__r_0.6mm,meshes/s3c_closing__r_0.6mm/case_outputs/815__s3c_closing__r_0.6mm/segmentation_repaired.stl,4008084,9.48,0,True,True,8,Consider enabling brim; Consider enabling supports; Detected print stability issues; Floating object part; Loose extrusions; Low bed adhesion; Repaired; WARNING,,6621878.0,528.0,0.0,2h 24m 25s,144.41666666666666,12.06,4043.89,P1_no_supports
816,s3c_closing__r_0.6mm,meshes/s3c_closing__r_0.6mm/case_outputs/816__s3c_closing__r_0.6mm/segmentation_repaired.stl,2279784,5.77,0,True,True,8,Consider enabling brim; Consider enabling supports; Detected print stability issues; Floating object part; Loose extrusions; Low bed adhesion; Repaired; WARNING,,3843312.0,489.0,0.0,1h 24m 21s,84.35,6.31,2114.56,P1_no_supports
817,s3c_closing__r_0.6mm,meshes/s3c_closing__r_0.6mm/case_outputs/817__s3c_closing__r_0.6mm/segmentation_repaired.stl,3306284,8.13,0,True,True,8,Consider enabling brim; Consider enabling supports; Detected print stability issues; Floating object part; Loose extrusions; Low bed adhesion; Repaired; WARNING,,5475701.0,408.0,0.0,1h 55m 54s,115.9,9.32,3123.93,P1_no_supports
818,s3c_closing__r_0.6mm,meshes/s3c_closing__r_0.6mm/case_outputs/818__s3c_closing__r_0.6mm/segmentation_repaired.stl,2805084,6.78,0,True,True,8,Consider enabling brim; Consider enabling supports; Detected print stability issues; Floating object part; Loose extrusions; Low bed adhesion; Repaired; WARNING,,4780364.0,447.0,0.0,1h 48m 43s,108.71666666666668,8.71,2920.38,P1_no_supports
819,s3c_closing__r_0.6mm,meshes/s3c_closing__r_0.6mm/case_outputs/819__s3c_closing__r_0.6mm/segmentation_repaired.stl,3623884,8.56,0,True,True,8,Consider enabling brim; Consider enabling supports; Detected print stability issues; Floating object part; Loose extrusions; Low bed adhesion; Repaired; WARNING,,6085518.0,420.0,0.0,2h 5m 32s,125.53333333333332,11.42,3828.53,P1_no_supports
820,s3c_closing__r_0.6mm,meshes/s3c_closing__r_0.6mm/case_outputs/820__s3c_closing__r_0.6mm/segmentation_repaired.stl,2899284,7.36,0,True,True,8,Consider enabling brim; Consider enabling supports; Detected print stability issues; Floating object part; Loose extrusions; Low bed adhesion; Repaired; WARNING,,4670581.0,420.0,0.0,1h 33m 42s,93.7,8.11,2720.46,P1_no_supports
821,s3c_closing__r_0.6mm,meshes/s3c_closing__r_0.6mm/case_outputs/821__s3c_closing__r_0.6mm/segmentation_repaired.stl,2290684,6.29,0,True,True,8,Consider enabling brim; Consider enabling supports; Detected print stability issues; Floating object part; Loose extrusions; Low bed adhesion; Repaired; WARNING,,4030738.0,537.0,0.0,1h 26m 41s,86.68333333333334,7.04,2359.87,P1_no_supports
822,s3c_closing__r_0.6mm,meshes/s3c_closing__r_0.6mm/case_outputs/822__s3c_closing__r_0.6mm/segmentation_repaired.stl,4063384,9.29,0,True,True,8,Consider enabling brim; Consider enabling supports; Detected print stability issues; Floating object part; Loose extrusions; Low bed adhesion; Repaired; WARNING,,6841401.0,453.0,0.0,2h 19m 42s,139.7,11.91,3993.54,P1_no_supports
823,s3c_closing__r_0.6mm,meshes/s3c_closing__r_0.6mm/case_outputs/823__s3c_closing__r_0.6mm/segmentation_repaired.stl,2982984,7.07,0,True,True,8,Consider enabling brim; Consider enabling supports; Detected print stability issues; Floating object part; Loose extrusions; Low bed adhesion; Repaired; WARNING,,4955177.0,399.0,0.0,1h 43m 27s,103.45,8.41,2819.51,P1_no_supports
824,s3c_closing__r_0.6mm,meshes/s3c_closing__r_0.6mm/case_outputs/824__s3c_closing__r_0.6mm/segmentation_repaired.stl,2446284,6.02,0,True,True,8,Consider enabling brim; Consider enabling supports; Detected print stability issues; Floating object part; Loose extrusions; Low bed adhesion; Repaired; WARNING,,3988662.0,468.0,0.0,1h 28m 19s,88.31666666666666,6.8,2279.74,P1_no_supports
825,s3c_closing__r_0.6mm,meshes/s3c_closing__r_0.6mm/case_outputs/825__s3c_closing__r_0.6mm/segmentation_repaired.stl,2710784,6.52,0,True,True,8,Consider enabling brim; Consider enabling supports; Detected print stability issues; Floating object part; Loose extrusions; Low bed adhesion; Repaired; WARNING,,4518106.0,393.0,0.0,1h 33m 23s,93.38333333333334,7.78,2607.45,P1_no_supports
826,s3c_closing__r_0.6mm,meshes/s3c_closing__r_0.6mm/case_outputs/826__s3c_closing__r_0.6mm/segmentation_repaired.stl,4685884,10.66,0,True,True,8,Consider enabling brim; Consider enabling supports; Detected print stability issues; Floating object part; Loose extrusions; Low bed adhesion; Repaired; WARNING,,7673154.0,417.0,0.0,2h 35m 57s,155.95,13.2,4425.45,P1_no_supports
827,s3c_closing__r_0.6mm,meshes/s3c_closing__r_0.6mm/case_outputs/827__s3c_closing__r_0.6mm/segmentation_repaired.stl,3455984,8.94,0,True,True,8,Consider enabling brim; Consider enabling supports; Detected print stability issues; Floating object part; Loose extrusions; Low bed adhesion; Repaired; WARNING,,5768332.0,525.0,0.0,2h 2m 30s,122.5,9.42,3157.46,P1_no_supports
828,s3c_closing__r_0.6mm,meshes/s3c_closing__r_0.6mm/case_outputs/828__s3c_closing__r_0.6mm/segmentation_repaired.stl,4068784,9.29,0,True,True,8,Consider enabling brim; Consider enabling supports; Detected print stability issues; Floating object part; Loose extrusions; Low bed adhesion; Repaired; WARNING,,6593911.0,438.0,0.0,2h 13m 6s,133.1,11.45,3838.96,P1_no_supports
829,s3c_closing__r_0.6mm,meshes/s3c_closing__r_0.6mm/case_outputs/829__s3c_closing__r_0.6mm/segmentation_repaired.stl,3948184,9.28,0,True,True,8,Consider enabling brim; Consider enabling supports; Detected print stability issues; Floating object part; Loose extrusions; Low bed adhesion; Repaired; WARNING,,6314742.0,417.0,0.0,2h 10m 31s,130.51666666666668,10.83,3631.41,P1_no_supports
830,s3c_closing__r_0.6mm,meshes/s3c_closing__r_0.6mm/case_outputs/830__s3c_closing__r_0.6mm/segmentation_repaired.stl,2836384,6.66,0,True,True,8,Consider enabling brim; Consider enabling supports; Detected print stability issues; Floating object part; Loose extrusions; Low bed adhesion; Repaired; WARNING,,4616994.0,429.0,0.0,1h 37m 34s,97.56666666666666,7.85,2633.33,P1_no_supports
831,s3c_closing__r_0.6mm,meshes/s3c_closing__r_0.6mm/case_outputs/831__s3c_closing__r_0.6mm/segmentation_repaired.stl,3647584,8.5,0,True,True,8,Consider enabling brim; Consider enabling supports; Detected print stability issues; Floating object part; Loose extrusions; Low bed adhesion; Repaired; WARNING,,5903343.0,519.0,0.0,2h 9m 52s,129.86666666666667,11.09,3718.38,P1_no_supports
832,s3c_closing__r_0.6mm,meshes/s3c_closing__r_0.6mm/case_outputs/832__s3c_closing__r_0.6mm/segmentation_repaired.stl,3803684,9.08,0,True,True,8,Consider enabling brim; Consider enabling supports; Detected print stability issues; Floating object part; Loose extrusions; Low bed adhesion; Repaired; WARNING,,6326120.0,444.0,0.0,2h 7m 42s,127.7,11.11,3724.92,P1_no_supports
833,s3c_closing__r_0.6mm,meshes/s3c_closing__r_0.6mm/case_outputs/833__s3c_closing__r_0.6mm/segmentation_repaired.stl,3096084,7.1,0,True,True,8,Consider enabling brim; Consider enabling supports; Detected print stability issues; Floating object part; Loose extrusions; Low bed adhesion; Repaired; WARNING,,5112684.0,411.0,0.0,1h 46m 25s,106.41666666666669,8.89,2979.19,P1_no_supports
834,s3c_closing__r_0.6mm,meshes/s3c_closing__r_0.6mm/case_outputs/834__s3c_closing__r_0.6mm/segmentation_repaired.stl,3745984,8.38,0,True,True,8,Consider enabling brim; Consider enabling supports; Detected print stability issues; Floating object part; Loose extrusions; Low bed adhesion; Repaired; WARNING,,6220573.0,462.0,0.0,2h 8m 50s,128.83333333333334,10.53,3531.46,P1_no_supports
835,s3c_closing__r_0.6mm,meshes/s3c_closing__r_0.6mm/case_outputs/835__s3c_closing__r_0.6mm/segmentation_repaired.stl,2644484,6.51,0,True,True,8,Consider enabling brim; Consider enabling supports; Detected print stability issues; Floating object part; Loose extrusions; Low bed adhesion; Repaired; WARNING,,4485958.0,420.0,0.0,1h 32m 54s,92.9,7.78,2607.51,P1_no_supports
836,s3c_closing__r_0.6mm,meshes/s3c_closing__r_0.6mm/case_outputs/836__s3c_closing__r_0.6mm/segmentation_repaired.stl,2429684,6.32,0,True,True,8,Consider enabling brim; Consider enabling supports; Detected print stability issues; Floating object part; Loose extrusions; Low bed adhesion; Repaired; WARNING,,4098338.0,402.0,0.0,1h 28m 29s,88.48333333333333,6.99,2344.55,P1_no_supports
837,s3c_closing__r_0.6mm,meshes/s3c_closing__r_0.6mm/case_outputs/837__s3c_closing__r_0.6mm/segmentation_repaired.stl,3521484,8.06,0,True,True,8,Consider enabling brim; Consider enabling supports; Detected print stability issues; Floating object part; Loose extrusions; Low bed adhesion; Repaired; WARNING,,5900497.0,432.0,0.0,2h 0m 0s,120.0,10.2,3420.47,P1_no_supports
838,s3c_closing__r_0.6mm,meshes/s3c_closing__r_0.6mm/case_outputs/838__s3c_closing__r_0.6mm/segmentation_repaired.stl,3069484,6.8,1,False,False,8,Consider enabling brim; Consider enabling supports; Detected print stability issues; Floating object part; Loose extrusions; Low bed adhesion; Repaired; WARNING,There is an object with no extrusions in the first layer. | Object name: segmentation_repaired.stl,,,,,,,,P1_no_supports
839,s3c_closing__r_0.6mm,meshes/s3c_closing__r_0.6mm/case_outputs/839__s3c_closing__r_0.6mm/segmentation_repaired.stl,2852084,6.85,0,True,True,8,Consider enabling brim; Consider enabling supports; Detected print stability issues; Floating object part; Loose extrusions; Low bed adhesion; Repaired; WARNING,,4638857.0,495.0,0.0,1h 40m 32s,100.53333333333332,7.83,2624.25,P1_no_supports
840,s3c_closing__r_0.6mm,meshes/s3c_closing__r_0.6mm/case_outputs/840__s3c_closing__r_0.6mm/segmentation_repaired.stl,3290084,7.64,0,True,True,8,Consider enabling brim; Consider enabling supports; Detected print stability issues; Floating object part; Loose extrusions; Low bed adhesion; Repaired; WARNING,,5481810.0,435.0,0.0,1h 52m 42s,112.7,9.2,3085.34,P1_no_supports
841,s3c_closing__r_0.6mm,meshes/s3c_closing__r_0.6mm/case_outputs/841__s3c_closing__r_0.6mm/segmentation_repaired.stl,2342884,5.97,0,True,True,8,Consider enabling brim; Consider enabling supports; Detected print stability issues; Floating object part; Loose extrusions; Low bed adhesion; Repaired; WARNING,,3932202.0,414.0,0.0,1h 21m 35s,81.58333333333333,6.55,2197.31,P1_no_supports
842,s3c_closing__r_0.6mm,meshes/s3c_closing__r_0.6mm/case_outputs/842__s3c_closing__r_0.6mm/segmentation_repaired.stl,3233884,7.66,0,True,True,8,Consider enabling brim; Consider enabling supports; Detected print stability issues; Floating object part; Loose extrusions; Low bed adhesion; Repaired; WARNING,,5434810.0,480.0,0.0,1h 54m 26s,114.43333333333334,8.75,2932.36,P1_no_supports
843,s3c_closing__r_0.6mm,meshes/s3c_closing__r_0.6mm/case_outputs/843__s3c_closing__r_0.6mm/segmentation_repaired.stl,2531684,6.55,0,True,True,8,Consider enabling brim; Consider enabling supports; Detected print stability issues; Floating object part; Loose extrusions; Low bed adhesion; Repaired; WARNING,,4237358.0,384.0,0.0,1h 29m 28s,89.46666666666667,7.77,2606.04,P1_no_supports
844,s3c_closing__r_0.6mm,meshes/s3c_closing__r_0.6mm/case_outputs/844__s3c_closing__r_0.6mm/segmentation_repaired.stl,2965884,7.0,0,True,True,8,Consider enabling brim; Consider enabling supports; Detected print stability issues; Floating object part; Loose extrusions; Low bed adhesion; Repaired; WARNING,,4670487.0,444.0,0.0,1h 39m 24s,99.4,8.55,2866.85,P1_no_supports
845,s3c_closing__r_0.6mm,meshes/s3c_closing__r_0.6mm/case_outputs/845__s3c_closing__r_0.6mm/segmentation_repaired.stl,3492484,8.68,0,True,True,8,Consider enabling brim; Consider enabling supports; Detected print stability issues; Floating object part; Loose extrusions; Low bed adhesion; Repaired; WARNING,,5998229.0,591.0,0.0,2h 7m 24s,127.4,9.55,3200.81,P1_no_supports
846,s3c_closing__r_0.6mm,meshes/s3c_closing__r_0.6mm/case_outputs/846__s3c_closing__r_0.6mm/segmentation_repaired.stl,2885684,6.66,1,False,False,8,Consider enabling brim; Consider enabling supports; Detected print stability issues; Floating object part; Loose extrusions; Low bed adhesion; Repaired; WARNING,There is an object with no extrusions in the first layer. | Object name: segmentation_repaired.stl,,,,,,,,P1_no_supports
847,s3c_closing__r_0.6mm,meshes/s3c_closing__r_0.6mm/case_outputs/847__s3c_closing__r_0.6mm/segmentation_repaired.stl,2851084,6.93,0,True,True,8,Consider enabling brim; Consider enabling supports; Detected print stability issues; Floating object part; Loose extrusions; Low bed adhesion; Repaired; WARNING,,4770522.0,510.0,0.0,1h 44m 3s,104.05,8.02,2687.94,P1_no_supports
848,s3c_closing__r_0.6mm,meshes/s3c_closing__r_0.6mm/case_outputs/848__s3c_closing__r_0.6mm/segmentation_repaired.stl,1792784,4.77,0,True,True,8,Consider enabling brim; Consider enabling supports; Detected print stability issues; Floating object part; Loose extrusions; Low bed adhesion; Repaired; WARNING,,2992463.0,363.0,0.0,1h 5m 5s,65.08333333333333,5.03,1686.21,P1_no_supports
849,s3c_closing__r_0.6mm,meshes/s3c_closing__r_0.6mm/case_outputs/849__s3c_closing__r_0.6mm/segmentation_repaired.stl,4121684,9.34,0,True,True,8,Consider enabling brim; Consider enabling supports; Detected print stability issues; Floating object part; Loose extrusions; Low bed adhesion; Repaired; WARNING,,6892176.0,462.0,0.0,2h 23m 2s,143.03333333333333,11.61,3892.37,P1_no_supports
850,s3c_closing__r_0.6mm,meshes/s3c_closing__r_0.6mm/case_outputs/850__s3c_closing__r_0.6mm/segmentation_repaired.stl,2206584,5.51,0,True,True,8,Consider enabling brim; Consider enabling supports; Detected print stability issues; Floating object part; Loose extrusions; Low bed adhesion; Repaired; WARNING,,3555170.0,405.0,0.0,1h 16m 52s,76.86666666666666,5.96,1997.85,P1_no_supports
851,s3c_closing__r_0.6mm,meshes/s3c_closing__r_0.6mm/case_outputs/851__s3c_closing__r_0.6mm/segmentation_repaired.stl,2939884,7.36,0,True,True,8,Consider enabling brim; Consider enabling supports; Detected print stability issues; Floating object part; Loose extrusions; Low bed adhesion; Repaired; WARNING,,4866336.0,411.0,0.0,1h 41m 42s,101.7,8.56,2871.15,P1_no_supports
852,s3c_closing__r_0.6mm,meshes/s3c_closing__r_0.6mm/case_outputs/852__s3c_closing__r_0.6mm/segmentation_repaired.stl,4005384,7.8,1,False,False,8,Consider enabling brim; Consider enabling supports; Detected print stability issues; Floating object part; Loose extrusions; Low bed adhesion; Repaired; WARNING,There is an object with no extrusions in the first layer. | Object name: segmentation_repaired.stl,,,,,,,,P1_no_supports
853,s3c_closing__r_0.6mm,meshes/s3c_closing__r_0.6mm/case_outputs/853__s3c_closing__r_0.6mm/segmentation_repaired.stl,2411984,6.72,0,True,True,8,Consider enabling brim; Consider enabling supports; Detected print stability issues; Floating object part; Loose extrusions; Low bed adhesion; Repaired; WARNING,,4273679.0,411.0,0.0,1h 32m 29s,92.48333333333332,7.62,2556.1,P1_no_supports
854,s3c_closing__r_0.6mm,meshes/s3c_closing__r_0.6mm/case_outputs/854__s3c_closing__r_0.6mm/segmentation_repaired.stl,2732284,6.82,0,True,True,8,Consider enabling brim; Consider enabling supports; Detected print stability issues; Floating object part; Loose extrusions; Low bed adhesion; Repaired; WARNING,,4481218.0,441.0,0.0,1h 33m 41s,93.68333333333334,7.28,2441.32,P1_no_supports
855,s3c_closing__r_0.6mm,meshes/s3c_closing__r_0.6mm/case_outputs/855__s3c_closing__r_0.6mm/segmentation_repaired.stl,3989284,9.39,0,True,True,8,Consider enabling brim; Consider enabling supports; Detected print stability issues; Floating object part; Loose extrusions; Low bed adhesion; Repaired; WARNING,,6489321.0,627.0,0.0,2h 19m 42s,139.7,11.29,3785.49,P1_no_supports
856,s3c_closing__r_0.6mm,meshes/s3c_closing__r_0.6mm/case_outputs/856__s3c_closing__r_0.6mm/segmentation_repaired.stl,3457184,8.95,0,True,True,8,Consider enabling brim; Consider enabling supports; Detected print stability issues; Floating object part; Loose extrusions; Low bed adhesion; Repaired; WARNING,,5728764.0,426.0,0.0,1h 59m 46s,119.76666666666668,9.96,3341.02,P1_no_supports
857,s3c_closing__r_0.6mm,meshes/s3c_closing__r_0.6mm/case_outputs/857__s3c_closing__r_0.6mm/segmentation_repaired.stl,4939484,11.6,0,True,True,8,Consider enabling brim; Consider enabling supports; Detected print stability issues; Floating object part; Loose extrusions; Low bed adhesion; Repaired; WARNING,,8070576.0,441.0,0.0,2h 39m 7s,159.11666666666667,13.64,4572.71,P1_no_supports
858,s3c_closing__r_0.6mm,meshes/s3c_closing__r_0.6mm/case_outputs/858__s3c_closing__r_0.6mm/segmentation_repaired.stl,2754584,6.69,0,True,True,8,Consider enabling brim; Consider enabling supports; Detected print stability issues; Floating object part; Loose extrusions; Low bed adhesion; Repaired; WARNING,,4513159.0,426.0,0.0,1h 31m 13s,91.21666666666668,7.61,2552.67,P1_no_supports
859,s3c_closing__r_0.6mm,meshes/s3c_closing__r_0.6mm/case_outputs/859__s3c_closing__r_0.6mm/segmentation_repaired.stl,4125584,10.48,0,True,True,8,Consider enabling brim; Consider enabling supports; Detected print stability issues; Floating object part; Loose extrusions; Low bed adhesion; Repaired; WARNING,,6809867.0,552.0,0.0,2h 23m 22s,143.36666666666667,11.56,3875.7,P1_no_supports
860,s3c_closing__r_0.6mm,meshes/s3c_closing__r_0.6mm/case_outputs/860__s3c_closing__r_0.6mm/segmentation_repaired.stl,3092784,7.45,0,True,True,8,Consider enabling brim; Consider enabling supports; Detected print stability issues; Floating object part; Loose extrusions; Low bed adhesion; Repaired; WARNING,,5025633.0,423.0,0.0,1h 44m 58s,104.96666666666668,8.98,3010.14,P1_no_supports
861,s3c_closing__r_0.6mm,meshes/s3c_closing__r_0.6mm/case_outputs/861__s3c_closing__r_0.6mm/segmentation_repaired.stl,1608684,3.93,0,True,True,8,Consider enabling brim; Consider enabling supports; Detected print stability issues; Floating object part; Loose extrusions; Low bed adhesion; Repaired; WARNING,,2486820.0,423.0,0.0,54m 0s,54.0,4.39,1471.49,P1_no_supports
862,s3c_closing__r_0.6mm,meshes/s3c_closing__r_0.6mm/case_outputs/862__s3c_closing__r_0.6mm/segmentation_repaired.stl,3761884,9.63,0,True,True,8,Consider enabling brim; Consider enabling supports; Detected print stability issues; Floating object part; Loose extrusions; Low bed adhesion; Repaired; WARNING,,6180065.0,537.0,0.0,2h 13m 18s,133.3,10.66,3574.47,P1_no_supports
863,s3c_closing__r_0.6mm,meshes/s3c_closing__r_0.6mm/case_outputs/863__s3c_closing__r_0.6mm/segmentation_repaired.stl,3045784,7.38,0,True,True,8,Consider enabling brim; Consider enabling supports; Detected print stability issues; Floating object part; Loose extrusions; Low bed adhesion; Repaired; WARNING,,4820850.0,473.0,0.0,1h 38m 1s,98.01666666666668,8.15,2733.82,P1_no_supports
864,s3c_closing__r_0.6mm,meshes/s3c_closing__r_0.6mm/case_outputs/864__s3c_closing__r_0.6mm/segmentation_repaired.stl,3894584,10.16,0,True,True,8,Consider enabling brim; Consider enabling supports; Detected print stability issues; Floating object part; Loose extrusions; Low bed adhesion; Repaired; WARNING,,6569523.0,510.0,0.0,2h 20m 40s,140.66666666666666,11.59,3884.43,P1_no_supports
865,s3c_closing__r_0.6mm,meshes/s3c_closing__r_0.6mm/case_outputs/865__s3c_closing__r_0.6mm/segmentation_repaired.stl,2525884,6.38,0,True,True,8,Consider enabling brim; Consider enabling supports; Detected print stability issues; Floating object part; Loose extrusions; Low bed adhesion; Repaired; WARNING,,4011439.0,465.0,0.0,1h 27m 4s,87.06666666666666,6.87,2301.87,P1_no_supports
866,s3c_closing__r_0.6mm,meshes/s3c_closing__r_0.6mm/case_outputs/866__s3c_closing__r_0.6mm/segmentation_repaired.stl,3647184,8.5,0,True,True,8,Consider enabling brim; Consider enabling supports; Detected print stability issues; Floating object part; Loose extrusions; Low bed adhesion; Repaired; WARNING,,6172226.0,426.0,0.0,2h 9m 29s,129.48333333333332,10.78,3615.5,P1_no_supports
867,s3c_closing__r_0.6mm,meshes/s3c_closing__r_0.6mm/case_outputs/867__s3c_closing__r_0.6mm/segmentation_repaired.stl,4645884,11.69,0,True,True,8,Consider enabling brim; Consider enabling supports; Detected print stability issues; Floating object part; Loose extrusions; Low bed adhesion; Repaired; WARNING,,7592612.0,498.0,0.0,2h 37m 35s,157.58333333333334,13.85,4643.1,P1_no_supports
868,s3c_closing__r_0.6mm,meshes/s3c_closing__r_0.6mm/case_outputs/868__s3c_closing__r_0.6mm/segmentation_repaired.stl,1712984,4.4,1,False,False,8,Consider enabling brim; Consider enabling supports; Detected print stability issues; Floating object part; Loose extrusions; Low bed adhesion; Repaired; WARNING,There is an object with no extrusions in the first layer. | Object name: segmentation_repaired.stl,,,,,,,,P1_no_supports
869,s3c_closing__r_0.6mm,meshes/s3c_closing__r_0.6mm/case_outputs/869__s3c_closing__r_0.6mm/segmentation_repaired.stl,3397284,8.76,0,True,True,8,Consider enabling brim; Consider enabling supports; Detected print stability issues; Floating object part; Loose extrusions; Low bed adhesion; Repaired; WARNING,,5524283.0,438.0,0.0,1h 50m 28s,110.46666666666668,9.52,3191.38,P1_no_supports
870,s3c_closing__r_0.6mm,meshes/s3c_closing__r_0.6mm/case_outputs/870__s3c_closing__r_0.6mm/segmentation_repaired.stl,2683584,6.84,0,True,True,8,Consider enabling brim; Consider enabling supports; Detected print stability issues; Floating object part; Loose extrusions; Low bed adhesion; Repaired; WARNING,,4415813.0,426.0,0.0,1h 30m 11s,90.18333333333334,7.54,2528.39,P1_no_supports
871,s3c_closing__r_0.6mm,meshes/s3c_closing__r_0.6mm/case_outputs/871__s3c_closing__r_0.6mm/segmentation_repaired.stl,3027784,8.12,1,False,False,8,Consider enabling brim; Consider enabling supports; Detected print stability issues; Floating object part; Loose extrusions; Low bed adhesion; Repaired; WARNING,There is an object with no extrusions in the first layer. | Object name: segmentation_repaired.stl,,,,,,,,P1_no_supports
872,s3c_closing__r_0.6mm,meshes/s3c_closing__r_0.6mm/case_outputs/872__s3c_closing__r_0.6mm/segmentation_repaired.stl,2702084,6.47,0,True,True,8,Consider enabling brim; Consider enabling supports; Detected print stability issues; Floating object part; Loose extrusions; Low bed adhesion; Repaired; WARNING,,4380985.0,423.0,0.0,1h 33m 16s,93.26666666666668,7.17,2403.46,P1_no_supports
873,s3c_closing__r_0.6mm,meshes/s3c_closing__r_0.6mm/case_outputs/873__s3c_closing__r_0.6mm/segmentation_repaired.stl,3386584,8.41,0,True,True,8,Consider enabling brim; Consider enabling supports; Detected print stability issues; Floating object part; Loose extrusions; Low bed adhesion; Repaired; WARNING,,5478406.0,450.0,0.0,2h 0m 19s,120.31666666666666,11.59,3884.57,P1_no_supports
874,s3c_closing__r_0.6mm,meshes/s3c_closing__r_0.6mm/case_outputs/874__s3c_closing__r_0.6mm/segmentation_repaired.stl,2747484,7.25,0,True,True,8,Consider enabling brim; Consider enabling supports; Detected print stability issues; Floating object part; Loose extrusions; Low bed adhesion; Repaired; WARNING,,4323264.0,402.0,0.0,1h 28m 20s,88.33333333333333,7.34,2460.93,P1_no_supports
875,s3c_closing__r_0.6mm,meshes/s3c_closing__r_0.6mm/case_outputs/875__s3c_closing__r_0.6mm/segmentation_repaired.stl,3791684,9.39,0,True,True,8,Consider enabling brim; Consider enabling supports; Detected print stability issues; Floating object part; Loose extrusions; Low bed adhesion; Repaired; WARNING,,6312286.0,429.0,0.0,2h 11m 5s,131.08333333333334,10.81,3623.8,P1_no_supports
876,s3c_closing__r_0.6mm,meshes/s3c_closing__r_0.6mm/case_outputs/876__s3c_closing__r_0.6mm/segmentation_repaired.stl,2710884,6.78,0,True,True,8,Consider enabling brim; Consider enabling supports; Detected print stability issues; Floating object part; Loose extrusions; Low bed adhesion; Repaired; WARNING,,4420906.0,462.0,0.0,1h 34m 10s,94.16666666666669,7.4,2481.64,P1_no_supports
877,s3c_closing__r_0.6mm,meshes/s3c_closing__r_0.6mm/case_outputs/877__s3c_closing__r_0.6mm/segmentation_repaired.stl,3153284,7.78,0,True,True,8,Consider enabling brim; Consider enabling supports; Detected print stability issues; Floating object part; Loose extrusions; Low bed adhesion; Repaired; WARNING,,5374127.0,474.0,0.0,1h 52m 13s,112.21666666666668,8.7,2917.04,P1_no_supports
878,s3c_closing__r_0.6mm,meshes/s3c_closing__r_0.6mm/case_outputs/878__s3c_closing__r_0.6mm/segmentation_repaired.stl,2866084,7.12,0,True,True,8,Consider enabling brim; Consider enabling supports; Detected print stability issues; Floating object part; Loose extrusions; Low bed adhesion; Repaired; WARNING,,4767158.0,432.0,0.0,1h 38m 32s,98.53333333333332,8.11,2720.02,P1_no_supports
879,s3c_closing__r_0.6mm,meshes/s3c_closing__r_0.6mm/case_outputs/879__s3c_closing__r_0.6mm/segmentation_repaired.stl,3219484,7.69,0,True,True,8,Consider enabling brim; Consider enabling supports; Detected print stability issues; Floating object part; Loose extrusions; Low bed adhesion; Repaired; WARNING,,5481869.0,503.0,0.0,1h 51m 55s,111.91666666666669,9.71,3254.51,P1_no_supports
880,s3c_closing__r_0.6mm,meshes/s3c_closing__r_0.6mm/case_outputs/880__s3c_closing__r_0.6mm/segmentation_repaired.stl,2265984,5.85,0,True,True,8,Consider enabling brim; Consider enabling supports; Detected print stability issues; Floating object part; Loose extrusions; Low bed adhesion; Repaired; WARNING,,3674067.0,405.0,0.0,1h 15m 44s,75.73333333333333,6.06,2030.83,P1_no_supports
881,s3c_closing__r_0.6mm,meshes/s3c_closing__r_0.6mm/case_outputs/881__s3c_closing__r_0.6mm/segmentation_repaired.stl,3032784,7.61,0,True,True,8,Consider enabling brim; Consider enabling supports; Detected print stability issues; Floating object part; Loose extrusions; Low bed adhesion; Repaired; WARNING,,5049904.0,468.0,0.0,1h 45m 50s,105.83333333333331,8.53,2858.98,P1_no_supports
882,s3c_closing__r_0.6mm,meshes/s3c_closing__r_0.6mm/case_outputs/882__s3c_closing__r_0.6mm/segmentation_repaired.stl,3961784,9.0,0,True,True,8,Consider enabling brim; Consider enabling supports; Detected print stability issues; Floating object part; Loose extrusions; Low bed adhesion; Repaired; WARNING,,6622924.0,447.0,0.0,2h 21m 17s,141.28333333333333,12.2,4090.12,P1_no_supports
883,s3c_closing__r_0.6mm,meshes/s3c_closing__r_0.6mm/case_outputs/883__s3c_closing__r_0.6mm/segmentation_repaired.stl,3020984,6.94,0,True,True,8,Consider enabling brim; Consider enabling supports; Detected print stability issues; Floating object part; Loose extrusions; Low bed adhesion; Repaired; WARNING,,4899643.0,459.0,0.0,1h 43m 31s,103.51666666666668,7.61,2552.91,P1_no_supports
884,s3c_closing__r_0.6mm,meshes/s3c_closing__r_0.6mm/case_outputs/884__s3c_closing__r_0.6mm/segmentation_repaired.stl,1881884,4.75,0,True,True,8,Consider enabling brim; Consider enabling supports; Detected print stability issues; Floating object part; Loose extrusions; Low bed adhesion; Repaired; WARNING,,3106086.0,405.0,0.0,1h 4m 59s,64.98333333333333,5.31,1781.63,P1_no_supports
885,s3c_closing__r_0.6mm,meshes/s3c_closing__r_0.6mm/case_outputs/885__s3c_closing__r_0.6mm/segmentation_repaired.stl,2723384,6.67,0,True,True,8,Consider enabling brim; Consider enabling supports; Detected print stability issues; Floating object part; Loose extrusions; Low bed adhesion; Repaired; WARNING,,4390766.0,426.0,0.0,1h 33m 53s,93.88333333333334,7.51,2517.14,P1_no_supports
886,s3c_closing__r_0.6mm,meshes/s3c_closing__r_0.6mm/case_outputs/886__s3c_closing__r_0.6mm/segmentation_repaired.stl,4387184,10.45,0,True,True,8,Consider enabling brim; Consider enabling supports; Detected print stability issues; Floating object part; Loose extrusions; Low bed adhesion; Repaired; WARNING,,7271725.0,429.0,0.0,2h 18m 24s,138.4,11.78,3951.04,P1_no_supports
887,s3c_closing__r_0.6mm,meshes/s3c_closing__r_0.6mm/case_outputs/887__s3c_closing__r_0.6mm/segmentation_repaired.stl,3433984,7.69,0,True,True,8,Consider enabling brim; Consider enabling supports; Detected print stability issues; Floating object part; Loose extrusions; Low bed adhesion; Repaired; WARNING,,5650403.0,545.0,0.0,2h 10m 34s,130.56666666666666,10.78,3614.15,P1_no_supports
888,s3c_closing__r_0.6mm,meshes/s3c_closing__r_0.6mm/case_outputs/888__s3c_closing__r_0.6mm/segmentation_repaired.stl,2122284,4.81,0,True,True,8,Consider enabling brim; Consider enabling supports; Detected print stability issues; Floating object part; Loose extrusions; Low bed adhesion; Repaired; WARNING,,3458796.0,438.0,0.0,1h 15m 24s,75.4,6.0,2010.09,P1_no_supports
889,s3c_closing__r_0.6mm,meshes/s3c_closing__r_0.6mm/case_outputs/889__s3c_closing__r_0.6mm/segmentation_repaired.stl,2307084,5.75,0,True,True,8,Consider enabling brim; Consider enabling supports; Detected print stability issues; Floating object part; Loose extrusions; Low bed adhesion; Repaired; WARNING,,3896332.0,480.0,0.0,1h 23m 38s,83.63333333333334,6.46,2164.4,P1_no_supports
890,s3c_closing__r_0.6mm,meshes/s3c_closing__r_0.6mm/case_outputs/890__s3c_closing__r_0.6mm/segmentation_repaired.stl,2289884,5.62,0,True,True,8,Consider enabling brim; Consider enabling supports; Detected print stability issues; Floating object part; Loose extrusions; Low bed adhesion; Repaired; WARNING,,3791793.0,426.0,0.0,1h 20m 4s,80.06666666666666,6.48,2171.31,P1_no_supports
891,s3c_closing__r_0.6mm,meshes/s3c_closing__r_0.6mm/case_outputs/891__s3c_closing__r_0.6mm/segmentation_repaired.stl,2419584,6.12,0,True,True,8,Consider enabling brim; Consider enabling supports; Detected print stability issues; Floating object part; Loose extrusions; Low bed adhesion; Repaired; WARNING,,3850989.0,471.0,0.0,1h 25m 15s,85.25,6.38,2138.56,P1_no_supports
892,s3c_closing__r_0.6mm,meshes/s3c_closing__r_0.6mm/case_outputs/892__s3c_closing__r_0.6mm/segmentation_repaired.stl,3843384,8.73,0,True,True,8,Consider enabling brim; Consider enabling supports; Detected print stability issues; Floating object part; Loose extrusions; Low bed adhesion; Repaired; WARNING,,5966420.0,450.0,0.0,2h 6m 16s,126.26666666666668,10.45,3502.29,P1_no_supports
893,s3c_closing__r_0.6mm,meshes/s3c_closing__r_0.6mm/case_outputs/893__s3c_closing__r_0.6mm/segmentation_repaired.stl,3066584,7.1,0,True,True,8,Consider enabling brim; Consider enabling supports; Detected print stability issues; Floating object part; Loose extrusions; Low bed adhesion; Repaired; WARNING,,5164686.0,507.0,0.0,1h 53m 6s,113.1,9.72,3258.05,P1_no_supports
894,s3c_closing__r_0.6mm,meshes/s3c_closing__r_0.6mm/case_outputs/894__s3c_closing__r_0.6mm/segmentation_repaired.stl,3488884,7.99,0,True,True,8,Consider enabling brim; Consider enabling supports; Detected print stability issues; Floating object part; Loose extrusions; Low bed adhesion; Repaired; WARNING,,5681959.0,456.0,0.0,1h 58m 59s,118.98333333333332,10.32,3458.82,P1_no_supports
895,s3c_closing__r_0.6mm,meshes/s3c_closing__r_0.6mm/case_outputs/895__s3c_closing__r_0.6mm/segmentation_repaired.stl,3655884,8.32,0,True,True,8,Consider enabling brim; Consider enabling supports; Detected print stability issues; Floating object part; Loose extrusions; Low bed adhesion; Repaired; WARNING,,5901338.0,366.0,0.0,1h 54m 2s,114.03333333333332,9.74,3267.31,P1_no_supports
896,s3c_closing__r_0.6mm,meshes/s3c_closing__r_0.6mm/case_outputs/896__s3c_closing__r_0.6mm/segmentation_repaired.stl,1960384,4.86,0,True,True,8,Consider enabling brim; Consider enabling supports; Detected print stability issues; Floating object part; Loose extrusions; Low bed adhesion; Repaired; WARNING,,3149969.0,447.0,0.0,1h 4m 16s,64.26666666666667,4.98,1669.52,P1_no_supports
897,s3c_closing__r_0.6mm,meshes/s3c_closing__r_0.6mm/case_outputs/897__s3c_closing__r_0.6mm/segmentation_repaired.stl,3361484,8.02,0,True,True,8,Consider enabling brim; Consider enabling supports; Detected print stability issues; Floating object part; Loose extrusions; Low bed adhesion; Repaired; WARNING,,5603285.0,429.0,0.0,1h 56m 8s,116.13333333333334,9.44,3166.44,P1_no_supports
898,s3c_closing__r_0.6mm,meshes/s3c_closing__r_0.6mm/case_outputs/898__s3c_closing__r_0.6mm/segmentation_repaired.stl,3780584,8.67,0,True,True,8,Consider enabling brim; Consider enabling supports; Detected print stability issues; Floating object part; Loose extrusions; Low bed adhesion; Repaired; WARNING,,6233789.0,396.0,0.0,2h 9m 54s,129.9,11.14,3733.81,P1_no_supports
899,s3c_closing__r_0.6mm,meshes/s3c_closing__r_0.6mm/case_outputs/899__s3c_closing__r_0.6mm/segmentation_repaired.stl,2693084,6.98,0,True,True,8,Consider enabling brim; Consider enabling supports; Detected print stability issues; Floating object part; Loose extrusions; Low bed adhesion; Repaired; WARNING,,4447376.0,477.0,0.0,1h 35m 31s,95.51666666666668,8.15,2730.95,P1_no_supports
900,s3c_closing__r_0.6mm,meshes/s3c_closing__r_0.6mm/case_outputs/900__s3c_closing__r_0.6mm/segmentation_repaired.stl,2714584,6.53,0,True,True,8,Consider enabling brim; Consider enabling supports; Detected print stability issues; Floating object part; Loose extrusions; Low bed adhesion; Repaired; WARNING,,4579816.0,393.0,0.0,1h 39m 29s,99.48333333333332,7.78,2607.95,P1_no_supports
901,s3c_closing__r_0.6mm,meshes/s3c_closing__r_0.6mm/case_outputs/901__s3c_closing__r_0.6mm/segmentation_repaired.stl,3154884,7.55,0,True,True,8,Consider enabling brim; Consider enabling supports; Detected print stability issues; Floating object part; Loose extrusions; Low bed adhesion; Repaired; WARNING,,5001769.0,518.0,0.0,1h 40m 21s,100.35,8.74,2929.15,P1_no_supports
902,s3c_closing__r_0.6mm,meshes/s3c_closing__r_0.6mm/case_outputs/902__s3c_closing__r_0.6mm/segmentation_repaired.stl,3941484,9.4,0,True,True,8,Consider enabling brim; Consider enabling supports; Detected print stability issues; Floating object part; Loose extrusions; Low bed adhesion; Repaired; WARNING,,6775791.0,486.0,0.0,2h 16m 0s,136.0,10.78,3614.57,P1_no_supports
903,s3c_closing__r_0.6mm,meshes/s3c_closing__r_0.6mm/case_outputs/903__s3c_closing__r_0.6mm/segmentation_repaired.stl,2914084,7.4,0,True,True,8,Consider enabling brim; Consider enabling supports; Detected print stability issues; Floating object part; Loose extrusions; Low bed adhesion; Repaired; WARNING,,4761666.0,426.0,0.0,1h 40m 51s,100.85,8.09,2713.82,P1_no_supports
904,s3c_closing__r_0.6mm,meshes/s3c_closing__r_0.6mm/case_outputs/904__s3c_closing__r_0.6mm/segmentation_repaired.stl,3381984,7.97,0,True,True,8,Consider enabling brim; Consider enabling supports; Detected print stability issues; Floating object part; Loose extrusions; Low bed adhesion; Repaired; WARNING,,5475498.0,375.0,0.0,1h 49m 9s,109.15,9.68,3246.67,P1_no_supports
905,s3c_closing__r_0.6mm,meshes/s3c_closing__r_0.6mm/case_outputs/905__s3c_closing__r_0.6mm/segmentation_repaired.stl,3138684,7.61,0,True,True,8,Consider enabling brim; Consider enabling supports; Detected print stability issues; Floating object part; Loose extrusions; Low bed adhesion; Repaired; WARNING,,5260587.0,435.0,0.0,1h 52m 3s,112.05,8.68,2908.8,P1_no_supports
906,s3c_closing__r_0.6mm,meshes/s3c_closing__r_0.6mm/case_outputs/906__s3c_closing__r_0.6mm/segmentation_repaired.stl,2532384,5.85,0,True,True,8,Consider enabling brim; Consider enabling supports; Detected print stability issues; Floating object part; Loose extrusions; Low bed adhesion; Repaired; WARNING,,4138255.0,420.0,0.0,1h 28m 2s,88.03333333333333,7.38,2474.09,P1_no_supports
907,s3c_closing__r_0.6mm,meshes/s3c_closing__r_0.6mm/case_outputs/907__s3c_closing__r_0.6mm/segmentation_repaired.stl,2693384,6.27,0,True,True,8,Consider enabling brim; Consider enabling supports; Detected print stability issues; Floating object part; Loose extrusions; Low bed adhesion; Repaired; WARNING,,4439563.0,393.0,0.0,1h 31m 25s,91.41666666666669,7.75,2599.18,P1_no_supports
908,s3c_closing__r_0.6mm,meshes/s3c_closing__r_0.6mm/case_outputs/908__s3c_closing__r_0.6mm/segmentation_repaired.stl,3163784,7.78,0,True,True,8,Consider enabling brim; Consider enabling supports; Detected print stability issues; Floating object part; Loose extrusions; Low bed adhesion; Repaired; WARNING,,5334656.0,449.0,0.0,1h 53m 46s,113.76666666666668,8.82,2956.17,P1_no_supports
909,s3c_closing__r_0.6mm,meshes/s3c_closing__r_0.6mm/case_outputs/909__s3c_closing__r_0.6mm/segmentation_repaired.stl,2584984,6.25,0,True,True,8,Consider enabling brim; Consider enabling supports; Detected print stability issues; Floating object part; Loose extrusions; Low bed adhesion; Repaired; WARNING,,4207360.0,453.0,0.0,1h 28m 16s,88.26666666666667,6.79,2277.33,P1_no_supports
910,s3c_closing__r_0.6mm,meshes/s3c_closing__r_0.6mm/case_outputs/910__s3c_closing__r_0.6mm/segmentation_repaired.stl,3887084,9.07,0,True,True,8,Consider enabling brim; Consider enabling supports; Detected print stability issues; Floating object part; Loose extrusions; Low bed adhesion; Repaired; WARNING,,6406167.0,447.0,0.0,2h 2m 43s,122.71666666666668,10.43,3495.92,P1_no_supports
911,s3c_closing__r_0.6mm,meshes/s3c_closing__r_0.6mm/case_outputs/911__s3c_closing__r_0.6mm/segmentation_repaired.stl,2796184,7.29,0,True,True,8,Consider enabling brim; Consider enabling supports; Detected print stability issues; Floating object part; Loose extrusions; Low bed adhesion; Repaired; WARNING,,4669077.0,426.0,0.0,1h 36m 15s,96.25,7.76,2602.54,P1_no_supports
912,s3c_closing__r_0.6mm,meshes/s3c_closing__r_0.6mm/case_outputs/912__s3c_closing__r_0.6mm/segmentation_repaired.stl,3151984,7.48,0,True,True,8,Consider enabling brim; Consider enabling supports; Detected print stability issues; Floating object part; Loose extrusions; Low bed adhesion; Repaired; WARNING,,5084676.0,480.0,0.0,1h 51m 38s,111.63333333333334,8.74,2930.7,P1_no_supports
913,s3c_closing__r_0.6mm,meshes/s3c_closing__r_0.6mm/case_outputs/913__s3c_closing__r_0.6mm/segmentation_repaired.stl,3494884,7.95,1,False,False,8,Consider enabling brim; Consider enabling supports; Detected print stability issues; Floating object part; Loose extrusions; Low bed adhesion; Repaired; WARNING,There is an object with no extrusions in the first layer. | Object name: segmentation_repaired.stl,,,,,,,,P1_no_supports
914,s3c_closing__r_0.6mm,meshes/s3c_closing__r_0.6mm/case_outputs/914__s3c_closing__r_0.6mm/segmentation_repaired.stl,2217084,5.4,1,False,False,8,Consider enabling brim; Consider enabling supports; Detected print stability issues; Floating object part; Loose extrusions; Low bed adhesion; Repaired; WARNING,There is an object with no extrusions in the first layer. | Object name: segmentation_repaired.stl,,,,,,,,P1_no_supports
915,s3c_closing__r_0.6mm,meshes/s3c_closing__r_0.6mm/case_outputs/915__s3c_closing__r_0.6mm/segmentation_repaired.stl,4114084,10.18,0,True,True,8,Consider enabling brim; Consider enabling supports; Detected print stability issues; Floating object part; Loose extrusions; Low bed adhesion; Repaired; WARNING,,7047141.0,489.0,0.0,2h 22m 36s,142.6,12.07,4048.37,P1_no_supports
916,s3c_closing__r_0.6mm,meshes/s3c_closing__r_0.6mm/case_outputs/916__s3c_closing__r_0.6mm/segmentation_repaired.stl,3143384,7.19,0,True,True,8,Consider enabling brim; Consider enabling supports; Detected print stability issues; Floating object part; Loose extrusions; Low bed adhesion; Repaired; WARNING,,5290521.0,480.0,0.0,1h 52m 31s,112.51666666666668,9.0,3018.09,P1_no_supports
917,s3c_closing__r_0.6mm,meshes/s3c_closing__r_0.6mm/case_outputs/917__s3c_closing__r_0.6mm/segmentation_repaired.stl,3784884,8.15,1,False,False,8,Consider enabling brim; Consider enabling supports; Detected print stability issues; Floating object part; Loose extrusions; Low bed adhesion; Repaired; WARNING,There is an object with no extrusions in the first layer. | Object name: segmentation_repaired.stl,,,,,,,,P1_no_supports
918,s3c_closing__r_0.6mm,meshes/s3c_closing__r_0.6mm/case_outputs/918__s3c_closing__r_0.6mm/segmentation_repaired.stl,2600784,6.67,0,True,True,8,Consider enabling brim; Consider enabling supports; Detected print stability issues; Floating object part; Loose extrusions; Low bed adhesion; Repaired; WARNING,,4563570.0,429.0,0.0,1h 35m 3s,95.05,7.66,2568.15,P1_no_supports
919,s3c_closing__r_0.6mm,meshes/s3c_closing__r_0.6mm/case_outputs/919__s3c_closing__r_0.6mm/segmentation_repaired.stl,2998584,6.4,1,False,False,8,Consider enabling brim; Consider enabling supports; Detected print stability issues; Floating object part; Loose extrusions; Low bed adhesion; Repaired; WARNING,There is an object with no extrusions in the first layer. | Object name: segmentation_repaired.stl,,,,,,,,P1_no_supports
920,s3c_closing__r_0.6mm,meshes/s3c_closing__r_0.6mm/case_outputs/920__s3c_closing__r_0.6mm/segmentation_repaired.stl,3186084,8.18,0,True,True,8,Consider enabling brim; Consider enabling supports; Detected print stability issues; Floating object part; Loose extrusions; Low bed adhesion; Repaired; WARNING,,5243184.0,447.0,0.0,1h 48m 0s,108.0,8.51,2852.95,P1_no_supports
921,s3c_closing__r_0.6mm,meshes/s3c_closing__r_0.6mm/case_outputs/921__s3c_closing__r_0.6mm/segmentation_repaired.stl,3201584,7.58,0,True,True,8,Consider enabling brim; Consider enabling supports; Detected print stability issues; Floating object part; Loose extrusions; Low bed adhesion; Repaired; WARNING,,5273234.0,435.0,0.0,1h 53m 20s,113.33333333333331,9.05,3035.1,P1_no_supports
922,s3c_closing__r_0.6mm,meshes/s3c_closing__r_0.6mm/case_outputs/922__s3c_closing__r_0.6mm/segmentation_repaired.stl,1640684,4.48,0,True,True,8,Consider enabling brim; Consider enabling supports; Detected print stability issues; Floating object part; Loose extrusions; Low bed adhesion; Repaired; WARNING,,2672778.0,315.0,0.0,56m 7s,56.11666666666667,4.46,1496.49,P1_no_supports
923,s3c_closing__r_0.6mm,meshes/s3c_closing__r_0.6mm/case_outputs/923__s3c_closing__r_0.6mm/segmentation_repaired.stl,3620884,8.66,0,True,True,8,Consider enabling brim; Consider enabling supports; Detected print stability issues; Floating object part; Loose extrusions; Low bed adhesion; Repaired; WARNING,,5971227.0,498.0,0.0,2h 10m 19s,130.31666666666666,11.09,3718.62,P1_no_supports
924,s3c_closing__r_0.6mm,meshes/s3c_closing__r_0.6mm/case_outputs/924__s3c_closing__r_0.6mm/segmentation_repaired.stl,3757784,9.43,0,True,True,8,Consider enabling brim; Consider enabling supports; Detected print stability issues; Floating object part; Loose extrusions; Low bed adhesion; Repaired; WARNING,,6391450.0,618.0,0.0,2h 13m 52s,133.86666666666667,10.2,3419.47,P1_no_supports
925,s3c_closing__r_0.6mm,meshes/s3c_closing__r_0.6mm/case_outputs/925__s3c_closing__r_0.6mm/segmentation_repaired.stl,3255684,8.09,0,True,True,6,Consider enabling supports; Detected print stability issues; Floating object part; Loose extrusions; Repaired; WARNING,,5440324.0,471.0,0.0,1h 52m 37s,112.61666666666666,9.28,3111.84,P1_no_supports
926,s3c_closing__r_0.6mm,meshes/s3c_closing__r_0.6mm/case_outputs/926__s3c_closing__r_0.6mm/segmentation_repaired.stl,2310484,6.11,0,True,True,8,Consider enabling brim; Consider enabling supports; Detected print stability issues; Floating object part; Loose extrusions; Low bed adhesion; Repaired; WARNING,,3919380.0,483.0,0.0,1h 26m 29s,86.48333333333333,6.48,2174.3,P1_no_supports
927,s3c_closing__r_0.6mm,meshes/s3c_closing__r_0.6mm/case_outputs/927__s3c_closing__r_0.6mm/segmentation_repaired.stl,3000384,7.14,0,True,True,8,Consider enabling brim; Consider enabling supports; Detected print stability issues; Floating object part; Loose extrusions; Low bed adhesion; Repaired; WARNING,,4893597.0,450.0,0.0,1h 41m 12s,101.2,7.74,2595.68,P1_no_supports
928,s3c_closing__r_0.6mm,meshes/s3c_closing__r_0.6mm/case_outputs/928__s3c_closing__r_0.6mm/segmentation_repaired.stl,2913884,6.9,1,False,False,8,Consider enabling brim; Consider enabling supports; Detected print stability issues; Floating object part; Loose extrusions; Low bed adhesion; Repaired; WARNING,There is an object with no extrusions in the first layer. | Object name: segmentation_repaired.stl,,,,,,,,P1_no_supports
929,s3c_closing__r_0.6mm,meshes/s3c_closing__r_0.6mm/case_outputs/929__s3c_closing__r_0.6mm/segmentation_repaired.stl,2675584,6.48,0,True,True,8,Consider enabling brim; Consider enabling supports; Detected print stability issues; Floating object part; Loose extrusions; Low bed adhesion; Repaired; WARNING,,4474177.0,426.0,0.0,1h 30m 11s,90.18333333333334,8.02,2689.54,P1_no_supports
930,s3c_closing__r_0.6mm,meshes/s3c_closing__r_0.6mm/case_outputs/930__s3c_closing__r_0.6mm/segmentation_repaired.stl,3072484,6.94,0,True,True,8,Consider enabling brim; Consider enabling supports; Detected print stability issues; Floating object part; Loose extrusions; Low bed adhesion; Repaired; WARNING,,5000382.0,393.0,0.0,1h 44m 42s,104.7,9.09,3046.99,P1_no_supports
931,s3c_closing__r_0.6mm,meshes/s3c_closing__r_0.6mm/case_outputs/931__s3c_closing__r_0.6mm/segmentation_repaired.stl,1889284,4.5,0,True,True,8,Consider enabling brim; Consider enabling supports; Detected print stability issues; Floating object part; Loose extrusions; Low bed adhesion; Repaired; WARNING,,2888107.0,440.0,0.0,1h 1m 25s,61.41666666666666,4.53,1517.49,P1_no_supports
932,s3c_closing__r_0.6mm,meshes/s3c_closing__r_0.6mm/case_outputs/932__s3c_closing__r_0.6mm/segmentation_repaired.stl,2848784,7.16,0,True,True,8,Consider enabling brim; Consider enabling supports; Detected print stability issues; Floating object part; Loose extrusions; Low bed adhesion; Repaired; WARNING,,4862230.0,420.0,0.0,1h 41m 34s,101.56666666666666,8.27,2772.55,P1_no_supports
933,s3c_closing__r_0.6mm,meshes/s3c_closing__r_0.6mm/case_outputs/933__s3c_closing__r_0.6mm/segmentation_repaired.stl,3211084,7.85,0,True,True,8,Consider enabling brim; Consider enabling supports; Detected print stability issues; Floating object part; Loose extrusions; Low bed adhesion; Repaired; WARNING,,5356966.0,513.0,0.0,1h 50m 22s,110.36666666666666,8.41,2820.97,P1_no_supports
934,s3c_closing__r_0.6mm,meshes/s3c_closing__r_0.6mm/case_outputs/934__s3c_closing__r_0.6mm/segmentation_repaired.stl,3186884,7.43,0,True,True,8,Consider enabling brim; Consider enabling supports; Detected print stability issues; Floating object part; Loose extrusions; Low bed adhesion; Repaired; WARNING,,5354831.0,516.0,0.0,2h 0m 22s,120.36666666666666,9.31,3122.4,P1_no_supports
935,s3c_closing__r_0.6mm,meshes/s3c_closing__r_0.6mm/case_outputs/935__s3c_closing__r_0.6mm/segmentation_repaired.stl,3187484,7.28,0,True,True,8,Consider enabling brim; Consider enabling supports; Detected print stability issues; Floating object part; Loose extrusions; Low bed adhesion; Repaired; WARNING,,5253729.0,458.0,0.0,1h 52m 9s,112.15,9.21,3086.95,P1_no_supports
936,s3c_closing__r_0.6mm,meshes/s3c_closing__r_0.6mm/case_outputs/936__s3c_closing__r_0.6mm/segmentation_repaired.stl,2574384,6.08,0,True,True,8,Consider enabling brim; Consider enabling supports; Detected print stability issues; Floating object part; Loose extrusions; Low bed adhesion; Repaired; WARNING,,4169812.0,387.0,0.0,1h 28m 41s,88.68333333333334,7.9,2647.27,P1_no_supports
937,s3c_closing__r_0.6mm,meshes/s3c_closing__r_0.6mm/case_outputs/937__s3c_closing__r_0.6mm/segmentation_repaired.stl,2740484,7.11,0,True,True,8,Consider enabling brim; Consider enabling supports; Detected print stability issues; Floating object part; Loose extrusions; Low bed adhesion; Repaired; WARNING,,4611797.0,417.0,0.0,1h 36m 13s,96.21666666666668,7.44,2493.12,P1_no_supports
938,s3c_closing__r_0.6mm,meshes/s3c_closing__r_0.6mm/case_outputs/938__s3c_closing__r_0.6mm/segmentation_repaired.stl,3714084,8.51,0,True,True,8,Consider enabling brim; Consider enabling supports; Detected print stability issues; Floating object part; Loose extrusions; Low bed adhesion; Repaired; WARNING,,6229006.0,459.0,0.0,2h 11m 34s,131.56666666666666,11.42,3830.44,P1_no_supports
939,s3c_closing__r_0.6mm,meshes/s3c_closing__r_0.6mm/case_outputs/939__s3c_closing__r_0.6mm/segmentation_repaired.stl,3348284,7.83,0,True,True,8,Consider enabling brim; Consider enabling supports; Detected print stability issues; Floating object part; Loose extrusions; Low bed adhesion; Repaired; WARNING,,5501896.0,447.0,0.0,1h 54m 11s,114.18333333333334,9.09,3048.21,P1_no_supports
940,s3c_closing__r_0.6mm,meshes/s3c_closing__r_0.6mm/case_outputs/940__s3c_closing__r_0.6mm/segmentation_repaired.stl,2648884,6.7,0,True,True,8,Consider enabling brim; Consider enabling supports; Detected print stability issues; Floating object part; Loose extrusions; Low bed adhesion; Repaired; WARNING,,4280454.0,416.0,0.0,1h 27m 11s,87.18333333333334,6.62,2219.67,P1_no_supports
941,s3c_closing__r_0.6mm,meshes/s3c_closing__r_0.6mm/case_outputs/941__s3c_closing__r_0.6mm/segmentation_repaired.stl,2214284,5.73,0,True,True,8,Consider enabling brim; Consider enabling supports; Detected print stability issues; Floating object part; Loose extrusions; Low bed adhesion; Repaired; WARNING,,3678390.0,447.0,0.0,1h 16m 12s,76.2,5.9,1977.62,P1_no_supports
942,s3c_closing__r_0.6mm,meshes/s3c_closing__r_0.6mm/case_outputs/942__s3c_closing__r_0.6mm/segmentation_repaired.stl,2338984,5.75,0,True,True,8,Consider enabling brim; Consider enabling supports; Detected print stability issues; Floating object part; Loose extrusions; Low bed adhesion; Repaired; WARNING,,3854593.0,396.0,0.0,1h 16m 34s,76.56666666666666,6.31,2115.75,P1_no_supports
943,s3c_closing__r_0.6mm,meshes/s3c_closing__r_0.6mm/case_outputs/943__s3c_closing__r_0.6mm/segmentation_repaired.stl,2728684,5.89,1,False,False,8,Consider enabling brim; Consider enabling supports; Detected print stability issues; Floating object part; Loose extrusions; Low bed adhesion; Repaired; WARNING,There is an object with no extrusions in the first layer. | Object name: segmentation_repaired.stl,,,,,,,,P1_no_supports
944,s3c_closing__r_0.6mm,meshes/s3c_closing__r_0.6mm/case_outputs/944__s3c_closing__r_0.6mm/segmentation_repaired.stl,4104984,9.47,0,True,True,8,Consider enabling brim; Consider enabling supports; Detected print stability issues; Floating object part; Loose extrusions; Low bed adhesion; Repaired; WARNING,,6628211.0,456.0,0.0,2h 16m 7s,136.11666666666667,11.16,3740.84,P1_no_supports
945,s3c_closing__r_0.6mm,meshes/s3c_closing__r_0.6mm/case_outputs/945__s3c_closing__r_0.6mm/segmentation_repaired.stl,3281184,7.88,0,True,True,8,Consider enabling brim; Consider enabling supports; Detected print stability issues; Floating object part; Loose extrusions; Low bed adhesion; Repaired; WARNING,,5552622.0,426.0,0.0,1h 54m 49s,114.81666666666666,9.09,3046.53,P1_no_supports
946,s3c_closing__r_0.6mm,meshes/s3c_closing__r_0.6mm/case_outputs/946__s3c_closing__r_0.6mm/segmentation_repaired.stl,2247684,5.36,0,True,True,8,Consider enabling brim; Consider enabling supports; Detected print stability issues; Floating object part; Loose extrusions; Low bed adhesion; Repaired; WARNING,,3785412.0,459.0,0.0,1h 17m 19s,77.31666666666666,6.23,2087.81,P1_no_supports
947,s3c_closing__r_0.6mm,meshes/s3c_closing__r_0.6mm/case_outputs/947__s3c_closing__r_0.6mm/segmentation_repaired.stl,4212784,9.94,0,True,True,8,Consider enabling brim; Consider enabling supports; Detected print stability issues; Floating object part; Loose extrusions; Low bed adhesion; Repaired; WARNING,,7057936.0,477.0,0.0,2h 28m 28s,148.46666666666667,13.19,4422.58,P1_no_supports
948,s3c_closing__r_0.6mm,meshes/s3c_closing__r_0.6mm/case_outputs/948__s3c_closing__r_0.6mm/segmentation_repaired.stl,4082584,8.89,0,True,True,8,Consider enabling brim; Consider enabling supports; Detected print stability issues; Floating object part; Loose extrusions; Low bed adhesion; Repaired; WARNING,,6629175.0,435.0,0.0,2h 17m 23s,137.38333333333333,12.19,4087.44,P1_no_supports
949,s3c_closing__r_0.6mm,meshes/s3c_closing__r_0.6mm/case_outputs/949__s3c_closing__r_0.6mm/segmentation_repaired.stl,2656984,6.34,0,True,True,8,Consider enabling brim; Consider enabling supports; Detected print stability issues; Floating object part; Loose extrusions; Low bed adhesion; Repaired; WARNING,,4427116.0,471.0,0.0,1h 34m 21s,94.35,7.4,2480.76,P1_no_supports
950,s3c_closing__r_0.6mm,meshes/s3c_closing__r_0.6mm/case_outputs/950__s3c_closing__r_0.6mm/segmentation_repaired.stl,2627184,6.22,0,True,True,8,Consider enabling brim; Consider enabling supports; Detected print stability issues; Floating object part; Loose extrusions; Low bed adhesion; Repaired; WARNING,,4267153.0,414.0,0.0,1h 30m 50s,90.83333333333331,6.95,2329.25,P1_no_supports
951,s3c_closing__r_0.6mm,meshes/s3c_closing__r_0.6mm/case_outputs/951__s3c_closing__r_0.6mm/segmentation_repaired.stl,3866684,9.32,0,True,True,8,Consider enabling brim; Consider enabling supports; Detected print stability issues; Floating object part; Loose extrusions; Low bed adhesion; Repaired; WARNING,,6223910.0,408.0,0.0,2h 5m 17s,125.28333333333332,11.72,3930.96,P1_no_supports
952,s3c_closing__r_0.6mm,meshes/s3c_closing__r_0.6mm/case_outputs/952__s3c_closing__r_0.6mm/segmentation_repaired.stl,2852484,6.68,0,True,True,6,Consider enabling supports; Detected print stability issues; Floating object part; Loose extrusions; Repaired; WARNING,,4489052.0,426.0,0.0,1h 31m 21s,91.35,7.93,2659.8,P1_no_supports
953,s3c_closing__r_0.6mm,meshes/s3c_closing__r_0.6mm/case_outputs/953__s3c_closing__r_0.6mm/segmentation_repaired.stl,4575984,10.61,0,True,True,8,Consider enabling brim; Consider enabling supports; Detected print stability issues; Floating object part; Loose extrusions; Low bed adhesion; Repaired; WARNING,,7698458.0,474.0,0.0,2h 36m 47s,156.78333333333333,12.74,4269.94,P1_no_supports
954,s3c_closing__r_0.6mm,meshes/s3c_closing__r_0.6mm/case_outputs/954__s3c_closing__r_0.6mm/segmentation_repaired.stl,2825084,6.99,0,True,True,8,Consider enabling brim; Consider enabling supports; Detected print stability issues; Floating object part; Loose extrusions; Low bed adhesion; Repaired; WARNING,,4771762.0,462.0,0.0,1h 39m 15s,99.25,8.34,2797.69,P1_no_supports
955,s3c_closing__r_0.6mm,meshes/s3c_closing__r_0.6mm/case_outputs/955__s3c_closing__r_0.6mm/segmentation_repaired.stl,3110184,7.41,0,True,True,8,Consider enabling brim; Consider enabling supports; Detected print stability issues; Floating object part; Loose extrusions; Low bed adhesion; Repaired; WARNING,,5392152.0,537.0,0.0,1h 55m 30s,115.5,9.13,3061.23,P1_no_supports
956,s3c_closing__r_0.6mm,meshes/s3c_closing__r_0.6mm/case_outputs/956__s3c_closing__r_0.6mm/segmentation_repaired.stl,2449584,6.27,0,True,True,8,Consider enabling brim; Consider enabling supports; Detected print stability issues; Floating object part; Loose extrusions; Low bed adhesion; Repaired; WARNING,,3982441.0,405.0,0.0,1h 22m 2s,82.03333333333333,6.65,2229.6,P1_no_supports
957,s3c_closing__r_0.6mm,meshes/s3c_closing__r_0.6mm/case_outputs/957__s3c_closing__r_0.6mm/segmentation_repaired.stl,3948684,9.52,0,True,True,8,Consider enabling brim; Consider enabling supports; Detected print stability issues; Floating object part; Loose extrusions; Low bed adhesion; Repaired; WARNING,,6523231.0,447.0,0.0,2h 11m 21s,131.35,10.24,3432.44,P1_no_supports
958,s3c_closing__r_0.6mm,meshes/s3c_closing__r_0.6mm/case_outputs/958__s3c_closing__r_0.6mm/segmentation_repaired.stl,3654684,8.53,0,True,True,8,Consider enabling brim; Consider enabling supports; Detected print stability issues; Floating object part; Loose extrusions; Low bed adhesion; Repaired; WARNING,,6270527.0,465.0,0.0,2h 12m 46s,132.76666666666668,10.63,3563.44,P1_no_supports
959,s3c_closing__r_0.6mm,meshes/s3c_closing__r_0.6mm/case_outputs/959__s3c_closing__r_0.6mm/segmentation_repaired.stl,2947084,6.66,0,True,True,8,Consider enabling brim; Consider enabling supports; Detected print stability issues; Floating object part; Loose extrusions; Low bed adhesion; Repaired; WARNING,,4581448.0,463.0,0.0,1h 36m 31s,96.51666666666668,7.98,2677.18,P1_no_supports
960,s3c_closing__r_0.6mm,meshes/s3c_closing__r_0.6mm/case_outputs/960__s3c_closing__r_0.6mm/segmentation_repaired.stl,3840684,8.6,0,True,True,8,Consider enabling brim; Consider enabling supports; Detected print stability issues; Floating object part; Loose extrusions; Low bed adhesion; Repaired; WARNING,,6345079.0,450.0,0.0,2h 10m 23s,130.38333333333333,11.29,3786.69,P1_no_supports
961,s3c_closing__r_0.6mm,meshes/s3c_closing__r_0.6mm/case_outputs/961__s3c_closing__r_0.6mm/segmentation_repaired.stl,2763284,6.61,0,True,True,8,Consider enabling brim; Consider enabling supports; Detected print stability issues; Floating object part; Loose extrusions; Low bed adhesion; Repaired; WARNING,,4635983.0,408.0,0.0,1h 37m 9s,97.15,7.73,2590.72,P1_no_supports
962,s3c_closing__r_0.6mm,meshes/s3c_closing__r_0.6mm/case_outputs/962__s3c_closing__r_0.6mm/segmentation_repaired.stl,4051384,8.99,0,True,True,8,Consider enabling brim; Consider enabling supports; Detected print stability issues; Floating object part; Loose extrusions; Low bed adhesion; Repaired; WARNING,,6428512.0,453.0,0.0,2h 13m 29s,133.48333333333332,11.52,3861.77,P1_no_supports
963,s3c_closing__r_0.6mm,meshes/s3c_closing__r_0.6mm/case_outputs/963__s3c_closing__r_0.6mm/segmentation_repaired.stl,5137984,11.42,0,True,True,8,Consider enabling brim; Consider enabling supports; Detected print stability issues; Floating object part; Loose extrusions; Low bed adhesion; Repaired; WARNING,,8459953.0,471.0,0.0,2h 54m 55s,174.91666666666666,15.59,5226.73,P1_no_supports
964,s3c_closing__r_0.6mm,meshes/s3c_closing__r_0.6mm/case_outputs/964__s3c_closing__r_0.6mm/segmentation_repaired.stl,3695784,7.94,1,False,False,8,Consider enabling brim; Consider enabling supports; Detected print stability issues; Floating object part; Loose extrusions; Low bed adhesion; Repaired; WARNING,There is an object with no extrusions in the first layer. | Object name: segmentation_repaired.stl,,,,,,,,P1_no_supports
965,s3c_closing__r_0.6mm,meshes/s3c_closing__r_0.6mm/case_outputs/965__s3c_closing__r_0.6mm/segmentation_repaired.stl,3512884,8.63,0,True,True,8,Consider enabling brim; Consider enabling supports; Detected print stability issues; Floating object part; Loose extrusions; Low bed adhesion; Repaired; WARNING,,5750032.0,417.0,0.0,1h 55m 55s,115.91666666666669,10.05,3371.01,P1_no_supports
966,s3c_closing__r_0.6mm,meshes/s3c_closing__r_0.6mm/case_outputs/966__s3c_closing__r_0.6mm/segmentation_repaired.stl,4096284,9.34,0,True,True,8,Consider enabling brim; Consider enabling supports; Detected print stability issues; Floating object part; Loose extrusions; Low bed adhesion; Repaired; WARNING,,6807692.0,444.0,0.0,2h 16m 30s,136.5,11.49,3852.34,P1_no_supports
967,s3c_closing__r_0.6mm,meshes/s3c_closing__r_0.6mm/case_outputs/967__s3c_closing__r_0.6mm/segmentation_repaired.stl,3446384,8.02,0,True,True,8,Consider enabling brim; Consider enabling supports; Detected print stability issues; Floating object part; Loose extrusions; Low bed adhesion; Repaired; WARNING,,5748556.0,507.0,0.0,2h 2m 9s,122.15,10.13,3395.16,P1_no_supports
968,s3c_closing__r_0.6mm,meshes/s3c_closing__r_0.6mm/case_outputs/968__s3c_closing__r_0.6mm/segmentation_repaired.stl,2267084,5.72,0,True,True,8,Consider enabling brim; Consider enabling supports; Detected print stability issues; Floating object part; Loose extrusions; Low bed adhesion; Repaired; WARNING,,3755243.0,407.0,0.0,1h 20m 6s,80.1,6.6,2212.56,P1_no_supports
969,s3c_closing__r_0.6mm,meshes/s3c_closing__r_0.6mm/case_outputs/969__s3c_closing__r_0.6mm/segmentation_repaired.stl,3667284,8.84,0,True,True,8,Consider enabling brim; Consider enabling supports; Detected print stability issues; Floating object part; Loose extrusions; Low bed adhesion; Repaired; WARNING,,6223453.0,528.0,0.0,2h 12m 48s,132.8,10.62,3562.05,P1_no_supports
970,s3c_closing__r_0.6mm,meshes/s3c_closing__r_0.6mm/case_outputs/970__s3c_closing__r_0.6mm/segmentation_repaired.stl,2105384,5.44,0,True,True,8,Consider enabling brim; Consider enabling supports; Detected print stability issues; Floating object part; Loose extrusions; Low bed adhesion; Repaired; WARNING,,3501059.0,443.0,0.0,1h 14m 50s,74.83333333333333,5.7,1910.36,P1_no_supports
971,s3c_closing__r_0.6mm,meshes/s3c_closing__r_0.6mm/case_outputs/971__s3c_closing__r_0.6mm/segmentation_repaired.stl,2696784,6.65,0,True,True,8,Consider enabling brim; Consider enabling supports; Detected print stability issues; Floating object part; Loose extrusions; Low bed adhesion; Repaired; WARNING,,4559567.0,561.0,0.0,1h 40m 47s,100.78333333333332,7.51,2517.26,P1_no_supports
972,s3c_closing__r_0.6mm,meshes/s3c_closing__r_0.6mm/case_outputs/972__s3c_closing__r_0.6mm/segmentation_repaired.stl,2706584,6.52,0,True,True,8,Consider enabling brim; Consider enabling supports; Detected print stability issues; Floating object part; Loose extrusions; Low bed adhesion; Repaired; WARNING,,4440270.0,363.0,0.0,1h 31m 52s,91.86666666666666,7.36,2466.61,P1_no_supports
973,s3c_closing__r_0.6mm,meshes/s3c_closing__r_0.6mm/case_outputs/973__s3c_closing__r_0.6mm/segmentation_repaired.stl,3462384,8.07,0,True,True,8,Consider enabling brim; Consider enabling supports; Detected print stability issues; Floating object part; Loose extrusions; Low bed adhesion; Repaired; WARNING,,5656583.0,468.0,0.0,1h 55m 12s,115.2,10.69,3585.43,P1_no_supports
974,s3c_closing__r_0.6mm,meshes/s3c_closing__r_0.6mm/case_outputs/974__s3c_closing__r_0.6mm/segmentation_repaired.stl,5112484,11.86,0,True,True,8,Consider enabling brim; Consider enabling supports; Detected print stability issues; Floating object part; Loose extrusions; Low bed adhesion; Repaired; WARNING,,8554242.0,465.0,0.0,2h 56m 57s,176.95,15.62,5236.64,P1_no_supports
975,s3c_closing__r_0.6mm,meshes/s3c_closing__r_0.6mm/case_outputs/975__s3c_closing__r_0.6mm/segmentation_repaired.stl,4194384,9.59,0,True,True,8,Consider enabling brim; Consider enabling supports; Detected print stability issues; Floating object part; Loose extrusions; Low bed adhesion; Repaired; WARNING,,6929136.0,462.0,0.0,2h 18m 42s,138.7,12.32,4129.02,P1_no_supports
976,s3c_closing__r_0.6mm,meshes/s3c_closing__r_0.6mm/case_outputs/976__s3c_closing__r_0.6mm/segmentation_repaired.stl,2677184,6.81,0,True,True,8,Consider enabling brim; Consider enabling supports; Detected print stability issues; Floating object part; Loose extrusions; Low bed adhesion; Repaired; WARNING,,4515293.0,453.0,0.0,1h 34m 32s,94.53333333333332,7.38,2473.72,P1_no_supports
977,s3c_closing__r_0.6mm,meshes/s3c_closing__r_0.6mm/case_outputs/977__s3c_closing__r_0.6mm/segmentation_repaired.stl,2831084,7.4,0,True,True,8,Consider enabling brim; Consider enabling supports; Detected print stability issues; Floating object part; Loose extrusions; Low bed adhesion; Repaired; WARNING,,4796565.0,450.0,0.0,1h 44m 20s,104.33333333333331,8.3,2784.3,P1_no_supports
978,s3c_closing__r_0.6mm,meshes/s3c_closing__r_0.6mm/case_outputs/978__s3c_closing__r_0.6mm/segmentation_repaired.stl,3485884,7.34,0,True,True,8,Consider enabling brim; Consider enabling supports; Detected print stability issues; Floating object part; Loose extrusions; Low bed adhesion; Repaired; WARNING,,5603448.0,387.0,0.0,1h 50m 13s,110.21666666666668,9.5,3186.12,P1_no_supports
979,s3c_closing__r_0.6mm,meshes/s3c_closing__r_0.6mm/case_outputs/979__s3c_closing__r_0.6mm/segmentation_repaired.stl,2974384,6.69,1,False,False,8,Consider enabling brim; Consider enabling supports; Detected print stability issues; Floating object part; Loose extrusions; Low bed adhesion; Repaired; WARNING,There is an object with no extrusions in the first layer. | Object name: segmentation_repaired.stl,,,,,,,,P1_no_supports
980,s3c_closing__r_0.6mm,meshes/s3c_closing__r_0.6mm/case_outputs/980__s3c_closing__r_0.6mm/segmentation_repaired.stl,2972884,6.88,0,True,True,8,Consider enabling brim; Consider enabling supports; Detected print stability issues; Floating object part; Loose extrusions; Low bed adhesion; Repaired; WARNING,,4797469.0,438.0,0.0,1h 44m 57s,104.95,9.36,3137.6,P1_no_supports
981,s3c_closing__r_0.6mm,meshes/s3c_closing__r_0.6mm/case_outputs/981__s3c_closing__r_0.6mm/segmentation_repaired.stl,1846684,4.5,0,True,True,8,Consider enabling brim; Consider enabling supports; Detected print stability issues; Floating object part; Loose extrusions; Low bed adhesion; Repaired; WARNING,,2919966.0,345.0,0.0,1h 1m 40s,61.66666666666666,5.21,1746.32,P1_no_supports
982,s3c_closing__r_0.6mm,meshes/s3c_closing__r_0.6mm/case_outputs/982__s3c_closing__r_0.6mm/segmentation_repaired.stl,2250384,5.55,0,True,True,8,Consider enabling brim; Consider enabling supports; Detected print stability issues; Floating object part; Loose extrusions; Low bed adhesion; Repaired; WARNING,,3630675.0,378.0,0.0,1h 13m 40s,73.66666666666667,6.04,2024.22,P1_no_supports
983,s3c_closing__r_0.6mm,meshes/s3c_closing__r_0.6mm/case_outputs/983__s3c_closing__r_0.6mm/segmentation_repaired.stl,3886884,9.51,0,True,True,8,Consider enabling brim; Consider enabling supports; Detected print stability issues; Floating object part; Loose extrusions; Low bed adhesion; Repaired; WARNING,,6641685.0,440.0,0.0,2h 14m 48s,134.8,11.27,3778.85,P1_no_supports
984,s3c_closing__r_0.6mm,meshes/s3c_closing__r_0.6mm/case_outputs/984__s3c_closing__r_0.6mm/segmentation_repaired.stl,3890084,8.68,0,True,True,8,Consider enabling brim; Consider enabling supports; Detected print stability issues; Floating object part; Loose extrusions; Low bed adhesion; Repaired; WARNING,,6018748.0,477.0,0.0,2h 10m 59s,130.98333333333332,11.18,3748.6,P1_no_supports
985,s3c_closing__r_0.6mm,meshes/s3c_closing__r_0.6mm/case_outputs/985__s3c_closing__r_0.6mm/segmentation_repaired.stl,3179584,7.05,0,True,True,8,Consider enabling brim; Consider enabling supports; Detected print stability issues; Floating object part; Loose extrusions; Low bed adhesion; Repaired; WARNING,,5216718.0,477.0,0.0,1h 50m 51s,110.85,9.06,3036.78,P1_no_supports
986,s3c_closing__r_0.6mm,meshes/s3c_closing__r_0.6mm/case_outputs/986__s3c_closing__r_0.6mm/segmentation_repaired.stl,3248584,8.32,0,True,True,8,Consider enabling brim; Consider enabling supports; Detected print stability issues; Floating object part; Loose extrusions; Low bed adhesion; Repaired; WARNING,,5344467.0,480.0,0.0,1h 54m 6s,114.1,9.37,3142.32,P1_no_supports
987,s3c_closing__r_0.6mm,meshes/s3c_closing__r_0.6mm/case_outputs/987__s3c_closing__r_0.6mm/segmentation_repaired.stl,4208084,10.3,0,True,True,8,Consider enabling brim; Consider enabling supports; Detected print stability issues; Floating object part; Loose extrusions; Low bed adhesion; Repaired; WARNING,,7032153.0,495.0,0.0,2h 33m 38s,153.63333333333333,13.14,4404.33,P1_no_supports
988,s3c_closing__r_0.6mm,meshes/s3c_closing__r_0.6mm/case_outputs/988__s3c_closing__r_0.6mm/segmentation_repaired.stl,2699984,6.15,0,True,True,8,Consider enabling brim; Consider enabling supports; Detected print stability issues; Floating object part; Loose extrusions; Low bed adhesion; Repaired; WARNING,,4314489.0,390.0,0.0,1h 28m 37s,88.61666666666666,7.13,2390.72,P1_no_supports
989,s3c_closing__r_0.6mm,meshes/s3c_closing__r_0.6mm/case_outputs/989__s3c_closing__r_0.6mm/segmentation_repaired.stl,3467484,8.18,0,True,True,8,Consider enabling brim; Consider enabling supports; Detected print stability issues; Floating object part; Loose extrusions; Low bed adhesion; Repaired; WARNING,,5646974.0,453.0,0.0,1h 56m 20s,116.33333333333331,9.47,3176.04,P1_no_supports
990,s3c_closing__r_0.6mm,meshes/s3c_closing__r_0.6mm/case_outputs/990__s3c_closing__r_0.6mm/segmentation_repaired.stl,3060884,7.41,0,True,True,8,Consider enabling brim; Consider enabling supports; Detected print stability issues; Floating object part; Loose extrusions; Low bed adhesion; Repaired; WARNING,,5115131.0,456.0,0.0,1h 50m 26s,110.43333333333334,9.1,3050.89,P1_no_supports
991,s3c_closing__r_0.6mm,meshes/s3c_closing__r_0.6mm/case_outputs/991__s3c_closing__r_0.6mm/segmentation_repaired.stl,3025984,7.08,0,True,True,8,Consider enabling brim; Consider enabling supports; Detected print stability issues; Floating object part; Loose extrusions; Low bed adhesion; Repaired; WARNING,,4940762.0,390.0,0.0,1h 43m 23s,103.38333333333334,8.52,2855.88,P1_no_supports
992,s3c_closing__r_0.6mm,meshes/s3c_closing__r_0.6mm/case_outputs/992__s3c_closing__r_0.6mm/segmentation_repaired.stl,2476284,6.17,0,True,True,8,Consider enabling brim; Consider enabling supports; Detected print stability issues; Floating object part; Loose extrusions; Low bed adhesion; Repaired; WARNING,,4040845.0,435.0,0.0,1h 24m 31s,84.51666666666667,6.83,2291.34,P1_no_supports
993,s3c_closing__r_0.6mm,meshes/s3c_closing__r_0.6mm/case_outputs/993__s3c_closing__r_0.6mm/segmentation_repaired.stl,5211084,11.93,0,True,True,8,Consider enabling brim; Consider enabling supports; Detected print stability issues; Floating object part; Loose extrusions; Low bed adhesion; Repaired; WARNING,,8300064.0,483.0,0.0,2h 44m 34s,164.56666666666666,15.28,5123.87,P1_no_supports
994,s3c_closing__r_0.6mm,meshes/s3c_closing__r_0.6mm/case_outputs/994__s3c_closing__r_0.6mm/segmentation_repaired.stl,3632384,8.91,0,True,True,8,Consider enabling brim; Consider enabling supports; Detected print stability issues; Floating object part; Loose extrusions; Low bed adhesion; Repaired; WARNING,,6033712.0,390.0,0.0,2h 0m 17s,120.28333333333332,10.05,3368.87,P1_no_supports
995,s3c_closing__r_0.6mm,meshes/s3c_closing__r_0.6mm/case_outputs/995__s3c_closing__r_0.6mm/segmentation_repaired.stl,3088884,6.84,0,True,True,8,Consider enabling brim; Consider enabling supports; Detected print stability issues; Floating object part; Loose extrusions; Low bed adhesion; Repaired; WARNING,,4938718.0,387.0,0.0,1h 38m 17s,98.28333333333332,8.14,2730.46,P1_no_supports
996,s3c_closing__r_0.6mm,meshes/s3c_closing__r_0.6mm/case_outputs/996__s3c_closing__r_0.6mm/segmentation_repaired.stl,2755084,6.24,0,True,True,8,Consider enabling brim; Consider enabling supports; Detected print stability issues; Floating object part; Loose extrusions; Low bed adhesion; Repaired; WARNING,,4434362.0,387.0,0.0,1h 29m 37s,89.61666666666666,7.3,2447.21,P1_no_supports
997,s3c_closing__r_0.6mm,meshes/s3c_closing__r_0.6mm/case_outputs/997__s3c_closing__r_0.6mm/segmentation_repaired.stl,3980684,9.09,0,True,True,8,Consider enabling brim; Consider enabling supports; Detected print stability issues; Floating object part; Loose extrusions; Low bed adhesion; Repaired; WARNING,,6588806.0,396.0,0.0,2h 14m 2s,134.03333333333333,11.54,3867.85,P1_no_supports
998,s3c_closing__r_0.6mm,meshes/s3c_closing__r_0.6mm/case_outputs/998__s3c_closing__r_0.6mm/segmentation_repaired.stl,3675084,8.79,0,True,True,8,Consider enabling brim; Consider enabling supports; Detected print stability issues; Floating object part; Loose extrusions; Low bed adhesion; Repaired; WARNING,,5988139.0,408.0,0.0,2h 8m 36s,128.6,11.35,3803.9,P1_no_supports
999,s3c_closing__r_0.6mm,meshes/s3c_closing__r_0.6mm/case_outputs/999__s3c_closing__r_0.6mm/segmentation_repaired.stl,2203984,4.19,0,True,True,8,Consider enabling brim; Consider enabling supports; Detected print stability issues; Floating object part; Loose extrusions; Low bed adhesion; Repaired; WARNING,,3593881.0,390.0,0.0,1h 12m 46s,72.76666666666667,5.74,1923.49,P1_no_supports
