case_id,variant_id,stl,stl_bytes,slice_seconds,return_code,toolpath_success,gcode_generated,warning_count,warnings,stderr_tail,gcode_bytes,layer_count,empty_layer_count,estimated_print_time_text,estimated_print_time_min,filament_used_g,filament_used_mm,profile_name
1000,s0_original,meshes/s0_original/case_outputs/1000__s0_original/segmentation_repaired.stl,3170384,12.07,0,True,True,0,,,10022095,482,0,5h 33m 17s,333.28333333333336,56.36,18896.99,P2_supports_brim
751,s0_original,meshes/s0_original/case_outputs/751__s0_original/segmentation_repaired.stl,3396884,12.67,0,True,True,0,,,11228644,562,0,6h 44m 4s,404.06666666666666,67.95,22782.8,P2_supports_brim
752,s0_original,meshes/s0_original/case_outputs/752__s0_original/segmentation_repaired.stl,3933384,14.0,0,True,True,0,,,12035969,565,0,6h 31m 41s,391.68333333333334,59.17,19838.55,P2_supports_brim
753,s0_original,meshes/s0_original/case_outputs/753__s0_original/segmentation_repaired.stl,2073384,7.41,0,True,True,0,,,6391675,485,0,3h 39m 39s,219.65,38.5,12908.14,P2_supports_brim
754,s0_original,meshes/s0_original/case_outputs/754__s0_original/segmentation_repaired.stl,2763684,10.24,0,True,True,0,,,8541567,706,0,4h 45m 20s,285.3333333333333,44.32,14859.31,P2_supports_brim
755,s0_original,meshes/s0_original/case_outputs/755__s0_original/segmentation_repaired.stl,2893784,10.12,0,True,True,0,,,9055758,484,0,5h 0m 11s,300.18333333333334,49.46,16582.15,P2_supports_brim
756,s0_original,meshes/s0_original/case_outputs/756__s0_original/segmentation_repaired.stl,2155984,7.76,0,True,True,0,,,6923683,464,0,3h 55m 26s,235.43333333333334,39.24,13157.46,P2_supports_brim
757,s0_original,meshes/s0_original/case_outputs/757__s0_original/segmentation_repaired.stl,3321884,12.46,0,True,True,0,,,11016531,555,0,6h 29m 15s,389.25,62.66,21009.65,P2_supports_brim
758,s0_original,meshes/s0_original/case_outputs/758__s0_original/segmentation_repaired.stl,2638284,10.35,0,True,True,0,,,8769564,672,0,5h 3m 39s,303.65,47.44,15906.67,P2_supports_brim
759,s0_original,meshes/s0_original/case_outputs/759__s0_original/segmentation_repaired.stl,1920784,7.72,0,True,True,0,,,5827687,534,0,3h 11m 34s,191.56666666666666,33.08,11090.28,P2_supports_brim
760,s0_original,meshes/s0_original/case_outputs/760__s0_original/segmentation_repaired.stl,3482884,12.5,0,True,True,0,,,11118280,495,0,6h 3m 17s,363.28333333333336,55.75,18693.04,P2_supports_brim
761,s0_original,meshes/s0_original/case_outputs/761__s0_original/segmentation_repaired.stl,3747484,13.09,0,True,True,0,,,11548215,473,0,6h 15m 33s,375.55,61.94,20768.69,P2_supports_brim
762,s0_original,meshes/s0_original/case_outputs/762__s0_original/segmentation_repaired.stl,3844584,13.05,0,True,True,0,,,12232816,537,0,7h 2m 33s,422.55,67.86,22751.67,P2_supports_brim
763,s0_original,meshes/s0_original/case_outputs/763__s0_original/segmentation_repaired.stl,3858484,12.63,0,True,True,0,,,12397936,532,0,6h 50m 47s,410.78333333333336,66.56,22316.49,P2_supports_brim
764,s0_original,meshes/s0_original/case_outputs/764__s0_original/segmentation_repaired.stl,4801084,16.09,0,True,True,0,,,14344329,439,0,7h 50m 48s,470.8,75.57,25337.25,P2_supports_brim
765,s0_original,meshes/s0_original/case_outputs/765__s0_original/segmentation_repaired.stl,2903484,10.6,0,True,True,0,,,9288494,495,0,5h 25m 33s,325.55,54.45,18256.03,P2_supports_brim
766,s0_original,meshes/s0_original/case_outputs/766__s0_original/segmentation_repaired.stl,5367684,18.05,0,True,True,0,,,16384742,579,0,9h 25m 27s,565.45,96.05,32204.72,P2_supports_brim
767,s0_original,meshes/s0_original/case_outputs/767__s0_original/segmentation_repaired.stl,2411784,9.58,0,True,True,0,,,7816922,573,0,4h 36m 3s,276.05,47.68,15987.25,P2_supports_brim
768,s0_original,meshes/s0_original/case_outputs/768__s0_original/segmentation_repaired.stl,2841884,9.84,0,True,True,0,,,9382314,558,0,5h 39m 22s,339.3666666666667,62.05,20805.66,P2_supports_brim
769,s0_original,meshes/s0_original/case_outputs/769__s0_original/segmentation_repaired.stl,3679184,14.17,0,True,True,0,,,11379347,439,0,6h 11m 55s,371.9166666666667,58.32,19553.52,P2_supports_brim
770,s0_original,meshes/s0_original/case_outputs/770__s0_original/segmentation_repaired.stl,5031484,17.91,0,True,True,0,,,15503067,471,0,8h 24m 32s,504.53333333333336,80.75,27072.94,P2_supports_brim
771,s0_original,meshes/s0_original/case_outputs/771__s0_original/segmentation_repaired.stl,2999684,10.94,0,True,True,0,,,9794808,489,0,5h 47m 32s,347.53333333333336,61.24,20531.68,P2_supports_brim
772,s0_original,meshes/s0_original/case_outputs/772__s0_original/segmentation_repaired.stl,3243784,11.95,0,True,True,0,,,10298061,481,0,5h 42m 29s,342.48333333333335,57.47,19269.01,P2_supports_brim
773,s0_original,meshes/s0_original/case_outputs/773__s0_original/segmentation_repaired.stl,2774484,9.4,0,True,True,0,,,8397154,681,0,4h 52m 18s,292.3,48.12,16133.45,P2_supports_brim
774,s0_original,meshes/s0_original/case_outputs/774__s0_original/segmentation_repaired.stl,2816284,10.25,0,True,True,0,,,8949054,587,0,5h 11m 40s,311.6666666666667,51.15,17149.14,P2_supports_brim
775,s0_original,meshes/s0_original/case_outputs/775__s0_original/segmentation_repaired.stl,2427484,8.44,0,True,True,0,,,7615032,541,0,4h 23m 20s,263.3333333333333,46.83,15702.26,P2_supports_brim
776,s0_original,meshes/s0_original/case_outputs/776__s0_original/segmentation_repaired.stl,3435684,13.18,0,True,True,0,,,11779072,457,0,6h 42m 48s,402.8,64.71,21696.45,P2_supports_brim
777,s0_original,meshes/s0_original/case_outputs/777__s0_original/segmentation_repaired.stl,2813984,10.39,0,True,True,0,,,8866768,519,0,5h 1m 58s,301.96666666666664,49.39,16560.69,P2_supports_brim
778,s0_original,meshes/s0_original/case_outputs/778__s0_original/segmentation_repaired.stl,2821484,10.26,0,True,True,0,,,8918715,546,0,4h 52m 29s,292.48333333333335,46.44,15571.55,P2_supports_brim
779,s0_original,meshes/s0_original/case_outputs/779__s0_original/segmentation_repaired.stl,3554984,13.63,0,True,True,0,,,11749677,567,0,6h 39m 35s,399.5833333333333,65.44,21941.18,P2_supports_brim
780,s0_original,meshes/s0_original/case_outputs/780__s0_original/segmentation_repaired.stl,3988584,13.0,0,True,True,0,,,12670875,446,0,7h 10m 54s,430.9,69.82,23409.42,P2_supports_brim
781,s0_original,meshes/s0_original/case_outputs/781__s0_original/segmentation_repaired.stl,2719084,9.17,0,True,True,0,,,7757562,465,0,4h 14m 59s,254.98333333333332,43.38,14543.8,P2_supports_brim
782,s0_original,meshes/s0_original/case_outputs/782__s0_original/segmentation_repaired.stl,3873684,13.67,0,True,True,0,,,12336488,489,0,6h 55m 52s,415.8666666666667,66.04,22142.85,P2_supports_brim
783,s0_original,meshes/s0_original/case_outputs/783__s0_original/segmentation_repaired.stl,2587184,10.36,0,True,True,0,,,8148846,455,0,4h 26m 55s,266.9166666666667,45.6,15287.94,P2_supports_brim
784,s0_original,meshes/s0_original/case_outputs/784__s0_original/segmentation_repaired.stl,2645284,10.31,0,True,True,0,,,8965712,460,0,5h 0m 8s,300.1333333333333,47.16,15812.24,P2_supports_brim
785,s0_original,meshes/s0_original/case_outputs/785__s0_original/segmentation_repaired.stl,1904884,6.71,0,True,True,0,,,5426610,437,0,2h 59m 38s,179.63333333333333,31.67,10617.36,P2_supports_brim
786,s0_original,meshes/s0_original/case_outputs/786__s0_original/segmentation_repaired.stl,2806884,9.61,0,True,True,0,,,8154196,449,0,4h 23m 9s,263.15,43.59,14614.58,P2_supports_brim
787,s0_original,meshes/s0_original/case_outputs/787__s0_original/segmentation_repaired.stl,2584284,8.62,0,True,True,0,,,6847480,462,0,3h 57m 26s,237.43333333333334,39.57,13268.65,P2_supports_brim
788,s0_original,meshes/s0_original/case_outputs/788__s0_original/segmentation_repaired.stl,3893084,13.59,0,True,True,0,,,12416980,652,0,6h 58m 2s,418.03333333333336,65.25,21877.24,P2_supports_brim
789,s0_original,meshes/s0_original/case_outputs/789__s0_original/segmentation_repaired.stl,3206084,12.19,0,True,True,0,,,10348440,587,0,6h 11m 24s,371.4,65.03,21802.18,P2_supports_brim
790,s0_original,meshes/s0_original/case_outputs/790__s0_original/segmentation_repaired.stl,3120084,11.02,0,True,True,0,,,9518943,710,0,5h 9m 8s,309.1333333333333,48.24,16172.82,P2_supports_brim
791,s0_original,meshes/s0_original/case_outputs/791__s0_original/segmentation_repaired.stl,4215284,14.79,0,True,True,0,,,13526906,457,0,7h 16m 12s,436.2,70.37,23593.1,P2_supports_brim
792,s0_original,meshes/s0_original/case_outputs/792__s0_original/segmentation_repaired.stl,2444384,8.66,0,True,True,0,,,8216654,470,0,4h 51m 11s,291.18333333333334,49.36,16548.27,P2_supports_brim
793,s0_original,meshes/s0_original/case_outputs/793__s0_original/segmentation_repaired.stl,2126084,7.51,0,True,True,0,,,6748783,517,0,3h 54m 34s,234.56666666666666,42.54,14264.23,P2_supports_brim
794,s0_original,meshes/s0_original/case_outputs/794__s0_original/segmentation_repaired.stl,4391884,14.79,0,True,True,0,,,13562868,544,0,7h 33m 52s,453.8666666666667,76.36,25603.3,P2_supports_brim
795,s0_original,meshes/s0_original/case_outputs/795__s0_original/segmentation_repaired.stl,2573084,8.94,0,True,True,0,,,8226832,570,0,4h 50m 16s,290.26666666666665,54.1,18139.47,P2_supports_brim
796,s0_original,meshes/s0_original/case_outputs/796__s0_original/segmentation_repaired.stl,3021084,10.62,0,True,True,0,,,10274812,517,0,6h 5m 55s,365.9166666666667,59.07,19806.57,P2_supports_brim
797,s0_original,meshes/s0_original/case_outputs/797__s0_original/segmentation_repaired.stl,3153584,11.33,0,True,True,0,,,9992593,456,0,5h 33m 22s,333.3666666666667,52.16,17487.46,P2_supports_brim
798,s0_original,meshes/s0_original/case_outputs/798__s0_original/segmentation_repaired.stl,4276184,15.86,0,True,True,0,,,15024134,663,0,9h 17m 6s,557.1,92.76,31102.51,P2_supports_brim
799,s0_original,meshes/s0_original/case_outputs/799__s0_original/segmentation_repaired.stl,3670984,12.94,0,True,True,0,,,11609753,513,0,6h 32m 17s,392.28333333333336,61.27,20541.96,P2_supports_brim
800,s0_original,meshes/s0_original/case_outputs/800__s0_original/segmentation_repaired.stl,4122884,15.8,0,True,True,0,,,13535456,526,0,7h 45m 18s,465.3,74.49,24975.09,P2_supports_brim
801,s0_original,meshes/s0_original/case_outputs/801__s0_original/segmentation_repaired.stl,3954684,14.07,0,True,True,0,,,12598743,402,0,6h 46m 15s,406.25,63.98,21451.14,P2_supports_brim
802,s0_original,meshes/s0_original/case_outputs/802__s0_original/segmentation_repaired.stl,2666684,9.78,0,True,True,0,,,8923093,516,0,5h 0m 54s,300.9,51.48,17260.27,P2_supports_brim
803,s0_original,meshes/s0_original/case_outputs/803__s0_original/segmentation_repaired.stl,3384784,13.78,0,True,True,2,Repaired; WARNING,,12395368,584,0,7h 34m 0s,454.0,66.19,22192.2,P2_supports_brim
804,s0_original,meshes/s0_original/case_outputs/804__s0_original/segmentation_repaired.stl,2520584,9.05,0,True,True,0,,,7467766,507,0,4h 14m 37s,254.61666666666667,41.84,14029.55,P2_supports_brim
805,s0_original,meshes/s0_original/case_outputs/805__s0_original/segmentation_repaired.stl,3509084,12.34,0,True,True,0,,,11350086,478,0,6h 17m 13s,377.21666666666664,60.4,20251.91,P2_supports_brim
806,s0_original,meshes/s0_original/case_outputs/806__s0_original/segmentation_repaired.stl,3330084,13.72,0,True,True,0,,,10927924,482,0,6h 13m 29s,373.48333333333335,58.56,19633.63,P2_supports_brim
807,s0_original,meshes/s0_original/case_outputs/807__s0_original/segmentation_repaired.stl,3512784,11.64,0,True,True,0,,,11094857,531,0,6h 20m 59s,380.98333333333335,62.68,21014.45,P2_supports_brim
808,s0_original,meshes/s0_original/case_outputs/808__s0_original/segmentation_repaired.stl,3283084,13.09,0,True,True,0,,,11005308,583,0,6h 54m 30s,414.5,63.46,21275.65,P2_supports_brim
809,s0_original,meshes/s0_original/case_outputs/809__s0_original/segmentation_repaired.stl,841084,3.55,0,True,True,0,,,2334439,375,0,1h 22m 33s,82.55,14.93,5004.42,P2_supports_brim
810,s0_original,meshes/s0_original/case_outputs/810__s0_original/segmentation_repaired.stl,3105884,12.79,0,True,True,0,,,11763012,629,0,7h 19m 9s,439.15,79.44,26634.04,P2_supports_brim
811,s0_original,meshes/s0_original/case_outputs/811__s0_original/segmentation_repaired.stl,2817884,9.83,0,True,True,0,,,8012581,427,0,4h 23m 24s,263.4,41.22,13819.06,P2_supports_brim
812,s0_original,meshes/s0_original/case_outputs/812__s0_original/segmentation_repaired.stl,4058084,13.76,0,True,True,0,,,11764747,431,0,6h 51m 51s,411.85,65.43,21937.16,P2_supports_brim
813,s0_original,meshes/s0_original/case_outputs/813__s0_original/segmentation_repaired.stl,2380884,9.1,0,True,True,0,,,7280541,504,0,4h 7m 11s,247.18333333333334,39.73,13320.87,P2_supports_brim
814,s0_original,meshes/s0_original/case_outputs/814__s0_original/segmentation_repaired.stl,3914584,15.61,0,True,True,0,,,12691661,494,0,7h 20m 36s,440.6,73.09,24506.16,P2_supports_brim
815,s0_original,meshes/s0_original/case_outputs/815__s0_original/segmentation_repaired.stl,4015184,14.0,0,True,True,0,,,12336175,555,0,6h 54m 54s,414.9,65.0,21794.53,P2_supports_brim
816,s0_original,meshes/s0_original/case_outputs/816__s0_original/segmentation_repaired.stl,2277184,8.76,0,True,True,0,,,6708476,616,0,3h 56m 1s,236.01666666666668,38.75,12991.97,P2_supports_brim
817,s0_original,meshes/s0_original/case_outputs/817__s0_original/segmentation_repaired.stl,3316084,12.06,0,True,True,0,,,9289691,447,0,5h 5m 46s,305.76666666666665,46.23,15500.92,P2_supports_brim
818,s0_original,meshes/s0_original/case_outputs/818__s0_original/segmentation_repaired.stl,2815684,9.31,0,True,True,0,,,9122450,528,0,5h 12m 53s,312.8833333333333,50.9,17064.44,P2_supports_brim
819,s0_original,meshes/s0_original/case_outputs/819__s0_original/segmentation_repaired.stl,3630884,12.56,0,True,True,0,,,10667796,511,0,5h 51m 51s,351.85,59.5,19949.8,P2_supports_brim
820,s0_original,meshes/s0_original/case_outputs/820__s0_original/segmentation_repaired.stl,2916084,10.19,0,True,True,0,,,9123996,517,0,5h 8m 11s,308.18333333333334,54.48,18267.63,P2_supports_brim
821,s0_original,meshes/s0_original/case_outputs/821__s0_original/segmentation_repaired.stl,2295884,8.53,0,True,True,0,,,7534699,785,0,4h 31m 33s,271.55,47.46,15913.72,P2_supports_brim
822,s0_original,meshes/s0_original/case_outputs/822__s0_original/segmentation_repaired.stl,4077184,15.27,0,True,True,2,Repaired; WARNING,,13315276,563,0,7h 47m 26s,467.43333333333334,72.78,24401.74,P2_supports_brim
823,s0_original,meshes/s0_original/case_outputs/823__s0_original/segmentation_repaired.stl,2985884,10.09,0,True,True,0,,,9103739,442,0,5h 11m 29s,311.48333333333335,51.4,17233.32,P2_supports_brim
824,s0_original,meshes/s0_original/case_outputs/824__s0_original/segmentation_repaired.stl,2456884,8.79,0,True,True,0,,,7586888,599,0,4h 21m 24s,261.4,45.31,15192.63,P2_supports_brim
825,s0_original,meshes/s0_original/case_outputs/825__s0_original/segmentation_repaired.stl,2718584,9.5,0,True,True,0,,,8305726,440,0,4h 36m 28s,276.46666666666664,44.05,14768.77,P2_supports_brim
826,s0_original,meshes/s0_original/case_outputs/826__s0_original/segmentation_repaired.stl,4683284,17.69,0,True,True,0,,,14845515,422,0,7h 57m 52s,477.8666666666667,74.53,24988.95,P2_supports_brim
827,s0_original,meshes/s0_original/case_outputs/827__s0_original/segmentation_repaired.stl,3456084,13.94,0,True,True,0,,,12475799,559,0,7h 44m 37s,464.6166666666667,76.88,25778.2,P2_supports_brim
828,s0_original,meshes/s0_original/case_outputs/828__s0_original/segmentation_repaired.stl,4072884,15.16,0,True,True,0,,,12358450,469,0,6h 43m 3s,403.05,64.12,21498.61,P2_supports_brim
829,s0_original,meshes/s0_original/case_outputs/829__s0_original/segmentation_repaired.stl,3964584,14.01,0,True,True,0,,,12429138,460,0,7h 15m 49s,435.81666666666666,70.76,23723.69,P2_supports_brim
830,s0_original,meshes/s0_original/case_outputs/830__s0_original/segmentation_repaired.stl,2848584,9.99,0,True,True,0,,,9344084,484,0,5h 19m 28s,319.46666666666664,53.43,17913.52,P2_supports_brim
831,s0_original,meshes/s0_original/case_outputs/831__s0_original/segmentation_repaired.stl,3643984,12.0,0,True,True,0,,,10855591,619,0,6h 28m 42s,388.7,68.99,23131.88,P2_supports_brim
832,s0_original,meshes/s0_original/case_outputs/832__s0_original/segmentation_repaired.stl,3802684,12.69,0,True,True,0,,,11410502,476,0,6h 14m 45s,374.75,61.86,20739.96,P2_supports_brim
833,s0_original,meshes/s0_original/case_outputs/833__s0_original/segmentation_repaired.stl,3094684,10.14,0,True,True,0,,,9039412,454,0,4h 58m 20s,298.3333333333333,48.59,16292.09,P2_supports_brim
834,s0_original,meshes/s0_original/case_outputs/834__s0_original/segmentation_repaired.stl,3749384,12.47,0,True,True,0,,,11975993,510,0,6h 40m 30s,400.5,65.01,21797.6,P2_supports_brim
835,s0_original,meshes/s0_original/case_outputs/835__s0_original/segmentation_repaired.stl,2644584,9.18,0,True,True,0,,,8122422,494,0,4h 31m 16s,271.26666666666665,44.69,14982.43,P2_supports_brim
836,s0_original,meshes/s0_original/case_outputs/836__s0_original/segmentation_repaired.stl,2435284,8.53,0,True,True,0,,,8119484,510,0,4h 41m 8s,281.1333333333333,47.32,15865.12,P2_supports_brim
837,s0_original,meshes/s0_original/case_outputs/837__s0_original/segmentation_repaired.stl,3523284,11.86,0,True,True,0,,,11131176,467,0,5h 58m 3s,358.05,57.54,19291.19,P2_supports_brim
838,s0_original,meshes/s0_original/case_outputs/838__s0_original/segmentation_repaired.stl,3064184,11.17,0,True,True,0,,,9678066,534,0,5h 13m 6s,313.1,49.16,16481.18,P2_supports_brim
839,s0_original,meshes/s0_original/case_outputs/839__s0_original/segmentation_repaired.stl,2852884,9.95,0,True,True,0,,,8969224,583,0,5h 21m 31s,321.51666666666665,55.5,18609.64,P2_supports_brim
840,s0_original,meshes/s0_original/case_outputs/840__s0_original/segmentation_repaired.stl,3292484,10.77,0,True,True,0,,,10256122,478,0,5h 46m 9s,346.15,55.92,18749.91,P2_supports_brim
841,s0_original,meshes/s0_original/case_outputs/841__s0_original/segmentation_repaired.stl,2352684,8.27,0,True,True,0,,,6844174,507,0,3h 46m 39s,226.65,37.11,12442.87,P2_supports_brim
842,s0_original,meshes/s0_original/case_outputs/842__s0_original/segmentation_repaired.stl,3241284,11.21,0,True,True,0,,,10324102,536,0,5h 45m 12s,345.2,55.67,18665.76,P2_supports_brim
843,s0_original,meshes/s0_original/case_outputs/843__s0_original/segmentation_repaired.stl,2556284,8.72,0,True,True,0,,,7946086,423,0,4h 21m 22s,261.3666666666667,41.51,13918.35,P2_supports_brim
844,s0_original,meshes/s0_original/case_outputs/844__s0_original/segmentation_repaired.stl,2970284,10.87,0,True,True,0,,,9707300,481,0,5h 59m 54s,359.9,59.11,19817.22,P2_supports_brim
845,s0_original,meshes/s0_original/case_outputs/845__s0_original/segmentation_repaired.stl,3495284,11.88,0,True,True,0,,,11426881,748,0,6h 46m 32s,406.53333333333336,64.19,21521.26,P2_supports_brim
846,s0_original,meshes/s0_original/case_outputs/846__s0_original/segmentation_repaired.stl,2889984,9.73,0,True,True,0,,,8478929,547,0,4h 45m 51s,285.85,46.61,15627.69,P2_supports_brim
847,s0_original,meshes/s0_original/case_outputs/847__s0_original/segmentation_repaired.stl,2867284,9.86,0,True,True,0,,,9576188,605,0,5h 40m 54s,340.9,57.8,19379.14,P2_supports_brim
848,s0_original,meshes/s0_original/case_outputs/848__s0_original/segmentation_repaired.stl,1793484,6.4,0,True,True,0,,,5635078,440,0,3h 9m 22s,189.36666666666667,30.53,10235.91,P2_supports_brim
849,s0_original,meshes/s0_original/case_outputs/849__s0_original/segmentation_repaired.stl,4118284,14.1,0,True,True,0,,,12938102,477,0,7h 9m 49s,429.81666666666666,66.81,22400.98,P2_supports_brim
850,s0_original,meshes/s0_original/case_outputs/850__s0_original/segmentation_repaired.stl,2223284,8.38,0,True,True,0,,,7352590,510,0,4h 24m 19s,264.31666666666666,41.55,13931.05,P2_supports_brim
851,s0_original,meshes/s0_original/case_outputs/851__s0_original/segmentation_repaired.stl,2939784,9.83,0,True,True,0,,,8635866,453,0,4h 40m 13s,280.21666666666664,44.44,14900.37,P2_supports_brim
852,s0_original,meshes/s0_original/case_outputs/852__s0_original/segmentation_repaired.stl,4031084,13.24,0,True,True,0,,,12415970,450,0,7h 18m 25s,438.4166666666667,71.89,24102.06,P2_supports_brim
853,s0_original,meshes/s0_original/case_outputs/853__s0_original/segmentation_repaired.stl,2413184,8.37,0,True,True,0,,,7588524,507,0,4h 14m 2s,254.03333333333333,40.1,13445.89,P2_supports_brim
854,s0_original,meshes/s0_original/case_outputs/854__s0_original/segmentation_repaired.stl,2728484,9.38,0,True,True,0,,,8717616,497,0,4h 53m 26s,293.43333333333334,49.53,16606.73,P2_supports_brim
855,s0_original,meshes/s0_original/case_outputs/855__s0_original/segmentation_repaired.stl,4014584,16.44,0,True,True,0,,,16074010,741,0,10h 11m 56s,611.9333333333333,104.7,35104.4,P2_supports_brim
856,s0_original,meshes/s0_original/case_outputs/856__s0_original/segmentation_repaired.stl,3476684,11.74,0,True,True,0,,,11534994,477,0,6h 43m 19s,403.31666666666666,64.68,21684.72,P2_supports_brim
857,s0_original,meshes/s0_original/case_outputs/857__s0_original/segmentation_repaired.stl,4948584,17.66,0,True,True,0,,,16559987,465,0,9h 23m 57s,563.95,91.34,30623.45,P2_supports_brim
858,s0_original,meshes/s0_original/case_outputs/858__s0_original/segmentation_repaired.stl,2763584,9.48,0,True,True,0,,,9134837,503,0,5h 12m 2s,312.03333333333336,54.66,18326.13,P2_supports_brim
859,s0_original,meshes/s0_original/case_outputs/859__s0_original/segmentation_repaired.stl,4123184,14.56,0,True,True,0,,,14113578,566,0,8h 26m 2s,506.03333333333336,84.58,28358.55,P2_supports_brim
860,s0_original,meshes/s0_original/case_outputs/860__s0_original/segmentation_repaired.stl,3103384,10.75,0,True,True,0,,,9949011,493,0,5h 44m 20s,344.3333333333333,56.54,18955.33,P2_supports_brim
861,s0_original,meshes/s0_original/case_outputs/861__s0_original/segmentation_repaired.stl,1616284,6.42,0,True,True,0,,,5283476,574,0,3h 20m 13s,200.21666666666667,36.62,12278.89,P2_supports_brim
862,s0_original,meshes/s0_original/case_outputs/862__s0_original/segmentation_repaired.stl,3761484,12.92,0,True,True,0,,,12982439,661,0,7h 52m 16s,472.26666666666665,84.11,28200.06,P2_supports_brim
863,s0_original,meshes/s0_original/case_outputs/863__s0_original/segmentation_repaired.stl,3047984,11.33,0,True,True,0,,,11557547,606,0,7h 15m 59s,435.98333333333335,82.94,27808.12,P2_supports_brim
864,s0_original,meshes/s0_original/case_outputs/864__s0_original/segmentation_repaired.stl,3891384,13.63,0,True,True,0,,,13763675,525,0,8h 3m 26s,483.43333333333334,80.14,26868.62,P2_supports_brim
865,s0_original,meshes/s0_original/case_outputs/865__s0_original/segmentation_repaired.stl,2528284,8.91,0,True,True,0,,,8083558,588,0,4h 56m 10s,296.1666666666667,54.14,18152.97,P2_supports_brim
866,s0_original,meshes/s0_original/case_outputs/866__s0_original/segmentation_repaired.stl,3648484,12.59,0,True,True,0,,,11283948,482,0,6h 6m 43s,366.71666666666664,57.83,19390.09,P2_supports_brim
867,s0_original,meshes/s0_original/case_outputs/867__s0_original/segmentation_repaired.stl,4651384,16.8,0,True,True,0,,,15222090,592,0,8h 48m 5s,528.0833333333334,85.14,28544.76,P2_supports_brim
868,s0_original,meshes/s0_original/case_outputs/868__s0_original/segmentation_repaired.stl,1718384,7.44,0,True,True,0,,,5543157,392,0,3h 23m 56s,203.93333333333334,31.0,10394.98,P2_supports_brim
869,s0_original,meshes/s0_original/case_outputs/869__s0_original/segmentation_repaired.stl,3403884,11.96,0,True,True,0,,,10730599,502,0,6h 10m 13s,370.21666666666664,62.0,20785.94,P2_supports_brim
870,s0_original,meshes/s0_original/case_outputs/870__s0_original/segmentation_repaired.stl,2687384,10.52,0,True,True,0,,,8772177,481,0,5h 2m 55s,302.9166666666667,48.79,16359.07,P2_supports_brim
871,s0_original,meshes/s0_original/case_outputs/871__s0_original/segmentation_repaired.stl,3028384,10.95,0,True,True,0,,,9371674,567,0,5h 18m 52s,318.8666666666667,50.0,16762.99,P2_supports_brim
872,s0_original,meshes/s0_original/case_outputs/872__s0_original/segmentation_repaired.stl,2708784,9.51,0,True,True,0,,,8594758,503,0,4h 53m 24s,293.4,45.95,15405.95,P2_supports_brim
873,s0_original,meshes/s0_original/case_outputs/873__s0_original/segmentation_repaired.stl,3405884,11.37,0,True,True,0,,,10484513,524,0,6h 21m 8s,381.1333333333333,62.87,21078.62,P2_supports_brim
874,s0_original,meshes/s0_original/case_outputs/874__s0_original/segmentation_repaired.stl,2748784,9.66,0,True,True,0,,,8301541,485,0,4h 45m 9s,285.15,49.59,16626.57,P2_supports_brim
875,s0_original,meshes/s0_original/case_outputs/875__s0_original/segmentation_repaired.stl,3788484,13.17,0,True,True,0,,,12182663,451,0,6h 38m 31s,398.51666666666665,62.67,21012.24,P2_supports_brim
876,s0_original,meshes/s0_original/case_outputs/876__s0_original/segmentation_repaired.stl,2720984,9.54,0,True,True,0,,,8769588,517,0,5h 16m 51s,316.85,54.31,18210.68,P2_supports_brim
877,s0_original,meshes/s0_original/case_outputs/877__s0_original/segmentation_repaired.stl,3154184,11.32,0,True,True,0,,,10755187,526,0,6h 11m 41s,371.68333333333334,58.28,19541.18,P2_supports_brim
878,s0_original,meshes/s0_original/case_outputs/878__s0_original/segmentation_repaired.stl,2864684,10.06,0,True,True,0,,,8427969,507,0,4h 30m 38s,270.6333333333333,44.07,14775.73,P2_supports_brim
879,s0_original,meshes/s0_original/case_outputs/879__s0_original/segmentation_repaired.stl,3219884,11.66,0,True,True,0,,,10643960,629,0,6h 6m 41s,366.68333333333334,66.79,22392.89,P2_supports_brim
880,s0_original,meshes/s0_original/case_outputs/880__s0_original/segmentation_repaired.stl,2265284,8.0,0,True,True,0,,,7105111,503,0,4h 5m 49s,245.81666666666666,44.18,14811.33,P2_supports_brim
881,s0_original,meshes/s0_original/case_outputs/881__s0_original/segmentation_repaired.stl,3032784,10.16,0,True,True,0,,,10065439,491,0,6h 0m 6s,360.1,59.56,19969.25,P2_supports_brim
882,s0_original,meshes/s0_original/case_outputs/882__s0_original/segmentation_repaired.stl,3970884,13.7,0,True,True,0,,,11988446,469,0,6h 54m 45s,414.75,65.51,21964.83,P2_supports_brim
883,s0_original,meshes/s0_original/case_outputs/883__s0_original/segmentation_repaired.stl,3025084,11.15,0,True,True,0,,,9565820,510,0,5h 38m 14s,338.23333333333335,54.57,18296.78,P2_supports_brim
884,s0_original,meshes/s0_original/case_outputs/884__s0_original/segmentation_repaired.stl,1881684,6.9,0,True,True,0,,,6106258,482,0,3h 27m 42s,207.7,36.3,12170.02,P2_supports_brim
885,s0_original,meshes/s0_original/case_outputs/885__s0_original/segmentation_repaired.stl,2725584,9.49,0,True,True,0,,,9317103,485,0,5h 30m 39s,330.65,55.22,18513.69,P2_supports_brim
886,s0_original,meshes/s0_original/case_outputs/886__s0_original/segmentation_repaired.stl,4386484,15.08,0,True,True,0,,,13464232,439,0,7h 0m 36s,420.6,67.78,22724.97,P2_supports_brim
887,s0_original,meshes/s0_original/case_outputs/887__s0_original/segmentation_repaired.stl,3438584,11.69,0,True,True,0,,,10683147,681,0,6h 27m 41s,387.68333333333334,59.85,20066.65,P2_supports_brim
888,s0_original,meshes/s0_original/case_outputs/888__s0_original/segmentation_repaired.stl,2131684,6.96,0,True,True,0,,,6502638,532,0,3h 43m 16s,223.26666666666668,38.64,12953.72,P2_supports_brim
889,s0_original,meshes/s0_original/case_outputs/889__s0_original/segmentation_repaired.stl,2312384,8.12,0,True,True,0,,,7366103,601,0,4h 15m 44s,255.73333333333332,43.19,14480.59,P2_supports_brim
890,s0_original,meshes/s0_original/case_outputs/890__s0_original/segmentation_repaired.stl,2288284,7.87,0,True,True,0,,,6975056,495,0,3h 46m 15s,226.25,37.49,12571.23,P2_supports_brim
891,s0_original,meshes/s0_original/case_outputs/891__s0_original/segmentation_repaired.stl,2418284,8.84,0,True,True,0,,,7667816,556,0,4h 23m 49s,263.81666666666666,42.56,14269.24,P2_supports_brim
892,s0_original,meshes/s0_original/case_outputs/892__s0_original/segmentation_repaired.stl,3873784,13.8,0,True,True,0,,,12907399,471,0,7h 40m 29s,460.48333333333335,74.9,25112.46,P2_supports_brim
893,s0_original,meshes/s0_original/case_outputs/893__s0_original/segmentation_repaired.stl,3076184,10.6,0,True,True,0,,,9880548,605,0,5h 54m 8s,354.1333333333333,60.8,20384.86,P2_supports_brim
894,s0_original,meshes/s0_original/case_outputs/894__s0_original/segmentation_repaired.stl,3496284,12.04,0,True,True,0,,,11387029,475,0,6h 37m 14s,397.23333333333335,64.46,21613.11,P2_supports_brim
895,s0_original,meshes/s0_original/case_outputs/895__s0_original/segmentation_repaired.stl,3659984,12.69,0,True,True,0,,,11542595,376,0,6h 9m 19s,369.31666666666666,60.24,20197.26,P2_supports_brim
896,s0_original,meshes/s0_original/case_outputs/896__s0_original/segmentation_repaired.stl,1964684,6.74,0,True,True,0,,,7009237,530,0,4h 9m 18s,249.3,42.68,14310.44,P2_supports_brim
897,s0_original,meshes/s0_original/case_outputs/897__s0_original/segmentation_repaired.stl,3365984,11.64,0,True,True,0,,,10567193,453,0,5h 50m 59s,350.98333333333335,56.62,18982.41,P2_supports_brim
898,s0_original,meshes/s0_original/case_outputs/898__s0_original/segmentation_repaired.stl,3784784,12.84,0,True,True,0,,,11640524,405,0,6h 18m 2s,378.03333333333336,59.53,19958.67,P2_supports_brim
899,s0_original,meshes/s0_original/case_outputs/899__s0_original/segmentation_repaired.stl,2704484,9.59,0,True,True,0,,,8777694,571,0,5h 2m 21s,302.35,53.74,18019.69,P2_supports_brim
900,s0_original,meshes/s0_original/case_outputs/900__s0_original/segmentation_repaired.stl,2714184,10.03,0,True,True,0,,,8122821,425,0,4h 29m 54s,269.9,41.94,14062.24,P2_supports_brim
901,s0_original,meshes/s0_original/case_outputs/901__s0_original/segmentation_repaired.stl,3171984,11.03,0,True,True,0,,,11034993,619,0,6h 55m 0s,415.0,74.34,24923.49,P2_supports_brim
902,s0_original,meshes/s0_original/case_outputs/902__s0_original/segmentation_repaired.stl,3940584,14.48,0,True,True,0,,,12625688,498,0,6h 42m 9s,402.15,62.45,20938.7,P2_supports_brim
903,s0_original,meshes/s0_original/case_outputs/903__s0_original/segmentation_repaired.stl,2917884,9.37,0,True,True,0,,,8749585,481,0,4h 55m 59s,295.98333333333335,48.66,16315.27,P2_supports_brim
904,s0_original,meshes/s0_original/case_outputs/904__s0_original/segmentation_repaired.stl,3391184,12.36,0,True,True,0,,,11205587,381,0,6h 27m 48s,387.8,59.87,20074.7,P2_supports_brim
905,s0_original,meshes/s0_original/case_outputs/905__s0_original/segmentation_repaired.stl,3146684,11.54,0,True,True,0,,,10351295,491,0,5h 57m 59s,357.98333333333335,58.19,19509.18,P2_supports_brim
906,s0_original,meshes/s0_original/case_outputs/906__s0_original/segmentation_repaired.stl,2531384,8.93,0,True,True,0,,,7797180,472,0,4h 18m 3s,258.05,41.56,13933.46,P2_supports_brim
907,s0_original,meshes/s0_original/case_outputs/907__s0_original/segmentation_repaired.stl,2696584,9.44,0,True,True,0,,,8956151,411,0,5h 2m 25s,302.4166666666667,48.83,16372.31,P2_supports_brim
908,s0_original,meshes/s0_original/case_outputs/908__s0_original/segmentation_repaired.stl,3173084,11.08,0,True,True,0,,,10188240,496,0,5h 52m 2s,352.03333333333336,56.89,19074.9,P2_supports_brim
909,s0_original,meshes/s0_original/case_outputs/909__s0_original/segmentation_repaired.stl,2586984,9.77,0,True,True,0,,,8914238,529,0,5h 16m 55s,316.9166666666667,55.41,18576.98,P2_supports_brim
910,s0_original,meshes/s0_original/case_outputs/910__s0_original/segmentation_repaired.stl,3895384,14.03,0,True,True,0,,,12621945,480,0,6h 55m 13s,415.21666666666664,67.1,22497.97,P2_supports_brim
911,s0_original,meshes/s0_original/case_outputs/911__s0_original/segmentation_repaired.stl,2799784,9.86,0,True,True,0,,,8544317,507,0,4h 46m 51s,286.85,47.97,16085.03,P2_supports_brim
912,s0_original,meshes/s0_original/case_outputs/912__s0_original/segmentation_repaired.stl,3156384,11.33,0,True,True,0,,,10755943,554,0,6h 44m 35s,404.5833333333333,66.74,22377.71,P2_supports_brim
913,s0_original,meshes/s0_original/case_outputs/913__s0_original/segmentation_repaired.stl,3498684,12.94,0,True,True,0,,,11419428,451,0,6h 25m 33s,385.55,61.96,20775.58,P2_supports_brim
914,s0_original,meshes/s0_original/case_outputs/914__s0_original/segmentation_repaired.stl,2224684,8.43,0,True,True,0,,,7325399,564,0,4h 13m 6s,253.1,41.95,14065.6,P2_supports_brim
915,s0_original,meshes/s0_original/case_outputs/915__s0_original/segmentation_repaired.stl,4114284,13.52,0,True,True,0,,,12885099,531,0,7h 10m 47s,430.78333333333336,70.68,23696.35,P2_supports_brim
916,s0_original,meshes/s0_original/case_outputs/916__s0_original/segmentation_repaired.stl,3144384,11.57,0,True,True,0,,,10211241,572,0,5h 51m 45s,351.75,57.69,19342.79,P2_supports_brim
917,s0_original,meshes/s0_original/case_outputs/917__s0_original/segmentation_repaired.stl,3797584,13.71,0,True,True,0,,,12009737,446,0,6h 59m 1s,419.01666666666665,69.38,23263.58,P2_supports_brim
918,s0_original,meshes/s0_original/case_outputs/918__s0_original/segmentation_repaired.stl,2613784,9.62,0,True,True,0,,,8417360,504,0,4h 39m 43s,279.71666666666664,45.9,15388.36,P2_supports_brim
919,s0_original,meshes/s0_original/case_outputs/919__s0_original/segmentation_repaired.stl,2996684,10.42,0,True,True,0,,,9532788,517,0,5h 38m 42s,338.7,60.28,20212.34,P2_supports_brim
920,s0_original,meshes/s0_original/case_outputs/920__s0_original/segmentation_repaired.stl,3207684,11.26,0,True,True,0,,,10447953,514,0,6h 6m 41s,366.68333333333334,62.36,20908.66,P2_supports_brim
921,s0_original,meshes/s0_original/case_outputs/921__s0_original/segmentation_repaired.stl,3201284,11.06,0,True,True,0,,,10401147,468,0,6h 14m 33s,374.55,60.2,20183.07,P2_supports_brim
922,s0_original,meshes/s0_original/case_outputs/922__s0_original/segmentation_repaired.stl,1665884,6.45,0,True,True,0,,,5286466,357,0,3h 0m 31s,180.51666666666668,29.14,9771.76,P2_supports_brim
923,s0_original,meshes/s0_original/case_outputs/923__s0_original/segmentation_repaired.stl,3626084,12.33,0,True,True,0,,,11638889,623,0,6h 48m 1s,408.01666666666665,71.51,23977.11,P2_supports_brim
924,s0_original,meshes/s0_original/case_outputs/924__s0_original/segmentation_repaired.stl,3759284,13.04,0,True,True,0,,,10829224,743,0,5h 55m 0s,355.0,55.61,18644.84,P2_supports_brim
925,s0_original,meshes/s0_original/case_outputs/925__s0_original/segmentation_repaired.stl,3263484,12.98,0,True,True,0,,,12648529,596,0,7h 47m 22s,467.3666666666667,86.49,28999.72,P2_supports_brim
926,s0_original,meshes/s0_original/case_outputs/926__s0_original/segmentation_repaired.stl,2309484,8.66,0,True,True,0,,,7981178,623,0,4h 43m 21s,283.35,47.11,15795.84,P2_supports_brim
927,s0_original,meshes/s0_original/case_outputs/927__s0_original/segmentation_repaired.stl,2999984,10.33,0,True,True,0,,,10019730,485,0,5h 44m 28s,344.46666666666664,55.08,18466.28,P2_supports_brim
928,s0_original,meshes/s0_original/case_outputs/928__s0_original/segmentation_repaired.stl,2932884,10.18,0,True,True,0,,,9148100,520,0,5h 18m 13s,318.21666666666664,55.73,18686.5,P2_supports_brim
929,s0_original,meshes/s0_original/case_outputs/929__s0_original/segmentation_repaired.stl,2697884,9.43,0,True,True,0,,,8397669,508,0,4h 35m 30s,275.5,45.9,15388.59,P2_supports_brim
930,s0_original,meshes/s0_original/case_outputs/930__s0_original/segmentation_repaired.stl,3079084,10.28,0,True,True,0,,,9581129,409,0,5h 20m 39s,320.65,51.2,17165.12,P2_supports_brim
931,s0_original,meshes/s0_original/case_outputs/931__s0_original/segmentation_repaired.stl,1906684,7.79,0,True,True,0,,,6634689,525,0,4h 5m 51s,245.85,40.35,13529.48,P2_supports_brim
932,s0_original,meshes/s0_original/case_outputs/932__s0_original/segmentation_repaired.stl,2848684,9.38,0,True,True,0,,,8541352,472,0,4h 40m 29s,280.48333333333335,44.38,14880.14,P2_supports_brim
933,s0_original,meshes/s0_original/case_outputs/933__s0_original/segmentation_repaired.stl,3221784,10.91,0,True,True,0,,,10533967,591,0,5h 49m 55s,349.9166666666667,57.6,19312.03,P2_supports_brim
934,s0_original,meshes/s0_original/case_outputs/934__s0_original/segmentation_repaired.stl,3187384,10.69,0,True,True,0,,,9708125,592,0,5h 38m 34s,338.56666666666666,53.39,17899.19,P2_supports_brim
935,s0_original,meshes/s0_original/case_outputs/935__s0_original/segmentation_repaired.stl,3187884,10.06,0,True,True,0,,,9444500,568,0,5h 28m 53s,328.8833333333333,57.43,19255.93,P2_supports_brim
936,s0_original,meshes/s0_original/case_outputs/936__s0_original/segmentation_repaired.stl,2577784,9.74,0,True,True,0,,,7701302,439,0,4h 27m 54s,267.9,43.38,14543.64,P2_supports_brim
937,s0_original,meshes/s0_original/case_outputs/937__s0_original/segmentation_repaired.stl,2751484,9.56,0,True,True,0,,,8692829,451,0,4h 54m 36s,294.6,46.08,15448.38,P2_supports_brim
938,s0_original,meshes/s0_original/case_outputs/938__s0_original/segmentation_repaired.stl,3723684,12.74,0,True,True,0,,,11371705,513,0,6h 35m 9s,395.15,63.83,21402.15,P2_supports_brim
939,s0_original,meshes/s0_original/case_outputs/939__s0_original/segmentation_repaired.stl,3363084,11.34,0,True,True,0,,,10488748,527,0,5h 56m 37s,356.6166666666667,59.79,20046.87,P2_supports_brim
940,s0_original,meshes/s0_original/case_outputs/940__s0_original/segmentation_repaired.stl,2655084,9.2,0,True,True,0,,,8332242,494,0,4h 34m 57s,274.95,43.59,14614.71,P2_supports_brim
941,s0_original,meshes/s0_original/case_outputs/941__s0_original/segmentation_repaired.stl,2217684,7.78,0,True,True,0,,,6954413,547,0,3h 47m 35s,227.58333333333334,36.14,12118.72,P2_supports_brim
942,s0_original,meshes/s0_original/case_outputs/942__s0_original/segmentation_repaired.stl,2339684,7.97,0,True,True,0,,,7570973,454,0,4h 8m 48s,248.8,41.35,13863.96,P2_supports_brim
943,s0_original,meshes/s0_original/case_outputs/943__s0_original/segmentation_repaired.stl,2731884,10.04,0,True,True,0,,,9108751,578,0,5h 12m 6s,312.1,49.35,16547.17,P2_supports_brim
944,s0_original,meshes/s0_original/case_outputs/944__s0_original/segmentation_repaired.stl,4106984,16.71,0,True,True,0,,,15203701,524,0,9h 20m 28s,560.4666666666667,97.68,32749.76,P2_supports_brim
945,s0_original,meshes/s0_original/case_outputs/945__s0_original/segmentation_repaired.stl,3279384,10.76,0,True,True,0,,,10406388,468,0,5h 50m 3s,350.05,58.25,19529.81,P2_supports_brim
946,s0_original,meshes/s0_original/case_outputs/946__s0_original/segmentation_repaired.stl,2255484,8.25,0,True,True,0,,,7120210,585,0,4h 7m 38s,247.63333333333333,41.92,14054.78,P2_supports_brim
947,s0_original,meshes/s0_original/case_outputs/947__s0_original/segmentation_repaired.stl,4218284,14.03,0,True,True,0,,,13274966,503,0,7h 29m 48s,449.8,71.69,24037.01,P2_supports_brim
948,s0_original,meshes/s0_original/case_outputs/948__s0_original/segmentation_repaired.stl,4086084,13.7,0,True,True,0,,,12295222,467,0,7h 3m 1s,423.01666666666665,68.05,22814.94,P2_supports_brim
949,s0_original,meshes/s0_original/case_outputs/949__s0_original/segmentation_repaired.stl,2656284,9.21,0,True,True,0,,,8369007,551,0,4h 49m 36s,289.6,48.64,16308.46,P2_supports_brim
950,s0_original,meshes/s0_original/case_outputs/950__s0_original/segmentation_repaired.stl,2639984,8.78,0,True,True,0,,,8884248,488,0,5h 13m 21s,313.35,51.89,17398.73,P2_supports_brim
951,s0_original,meshes/s0_original/case_outputs/951__s0_original/segmentation_repaired.stl,3868384,13.1,0,True,True,0,,,12128827,417,0,6h 52m 43s,412.71666666666664,67.14,22512.1,P2_supports_brim
952,s0_original,meshes/s0_original/case_outputs/952__s0_original/segmentation_repaired.stl,2856084,9.28,0,True,True,0,,,8627924,520,0,4h 43m 22s,283.3666666666667,49.09,16459.77,P2_supports_brim
953,s0_original,meshes/s0_original/case_outputs/953__s0_original/segmentation_repaired.stl,4584484,15.76,0,True,True,0,,,14472609,487,0,7h 53m 23s,473.3833333333333,74.35,24929.85,P2_supports_brim
954,s0_original,meshes/s0_original/case_outputs/954__s0_original/segmentation_repaired.stl,2829684,9.72,0,True,True,0,,,8823781,542,0,4h 47m 31s,287.51666666666665,47.57,15949.37,P2_supports_brim
955,s0_original,meshes/s0_original/case_outputs/955__s0_original/segmentation_repaired.stl,3124684,10.36,0,True,True,0,,,9828864,629,0,5h 25m 8s,325.1333333333333,50.84,17046.65,P2_supports_brim
956,s0_original,meshes/s0_original/case_outputs/956__s0_original/segmentation_repaired.stl,2455684,8.48,0,True,True,0,,,7418097,488,0,4h 16m 21s,256.35,44.84,15035.28,P2_supports_brim
957,s0_original,meshes/s0_original/case_outputs/957__s0_original/segmentation_repaired.stl,3957284,13.84,0,True,True,0,,,13328382,451,0,7h 23m 19s,443.31666666666666,70.44,23618.56,P2_supports_brim
958,s0_original,meshes/s0_original/case_outputs/958__s0_original/segmentation_repaired.stl,3660084,13.35,0,True,True,0,,,11802966,508,0,6h 35m 11s,395.18333333333334,59.52,19957.55,P2_supports_brim
959,s0_original,meshes/s0_original/case_outputs/959__s0_original/segmentation_repaired.stl,2971284,11.58,0,True,True,0,,,12030179,647,0,7h 54m 42s,474.7,92.47,31004.4,P2_supports_brim
960,s0_original,meshes/s0_original/case_outputs/960__s0_original/segmentation_repaired.stl,3851884,13.08,0,True,True,0,,,12238691,490,0,7h 9m 42s,429.7,68.24,22879.77,P2_supports_brim
961,s0_original,meshes/s0_original/case_outputs/961__s0_original/segmentation_repaired.stl,2779484,10.84,0,True,True,0,,,8986158,441,0,5h 10m 6s,310.1,49.2,16494.67,P2_supports_brim
962,s0_original,meshes/s0_original/case_outputs/962__s0_original/segmentation_repaired.stl,4076784,15.43,0,True,True,0,,,15623277,659,0,10h 9m 51s,609.85,107.76,36129.23,P2_supports_brim
963,s0_original,meshes/s0_original/case_outputs/963__s0_original/segmentation_repaired.stl,5145884,19.06,0,True,True,0,,,16525721,497,0,9h 15m 51s,555.85,89.45,29989.9,P2_supports_brim
964,s0_original,meshes/s0_original/case_outputs/964__s0_original/segmentation_repaired.stl,3700084,11.81,0,True,True,0,,,12076721,554,0,6h 55m 33s,415.55,68.88,23094.86,P2_supports_brim
965,s0_original,meshes/s0_original/case_outputs/965__s0_original/segmentation_repaired.stl,3519684,12.9,0,True,True,0,,,10469721,486,0,5h 38m 37s,338.6166666666667,53.86,18056.79,P2_supports_brim
966,s0_original,meshes/s0_original/case_outputs/966__s0_original/segmentation_repaired.stl,4090484,13.32,0,True,True,0,,,12834460,452,0,7h 5m 4s,425.06666666666666,68.59,22996.75,P2_supports_brim
967,s0_original,meshes/s0_original/case_outputs/967__s0_original/segmentation_repaired.stl,3453384,11.4,0,True,True,0,,,11311954,624,0,6h 21m 44s,381.73333333333335,66.14,22175.54,P2_supports_brim
968,s0_original,meshes/s0_original/case_outputs/968__s0_original/segmentation_repaired.stl,2285484,7.84,0,True,True,0,,,6750216,525,0,3h 43m 9s,223.15,38.14,12787.08,P2_supports_brim
969,s0_original,meshes/s0_original/case_outputs/969__s0_original/segmentation_repaired.stl,3678784,13.18,0,True,True,0,,,11894070,552,0,6h 41m 17s,401.28333333333336,62.16,20839.76,P2_supports_brim
970,s0_original,meshes/s0_original/case_outputs/970__s0_original/segmentation_repaired.stl,2117284,7.85,0,True,True,0,,,7056894,513,0,4h 7m 14s,247.23333333333332,43.33,14527.7,P2_supports_brim
971,s0_original,meshes/s0_original/case_outputs/971__s0_original/segmentation_repaired.stl,2701484,9.9,0,True,True,0,,,8018688,689,0,4h 36m 2s,276.03333333333336,45.29,15186.18,P2_supports_brim
972,s0_original,meshes/s0_original/case_outputs/972__s0_original/segmentation_repaired.stl,2720884,10.32,0,True,True,0,,,8337733,423,0,4h 28m 46s,268.76666666666665,41.43,13889.32,P2_supports_brim
973,s0_original,meshes/s0_original/case_outputs/973__s0_original/segmentation_repaired.stl,3467784,13.7,0,True,True,0,,,11055464,527,0,6h 14m 27s,374.45,64.46,21612.49,P2_supports_brim
974,s0_original,meshes/s0_original/case_outputs/974__s0_original/segmentation_repaired.stl,5122684,18.2,0,True,True,0,,,15715279,492,0,8h 41m 18s,521.3,79.7,26722.62,P2_supports_brim
975,s0_original,meshes/s0_original/case_outputs/975__s0_original/segmentation_repaired.stl,4196284,15.53,0,True,True,0,,,13550480,542,0,7h 52m 2s,472.03333333333336,77.07,25839.7,P2_supports_brim
976,s0_original,meshes/s0_original/case_outputs/976__s0_original/segmentation_repaired.stl,2673784,8.77,0,True,True,0,,,7879412,565,0,4h 8m 21s,248.35,39.12,13117.0,P2_supports_brim
977,s0_original,meshes/s0_original/case_outputs/977__s0_original/segmentation_repaired.stl,2827684,9.97,0,True,True,0,,,8809936,501,0,4h 58m 19s,298.31666666666666,49.44,16576.14,P2_supports_brim
978,s0_original,meshes/s0_original/case_outputs/978__s0_original/segmentation_repaired.stl,3488784,12.98,0,True,True,0,,,10728679,399,0,6h 3m 20s,363.3333333333333,58.94,19760.39,P2_supports_brim
979,s0_original,meshes/s0_original/case_outputs/979__s0_original/segmentation_repaired.stl,2979484,10.72,0,True,True,0,,,9364658,604,0,5h 25m 11s,325.18333333333334,55.84,18723.06,P2_supports_brim
980,s0_original,meshes/s0_original/case_outputs/980__s0_original/segmentation_repaired.stl,2975184,10.17,0,True,True,0,,,8683794,553,0,4h 48m 30s,288.5,47.16,15812.5,P2_supports_brim
981,s0_original,meshes/s0_original/case_outputs/981__s0_original/segmentation_repaired.stl,1857384,6.91,0,True,True,0,,,6734432,532,0,4h 19m 59s,259.98333333333335,52.03,17443.5,P2_supports_brim
982,s0_original,meshes/s0_original/case_outputs/982__s0_original/segmentation_repaired.stl,2248684,7.81,0,True,True,0,,,6747616,454,0,3h 48m 34s,228.56666666666666,40.28,13506.26,P2_supports_brim
983,s0_original,meshes/s0_original/case_outputs/983__s0_original/segmentation_repaired.stl,3902084,13.93,0,True,True,0,,,11830438,490,0,6h 19m 22s,379.3666666666667,57.46,19264.26,P2_supports_brim
984,s0_original,meshes/s0_original/case_outputs/984__s0_original/segmentation_repaired.stl,3934084,13.96,0,True,True,0,,,13883303,504,0,8h 48m 16s,528.2666666666667,87.92,29476.49,P2_supports_brim
985,s0_original,meshes/s0_original/case_outputs/985__s0_original/segmentation_repaired.stl,3195284,10.69,0,True,True,0,,,10015124,541,0,6h 4m 32s,364.53333333333336,59.8,20050.23,P2_supports_brim
986,s0_original,meshes/s0_original/case_outputs/986__s0_original/segmentation_repaired.stl,3260584,11.56,0,True,True,0,,,10540351,594,0,6h 22m 10s,382.1666666666667,65.85,22079.7,P2_supports_brim
987,s0_original,meshes/s0_original/case_outputs/987__s0_original/segmentation_repaired.stl,4208684,13.99,0,True,True,0,,,12799089,532,0,7h 15m 12s,435.2,69.1,23167.61,P2_supports_brim
988,s0_original,meshes/s0_original/case_outputs/988__s0_original/segmentation_repaired.stl,2699984,8.77,0,True,True,0,,,7787544,461,0,4h 19m 38s,259.6333333333333,42.87,14373.88,P2_supports_brim
989,s0_original,meshes/s0_original/case_outputs/989__s0_original/segmentation_repaired.stl,3471384,11.63,0,True,True,0,,,10941030,481,0,6h 4m 23s,364.3833333333333,58.3,19547.65,P2_supports_brim
990,s0_original,meshes/s0_original/case_outputs/990__s0_original/segmentation_repaired.stl,3068884,12.28,0,True,True,0,,,12206299,627,0,7h 47m 12s,467.2,88.44,29653.0,P2_supports_brim
991,s0_original,meshes/s0_original/case_outputs/991__s0_original/segmentation_repaired.stl,3045284,11.37,0,True,True,0,,,10396036,416,0,6h 15m 29s,375.48333333333335,60.82,20393.46,P2_supports_brim
992,s0_original,meshes/s0_original/case_outputs/992__s0_original/segmentation_repaired.stl,2485884,8.7,0,True,True,0,,,8577767,469,0,4h 55m 6s,295.1,48.36,16212.7,P2_supports_brim
993,s0_original,meshes/s0_original/case_outputs/993__s0_original/segmentation_repaired.stl,5220884,17.98,0,True,True,0,,,15930456,497,0,8h 48m 16s,528.2666666666667,88.23,29582.56,P2_supports_brim
994,s0_original,meshes/s0_original/case_outputs/994__s0_original/segmentation_repaired.stl,3640384,13.07,0,True,True,0,,,11283596,427,0,6h 19m 45s,379.75,62.17,20845.36,P2_supports_brim
995,s0_original,meshes/s0_original/case_outputs/995__s0_original/segmentation_repaired.stl,3095184,10.82,0,True,True,0,,,10171063,405,0,5h 55m 47s,355.78333333333336,57.2,19179.76,P2_supports_brim
996,s0_original,meshes/s0_original/case_outputs/996__s0_original/segmentation_repaired.stl,2762884,9.62,0,True,True,0,,,8911065,439,0,5h 2m 33s,302.55,49.56,16616.52,P2_supports_brim
997,s0_original,meshes/s0_original/case_outputs/997__s0_original/segmentation_repaired.stl,3989084,13.28,0,True,True,0,,,12354048,410,0,6h 40m 1s,400.01666666666665,64.64,21672.15,P2_supports_brim
998,s0_original,meshes/s0_original/case_outputs/998__s0_original/segmentation_repaired.stl,3678684,12.15,0,True,True,0,,,10275493,430,0,5h 30m 16s,330.26666666666665,51.82,17373.26,P2_supports_brim
999,s0_original,meshes/s0_original/case_outputs/999__s0_original/segmentation_repaired.stl,2205484,8.3,0,True,True,0,,,7379337,444,0,4h 14m 41s,254.68333333333334,41.18,13806.49,P2_supports_brim
1000,s1_absolute_volume__mm3_5,meshes/s1_absolute_volume__mm3_5/case_outputs/1000__s1_absolute_volume__mm3_5/segmentation_repaired.stl,3166384,10.53,0,True,True,0,,,9981394,483,0,5h 30m 17s,330.28333333333336,56.13,18817.89,P2_supports_brim
751,s1_absolute_volume__mm3_5,meshes/s1_absolute_volume__mm3_5/case_outputs/751__s1_absolute_volume__mm3_5/segmentation_repaired.stl,3391284,11.69,0,True,True,0,,,10938370,569,0,6h 32m 45s,392.75,67.34,22578.54,P2_supports_brim
752,s1_absolute_volume__mm3_5,meshes/s1_absolute_volume__mm3_5/case_outputs/752__s1_absolute_volume__mm3_5/segmentation_repaired.stl,3933384,14.08,0,True,True,0,,,12035969,565,0,6h 31m 41s,391.68333333333334,59.17,19838.55,P2_supports_brim
753,s1_absolute_volume__mm3_5,meshes/s1_absolute_volume__mm3_5/case_outputs/753__s1_absolute_volume__mm3_5/segmentation_repaired.stl,2073384,7.45,0,True,True,0,,,6391675,485,0,3h 39m 39s,219.65,38.5,12908.14,P2_supports_brim
754,s1_absolute_volume__mm3_5,meshes/s1_absolute_volume__mm3_5/case_outputs/754__s1_absolute_volume__mm3_5/segmentation_repaired.stl,2759484,9.94,0,True,True,0,,,8510841,706,0,4h 43m 44s,283.73333333333335,44.11,14789.03,P2_supports_brim
755,s1_absolute_volume__mm3_5,meshes/s1_absolute_volume__mm3_5/case_outputs/755__s1_absolute_volume__mm3_5/segmentation_repaired.stl,2891984,10.37,0,True,True,0,,,9035651,484,0,5h 0m 13s,300.21666666666664,49.23,16506.14,P2_supports_brim
756,s1_absolute_volume__mm3_5,meshes/s1_absolute_volume__mm3_5/case_outputs/756__s1_absolute_volume__mm3_5/segmentation_repaired.stl,2146784,7.72,0,True,True,0,,,6895149,464,0,3h 54m 11s,234.18333333333334,39.03,13085.31,P2_supports_brim
757,s1_absolute_volume__mm3_5,meshes/s1_absolute_volume__mm3_5/case_outputs/757__s1_absolute_volume__mm3_5/segmentation_repaired.stl,3318484,11.27,0,True,True,0,,,10818422,555,0,6h 15m 23s,375.3833333333333,61.39,20583.1,P2_supports_brim
758,s1_absolute_volume__mm3_5,meshes/s1_absolute_volume__mm3_5/case_outputs/758__s1_absolute_volume__mm3_5/segmentation_repaired.stl,2635484,9.26,0,True,True,0,,,8677751,672,0,4h 59m 24s,299.4,46.86,15710.67,P2_supports_brim
759,s1_absolute_volume__mm3_5,meshes/s1_absolute_volume__mm3_5/case_outputs/759__s1_absolute_volume__mm3_5/segmentation_repaired.stl,1908184,6.21,0,True,True,0,,,5731592,534,0,3h 7m 23s,187.38333333333333,32.55,10914.06,P2_supports_brim
760,s1_absolute_volume__mm3_5,meshes/s1_absolute_volume__mm3_5/case_outputs/760__s1_absolute_volume__mm3_5/segmentation_repaired.stl,3480484,12.53,0,True,True,0,,,11038185,495,0,5h 58m 48s,358.8,55.37,18566.26,P2_supports_brim
761,s1_absolute_volume__mm3_5,meshes/s1_absolute_volume__mm3_5/case_outputs/761__s1_absolute_volume__mm3_5/segmentation_repaired.stl,3742684,12.43,0,True,True,0,,,11520457,472,0,6h 15m 15s,375.25,61.84,20732.43,P2_supports_brim
762,s1_absolute_volume__mm3_5,meshes/s1_absolute_volume__mm3_5/case_outputs/762__s1_absolute_volume__mm3_5/segmentation_repaired.stl,3835984,13.38,0,True,True,0,,,12222002,538,0,7h 1m 49s,421.81666666666666,67.54,22645.06,P2_supports_brim
763,s1_absolute_volume__mm3_5,meshes/s1_absolute_volume__mm3_5/case_outputs/763__s1_absolute_volume__mm3_5/segmentation_repaired.stl,3856284,13.41,0,True,True,0,,,12280407,533,0,6h 50m 17s,410.28333333333336,66.73,22374.82,P2_supports_brim
764,s1_absolute_volume__mm3_5,meshes/s1_absolute_volume__mm3_5/case_outputs/764__s1_absolute_volume__mm3_5/segmentation_repaired.stl,4799484,15.77,0,True,True,0,,,14320552,439,0,7h 49m 59s,469.98333333333335,75.53,25323.46,P2_supports_brim
765,s1_absolute_volume__mm3_5,meshes/s1_absolute_volume__mm3_5/case_outputs/765__s1_absolute_volume__mm3_5/segmentation_repaired.stl,2903484,10.5,0,True,True,0,,,9288494,495,0,5h 25m 33s,325.55,54.45,18256.03,P2_supports_brim
766,s1_absolute_volume__mm3_5,meshes/s1_absolute_volume__mm3_5/case_outputs/766__s1_absolute_volume__mm3_5/segmentation_repaired.stl,5366884,17.98,0,True,True,0,,,16350304,578,0,9h 24m 35s,564.5833333333334,95.06,31872.05,P2_supports_brim
767,s1_absolute_volume__mm3_5,meshes/s1_absolute_volume__mm3_5/case_outputs/767__s1_absolute_volume__mm3_5/segmentation_repaired.stl,2405084,8.75,0,True,True,0,,,7719009,530,0,4h 24m 5s,264.0833333333333,46.33,15533.38,P2_supports_brim
768,s1_absolute_volume__mm3_5,meshes/s1_absolute_volume__mm3_5/case_outputs/768__s1_absolute_volume__mm3_5/segmentation_repaired.stl,2838084,9.88,0,True,True,0,,,9554566,558,0,5h 44m 16s,344.26666666666665,63.25,21207.56,P2_supports_brim
769,s1_absolute_volume__mm3_5,meshes/s1_absolute_volume__mm3_5/case_outputs/769__s1_absolute_volume__mm3_5/segmentation_repaired.stl,3679184,12.51,0,True,True,0,,,11379357,439,0,6h 11m 55s,371.9166666666667,58.32,19553.52,P2_supports_brim
770,s1_absolute_volume__mm3_5,meshes/s1_absolute_volume__mm3_5/case_outputs/770__s1_absolute_volume__mm3_5/segmentation_repaired.stl,5030684,17.31,0,True,True,0,,,15495346,471,0,8h 24m 18s,504.3,80.73,27066.5,P2_supports_brim
771,s1_absolute_volume__mm3_5,meshes/s1_absolute_volume__mm3_5/case_outputs/771__s1_absolute_volume__mm3_5/segmentation_repaired.stl,2995284,11.28,0,True,True,0,,,9729441,489,0,5h 44m 9s,344.15,60.88,20413.63,P2_supports_brim
772,s1_absolute_volume__mm3_5,meshes/s1_absolute_volume__mm3_5/case_outputs/772__s1_absolute_volume__mm3_5/segmentation_repaired.stl,3243784,11.06,0,True,True,0,,,10298061,481,0,5h 42m 29s,342.48333333333335,57.47,19269.01,P2_supports_brim
773,s1_absolute_volume__mm3_5,meshes/s1_absolute_volume__mm3_5/case_outputs/773__s1_absolute_volume__mm3_5/segmentation_repaired.stl,2774484,9.45,0,True,True,0,,,8397154,681,0,4h 52m 18s,292.3,48.12,16133.45,P2_supports_brim
774,s1_absolute_volume__mm3_5,meshes/s1_absolute_volume__mm3_5/case_outputs/774__s1_absolute_volume__mm3_5/segmentation_repaired.stl,2797084,9.7,0,True,True,0,,,8733703,595,0,5h 0m 50s,300.8333333333333,49.96,16751.54,P2_supports_brim
775,s1_absolute_volume__mm3_5,meshes/s1_absolute_volume__mm3_5/case_outputs/775__s1_absolute_volume__mm3_5/segmentation_repaired.stl,2423284,8.05,0,True,True,0,,,7514348,542,0,4h 16m 11s,256.18333333333334,46.84,15705.81,P2_supports_brim
776,s1_absolute_volume__mm3_5,meshes/s1_absolute_volume__mm3_5/case_outputs/776__s1_absolute_volume__mm3_5/segmentation_repaired.stl,3435084,11.85,0,True,True,0,,,11774757,457,0,6h 42m 48s,402.8,64.71,21695.8,P2_supports_brim
777,s1_absolute_volume__mm3_5,meshes/s1_absolute_volume__mm3_5/case_outputs/777__s1_absolute_volume__mm3_5/segmentation_repaired.stl,2811384,10.22,0,True,True,0,,,8851348,520,0,5h 1m 33s,301.55,49.36,16550.37,P2_supports_brim
778,s1_absolute_volume__mm3_5,meshes/s1_absolute_volume__mm3_5/case_outputs/778__s1_absolute_volume__mm3_5/segmentation_repaired.stl,2813484,9.57,0,True,True,0,,,8586611,513,0,4h 33m 33s,273.55,41.86,14035.47,P2_supports_brim
779,s1_absolute_volume__mm3_5,meshes/s1_absolute_volume__mm3_5/case_outputs/779__s1_absolute_volume__mm3_5/segmentation_repaired.stl,3549684,12.37,0,True,True,0,,,11710438,569,0,6h 38m 27s,398.45,65.27,21882.68,P2_supports_brim
780,s1_absolute_volume__mm3_5,meshes/s1_absolute_volume__mm3_5/case_outputs/780__s1_absolute_volume__mm3_5/segmentation_repaired.stl,3986184,13.32,0,True,True,0,,,12609688,446,0,7h 7m 52s,427.8666666666667,69.44,23282.27,P2_supports_brim
781,s1_absolute_volume__mm3_5,meshes/s1_absolute_volume__mm3_5/case_outputs/781__s1_absolute_volume__mm3_5/segmentation_repaired.stl,2714084,9.08,0,True,True,0,,,7551433,468,0,4h 9m 40s,249.66666666666666,42.78,14343.89,P2_supports_brim
782,s1_absolute_volume__mm3_5,meshes/s1_absolute_volume__mm3_5/case_outputs/782__s1_absolute_volume__mm3_5/segmentation_repaired.stl,3871084,12.96,0,True,True,0,,,12289293,491,0,6h 54m 10s,414.1666666666667,65.93,22105.35,P2_supports_brim
783,s1_absolute_volume__mm3_5,meshes/s1_absolute_volume__mm3_5/case_outputs/783__s1_absolute_volume__mm3_5/segmentation_repaired.stl,2587184,9.18,0,True,True,0,,,8148846,455,0,4h 26m 55s,266.9166666666667,45.6,15287.94,P2_supports_brim
784,s1_absolute_volume__mm3_5,meshes/s1_absolute_volume__mm3_5/case_outputs/784__s1_absolute_volume__mm3_5/segmentation_repaired.stl,2637484,9.52,0,True,True,0,,,8903692,460,0,4h 58m 22s,298.3666666666667,46.96,15746.21,P2_supports_brim
785,s1_absolute_volume__mm3_5,meshes/s1_absolute_volume__mm3_5/case_outputs/785__s1_absolute_volume__mm3_5/segmentation_repaired.stl,1904884,6.31,0,True,True,0,,,5426610,437,0,2h 59m 38s,179.63333333333333,31.67,10617.36,P2_supports_brim
786,s1_absolute_volume__mm3_5,meshes/s1_absolute_volume__mm3_5/case_outputs/786__s1_absolute_volume__mm3_5/segmentation_repaired.stl,2806884,9.31,0,True,True,0,,,8154196,449,0,4h 23m 9s,263.15,43.59,14614.58,P2_supports_brim
787,s1_absolute_volume__mm3_5,meshes/s1_absolute_volume__mm3_5/case_outputs/787__s1_absolute_volume__mm3_5/segmentation_repaired.stl,2584284,8.31,0,True,True,0,,,6847480,462,0,3h 57m 26s,237.43333333333334,39.57,13268.65,P2_supports_brim
788,s1_absolute_volume__mm3_5,meshes/s1_absolute_volume__mm3_5/case_outputs/788__s1_absolute_volume__mm3_5/segmentation_repaired.stl,3885884,14.77,0,True,True,0,,,12227078,655,0,6h 48m 1s,408.01666666666665,63.78,21384.75,P2_supports_brim
789,s1_absolute_volume__mm3_5,meshes/s1_absolute_volume__mm3_5/case_outputs/789__s1_absolute_volume__mm3_5/segmentation_repaired.stl,3205684,11.16,0,True,True,0,,,10344948,587,0,6h 11m 19s,371.31666666666666,65.03,21803.71,P2_supports_brim
790,s1_absolute_volume__mm3_5,meshes/s1_absolute_volume__mm3_5/case_outputs/790__s1_absolute_volume__mm3_5/segmentation_repaired.stl,3118684,12.18,0,True,True,0,,,9491698,712,0,5h 8m 12s,308.2,48.18,16153.58,P2_supports_brim
791,s1_absolute_volume__mm3_5,meshes/s1_absolute_volume__mm3_5/case_outputs/791__s1_absolute_volume__mm3_5/segmentation_repaired.stl,4213684,15.08,0,True,True,0,,,13522611,457,0,7h 16m 5s,436.0833333333333,70.35,23586.26,P2_supports_brim
792,s1_absolute_volume__mm3_5,meshes/s1_absolute_volume__mm3_5/case_outputs/792__s1_absolute_volume__mm3_5/segmentation_repaired.stl,2444384,9.17,0,True,True,0,,,8216654,470,0,4h 51m 11s,291.18333333333334,49.36,16548.27,P2_supports_brim
793,s1_absolute_volume__mm3_5,meshes/s1_absolute_volume__mm3_5/case_outputs/793__s1_absolute_volume__mm3_5/segmentation_repaired.stl,2126084,7.25,0,True,True,0,,,6748783,517,0,3h 54m 34s,234.56666666666666,42.54,14264.23,P2_supports_brim
794,s1_absolute_volume__mm3_5,meshes/s1_absolute_volume__mm3_5/case_outputs/794__s1_absolute_volume__mm3_5/segmentation_repaired.stl,4390684,15.45,0,True,True,0,,,13530973,544,0,7h 32m 31s,452.51666666666665,76.21,25550.9,P2_supports_brim
795,s1_absolute_volume__mm3_5,meshes/s1_absolute_volume__mm3_5/case_outputs/795__s1_absolute_volume__mm3_5/segmentation_repaired.stl,2565384,9.4,0,True,True,0,,,8166005,568,0,4h 47m 14s,287.23333333333335,53.53,17946.86,P2_supports_brim
796,s1_absolute_volume__mm3_5,meshes/s1_absolute_volume__mm3_5/case_outputs/796__s1_absolute_volume__mm3_5/segmentation_repaired.stl,3018284,10.79,0,True,True,0,,,10263402,517,0,6h 5m 41s,365.68333333333334,59.06,19802.67,P2_supports_brim
797,s1_absolute_volume__mm3_5,meshes/s1_absolute_volume__mm3_5/case_outputs/797__s1_absolute_volume__mm3_5/segmentation_repaired.stl,3141084,11.17,0,True,True,0,,,9957697,456,0,5h 32m 3s,332.05,51.97,17423.49,P2_supports_brim
798,s1_absolute_volume__mm3_5,meshes/s1_absolute_volume__mm3_5/case_outputs/798__s1_absolute_volume__mm3_5/segmentation_repaired.stl,4234384,15.07,0,True,True,0,,,13846406,604,0,8h 18m 22s,498.3666666666667,78.43,26297.28,P2_supports_brim
799,s1_absolute_volume__mm3_5,meshes/s1_absolute_volume__mm3_5/case_outputs/799__s1_absolute_volume__mm3_5/segmentation_repaired.stl,3660984,12.89,0,True,True,0,,,11449022,513,0,6h 22m 40s,382.6666666666667,60.21,20185.88,P2_supports_brim
800,s1_absolute_volume__mm3_5,meshes/s1_absolute_volume__mm3_5/case_outputs/800__s1_absolute_volume__mm3_5/segmentation_repaired.stl,4122084,13.78,0,True,True,0,,,13518542,526,0,7h 44m 36s,464.6,74.32,24918.6,P2_supports_brim
801,s1_absolute_volume__mm3_5,meshes/s1_absolute_volume__mm3_5/case_outputs/801__s1_absolute_volume__mm3_5/segmentation_repaired.stl,3945884,13.76,0,True,True,0,,,12755909,403,0,6h 45m 13s,405.21666666666664,64.7,21693.54,P2_supports_brim
802,s1_absolute_volume__mm3_5,meshes/s1_absolute_volume__mm3_5/case_outputs/802__s1_absolute_volume__mm3_5/segmentation_repaired.stl,2660684,9.23,0,True,True,0,,,8818591,516,0,4h 57m 50s,297.8333333333333,51.14,17147.68,P2_supports_brim
803,s1_absolute_volume__mm3_5,meshes/s1_absolute_volume__mm3_5/case_outputs/803__s1_absolute_volume__mm3_5/segmentation_repaired.stl,3361784,12.52,0,True,True,0,,,11467296,572,0,6h 45m 7s,405.1166666666667,59.79,20048.15,P2_supports_brim
804,s1_absolute_volume__mm3_5,meshes/s1_absolute_volume__mm3_5/case_outputs/804__s1_absolute_volume__mm3_5/segmentation_repaired.stl,2520184,8.16,0,True,True,0,,,7424305,507,0,4h 12m 14s,252.23333333333332,41.58,13941.13,P2_supports_brim
805,s1_absolute_volume__mm3_5,meshes/s1_absolute_volume__mm3_5/case_outputs/805__s1_absolute_volume__mm3_5/segmentation_repaired.stl,3502684,12.85,0,True,True,0,,,11290898,478,0,6h 14m 44s,374.73333333333335,60.15,20168.73,P2_supports_brim
806,s1_absolute_volume__mm3_5,meshes/s1_absolute_volume__mm3_5/case_outputs/806__s1_absolute_volume__mm3_5/segmentation_repaired.stl,3325484,11.12,0,True,True,0,,,10720467,483,0,6h 1m 22s,361.3666666666667,57.53,19290.43,P2_supports_brim
807,s1_absolute_volume__mm3_5,meshes/s1_absolute_volume__mm3_5/case_outputs/807__s1_absolute_volume__mm3_5/segmentation_repaired.stl,3504184,12.05,0,True,True,0,,,11191689,532,0,6h 19m 57s,379.95,62.34,20902.83,P2_supports_brim
808,s1_absolute_volume__mm3_5,meshes/s1_absolute_volume__mm3_5/case_outputs/808__s1_absolute_volume__mm3_5/segmentation_repaired.stl,3245784,11.5,0,True,True,0,,,9972915,443,0,5h 52m 38s,352.6333333333333,56.23,18853.56,P2_supports_brim
809,s1_absolute_volume__mm3_5,meshes/s1_absolute_volume__mm3_5/case_outputs/809__s1_absolute_volume__mm3_5/segmentation_repaired.stl,834084,2.98,0,True,True,0,,,2314023,369,0,1h 20m 31s,80.51666666666667,15.0,5030.28,P2_supports_brim
810,s1_absolute_volume__mm3_5,meshes/s1_absolute_volume__mm3_5/case_outputs/810__s1_absolute_volume__mm3_5/segmentation_repaired.stl,3094084,10.88,0,True,True,0,,,11218712,600,0,6h 57m 39s,417.65,75.12,25187.37,P2_supports_brim
811,s1_absolute_volume__mm3_5,meshes/s1_absolute_volume__mm3_5/case_outputs/811__s1_absolute_volume__mm3_5/segmentation_repaired.stl,2810684,10.29,0,True,True,0,,,7943757,430,0,4h 20m 36s,260.6,40.81,13682.12,P2_supports_brim
812,s1_absolute_volume__mm3_5,meshes/s1_absolute_volume__mm3_5/case_outputs/812__s1_absolute_volume__mm3_5/segmentation_repaired.stl,4049484,13.17,0,True,True,0,,,11711816,431,0,6h 50m 18s,410.3,65.14,21841.46,P2_supports_brim
813,s1_absolute_volume__mm3_5,meshes/s1_absolute_volume__mm3_5/case_outputs/813__s1_absolute_volume__mm3_5/segmentation_repaired.stl,2368084,8.9,0,True,True,0,,,7145357,498,0,4h 1m 43s,241.71666666666667,39.85,13360.9,P2_supports_brim
814,s1_absolute_volume__mm3_5,meshes/s1_absolute_volume__mm3_5/case_outputs/814__s1_absolute_volume__mm3_5/segmentation_repaired.stl,3909184,12.99,0,True,True,0,,,12569672,494,0,7h 9m 26s,429.43333333333334,72.71,24378.32,P2_supports_brim
815,s1_absolute_volume__mm3_5,meshes/s1_absolute_volume__mm3_5/case_outputs/815__s1_absolute_volume__mm3_5/segmentation_repaired.stl,4008184,13.98,0,True,True,0,,,12277269,558,0,6h 52m 25s,412.4166666666667,64.89,21754.95,P2_supports_brim
816,s1_absolute_volume__mm3_5,meshes/s1_absolute_volume__mm3_5/case_outputs/816__s1_absolute_volume__mm3_5/segmentation_repaired.stl,2276784,7.35,0,True,True,0,,,6667977,624,0,3h 50m 9s,230.15,39.77,13333.04,P2_supports_brim
817,s1_absolute_volume__mm3_5,meshes/s1_absolute_volume__mm3_5/case_outputs/817__s1_absolute_volume__mm3_5/segmentation_repaired.stl,3304484,11.12,0,True,True,0,,,9097291,451,0,4h 59m 22s,299.3666666666667,45.22,15161.02,P2_supports_brim
818,s1_absolute_volume__mm3_5,meshes/s1_absolute_volume__mm3_5/case_outputs/818__s1_absolute_volume__mm3_5/segmentation_repaired.stl,2804684,9.23,0,True,True,0,,,9009073,528,0,5h 5m 37s,305.6166666666667,49.81,16700.82,P2_supports_brim
819,s1_absolute_volume__mm3_5,meshes/s1_absolute_volume__mm3_5/case_outputs/819__s1_absolute_volume__mm3_5/segmentation_repaired.stl,3622284,11.99,0,True,True,0,,,10436741,513,0,5h 39m 57s,339.95,57.98,19440.98,P2_supports_brim
820,s1_absolute_volume__mm3_5,meshes/s1_absolute_volume__mm3_5/case_outputs/820__s1_absolute_volume__mm3_5/segmentation_repaired.stl,2896084,9.45,0,True,True,0,,,8990590,519,0,5h 2m 57s,302.95,53.88,18064.59,P2_supports_brim
821,s1_absolute_volume__mm3_5,meshes/s1_absolute_volume__mm3_5/case_outputs/821__s1_absolute_volume__mm3_5/segmentation_repaired.stl,2294284,8.61,0,True,True,0,,,7239860,753,0,4h 17m 10s,257.1666666666667,44.83,15030.23,P2_supports_brim
822,s1_absolute_volume__mm3_5,meshes/s1_absolute_volume__mm3_5/case_outputs/822__s1_absolute_volume__mm3_5/segmentation_repaired.stl,4062284,13.97,0,True,True,0,,,13015976,484,0,7h 26m 5s,446.0833333333333,68.7,23033.76,P2_supports_brim
823,s1_absolute_volume__mm3_5,meshes/s1_absolute_volume__mm3_5/case_outputs/823__s1_absolute_volume__mm3_5/segmentation_repaired.stl,2980084,9.93,0,True,True,0,,,9071110,442,0,5h 10m 15s,310.25,51.27,17189.0,P2_supports_brim
824,s1_absolute_volume__mm3_5,meshes/s1_absolute_volume__mm3_5/case_outputs/824__s1_absolute_volume__mm3_5/segmentation_repaired.stl,2446484,8.24,0,True,True,0,,,7496180,596,0,4h 17m 33s,257.55,44.82,15028.97,P2_supports_brim
825,s1_absolute_volume__mm3_5,meshes/s1_absolute_volume__mm3_5/case_outputs/825__s1_absolute_volume__mm3_5/segmentation_repaired.stl,2709584,9.15,0,True,True,0,,,8226566,434,0,4h 32m 58s,272.96666666666664,42.77,14340.11,P2_supports_brim
826,s1_absolute_volume__mm3_5,meshes/s1_absolute_volume__mm3_5/case_outputs/826__s1_absolute_volume__mm3_5/segmentation_repaired.stl,4683284,16.63,0,True,True,0,,,14845515,422,0,7h 57m 52s,477.8666666666667,74.53,24988.95,P2_supports_brim
827,s1_absolute_volume__mm3_5,meshes/s1_absolute_volume__mm3_5/case_outputs/827__s1_absolute_volume__mm3_5/segmentation_repaired.stl,3452884,12.55,0,True,True,0,,,11937308,574,0,7h 14m 52s,434.8666666666667,74.17,24867.63,P2_supports_brim
828,s1_absolute_volume__mm3_5,meshes/s1_absolute_volume__mm3_5/case_outputs/828__s1_absolute_volume__mm3_5/segmentation_repaired.stl,4063684,13.74,0,True,True,0,,,12019842,475,0,6h 35m 49s,395.81666666666666,64.39,21588.2,P2_supports_brim
829,s1_absolute_volume__mm3_5,meshes/s1_absolute_volume__mm3_5/case_outputs/829__s1_absolute_volume__mm3_5/segmentation_repaired.stl,3944984,13.26,0,True,True,0,,,12051032,463,0,7h 0m 2s,420.03333333333336,69.35,23252.91,P2_supports_brim
830,s1_absolute_volume__mm3_5,meshes/s1_absolute_volume__mm3_5/case_outputs/830__s1_absolute_volume__mm3_5/segmentation_repaired.stl,2834584,9.6,0,True,True,0,,,9086326,470,0,5h 12m 9s,312.15,52.53,17611.09,P2_supports_brim
831,s1_absolute_volume__mm3_5,meshes/s1_absolute_volume__mm3_5/case_outputs/831__s1_absolute_volume__mm3_5/segmentation_repaired.stl,3643384,12.13,0,True,True,0,,,10854784,619,0,6h 28m 46s,388.76666666666665,68.99,23131.82,P2_supports_brim
832,s1_absolute_volume__mm3_5,meshes/s1_absolute_volume__mm3_5/case_outputs/832__s1_absolute_volume__mm3_5/segmentation_repaired.stl,3802084,12.22,0,True,True,0,,,11411584,476,0,6h 14m 43s,374.71666666666664,61.86,20739.93,P2_supports_brim
833,s1_absolute_volume__mm3_5,meshes/s1_absolute_volume__mm3_5/case_outputs/833__s1_absolute_volume__mm3_5/segmentation_repaired.stl,3094284,10.37,0,True,True,0,,,9033375,454,0,4h 58m 19s,298.31666666666666,48.56,16282.88,P2_supports_brim
834,s1_absolute_volume__mm3_5,meshes/s1_absolute_volume__mm3_5/case_outputs/834__s1_absolute_volume__mm3_5/segmentation_repaired.stl,3744984,12.3,0,True,True,0,,,11962033,510,0,6h 40m 1s,400.01666666666665,64.9,21759.94,P2_supports_brim
835,s1_absolute_volume__mm3_5,meshes/s1_absolute_volume__mm3_5/case_outputs/835__s1_absolute_volume__mm3_5/segmentation_repaired.stl,2642184,9.3,0,True,True,0,,,8115080,494,0,4h 31m 8s,271.1333333333333,44.67,14976.99,P2_supports_brim
836,s1_absolute_volume__mm3_5,meshes/s1_absolute_volume__mm3_5/case_outputs/836__s1_absolute_volume__mm3_5/segmentation_repaired.stl,2428084,8.49,0,True,True,0,,,8037823,512,0,4h 37m 43s,277.71666666666664,46.82,15696.92,P2_supports_brim
837,s1_absolute_volume__mm3_5,meshes/s1_absolute_volume__mm3_5/case_outputs/837__s1_absolute_volume__mm3_5/segmentation_repaired.stl,3522484,11.96,0,True,True,0,,,11129749,467,0,5h 58m 19s,358.31666666666666,57.53,19287.57,P2_supports_brim
838,s1_absolute_volume__mm3_5,meshes/s1_absolute_volume__mm3_5/case_outputs/838__s1_absolute_volume__mm3_5/segmentation_repaired.stl,3063384,10.64,0,True,True,0,,,9637061,534,0,5h 11m 41s,311.68333333333334,48.78,16356.68,P2_supports_brim
839,s1_absolute_volume__mm3_5,meshes/s1_absolute_volume__mm3_5/case_outputs/839__s1_absolute_volume__mm3_5/segmentation_repaired.stl,2850284,9.33,0,True,True,0,,,8963497,583,0,5h 20m 49s,320.81666666666666,55.42,18580.43,P2_supports_brim
840,s1_absolute_volume__mm3_5,meshes/s1_absolute_volume__mm3_5/case_outputs/840__s1_absolute_volume__mm3_5/segmentation_repaired.stl,3284484,11.07,0,True,True,0,,,10173632,478,0,5h 42m 49s,342.81666666666666,55.5,18609.91,P2_supports_brim
841,s1_absolute_volume__mm3_5,meshes/s1_absolute_volume__mm3_5/case_outputs/841__s1_absolute_volume__mm3_5/segmentation_repaired.stl,2348284,8.44,0,True,True,0,,,6793195,507,0,3h 43m 55s,223.91666666666666,36.82,12345.56,P2_supports_brim
842,s1_absolute_volume__mm3_5,meshes/s1_absolute_volume__mm3_5/case_outputs/842__s1_absolute_volume__mm3_5/segmentation_repaired.stl,3233684,10.54,0,True,True,0,,,10222862,541,0,5h 41m 20s,341.3333333333333,55.02,18447.78,P2_supports_brim
843,s1_absolute_volume__mm3_5,meshes/s1_absolute_volume__mm3_5/case_outputs/843__s1_absolute_volume__mm3_5/segmentation_repaired.stl,2533484,8.57,0,True,True,0,,,7829275,429,0,4h 14m 45s,254.75,41.23,13822.71,P2_supports_brim
844,s1_absolute_volume__mm3_5,meshes/s1_absolute_volume__mm3_5/case_outputs/844__s1_absolute_volume__mm3_5/segmentation_repaired.stl,2964084,9.85,0,True,True,0,,,9416441,470,0,5h 43m 17s,343.28333333333336,57.02,19119.08,P2_supports_brim
845,s1_absolute_volume__mm3_5,meshes/s1_absolute_volume__mm3_5/case_outputs/845__s1_absolute_volume__mm3_5/segmentation_repaired.stl,3492084,12.13,0,True,True,0,,,11352201,748,0,6h 43m 10s,403.1666666666667,63.72,21363.24,P2_supports_brim
846,s1_absolute_volume__mm3_5,meshes/s1_absolute_volume__mm3_5/case_outputs/846__s1_absolute_volume__mm3_5/segmentation_repaired.stl,2885384,9.48,0,True,True,0,,,8434822,547,0,4h 49m 8s,289.1333333333333,47.26,15846.41,P2_supports_brim
847,s1_absolute_volume__mm3_5,meshes/s1_absolute_volume__mm3_5/case_outputs/847__s1_absolute_volume__mm3_5/segmentation_repaired.stl,2849884,9.55,0,True,True,0,,,9278720,606,0,5h 28m 54s,328.9,55.58,18633.66,P2_supports_brim
848,s1_absolute_volume__mm3_5,meshes/s1_absolute_volume__mm3_5/case_outputs/848__s1_absolute_volume__mm3_5/segmentation_repaired.stl,1791884,6.56,0,True,True,0,,,5490504,438,0,2h 59m 24s,179.4,29.3,9823.68,P2_supports_brim
849,s1_absolute_volume__mm3_5,meshes/s1_absolute_volume__mm3_5/case_outputs/849__s1_absolute_volume__mm3_5/segmentation_repaired.stl,4117484,13.91,0,True,True,0,,,12931128,477,0,7h 9m 34s,429.56666666666666,66.8,22395.7,P2_supports_brim
850,s1_absolute_volume__mm3_5,meshes/s1_absolute_volume__mm3_5/case_outputs/850__s1_absolute_volume__mm3_5/segmentation_repaired.stl,2204484,8.08,0,True,True,0,,,7195986,502,0,4h 17m 19s,257.31666666666666,40.59,13609.3,P2_supports_brim
851,s1_absolute_volume__mm3_5,meshes/s1_absolute_volume__mm3_5/case_outputs/851__s1_absolute_volume__mm3_5/segmentation_repaired.stl,2938984,9.82,0,True,True,0,,,8628816,453,0,4h 39m 50s,279.8333333333333,44.41,14889.9,P2_supports_brim
852,s1_absolute_volume__mm3_5,meshes/s1_absolute_volume__mm3_5/case_outputs/852__s1_absolute_volume__mm3_5/segmentation_repaired.stl,4002684,13.68,0,True,True,0,,,11825759,420,0,6h 51m 42s,411.7,69.07,23158.8,P2_supports_brim
853,s1_absolute_volume__mm3_5,meshes/s1_absolute_volume__mm3_5/case_outputs/853__s1_absolute_volume__mm3_5/segmentation_repaired.stl,2411984,8.36,0,True,True,0,,,7422592,496,0,4h 4m 34s,244.56666666666666,39.22,13151.0,P2_supports_brim
854,s1_absolute_volume__mm3_5,meshes/s1_absolute_volume__mm3_5/case_outputs/854__s1_absolute_volume__mm3_5/segmentation_repaired.stl,2728484,9.81,0,True,True,0,,,8717616,497,0,4h 53m 26s,293.43333333333334,49.53,16606.73,P2_supports_brim
855,s1_absolute_volume__mm3_5,meshes/s1_absolute_volume__mm3_5/case_outputs/855__s1_absolute_volume__mm3_5/segmentation_repaired.stl,3986584,15.79,0,True,True,0,,,15673155,741,0,9h 50m 48s,590.8,101.88,34157.11,P2_supports_brim
856,s1_absolute_volume__mm3_5,meshes/s1_absolute_volume__mm3_5/case_outputs/856__s1_absolute_volume__mm3_5/segmentation_repaired.stl,3454584,11.94,0,True,True,0,,,10989725,491,0,6h 20m 15s,380.25,61.49,20615.46,P2_supports_brim
857,s1_absolute_volume__mm3_5,meshes/s1_absolute_volume__mm3_5/case_outputs/857__s1_absolute_volume__mm3_5/segmentation_repaired.stl,4935584,16.79,0,True,True,0,,,16420026,461,0,9h 19m 13s,559.2166666666667,90.86,30463.47,P2_supports_brim
858,s1_absolute_volume__mm3_5,meshes/s1_absolute_volume__mm3_5/case_outputs/858__s1_absolute_volume__mm3_5/segmentation_repaired.stl,2750984,9.85,0,True,True,0,,,8949458,503,0,5h 4m 16s,304.26666666666665,53.04,17783.85,P2_supports_brim
859,s1_absolute_volume__mm3_5,meshes/s1_absolute_volume__mm3_5/case_outputs/859__s1_absolute_volume__mm3_5/segmentation_repaired.stl,4122784,14.63,0,True,True,0,,,14056976,567,0,8h 23m 52s,503.8666666666667,84.33,28275.41,P2_supports_brim
860,s1_absolute_volume__mm3_5,meshes/s1_absolute_volume__mm3_5/case_outputs/860__s1_absolute_volume__mm3_5/segmentation_repaired.stl,3090184,10.88,0,True,True,0,,,9507419,479,0,5h 20m 52s,320.8666666666667,54.49,18268.15,P2_supports_brim
861,s1_absolute_volume__mm3_5,meshes/s1_absolute_volume__mm3_5/case_outputs/861__s1_absolute_volume__mm3_5/segmentation_repaired.stl,1606684,6.42,0,True,True,0,,,5222063,574,0,3h 18m 2s,198.03333333333333,36.24,12149.29,P2_supports_brim
862,s1_absolute_volume__mm3_5,meshes/s1_absolute_volume__mm3_5/case_outputs/862__s1_absolute_volume__mm3_5/segmentation_repaired.stl,3761484,13.14,0,True,True,0,,,12982439,661,0,7h 52m 16s,472.26666666666665,84.11,28200.06,P2_supports_brim
863,s1_absolute_volume__mm3_5,meshes/s1_absolute_volume__mm3_5/case_outputs/863__s1_absolute_volume__mm3_5/segmentation_repaired.stl,3042984,10.89,0,True,True,0,,,11382996,610,0,7h 7m 0s,427.0,82.29,27591.72,P2_supports_brim
864,s1_absolute_volume__mm3_5,meshes/s1_absolute_volume__mm3_5/case_outputs/864__s1_absolute_volume__mm3_5/segmentation_repaired.stl,3890584,14.11,0,True,True,0,,,13754727,525,0,8h 3m 5s,483.0833333333333,80.12,26864.11,P2_supports_brim
865,s1_absolute_volume__mm3_5,meshes/s1_absolute_volume__mm3_5/case_outputs/865__s1_absolute_volume__mm3_5/segmentation_repaired.stl,2526084,8.34,0,True,True,0,,,7999203,592,0,4h 52m 35s,292.5833333333333,53.68,17998.99,P2_supports_brim
866,s1_absolute_volume__mm3_5,meshes/s1_absolute_volume__mm3_5/case_outputs/866__s1_absolute_volume__mm3_5/segmentation_repaired.stl,3646884,12.18,0,True,True,0,,,11153919,490,0,6h 1m 7s,361.1166666666667,57.47,19269.01,P2_supports_brim
867,s1_absolute_volume__mm3_5,meshes/s1_absolute_volume__mm3_5/case_outputs/867__s1_absolute_volume__mm3_5/segmentation_repaired.stl,4639184,16.61,0,True,True,0,,,15095904,592,0,8h 42m 34s,522.5666666666667,84.43,28307.04,P2_supports_brim
868,s1_absolute_volume__mm3_5,meshes/s1_absolute_volume__mm3_5/case_outputs/868__s1_absolute_volume__mm3_5/segmentation_repaired.stl,1711384,6.68,0,True,True,0,,,5392350,392,0,3h 16m 23s,196.38333333333333,30.02,10066.01,P2_supports_brim
869,s1_absolute_volume__mm3_5,meshes/s1_absolute_volume__mm3_5/case_outputs/869__s1_absolute_volume__mm3_5/segmentation_repaired.stl,3396684,11.87,0,True,True,0,,,10656858,506,0,6h 7m 58s,367.96666666666664,61.15,20504.02,P2_supports_brim
870,s1_absolute_volume__mm3_5,meshes/s1_absolute_volume__mm3_5/case_outputs/870__s1_absolute_volume__mm3_5/segmentation_repaired.stl,2682584,9.83,0,True,True,0,,,8811404,484,0,4h 57m 35s,297.5833333333333,48.31,16196.94,P2_supports_brim
871,s1_absolute_volume__mm3_5,meshes/s1_absolute_volume__mm3_5/case_outputs/871__s1_absolute_volume__mm3_5/segmentation_repaired.stl,3026984,10.1,0,True,True,0,,,9272673,567,0,5h 16m 13s,316.21666666666664,48.93,16406.68,P2_supports_brim
872,s1_absolute_volume__mm3_5,meshes/s1_absolute_volume__mm3_5/case_outputs/872__s1_absolute_volume__mm3_5/segmentation_repaired.stl,2699384,9.33,0,True,True,0,,,8560038,503,0,4h 52m 1s,292.01666666666665,45.74,15337.0,P2_supports_brim
873,s1_absolute_volume__mm3_5,meshes/s1_absolute_volume__mm3_5/case_outputs/873__s1_absolute_volume__mm3_5/segmentation_repaired.stl,3384884,11.29,0,True,True,0,,,10331432,488,0,6h 9m 31s,369.51666666666665,61.45,20601.75,P2_supports_brim
874,s1_absolute_volume__mm3_5,meshes/s1_absolute_volume__mm3_5/case_outputs/874__s1_absolute_volume__mm3_5/segmentation_repaired.stl,2745984,9.28,0,True,True,0,,,8293533,485,0,4h 44m 46s,284.76666666666665,49.48,16588.56,P2_supports_brim
875,s1_absolute_volume__mm3_5,meshes/s1_absolute_volume__mm3_5/case_outputs/875__s1_absolute_volume__mm3_5/segmentation_repaired.stl,3787884,13.5,0,True,True,0,,,12178123,451,0,6h 38m 30s,398.5,62.67,21012.42,P2_supports_brim
876,s1_absolute_volume__mm3_5,meshes/s1_absolute_volume__mm3_5/case_outputs/876__s1_absolute_volume__mm3_5/segmentation_repaired.stl,2709784,9.34,0,True,True,0,,,8508822,516,0,5h 6m 8s,306.1333333333333,52.44,17581.71,P2_supports_brim
877,s1_absolute_volume__mm3_5,meshes/s1_absolute_volume__mm3_5/case_outputs/877__s1_absolute_volume__mm3_5/segmentation_repaired.stl,3148184,11.2,0,True,True,0,,,10623217,527,0,6h 4m 40s,364.6666666666667,57.42,19251.04,P2_supports_brim
878,s1_absolute_volume__mm3_5,meshes/s1_absolute_volume__mm3_5/case_outputs/878__s1_absolute_volume__mm3_5/segmentation_repaired.stl,2864684,9.15,0,True,True,0,,,8427969,507,0,4h 30m 38s,270.6333333333333,44.07,14775.73,P2_supports_brim
879,s1_absolute_volume__mm3_5,meshes/s1_absolute_volume__mm3_5/case_outputs/879__s1_absolute_volume__mm3_5/segmentation_repaired.stl,3219884,10.95,0,True,True,0,,,10643960,629,0,6h 6m 41s,366.68333333333334,66.79,22392.89,P2_supports_brim
880,s1_absolute_volume__mm3_5,meshes/s1_absolute_volume__mm3_5/case_outputs/880__s1_absolute_volume__mm3_5/segmentation_repaired.stl,2264084,7.84,0,True,True,0,,,7051678,505,0,4h 2m 33s,242.55,43.78,14678.57,P2_supports_brim
881,s1_absolute_volume__mm3_5,meshes/s1_absolute_volume__mm3_5/case_outputs/881__s1_absolute_volume__mm3_5/segmentation_repaired.stl,3030984,10.51,0,True,True,0,,,10061500,491,0,6h 0m 8s,360.1333333333333,59.55,19964.95,P2_supports_brim
882,s1_absolute_volume__mm3_5,meshes/s1_absolute_volume__mm3_5/case_outputs/882__s1_absolute_volume__mm3_5/segmentation_repaired.stl,3960284,13.5,0,True,True,0,,,11708578,475,0,6h 41m 33s,401.55,63.67,21348.57,P2_supports_brim
883,s1_absolute_volume__mm3_5,meshes/s1_absolute_volume__mm3_5/case_outputs/883__s1_absolute_volume__mm3_5/segmentation_repaired.stl,3019884,9.91,0,True,True,0,,,9492949,510,0,5h 34m 52s,334.8666666666667,54.22,18179.3,P2_supports_brim
884,s1_absolute_volume__mm3_5,meshes/s1_absolute_volume__mm3_5/case_outputs/884__s1_absolute_volume__mm3_5/segmentation_repaired.stl,1881684,6.39,0,True,True,0,,,6106258,482,0,3h 27m 42s,207.7,36.3,12170.02,P2_supports_brim
885,s1_absolute_volume__mm3_5,meshes/s1_absolute_volume__mm3_5/case_outputs/885__s1_absolute_volume__mm3_5/segmentation_repaired.stl,2722384,9.33,0,True,True,0,,,9253361,485,0,5h 27m 17s,327.28333333333336,54.74,18352.27,P2_supports_brim
886,s1_absolute_volume__mm3_5,meshes/s1_absolute_volume__mm3_5/case_outputs/886__s1_absolute_volume__mm3_5/segmentation_repaired.stl,4382284,15.2,0,True,True,0,,,13437177,439,0,7h 0m 10s,420.1666666666667,67.72,22707.01,P2_supports_brim
887,s1_absolute_volume__mm3_5,meshes/s1_absolute_volume__mm3_5/case_outputs/887__s1_absolute_volume__mm3_5/segmentation_repaired.stl,3432484,11.59,0,True,True,0,,,10585247,679,0,6h 13m 31s,373.51666666666665,57.97,19436.89,P2_supports_brim
888,s1_absolute_volume__mm3_5,meshes/s1_absolute_volume__mm3_5/case_outputs/888__s1_absolute_volume__mm3_5/segmentation_repaired.stl,2121684,6.91,0,True,True,0,,,6366902,532,0,3h 38m 23s,218.38333333333333,37.59,12604.7,P2_supports_brim
889,s1_absolute_volume__mm3_5,meshes/s1_absolute_volume__mm3_5/case_outputs/889__s1_absolute_volume__mm3_5/segmentation_repaired.stl,2308184,8.07,0,True,True,0,,,7427980,601,0,4h 17m 5s,257.0833333333333,42.77,14338.82,P2_supports_brim
890,s1_absolute_volume__mm3_5,meshes/s1_absolute_volume__mm3_5/case_outputs/890__s1_absolute_volume__mm3_5/segmentation_repaired.stl,2288284,7.66,0,True,True,0,,,6975056,495,0,3h 46m 15s,226.25,37.49,12571.23,P2_supports_brim
891,s1_absolute_volume__mm3_5,meshes/s1_absolute_volume__mm3_5/case_outputs/891__s1_absolute_volume__mm3_5/segmentation_repaired.stl,2417884,8.09,0,True,True,0,,,7662825,555,0,4h 23m 47s,263.78333333333336,42.55,14267.38,P2_supports_brim
892,s1_absolute_volume__mm3_5,meshes/s1_absolute_volume__mm3_5/case_outputs/892__s1_absolute_volume__mm3_5/segmentation_repaired.stl,3839184,13.69,0,True,True,0,,,12505512,468,0,7h 26m 37s,446.6166666666667,72.79,24405.15,P2_supports_brim
893,s1_absolute_volume__mm3_5,meshes/s1_absolute_volume__mm3_5/case_outputs/893__s1_absolute_volume__mm3_5/segmentation_repaired.stl,3066384,10.27,0,True,True,0,,,9797070,609,0,5h 41m 23s,341.3833333333333,59.19,19846.3,P2_supports_brim
894,s1_absolute_volume__mm3_5,meshes/s1_absolute_volume__mm3_5/case_outputs/894__s1_absolute_volume__mm3_5/segmentation_repaired.stl,3485284,11.61,0,True,True,0,,,11060523,487,0,6h 23m 59s,383.98333333333335,63.51,21295.52,P2_supports_brim
895,s1_absolute_volume__mm3_5,meshes/s1_absolute_volume__mm3_5/case_outputs/895__s1_absolute_volume__mm3_5/segmentation_repaired.stl,3654984,12.71,0,True,True,0,,,11526923,376,0,6h 8m 43s,368.71666666666664,60.06,20137.84,P2_supports_brim
896,s1_absolute_volume__mm3_5,meshes/s1_absolute_volume__mm3_5/case_outputs/896__s1_absolute_volume__mm3_5/segmentation_repaired.stl,1958084,7.09,0,True,True,0,,,6993104,530,0,4h 8m 17s,248.28333333333333,42.5,14248.71,P2_supports_brim
897,s1_absolute_volume__mm3_5,meshes/s1_absolute_volume__mm3_5/case_outputs/897__s1_absolute_volume__mm3_5/segmentation_repaired.stl,3363384,12.05,0,True,True,0,,,10566739,453,0,5h 50m 23s,350.3833333333333,56.46,18930.45,P2_supports_brim
898,s1_absolute_volume__mm3_5,meshes/s1_absolute_volume__mm3_5/case_outputs/898__s1_absolute_volume__mm3_5/segmentation_repaired.stl,3777784,13.07,0,True,True,0,,,11611991,405,0,6h 15m 34s,375.56666666666666,59.13,19826.33,P2_supports_brim
899,s1_absolute_volume__mm3_5,meshes/s1_absolute_volume__mm3_5/case_outputs/899__s1_absolute_volume__mm3_5/segmentation_repaired.stl,2692884,9.0,0,True,True,0,,,8653324,575,0,4h 59m 23s,299.3833333333333,52.72,17676.99,P2_supports_brim
900,s1_absolute_volume__mm3_5,meshes/s1_absolute_volume__mm3_5/case_outputs/900__s1_absolute_volume__mm3_5/segmentation_repaired.stl,2711584,9.51,0,True,True,0,,,8119315,425,0,4h 29m 52s,269.8666666666667,41.9,14048.97,P2_supports_brim
901,s1_absolute_volume__mm3_5,meshes/s1_absolute_volume__mm3_5/case_outputs/901__s1_absolute_volume__mm3_5/segmentation_repaired.stl,3153184,10.87,0,True,True,0,,,10501246,602,0,6h 36m 21s,396.35,71.91,24111.92,P2_supports_brim
902,s1_absolute_volume__mm3_5,meshes/s1_absolute_volume__mm3_5/case_outputs/902__s1_absolute_volume__mm3_5/segmentation_repaired.stl,3935284,14.71,0,True,True,0,,,12566046,498,0,6h 39m 33s,399.55,62.26,20875.14,P2_supports_brim
903,s1_absolute_volume__mm3_5,meshes/s1_absolute_volume__mm3_5/case_outputs/903__s1_absolute_volume__mm3_5/segmentation_repaired.stl,2911084,9.34,0,True,True,0,,,8715143,481,0,4h 55m 3s,295.05,48.7,16327.35,P2_supports_brim
904,s1_absolute_volume__mm3_5,meshes/s1_absolute_volume__mm3_5/case_outputs/904__s1_absolute_volume__mm3_5/segmentation_repaired.stl,3374984,11.17,0,True,True,0,,,10776737,381,0,5h 56m 8s,356.1333333333333,56.86,19063.73,P2_supports_brim
905,s1_absolute_volume__mm3_5,meshes/s1_absolute_volume__mm3_5/case_outputs/905__s1_absolute_volume__mm3_5/segmentation_repaired.stl,3130884,11.25,0,True,True,0,,,9777595,472,0,5h 33m 52s,333.8666666666667,53.76,18023.46,P2_supports_brim
906,s1_absolute_volume__mm3_5,meshes/s1_absolute_volume__mm3_5/case_outputs/906__s1_absolute_volume__mm3_5/segmentation_repaired.stl,2526584,8.06,0,True,True,0,,,7673737,473,0,4h 12m 58s,252.96666666666667,40.84,13692.71,P2_supports_brim
907,s1_absolute_volume__mm3_5,meshes/s1_absolute_volume__mm3_5/case_outputs/907__s1_absolute_volume__mm3_5/segmentation_repaired.stl,2691984,9.23,0,True,True,0,,,8919283,411,0,5h 0m 16s,300.26666666666665,48.54,16275.78,P2_supports_brim
908,s1_absolute_volume__mm3_5,meshes/s1_absolute_volume__mm3_5/case_outputs/908__s1_absolute_volume__mm3_5/segmentation_repaired.stl,3161784,10.8,0,True,True,0,,,10138859,496,0,5h 49m 59s,349.98333333333335,56.5,18942.64,P2_supports_brim
909,s1_absolute_volume__mm3_5,meshes/s1_absolute_volume__mm3_5/case_outputs/909__s1_absolute_volume__mm3_5/segmentation_repaired.stl,2583384,9.18,0,True,True,0,,,8856698,529,0,5h 14m 3s,314.05,54.71,18342.82,P2_supports_brim
910,s1_absolute_volume__mm3_5,meshes/s1_absolute_volume__mm3_5/case_outputs/910__s1_absolute_volume__mm3_5/segmentation_repaired.stl,3883584,13.36,0,True,True,0,,,12431040,488,0,6h 48m 7s,408.1166666666667,66.26,22214.9,P2_supports_brim
911,s1_absolute_volume__mm3_5,meshes/s1_absolute_volume__mm3_5/case_outputs/911__s1_absolute_volume__mm3_5/segmentation_repaired.stl,2795584,9.61,0,True,True,0,,,8512376,507,0,4h 44m 34s,284.56666666666666,47.53,15934.39,P2_supports_brim
912,s1_absolute_volume__mm3_5,meshes/s1_absolute_volume__mm3_5/case_outputs/912__s1_absolute_volume__mm3_5/segmentation_repaired.stl,3150784,10.89,0,True,True,0,,,10512067,554,0,6h 29m 19s,389.31666666666666,65.13,21836.31,P2_supports_brim
913,s1_absolute_volume__mm3_5,meshes/s1_absolute_volume__mm3_5/case_outputs/913__s1_absolute_volume__mm3_5/segmentation_repaired.stl,3492684,12.77,0,True,True,0,,,11389230,451,0,6h 24m 7s,384.1166666666667,61.84,20733.43,P2_supports_brim
914,s1_absolute_volume__mm3_5,meshes/s1_absolute_volume__mm3_5/case_outputs/914__s1_absolute_volume__mm3_5/segmentation_repaired.stl,2216884,8.27,0,True,True,0,,,7220793,566,0,4h 9m 5s,249.08333333333334,41.28,13841.49,P2_supports_brim
915,s1_absolute_volume__mm3_5,meshes/s1_absolute_volume__mm3_5/case_outputs/915__s1_absolute_volume__mm3_5/segmentation_repaired.stl,4110084,15.37,0,True,True,0,,,12860389,531,0,7h 10m 6s,430.1,70.51,23642.25,P2_supports_brim
916,s1_absolute_volume__mm3_5,meshes/s1_absolute_volume__mm3_5/case_outputs/916__s1_absolute_volume__mm3_5/segmentation_repaired.stl,3143984,11.09,0,True,True,0,,,10193986,572,0,5h 50m 50s,350.8333333333333,57.59,19307.82,P2_supports_brim
917,s1_absolute_volume__mm3_5,meshes/s1_absolute_volume__mm3_5/case_outputs/917__s1_absolute_volume__mm3_5/segmentation_repaired.stl,3783384,12.84,0,True,True,0,,,11893648,446,0,6h 53m 20s,413.3333333333333,68.67,23023.32,P2_supports_brim
918,s1_absolute_volume__mm3_5,meshes/s1_absolute_volume__mm3_5/case_outputs/918__s1_absolute_volume__mm3_5/segmentation_repaired.stl,2597484,9.78,0,True,True,0,,,8033715,472,0,4h 19m 19s,259.31666666666666,40.82,13687.43,P2_supports_brim
919,s1_absolute_volume__mm3_5,meshes/s1_absolute_volume__mm3_5/case_outputs/919__s1_absolute_volume__mm3_5/segmentation_repaired.stl,2996684,9.88,0,True,True,0,,,9532788,517,0,5h 38m 42s,338.7,60.28,20212.34,P2_supports_brim
920,s1_absolute_volume__mm3_5,meshes/s1_absolute_volume__mm3_5/case_outputs/920__s1_absolute_volume__mm3_5/segmentation_repaired.stl,3186484,11.47,0,True,True,0,,,10056483,511,0,5h 46m 39s,346.65,60.11,20154.66,P2_supports_brim
921,s1_absolute_volume__mm3_5,meshes/s1_absolute_volume__mm3_5/case_outputs/921__s1_absolute_volume__mm3_5/segmentation_repaired.stl,3198684,11.27,0,True,True,0,,,10355702,470,0,6h 8m 0s,368.0,60.13,20160.7,P2_supports_brim
922,s1_absolute_volume__mm3_5,meshes/s1_absolute_volume__mm3_5/case_outputs/922__s1_absolute_volume__mm3_5/segmentation_repaired.stl,1638884,6.47,0,True,True,0,,,5257096,359,0,2h 55m 58s,175.96666666666667,28.05,9405.15,P2_supports_brim
923,s1_absolute_volume__mm3_5,meshes/s1_absolute_volume__mm3_5/case_outputs/923__s1_absolute_volume__mm3_5/segmentation_repaired.stl,3619284,12.29,0,True,True,0,,,11488779,623,0,6h 44m 33s,404.55,71.49,23969.58,P2_supports_brim
924,s1_absolute_volume__mm3_5,meshes/s1_absolute_volume__mm3_5/case_outputs/924__s1_absolute_volume__mm3_5/segmentation_repaired.stl,3751484,13.26,0,True,True,0,,,10758143,751,0,5h 51m 47s,351.78333333333336,55.36,18561.86,P2_supports_brim
925,s1_absolute_volume__mm3_5,meshes/s1_absolute_volume__mm3_5/case_outputs/925__s1_absolute_volume__mm3_5/segmentation_repaired.stl,3247684,11.67,0,True,True,0,,,12131991,599,0,7h 31m 11s,451.18333333333334,85.81,28770.75,P2_supports_brim
926,s1_absolute_volume__mm3_5,meshes/s1_absolute_volume__mm3_5/case_outputs/926__s1_absolute_volume__mm3_5/segmentation_repaired.stl,2309084,8.81,0,True,True,0,,,7978721,623,0,4h 43m 20s,283.3333333333333,47.11,15795.15,P2_supports_brim
927,s1_absolute_volume__mm3_5,meshes/s1_absolute_volume__mm3_5/case_outputs/927__s1_absolute_volume__mm3_5/segmentation_repaired.stl,2997984,9.83,0,True,True,0,,,9949578,485,0,5h 41m 5s,341.0833333333333,54.65,18322.41,P2_supports_brim
928,s1_absolute_volume__mm3_5,meshes/s1_absolute_volume__mm3_5/case_outputs/928__s1_absolute_volume__mm3_5/segmentation_repaired.stl,2914284,10.35,0,True,True,0,,,8984330,533,0,5h 9m 44s,309.73333333333335,54.73,18350.63,P2_supports_brim
929,s1_absolute_volume__mm3_5,meshes/s1_absolute_volume__mm3_5/case_outputs/929__s1_absolute_volume__mm3_5/segmentation_repaired.stl,2673284,9.24,0,True,True,0,,,8362545,512,0,4h 32m 20s,272.3333333333333,45.79,15353.17,P2_supports_brim
930,s1_absolute_volume__mm3_5,meshes/s1_absolute_volume__mm3_5/case_outputs/930__s1_absolute_volume__mm3_5/segmentation_repaired.stl,3070484,9.96,0,True,True,0,,,9192094,419,0,5h 6m 23s,306.3833333333333,49.38,16555.55,P2_supports_brim
931,s1_absolute_volume__mm3_5,meshes/s1_absolute_volume__mm3_5/case_outputs/931__s1_absolute_volume__mm3_5/segmentation_repaired.stl,1887484,7.84,0,True,True,0,,,6380944,523,0,3h 55m 48s,235.8,39.45,13226.52,P2_supports_brim
932,s1_absolute_volume__mm3_5,meshes/s1_absolute_volume__mm3_5/case_outputs/932__s1_absolute_volume__mm3_5/segmentation_repaired.stl,2844284,9.72,0,True,True,0,,,8505605,476,0,4h 38m 47s,278.78333333333336,44.29,14850.49,P2_supports_brim
933,s1_absolute_volume__mm3_5,meshes/s1_absolute_volume__mm3_5/case_outputs/933__s1_absolute_volume__mm3_5/segmentation_repaired.stl,3208784,10.19,0,True,True,0,,,10332593,604,0,5h 42m 1s,342.01666666666665,56.65,18995.3,P2_supports_brim
934,s1_absolute_volume__mm3_5,meshes/s1_absolute_volume__mm3_5/case_outputs/934__s1_absolute_volume__mm3_5/segmentation_repaired.stl,3187384,10.95,0,True,True,0,,,9708125,592,0,5h 38m 34s,338.56666666666666,53.39,17899.19,P2_supports_brim
935,s1_absolute_volume__mm3_5,meshes/s1_absolute_volume__mm3_5/case_outputs/935__s1_absolute_volume__mm3_5/segmentation_repaired.stl,3186684,10.41,0,True,True,0,,,9381232,568,0,5h 26m 42s,326.7,56.94,19091.41,P2_supports_brim
936,s1_absolute_volume__mm3_5,meshes/s1_absolute_volume__mm3_5/case_outputs/936__s1_absolute_volume__mm3_5/segmentation_repaired.stl,2572184,8.03,0,True,True,0,,,7517477,441,0,4h 14m 51s,254.85,42.64,14296.05,P2_supports_brim
937,s1_absolute_volume__mm3_5,meshes/s1_absolute_volume__mm3_5/case_outputs/937__s1_absolute_volume__mm3_5/segmentation_repaired.stl,2741884,9.9,0,True,True,0,,,8577168,458,0,4h 48m 26s,288.43333333333334,45.77,15347.57,P2_supports_brim
938,s1_absolute_volume__mm3_5,meshes/s1_absolute_volume__mm3_5/case_outputs/938__s1_absolute_volume__mm3_5/segmentation_repaired.stl,3710284,12.37,0,True,True,0,,,11136623,517,0,6h 20m 23s,380.3833333333333,60.7,20352.52,P2_supports_brim
939,s1_absolute_volume__mm3_5,meshes/s1_absolute_volume__mm3_5/case_outputs/939__s1_absolute_volume__mm3_5/segmentation_repaired.stl,3346684,11.11,0,True,True,0,,,10350900,532,0,5h 49m 12s,349.2,58.91,19751.96,P2_supports_brim
940,s1_absolute_volume__mm3_5,meshes/s1_absolute_volume__mm3_5/case_outputs/940__s1_absolute_volume__mm3_5/segmentation_repaired.stl,2645084,9.52,0,True,True,0,,,8261519,495,0,4h 32m 44s,272.73333333333335,43.29,14515.01,P2_supports_brim
941,s1_absolute_volume__mm3_5,meshes/s1_absolute_volume__mm3_5/case_outputs/941__s1_absolute_volume__mm3_5/segmentation_repaired.stl,2212884,7.7,0,True,True,0,,,6936368,547,0,3h 47m 13s,227.21666666666667,36.1,12104.97,P2_supports_brim
942,s1_absolute_volume__mm3_5,meshes/s1_absolute_volume__mm3_5/case_outputs/942__s1_absolute_volume__mm3_5/segmentation_repaired.stl,2337284,8.64,0,True,True,0,,,7443891,454,0,4h 2m 36s,242.6,40.47,13567.31,P2_supports_brim
943,s1_absolute_volume__mm3_5,meshes/s1_absolute_volume__mm3_5/case_outputs/943__s1_absolute_volume__mm3_5/segmentation_repaired.stl,2726084,9.26,0,True,True,0,,,8955239,578,0,5h 6m 0s,306.0,48.43,16239.44,P2_supports_brim
944,s1_absolute_volume__mm3_5,meshes/s1_absolute_volume__mm3_5/case_outputs/944__s1_absolute_volume__mm3_5/segmentation_repaired.stl,4099084,15.7,0,True,True,0,,,14752096,524,0,9h 2m 53s,542.8833333333333,94.9,31818.66,P2_supports_brim
945,s1_absolute_volume__mm3_5,meshes/s1_absolute_volume__mm3_5/case_outputs/945__s1_absolute_volume__mm3_5/segmentation_repaired.stl,3279384,11.48,0,True,True,0,,,10406388,468,0,5h 50m 3s,350.05,58.25,19529.81,P2_supports_brim
946,s1_absolute_volume__mm3_5,meshes/s1_absolute_volume__mm3_5/case_outputs/946__s1_absolute_volume__mm3_5/segmentation_repaired.stl,2244284,7.98,0,True,True,0,,,6895420,582,0,3h 52m 9s,232.15,39.95,13395.83,P2_supports_brim
947,s1_absolute_volume__mm3_5,meshes/s1_absolute_volume__mm3_5/case_outputs/947__s1_absolute_volume__mm3_5/segmentation_repaired.stl,4214884,14.69,0,True,True,0,,,13268840,503,0,7h 29m 31s,449.51666666666665,71.63,24015.14,P2_supports_brim
948,s1_absolute_volume__mm3_5,meshes/s1_absolute_volume__mm3_5/case_outputs/948__s1_absolute_volume__mm3_5/segmentation_repaired.stl,4081284,13.25,0,True,True,0,,,12247007,464,0,6h 51m 10s,411.1666666666667,67.11,22499.64,P2_supports_brim
949,s1_absolute_volume__mm3_5,meshes/s1_absolute_volume__mm3_5/case_outputs/949__s1_absolute_volume__mm3_5/segmentation_repaired.stl,2654684,8.8,0,True,True,0,,,8133937,549,0,4h 42m 15s,282.25,48.21,16162.83,P2_supports_brim
950,s1_absolute_volume__mm3_5,meshes/s1_absolute_volume__mm3_5/case_outputs/950__s1_absolute_volume__mm3_5/segmentation_repaired.stl,2624684,9.05,0,True,True,0,,,8877074,483,0,5h 5m 46s,305.76666666666665,50.9,17065.58,P2_supports_brim
951,s1_absolute_volume__mm3_5,meshes/s1_absolute_volume__mm3_5/case_outputs/951__s1_absolute_volume__mm3_5/segmentation_repaired.stl,3863984,13.27,0,True,True,0,,,12153811,417,0,6h 53m 45s,413.75,66.71,22368.26,P2_supports_brim
952,s1_absolute_volume__mm3_5,meshes/s1_absolute_volume__mm3_5/case_outputs/952__s1_absolute_volume__mm3_5/segmentation_repaired.stl,2852884,9.43,0,True,True,0,,,8614670,520,0,4h 42m 42s,282.7,48.99,16424.25,P2_supports_brim
953,s1_absolute_volume__mm3_5,meshes/s1_absolute_volume__mm3_5/case_outputs/953__s1_absolute_volume__mm3_5/segmentation_repaired.stl,4573284,15.88,0,True,True,0,,,14372697,496,0,7h 48m 58s,468.96666666666664,73.9,24778.09,P2_supports_brim
954,s1_absolute_volume__mm3_5,meshes/s1_absolute_volume__mm3_5/case_outputs/954__s1_absolute_volume__mm3_5/segmentation_repaired.stl,2822884,9.55,0,True,True,0,,,8796563,542,0,4h 46m 58s,286.96666666666664,47.52,15933.18,P2_supports_brim
955,s1_absolute_volume__mm3_5,meshes/s1_absolute_volume__mm3_5/case_outputs/955__s1_absolute_volume__mm3_5/segmentation_repaired.stl,3109884,10.76,0,True,True,0,,,9707527,635,0,5h 21m 4s,321.06666666666666,50.38,16892.37,P2_supports_brim
956,s1_absolute_volume__mm3_5,meshes/s1_absolute_volume__mm3_5/case_outputs/956__s1_absolute_volume__mm3_5/segmentation_repaired.stl,2446884,7.94,0,True,True,0,,,7293458,488,0,4h 12m 1s,252.01666666666668,44.07,14777.48,P2_supports_brim
957,s1_absolute_volume__mm3_5,meshes/s1_absolute_volume__mm3_5/case_outputs/957__s1_absolute_volume__mm3_5/segmentation_repaired.stl,3942084,13.78,0,True,True,0,,,13227792,451,0,7h 19m 28s,439.46666666666664,69.68,23363.64,P2_supports_brim
958,s1_absolute_volume__mm3_5,meshes/s1_absolute_volume__mm3_5/case_outputs/958__s1_absolute_volume__mm3_5/segmentation_repaired.stl,3652684,13.51,0,True,True,0,,,11488345,485,0,6h 20m 0s,380.0,56.14,18821.23,P2_supports_brim
959,s1_absolute_volume__mm3_5,meshes/s1_absolute_volume__mm3_5/case_outputs/959__s1_absolute_volume__mm3_5/segmentation_repaired.stl,2945484,11.38,0,True,True,0,,,11575244,652,0,7h 26m 56s,446.93333333333334,87.12,29209.34,P2_supports_brim
960,s1_absolute_volume__mm3_5,meshes/s1_absolute_volume__mm3_5/case_outputs/960__s1_absolute_volume__mm3_5/segmentation_repaired.stl,3838484,12.79,0,True,True,0,,,11986887,505,0,6h 44m 15s,404.25,66.82,22404.41,P2_supports_brim
961,s1_absolute_volume__mm3_5,meshes/s1_absolute_volume__mm3_5/case_outputs/961__s1_absolute_volume__mm3_5/segmentation_repaired.stl,2761884,10.31,0,True,True,0,,,8931084,437,0,5h 5m 33s,305.55,47.85,16044.27,P2_supports_brim
962,s1_absolute_volume__mm3_5,meshes/s1_absolute_volume__mm3_5/case_outputs/962__s1_absolute_volume__mm3_5/segmentation_repaired.stl,4047484,14.64,0,True,True,0,,,14097743,581,0,8h 47m 2s,527.0333333333333,92.8,31115.44,P2_supports_brim
963,s1_absolute_volume__mm3_5,meshes/s1_absolute_volume__mm3_5/case_outputs/963__s1_absolute_volume__mm3_5/segmentation_repaired.stl,5137084,17.06,0,True,True,0,,,16379745,488,0,9h 5m 21s,545.35,87.77,29428.08,P2_supports_brim
964,s1_absolute_volume__mm3_5,meshes/s1_absolute_volume__mm3_5/case_outputs/964__s1_absolute_volume__mm3_5/segmentation_repaired.stl,3694284,12.71,0,True,True,0,,,11894888,544,0,6h 52m 4s,412.06666666666666,68.43,22942.4,P2_supports_brim
965,s1_absolute_volume__mm3_5,meshes/s1_absolute_volume__mm3_5/case_outputs/965__s1_absolute_volume__mm3_5/segmentation_repaired.stl,3510084,11.12,0,True,True,0,,,10070186,495,0,5h 17m 43s,317.71666666666664,52.33,17546.98,P2_supports_brim
966,s1_absolute_volume__mm3_5,meshes/s1_absolute_volume__mm3_5/case_outputs/966__s1_absolute_volume__mm3_5/segmentation_repaired.stl,4087684,14.28,0,True,True,0,,,12825313,452,0,7h 4m 25s,424.4166666666667,67.92,22771.49,P2_supports_brim
967,s1_absolute_volume__mm3_5,meshes/s1_absolute_volume__mm3_5/case_outputs/967__s1_absolute_volume__mm3_5/segmentation_repaired.stl,3445184,11.32,0,True,True,0,,,10836943,626,0,6h 3m 46s,363.76666666666665,64.04,21471.44,P2_supports_brim
968,s1_absolute_volume__mm3_5,meshes/s1_absolute_volume__mm3_5/case_outputs/968__s1_absolute_volume__mm3_5/segmentation_repaired.stl,2266284,7.13,0,True,True,0,,,6474262,516,0,3h 29m 6s,209.1,35.86,12021.96,P2_supports_brim
969,s1_absolute_volume__mm3_5,meshes/s1_absolute_volume__mm3_5/case_outputs/969__s1_absolute_volume__mm3_5/segmentation_repaired.stl,3666784,12.41,0,True,True,0,,,11966444,551,0,6h 39m 4s,399.06666666666666,61.77,20711.24,P2_supports_brim
970,s1_absolute_volume__mm3_5,meshes/s1_absolute_volume__mm3_5/case_outputs/970__s1_absolute_volume__mm3_5/segmentation_repaired.stl,2103684,7.92,0,True,True,0,,,7085485,512,0,4h 7m 48s,247.8,42.88,14376.05,P2_supports_brim
971,s1_absolute_volume__mm3_5,meshes/s1_absolute_volume__mm3_5/case_outputs/971__s1_absolute_volume__mm3_5/segmentation_repaired.stl,2692484,8.8,0,True,True,0,,,7970674,694,0,4h 34m 40s,274.6666666666667,45.11,15124.76,P2_supports_brim
972,s1_absolute_volume__mm3_5,meshes/s1_absolute_volume__mm3_5/case_outputs/972__s1_absolute_volume__mm3_5/segmentation_repaired.stl,2706484,9.52,0,True,True,0,,,8144776,394,0,4h 18m 34s,258.56666666666666,40.22,13483.47,P2_supports_brim
973,s1_absolute_volume__mm3_5,meshes/s1_absolute_volume__mm3_5/case_outputs/973__s1_absolute_volume__mm3_5/segmentation_repaired.stl,3463584,12.2,0,True,True,0,,,10941621,527,0,6h 10m 19s,370.31666666666666,63.99,21453.27,P2_supports_brim
974,s1_absolute_volume__mm3_5,meshes/s1_absolute_volume__mm3_5/case_outputs/974__s1_absolute_volume__mm3_5/segmentation_repaired.stl,5113284,17.28,0,True,True,0,,,15607322,469,0,8h 21m 51s,501.85,78.01,26154.52,P2_supports_brim
975,s1_absolute_volume__mm3_5,meshes/s1_absolute_volume__mm3_5/case_outputs/975__s1_absolute_volume__mm3_5/segmentation_repaired.stl,4193084,14.51,0,True,True,0,,,13382206,481,0,7h 43m 45s,463.75,76.09,25512.67,P2_supports_brim
976,s1_absolute_volume__mm3_5,meshes/s1_absolute_volume__mm3_5/case_outputs/976__s1_absolute_volume__mm3_5/segmentation_repaired.stl,2671984,8.91,0,True,True,0,,,7825997,564,0,4h 5m 40s,245.66666666666666,38.7,12974.99,P2_supports_brim
977,s1_absolute_volume__mm3_5,meshes/s1_absolute_volume__mm3_5/case_outputs/977__s1_absolute_volume__mm3_5/segmentation_repaired.stl,2827684,9.62,0,True,True,0,,,8809936,501,0,4h 58m 19s,298.31666666666666,49.44,16576.14,P2_supports_brim
978,s1_absolute_volume__mm3_5,meshes/s1_absolute_volume__mm3_5/case_outputs/978__s1_absolute_volume__mm3_5/segmentation_repaired.stl,3477384,12.3,0,True,True,0,,,10647783,399,0,5h 58m 55s,358.9166666666667,57.89,19410.05,P2_supports_brim
979,s1_absolute_volume__mm3_5,meshes/s1_absolute_volume__mm3_5/case_outputs/979__s1_absolute_volume__mm3_5/segmentation_repaired.stl,2973684,9.5,0,True,True,0,,,8906849,593,0,5h 12m 36s,312.6,54.53,18284.56,P2_supports_brim
980,s1_absolute_volume__mm3_5,meshes/s1_absolute_volume__mm3_5/case_outputs/980__s1_absolute_volume__mm3_5/segmentation_repaired.stl,2970184,9.04,0,True,True,0,,,8440430,547,0,4h 33m 38s,273.6333333333333,45.64,15303.15,P2_supports_brim
981,s1_absolute_volume__mm3_5,meshes/s1_absolute_volume__mm3_5/case_outputs/981__s1_absolute_volume__mm3_5/segmentation_repaired.stl,1844184,6.38,0,True,True,0,,,5631000,445,0,3h 20m 31s,200.51666666666668,38.0,12740.63,P2_supports_brim
982,s1_absolute_volume__mm3_5,meshes/s1_absolute_volume__mm3_5/case_outputs/982__s1_absolute_volume__mm3_5/segmentation_repaired.stl,2248684,7.35,0,True,True,0,,,6747616,454,0,3h 48m 34s,228.56666666666666,40.28,13506.26,P2_supports_brim
983,s1_absolute_volume__mm3_5,meshes/s1_absolute_volume__mm3_5/case_outputs/983__s1_absolute_volume__mm3_5/segmentation_repaired.stl,3886084,13.41,0,True,True,0,,,12002460,452,0,6h 21m 7s,381.1166666666667,58.55,19629.3,P2_supports_brim
984,s1_absolute_volume__mm3_5,meshes/s1_absolute_volume__mm3_5/case_outputs/984__s1_absolute_volume__mm3_5/segmentation_repaired.stl,3887484,13.55,0,True,True,0,,,13469845,503,0,8h 18m 32s,498.53333333333336,83.81,28099.65,P2_supports_brim
985,s1_absolute_volume__mm3_5,meshes/s1_absolute_volume__mm3_5/case_outputs/985__s1_absolute_volume__mm3_5/segmentation_repaired.stl,3177484,10.61,0,True,True,0,,,9841710,540,0,5h 57m 26s,357.43333333333334,58.52,19619.99,P2_supports_brim
986,s1_absolute_volume__mm3_5,meshes/s1_absolute_volume__mm3_5/case_outputs/986__s1_absolute_volume__mm3_5/segmentation_repaired.stl,3247584,11.24,0,True,True,0,,,10079381,607,0,6h 5m 17s,365.28333333333336,64.19,21523.18,P2_supports_brim
987,s1_absolute_volume__mm3_5,meshes/s1_absolute_volume__mm3_5/case_outputs/987__s1_absolute_volume__mm3_5/segmentation_repaired.stl,4205884,14.31,0,True,True,0,,,12775957,533,0,7h 13m 46s,433.76666666666665,68.98,23128.64,P2_supports_brim
988,s1_absolute_volume__mm3_5,meshes/s1_absolute_volume__mm3_5/case_outputs/988__s1_absolute_volume__mm3_5/segmentation_repaired.stl,2695284,8.57,0,True,True,0,,,7727950,467,0,4h 16m 50s,256.8333333333333,42.7,14318.12,P2_supports_brim
989,s1_absolute_volume__mm3_5,meshes/s1_absolute_volume__mm3_5/case_outputs/989__s1_absolute_volume__mm3_5/segmentation_repaired.stl,3465784,12.08,0,True,True,0,,,10856817,481,0,6h 1m 56s,361.93333333333334,57.95,19428.79,P2_supports_brim
990,s1_absolute_volume__mm3_5,meshes/s1_absolute_volume__mm3_5/case_outputs/990__s1_absolute_volume__mm3_5/segmentation_repaired.stl,3058884,11.5,0,True,True,0,,,11666201,607,0,7h 14m 27s,434.45,81.74,27407.26,P2_supports_brim
991,s1_absolute_volume__mm3_5,meshes/s1_absolute_volume__mm3_5/case_outputs/991__s1_absolute_volume__mm3_5/segmentation_repaired.stl,3028484,10.85,0,True,True,0,,,10089578,420,0,5h 58m 18s,358.3,58.42,19587.05,P2_supports_brim
992,s1_absolute_volume__mm3_5,meshes/s1_absolute_volume__mm3_5/case_outputs/992__s1_absolute_volume__mm3_5/segmentation_repaired.stl,2475084,8.78,0,True,True,0,,,8482877,473,0,4h 51m 42s,291.7,48.21,16164.63,P2_supports_brim
993,s1_absolute_volume__mm3_5,meshes/s1_absolute_volume__mm3_5/case_outputs/993__s1_absolute_volume__mm3_5/segmentation_repaired.stl,5207484,17.08,0,True,True,0,,,15804439,497,0,8h 42m 47s,522.7833333333333,87.38,29296.48,P2_supports_brim
994,s1_absolute_volume__mm3_5,meshes/s1_absolute_volume__mm3_5/case_outputs/994__s1_absolute_volume__mm3_5/segmentation_repaired.stl,3629184,12.6,0,True,True,0,,,11200117,426,0,6h 12m 26s,372.43333333333334,60.96,20438.13,P2_supports_brim
995,s1_absolute_volume__mm3_5,meshes/s1_absolute_volume__mm3_5/case_outputs/995__s1_absolute_volume__mm3_5/segmentation_repaired.stl,3084984,10.53,0,True,True,0,,,10094853,405,0,5h 52m 22s,352.3666666666667,56.64,18989.91,P2_supports_brim
996,s1_absolute_volume__mm3_5,meshes/s1_absolute_volume__mm3_5/case_outputs/996__s1_absolute_volume__mm3_5/segmentation_repaired.stl,2753284,9.29,0,True,True,0,,,8866006,439,0,5h 1m 24s,301.4,49.36,16547.97,P2_supports_brim
997,s1_absolute_volume__mm3_5,meshes/s1_absolute_volume__mm3_5/case_outputs/997__s1_absolute_volume__mm3_5/segmentation_repaired.stl,3978084,13.45,0,True,True,0,,,12274285,411,0,6h 36m 28s,396.46666666666664,64.35,21577.16,P2_supports_brim
998,s1_absolute_volume__mm3_5,meshes/s1_absolute_volume__mm3_5/case_outputs/998__s1_absolute_volume__mm3_5/segmentation_repaired.stl,3673884,12.69,0,True,True,0,,,10265055,430,0,5h 30m 2s,330.03333333333336,51.81,17369.88,P2_supports_brim
999,s1_absolute_volume__mm3_5,meshes/s1_absolute_volume__mm3_5/case_outputs/999__s1_absolute_volume__mm3_5/segmentation_repaired.stl,2199684,8.39,0,True,True,0,,,6971252,414,0,3h 59m 54s,239.9,39.53,13254.96,P2_supports_brim
1000,s2_relative_volume__frac_0.01,meshes/s2_relative_volume__frac_0.01/case_outputs/1000__s2_relative_volume__frac_0.01/segmentation_repaired.stl,3070184,9.43,0,True,True,0,,,9577043,474,0,5h 11m 30s,311.5,51.96,17422.24,P2_supports_brim
751,s2_relative_volume__frac_0.01,meshes/s2_relative_volume__frac_0.01/case_outputs/751__s2_relative_volume__frac_0.01/segmentation_repaired.stl,3325484,10.85,0,True,True,0,,,10365732,570,0,6h 2m 51s,362.85,61.77,20712.02,P2_supports_brim
752,s2_relative_volume__frac_0.01,meshes/s2_relative_volume__frac_0.01/case_outputs/752__s2_relative_volume__frac_0.01/segmentation_repaired.stl,3926184,14.17,0,True,True,0,,,12009576,565,0,6h 30m 52s,390.8666666666667,59.09,19811.5,P2_supports_brim
753,s2_relative_volume__frac_0.01,meshes/s2_relative_volume__frac_0.01/case_outputs/753__s2_relative_volume__frac_0.01/segmentation_repaired.stl,2035584,6.9,0,True,True,0,,,6155963,488,0,3h 29m 4s,209.06666666666666,36.49,12235.46,P2_supports_brim
754,s2_relative_volume__frac_0.01,meshes/s2_relative_volume__frac_0.01/case_outputs/754__s2_relative_volume__frac_0.01/segmentation_repaired.stl,2712084,9.15,0,True,True,0,,,8176751,718,0,4h 29m 27s,269.45,40.87,13703.87,P2_supports_brim
755,s2_relative_volume__frac_0.01,meshes/s2_relative_volume__frac_0.01/case_outputs/755__s2_relative_volume__frac_0.01/segmentation_repaired.stl,2835584,9.92,0,True,True,0,,,8843996,505,0,4h 52m 2s,292.03333333333336,48.44,16240.98,P2_supports_brim
756,s2_relative_volume__frac_0.01,meshes/s2_relative_volume__frac_0.01/case_outputs/756__s2_relative_volume__frac_0.01/segmentation_repaired.stl,2127984,7.5,0,True,True,0,,,6913216,462,0,3h 54m 21s,234.35,39.06,13095.97,P2_supports_brim
757,s2_relative_volume__frac_0.01,meshes/s2_relative_volume__frac_0.01/case_outputs/757__s2_relative_volume__frac_0.01/segmentation_repaired.stl,3308884,11.94,0,True,True,0,,,10745779,563,0,6h 12m 19s,372.31666666666666,60.97,20440.58,P2_supports_brim
758,s2_relative_volume__frac_0.01,meshes/s2_relative_volume__frac_0.01/case_outputs/758__s2_relative_volume__frac_0.01/segmentation_repaired.stl,2621484,8.69,0,True,True,0,,,8589004,672,0,4h 55m 48s,295.8,46.19,15488.08,P2_supports_brim
759,s2_relative_volume__frac_0.01,meshes/s2_relative_volume__frac_0.01/case_outputs/759__s2_relative_volume__frac_0.01/segmentation_repaired.stl,1889384,7.21,0,True,True,0,,,5690017,533,0,3h 6m 6s,186.1,32.45,10880.62,P2_supports_brim
760,s2_relative_volume__frac_0.01,meshes/s2_relative_volume__frac_0.01/case_outputs/760__s2_relative_volume__frac_0.01/segmentation_repaired.stl,3424884,11.36,0,True,True,0,,,10816247,497,0,5h 50m 52s,350.8666666666667,54.63,18317.11,P2_supports_brim
761,s2_relative_volume__frac_0.01,meshes/s2_relative_volume__frac_0.01/case_outputs/761__s2_relative_volume__frac_0.01/segmentation_repaired.stl,3711884,13.24,0,True,True,0,,,11404437,472,0,6h 10m 39s,370.65,60.9,20417.95,P2_supports_brim
762,s2_relative_volume__frac_0.01,meshes/s2_relative_volume__frac_0.01/case_outputs/762__s2_relative_volume__frac_0.01/segmentation_repaired.stl,3789584,13.22,0,True,True,0,,,12050658,541,0,6h 54m 24s,414.4,66.81,22399.25,P2_supports_brim
763,s2_relative_volume__frac_0.01,meshes/s2_relative_volume__frac_0.01/case_outputs/763__s2_relative_volume__frac_0.01/segmentation_repaired.stl,3786684,12.05,0,True,True,0,,,11572724,536,0,6h 16m 39s,376.65,60.99,20447.83,P2_supports_brim
764,s2_relative_volume__frac_0.01,meshes/s2_relative_volume__frac_0.01/case_outputs/764__s2_relative_volume__frac_0.01/segmentation_repaired.stl,4773884,15.87,0,True,True,0,,,14179764,439,0,7h 41m 55s,461.9166666666667,74.28,24904.78,P2_supports_brim
765,s2_relative_volume__frac_0.01,meshes/s2_relative_volume__frac_0.01/case_outputs/765__s2_relative_volume__frac_0.01/segmentation_repaired.stl,2887884,10.42,0,True,True,0,,,9167840,495,0,5h 19m 38s,319.6333333333333,53.51,17940.55,P2_supports_brim
766,s2_relative_volume__frac_0.01,meshes/s2_relative_volume__frac_0.01/case_outputs/766__s2_relative_volume__frac_0.01/segmentation_repaired.stl,5316284,17.41,0,True,True,0,,,16025054,580,0,9h 11m 52s,551.8666666666667,93.27,31270.54,P2_supports_brim
767,s2_relative_volume__frac_0.01,meshes/s2_relative_volume__frac_0.01/case_outputs/767__s2_relative_volume__frac_0.01/segmentation_repaired.stl,2337084,8.48,0,True,True,0,,,7354050,531,0,4h 4m 51s,244.85,43.5,14585.14,P2_supports_brim
768,s2_relative_volume__frac_0.01,meshes/s2_relative_volume__frac_0.01/case_outputs/768__s2_relative_volume__frac_0.01/segmentation_repaired.stl,2768084,9.48,0,True,True,0,,,9057045,566,0,5h 17m 16s,317.26666666666665,59.24,19861.55,P2_supports_brim
769,s2_relative_volume__frac_0.01,meshes/s2_relative_volume__frac_0.01/case_outputs/769__s2_relative_volume__frac_0.01/segmentation_repaired.stl,3631184,13.96,0,True,True,0,,,11190888,441,0,6h 5m 56s,365.93333333333334,57.63,19322.01,P2_supports_brim
770,s2_relative_volume__frac_0.01,meshes/s2_relative_volume__frac_0.01/case_outputs/770__s2_relative_volume__frac_0.01/segmentation_repaired.stl,4991884,17.05,0,True,True,0,,,15352519,471,0,8h 19m 18s,499.3,80.26,26911.35,P2_supports_brim
771,s2_relative_volume__frac_0.01,meshes/s2_relative_volume__frac_0.01/case_outputs/771__s2_relative_volume__frac_0.01/segmentation_repaired.stl,2947884,10.24,0,True,True,0,,,9782713,479,0,5h 45m 18s,345.3,61.86,20739.34,P2_supports_brim
772,s2_relative_volume__frac_0.01,meshes/s2_relative_volume__frac_0.01/case_outputs/772__s2_relative_volume__frac_0.01/segmentation_repaired.stl,3243784,12.13,0,True,True,0,,,10298060,481,0,5h 42m 29s,342.48333333333335,57.47,19269.01,P2_supports_brim
773,s2_relative_volume__frac_0.01,meshes/s2_relative_volume__frac_0.01/case_outputs/773__s2_relative_volume__frac_0.01/segmentation_repaired.stl,2767884,9.35,0,True,True,0,,,8509088,666,0,4h 54m 30s,294.5,47.72,16000.19,P2_supports_brim
774,s2_relative_volume__frac_0.01,meshes/s2_relative_volume__frac_0.01/case_outputs/774__s2_relative_volume__frac_0.01/segmentation_repaired.stl,2791684,9.93,0,True,True,0,,,8640129,595,0,4h 55m 2s,295.03333333333336,49.34,16541.96,P2_supports_brim
775,s2_relative_volume__frac_0.01,meshes/s2_relative_volume__frac_0.01/case_outputs/775__s2_relative_volume__frac_0.01/segmentation_repaired.stl,2380484,7.73,0,True,True,0,,,7261707,540,0,4h 5m 23s,245.38333333333333,45.21,15156.55,P2_supports_brim
776,s2_relative_volume__frac_0.01,meshes/s2_relative_volume__frac_0.01/case_outputs/776__s2_relative_volume__frac_0.01/segmentation_repaired.stl,3369884,11.85,0,True,True,0,,,11533021,463,0,6h 31m 46s,391.76666666666665,62.91,21092.16,P2_supports_brim
777,s2_relative_volume__frac_0.01,meshes/s2_relative_volume__frac_0.01/case_outputs/777__s2_relative_volume__frac_0.01/segmentation_repaired.stl,2729484,9.69,0,True,True,0,,,8384755,549,0,4h 43m 9s,283.15,47.23,15834.9,P2_supports_brim
778,s2_relative_volume__frac_0.01,meshes/s2_relative_volume__frac_0.01/case_outputs/778__s2_relative_volume__frac_0.01/segmentation_repaired.stl,2813484,10.06,0,True,True,0,,,8586611,513,0,4h 33m 33s,273.55,41.86,14035.47,P2_supports_brim
779,s2_relative_volume__frac_0.01,meshes/s2_relative_volume__frac_0.01/case_outputs/779__s2_relative_volume__frac_0.01/segmentation_repaired.stl,3493184,11.92,0,True,True,0,,,11338116,572,0,6h 18m 42s,378.7,62.24,20869.43,P2_supports_brim
780,s2_relative_volume__frac_0.01,meshes/s2_relative_volume__frac_0.01/case_outputs/780__s2_relative_volume__frac_0.01/segmentation_repaired.stl,3942384,12.77,0,True,True,0,,,12431480,446,0,7h 1m 10s,421.1666666666667,68.4,22932.11,P2_supports_brim
781,s2_relative_volume__frac_0.01,meshes/s2_relative_volume__frac_0.01/case_outputs/781__s2_relative_volume__frac_0.01/segmentation_repaired.stl,2714084,8.87,0,True,True,0,,,7551433,468,0,4h 9m 40s,249.66666666666666,42.78,14343.89,P2_supports_brim
782,s2_relative_volume__frac_0.01,meshes/s2_relative_volume__frac_0.01/case_outputs/782__s2_relative_volume__frac_0.01/segmentation_repaired.stl,3827284,13.07,0,True,True,0,,,12042159,491,0,6h 41m 57s,401.95,63.94,21437.7,P2_supports_brim
783,s2_relative_volume__frac_0.01,meshes/s2_relative_volume__frac_0.01/case_outputs/783__s2_relative_volume__frac_0.01/segmentation_repaired.stl,2575984,9.15,0,True,True,0,,,8005950,444,0,4h 20m 52s,260.8666666666667,44.13,14795.37,P2_supports_brim
784,s2_relative_volume__frac_0.01,meshes/s2_relative_volume__frac_0.01/case_outputs/784__s2_relative_volume__frac_0.01/segmentation_repaired.stl,2637484,9.4,0,True,True,0,,,8903692,460,0,4h 58m 22s,298.3666666666667,46.96,15746.21,P2_supports_brim
785,s2_relative_volume__frac_0.01,meshes/s2_relative_volume__frac_0.01/case_outputs/785__s2_relative_volume__frac_0.01/segmentation_repaired.stl,1892484,6.48,0,True,True,0,,,5302312,411,0,2h 53m 33s,173.55,30.29,10156.0,P2_supports_brim
786,s2_relative_volume__frac_0.01,meshes/s2_relative_volume__frac_0.01/case_outputs/786__s2_relative_volume__frac_0.01/segmentation_repaired.stl,2786884,9.17,0,True,True,0,,,8048293,450,0,4h 18m 21s,258.35,42.88,14377.16,P2_supports_brim
787,s2_relative_volume__frac_0.01,meshes/s2_relative_volume__frac_0.01/case_outputs/787__s2_relative_volume__frac_0.01/segmentation_repaired.stl,2555884,8.43,0,True,True,0,,,6733548,462,0,3h 52m 20s,232.33333333333334,38.76,12996.46,P2_supports_brim
788,s2_relative_volume__frac_0.01,meshes/s2_relative_volume__frac_0.01/case_outputs/788__s2_relative_volume__frac_0.01/segmentation_repaired.stl,3857884,13.24,0,True,True,0,,,12111997,656,0,6h 43m 56s,403.93333333333334,63.26,21209.36,P2_supports_brim
789,s2_relative_volume__frac_0.01,meshes/s2_relative_volume__frac_0.01/case_outputs/789__s2_relative_volume__frac_0.01/segmentation_repaired.stl,3163484,10.98,0,True,True,0,,,9936290,613,0,5h 53m 44s,353.73333333333335,62.49,20952.2,P2_supports_brim
790,s2_relative_volume__frac_0.01,meshes/s2_relative_volume__frac_0.01/case_outputs/790__s2_relative_volume__frac_0.01/segmentation_repaired.stl,3067084,10.21,0,True,True,0,,,9303525,713,0,5h 0m 56s,300.93333333333334,47.19,15823.53,P2_supports_brim
791,s2_relative_volume__frac_0.01,meshes/s2_relative_volume__frac_0.01/case_outputs/791__s2_relative_volume__frac_0.01/segmentation_repaired.stl,4110084,14.78,0,True,True,0,,,13151378,457,0,7h 1m 37s,421.6166666666667,68.31,22904.21,P2_supports_brim
792,s2_relative_volume__frac_0.01,meshes/s2_relative_volume__frac_0.01/case_outputs/792__s2_relative_volume__frac_0.01/segmentation_repaired.stl,2410184,8.55,0,True,True,0,,,8094555,471,0,4h 45m 31s,285.51666666666665,48.27,16185.45,P2_supports_brim
793,s2_relative_volume__frac_0.01,meshes/s2_relative_volume__frac_0.01/case_outputs/793__s2_relative_volume__frac_0.01/segmentation_repaired.stl,2116884,7.64,0,True,True,0,,,6687500,521,0,3h 51m 44s,231.73333333333332,42.15,14132.27,P2_supports_brim
794,s2_relative_volume__frac_0.01,meshes/s2_relative_volume__frac_0.01/case_outputs/794__s2_relative_volume__frac_0.01/segmentation_repaired.stl,4390684,14.44,0,True,True,0,,,13530973,544,0,7h 32m 31s,452.51666666666665,76.21,25550.9,P2_supports_brim
795,s2_relative_volume__frac_0.01,meshes/s2_relative_volume__frac_0.01/case_outputs/795__s2_relative_volume__frac_0.01/segmentation_repaired.stl,2565384,9.05,0,True,True,0,,,8166005,568,0,4h 47m 14s,287.23333333333335,53.53,17946.86,P2_supports_brim
796,s2_relative_volume__frac_0.01,meshes/s2_relative_volume__frac_0.01/case_outputs/796__s2_relative_volume__frac_0.01/segmentation_repaired.stl,2964084,10.11,0,True,True,0,,,9360254,526,0,5h 24m 2s,324.03333333333336,55.07,18465.64,P2_supports_brim
797,s2_relative_volume__frac_0.01,meshes/s2_relative_volume__frac_0.01/case_outputs/797__s2_relative_volume__frac_0.01/segmentation_repaired.stl,3114284,11.27,0,True,True,0,,,9841755,456,0,5h 27m 0s,327.0,51.55,17282.99,P2_supports_brim
798,s2_relative_volume__frac_0.01,meshes/s2_relative_volume__frac_0.01/case_outputs/798__s2_relative_volume__frac_0.01/segmentation_repaired.stl,4018784,13.21,0,True,True,0,,,12190422,634,0,6h 47m 1s,407.01666666666665,64.88,21754.35,P2_supports_brim
799,s2_relative_volume__frac_0.01,meshes/s2_relative_volume__frac_0.01/case_outputs/799__s2_relative_volume__frac_0.01/segmentation_repaired.stl,3623184,12.53,0,True,True,0,,,11286194,513,0,6h 15m 6s,375.1,58.89,19745.65,P2_supports_brim
800,s2_relative_volume__frac_0.01,meshes/s2_relative_volume__frac_0.01/case_outputs/800__s2_relative_volume__frac_0.01/segmentation_repaired.stl,4084284,13.87,0,True,True,0,,,13174871,530,0,7h 26m 18s,446.3,72.35,24257.14,P2_supports_brim
801,s2_relative_volume__frac_0.01,meshes/s2_relative_volume__frac_0.01/case_outputs/801__s2_relative_volume__frac_0.01/segmentation_repaired.stl,3885684,13.73,0,True,True,0,,,12074491,419,0,6h 24m 59s,384.98333333333335,62.16,20842.7,P2_supports_brim
802,s2_relative_volume__frac_0.01,meshes/s2_relative_volume__frac_0.01/case_outputs/802__s2_relative_volume__frac_0.01/segmentation_repaired.stl,2635284,9.71,0,True,True,0,,,8480113,488,0,4h 43m 2s,283.03333333333336,47.71,15996.53,P2_supports_brim
803,s2_relative_volume__frac_0.01,meshes/s2_relative_volume__frac_0.01/case_outputs/803__s2_relative_volume__frac_0.01/segmentation_repaired.stl,3157484,10.62,0,True,True,0,,,9727659,562,0,5h 20m 33s,320.55,49.95,16746.82,P2_supports_brim
804,s2_relative_volume__frac_0.01,meshes/s2_relative_volume__frac_0.01/case_outputs/804__s2_relative_volume__frac_0.01/segmentation_repaired.stl,2470184,7.98,0,True,True,0,,,7164349,510,0,3h 59m 30s,239.5,39.82,13350.94,P2_supports_brim
805,s2_relative_volume__frac_0.01,meshes/s2_relative_volume__frac_0.01/case_outputs/805__s2_relative_volume__frac_0.01/segmentation_repaired.stl,3491684,13.4,0,True,True,0,,,11273208,480,0,6h 15m 0s,375.0,60.0,20117.23,P2_supports_brim
806,s2_relative_volume__frac_0.01,meshes/s2_relative_volume__frac_0.01/case_outputs/806__s2_relative_volume__frac_0.01/segmentation_repaired.stl,3260084,10.91,0,True,True,0,,,10426804,483,0,5h 46m 10s,346.1666666666667,55.62,18648.39,P2_supports_brim
807,s2_relative_volume__frac_0.01,meshes/s2_relative_volume__frac_0.01/case_outputs/807__s2_relative_volume__frac_0.01/segmentation_repaired.stl,3483584,12.0,0,True,True,0,,,10907483,556,0,6h 8m 34s,368.56666666666666,62.05,20803.57,P2_supports_brim
808,s2_relative_volume__frac_0.01,meshes/s2_relative_volume__frac_0.01/case_outputs/808__s2_relative_volume__frac_0.01/segmentation_repaired.stl,3171084,10.19,0,True,True,0,,,9540223,452,0,5h 17m 36s,317.6,53.27,17861.72,P2_supports_brim
809,s2_relative_volume__frac_0.01,meshes/s2_relative_volume__frac_0.01/case_outputs/809__s2_relative_volume__frac_0.01/segmentation_repaired.stl,818684,2.82,0,True,True,0,,,2271619,372,0,1h 18m 49s,78.81666666666666,14.86,4981.49,P2_supports_brim
810,s2_relative_volume__frac_0.01,meshes/s2_relative_volume__frac_0.01/case_outputs/810__s2_relative_volume__frac_0.01/segmentation_repaired.stl,3021484,10.83,0,True,True,0,,,10611527,594,0,6h 22m 54s,382.9,70.11,23507.82,P2_supports_brim
811,s2_relative_volume__frac_0.01,meshes/s2_relative_volume__frac_0.01/case_outputs/811__s2_relative_volume__frac_0.01/segmentation_repaired.stl,2775284,9.55,0,True,True,0,,,7812274,434,0,4h 14m 55s,254.91666666666666,39.91,13381.01,P2_supports_brim
812,s2_relative_volume__frac_0.01,meshes/s2_relative_volume__frac_0.01/case_outputs/812__s2_relative_volume__frac_0.01/segmentation_repaired.stl,3912884,12.22,0,True,True,0,,,11201975,427,0,6h 17m 21s,377.35,61.55,20636.86,P2_supports_brim
813,s2_relative_volume__frac_0.01,meshes/s2_relative_volume__frac_0.01/case_outputs/813__s2_relative_volume__frac_0.01/segmentation_repaired.stl,2368084,8.2,0,True,True,0,,,7145357,498,0,4h 1m 43s,241.71666666666667,39.85,13360.9,P2_supports_brim
814,s2_relative_volume__frac_0.01,meshes/s2_relative_volume__frac_0.01/case_outputs/814__s2_relative_volume__frac_0.01/segmentation_repaired.stl,3909184,13.09,0,True,True,0,,,12569672,494,0,7h 9m 26s,429.43333333333334,72.71,24378.32,P2_supports_brim
815,s2_relative_volume__frac_0.01,meshes/s2_relative_volume__frac_0.01/case_outputs/815__s2_relative_volume__frac_0.01/segmentation_repaired.stl,3926384,13.49,0,True,True,0,,,11829717,562,0,6h 39m 40s,399.6666666666667,63.26,21209.49,P2_supports_brim
816,s2_relative_volume__frac_0.01,meshes/s2_relative_volume__frac_0.01/case_outputs/816__s2_relative_volume__frac_0.01/segmentation_repaired.stl,2252484,7.43,0,True,True,0,,,6566593,607,0,3h 44m 57s,224.95,39.29,13172.56,P2_supports_brim
817,s2_relative_volume__frac_0.01,meshes/s2_relative_volume__frac_0.01/case_outputs/817__s2_relative_volume__frac_0.01/segmentation_repaired.stl,3281284,11.04,0,True,True,0,,,8834700,443,0,4h 51m 34s,291.56666666666666,44.09,14783.98,P2_supports_brim
818,s2_relative_volume__frac_0.01,meshes/s2_relative_volume__frac_0.01/case_outputs/818__s2_relative_volume__frac_0.01/segmentation_repaired.stl,2779084,9.59,0,True,True,0,,,8830217,537,0,4h 58m 45s,298.75,49.76,16685.07,P2_supports_brim
819,s2_relative_volume__frac_0.01,meshes/s2_relative_volume__frac_0.01/case_outputs/819__s2_relative_volume__frac_0.01/segmentation_repaired.stl,3578084,11.69,0,True,True,0,,,10477950,520,0,5h 40m 4s,340.06666666666666,58.28,19541.45,P2_supports_brim
820,s2_relative_volume__frac_0.01,meshes/s2_relative_volume__frac_0.01/case_outputs/820__s2_relative_volume__frac_0.01/segmentation_repaired.stl,2858284,9.56,0,True,True,0,,,8771662,520,0,4h 51m 17s,291.28333333333336,52.23,17511.15,P2_supports_brim
821,s2_relative_volume__frac_0.01,meshes/s2_relative_volume__frac_0.01/case_outputs/821__s2_relative_volume__frac_0.01/segmentation_repaired.stl,2294284,8.03,0,True,True,0,,,7239860,753,0,4h 17m 10s,257.1666666666667,44.83,15030.23,P2_supports_brim
822,s2_relative_volume__frac_0.01,meshes/s2_relative_volume__frac_0.01/case_outputs/822__s2_relative_volume__frac_0.01/segmentation_repaired.stl,3972484,13.13,0,True,True,0,,,12213346,485,0,6h 37m 18s,397.3,64.35,21576.77,P2_supports_brim
823,s2_relative_volume__frac_0.01,meshes/s2_relative_volume__frac_0.01/case_outputs/823__s2_relative_volume__frac_0.01/segmentation_repaired.stl,2967484,10.25,0,True,True,0,,,9017297,446,0,5h 7m 53s,307.8833333333333,51.1,17133.39,P2_supports_brim
824,s2_relative_volume__frac_0.01,meshes/s2_relative_volume__frac_0.01/case_outputs/824__s2_relative_volume__frac_0.01/segmentation_repaired.stl,2446484,7.96,0,True,True,0,,,7496180,596,0,4h 17m 33s,257.55,44.82,15028.97,P2_supports_brim
825,s2_relative_volume__frac_0.01,meshes/s2_relative_volume__frac_0.01/case_outputs/825__s2_relative_volume__frac_0.01/segmentation_repaired.stl,2688184,8.77,0,True,True,0,,,7897948,424,0,4h 16m 28s,256.46666666666664,40.99,13742.23,P2_supports_brim
826,s2_relative_volume__frac_0.01,meshes/s2_relative_volume__frac_0.01/case_outputs/826__s2_relative_volume__frac_0.01/segmentation_repaired.stl,4558684,15.64,0,True,True,0,,,14188639,421,0,7h 29m 13s,449.21666666666664,70.4,23604.36,P2_supports_brim
827,s2_relative_volume__frac_0.01,meshes/s2_relative_volume__frac_0.01/case_outputs/827__s2_relative_volume__frac_0.01/segmentation_repaired.stl,3390284,12.07,0,True,True,0,,,11434029,584,0,6h 54m 10s,414.1666666666667,70.79,23735.3,P2_supports_brim
828,s2_relative_volume__frac_0.01,meshes/s2_relative_volume__frac_0.01/case_outputs/828__s2_relative_volume__frac_0.01/segmentation_repaired.stl,3991484,13.53,0,True,True,0,,,11902675,470,0,6h 27m 55s,387.9166666666667,63.42,21264.63,P2_supports_brim
829,s2_relative_volume__frac_0.01,meshes/s2_relative_volume__frac_0.01/case_outputs/829__s2_relative_volume__frac_0.01/segmentation_repaired.stl,3875884,13.05,0,True,True,0,,,11582544,460,0,6h 25m 53s,385.8833333333333,64.14,21505.48,P2_supports_brim
830,s2_relative_volume__frac_0.01,meshes/s2_relative_volume__frac_0.01/case_outputs/830__s2_relative_volume__frac_0.01/segmentation_repaired.stl,2792584,9.25,0,True,True,0,,,8564627,453,0,4h 42m 45s,282.75,47.46,15910.93,P2_supports_brim
831,s2_relative_volume__frac_0.01,meshes/s2_relative_volume__frac_0.01/case_outputs/831__s2_relative_volume__frac_0.01/segmentation_repaired.stl,3579384,12.27,0,True,True,0,,,10544624,615,0,6h 14m 18s,374.3,66.33,22237.87,P2_supports_brim
832,s2_relative_volume__frac_0.01,meshes/s2_relative_volume__frac_0.01/case_outputs/832__s2_relative_volume__frac_0.01/segmentation_repaired.stl,3764284,12.19,0,True,True,0,,,11140081,480,0,6h 3m 10s,363.1666666666667,59.97,20108.01,P2_supports_brim
833,s2_relative_volume__frac_0.01,meshes/s2_relative_volume__frac_0.01/case_outputs/833__s2_relative_volume__frac_0.01/segmentation_repaired.stl,3076884,10.23,0,True,True,0,,,8985302,454,0,4h 56m 11s,296.18333333333334,48.46,16247.73,P2_supports_brim
834,s2_relative_volume__frac_0.01,meshes/s2_relative_volume__frac_0.01/case_outputs/834__s2_relative_volume__frac_0.01/segmentation_repaired.stl,3672984,12.34,0,True,True,0,,,11558039,480,0,6h 22m 6s,382.1,60.32,20224.86,P2_supports_brim
835,s2_relative_volume__frac_0.01,meshes/s2_relative_volume__frac_0.01/case_outputs/835__s2_relative_volume__frac_0.01/segmentation_repaired.stl,2642184,9.53,0,True,True,0,,,8115080,494,0,4h 31m 8s,271.1333333333333,44.67,14976.99,P2_supports_brim
836,s2_relative_volume__frac_0.01,meshes/s2_relative_volume__frac_0.01/case_outputs/836__s2_relative_volume__frac_0.01/segmentation_repaired.stl,2368884,8.66,0,True,True,0,,,6553440,448,0,3h 25m 52s,205.86666666666667,31.09,10422.86,P2_supports_brim
837,s2_relative_volume__frac_0.01,meshes/s2_relative_volume__frac_0.01/case_outputs/837__s2_relative_volume__frac_0.01/segmentation_repaired.stl,3471884,11.45,0,True,True,0,,,10826675,467,0,5h 45m 22s,345.3666666666667,54.89,18403.79,P2_supports_brim
838,s2_relative_volume__frac_0.01,meshes/s2_relative_volume__frac_0.01/case_outputs/838__s2_relative_volume__frac_0.01/segmentation_repaired.stl,3044784,10.39,0,True,True,0,,,9562724,534,0,5h 9m 27s,309.45,48.47,16252.6,P2_supports_brim
839,s2_relative_volume__frac_0.01,meshes/s2_relative_volume__frac_0.01/case_outputs/839__s2_relative_volume__frac_0.01/segmentation_repaired.stl,2850284,9.95,0,True,True,0,,,8963497,583,0,5h 20m 49s,320.81666666666666,55.42,18580.43,P2_supports_brim
840,s2_relative_volume__frac_0.01,meshes/s2_relative_volume__frac_0.01/case_outputs/840__s2_relative_volume__frac_0.01/segmentation_repaired.stl,3253284,10.69,0,True,True,0,,,9920806,479,0,5h 32m 16s,332.26666666666665,53.83,18046.66,P2_supports_brim
841,s2_relative_volume__frac_0.01,meshes/s2_relative_volume__frac_0.01/case_outputs/841__s2_relative_volume__frac_0.01/segmentation_repaired.stl,2348284,8.34,0,True,True,0,,,6793195,507,0,3h 43m 55s,223.91666666666666,36.82,12345.56,P2_supports_brim
842,s2_relative_volume__frac_0.01,meshes/s2_relative_volume__frac_0.01/case_outputs/842__s2_relative_volume__frac_0.01/segmentation_repaired.stl,3149084,10.66,0,True,True,0,,,9630274,547,0,5h 18m 2s,318.03333333333336,52.75,17687.55,P2_supports_brim
843,s2_relative_volume__frac_0.01,meshes/s2_relative_volume__frac_0.01/case_outputs/843__s2_relative_volume__frac_0.01/segmentation_repaired.stl,2496884,8.56,0,True,True,0,,,7591301,429,0,4h 4m 6s,244.1,39.3,13177.06,P2_supports_brim
844,s2_relative_volume__frac_0.01,meshes/s2_relative_volume__frac_0.01/case_outputs/844__s2_relative_volume__frac_0.01/segmentation_repaired.stl,2933884,9.57,0,True,True,0,,,9282295,474,0,5h 28m 12s,328.2,55.81,18711.95,P2_supports_brim
845,s2_relative_volume__frac_0.01,meshes/s2_relative_volume__frac_0.01/case_outputs/845__s2_relative_volume__frac_0.01/segmentation_repaired.stl,3473684,12.66,0,True,True,0,,,11101059,698,0,6h 30m 0s,390.0,62.21,20858.43,P2_supports_brim
846,s2_relative_volume__frac_0.01,meshes/s2_relative_volume__frac_0.01/case_outputs/846__s2_relative_volume__frac_0.01/segmentation_repaired.stl,2885384,10.13,0,True,True,0,,,8434822,547,0,4h 49m 8s,289.1333333333333,47.26,15846.41,P2_supports_brim
847,s2_relative_volume__frac_0.01,meshes/s2_relative_volume__frac_0.01/case_outputs/847__s2_relative_volume__frac_0.01/segmentation_repaired.stl,2819884,9.03,0,True,True,0,,,8708244,623,0,5h 4m 1s,304.01666666666665,52.88,17729.87,P2_supports_brim
848,s2_relative_volume__frac_0.01,meshes/s2_relative_volume__frac_0.01/case_outputs/848__s2_relative_volume__frac_0.01/segmentation_repaired.stl,1782484,6.17,0,True,True,0,,,5450480,441,0,2h 57m 39s,177.65,29.19,9785.75,P2_supports_brim
849,s2_relative_volume__frac_0.01,meshes/s2_relative_volume__frac_0.01/case_outputs/849__s2_relative_volume__frac_0.01/segmentation_repaired.stl,3972884,12.81,0,True,True,0,,,11945388,476,0,6h 31m 35s,391.5833333333333,62.9,21089.11,P2_supports_brim
850,s2_relative_volume__frac_0.01,meshes/s2_relative_volume__frac_0.01/case_outputs/850__s2_relative_volume__frac_0.01/segmentation_repaired.stl,2150684,8.04,0,True,True,0,,,6810968,504,0,3h 58m 21s,238.35,38.89,13040.13,P2_supports_brim
851,s2_relative_volume__frac_0.01,meshes/s2_relative_volume__frac_0.01/case_outputs/851__s2_relative_volume__frac_0.01/segmentation_repaired.stl,2938984,9.61,0,True,True,0,,,8628816,453,0,4h 39m 50s,279.8333333333333,44.41,14889.9,P2_supports_brim
852,s2_relative_volume__frac_0.01,meshes/s2_relative_volume__frac_0.01/case_outputs/852__s2_relative_volume__frac_0.01/segmentation_repaired.stl,3843884,13.49,0,True,True,0,,,10925344,426,0,6h 11m 51s,371.85,62.04,20802.54,P2_supports_brim
853,s2_relative_volume__frac_0.01,meshes/s2_relative_volume__frac_0.01/case_outputs/853__s2_relative_volume__frac_0.01/segmentation_repaired.stl,2402984,7.44,0,True,True,0,,,7207010,501,0,3h 59m 14s,239.23333333333332,38.72,12981.7,P2_supports_brim
854,s2_relative_volume__frac_0.01,meshes/s2_relative_volume__frac_0.01/case_outputs/854__s2_relative_volume__frac_0.01/segmentation_repaired.stl,2728484,11.11,0,True,True,0,,,8717616,497,0,4h 53m 26s,293.43333333333334,49.53,16606.73,P2_supports_brim
855,s2_relative_volume__frac_0.01,meshes/s2_relative_volume__frac_0.01/case_outputs/855__s2_relative_volume__frac_0.01/segmentation_repaired.stl,3823184,13.81,0,True,True,0,,,14384641,712,0,8h 49m 58s,529.9666666666667,92.82,31119.88,P2_supports_brim
856,s2_relative_volume__frac_0.01,meshes/s2_relative_volume__frac_0.01/case_outputs/856__s2_relative_volume__frac_0.01/segmentation_repaired.stl,3320184,11.8,0,True,True,0,,,10100077,507,0,5h 31m 23s,331.3833333333333,55.96,18762.14,P2_supports_brim
857,s2_relative_volume__frac_0.01,meshes/s2_relative_volume__frac_0.01/case_outputs/857__s2_relative_volume__frac_0.01/segmentation_repaired.stl,4876784,17.38,0,True,True,0,,,15905916,432,0,8h 48m 33s,528.55,86.66,29055.31,P2_supports_brim
858,s2_relative_volume__frac_0.01,meshes/s2_relative_volume__frac_0.01/case_outputs/858__s2_relative_volume__frac_0.01/segmentation_repaired.stl,2698184,8.74,0,True,True,0,,,8856171,499,0,4h 59m 24s,299.4,52.36,17556.14,P2_supports_brim
859,s2_relative_volume__frac_0.01,meshes/s2_relative_volume__frac_0.01/case_outputs/859__s2_relative_volume__frac_0.01/segmentation_repaired.stl,4083984,14.17,0,True,True,0,,,13781033,568,0,8h 6m 56s,486.93333333333334,82.25,27578.27,P2_supports_brim
860,s2_relative_volume__frac_0.01,meshes/s2_relative_volume__frac_0.01/case_outputs/860__s2_relative_volume__frac_0.01/segmentation_repaired.stl,3058984,10.46,0,True,True,0,,,9229779,484,0,5h 7m 44s,307.73333333333335,52.15,17484.43,P2_supports_brim
861,s2_relative_volume__frac_0.01,meshes/s2_relative_volume__frac_0.01/case_outputs/861__s2_relative_volume__frac_0.01/segmentation_repaired.stl,1554284,5.32,0,True,True,0,,,4666952,576,0,2h 44m 28s,164.46666666666667,31.28,10487.44,P2_supports_brim
862,s2_relative_volume__frac_0.01,meshes/s2_relative_volume__frac_0.01/case_outputs/862__s2_relative_volume__frac_0.01/segmentation_repaired.stl,3730284,13.18,0,True,True,0,,,12529672,663,0,7h 33m 16s,453.26666666666665,81.26,27243.95,P2_supports_brim
863,s2_relative_volume__frac_0.01,meshes/s2_relative_volume__frac_0.01/case_outputs/863__s2_relative_volume__frac_0.01/segmentation_repaired.stl,2993984,10.06,0,True,True,0,,,8948621,461,0,4h 55m 56s,295.93333333333334,49.42,16570.89,P2_supports_brim
864,s2_relative_volume__frac_0.01,meshes/s2_relative_volume__frac_0.01/case_outputs/864__s2_relative_volume__frac_0.01/segmentation_repaired.stl,3806884,13.4,0,True,True,0,,,12987470,515,0,7h 33m 20s,453.3333333333333,76.2,25548.71,P2_supports_brim
865,s2_relative_volume__frac_0.01,meshes/s2_relative_volume__frac_0.01/case_outputs/865__s2_relative_volume__frac_0.01/segmentation_repaired.stl,2503684,8.76,0,True,True,0,,,7942909,599,0,4h 46m 37s,286.6166666666667,53.45,17921.11,P2_supports_brim
866,s2_relative_volume__frac_0.01,meshes/s2_relative_volume__frac_0.01/case_outputs/866__s2_relative_volume__frac_0.01/segmentation_repaired.stl,3554284,12.25,0,True,True,0,,,10848130,491,0,5h 45m 18s,345.3,54.98,18435.04,P2_supports_brim
867,s2_relative_volume__frac_0.01,meshes/s2_relative_volume__frac_0.01/case_outputs/867__s2_relative_volume__frac_0.01/segmentation_repaired.stl,4389584,14.47,0,True,True,0,,,13409552,594,0,7h 30m 43s,450.71666666666664,73.62,24682.53,P2_supports_brim
868,s2_relative_volume__frac_0.01,meshes/s2_relative_volume__frac_0.01/case_outputs/868__s2_relative_volume__frac_0.01/segmentation_repaired.stl,1657584,6.16,0,True,True,0,,,5055461,402,0,2h 55m 9s,175.15,27.51,9223.59,P2_supports_brim
869,s2_relative_volume__frac_0.01,meshes/s2_relative_volume__frac_0.01/case_outputs/869__s2_relative_volume__frac_0.01/segmentation_repaired.stl,3309184,11.93,0,True,True,0,,,9805141,503,0,5h 25m 34s,325.56666666666666,56.68,19005.38,P2_supports_brim
870,s2_relative_volume__frac_0.01,meshes/s2_relative_volume__frac_0.01/case_outputs/870__s2_relative_volume__frac_0.01/segmentation_repaired.stl,2629384,10.06,0,True,True,0,,,8461339,492,0,4h 42m 24s,282.4,47.18,15818.37,P2_supports_brim
871,s2_relative_volume__frac_0.01,meshes/s2_relative_volume__frac_0.01/case_outputs/871__s2_relative_volume__frac_0.01/segmentation_repaired.stl,2946784,10.4,0,True,True,0,,,9016841,569,0,5h 4m 52s,304.8666666666667,48.06,16112.19,P2_supports_brim
872,s2_relative_volume__frac_0.01,meshes/s2_relative_volume__frac_0.01/case_outputs/872__s2_relative_volume__frac_0.01/segmentation_repaired.stl,2666184,9.2,0,True,True,0,,,8179834,461,0,4h 32m 19s,272.31666666666666,43.2,14483.7,P2_supports_brim
873,s2_relative_volume__frac_0.01,meshes/s2_relative_volume__frac_0.01/case_outputs/873__s2_relative_volume__frac_0.01/segmentation_repaired.stl,3264284,10.73,0,True,True,0,,,9858326,500,0,5h 38m 1s,338.01666666666665,56.3,18875.41,P2_supports_brim
874,s2_relative_volume__frac_0.01,meshes/s2_relative_volume__frac_0.01/case_outputs/874__s2_relative_volume__frac_0.01/segmentation_repaired.stl,2716184,9.92,0,True,True,0,,,8226326,481,0,4h 37m 28s,277.46666666666664,48.94,16408.22,P2_supports_brim
875,s2_relative_volume__frac_0.01,meshes/s2_relative_volume__frac_0.01/case_outputs/875__s2_relative_volume__frac_0.01/segmentation_repaired.stl,3716884,13.43,0,True,True,0,,,12001625,451,0,6h 35m 7s,395.1166666666667,62.35,20904.81,P2_supports_brim
876,s2_relative_volume__frac_0.01,meshes/s2_relative_volume__frac_0.01/case_outputs/876__s2_relative_volume__frac_0.01/segmentation_repaired.stl,2684784,10.44,0,True,True,0,,,8378683,520,0,5h 1m 42s,301.7,52.2,17501.12,P2_supports_brim
877,s2_relative_volume__frac_0.01,meshes/s2_relative_volume__frac_0.01/case_outputs/877__s2_relative_volume__frac_0.01/segmentation_repaired.stl,3110284,11.14,0,True,True,0,,,10421794,535,0,5h 52m 0s,352.0,56.12,18817.13,P2_supports_brim
878,s2_relative_volume__frac_0.01,meshes/s2_relative_volume__frac_0.01/case_outputs/878__s2_relative_volume__frac_0.01/segmentation_repaired.stl,2810084,10.21,0,True,True,0,,,8247786,520,0,4h 24m 13s,264.21666666666664,43.26,14505.07,P2_supports_brim
879,s2_relative_volume__frac_0.01,meshes/s2_relative_volume__frac_0.01/case_outputs/879__s2_relative_volume__frac_0.01/segmentation_repaired.stl,3219884,11.34,0,True,True,0,,,10643960,629,0,6h 6m 41s,366.68333333333334,66.79,22392.89,P2_supports_brim
880,s2_relative_volume__frac_0.01,meshes/s2_relative_volume__frac_0.01/case_outputs/880__s2_relative_volume__frac_0.01/segmentation_repaired.stl,2239084,8.08,0,True,True,0,,,6911123,505,0,3h 55m 40s,235.66666666666666,42.28,14175.22,P2_supports_brim
881,s2_relative_volume__frac_0.01,meshes/s2_relative_volume__frac_0.01/case_outputs/881__s2_relative_volume__frac_0.01/segmentation_repaired.stl,2933584,10.24,0,True,True,0,,,9451141,489,0,5h 35m 20s,335.3333333333333,55.69,18672.18,P2_supports_brim
882,s2_relative_volume__frac_0.01,meshes/s2_relative_volume__frac_0.01/case_outputs/882__s2_relative_volume__frac_0.01/segmentation_repaired.stl,3880884,13.11,0,True,True,0,,,11469119,476,0,6h 27m 24s,387.4,60.92,20426.38,P2_supports_brim
883,s2_relative_volume__frac_0.01,meshes/s2_relative_volume__frac_0.01/case_outputs/883__s2_relative_volume__frac_0.01/segmentation_repaired.stl,2970084,10.54,0,True,True,0,,,9250057,514,0,5h 23m 47s,323.78333333333336,51.87,17390.46,P2_supports_brim
884,s2_relative_volume__frac_0.01,meshes/s2_relative_volume__frac_0.01/case_outputs/884__s2_relative_volume__frac_0.01/segmentation_repaired.stl,1865084,6.27,0,True,True,0,,,6000183,482,0,3h 20m 41s,200.68333333333334,35.2,11800.85,P2_supports_brim
885,s2_relative_volume__frac_0.01,meshes/s2_relative_volume__frac_0.01/case_outputs/885__s2_relative_volume__frac_0.01/segmentation_repaired.stl,2712384,9.94,0,True,True,0,,,8759433,455,0,5h 1m 24s,301.4,49.15,16479.44,P2_supports_brim
886,s2_relative_volume__frac_0.01,meshes/s2_relative_volume__frac_0.01/case_outputs/886__s2_relative_volume__frac_0.01/segmentation_repaired.stl,4333784,14.37,0,True,True,0,,,13267696,439,0,6h 55m 11s,415.18333333333334,67.1,22496.43,P2_supports_brim
887,s2_relative_volume__frac_0.01,meshes/s2_relative_volume__frac_0.01/case_outputs/887__s2_relative_volume__frac_0.01/segmentation_repaired.stl,3354284,11.61,0,True,True,0,,,10051109,690,0,5h 44m 19s,344.31666666666666,54.95,18422.87,P2_supports_brim
888,s2_relative_volume__frac_0.01,meshes/s2_relative_volume__frac_0.01/case_outputs/888__s2_relative_volume__frac_0.01/segmentation_repaired.stl,2109884,6.58,0,True,True,0,,,6245396,532,0,3h 32m 26s,212.43333333333334,36.76,12323.54,P2_supports_brim
889,s2_relative_volume__frac_0.01,meshes/s2_relative_volume__frac_0.01/case_outputs/889__s2_relative_volume__frac_0.01/segmentation_repaired.stl,2297584,7.94,0,True,True,0,,,7236138,624,0,4h 6m 33s,246.55,41.36,13867.13,P2_supports_brim
890,s2_relative_volume__frac_0.01,meshes/s2_relative_volume__frac_0.01/case_outputs/890__s2_relative_volume__frac_0.01/segmentation_repaired.stl,2288284,7.8,0,True,True,0,,,6975056,495,0,3h 46m 15s,226.25,37.49,12571.23,P2_supports_brim
891,s2_relative_volume__frac_0.01,meshes/s2_relative_volume__frac_0.01/case_outputs/891__s2_relative_volume__frac_0.01/segmentation_repaired.stl,2403684,8.57,0,True,True,0,,,7644565,555,0,4h 23m 7s,263.1166666666667,42.47,14240.05,P2_supports_brim
892,s2_relative_volume__frac_0.01,meshes/s2_relative_volume__frac_0.01/case_outputs/892__s2_relative_volume__frac_0.01/segmentation_repaired.stl,3706184,12.33,0,True,True,0,,,11276215,481,0,6h 26m 48s,386.8,65.24,21873.27,P2_supports_brim
893,s2_relative_volume__frac_0.01,meshes/s2_relative_volume__frac_0.01/case_outputs/893__s2_relative_volume__frac_0.01/segmentation_repaired.stl,3043984,10.91,0,True,True,0,,,9659711,606,0,5h 38m 10s,338.1666666666667,60.16,20171.63,P2_supports_brim
894,s2_relative_volume__frac_0.01,meshes/s2_relative_volume__frac_0.01/case_outputs/894__s2_relative_volume__frac_0.01/segmentation_repaired.stl,3477484,11.22,0,True,True,0,,,10976295,487,0,6h 18m 33s,378.55,62.74,21037.08,P2_supports_brim
895,s2_relative_volume__frac_0.01,meshes/s2_relative_volume__frac_0.01/case_outputs/895__s2_relative_volume__frac_0.01/segmentation_repaired.stl,3530984,11.77,0,True,True,0,,,10885260,375,0,5h 49m 3s,349.05,56.87,19066.73,P2_supports_brim
896,s2_relative_volume__frac_0.01,meshes/s2_relative_volume__frac_0.01/case_outputs/896__s2_relative_volume__frac_0.01/segmentation_repaired.stl,1952084,7.41,0,True,True,0,,,6846744,530,0,4h 3m 10s,243.16666666666666,41.86,14036.29,P2_supports_brim
897,s2_relative_volume__frac_0.01,meshes/s2_relative_volume__frac_0.01/case_outputs/897__s2_relative_volume__frac_0.01/segmentation_repaired.stl,3335984,11.59,0,True,True,0,,,10399577,462,0,5h 42m 57s,342.95,55.46,18594.14,P2_supports_brim
898,s2_relative_volume__frac_0.01,meshes/s2_relative_volume__frac_0.01/case_outputs/898__s2_relative_volume__frac_0.01/segmentation_repaired.stl,3777784,12.84,0,True,True,0,,,11611991,405,0,6h 15m 34s,375.56666666666666,59.13,19826.33,P2_supports_brim
899,s2_relative_volume__frac_0.01,meshes/s2_relative_volume__frac_0.01/case_outputs/899__s2_relative_volume__frac_0.01/segmentation_repaired.stl,2677484,9.13,0,True,True,0,,,8503165,566,0,4h 52m 4s,292.06666666666666,51.31,17202.61,P2_supports_brim
900,s2_relative_volume__frac_0.01,meshes/s2_relative_volume__frac_0.01/case_outputs/900__s2_relative_volume__frac_0.01/segmentation_repaired.stl,2702784,9.18,0,True,True,0,,,8066583,426,0,4h 28m 11s,268.18333333333334,41.82,14020.39,P2_supports_brim
901,s2_relative_volume__frac_0.01,meshes/s2_relative_volume__frac_0.01/case_outputs/901__s2_relative_volume__frac_0.01/segmentation_repaired.stl,3080984,10.61,0,True,True,0,,,10001650,603,0,6h 9m 1s,369.01666666666665,67.91,22769.88,P2_supports_brim
902,s2_relative_volume__frac_0.01,meshes/s2_relative_volume__frac_0.01/case_outputs/902__s2_relative_volume__frac_0.01/segmentation_repaired.stl,3860684,15.35,0,True,True,0,,,11934734,475,0,6h 12m 19s,372.31666666666666,56.89,19073.11,P2_supports_brim
903,s2_relative_volume__frac_0.01,meshes/s2_relative_volume__frac_0.01/case_outputs/903__s2_relative_volume__frac_0.01/segmentation_repaired.stl,2839884,9.47,0,True,True,0,,,8235283,502,0,4h 34m 20s,274.3333333333333,46.59,15620.82,P2_supports_brim
904,s2_relative_volume__frac_0.01,meshes/s2_relative_volume__frac_0.01/case_outputs/904__s2_relative_volume__frac_0.01/segmentation_repaired.stl,3303584,12.55,0,True,True,0,,,10230130,381,0,5h 29m 54s,329.9,52.71,17673.57,P2_supports_brim
905,s2_relative_volume__frac_0.01,meshes/s2_relative_volume__frac_0.01/case_outputs/905__s2_relative_volume__frac_0.01/segmentation_repaired.stl,3117884,11.07,0,True,True,0,,,9661492,471,0,5h 24m 4s,324.06666666666666,52.6,17637.39,P2_supports_brim
906,s2_relative_volume__frac_0.01,meshes/s2_relative_volume__frac_0.01/case_outputs/906__s2_relative_volume__frac_0.01/segmentation_repaired.stl,2471784,8.56,0,True,True,0,,,7352938,478,0,3h 59m 21s,239.35,39.42,13217.26,P2_supports_brim
907,s2_relative_volume__frac_0.01,meshes/s2_relative_volume__frac_0.01/case_outputs/907__s2_relative_volume__frac_0.01/segmentation_repaired.stl,2649784,9.31,0,True,True,0,,,8561943,386,0,4h 45m 27s,285.45,46.5,15589.67,P2_supports_brim
908,s2_relative_volume__frac_0.01,meshes/s2_relative_volume__frac_0.01/case_outputs/908__s2_relative_volume__frac_0.01/segmentation_repaired.stl,3131084,10.96,0,True,True,0,,,9955530,494,0,5h 39m 2s,339.03333333333336,55.01,18444.04,P2_supports_brim
909,s2_relative_volume__frac_0.01,meshes/s2_relative_volume__frac_0.01/case_outputs/909__s2_relative_volume__frac_0.01/segmentation_repaired.stl,2503684,8.76,0,True,True,0,,,8453897,544,0,4h 56m 28s,296.46666666666664,52.61,17638.26,P2_supports_brim
910,s2_relative_volume__frac_0.01,meshes/s2_relative_volume__frac_0.01/case_outputs/910__s2_relative_volume__frac_0.01/segmentation_repaired.stl,3826784,12.91,0,True,True,0,,,12129883,458,0,6h 35m 40s,395.6666666666667,64.2,21525.92,P2_supports_brim
911,s2_relative_volume__frac_0.01,meshes/s2_relative_volume__frac_0.01/case_outputs/911__s2_relative_volume__frac_0.01/segmentation_repaired.stl,2788384,9.81,0,True,True,0,,,8423172,507,0,4h 38m 54s,278.9,46.71,15660.9,P2_supports_brim
912,s2_relative_volume__frac_0.01,meshes/s2_relative_volume__frac_0.01/case_outputs/912__s2_relative_volume__frac_0.01/segmentation_repaired.stl,3071284,10.26,0,True,True,0,,,9747874,569,0,5h 39m 4s,339.06666666666666,57.61,19317.17,P2_supports_brim
913,s2_relative_volume__frac_0.01,meshes/s2_relative_volume__frac_0.01/case_outputs/913__s2_relative_volume__frac_0.01/segmentation_repaired.stl,3470284,12.5,0,True,True,0,,,11223735,454,0,6h 18m 42s,378.7,61.87,20744.84,P2_supports_brim
914,s2_relative_volume__frac_0.01,meshes/s2_relative_volume__frac_0.01/case_outputs/914__s2_relative_volume__frac_0.01/segmentation_repaired.stl,2184084,8.28,0,True,True,0,,,6917495,549,0,3h 54m 21s,234.35,38.47,12899.63,P2_supports_brim
915,s2_relative_volume__frac_0.01,meshes/s2_relative_volume__frac_0.01/case_outputs/915__s2_relative_volume__frac_0.01/segmentation_repaired.stl,4029484,13.63,0,True,True,0,,,12383680,538,0,6h 46m 24s,406.4,68.13,22842.3,P2_supports_brim
916,s2_relative_volume__frac_0.01,meshes/s2_relative_volume__frac_0.01/case_outputs/916__s2_relative_volume__frac_0.01/segmentation_repaired.stl,3080184,10.54,0,True,True,0,,,9359573,572,0,5h 17m 39s,317.65,53.45,17921.54,P2_supports_brim
917,s2_relative_volume__frac_0.01,meshes/s2_relative_volume__frac_0.01/case_outputs/917__s2_relative_volume__frac_0.01/segmentation_repaired.stl,3716084,12.09,0,True,True,0,,,11591029,447,0,6h 40m 15s,400.25,67.26,22549.58,P2_supports_brim
918,s2_relative_volume__frac_0.01,meshes/s2_relative_volume__frac_0.01/case_outputs/918__s2_relative_volume__frac_0.01/segmentation_repaired.stl,2531484,9.6,0,True,True,0,,,7875808,471,0,4h 13m 6s,253.1,39.61,13281.77,P2_supports_brim
919,s2_relative_volume__frac_0.01,meshes/s2_relative_volume__frac_0.01/case_outputs/919__s2_relative_volume__frac_0.01/segmentation_repaired.stl,2920584,9.57,0,True,True,0,,,9311137,474,0,5h 29m 33s,329.55,57.34,19225.27,P2_supports_brim
920,s2_relative_volume__frac_0.01,meshes/s2_relative_volume__frac_0.01/case_outputs/920__s2_relative_volume__frac_0.01/segmentation_repaired.stl,3150084,11.56,0,True,True,0,,,10096850,506,0,5h 48m 53s,348.8833333333333,60.22,20190.55,P2_supports_brim
921,s2_relative_volume__frac_0.01,meshes/s2_relative_volume__frac_0.01/case_outputs/921__s2_relative_volume__frac_0.01/segmentation_repaired.stl,3160084,10.92,0,True,True,0,,,9700112,484,0,5h 36m 12s,336.2,56.15,18826.19,P2_supports_brim
922,s2_relative_volume__frac_0.01,meshes/s2_relative_volume__frac_0.01/case_outputs/922__s2_relative_volume__frac_0.01/segmentation_repaired.stl,1574684,5.86,0,True,True,0,,,4712857,316,0,2h 27m 33s,147.55,22.69,7608.45,P2_supports_brim
923,s2_relative_volume__frac_0.01,meshes/s2_relative_volume__frac_0.01/case_outputs/923__s2_relative_volume__frac_0.01/segmentation_repaired.stl,3540484,12.12,0,True,True,0,,,10915034,623,0,6h 22m 22s,382.3666666666667,67.31,22567.15,P2_supports_brim
924,s2_relative_volume__frac_0.01,meshes/s2_relative_volume__frac_0.01/case_outputs/924__s2_relative_volume__frac_0.01/segmentation_repaired.stl,3711484,12.35,0,True,True,0,,,10587460,760,0,5h 45m 22s,345.3666666666667,54.65,18322.36,P2_supports_brim
925,s2_relative_volume__frac_0.01,meshes/s2_relative_volume__frac_0.01/case_outputs/925__s2_relative_volume__frac_0.01/segmentation_repaired.stl,3165184,11.82,0,True,True,0,,,11794608,569,0,7h 5m 16s,425.26666666666665,80.59,27020.3,P2_supports_brim
926,s2_relative_volume__frac_0.01,meshes/s2_relative_volume__frac_0.01/case_outputs/926__s2_relative_volume__frac_0.01/segmentation_repaired.stl,2277084,8.63,0,True,True,0,,,7663723,634,0,4h 28m 48s,268.8,44.34,14867.79,P2_supports_brim
927,s2_relative_volume__frac_0.01,meshes/s2_relative_volume__frac_0.01/case_outputs/927__s2_relative_volume__frac_0.01/segmentation_repaired.stl,2972184,10.37,0,True,True,0,,,9763930,491,0,5h 32m 21s,332.35,53.66,17992.19,P2_supports_brim
928,s2_relative_volume__frac_0.01,meshes/s2_relative_volume__frac_0.01/case_outputs/928__s2_relative_volume__frac_0.01/segmentation_repaired.stl,2901884,9.91,0,True,True,0,,,8943257,533,0,5h 8m 2s,308.03333333333336,54.35,18222.77,P2_supports_brim
929,s2_relative_volume__frac_0.01,meshes/s2_relative_volume__frac_0.01/case_outputs/929__s2_relative_volume__frac_0.01/segmentation_repaired.stl,2620484,9.1,0,True,True,0,,,8262838,523,0,4h 25m 39s,265.65,44.58,14945.28,P2_supports_brim
930,s2_relative_volume__frac_0.01,meshes/s2_relative_volume__frac_0.01/case_outputs/930__s2_relative_volume__frac_0.01/segmentation_repaired.stl,3038084,10.54,0,True,True,0,,,9007486,422,0,4h 57m 6s,297.1,47.73,16003.83,P2_supports_brim
931,s2_relative_volume__frac_0.01,meshes/s2_relative_volume__frac_0.01/case_outputs/931__s2_relative_volume__frac_0.01/segmentation_repaired.stl,1828684,6.52,0,True,True,0,,,6139010,533,0,3h 40m 29s,220.48333333333332,37.53,12584.15,P2_supports_brim
932,s2_relative_volume__frac_0.01,meshes/s2_relative_volume__frac_0.01/case_outputs/932__s2_relative_volume__frac_0.01/segmentation_repaired.stl,2816684,10.07,0,True,True,0,,,8437496,480,0,4h 36m 39s,276.65,44.18,14813.5,P2_supports_brim
933,s2_relative_volume__frac_0.01,meshes/s2_relative_volume__frac_0.01/case_outputs/933__s2_relative_volume__frac_0.01/segmentation_repaired.stl,3148784,10.53,0,True,True,0,,,9937492,611,0,5h 27m 9s,327.15,54.05,18121.6,P2_supports_brim
934,s2_relative_volume__frac_0.01,meshes/s2_relative_volume__frac_0.01/case_outputs/934__s2_relative_volume__frac_0.01/segmentation_repaired.stl,3133384,10.27,0,True,True,0,,,9463587,601,0,5h 29m 40s,329.6666666666667,52.21,17506.07,P2_supports_brim
935,s2_relative_volume__frac_0.01,meshes/s2_relative_volume__frac_0.01/case_outputs/935__s2_relative_volume__frac_0.01/segmentation_repaired.stl,3169484,10.45,0,True,True,0,,,9222020,568,0,5h 18m 56s,318.93333333333334,55.63,18652.61,P2_supports_brim
936,s2_relative_volume__frac_0.01,meshes/s2_relative_volume__frac_0.01/case_outputs/936__s2_relative_volume__frac_0.01/segmentation_repaired.stl,2508184,8.4,0,True,True,0,,,7179784,446,0,3h 56m 57s,236.95,39.72,13316.48,P2_supports_brim
937,s2_relative_volume__frac_0.01,meshes/s2_relative_volume__frac_0.01/case_outputs/937__s2_relative_volume__frac_0.01/segmentation_repaired.stl,2717884,11.02,0,True,True,0,,,8405353,458,0,4h 35m 40s,275.6666666666667,43.97,14743.39,P2_supports_brim
938,s2_relative_volume__frac_0.01,meshes/s2_relative_volume__frac_0.01/case_outputs/938__s2_relative_volume__frac_0.01/segmentation_repaired.stl,3620284,12.11,0,True,True,0,,,10536269,533,0,5h 53m 8s,353.1333333333333,58.76,19701.7,P2_supports_brim
939,s2_relative_volume__frac_0.01,meshes/s2_relative_volume__frac_0.01/case_outputs/939__s2_relative_volume__frac_0.01/segmentation_repaired.stl,3268684,10.3,0,True,True,0,,,10020360,530,0,5h 29m 46s,329.76666666666665,54.66,18325.48,P2_supports_brim
940,s2_relative_volume__frac_0.01,meshes/s2_relative_volume__frac_0.01/case_outputs/940__s2_relative_volume__frac_0.01/segmentation_repaired.stl,2578684,9.28,0,True,True,0,,,7866709,495,0,4h 13m 44s,253.73333333333332,40.06,13430.92,P2_supports_brim
941,s2_relative_volume__frac_0.01,meshes/s2_relative_volume__frac_0.01/case_outputs/941__s2_relative_volume__frac_0.01/segmentation_repaired.stl,2212884,7.69,0,True,True,0,,,6936368,547,0,3h 47m 13s,227.21666666666667,36.1,12104.97,P2_supports_brim
942,s2_relative_volume__frac_0.01,meshes/s2_relative_volume__frac_0.01/case_outputs/942__s2_relative_volume__frac_0.01/segmentation_repaired.stl,2337284,8.87,0,True,True,0,,,7443891,454,0,4h 2m 36s,242.6,40.47,13567.31,P2_supports_brim
943,s2_relative_volume__frac_0.01,meshes/s2_relative_volume__frac_0.01/case_outputs/943__s2_relative_volume__frac_0.01/segmentation_repaired.stl,2690084,9.13,0,True,True,0,,,8797375,582,0,5h 0m 22s,300.3666666666667,47.67,15982.13,P2_supports_brim
944,s2_relative_volume__frac_0.01,meshes/s2_relative_volume__frac_0.01/case_outputs/944__s2_relative_volume__frac_0.01/segmentation_repaired.stl,3902784,13.53,0,True,True,0,,,12120122,485,0,6h 57m 2s,417.03333333333336,69.49,23298.51,P2_supports_brim
945,s2_relative_volume__frac_0.01,meshes/s2_relative_volume__frac_0.01/case_outputs/945__s2_relative_volume__frac_0.01/segmentation_repaired.stl,3227584,10.58,0,True,True,0,,,10295488,467,0,5h 41m 25s,341.4166666666667,57.08,19138.3,P2_supports_brim
946,s2_relative_volume__frac_0.01,meshes/s2_relative_volume__frac_0.01/case_outputs/946__s2_relative_volume__frac_0.01/segmentation_repaired.stl,2219484,8.29,0,True,True,0,,,6791814,584,0,3h 44m 53s,224.88333333333333,39.5,13243.0,P2_supports_brim
947,s2_relative_volume__frac_0.01,meshes/s2_relative_volume__frac_0.01/case_outputs/947__s2_relative_volume__frac_0.01/segmentation_repaired.stl,4026284,14.31,0,True,True,0,,,12466542,506,0,6h 57m 4s,417.06666666666666,67.3,22565.64,P2_supports_brim
948,s2_relative_volume__frac_0.01,meshes/s2_relative_volume__frac_0.01/case_outputs/948__s2_relative_volume__frac_0.01/segmentation_repaired.stl,4074684,12.76,0,True,True,0,,,12235797,464,0,6h 50m 46s,410.76666666666665,67.07,22487.11,P2_supports_brim
949,s2_relative_volume__frac_0.01,meshes/s2_relative_volume__frac_0.01/case_outputs/949__s2_relative_volume__frac_0.01/segmentation_repaired.stl,2626684,9.56,0,True,True,0,,,8052248,551,0,4h 39m 16s,279.26666666666665,47.95,16077.07,P2_supports_brim
950,s2_relative_volume__frac_0.01,meshes/s2_relative_volume__frac_0.01/case_outputs/950__s2_relative_volume__frac_0.01/segmentation_repaired.stl,2578584,8.42,0,True,True,0,,,8585039,483,0,4h 52m 42s,292.7,48.49,16257.65,P2_supports_brim
951,s2_relative_volume__frac_0.01,meshes/s2_relative_volume__frac_0.01/case_outputs/951__s2_relative_volume__frac_0.01/segmentation_repaired.stl,3822184,12.63,0,True,True,0,,,11250428,430,0,6h 12m 2s,372.03333333333336,62.44,20934.43,P2_supports_brim
952,s2_relative_volume__frac_0.01,meshes/s2_relative_volume__frac_0.01/case_outputs/952__s2_relative_volume__frac_0.01/segmentation_repaired.stl,2828384,9.32,0,True,True,0,,,8403975,532,0,4h 33m 8s,273.1333333333333,48.25,16176.86,P2_supports_brim
953,s2_relative_volume__frac_0.01,meshes/s2_relative_volume__frac_0.01/case_outputs/953__s2_relative_volume__frac_0.01/segmentation_repaired.stl,4526684,15.94,0,True,True,0,,,14212048,496,0,7h 42m 33s,462.55,72.95,24457.29,P2_supports_brim
954,s2_relative_volume__frac_0.01,meshes/s2_relative_volume__frac_0.01/case_outputs/954__s2_relative_volume__frac_0.01/segmentation_repaired.stl,2822884,9.86,0,True,True,0,,,8796563,542,0,4h 46m 58s,286.96666666666664,47.52,15933.18,P2_supports_brim
955,s2_relative_volume__frac_0.01,meshes/s2_relative_volume__frac_0.01/case_outputs/955__s2_relative_volume__frac_0.01/segmentation_repaired.stl,3069984,10.75,0,True,True,0,,,9360983,651,0,5h 4m 54s,304.9,48.4,16229.18,P2_supports_brim
956,s2_relative_volume__frac_0.01,meshes/s2_relative_volume__frac_0.01/case_outputs/956__s2_relative_volume__frac_0.01/segmentation_repaired.stl,2418684,7.73,0,True,True,0,,,7248898,485,0,4h 8m 38s,248.63333333333333,44.01,14756.12,P2_supports_brim
957,s2_relative_volume__frac_0.01,meshes/s2_relative_volume__frac_0.01/case_outputs/957__s2_relative_volume__frac_0.01/segmentation_repaired.stl,3809884,12.8,0,True,True,0,,,12620508,460,0,6h 58m 8s,418.1333333333333,66.95,22445.78,P2_supports_brim
958,s2_relative_volume__frac_0.01,meshes/s2_relative_volume__frac_0.01/case_outputs/958__s2_relative_volume__frac_0.01/segmentation_repaired.stl,3564484,12.23,0,True,True,0,,,11056215,492,0,5h 56m 52s,356.8666666666667,53.8,18039.75,P2_supports_brim
959,s2_relative_volume__frac_0.01,meshes/s2_relative_volume__frac_0.01/case_outputs/959__s2_relative_volume__frac_0.01/segmentation_repaired.stl,2837284,9.8,0,True,True,0,,,8985509,518,0,5h 14m 49s,314.81666666666666,55.5,18606.79,P2_supports_brim
960,s2_relative_volume__frac_0.01,meshes/s2_relative_volume__frac_0.01/case_outputs/960__s2_relative_volume__frac_0.01/segmentation_repaired.stl,3750684,11.54,0,True,True,0,,,11306728,506,0,6h 16m 46s,376.76666666666665,62.85,21071.26,P2_supports_brim
961,s2_relative_volume__frac_0.01,meshes/s2_relative_volume__frac_0.01/case_outputs/961__s2_relative_volume__frac_0.01/segmentation_repaired.stl,2746084,9.11,0,True,True,0,,,8522663,442,0,4h 45m 7s,285.1166666666667,46.03,15432.77,P2_supports_brim
962,s2_relative_volume__frac_0.01,meshes/s2_relative_volume__frac_0.01/case_outputs/962__s2_relative_volume__frac_0.01/segmentation_repaired.stl,3875584,14.34,0,True,True,0,,,12342768,432,0,7h 0m 44s,420.73333333333335,69.35,23253.3,P2_supports_brim
963,s2_relative_volume__frac_0.01,meshes/s2_relative_volume__frac_0.01/case_outputs/963__s2_relative_volume__frac_0.01/segmentation_repaired.stl,5025484,16.02,0,True,True,0,,,15369971,487,0,8h 30m 39s,510.65,83.72,28068.53,P2_supports_brim
964,s2_relative_volume__frac_0.01,meshes/s2_relative_volume__frac_0.01/case_outputs/964__s2_relative_volume__frac_0.01/segmentation_repaired.stl,3669684,12.6,0,True,True,0,,,11840474,563,0,6h 44m 27s,404.45,67.49,22629.93,P2_supports_brim
965,s2_relative_volume__frac_0.01,meshes/s2_relative_volume__frac_0.01/case_outputs/965__s2_relative_volume__frac_0.01/segmentation_repaired.stl,3425084,12.26,0,True,True,0,,,9981105,494,0,5h 10m 41s,310.68333333333334,51.49,17262.2,P2_supports_brim
966,s2_relative_volume__frac_0.01,meshes/s2_relative_volume__frac_0.01/case_outputs/966__s2_relative_volume__frac_0.01/segmentation_repaired.stl,4048684,14.29,0,True,True,0,,,12637321,452,0,6h 58m 1s,418.01666666666665,67.34,22577.57,P2_supports_brim
967,s2_relative_volume__frac_0.01,meshes/s2_relative_volume__frac_0.01/case_outputs/967__s2_relative_volume__frac_0.01/segmentation_repaired.stl,3445184,10.8,0,True,True,0,,,10836943,626,0,6h 3m 46s,363.76666666666665,64.04,21471.44,P2_supports_brim
968,s2_relative_volume__frac_0.01,meshes/s2_relative_volume__frac_0.01/case_outputs/968__s2_relative_volume__frac_0.01/segmentation_repaired.stl,2242484,7.12,0,True,True,0,,,6217371,470,0,3h 17m 4s,197.06666666666666,32.01,10733.39,P2_supports_brim
969,s2_relative_volume__frac_0.01,meshes/s2_relative_volume__frac_0.01/case_outputs/969__s2_relative_volume__frac_0.01/segmentation_repaired.stl,3557584,12.24,0,True,True,0,,,11386767,556,0,6h 20m 2s,380.03333333333336,59.41,19917.85,P2_supports_brim
970,s2_relative_volume__frac_0.01,meshes/s2_relative_volume__frac_0.01/case_outputs/970__s2_relative_volume__frac_0.01/segmentation_repaired.stl,2063884,7.47,0,True,True,0,,,6766097,510,0,3h 58m 25s,238.41666666666666,40.42,13552.87,P2_supports_brim
971,s2_relative_volume__frac_0.01,meshes/s2_relative_volume__frac_0.01/case_outputs/971__s2_relative_volume__frac_0.01/segmentation_repaired.stl,2667084,8.93,0,True,True,0,,,7908566,698,0,4h 32m 20s,272.3333333333333,44.79,15018.07,P2_supports_brim
972,s2_relative_volume__frac_0.01,meshes/s2_relative_volume__frac_0.01/case_outputs/972__s2_relative_volume__frac_0.01/segmentation_repaired.stl,2626084,9.14,0,True,True,0,,,7713103,397,0,4h 3m 40s,243.66666666666666,38.19,12805.92,P2_supports_brim
973,s2_relative_volume__frac_0.01,meshes/s2_relative_volume__frac_0.01/case_outputs/973__s2_relative_volume__frac_0.01/segmentation_repaired.stl,3448384,11.89,0,True,True,0,,,10807827,533,0,6h 5m 56s,365.93333333333334,63.98,21452.89,P2_supports_brim
974,s2_relative_volume__frac_0.01,meshes/s2_relative_volume__frac_0.01/case_outputs/974__s2_relative_volume__frac_0.01/segmentation_repaired.stl,4937784,17.31,0,True,True,0,,,14670266,470,0,7h 56m 20s,476.3333333333333,74.81,25083.63,P2_supports_brim
975,s2_relative_volume__frac_0.01,meshes/s2_relative_volume__frac_0.01/case_outputs/975__s2_relative_volume__frac_0.01/segmentation_repaired.stl,4132284,14.15,0,True,True,0,,,13116489,490,0,7h 27m 56s,447.93333333333334,74.76,25064.92,P2_supports_brim
976,s2_relative_volume__frac_0.01,meshes/s2_relative_volume__frac_0.01/case_outputs/976__s2_relative_volume__frac_0.01/segmentation_repaired.stl,2642384,9.05,0,True,True,0,,,7730798,565,0,4h 3m 40s,243.66666666666666,38.27,12830.33,P2_supports_brim
977,s2_relative_volume__frac_0.01,meshes/s2_relative_volume__frac_0.01/case_outputs/977__s2_relative_volume__frac_0.01/segmentation_repaired.stl,2827684,9.72,0,True,True,0,,,8809936,501,0,4h 58m 19s,298.31666666666666,49.44,16576.14,P2_supports_brim
978,s2_relative_volume__frac_0.01,meshes/s2_relative_volume__frac_0.01/case_outputs/978__s2_relative_volume__frac_0.01/segmentation_repaired.stl,3418884,11.69,0,True,True,0,,,10502345,399,0,5h 47m 11s,347.18333333333334,56.12,18815.61,P2_supports_brim
979,s2_relative_volume__frac_0.01,meshes/s2_relative_volume__frac_0.01/case_outputs/979__s2_relative_volume__frac_0.01/segmentation_repaired.stl,2940284,9.82,0,True,True,0,,,8748312,589,0,5h 6m 19s,306.31666666666666,53.61,17974.34,P2_supports_brim
980,s2_relative_volume__frac_0.01,meshes/s2_relative_volume__frac_0.01/case_outputs/980__s2_relative_volume__frac_0.01/segmentation_repaired.stl,2876384,9.54,0,True,True,0,,,7954870,552,0,4h 9m 37s,249.61666666666667,41.31,13850.86,P2_supports_brim
981,s2_relative_volume__frac_0.01,meshes/s2_relative_volume__frac_0.01/case_outputs/981__s2_relative_volume__frac_0.01/segmentation_repaired.stl,1829384,6.31,0,True,True,0,,,5554690,445,0,3h 17m 17s,197.28333333333333,37.39,12537.72,P2_supports_brim
982,s2_relative_volume__frac_0.01,meshes/s2_relative_volume__frac_0.01/case_outputs/982__s2_relative_volume__frac_0.01/segmentation_repaired.stl,2248684,7.35,0,True,True,0,,,6747616,454,0,3h 48m 34s,228.56666666666666,40.28,13506.26,P2_supports_brim
983,s2_relative_volume__frac_0.01,meshes/s2_relative_volume__frac_0.01/case_outputs/983__s2_relative_volume__frac_0.01/segmentation_repaired.stl,3829484,13.77,0,True,True,0,,,11800091,453,0,6h 12m 58s,372.96666666666664,57.53,19290.01,P2_supports_brim
984,s2_relative_volume__frac_0.01,meshes/s2_relative_volume__frac_0.01/case_outputs/984__s2_relative_volume__frac_0.01/segmentation_repaired.stl,3814884,12.53,0,True,True,0,,,12336236,518,0,7h 37m 47s,457.78333333333336,79.77,26745.96,P2_supports_brim
985,s2_relative_volume__frac_0.01,meshes/s2_relative_volume__frac_0.01/case_outputs/985__s2_relative_volume__frac_0.01/segmentation_repaired.stl,3155484,9.95,0,True,True,0,,,9416623,558,0,5h 29m 29s,329.48333333333335,56.46,18930.65,P2_supports_brim
986,s2_relative_volume__frac_0.01,meshes/s2_relative_volume__frac_0.01/case_outputs/986__s2_relative_volume__frac_0.01/segmentation_repaired.stl,3196384,11.29,0,True,True,0,,,9988765,586,0,5h 47m 57s,347.95,61.17,20509.89,P2_supports_brim
987,s2_relative_volume__frac_0.01,meshes/s2_relative_volume__frac_0.01/case_outputs/987__s2_relative_volume__frac_0.01/segmentation_repaired.stl,4191684,14.56,0,True,True,0,,,12707437,533,0,7h 10m 12s,430.2,68.23,22876.35,P2_supports_brim
988,s2_relative_volume__frac_0.01,meshes/s2_relative_volume__frac_0.01/case_outputs/988__s2_relative_volume__frac_0.01/segmentation_repaired.stl,2653284,8.85,0,True,True,0,,,7401724,470,0,4h 5m 30s,245.5,41.76,14003.11,P2_supports_brim
989,s2_relative_volume__frac_0.01,meshes/s2_relative_volume__frac_0.01/case_outputs/989__s2_relative_volume__frac_0.01/segmentation_repaired.stl,3423384,11.6,0,True,True,0,,,10658550,484,0,5h 54m 27s,354.45,56.69,19007.28,P2_supports_brim
990,s2_relative_volume__frac_0.01,meshes/s2_relative_volume__frac_0.01/case_outputs/990__s2_relative_volume__frac_0.01/segmentation_repaired.stl,3017684,10.47,0,True,True,0,,,9569887,509,0,5h 23m 1s,323.01666666666665,54.39,18237.07,P2_supports_brim
991,s2_relative_volume__frac_0.01,meshes/s2_relative_volume__frac_0.01/case_outputs/991__s2_relative_volume__frac_0.01/segmentation_repaired.stl,2980284,10.65,0,True,True,0,,,9862516,421,0,5h 47m 21s,347.35,56.82,19049.89,P2_supports_brim
992,s2_relative_volume__frac_0.01,meshes/s2_relative_volume__frac_0.01/case_outputs/992__s2_relative_volume__frac_0.01/segmentation_repaired.stl,2467484,8.69,0,True,True,0,,,8360638,469,0,4h 45m 48s,285.8,47.25,15842.79,P2_supports_brim
993,s2_relative_volume__frac_0.01,meshes/s2_relative_volume__frac_0.01/case_outputs/993__s2_relative_volume__frac_0.01/segmentation_repaired.stl,5159684,17.51,0,True,True,0,,,15718436,497,0,8h 37m 41s,517.6833333333333,85.85,28785.36,P2_supports_brim
994,s2_relative_volume__frac_0.01,meshes/s2_relative_volume__frac_0.01/case_outputs/994__s2_relative_volume__frac_0.01/segmentation_repaired.stl,3604784,13.58,0,True,True,0,,,11015626,428,0,6h 4m 45s,364.75,59.62,19991.12,P2_supports_brim
995,s2_relative_volume__frac_0.01,meshes/s2_relative_volume__frac_0.01/case_outputs/995__s2_relative_volume__frac_0.01/segmentation_repaired.stl,3031584,10.64,0,True,True,0,,,9837621,405,0,5h 42m 7s,342.1166666666667,55.29,18537.73,P2_supports_brim
996,s2_relative_volume__frac_0.01,meshes/s2_relative_volume__frac_0.01/case_outputs/996__s2_relative_volume__frac_0.01/segmentation_repaired.stl,2694084,9.37,0,True,True,0,,,8395216,446,0,4h 34m 17s,274.28333333333336,45.3,15187.33,P2_supports_brim
997,s2_relative_volume__frac_0.01,meshes/s2_relative_volume__frac_0.01/case_outputs/997__s2_relative_volume__frac_0.01/segmentation_repaired.stl,3894884,14.5,0,True,True,0,,,11923662,411,0,6h 24m 26s,384.43333333333334,62.06,20808.58,P2_supports_brim
998,s2_relative_volume__frac_0.01,meshes/s2_relative_volume__frac_0.01/case_outputs/998__s2_relative_volume__frac_0.01/segmentation_repaired.stl,3651684,12.2,0,True,True,0,,,10221731,430,0,5h 28m 12s,328.2,51.46,17252.62,P2_supports_brim
999,s2_relative_volume__frac_0.01,meshes/s2_relative_volume__frac_0.01/case_outputs/999__s2_relative_volume__frac_0.01/segmentation_repaired.stl,2119884,7.62,0,True,True,0,,,6430930,424,0,3h 40m 8s,220.13333333333333,37.14,12450.99,P2_supports_brim
1000,s3_gap_bridge__gap_1.2mm,meshes/s3_gap_bridge__gap_1.2mm/case_outputs/1000__s3_gap_bridge__gap_1.2mm/segmentation_repaired.stl,3166384,10.76,0,True,True,0,,,9981394,483,0,5h 30m 17s,330.28333333333336,56.13,18817.89,P2_supports_brim
751,s3_gap_bridge__gap_1.2mm,meshes/s3_gap_bridge__gap_1.2mm/case_outputs/751__s3_gap_bridge__gap_1.2mm/segmentation_repaired.stl,3391284,12.48,0,True,True,0,,,10938370,569,0,6h 32m 45s,392.75,67.34,22578.54,P2_supports_brim
752,s3_gap_bridge__gap_1.2mm,meshes/s3_gap_bridge__gap_1.2mm/case_outputs/752__s3_gap_bridge__gap_1.2mm/segmentation_repaired.stl,3933384,13.49,0,True,True,0,,,12035969,565,0,6h 31m 41s,391.68333333333334,59.17,19838.55,P2_supports_brim
753,s3_gap_bridge__gap_1.2mm,meshes/s3_gap_bridge__gap_1.2mm/case_outputs/753__s3_gap_bridge__gap_1.2mm/segmentation_repaired.stl,2073384,6.92,0,True,True,0,,,6391675,485,0,3h 39m 39s,219.65,38.5,12908.14,P2_supports_brim
754,s3_gap_bridge__gap_1.2mm,meshes/s3_gap_bridge__gap_1.2mm/case_outputs/754__s3_gap_bridge__gap_1.2mm/segmentation_repaired.stl,2759484,9.92,0,True,True,0,,,8510841,706,0,4h 43m 44s,283.73333333333335,44.11,14789.03,P2_supports_brim
755,s3_gap_bridge__gap_1.2mm,meshes/s3_gap_bridge__gap_1.2mm/case_outputs/755__s3_gap_bridge__gap_1.2mm/segmentation_repaired.stl,2891984,10.13,0,True,True,0,,,9035651,484,0,5h 0m 13s,300.21666666666664,49.23,16506.14,P2_supports_brim
756,s3_gap_bridge__gap_1.2mm,meshes/s3_gap_bridge__gap_1.2mm/case_outputs/756__s3_gap_bridge__gap_1.2mm/segmentation_repaired.stl,2146784,7.3,0,True,True,0,,,6895149,464,0,3h 54m 11s,234.18333333333334,39.03,13085.31,P2_supports_brim
757,s3_gap_bridge__gap_1.2mm,meshes/s3_gap_bridge__gap_1.2mm/case_outputs/757__s3_gap_bridge__gap_1.2mm/segmentation_repaired.stl,3318484,11.69,0,True,True,0,,,10818422,555,0,6h 15m 23s,375.3833333333333,61.39,20583.1,P2_supports_brim
758,s3_gap_bridge__gap_1.2mm,meshes/s3_gap_bridge__gap_1.2mm/case_outputs/758__s3_gap_bridge__gap_1.2mm/segmentation_repaired.stl,2635484,8.51,0,True,True,0,,,8677751,672,0,4h 59m 24s,299.4,46.86,15710.67,P2_supports_brim
759,s3_gap_bridge__gap_1.2mm,meshes/s3_gap_bridge__gap_1.2mm/case_outputs/759__s3_gap_bridge__gap_1.2mm/segmentation_repaired.stl,1908184,6.49,0,True,True,0,,,5731592,534,0,3h 7m 23s,187.38333333333333,32.55,10914.06,P2_supports_brim
760,s3_gap_bridge__gap_1.2mm,meshes/s3_gap_bridge__gap_1.2mm/case_outputs/760__s3_gap_bridge__gap_1.2mm/segmentation_repaired.stl,3480484,11.86,0,True,True,0,,,11038185,495,0,5h 58m 48s,358.8,55.37,18566.26,P2_supports_brim
761,s3_gap_bridge__gap_1.2mm,meshes/s3_gap_bridge__gap_1.2mm/case_outputs/761__s3_gap_bridge__gap_1.2mm/segmentation_repaired.stl,3742684,13.43,0,True,True,0,,,11520457,472,0,6h 15m 15s,375.25,61.84,20732.43,P2_supports_brim
762,s3_gap_bridge__gap_1.2mm,meshes/s3_gap_bridge__gap_1.2mm/case_outputs/762__s3_gap_bridge__gap_1.2mm/segmentation_repaired.stl,3836384,12.05,0,True,True,0,,,12223157,538,0,7h 1m 44s,421.73333333333335,67.54,22645.03,P2_supports_brim
763,s3_gap_bridge__gap_1.2mm,meshes/s3_gap_bridge__gap_1.2mm/case_outputs/763__s3_gap_bridge__gap_1.2mm/segmentation_repaired.stl,3856284,13.13,0,True,True,0,,,12280407,533,0,6h 50m 17s,410.28333333333336,66.73,22374.82,P2_supports_brim
764,s3_gap_bridge__gap_1.2mm,meshes/s3_gap_bridge__gap_1.2mm/case_outputs/764__s3_gap_bridge__gap_1.2mm/segmentation_repaired.stl,4799484,16.22,0,True,True,0,,,14320552,439,0,7h 49m 59s,469.98333333333335,75.53,25323.46,P2_supports_brim
765,s3_gap_bridge__gap_1.2mm,meshes/s3_gap_bridge__gap_1.2mm/case_outputs/765__s3_gap_bridge__gap_1.2mm/segmentation_repaired.stl,2903484,9.83,0,True,True,0,,,9288494,495,0,5h 25m 33s,325.55,54.45,18256.03,P2_supports_brim
766,s3_gap_bridge__gap_1.2mm,meshes/s3_gap_bridge__gap_1.2mm/case_outputs/766__s3_gap_bridge__gap_1.2mm/segmentation_repaired.stl,5366884,17.72,0,True,True,0,,,16350304,578,0,9h 24m 35s,564.5833333333334,95.06,31872.05,P2_supports_brim
767,s3_gap_bridge__gap_1.2mm,meshes/s3_gap_bridge__gap_1.2mm/case_outputs/767__s3_gap_bridge__gap_1.2mm/segmentation_repaired.stl,2405084,8.88,0,True,True,0,,,7719009,530,0,4h 24m 5s,264.0833333333333,46.33,15533.38,P2_supports_brim
768,s3_gap_bridge__gap_1.2mm,meshes/s3_gap_bridge__gap_1.2mm/case_outputs/768__s3_gap_bridge__gap_1.2mm/segmentation_repaired.stl,2838084,9.31,0,True,True,0,,,9554566,558,0,5h 44m 16s,344.26666666666665,63.25,21207.56,P2_supports_brim
769,s3_gap_bridge__gap_1.2mm,meshes/s3_gap_bridge__gap_1.2mm/case_outputs/769__s3_gap_bridge__gap_1.2mm/segmentation_repaired.stl,3679184,12.87,0,True,True,0,,,11379347,439,0,6h 11m 55s,371.9166666666667,58.32,19553.52,P2_supports_brim
770,s3_gap_bridge__gap_1.2mm,meshes/s3_gap_bridge__gap_1.2mm/case_outputs/770__s3_gap_bridge__gap_1.2mm/segmentation_repaired.stl,5030684,17.55,0,True,True,0,,,15495346,471,0,8h 24m 18s,504.3,80.73,27066.5,P2_supports_brim
771,s3_gap_bridge__gap_1.2mm,meshes/s3_gap_bridge__gap_1.2mm/case_outputs/771__s3_gap_bridge__gap_1.2mm/segmentation_repaired.stl,2995284,10.87,0,True,True,0,,,9729441,489,0,5h 44m 9s,344.15,60.88,20413.63,P2_supports_brim
772,s3_gap_bridge__gap_1.2mm,meshes/s3_gap_bridge__gap_1.2mm/case_outputs/772__s3_gap_bridge__gap_1.2mm/segmentation_repaired.stl,3243784,10.97,0,True,True,0,,,10298060,481,0,5h 42m 29s,342.48333333333335,57.47,19269.01,P2_supports_brim
773,s3_gap_bridge__gap_1.2mm,meshes/s3_gap_bridge__gap_1.2mm/case_outputs/773__s3_gap_bridge__gap_1.2mm/segmentation_repaired.stl,2774484,9.56,0,True,True,0,,,8397154,681,0,4h 52m 18s,292.3,48.12,16133.45,P2_supports_brim
774,s3_gap_bridge__gap_1.2mm,meshes/s3_gap_bridge__gap_1.2mm/case_outputs/774__s3_gap_bridge__gap_1.2mm/segmentation_repaired.stl,2797084,9.55,0,True,True,0,,,8733703,595,0,5h 0m 50s,300.8333333333333,49.96,16751.54,P2_supports_brim
775,s3_gap_bridge__gap_1.2mm,meshes/s3_gap_bridge__gap_1.2mm/case_outputs/775__s3_gap_bridge__gap_1.2mm/segmentation_repaired.stl,2423284,7.9,0,True,True,0,,,7514348,542,0,4h 16m 11s,256.18333333333334,46.84,15705.81,P2_supports_brim
776,s3_gap_bridge__gap_1.2mm,meshes/s3_gap_bridge__gap_1.2mm/case_outputs/776__s3_gap_bridge__gap_1.2mm/segmentation_repaired.stl,3435084,12.01,0,True,True,0,,,11774757,457,0,6h 42m 48s,402.8,64.71,21695.8,P2_supports_brim
777,s3_gap_bridge__gap_1.2mm,meshes/s3_gap_bridge__gap_1.2mm/case_outputs/777__s3_gap_bridge__gap_1.2mm/segmentation_repaired.stl,2811384,9.96,0,True,True,0,,,8851348,520,0,5h 1m 33s,301.55,49.36,16550.37,P2_supports_brim
778,s3_gap_bridge__gap_1.2mm,meshes/s3_gap_bridge__gap_1.2mm/case_outputs/778__s3_gap_bridge__gap_1.2mm/segmentation_repaired.stl,2813484,9.6,0,True,True,0,,,8586611,513,0,4h 33m 33s,273.55,41.86,14035.47,P2_supports_brim
779,s3_gap_bridge__gap_1.2mm,meshes/s3_gap_bridge__gap_1.2mm/case_outputs/779__s3_gap_bridge__gap_1.2mm/segmentation_repaired.stl,3549684,12.05,0,True,True,0,,,11710438,569,0,6h 38m 27s,398.45,65.27,21882.68,P2_supports_brim
780,s3_gap_bridge__gap_1.2mm,meshes/s3_gap_bridge__gap_1.2mm/case_outputs/780__s3_gap_bridge__gap_1.2mm/segmentation_repaired.stl,3986184,13.64,0,True,True,0,,,12609688,446,0,7h 7m 52s,427.8666666666667,69.44,23282.27,P2_supports_brim
781,s3_gap_bridge__gap_1.2mm,meshes/s3_gap_bridge__gap_1.2mm/case_outputs/781__s3_gap_bridge__gap_1.2mm/segmentation_repaired.stl,2714084,8.39,0,True,True,0,,,7551433,468,0,4h 9m 40s,249.66666666666666,42.78,14343.89,P2_supports_brim
782,s3_gap_bridge__gap_1.2mm,meshes/s3_gap_bridge__gap_1.2mm/case_outputs/782__s3_gap_bridge__gap_1.2mm/segmentation_repaired.stl,3871484,13.47,0,True,True,0,,,12293518,491,0,6h 54m 12s,414.2,65.93,22106.51,P2_supports_brim
783,s3_gap_bridge__gap_1.2mm,meshes/s3_gap_bridge__gap_1.2mm/case_outputs/783__s3_gap_bridge__gap_1.2mm/segmentation_repaired.stl,2587584,9.26,0,True,True,0,,,8146917,455,0,4h 26m 52s,266.8666666666667,45.6,15287.95,P2_supports_brim
784,s3_gap_bridge__gap_1.2mm,meshes/s3_gap_bridge__gap_1.2mm/case_outputs/784__s3_gap_bridge__gap_1.2mm/segmentation_repaired.stl,2637484,9.99,0,True,True,0,,,8903692,460,0,4h 58m 22s,298.3666666666667,46.96,15746.21,P2_supports_brim
785,s3_gap_bridge__gap_1.2mm,meshes/s3_gap_bridge__gap_1.2mm/case_outputs/785__s3_gap_bridge__gap_1.2mm/segmentation_repaired.stl,1904884,6.51,0,True,True,0,,,5426610,437,0,2h 59m 38s,179.63333333333333,31.67,10617.36,P2_supports_brim
786,s3_gap_bridge__gap_1.2mm,meshes/s3_gap_bridge__gap_1.2mm/case_outputs/786__s3_gap_bridge__gap_1.2mm/segmentation_repaired.stl,2806884,10.16,0,True,True,0,,,8154196,449,0,4h 23m 9s,263.15,43.59,14614.58,P2_supports_brim
787,s3_gap_bridge__gap_1.2mm,meshes/s3_gap_bridge__gap_1.2mm/case_outputs/787__s3_gap_bridge__gap_1.2mm/segmentation_repaired.stl,2584284,8.09,0,True,True,0,,,6847480,462,0,3h 57m 26s,237.43333333333334,39.57,13268.65,P2_supports_brim
788,s3_gap_bridge__gap_1.2mm,meshes/s3_gap_bridge__gap_1.2mm/case_outputs/788__s3_gap_bridge__gap_1.2mm/segmentation_repaired.stl,3885884,15.0,0,True,True,0,,,12227078,655,0,6h 48m 1s,408.01666666666665,63.78,21384.75,P2_supports_brim
789,s3_gap_bridge__gap_1.2mm,meshes/s3_gap_bridge__gap_1.2mm/case_outputs/789__s3_gap_bridge__gap_1.2mm/segmentation_repaired.stl,3206084,11.21,0,True,True,0,,,10346883,587,0,6h 11m 19s,371.31666666666666,65.03,21803.71,P2_supports_brim
790,s3_gap_bridge__gap_1.2mm,meshes/s3_gap_bridge__gap_1.2mm/case_outputs/790__s3_gap_bridge__gap_1.2mm/segmentation_repaired.stl,3118684,11.33,0,True,True,0,,,9491698,712,0,5h 8m 12s,308.2,48.18,16153.58,P2_supports_brim
791,s3_gap_bridge__gap_1.2mm,meshes/s3_gap_bridge__gap_1.2mm/case_outputs/791__s3_gap_bridge__gap_1.2mm/segmentation_repaired.stl,4213684,14.46,0,True,True,0,,,13522611,457,0,7h 16m 5s,436.0833333333333,70.35,23586.26,P2_supports_brim
792,s3_gap_bridge__gap_1.2mm,meshes/s3_gap_bridge__gap_1.2mm/case_outputs/792__s3_gap_bridge__gap_1.2mm/segmentation_repaired.stl,2444384,8.98,0,True,True,0,,,8216654,470,0,4h 51m 11s,291.18333333333334,49.36,16548.27,P2_supports_brim
793,s3_gap_bridge__gap_1.2mm,meshes/s3_gap_bridge__gap_1.2mm/case_outputs/793__s3_gap_bridge__gap_1.2mm/segmentation_repaired.stl,2126484,7.75,0,True,True,0,,,6753546,517,0,3h 54m 22s,234.36666666666667,42.55,14267.15,P2_supports_brim
794,s3_gap_bridge__gap_1.2mm,meshes/s3_gap_bridge__gap_1.2mm/case_outputs/794__s3_gap_bridge__gap_1.2mm/segmentation_repaired.stl,4390684,14.48,0,True,True,0,,,13530973,544,0,7h 32m 31s,452.51666666666665,76.21,25550.9,P2_supports_brim
795,s3_gap_bridge__gap_1.2mm,meshes/s3_gap_bridge__gap_1.2mm/case_outputs/795__s3_gap_bridge__gap_1.2mm/segmentation_repaired.stl,2565384,8.78,0,True,True,0,,,8166005,568,0,4h 47m 14s,287.23333333333335,53.53,17946.86,P2_supports_brim
796,s3_gap_bridge__gap_1.2mm,meshes/s3_gap_bridge__gap_1.2mm/case_outputs/796__s3_gap_bridge__gap_1.2mm/segmentation_repaired.stl,3018284,11.25,0,True,True,0,,,10263402,517,0,6h 5m 41s,365.68333333333334,59.06,19802.67,P2_supports_brim
797,s3_gap_bridge__gap_1.2mm,meshes/s3_gap_bridge__gap_1.2mm/case_outputs/797__s3_gap_bridge__gap_1.2mm/segmentation_repaired.stl,3141084,11.63,0,True,True,0,,,9957697,456,0,5h 32m 3s,332.05,51.97,17423.49,P2_supports_brim
798,s3_gap_bridge__gap_1.2mm,meshes/s3_gap_bridge__gap_1.2mm/case_outputs/798__s3_gap_bridge__gap_1.2mm/segmentation_repaired.stl,4234784,15.21,0,True,True,0,,,13849135,604,0,8h 18m 25s,498.4166666666667,78.43,26297.19,P2_supports_brim
799,s3_gap_bridge__gap_1.2mm,meshes/s3_gap_bridge__gap_1.2mm/case_outputs/799__s3_gap_bridge__gap_1.2mm/segmentation_repaired.stl,3660984,12.52,0,True,True,0,,,11449022,513,0,6h 22m 40s,382.6666666666667,60.21,20185.88,P2_supports_brim
800,s3_gap_bridge__gap_1.2mm,meshes/s3_gap_bridge__gap_1.2mm/case_outputs/800__s3_gap_bridge__gap_1.2mm/segmentation_repaired.stl,4122084,13.85,0,True,True,0,,,13518542,526,0,7h 44m 36s,464.6,74.32,24918.6,P2_supports_brim
801,s3_gap_bridge__gap_1.2mm,meshes/s3_gap_bridge__gap_1.2mm/case_outputs/801__s3_gap_bridge__gap_1.2mm/segmentation_repaired.stl,3946284,13.49,0,True,True,0,,,12765182,401,0,6h 45m 43s,405.71666666666664,64.72,21699.88,P2_supports_brim
802,s3_gap_bridge__gap_1.2mm,meshes/s3_gap_bridge__gap_1.2mm/case_outputs/802__s3_gap_bridge__gap_1.2mm/segmentation_repaired.stl,2660684,8.89,0,True,True,0,,,8818591,516,0,4h 57m 50s,297.8333333333333,51.14,17147.68,P2_supports_brim
803,s3_gap_bridge__gap_1.2mm,meshes/s3_gap_bridge__gap_1.2mm/case_outputs/803__s3_gap_bridge__gap_1.2mm/segmentation_repaired.stl,3361784,12.56,0,True,True,0,,,11467296,572,0,6h 45m 7s,405.1166666666667,59.79,20048.15,P2_supports_brim
804,s3_gap_bridge__gap_1.2mm,meshes/s3_gap_bridge__gap_1.2mm/case_outputs/804__s3_gap_bridge__gap_1.2mm/segmentation_repaired.stl,2520184,8.23,0,True,True,0,,,7424305,507,0,4h 12m 14s,252.23333333333332,41.58,13941.13,P2_supports_brim
805,s3_gap_bridge__gap_1.2mm,meshes/s3_gap_bridge__gap_1.2mm/case_outputs/805__s3_gap_bridge__gap_1.2mm/segmentation_repaired.stl,3502684,12.7,0,True,True,0,,,11290898,478,0,6h 14m 44s,374.73333333333335,60.15,20168.73,P2_supports_brim
806,s3_gap_bridge__gap_1.2mm,meshes/s3_gap_bridge__gap_1.2mm/case_outputs/806__s3_gap_bridge__gap_1.2mm/segmentation_repaired.stl,3326284,11.11,0,True,True,0,,,10739395,483,0,6h 2m 1s,362.01666666666665,57.69,19343.42,P2_supports_brim
807,s3_gap_bridge__gap_1.2mm,meshes/s3_gap_bridge__gap_1.2mm/case_outputs/807__s3_gap_bridge__gap_1.2mm/segmentation_repaired.stl,3504184,11.69,0,True,True,0,,,11191689,532,0,6h 19m 57s,379.95,62.34,20902.83,P2_supports_brim
808,s3_gap_bridge__gap_1.2mm,meshes/s3_gap_bridge__gap_1.2mm/case_outputs/808__s3_gap_bridge__gap_1.2mm/segmentation_repaired.stl,3245784,11.61,0,True,True,0,,,9972915,443,0,5h 52m 38s,352.6333333333333,56.23,18853.56,P2_supports_brim
809,s3_gap_bridge__gap_1.2mm,meshes/s3_gap_bridge__gap_1.2mm/case_outputs/809__s3_gap_bridge__gap_1.2mm/segmentation_repaired.stl,834084,2.59,0,True,True,0,,,2314023,369,0,1h 20m 31s,80.51666666666667,15.0,5030.28,P2_supports_brim
810,s3_gap_bridge__gap_1.2mm,meshes/s3_gap_bridge__gap_1.2mm/case_outputs/810__s3_gap_bridge__gap_1.2mm/segmentation_repaired.stl,3094484,11.16,0,True,True,0,,,11221703,600,0,6h 57m 22s,417.3666666666667,75.13,25191.32,P2_supports_brim
811,s3_gap_bridge__gap_1.2mm,meshes/s3_gap_bridge__gap_1.2mm/case_outputs/811__s3_gap_bridge__gap_1.2mm/segmentation_repaired.stl,2810684,9.55,0,True,True,0,,,7943757,430,0,4h 20m 36s,260.6,40.81,13682.12,P2_supports_brim
812,s3_gap_bridge__gap_1.2mm,meshes/s3_gap_bridge__gap_1.2mm/case_outputs/812__s3_gap_bridge__gap_1.2mm/segmentation_repaired.stl,4049484,13.8,0,True,True,0,,,11711816,431,0,6h 50m 18s,410.3,65.14,21841.46,P2_supports_brim
813,s3_gap_bridge__gap_1.2mm,meshes/s3_gap_bridge__gap_1.2mm/case_outputs/813__s3_gap_bridge__gap_1.2mm/segmentation_repaired.stl,2368084,8.09,0,True,True,0,,,7145357,498,0,4h 1m 43s,241.71666666666667,39.85,13360.9,P2_supports_brim
814,s3_gap_bridge__gap_1.2mm,meshes/s3_gap_bridge__gap_1.2mm/case_outputs/814__s3_gap_bridge__gap_1.2mm/segmentation_repaired.stl,3909184,12.97,0,True,True,0,,,12569672,494,0,7h 9m 26s,429.43333333333334,72.71,24378.32,P2_supports_brim
815,s3_gap_bridge__gap_1.2mm,meshes/s3_gap_bridge__gap_1.2mm/case_outputs/815__s3_gap_bridge__gap_1.2mm/segmentation_repaired.stl,4008184,13.76,0,True,True,0,,,12277269,558,0,6h 52m 25s,412.4166666666667,64.89,21754.95,P2_supports_brim
816,s3_gap_bridge__gap_1.2mm,meshes/s3_gap_bridge__gap_1.2mm/case_outputs/816__s3_gap_bridge__gap_1.2mm/segmentation_repaired.stl,2276784,7.75,0,True,True,0,,,6667977,624,0,3h 50m 9s,230.15,39.77,13333.04,P2_supports_brim
817,s3_gap_bridge__gap_1.2mm,meshes/s3_gap_bridge__gap_1.2mm/case_outputs/817__s3_gap_bridge__gap_1.2mm/segmentation_repaired.stl,3304484,11.32,0,True,True,0,,,9097291,451,0,4h 59m 22s,299.3666666666667,45.22,15161.02,P2_supports_brim
818,s3_gap_bridge__gap_1.2mm,meshes/s3_gap_bridge__gap_1.2mm/case_outputs/818__s3_gap_bridge__gap_1.2mm/segmentation_repaired.stl,2804684,9.63,0,True,True,0,,,9009073,528,0,5h 5m 37s,305.6166666666667,49.81,16700.82,P2_supports_brim
819,s3_gap_bridge__gap_1.2mm,meshes/s3_gap_bridge__gap_1.2mm/case_outputs/819__s3_gap_bridge__gap_1.2mm/segmentation_repaired.stl,3622284,11.83,0,True,True,0,,,10436741,513,0,5h 39m 57s,339.95,57.98,19440.98,P2_supports_brim
820,s3_gap_bridge__gap_1.2mm,meshes/s3_gap_bridge__gap_1.2mm/case_outputs/820__s3_gap_bridge__gap_1.2mm/segmentation_repaired.stl,2896084,10.24,0,True,True,0,,,8990590,519,0,5h 2m 57s,302.95,53.88,18064.59,P2_supports_brim
821,s3_gap_bridge__gap_1.2mm,meshes/s3_gap_bridge__gap_1.2mm/case_outputs/821__s3_gap_bridge__gap_1.2mm/segmentation_repaired.stl,2294684,7.91,0,True,True,0,,,7236808,753,0,4h 16m 47s,256.78333333333336,44.83,15030.14,P2_supports_brim
822,s3_gap_bridge__gap_1.2mm,meshes/s3_gap_bridge__gap_1.2mm/case_outputs/822__s3_gap_bridge__gap_1.2mm/segmentation_repaired.stl,4062284,14.2,0,True,True,0,,,13015976,484,0,7h 26m 5s,446.0833333333333,68.7,23033.76,P2_supports_brim
823,s3_gap_bridge__gap_1.2mm,meshes/s3_gap_bridge__gap_1.2mm/case_outputs/823__s3_gap_bridge__gap_1.2mm/segmentation_repaired.stl,2980084,9.96,0,True,True,0,,,9071110,442,0,5h 10m 15s,310.25,51.27,17189.0,P2_supports_brim
824,s3_gap_bridge__gap_1.2mm,meshes/s3_gap_bridge__gap_1.2mm/case_outputs/824__s3_gap_bridge__gap_1.2mm/segmentation_repaired.stl,2446484,8.01,0,True,True,0,,,7496180,596,0,4h 17m 33s,257.55,44.82,15028.97,P2_supports_brim
825,s3_gap_bridge__gap_1.2mm,meshes/s3_gap_bridge__gap_1.2mm/case_outputs/825__s3_gap_bridge__gap_1.2mm/segmentation_repaired.stl,2709584,9.44,0,True,True,0,,,8226566,434,0,4h 32m 58s,272.96666666666664,42.77,14340.11,P2_supports_brim
826,s3_gap_bridge__gap_1.2mm,meshes/s3_gap_bridge__gap_1.2mm/case_outputs/826__s3_gap_bridge__gap_1.2mm/segmentation_repaired.stl,4683284,16.05,0,True,True,0,,,14845515,422,0,7h 57m 52s,477.8666666666667,74.53,24988.95,P2_supports_brim
827,s3_gap_bridge__gap_1.2mm,meshes/s3_gap_bridge__gap_1.2mm/case_outputs/827__s3_gap_bridge__gap_1.2mm/segmentation_repaired.stl,3453284,12.43,0,True,True,0,,,11941807,574,0,7h 15m 3s,435.05,74.17,24867.79,P2_supports_brim
828,s3_gap_bridge__gap_1.2mm,meshes/s3_gap_bridge__gap_1.2mm/case_outputs/828__s3_gap_bridge__gap_1.2mm/segmentation_repaired.stl,4063684,14.43,0,True,True,0,,,12019842,475,0,6h 35m 49s,395.81666666666666,64.39,21588.2,P2_supports_brim
829,s3_gap_bridge__gap_1.2mm,meshes/s3_gap_bridge__gap_1.2mm/case_outputs/829__s3_gap_bridge__gap_1.2mm/segmentation_repaired.stl,3944984,13.44,0,True,True,0,,,12051032,463,0,7h 0m 2s,420.03333333333336,69.35,23252.91,P2_supports_brim
830,s3_gap_bridge__gap_1.2mm,meshes/s3_gap_bridge__gap_1.2mm/case_outputs/830__s3_gap_bridge__gap_1.2mm/segmentation_repaired.stl,2834584,10.11,0,True,True,0,,,9086326,470,0,5h 12m 9s,312.15,52.53,17611.09,P2_supports_brim
831,s3_gap_bridge__gap_1.2mm,meshes/s3_gap_bridge__gap_1.2mm/case_outputs/831__s3_gap_bridge__gap_1.2mm/segmentation_repaired.stl,3643384,11.64,0,True,True,0,,,10854784,619,0,6h 28m 46s,388.76666666666665,68.99,23131.82,P2_supports_brim
832,s3_gap_bridge__gap_1.2mm,meshes/s3_gap_bridge__gap_1.2mm/case_outputs/832__s3_gap_bridge__gap_1.2mm/segmentation_repaired.stl,3802084,12.83,0,True,True,0,,,11411584,476,0,6h 14m 43s,374.71666666666664,61.86,20739.93,P2_supports_brim
833,s3_gap_bridge__gap_1.2mm,meshes/s3_gap_bridge__gap_1.2mm/case_outputs/833__s3_gap_bridge__gap_1.2mm/segmentation_repaired.stl,3094284,10.45,0,True,True,0,,,9033375,454,0,4h 58m 19s,298.31666666666666,48.56,16282.88,P2_supports_brim
834,s3_gap_bridge__gap_1.2mm,meshes/s3_gap_bridge__gap_1.2mm/case_outputs/834__s3_gap_bridge__gap_1.2mm/segmentation_repaired.stl,3744984,12.3,0,True,True,0,,,11962033,510,0,6h 40m 1s,400.01666666666665,64.9,21759.94,P2_supports_brim
835,s3_gap_bridge__gap_1.2mm,meshes/s3_gap_bridge__gap_1.2mm/case_outputs/835__s3_gap_bridge__gap_1.2mm/segmentation_repaired.stl,2642184,9.21,0,True,True,0,,,8115080,494,0,4h 31m 8s,271.1333333333333,44.67,14976.99,P2_supports_brim
836,s3_gap_bridge__gap_1.2mm,meshes/s3_gap_bridge__gap_1.2mm/case_outputs/836__s3_gap_bridge__gap_1.2mm/segmentation_repaired.stl,2428084,9.32,0,True,True,0,,,8037823,512,0,4h 37m 43s,277.71666666666664,46.82,15696.92,P2_supports_brim
837,s3_gap_bridge__gap_1.2mm,meshes/s3_gap_bridge__gap_1.2mm/case_outputs/837__s3_gap_bridge__gap_1.2mm/segmentation_repaired.stl,3522484,11.49,0,True,True,0,,,11129749,467,0,5h 58m 19s,358.31666666666666,57.53,19287.57,P2_supports_brim
838,s3_gap_bridge__gap_1.2mm,meshes/s3_gap_bridge__gap_1.2mm/case_outputs/838__s3_gap_bridge__gap_1.2mm/segmentation_repaired.stl,3063384,10.41,0,True,True,0,,,9637061,534,0,5h 11m 41s,311.68333333333334,48.78,16356.68,P2_supports_brim
839,s3_gap_bridge__gap_1.2mm,meshes/s3_gap_bridge__gap_1.2mm/case_outputs/839__s3_gap_bridge__gap_1.2mm/segmentation_repaired.stl,2850284,9.87,0,True,True,0,,,8963497,583,0,5h 20m 49s,320.81666666666666,55.42,18580.43,P2_supports_brim
840,s3_gap_bridge__gap_1.2mm,meshes/s3_gap_bridge__gap_1.2mm/case_outputs/840__s3_gap_bridge__gap_1.2mm/segmentation_repaired.stl,3284484,10.94,0,True,True,0,,,10173632,478,0,5h 42m 49s,342.81666666666666,55.5,18609.91,P2_supports_brim
841,s3_gap_bridge__gap_1.2mm,meshes/s3_gap_bridge__gap_1.2mm/case_outputs/841__s3_gap_bridge__gap_1.2mm/segmentation_repaired.stl,2348284,7.96,0,True,True,0,,,6793195,507,0,3h 43m 55s,223.91666666666666,36.82,12345.56,P2_supports_brim
842,s3_gap_bridge__gap_1.2mm,meshes/s3_gap_bridge__gap_1.2mm/case_outputs/842__s3_gap_bridge__gap_1.2mm/segmentation_repaired.stl,3233684,10.94,0,True,True,0,,,10222862,541,0,5h 41m 20s,341.3333333333333,55.02,18447.78,P2_supports_brim
843,s3_gap_bridge__gap_1.2mm,meshes/s3_gap_bridge__gap_1.2mm/case_outputs/843__s3_gap_bridge__gap_1.2mm/segmentation_repaired.stl,2533484,8.87,0,True,True,0,,,7829275,429,0,4h 14m 45s,254.75,41.23,13822.71,P2_supports_brim
844,s3_gap_bridge__gap_1.2mm,meshes/s3_gap_bridge__gap_1.2mm/case_outputs/844__s3_gap_bridge__gap_1.2mm/segmentation_repaired.stl,2964084,9.56,0,True,True,0,,,9416441,470,0,5h 43m 17s,343.28333333333336,57.02,19119.08,P2_supports_brim
845,s3_gap_bridge__gap_1.2mm,meshes/s3_gap_bridge__gap_1.2mm/case_outputs/845__s3_gap_bridge__gap_1.2mm/segmentation_repaired.stl,3492084,12.78,0,True,True,0,,,11352201,748,0,6h 43m 10s,403.1666666666667,63.72,21363.24,P2_supports_brim
846,s3_gap_bridge__gap_1.2mm,meshes/s3_gap_bridge__gap_1.2mm/case_outputs/846__s3_gap_bridge__gap_1.2mm/segmentation_repaired.stl,2885384,9.76,0,True,True,0,,,8434822,547,0,4h 49m 8s,289.1333333333333,47.26,15846.41,P2_supports_brim
847,s3_gap_bridge__gap_1.2mm,meshes/s3_gap_bridge__gap_1.2mm/case_outputs/847__s3_gap_bridge__gap_1.2mm/segmentation_repaired.stl,2849884,9.98,0,True,True,0,,,9278720,606,0,5h 28m 54s,328.9,55.58,18633.66,P2_supports_brim
848,s3_gap_bridge__gap_1.2mm,meshes/s3_gap_bridge__gap_1.2mm/case_outputs/848__s3_gap_bridge__gap_1.2mm/segmentation_repaired.stl,1791884,6.14,0,True,True,0,,,5490504,438,0,2h 59m 24s,179.4,29.3,9823.68,P2_supports_brim
849,s3_gap_bridge__gap_1.2mm,meshes/s3_gap_bridge__gap_1.2mm/case_outputs/849__s3_gap_bridge__gap_1.2mm/segmentation_repaired.stl,4117484,13.47,0,True,True,0,,,12931128,477,0,7h 9m 34s,429.56666666666666,66.8,22395.7,P2_supports_brim
850,s3_gap_bridge__gap_1.2mm,meshes/s3_gap_bridge__gap_1.2mm/case_outputs/850__s3_gap_bridge__gap_1.2mm/segmentation_repaired.stl,2204484,8.89,0,True,True,0,,,7195986,502,0,4h 17m 19s,257.31666666666666,40.59,13609.3,P2_supports_brim
851,s3_gap_bridge__gap_1.2mm,meshes/s3_gap_bridge__gap_1.2mm/case_outputs/851__s3_gap_bridge__gap_1.2mm/segmentation_repaired.stl,2938984,9.88,0,True,True,0,,,8628816,453,0,4h 39m 50s,279.8333333333333,44.41,14889.9,P2_supports_brim
852,s3_gap_bridge__gap_1.2mm,meshes/s3_gap_bridge__gap_1.2mm/case_outputs/852__s3_gap_bridge__gap_1.2mm/segmentation_repaired.stl,4002684,12.93,0,True,True,0,,,11825759,420,0,6h 51m 42s,411.7,69.07,23158.8,P2_supports_brim
853,s3_gap_bridge__gap_1.2mm,meshes/s3_gap_bridge__gap_1.2mm/case_outputs/853__s3_gap_bridge__gap_1.2mm/segmentation_repaired.stl,2411984,8.05,0,True,True,0,,,7422592,496,0,4h 4m 34s,244.56666666666666,39.22,13151.0,P2_supports_brim
854,s3_gap_bridge__gap_1.2mm,meshes/s3_gap_bridge__gap_1.2mm/case_outputs/854__s3_gap_bridge__gap_1.2mm/segmentation_repaired.stl,2728884,9.81,0,True,True,0,,,8722259,497,0,4h 53m 24s,293.4,49.53,16607.66,P2_supports_brim
855,s3_gap_bridge__gap_1.2mm,meshes/s3_gap_bridge__gap_1.2mm/case_outputs/855__s3_gap_bridge__gap_1.2mm/segmentation_repaired.stl,3986984,15.37,0,True,True,0,,,15674213,741,0,9h 50m 48s,590.8,101.87,34156.54,P2_supports_brim
856,s3_gap_bridge__gap_1.2mm,meshes/s3_gap_bridge__gap_1.2mm/case_outputs/856__s3_gap_bridge__gap_1.2mm/segmentation_repaired.stl,3454584,12.35,0,True,True,0,,,10989725,491,0,6h 20m 15s,380.25,61.49,20615.46,P2_supports_brim
857,s3_gap_bridge__gap_1.2mm,meshes/s3_gap_bridge__gap_1.2mm/case_outputs/857__s3_gap_bridge__gap_1.2mm/segmentation_repaired.stl,4935584,17.74,0,True,True,0,,,16420026,461,0,9h 19m 13s,559.2166666666667,90.86,30463.47,P2_supports_brim
858,s3_gap_bridge__gap_1.2mm,meshes/s3_gap_bridge__gap_1.2mm/case_outputs/858__s3_gap_bridge__gap_1.2mm/segmentation_repaired.stl,2750984,9.31,0,True,True,0,,,8949458,503,0,5h 4m 16s,304.26666666666665,53.04,17783.85,P2_supports_brim
859,s3_gap_bridge__gap_1.2mm,meshes/s3_gap_bridge__gap_1.2mm/case_outputs/859__s3_gap_bridge__gap_1.2mm/segmentation_repaired.stl,4122784,14.28,0,True,True,0,,,14056976,567,0,8h 23m 52s,503.8666666666667,84.33,28275.41,P2_supports_brim
860,s3_gap_bridge__gap_1.2mm,meshes/s3_gap_bridge__gap_1.2mm/case_outputs/860__s3_gap_bridge__gap_1.2mm/segmentation_repaired.stl,3090184,10.49,0,True,True,0,,,9507419,479,0,5h 20m 52s,320.8666666666667,54.49,18268.15,P2_supports_brim
861,s3_gap_bridge__gap_1.2mm,meshes/s3_gap_bridge__gap_1.2mm/case_outputs/861__s3_gap_bridge__gap_1.2mm/segmentation_repaired.stl,1606684,6.02,0,True,True,0,,,5222063,574,0,3h 18m 2s,198.03333333333333,36.24,12149.29,P2_supports_brim
862,s3_gap_bridge__gap_1.2mm,meshes/s3_gap_bridge__gap_1.2mm/case_outputs/862__s3_gap_bridge__gap_1.2mm/segmentation_repaired.stl,3761484,13.52,0,True,True,0,,,12982439,661,0,7h 52m 16s,472.26666666666665,84.11,28200.06,P2_supports_brim
863,s3_gap_bridge__gap_1.2mm,meshes/s3_gap_bridge__gap_1.2mm/case_outputs/863__s3_gap_bridge__gap_1.2mm/segmentation_repaired.stl,3042984,10.78,0,True,True,0,,,11382996,610,0,7h 7m 0s,427.0,82.29,27591.72,P2_supports_brim
864,s3_gap_bridge__gap_1.2mm,meshes/s3_gap_bridge__gap_1.2mm/case_outputs/864__s3_gap_bridge__gap_1.2mm/segmentation_repaired.stl,3890584,13.77,0,True,True,0,,,13754727,525,0,8h 3m 5s,483.0833333333333,80.12,26864.11,P2_supports_brim
865,s3_gap_bridge__gap_1.2mm,meshes/s3_gap_bridge__gap_1.2mm/case_outputs/865__s3_gap_bridge__gap_1.2mm/segmentation_repaired.stl,2526084,8.72,0,True,True,0,,,7999203,592,0,4h 52m 35s,292.5833333333333,53.68,17998.99,P2_supports_brim
866,s3_gap_bridge__gap_1.2mm,meshes/s3_gap_bridge__gap_1.2mm/case_outputs/866__s3_gap_bridge__gap_1.2mm/segmentation_repaired.stl,3646884,11.78,0,True,True,0,,,11153919,490,0,6h 1m 7s,361.1166666666667,57.47,19269.01,P2_supports_brim
867,s3_gap_bridge__gap_1.2mm,meshes/s3_gap_bridge__gap_1.2mm/case_outputs/867__s3_gap_bridge__gap_1.2mm/segmentation_repaired.stl,4639184,16.34,0,True,True,0,,,15095904,592,0,8h 42m 34s,522.5666666666667,84.43,28307.04,P2_supports_brim
868,s3_gap_bridge__gap_1.2mm,meshes/s3_gap_bridge__gap_1.2mm/case_outputs/868__s3_gap_bridge__gap_1.2mm/segmentation_repaired.stl,1711784,6.46,0,True,True,0,,,5394235,392,0,3h 16m 23s,196.38333333333333,30.02,10066.19,P2_supports_brim
869,s3_gap_bridge__gap_1.2mm,meshes/s3_gap_bridge__gap_1.2mm/case_outputs/869__s3_gap_bridge__gap_1.2mm/segmentation_repaired.stl,3396684,11.65,0,True,True,0,,,10656858,506,0,6h 7m 58s,367.96666666666664,61.15,20504.02,P2_supports_brim
870,s3_gap_bridge__gap_1.2mm,meshes/s3_gap_bridge__gap_1.2mm/case_outputs/870__s3_gap_bridge__gap_1.2mm/segmentation_repaired.stl,2682584,9.95,0,True,True,0,,,8811404,484,0,4h 57m 35s,297.5833333333333,48.31,16196.94,P2_supports_brim
871,s3_gap_bridge__gap_1.2mm,meshes/s3_gap_bridge__gap_1.2mm/case_outputs/871__s3_gap_bridge__gap_1.2mm/segmentation_repaired.stl,3026984,10.41,0,True,True,0,,,9272673,567,0,5h 16m 13s,316.21666666666664,48.93,16406.68,P2_supports_brim
872,s3_gap_bridge__gap_1.2mm,meshes/s3_gap_bridge__gap_1.2mm/case_outputs/872__s3_gap_bridge__gap_1.2mm/segmentation_repaired.stl,2699784,9.6,0,True,True,0,,,8561052,503,0,4h 52m 4s,292.06666666666666,45.74,15337.05,P2_supports_brim
873,s3_gap_bridge__gap_1.2mm,meshes/s3_gap_bridge__gap_1.2mm/case_outputs/873__s3_gap_bridge__gap_1.2mm/segmentation_repaired.stl,3384884,11.12,0,True,True,0,,,10331432,488,0,6h 9m 31s,369.51666666666665,61.45,20601.75,P2_supports_brim
874,s3_gap_bridge__gap_1.2mm,meshes/s3_gap_bridge__gap_1.2mm/case_outputs/874__s3_gap_bridge__gap_1.2mm/segmentation_repaired.stl,2745984,9.36,0,True,True,0,,,8293533,485,0,4h 44m 46s,284.76666666666665,49.48,16588.56,P2_supports_brim
875,s3_gap_bridge__gap_1.2mm,meshes/s3_gap_bridge__gap_1.2mm/case_outputs/875__s3_gap_bridge__gap_1.2mm/segmentation_repaired.stl,3787884,12.86,0,True,True,0,,,12178123,451,0,6h 38m 30s,398.5,62.67,21012.42,P2_supports_brim
876,s3_gap_bridge__gap_1.2mm,meshes/s3_gap_bridge__gap_1.2mm/case_outputs/876__s3_gap_bridge__gap_1.2mm/segmentation_repaired.stl,2709784,9.6,0,True,True,0,,,8508822,516,0,5h 6m 8s,306.1333333333333,52.44,17581.71,P2_supports_brim
877,s3_gap_bridge__gap_1.2mm,meshes/s3_gap_bridge__gap_1.2mm/case_outputs/877__s3_gap_bridge__gap_1.2mm/segmentation_repaired.stl,3148184,11.03,0,True,True,0,,,10623217,527,0,6h 4m 40s,364.6666666666667,57.42,19251.04,P2_supports_brim
878,s3_gap_bridge__gap_1.2mm,meshes/s3_gap_bridge__gap_1.2mm/case_outputs/878__s3_gap_bridge__gap_1.2mm/segmentation_repaired.stl,2864684,9.34,0,True,True,0,,,8427969,507,0,4h 30m 38s,270.6333333333333,44.07,14775.73,P2_supports_brim
879,s3_gap_bridge__gap_1.2mm,meshes/s3_gap_bridge__gap_1.2mm/case_outputs/879__s3_gap_bridge__gap_1.2mm/segmentation_repaired.stl,3219884,10.84,0,True,True,0,,,10643960,629,0,6h 6m 41s,366.68333333333334,66.79,22392.89,P2_supports_brim
880,s3_gap_bridge__gap_1.2mm,meshes/s3_gap_bridge__gap_1.2mm/case_outputs/880__s3_gap_bridge__gap_1.2mm/segmentation_repaired.stl,2264084,7.8,0,True,True,0,,,7051678,505,0,4h 2m 33s,242.55,43.78,14678.57,P2_supports_brim
881,s3_gap_bridge__gap_1.2mm,meshes/s3_gap_bridge__gap_1.2mm/case_outputs/881__s3_gap_bridge__gap_1.2mm/segmentation_repaired.stl,3030984,10.38,0,True,True,0,,,10061500,491,0,6h 0m 8s,360.1333333333333,59.55,19964.95,P2_supports_brim
882,s3_gap_bridge__gap_1.2mm,meshes/s3_gap_bridge__gap_1.2mm/case_outputs/882__s3_gap_bridge__gap_1.2mm/segmentation_repaired.stl,3960284,13.36,0,True,True,0,,,11708578,475,0,6h 41m 33s,401.55,63.67,21348.57,P2_supports_brim
883,s3_gap_bridge__gap_1.2mm,meshes/s3_gap_bridge__gap_1.2mm/case_outputs/883__s3_gap_bridge__gap_1.2mm/segmentation_repaired.stl,3019884,10.31,0,True,True,0,,,9492949,510,0,5h 34m 52s,334.8666666666667,54.22,18179.3,P2_supports_brim
884,s3_gap_bridge__gap_1.2mm,meshes/s3_gap_bridge__gap_1.2mm/case_outputs/884__s3_gap_bridge__gap_1.2mm/segmentation_repaired.stl,1881684,6.31,0,True,True,0,,,6106258,482,0,3h 27m 42s,207.7,36.3,12170.02,P2_supports_brim
885,s3_gap_bridge__gap_1.2mm,meshes/s3_gap_bridge__gap_1.2mm/case_outputs/885__s3_gap_bridge__gap_1.2mm/segmentation_repaired.stl,2722384,9.4,0,True,True,0,,,9253361,485,0,5h 27m 17s,327.28333333333336,54.74,18352.27,P2_supports_brim
886,s3_gap_bridge__gap_1.2mm,meshes/s3_gap_bridge__gap_1.2mm/case_outputs/886__s3_gap_bridge__gap_1.2mm/segmentation_repaired.stl,4382284,15.16,0,True,True,0,,,13437177,439,0,7h 0m 10s,420.1666666666667,67.72,22707.01,P2_supports_brim
887,s3_gap_bridge__gap_1.2mm,meshes/s3_gap_bridge__gap_1.2mm/case_outputs/887__s3_gap_bridge__gap_1.2mm/segmentation_repaired.stl,3432484,11.36,0,True,True,0,,,10585247,679,0,6h 13m 31s,373.51666666666665,57.97,19436.89,P2_supports_brim
888,s3_gap_bridge__gap_1.2mm,meshes/s3_gap_bridge__gap_1.2mm/case_outputs/888__s3_gap_bridge__gap_1.2mm/segmentation_repaired.stl,2121684,7.21,0,True,True,0,,,6366902,532,0,3h 38m 23s,218.38333333333333,37.59,12604.7,P2_supports_brim
889,s3_gap_bridge__gap_1.2mm,meshes/s3_gap_bridge__gap_1.2mm/case_outputs/889__s3_gap_bridge__gap_1.2mm/segmentation_repaired.stl,2308184,8.39,0,True,True,0,,,7427980,601,0,4h 17m 5s,257.0833333333333,42.77,14338.82,P2_supports_brim
890,s3_gap_bridge__gap_1.2mm,meshes/s3_gap_bridge__gap_1.2mm/case_outputs/890__s3_gap_bridge__gap_1.2mm/segmentation_repaired.stl,2288284,7.5,0,True,True,0,,,6975056,495,0,3h 46m 15s,226.25,37.49,12571.23,P2_supports_brim
891,s3_gap_bridge__gap_1.2mm,meshes/s3_gap_bridge__gap_1.2mm/case_outputs/891__s3_gap_bridge__gap_1.2mm/segmentation_repaired.stl,2417884,8.47,0,True,True,0,,,7662825,555,0,4h 23m 47s,263.78333333333336,42.55,14267.38,P2_supports_brim
892,s3_gap_bridge__gap_1.2mm,meshes/s3_gap_bridge__gap_1.2mm/case_outputs/892__s3_gap_bridge__gap_1.2mm/segmentation_repaired.stl,3839184,13.62,0,True,True,0,,,12505512,468,0,7h 26m 37s,446.6166666666667,72.79,24405.15,P2_supports_brim
893,s3_gap_bridge__gap_1.2mm,meshes/s3_gap_bridge__gap_1.2mm/case_outputs/893__s3_gap_bridge__gap_1.2mm/segmentation_repaired.stl,3066384,10.24,0,True,True,0,,,9797070,609,0,5h 41m 23s,341.3833333333333,59.19,19846.3,P2_supports_brim
894,s3_gap_bridge__gap_1.2mm,meshes/s3_gap_bridge__gap_1.2mm/case_outputs/894__s3_gap_bridge__gap_1.2mm/segmentation_repaired.stl,3485284,12.05,0,True,True,0,,,11060523,487,0,6h 23m 59s,383.98333333333335,63.51,21295.52,P2_supports_brim
895,s3_gap_bridge__gap_1.2mm,meshes/s3_gap_bridge__gap_1.2mm/case_outputs/895__s3_gap_bridge__gap_1.2mm/segmentation_repaired.stl,3654984,12.78,0,True,True,0,,,11526923,376,0,6h 8m 43s,368.71666666666664,60.06,20137.84,P2_supports_brim
896,s3_gap_bridge__gap_1.2mm,meshes/s3_gap_bridge__gap_1.2mm/case_outputs/896__s3_gap_bridge__gap_1.2mm/segmentation_repaired.stl,1958084,7.01,0,True,True,0,,,6993104,530,0,4h 8m 17s,248.28333333333333,42.5,14248.71,P2_supports_brim
897,s3_gap_bridge__gap_1.2mm,meshes/s3_gap_bridge__gap_1.2mm/case_outputs/897__s3_gap_bridge__gap_1.2mm/segmentation_repaired.stl,3363384,11.74,0,True,True,0,,,10566739,453,0,5h 50m 23s,350.3833333333333,56.46,18930.45,P2_supports_brim
898,s3_gap_bridge__gap_1.2mm,meshes/s3_gap_bridge__gap_1.2mm/case_outputs/898__s3_gap_bridge__gap_1.2mm/segmentation_repaired.stl,3777784,12.52,0,True,True,0,,,11611991,405,0,6h 15m 34s,375.56666666666666,59.13,19826.33,P2_supports_brim
899,s3_gap_bridge__gap_1.2mm,meshes/s3_gap_bridge__gap_1.2mm/case_outputs/899__s3_gap_bridge__gap_1.2mm/segmentation_repaired.stl,2692884,10.09,0,True,True,0,,,8653324,575,0,4h 59m 23s,299.3833333333333,52.72,17676.99,P2_supports_brim
900,s3_gap_bridge__gap_1.2mm,meshes/s3_gap_bridge__gap_1.2mm/case_outputs/900__s3_gap_bridge__gap_1.2mm/segmentation_repaired.stl,2711584,8.3,0,True,True,0,,,8119315,425,0,4h 29m 52s,269.8666666666667,41.9,14048.97,P2_supports_brim
901,s3_gap_bridge__gap_1.2mm,meshes/s3_gap_bridge__gap_1.2mm/case_outputs/901__s3_gap_bridge__gap_1.2mm/segmentation_repaired.stl,3153184,11.1,0,True,True,0,,,10501246,602,0,6h 36m 21s,396.35,71.91,24111.92,P2_supports_brim
902,s3_gap_bridge__gap_1.2mm,meshes/s3_gap_bridge__gap_1.2mm/case_outputs/902__s3_gap_bridge__gap_1.2mm/segmentation_repaired.stl,3935284,14.3,0,True,True,0,,,12566046,498,0,6h 39m 33s,399.55,62.26,20875.14,P2_supports_brim
903,s3_gap_bridge__gap_1.2mm,meshes/s3_gap_bridge__gap_1.2mm/case_outputs/903__s3_gap_bridge__gap_1.2mm/segmentation_repaired.stl,2911084,9.73,0,True,True,0,,,8715143,481,0,4h 55m 3s,295.05,48.7,16327.35,P2_supports_brim
904,s3_gap_bridge__gap_1.2mm,meshes/s3_gap_bridge__gap_1.2mm/case_outputs/904__s3_gap_bridge__gap_1.2mm/segmentation_repaired.stl,3374984,11.73,0,True,True,0,,,10776737,381,0,5h 56m 8s,356.1333333333333,56.86,19063.73,P2_supports_brim
905,s3_gap_bridge__gap_1.2mm,meshes/s3_gap_bridge__gap_1.2mm/case_outputs/905__s3_gap_bridge__gap_1.2mm/segmentation_repaired.stl,3130884,11.24,0,True,True,0,,,9777595,472,0,5h 33m 52s,333.8666666666667,53.76,18023.46,P2_supports_brim
906,s3_gap_bridge__gap_1.2mm,meshes/s3_gap_bridge__gap_1.2mm/case_outputs/906__s3_gap_bridge__gap_1.2mm/segmentation_repaired.stl,2526584,8.43,0,True,True,0,,,7673737,473,0,4h 12m 58s,252.96666666666667,40.84,13692.71,P2_supports_brim
907,s3_gap_bridge__gap_1.2mm,meshes/s3_gap_bridge__gap_1.2mm/case_outputs/907__s3_gap_bridge__gap_1.2mm/segmentation_repaired.stl,2691984,9.35,0,True,True,0,,,8919283,411,0,5h 0m 16s,300.26666666666665,48.54,16275.78,P2_supports_brim
908,s3_gap_bridge__gap_1.2mm,meshes/s3_gap_bridge__gap_1.2mm/case_outputs/908__s3_gap_bridge__gap_1.2mm/segmentation_repaired.stl,3161784,10.92,0,True,True,0,,,10138859,496,0,5h 49m 59s,349.98333333333335,56.5,18942.64,P2_supports_brim
909,s3_gap_bridge__gap_1.2mm,meshes/s3_gap_bridge__gap_1.2mm/case_outputs/909__s3_gap_bridge__gap_1.2mm/segmentation_repaired.stl,2583384,9.24,0,True,True,0,,,8856698,529,0,5h 14m 3s,314.05,54.71,18342.82,P2_supports_brim
910,s3_gap_bridge__gap_1.2mm,meshes/s3_gap_bridge__gap_1.2mm/case_outputs/910__s3_gap_bridge__gap_1.2mm/segmentation_repaired.stl,3883584,14.2,0,True,True,0,,,12431040,488,0,6h 48m 7s,408.1166666666667,66.26,22214.9,P2_supports_brim
911,s3_gap_bridge__gap_1.2mm,meshes/s3_gap_bridge__gap_1.2mm/case_outputs/911__s3_gap_bridge__gap_1.2mm/segmentation_repaired.stl,2795584,10.53,0,True,True,0,,,8512376,507,0,4h 44m 34s,284.56666666666666,47.53,15934.39,P2_supports_brim
912,s3_gap_bridge__gap_1.2mm,meshes/s3_gap_bridge__gap_1.2mm/case_outputs/912__s3_gap_bridge__gap_1.2mm/segmentation_repaired.stl,3150784,11.35,0,True,True,0,,,10512067,554,0,6h 29m 19s,389.31666666666666,65.13,21836.31,P2_supports_brim
913,s3_gap_bridge__gap_1.2mm,meshes/s3_gap_bridge__gap_1.2mm/case_outputs/913__s3_gap_bridge__gap_1.2mm/segmentation_repaired.stl,3492684,12.37,0,True,True,0,,,11389230,451,0,6h 24m 7s,384.1166666666667,61.84,20733.43,P2_supports_brim
914,s3_gap_bridge__gap_1.2mm,meshes/s3_gap_bridge__gap_1.2mm/case_outputs/914__s3_gap_bridge__gap_1.2mm/segmentation_repaired.stl,2216884,8.66,0,True,True,0,,,7220793,566,0,4h 9m 5s,249.08333333333334,41.28,13841.49,P2_supports_brim
915,s3_gap_bridge__gap_1.2mm,meshes/s3_gap_bridge__gap_1.2mm/case_outputs/915__s3_gap_bridge__gap_1.2mm/segmentation_repaired.stl,4110484,13.53,0,True,True,0,,,12865882,531,0,7h 9m 58s,429.96666666666664,70.51,23642.08,P2_supports_brim
916,s3_gap_bridge__gap_1.2mm,meshes/s3_gap_bridge__gap_1.2mm/case_outputs/916__s3_gap_bridge__gap_1.2mm/segmentation_repaired.stl,3143984,10.96,0,True,True,0,,,10193986,572,0,5h 50m 50s,350.8333333333333,57.59,19307.82,P2_supports_brim
917,s3_gap_bridge__gap_1.2mm,meshes/s3_gap_bridge__gap_1.2mm/case_outputs/917__s3_gap_bridge__gap_1.2mm/segmentation_repaired.stl,3783384,12.96,0,True,True,0,,,11893648,446,0,6h 53m 20s,413.3333333333333,68.67,23023.32,P2_supports_brim
918,s3_gap_bridge__gap_1.2mm,meshes/s3_gap_bridge__gap_1.2mm/case_outputs/918__s3_gap_bridge__gap_1.2mm/segmentation_repaired.stl,2597484,8.9,0,True,True,0,,,8033715,472,0,4h 19m 19s,259.31666666666666,40.82,13687.43,P2_supports_brim
919,s3_gap_bridge__gap_1.2mm,meshes/s3_gap_bridge__gap_1.2mm/case_outputs/919__s3_gap_bridge__gap_1.2mm/segmentation_repaired.stl,2996684,9.79,0,True,True,0,,,9532788,517,0,5h 38m 42s,338.7,60.28,20212.34,P2_supports_brim
920,s3_gap_bridge__gap_1.2mm,meshes/s3_gap_bridge__gap_1.2mm/case_outputs/920__s3_gap_bridge__gap_1.2mm/segmentation_repaired.stl,3186484,10.59,0,True,True,0,,,10056483,511,0,5h 46m 39s,346.65,60.11,20154.66,P2_supports_brim
921,s3_gap_bridge__gap_1.2mm,meshes/s3_gap_bridge__gap_1.2mm/case_outputs/921__s3_gap_bridge__gap_1.2mm/segmentation_repaired.stl,3198684,11.02,0,True,True,0,,,10355702,470,0,6h 8m 0s,368.0,60.13,20160.7,P2_supports_brim
922,s3_gap_bridge__gap_1.2mm,meshes/s3_gap_bridge__gap_1.2mm/case_outputs/922__s3_gap_bridge__gap_1.2mm/segmentation_repaired.stl,1638884,6.39,0,True,True,0,,,5257096,359,0,2h 55m 58s,175.96666666666667,28.05,9405.15,P2_supports_brim
923,s3_gap_bridge__gap_1.2mm,meshes/s3_gap_bridge__gap_1.2mm/case_outputs/923__s3_gap_bridge__gap_1.2mm/segmentation_repaired.stl,3619284,12.43,0,True,True,0,,,11488779,623,0,6h 44m 33s,404.55,71.49,23969.58,P2_supports_brim
924,s3_gap_bridge__gap_1.2mm,meshes/s3_gap_bridge__gap_1.2mm/case_outputs/924__s3_gap_bridge__gap_1.2mm/segmentation_repaired.stl,3751484,13.26,0,True,True,0,,,10758143,751,0,5h 51m 47s,351.78333333333336,55.36,18561.86,P2_supports_brim
925,s3_gap_bridge__gap_1.2mm,meshes/s3_gap_bridge__gap_1.2mm/case_outputs/925__s3_gap_bridge__gap_1.2mm/segmentation_repaired.stl,3247684,12.03,0,True,True,0,,,12131991,599,0,7h 31m 11s,451.18333333333334,85.81,28770.75,P2_supports_brim
926,s3_gap_bridge__gap_1.2mm,meshes/s3_gap_bridge__gap_1.2mm/case_outputs/926__s3_gap_bridge__gap_1.2mm/segmentation_repaired.stl,2309084,9.18,0,True,True,0,,,7978721,623,0,4h 43m 20s,283.3333333333333,47.11,15795.15,P2_supports_brim
927,s3_gap_bridge__gap_1.2mm,meshes/s3_gap_bridge__gap_1.2mm/case_outputs/927__s3_gap_bridge__gap_1.2mm/segmentation_repaired.stl,2997984,10.93,0,True,True,0,,,9949578,485,0,5h 41m 5s,341.0833333333333,54.65,18322.41,P2_supports_brim
928,s3_gap_bridge__gap_1.2mm,meshes/s3_gap_bridge__gap_1.2mm/case_outputs/928__s3_gap_bridge__gap_1.2mm/segmentation_repaired.stl,2914284,10.2,0,True,True,0,,,8984330,533,0,5h 9m 44s,309.73333333333335,54.73,18350.63,P2_supports_brim
929,s3_gap_bridge__gap_1.2mm,meshes/s3_gap_bridge__gap_1.2mm/case_outputs/929__s3_gap_bridge__gap_1.2mm/segmentation_repaired.stl,2673284,9.87,0,True,True,0,,,8362545,512,0,4h 32m 20s,272.3333333333333,45.79,15353.17,P2_supports_brim
930,s3_gap_bridge__gap_1.2mm,meshes/s3_gap_bridge__gap_1.2mm/case_outputs/930__s3_gap_bridge__gap_1.2mm/segmentation_repaired.stl,3070884,10.01,0,True,True,0,,,9197028,419,0,5h 6m 28s,306.46666666666664,49.39,16558.44,P2_supports_brim
931,s3_gap_bridge__gap_1.2mm,meshes/s3_gap_bridge__gap_1.2mm/case_outputs/931__s3_gap_bridge__gap_1.2mm/segmentation_repaired.stl,1887484,6.73,0,True,True,0,,,6380944,523,0,3h 55m 48s,235.8,39.45,13226.52,P2_supports_brim
932,s3_gap_bridge__gap_1.2mm,meshes/s3_gap_bridge__gap_1.2mm/case_outputs/932__s3_gap_bridge__gap_1.2mm/segmentation_repaired.stl,2844284,9.73,0,True,True,0,,,8505605,476,0,4h 38m 47s,278.78333333333336,44.29,14850.49,P2_supports_brim
933,s3_gap_bridge__gap_1.2mm,meshes/s3_gap_bridge__gap_1.2mm/case_outputs/933__s3_gap_bridge__gap_1.2mm/segmentation_repaired.stl,3208784,11.21,0,True,True,0,,,10332593,604,0,5h 42m 1s,342.01666666666665,56.65,18995.3,P2_supports_brim
934,s3_gap_bridge__gap_1.2mm,meshes/s3_gap_bridge__gap_1.2mm/case_outputs/934__s3_gap_bridge__gap_1.2mm/segmentation_repaired.stl,3187384,11.22,0,True,True,0,,,9708125,592,0,5h 38m 34s,338.56666666666666,53.39,17899.19,P2_supports_brim
935,s3_gap_bridge__gap_1.2mm,meshes/s3_gap_bridge__gap_1.2mm/case_outputs/935__s3_gap_bridge__gap_1.2mm/segmentation_repaired.stl,3186684,10.07,0,True,True,0,,,9381232,568,0,5h 26m 42s,326.7,56.94,19091.41,P2_supports_brim
936,s3_gap_bridge__gap_1.2mm,meshes/s3_gap_bridge__gap_1.2mm/case_outputs/936__s3_gap_bridge__gap_1.2mm/segmentation_repaired.stl,2572584,8.6,0,True,True,0,,,7520374,441,0,4h 15m 4s,255.06666666666666,42.64,14295.99,P2_supports_brim
937,s3_gap_bridge__gap_1.2mm,meshes/s3_gap_bridge__gap_1.2mm/case_outputs/937__s3_gap_bridge__gap_1.2mm/segmentation_repaired.stl,2741884,10.82,0,True,True,0,,,8577168,458,0,4h 48m 26s,288.43333333333334,45.77,15347.57,P2_supports_brim
938,s3_gap_bridge__gap_1.2mm,meshes/s3_gap_bridge__gap_1.2mm/case_outputs/938__s3_gap_bridge__gap_1.2mm/segmentation_repaired.stl,3710284,11.6,0,True,True,0,,,11136623,517,0,6h 20m 23s,380.3833333333333,60.7,20352.52,P2_supports_brim
939,s3_gap_bridge__gap_1.2mm,meshes/s3_gap_bridge__gap_1.2mm/case_outputs/939__s3_gap_bridge__gap_1.2mm/segmentation_repaired.stl,3346684,11.0,0,True,True,0,,,10350900,532,0,5h 49m 12s,349.2,58.91,19751.96,P2_supports_brim
940,s3_gap_bridge__gap_1.2mm,meshes/s3_gap_bridge__gap_1.2mm/case_outputs/940__s3_gap_bridge__gap_1.2mm/segmentation_repaired.stl,2645084,9.08,0,True,True,0,,,8261519,495,0,4h 32m 44s,272.73333333333335,43.29,14515.01,P2_supports_brim
941,s3_gap_bridge__gap_1.2mm,meshes/s3_gap_bridge__gap_1.2mm/case_outputs/941__s3_gap_bridge__gap_1.2mm/segmentation_repaired.stl,2213284,7.53,0,True,True,0,,,6938271,547,0,3h 46m 56s,226.93333333333334,36.11,12106.19,P2_supports_brim
942,s3_gap_bridge__gap_1.2mm,meshes/s3_gap_bridge__gap_1.2mm/case_outputs/942__s3_gap_bridge__gap_1.2mm/segmentation_repaired.stl,2337684,8.06,0,True,True,0,,,7447637,454,0,4h 2m 45s,242.75,40.47,13567.48,P2_supports_brim
943,s3_gap_bridge__gap_1.2mm,meshes/s3_gap_bridge__gap_1.2mm/case_outputs/943__s3_gap_bridge__gap_1.2mm/segmentation_repaired.stl,2726484,10.12,0,True,True,0,,,8956129,578,0,5h 6m 0s,306.0,48.44,16239.62,P2_supports_brim
944,s3_gap_bridge__gap_1.2mm,meshes/s3_gap_bridge__gap_1.2mm/case_outputs/944__s3_gap_bridge__gap_1.2mm/segmentation_repaired.stl,4099084,15.6,0,True,True,0,,,14752096,524,0,9h 2m 53s,542.8833333333333,94.9,31818.66,P2_supports_brim
945,s3_gap_bridge__gap_1.2mm,meshes/s3_gap_bridge__gap_1.2mm/case_outputs/945__s3_gap_bridge__gap_1.2mm/segmentation_repaired.stl,3279384,11.22,0,True,True,0,,,10406388,468,0,5h 50m 3s,350.05,58.25,19529.81,P2_supports_brim
946,s3_gap_bridge__gap_1.2mm,meshes/s3_gap_bridge__gap_1.2mm/case_outputs/946__s3_gap_bridge__gap_1.2mm/segmentation_repaired.stl,2244284,7.63,0,True,True,0,,,6895420,582,0,3h 52m 9s,232.15,39.95,13395.83,P2_supports_brim
947,s3_gap_bridge__gap_1.2mm,meshes/s3_gap_bridge__gap_1.2mm/case_outputs/947__s3_gap_bridge__gap_1.2mm/segmentation_repaired.stl,4214884,14.52,0,True,True,0,,,13268840,503,0,7h 29m 31s,449.51666666666665,71.63,24015.14,P2_supports_brim
948,s3_gap_bridge__gap_1.2mm,meshes/s3_gap_bridge__gap_1.2mm/case_outputs/948__s3_gap_bridge__gap_1.2mm/segmentation_repaired.stl,4081284,14.01,0,True,True,0,,,12247007,464,0,6h 51m 10s,411.1666666666667,67.11,22499.64,P2_supports_brim
949,s3_gap_bridge__gap_1.2mm,meshes/s3_gap_bridge__gap_1.2mm/case_outputs/949__s3_gap_bridge__gap_1.2mm/segmentation_repaired.stl,2654684,8.39,0,True,True,0,,,8133937,549,0,4h 42m 15s,282.25,48.21,16162.83,P2_supports_brim
950,s3_gap_bridge__gap_1.2mm,meshes/s3_gap_bridge__gap_1.2mm/case_outputs/950__s3_gap_bridge__gap_1.2mm/segmentation_repaired.stl,2624684,9.27,0,True,True,0,,,8877074,483,0,5h 5m 46s,305.76666666666665,50.9,17065.58,P2_supports_brim
951,s3_gap_bridge__gap_1.2mm,meshes/s3_gap_bridge__gap_1.2mm/case_outputs/951__s3_gap_bridge__gap_1.2mm/segmentation_repaired.stl,3863984,13.66,0,True,True,0,,,12153811,417,0,6h 53m 45s,413.75,66.71,22368.26,P2_supports_brim
952,s3_gap_bridge__gap_1.2mm,meshes/s3_gap_bridge__gap_1.2mm/case_outputs/952__s3_gap_bridge__gap_1.2mm/segmentation_repaired.stl,2852884,9.61,0,True,True,0,,,8614670,520,0,4h 42m 42s,282.7,48.99,16424.25,P2_supports_brim
953,s3_gap_bridge__gap_1.2mm,meshes/s3_gap_bridge__gap_1.2mm/case_outputs/953__s3_gap_bridge__gap_1.2mm/segmentation_repaired.stl,4573284,16.25,0,True,True,0,,,14372697,496,0,7h 48m 58s,468.96666666666664,73.9,24778.09,P2_supports_brim
954,s3_gap_bridge__gap_1.2mm,meshes/s3_gap_bridge__gap_1.2mm/case_outputs/954__s3_gap_bridge__gap_1.2mm/segmentation_repaired.stl,2822884,9.81,0,True,True,0,,,8796563,542,0,4h 46m 58s,286.96666666666664,47.52,15933.18,P2_supports_brim
955,s3_gap_bridge__gap_1.2mm,meshes/s3_gap_bridge__gap_1.2mm/case_outputs/955__s3_gap_bridge__gap_1.2mm/segmentation_repaired.stl,3109884,10.51,0,True,True,0,,,9707527,635,0,5h 21m 4s,321.06666666666666,50.38,16892.37,P2_supports_brim
956,s3_gap_bridge__gap_1.2mm,meshes/s3_gap_bridge__gap_1.2mm/case_outputs/956__s3_gap_bridge__gap_1.2mm/segmentation_repaired.stl,2446884,8.06,0,True,True,0,,,7293458,488,0,4h 12m 1s,252.01666666666668,44.07,14777.48,P2_supports_brim
957,s3_gap_bridge__gap_1.2mm,meshes/s3_gap_bridge__gap_1.2mm/case_outputs/957__s3_gap_bridge__gap_1.2mm/segmentation_repaired.stl,3942084,13.73,0,True,True,0,,,13227792,451,0,7h 19m 28s,439.46666666666664,69.68,23363.64,P2_supports_brim
958,s3_gap_bridge__gap_1.2mm,meshes/s3_gap_bridge__gap_1.2mm/case_outputs/958__s3_gap_bridge__gap_1.2mm/segmentation_repaired.stl,3653084,12.91,0,True,True,0,,,11487633,485,0,6h 19m 56s,379.93333333333334,56.14,18821.21,P2_supports_brim
959,s3_gap_bridge__gap_1.2mm,meshes/s3_gap_bridge__gap_1.2mm/case_outputs/959__s3_gap_bridge__gap_1.2mm/segmentation_repaired.stl,2945484,11.21,0,True,True,0,,,11575244,652,0,7h 26m 56s,446.93333333333334,87.12,29209.34,P2_supports_brim
960,s3_gap_bridge__gap_1.2mm,meshes/s3_gap_bridge__gap_1.2mm/case_outputs/960__s3_gap_bridge__gap_1.2mm/segmentation_repaired.stl,3838484,13.0,0,True,True,0,,,11986887,505,0,6h 44m 15s,404.25,66.82,22404.41,P2_supports_brim
961,s3_gap_bridge__gap_1.2mm,meshes/s3_gap_bridge__gap_1.2mm/case_outputs/961__s3_gap_bridge__gap_1.2mm/segmentation_repaired.stl,2761884,10.1,0,True,True,0,,,8931084,437,0,5h 5m 33s,305.55,47.85,16044.27,P2_supports_brim
962,s3_gap_bridge__gap_1.2mm,meshes/s3_gap_bridge__gap_1.2mm/case_outputs/962__s3_gap_bridge__gap_1.2mm/segmentation_repaired.stl,4047484,14.73,0,True,True,0,,,14097743,581,0,8h 47m 2s,527.0333333333333,92.8,31115.44,P2_supports_brim
963,s3_gap_bridge__gap_1.2mm,meshes/s3_gap_bridge__gap_1.2mm/case_outputs/963__s3_gap_bridge__gap_1.2mm/segmentation_repaired.stl,5137084,17.89,0,True,True,0,,,16379745,488,0,9h 5m 21s,545.35,87.77,29428.08,P2_supports_brim
964,s3_gap_bridge__gap_1.2mm,meshes/s3_gap_bridge__gap_1.2mm/case_outputs/964__s3_gap_bridge__gap_1.2mm/segmentation_repaired.stl,3694284,13.47,0,True,True,0,,,11894888,544,0,6h 52m 4s,412.06666666666666,68.43,22942.4,P2_supports_brim
965,s3_gap_bridge__gap_1.2mm,meshes/s3_gap_bridge__gap_1.2mm/case_outputs/965__s3_gap_bridge__gap_1.2mm/segmentation_repaired.stl,3510484,11.02,0,True,True,0,,,10068795,495,0,5h 17m 48s,317.8,52.34,17547.07,P2_supports_brim
966,s3_gap_bridge__gap_1.2mm,meshes/s3_gap_bridge__gap_1.2mm/case_outputs/966__s3_gap_bridge__gap_1.2mm/segmentation_repaired.stl,4087684,13.99,0,True,True,0,,,12825313,452,0,7h 4m 25s,424.4166666666667,67.92,22771.49,P2_supports_brim
967,s3_gap_bridge__gap_1.2mm,meshes/s3_gap_bridge__gap_1.2mm/case_outputs/967__s3_gap_bridge__gap_1.2mm/segmentation_repaired.stl,3445184,11.46,0,True,True,0,,,10836943,626,0,6h 3m 46s,363.76666666666665,64.04,21471.44,P2_supports_brim
968,s3_gap_bridge__gap_1.2mm,meshes/s3_gap_bridge__gap_1.2mm/case_outputs/968__s3_gap_bridge__gap_1.2mm/segmentation_repaired.stl,2266284,7.78,0,True,True,0,,,6474262,516,0,3h 29m 6s,209.1,35.86,12021.96,P2_supports_brim
969,s3_gap_bridge__gap_1.2mm,meshes/s3_gap_bridge__gap_1.2mm/case_outputs/969__s3_gap_bridge__gap_1.2mm/segmentation_repaired.stl,3666784,12.47,0,True,True,0,,,11966444,551,0,6h 39m 4s,399.06666666666666,61.77,20711.24,P2_supports_brim
970,s3_gap_bridge__gap_1.2mm,meshes/s3_gap_bridge__gap_1.2mm/case_outputs/970__s3_gap_bridge__gap_1.2mm/segmentation_repaired.stl,2104084,7.66,0,True,True,0,,,7085307,512,0,4h 7m 36s,247.6,42.88,14376.24,P2_supports_brim
971,s3_gap_bridge__gap_1.2mm,meshes/s3_gap_bridge__gap_1.2mm/case_outputs/971__s3_gap_bridge__gap_1.2mm/segmentation_repaired.stl,2692484,9.49,0,True,True,0,,,7970674,694,0,4h 34m 40s,274.6666666666667,45.11,15124.76,P2_supports_brim
972,s3_gap_bridge__gap_1.2mm,meshes/s3_gap_bridge__gap_1.2mm/case_outputs/972__s3_gap_bridge__gap_1.2mm/segmentation_repaired.stl,2706484,9.51,0,True,True,0,,,8144776,394,0,4h 18m 34s,258.56666666666666,40.22,13483.47,P2_supports_brim
973,s3_gap_bridge__gap_1.2mm,meshes/s3_gap_bridge__gap_1.2mm/case_outputs/973__s3_gap_bridge__gap_1.2mm/segmentation_repaired.stl,3463584,12.02,0,True,True,0,,,10941621,527,0,6h 10m 19s,370.31666666666666,63.99,21453.27,P2_supports_brim
974,s3_gap_bridge__gap_1.2mm,meshes/s3_gap_bridge__gap_1.2mm/case_outputs/974__s3_gap_bridge__gap_1.2mm/segmentation_repaired.stl,5113684,17.66,0,True,True,0,,,15606277,469,0,8h 21m 46s,501.76666666666665,78.0,26152.64,P2_supports_brim
975,s3_gap_bridge__gap_1.2mm,meshes/s3_gap_bridge__gap_1.2mm/case_outputs/975__s3_gap_bridge__gap_1.2mm/segmentation_repaired.stl,4193084,13.81,0,True,True,0,,,13382206,481,0,7h 43m 45s,463.75,76.09,25512.67,P2_supports_brim
976,s3_gap_bridge__gap_1.2mm,meshes/s3_gap_bridge__gap_1.2mm/case_outputs/976__s3_gap_bridge__gap_1.2mm/segmentation_repaired.stl,2671984,8.99,0,True,True,0,,,7825997,564,0,4h 5m 40s,245.66666666666666,38.7,12974.99,P2_supports_brim
977,s3_gap_bridge__gap_1.2mm,meshes/s3_gap_bridge__gap_1.2mm/case_outputs/977__s3_gap_bridge__gap_1.2mm/segmentation_repaired.stl,2827684,9.7,0,True,True,0,,,8809936,501,0,4h 58m 19s,298.31666666666666,49.44,16576.14,P2_supports_brim
978,s3_gap_bridge__gap_1.2mm,meshes/s3_gap_bridge__gap_1.2mm/case_outputs/978__s3_gap_bridge__gap_1.2mm/segmentation_repaired.stl,3477384,11.65,0,True,True,0,,,10647783,399,0,5h 58m 55s,358.9166666666667,57.89,19410.05,P2_supports_brim
979,s3_gap_bridge__gap_1.2mm,meshes/s3_gap_bridge__gap_1.2mm/case_outputs/979__s3_gap_bridge__gap_1.2mm/segmentation_repaired.stl,2973684,9.17,0,True,True,0,,,8906849,593,0,5h 12m 36s,312.6,54.53,18284.56,P2_supports_brim
980,s3_gap_bridge__gap_1.2mm,meshes/s3_gap_bridge__gap_1.2mm/case_outputs/980__s3_gap_bridge__gap_1.2mm/segmentation_repaired.stl,2970584,9.88,0,True,True,0,,,8440124,547,0,4h 33m 22s,273.3666666666667,45.64,15303.1,P2_supports_brim
981,s3_gap_bridge__gap_1.2mm,meshes/s3_gap_bridge__gap_1.2mm/case_outputs/981__s3_gap_bridge__gap_1.2mm/segmentation_repaired.stl,1844184,6.33,0,True,True,0,,,5631000,445,0,3h 20m 31s,200.51666666666668,38.0,12740.63,P2_supports_brim
982,s3_gap_bridge__gap_1.2mm,meshes/s3_gap_bridge__gap_1.2mm/case_outputs/982__s3_gap_bridge__gap_1.2mm/segmentation_repaired.stl,2248684,7.36,0,True,True,0,,,6747616,454,0,3h 48m 34s,228.56666666666666,40.28,13506.26,P2_supports_brim
983,s3_gap_bridge__gap_1.2mm,meshes/s3_gap_bridge__gap_1.2mm/case_outputs/983__s3_gap_bridge__gap_1.2mm/segmentation_repaired.stl,3886484,13.88,0,True,True,0,,,12001861,452,0,6h 21m 0s,381.0,58.55,19629.51,P2_supports_brim
984,s3_gap_bridge__gap_1.2mm,meshes/s3_gap_bridge__gap_1.2mm/case_outputs/984__s3_gap_bridge__gap_1.2mm/segmentation_repaired.stl,3887484,13.57,0,True,True,0,,,13469845,503,0,8h 18m 32s,498.53333333333336,83.81,28099.65,P2_supports_brim
985,s3_gap_bridge__gap_1.2mm,meshes/s3_gap_bridge__gap_1.2mm/case_outputs/985__s3_gap_bridge__gap_1.2mm/segmentation_repaired.stl,3177484,10.82,0,True,True,0,,,9841710,540,0,5h 57m 26s,357.43333333333334,58.52,19619.99,P2_supports_brim
986,s3_gap_bridge__gap_1.2mm,meshes/s3_gap_bridge__gap_1.2mm/case_outputs/986__s3_gap_bridge__gap_1.2mm/segmentation_repaired.stl,3247584,11.6,0,True,True,0,,,10079381,607,0,6h 5m 17s,365.28333333333336,64.19,21523.18,P2_supports_brim
987,s3_gap_bridge__gap_1.2mm,meshes/s3_gap_bridge__gap_1.2mm/case_outputs/987__s3_gap_bridge__gap_1.2mm/segmentation_repaired.stl,4205884,14.44,0,True,True,0,,,12775957,533,0,7h 13m 46s,433.76666666666665,68.98,23128.64,P2_supports_brim
988,s3_gap_bridge__gap_1.2mm,meshes/s3_gap_bridge__gap_1.2mm/case_outputs/988__s3_gap_bridge__gap_1.2mm/segmentation_repaired.stl,2695684,9.24,0,True,True,0,,,7728363,467,0,4h 16m 52s,256.8666666666667,42.7,14318.21,P2_supports_brim
989,s3_gap_bridge__gap_1.2mm,meshes/s3_gap_bridge__gap_1.2mm/case_outputs/989__s3_gap_bridge__gap_1.2mm/segmentation_repaired.stl,3465784,12.02,0,True,True,0,,,10856817,481,0,6h 1m 56s,361.93333333333334,57.95,19428.79,P2_supports_brim
990,s3_gap_bridge__gap_1.2mm,meshes/s3_gap_bridge__gap_1.2mm/case_outputs/990__s3_gap_bridge__gap_1.2mm/segmentation_repaired.stl,3058884,11.22,0,True,True,0,,,11666201,607,0,7h 14m 27s,434.45,81.74,27407.26,P2_supports_brim
991,s3_gap_bridge__gap_1.2mm,meshes/s3_gap_bridge__gap_1.2mm/case_outputs/991__s3_gap_bridge__gap_1.2mm/segmentation_repaired.stl,3028484,10.71,0,True,True,0,,,10089578,420,0,5h 58m 18s,358.3,58.42,19587.05,P2_supports_brim
992,s3_gap_bridge__gap_1.2mm,meshes/s3_gap_bridge__gap_1.2mm/case_outputs/992__s3_gap_bridge__gap_1.2mm/segmentation_repaired.stl,2475084,9.03,0,True,True,0,,,8482877,473,0,4h 51m 42s,291.7,48.21,16164.63,P2_supports_brim
993,s3_gap_bridge__gap_1.2mm,meshes/s3_gap_bridge__gap_1.2mm/case_outputs/993__s3_gap_bridge__gap_1.2mm/segmentation_repaired.stl,5207484,17.61,0,True,True,0,,,15804439,497,0,8h 42m 47s,522.7833333333333,87.38,29296.48,P2_supports_brim
994,s3_gap_bridge__gap_1.2mm,meshes/s3_gap_bridge__gap_1.2mm/case_outputs/994__s3_gap_bridge__gap_1.2mm/segmentation_repaired.stl,3629184,12.79,0,True,True,0,,,11200117,426,0,6h 12m 26s,372.43333333333334,60.96,20438.13,P2_supports_brim
995,s3_gap_bridge__gap_1.2mm,meshes/s3_gap_bridge__gap_1.2mm/case_outputs/995__s3_gap_bridge__gap_1.2mm/segmentation_repaired.stl,3084984,10.4,0,True,True,0,,,10094853,405,0,5h 52m 22s,352.3666666666667,56.64,18989.91,P2_supports_brim
996,s3_gap_bridge__gap_1.2mm,meshes/s3_gap_bridge__gap_1.2mm/case_outputs/996__s3_gap_bridge__gap_1.2mm/segmentation_repaired.stl,2753284,9.65,0,True,True,0,,,8866006,439,0,5h 1m 24s,301.4,49.36,16547.97,P2_supports_brim
997,s3_gap_bridge__gap_1.2mm,meshes/s3_gap_bridge__gap_1.2mm/case_outputs/997__s3_gap_bridge__gap_1.2mm/segmentation_repaired.stl,3978084,13.2,0,True,True,0,,,12274285,411,0,6h 36m 28s,396.46666666666664,64.35,21577.16,P2_supports_brim
998,s3_gap_bridge__gap_1.2mm,meshes/s3_gap_bridge__gap_1.2mm/case_outputs/998__s3_gap_bridge__gap_1.2mm/segmentation_repaired.stl,3673884,12.25,0,True,True,0,,,10265055,430,0,5h 30m 2s,330.03333333333336,51.81,17369.88,P2_supports_brim
999,s3_gap_bridge__gap_1.2mm,meshes/s3_gap_bridge__gap_1.2mm/case_outputs/999__s3_gap_bridge__gap_1.2mm/segmentation_repaired.stl,2199684,7.55,0,True,True,0,,,6971252,414,0,3h 59m 54s,239.9,39.53,13254.96,P2_supports_brim
1000,s3c_closing__r_0.6mm,meshes/s3c_closing__r_0.6mm/case_outputs/1000__s3c_closing__r_0.6mm/segmentation_repaired.stl,3172784,10.54,0,True,True,0,,,10036715,486,0,5h 32m 57s,332.95,56.06,18794.59,P2_supports_brim
751,s3c_closing__r_0.6mm,meshes/s3c_closing__r_0.6mm/case_outputs/751__s3c_closing__r_0.6mm/segmentation_repaired.stl,3394784,11.86,0,True,True,0,,,10854450,571,0,6h 29m 5s,389.0833333333333,66.44,22277.07,P2_supports_brim
752,s3c_closing__r_0.6mm,meshes/s3c_closing__r_0.6mm/case_outputs/752__s3c_closing__r_0.6mm/segmentation_repaired.stl,3935084,13.81,0,True,True,0,,,12065595,554,0,6h 34m 21s,394.35,59.13,19826.61,P2_supports_brim
753,s3c_closing__r_0.6mm,meshes/s3c_closing__r_0.6mm/case_outputs/753__s3c_closing__r_0.6mm/segmentation_repaired.stl,2074584,7.47,0,True,True,0,,,6369881,487,0,3h 39m 31s,219.51666666666668,38.46,12894.59,P2_supports_brim
754,s3c_closing__r_0.6mm,meshes/s3c_closing__r_0.6mm/case_outputs/754__s3c_closing__r_0.6mm/segmentation_repaired.stl,2758984,10.28,0,True,True,0,,,8516530,712,0,4h 43m 6s,283.1,43.85,14701.73,P2_supports_brim
755,s3c_closing__r_0.6mm,meshes/s3c_closing__r_0.6mm/case_outputs/755__s3c_closing__r_0.6mm/segmentation_repaired.stl,2895184,10.7,0,True,True,0,,,8990187,484,0,5h 1m 11s,301.18333333333334,49.06,16450.59,P2_supports_brim
756,s3c_closing__r_0.6mm,meshes/s3c_closing__r_0.6mm/case_outputs/756__s3c_closing__r_0.6mm/segmentation_repaired.stl,2147284,7.82,0,True,True,0,,,6889103,465,0,3h 53m 36s,233.6,39.02,13082.25,P2_supports_brim
757,s3c_closing__r_0.6mm,meshes/s3c_closing__r_0.6mm/case_outputs/757__s3c_closing__r_0.6mm/segmentation_repaired.stl,3320984,11.37,0,True,True,0,,,10724277,558,0,6h 11m 0s,371.0,61.16,20504.41,P2_supports_brim
758,s3c_closing__r_0.6mm,meshes/s3c_closing__r_0.6mm/case_outputs/758__s3c_closing__r_0.6mm/segmentation_repaired.stl,2634484,9.46,0,True,True,0,,,8710200,679,0,5h 0m 49s,300.81666666666666,46.77,15680.02,P2_supports_brim
759,s3c_closing__r_0.6mm,meshes/s3c_closing__r_0.6mm/case_outputs/759__s3c_closing__r_0.6mm/segmentation_repaired.stl,1913684,6.42,0,True,True,0,,,5658383,534,0,3h 6m 19s,186.31666666666666,31.91,10698.69,P2_supports_brim
760,s3c_closing__r_0.6mm,meshes/s3c_closing__r_0.6mm/case_outputs/760__s3c_closing__r_0.6mm/segmentation_repaired.stl,3485684,12.76,0,True,True,0,,,11043510,496,0,6h 1m 45s,361.75,55.42,18581.19,P2_supports_brim
761,s3c_closing__r_0.6mm,meshes/s3c_closing__r_0.6mm/case_outputs/761__s3c_closing__r_0.6mm/segmentation_repaired.stl,3747284,12.66,0,True,True,0,,,11508070,472,0,6h 14m 57s,374.95,61.71,20690.37,P2_supports_brim
762,s3c_closing__r_0.6mm,meshes/s3c_closing__r_0.6mm/case_outputs/762__s3c_closing__r_0.6mm/segmentation_repaired.stl,3839884,12.78,0,True,True,0,,,12224099,540,0,7h 2m 43s,422.71666666666664,67.94,22779.9,P2_supports_brim
763,s3c_closing__r_0.6mm,meshes/s3c_closing__r_0.6mm/case_outputs/763__s3c_closing__r_0.6mm/segmentation_repaired.stl,3859484,13.46,0,True,True,0,,,12203752,533,0,6h 47m 42s,407.7,66.16,22180.91,P2_supports_brim
764,s3c_closing__r_0.6mm,meshes/s3c_closing__r_0.6mm/case_outputs/764__s3c_closing__r_0.6mm/segmentation_repaired.stl,4801884,15.45,0,True,True,0,,,14328768,439,0,7h 49m 46s,469.76666666666665,75.57,25336.26,P2_supports_brim
765,s3c_closing__r_0.6mm,meshes/s3c_closing__r_0.6mm/case_outputs/765__s3c_closing__r_0.6mm/segmentation_repaired.stl,2904284,10.69,0,True,True,0,,,9268032,496,0,5h 24m 41s,324.68333333333334,54.35,18221.63,P2_supports_brim
766,s3c_closing__r_0.6mm,meshes/s3c_closing__r_0.6mm/case_outputs/766__s3c_closing__r_0.6mm/segmentation_repaired.stl,5370084,17.12,0,True,True,0,,,16255924,579,0,9h 22m 16s,562.2666666666667,94.7,31750.75,P2_supports_brim
767,s3c_closing__r_0.6mm,meshes/s3c_closing__r_0.6mm/case_outputs/767__s3c_closing__r_0.6mm/segmentation_repaired.stl,2406884,8.41,0,True,True,0,,,7552404,526,0,4h 22m 16s,262.26666666666665,45.94,15401.55,P2_supports_brim
768,s3c_closing__r_0.6mm,meshes/s3c_closing__r_0.6mm/case_outputs/768__s3c_closing__r_0.6mm/segmentation_repaired.stl,2841684,9.71,0,True,True,0,,,9354604,577,0,5h 35m 17s,335.28333333333336,63.25,21205.13,P2_supports_brim
769,s3c_closing__r_0.6mm,meshes/s3c_closing__r_0.6mm/case_outputs/769__s3c_closing__r_0.6mm/segmentation_repaired.stl,3689784,13.3,0,True,True,0,,,11047239,436,0,6h 8m 6s,368.1,57.37,19235.07,P2_supports_brim
770,s3c_closing__r_0.6mm,meshes/s3c_closing__r_0.6mm/case_outputs/770__s3c_closing__r_0.6mm/segmentation_repaired.stl,5034184,16.52,0,True,True,0,,,15406448,471,0,8h 22m 16s,502.26666666666665,80.36,26944.99,P2_supports_brim
771,s3c_closing__r_0.6mm,meshes/s3c_closing__r_0.6mm/case_outputs/771__s3c_closing__r_0.6mm/segmentation_repaired.stl,2998484,9.98,0,True,True,0,,,9666540,489,0,5h 42m 3s,342.05,60.41,20254.82,P2_supports_brim
772,s3c_closing__r_0.6mm,meshes/s3c_closing__r_0.6mm/case_outputs/772__s3c_closing__r_0.6mm/segmentation_repaired.stl,3247484,10.72,0,True,True,0,,,9953627,477,0,5h 36m 29s,336.48333333333335,56.27,18867.66,P2_supports_brim
773,s3c_closing__r_0.6mm,meshes/s3c_closing__r_0.6mm/case_outputs/773__s3c_closing__r_0.6mm/segmentation_repaired.stl,2773484,9.45,0,True,True,0,,,8374878,688,0,4h 49m 47s,289.78333333333336,47.73,16002.86,P2_supports_brim
774,s3c_closing__r_0.6mm,meshes/s3c_closing__r_0.6mm/case_outputs/774__s3c_closing__r_0.6mm/segmentation_repaired.stl,2797684,9.59,0,True,True,0,,,8700657,595,0,4h 59m 39s,299.65,49.72,16670.27,P2_supports_brim
775,s3c_closing__r_0.6mm,meshes/s3c_closing__r_0.6mm/case_outputs/775__s3c_closing__r_0.6mm/segmentation_repaired.stl,2424784,8.33,0,True,True,0,,,7480071,543,0,4h 15m 47s,255.78333333333333,46.82,15699.58,P2_supports_brim
776,s3c_closing__r_0.6mm,meshes/s3c_closing__r_0.6mm/case_outputs/776__s3c_closing__r_0.6mm/segmentation_repaired.stl,3437584,12.04,0,True,True,0,,,11683057,461,0,6h 39m 43s,399.71666666666664,64.24,21537.49,P2_supports_brim
777,s3c_closing__r_0.6mm,meshes/s3c_closing__r_0.6mm/case_outputs/777__s3c_closing__r_0.6mm/segmentation_repaired.stl,2812784,9.69,0,True,True,0,,,8842982,520,0,5h 0m 49s,300.81666666666666,49.29,16527.04,P2_supports_brim
778,s3c_closing__r_0.6mm,meshes/s3c_closing__r_0.6mm/case_outputs/778__s3c_closing__r_0.6mm/segmentation_repaired.stl,2820484,9.49,0,True,True,0,,,8605220,517,0,4h 33m 38s,273.6333333333333,41.79,14012.05,P2_supports_brim
779,s3c_closing__r_0.6mm,meshes/s3c_closing__r_0.6mm/case_outputs/779__s3c_closing__r_0.6mm/segmentation_repaired.stl,3548684,12.36,0,True,True,0,,,11660286,571,0,6h 37m 59s,397.98333333333335,65.19,21858.01,P2_supports_brim
780,s3c_closing__r_0.6mm,meshes/s3c_closing__r_0.6mm/case_outputs/780__s3c_closing__r_0.6mm/segmentation_repaired.stl,3990984,13.43,0,True,True,0,,,12590574,446,0,7h 8m 3s,428.05,69.53,23313.65,P2_supports_brim
781,s3c_closing__r_0.6mm,meshes/s3c_closing__r_0.6mm/case_outputs/781__s3c_closing__r_0.6mm/segmentation_repaired.stl,2715984,9.38,0,True,True,0,,,7527400,468,0,4h 9m 23s,249.38333333333333,42.73,14326.11,P2_supports_brim
782,s3c_closing__r_0.6mm,meshes/s3c_closing__r_0.6mm/case_outputs/782__s3c_closing__r_0.6mm/segmentation_repaired.stl,3870284,12.86,0,True,True,0,,,12292577,481,0,6h 58m 24s,418.4,66.27,22220.54,P2_supports_brim
783,s3c_closing__r_0.6mm,meshes/s3c_closing__r_0.6mm/case_outputs/783__s3c_closing__r_0.6mm/segmentation_repaired.stl,2590084,9.22,0,True,True,0,,,8145329,454,0,4h 27m 34s,267.56666666666666,45.62,15296.27,P2_supports_brim
784,s3c_closing__r_0.6mm,meshes/s3c_closing__r_0.6mm/case_outputs/784__s3c_closing__r_0.6mm/segmentation_repaired.stl,2640684,9.59,0,True,True,0,,,8764366,466,0,4h 52m 43s,292.71666666666664,45.27,15178.97,P2_supports_brim
785,s3c_closing__r_0.6mm,meshes/s3c_closing__r_0.6mm/case_outputs/785__s3c_closing__r_0.6mm/segmentation_repaired.stl,1905884,6.38,0,True,True,0,,,5359049,441,0,2h 57m 31s,177.51666666666668,31.19,10456.65,P2_supports_brim
786,s3c_closing__r_0.6mm,meshes/s3c_closing__r_0.6mm/case_outputs/786__s3c_closing__r_0.6mm/segmentation_repaired.stl,2815484,9.36,0,True,True,0,,,8089851,447,0,4h 21m 42s,261.7,43.47,14576.03,P2_supports_brim
787,s3c_closing__r_0.6mm,meshes/s3c_closing__r_0.6mm/case_outputs/787__s3c_closing__r_0.6mm/segmentation_repaired.stl,2588884,8.34,0,True,True,0,,,6851990,462,0,3h 57m 35s,237.58333333333334,39.58,13269.29,P2_supports_brim
788,s3c_closing__r_0.6mm,meshes/s3c_closing__r_0.6mm/case_outputs/788__s3c_closing__r_0.6mm/segmentation_repaired.stl,3889884,13.38,0,True,True,0,,,12200560,654,0,6h 48m 20s,408.3333333333333,63.78,21383.12,P2_supports_brim
789,s3c_closing__r_0.6mm,meshes/s3c_closing__r_0.6mm/case_outputs/789__s3c_closing__r_0.6mm/segmentation_repaired.stl,3208284,11.34,0,True,True,0,,,10349769,589,0,6h 12m 27s,372.45,65.2,21860.77,P2_supports_brim
790,s3c_closing__r_0.6mm,meshes/s3c_closing__r_0.6mm/case_outputs/790__s3c_closing__r_0.6mm/segmentation_repaired.stl,3121084,10.66,0,True,True,0,,,9561759,702,0,5h 10m 39s,310.65,48.74,16340.46,P2_supports_brim
791,s3c_closing__r_0.6mm,meshes/s3c_closing__r_0.6mm/case_outputs/791__s3c_closing__r_0.6mm/segmentation_repaired.stl,4217484,15.02,0,True,True,0,,,13473176,458,0,7h 15m 27s,435.45,70.15,23518.51,P2_supports_brim
792,s3c_closing__r_0.6mm,meshes/s3c_closing__r_0.6mm/case_outputs/792__s3c_closing__r_0.6mm/segmentation_repaired.stl,2446884,9.36,0,True,True,0,,,8191711,471,0,4h 50m 27s,290.45,49.13,16472.52,P2_supports_brim
793,s3c_closing__r_0.6mm,meshes/s3c_closing__r_0.6mm/case_outputs/793__s3c_closing__r_0.6mm/segmentation_repaired.stl,2128584,7.22,0,True,True,0,,,6707599,531,0,3h 53m 36s,233.6,42.52,14257.3,P2_supports_brim
794,s3c_closing__r_0.6mm,meshes/s3c_closing__r_0.6mm/case_outputs/794__s3c_closing__r_0.6mm/segmentation_repaired.stl,4394684,14.52,0,True,True,0,,,13506011,542,0,7h 32m 14s,452.23333333333335,76.18,25540.67,P2_supports_brim
795,s3c_closing__r_0.6mm,meshes/s3c_closing__r_0.6mm/case_outputs/795__s3c_closing__r_0.6mm/segmentation_repaired.stl,2567684,8.83,0,True,True,0,,,8131291,560,0,4h 45m 7s,285.1166666666667,53.39,17900.67,P2_supports_brim
796,s3c_closing__r_0.6mm,meshes/s3c_closing__r_0.6mm/case_outputs/796__s3c_closing__r_0.6mm/segmentation_repaired.stl,3021084,10.29,0,True,True,0,,,10207440,519,0,6h 4m 10s,364.1666666666667,58.91,19751.12,P2_supports_brim
797,s3c_closing__r_0.6mm,meshes/s3c_closing__r_0.6mm/case_outputs/797__s3c_closing__r_0.6mm/segmentation_repaired.stl,3146684,11.15,0,True,True,0,,,9898656,457,0,5h 30m 53s,330.8833333333333,51.66,17321.46,P2_supports_brim
798,s3c_closing__r_0.6mm,meshes/s3c_closing__r_0.6mm/case_outputs/798__s3c_closing__r_0.6mm/segmentation_repaired.stl,4238284,14.7,0,True,True,0,,,13865589,604,0,8h 19m 45s,499.75,78.53,26329.16,P2_supports_brim
799,s3c_closing__r_0.6mm,meshes/s3c_closing__r_0.6mm/case_outputs/799__s3c_closing__r_0.6mm/segmentation_repaired.stl,3664284,12.45,0,True,True,0,,,11470772,514,0,6h 23m 10s,383.1666666666667,60.09,20145.62,P2_supports_brim
800,s3c_closing__r_0.6mm,meshes/s3c_closing__r_0.6mm/case_outputs/800__s3c_closing__r_0.6mm/segmentation_repaired.stl,4122884,13.73,0,True,True,0,,,13513902,525,0,7h 45m 14s,465.23333333333335,74.39,24940.59,P2_supports_brim
801,s3c_closing__r_0.6mm,meshes/s3c_closing__r_0.6mm/case_outputs/801__s3c_closing__r_0.6mm/segmentation_repaired.stl,3951584,13.72,0,True,True,0,,,12564974,406,0,6h 42m 25s,402.4166666666667,63.98,21451.9,P2_supports_brim
802,s3c_closing__r_0.6mm,meshes/s3c_closing__r_0.6mm/case_outputs/802__s3c_closing__r_0.6mm/segmentation_repaired.stl,2660784,9.45,0,True,True,0,,,8844234,514,0,4h 56m 34s,296.56666666666666,50.73,17009.8,P2_supports_brim
803,s3c_closing__r_0.6mm,meshes/s3c_closing__r_0.6mm/case_outputs/803__s3c_closing__r_0.6mm/segmentation_repaired.stl,3364984,12.35,0,True,True,0,,,11453425,573,0,6h 44m 35s,404.5833333333333,59.88,20075.51,P2_supports_brim
804,s3c_closing__r_0.6mm,meshes/s3c_closing__r_0.6mm/case_outputs/804__s3c_closing__r_0.6mm/segmentation_repaired.stl,2519884,8.37,0,True,True,0,,,7395721,513,0,4h 11m 36s,251.6,41.57,13937.88,P2_supports_brim
805,s3c_closing__r_0.6mm,meshes/s3c_closing__r_0.6mm/case_outputs/805__s3c_closing__r_0.6mm/segmentation_repaired.stl,3506484,13.26,0,True,True,0,,,11123059,491,0,6h 8m 56s,368.93333333333334,59.29,19878.22,P2_supports_brim
806,s3c_closing__r_0.6mm,meshes/s3c_closing__r_0.6mm/case_outputs/806__s3c_closing__r_0.6mm/segmentation_repaired.stl,3329884,10.85,0,True,True,0,,,10805032,479,0,6h 4m 53s,364.8833333333333,58.09,19475.32,P2_supports_brim
807,s3c_closing__r_0.6mm,meshes/s3c_closing__r_0.6mm/case_outputs/807__s3c_closing__r_0.6mm/segmentation_repaired.stl,3505584,11.86,0,True,True,0,,,11148554,522,0,6h 19m 21s,379.35,62.25,20872.1,P2_supports_brim
808,s3c_closing__r_0.6mm,meshes/s3c_closing__r_0.6mm/case_outputs/808__s3c_closing__r_0.6mm/segmentation_repaired.stl,3248684,11.15,0,True,True,0,,,9892633,446,0,5h 50m 46s,350.76666666666665,55.82,18714.22,P2_supports_brim
809,s3c_closing__r_0.6mm,meshes/s3c_closing__r_0.6mm/case_outputs/809__s3c_closing__r_0.6mm/segmentation_repaired.stl,835284,2.83,0,True,True,0,,,2316383,372,0,1h 19m 55s,79.91666666666667,14.85,4978.16,P2_supports_brim
810,s3c_closing__r_0.6mm,meshes/s3c_closing__r_0.6mm/case_outputs/810__s3c_closing__r_0.6mm/segmentation_repaired.stl,3099784,11.13,0,True,True,0,,,11174389,605,0,6h 53m 2s,413.03333333333336,74.66,25033.56,P2_supports_brim
811,s3c_closing__r_0.6mm,meshes/s3c_closing__r_0.6mm/case_outputs/811__s3c_closing__r_0.6mm/segmentation_repaired.stl,2813084,9.21,0,True,True,0,,,7945299,430,0,4h 20m 33s,260.55,40.76,13666.02,P2_supports_brim
812,s3c_closing__r_0.6mm,meshes/s3c_closing__r_0.6mm/case_outputs/812__s3c_closing__r_0.6mm/segmentation_repaired.stl,4050984,12.94,0,True,True,0,,,11687012,431,0,6h 49m 33s,409.55,65.01,21797.48,P2_supports_brim
813,s3c_closing__r_0.6mm,meshes/s3c_closing__r_0.6mm/case_outputs/813__s3c_closing__r_0.6mm/segmentation_repaired.stl,2369784,8.64,0,True,True,0,,,7170664,498,0,4h 2m 11s,242.18333333333334,39.86,13364.23,P2_supports_brim
814,s3c_closing__r_0.6mm,meshes/s3c_closing__r_0.6mm/case_outputs/814__s3c_closing__r_0.6mm/segmentation_repaired.stl,3911184,12.94,0,True,True,0,,,12549207,494,0,7h 9m 8s,429.1333333333333,72.68,24370.05,P2_supports_brim
815,s3c_closing__r_0.6mm,meshes/s3c_closing__r_0.6mm/case_outputs/815__s3c_closing__r_0.6mm/segmentation_repaired.stl,4008084,13.73,0,True,True,0,,,12190515,558,0,6h 49m 56s,409.93333333333334,64.69,21689.07,P2_supports_brim
816,s3c_closing__r_0.6mm,meshes/s3c_closing__r_0.6mm/case_outputs/816__s3c_closing__r_0.6mm/segmentation_repaired.stl,2279784,7.88,0,True,True,0,,,6680276,625,0,3h 50m 6s,230.1,39.74,13325.61,P2_supports_brim
817,s3c_closing__r_0.6mm,meshes/s3c_closing__r_0.6mm/case_outputs/817__s3c_closing__r_0.6mm/segmentation_repaired.stl,3306284,11.34,0,True,True,0,,,9039783,455,0,4h 57m 33s,297.55,44.99,15083.71,P2_supports_brim
818,s3c_closing__r_0.6mm,meshes/s3c_closing__r_0.6mm/case_outputs/818__s3c_closing__r_0.6mm/segmentation_repaired.stl,2805084,9.09,0,True,True,0,,,8966009,528,0,5h 4m 50s,304.8333333333333,49.61,16632.36,P2_supports_brim
819,s3c_closing__r_0.6mm,meshes/s3c_closing__r_0.6mm/case_outputs/819__s3c_closing__r_0.6mm/segmentation_repaired.stl,3623884,12.0,0,True,True,0,,,10410930,515,0,5h 39m 25s,339.4166666666667,57.95,19430.69,P2_supports_brim
820,s3c_closing__r_0.6mm,meshes/s3c_closing__r_0.6mm/case_outputs/820__s3c_closing__r_0.6mm/segmentation_repaired.stl,2899284,10.05,0,True,True,0,,,8965137,520,0,5h 2m 50s,302.8333333333333,53.84,18051.38,P2_supports_brim
821,s3c_closing__r_0.6mm,meshes/s3c_closing__r_0.6mm/case_outputs/821__s3c_closing__r_0.6mm/segmentation_repaired.stl,2290684,7.88,0,True,True,0,,,7207811,753,0,4h 16m 18s,256.3,44.76,15006.74,P2_supports_brim
822,s3c_closing__r_0.6mm,meshes/s3c_closing__r_0.6mm/case_outputs/822__s3c_closing__r_0.6mm/segmentation_repaired.stl,4063384,14.21,0,True,True,0,,,12954479,487,0,7h 25m 33s,445.55,68.55,22983.26,P2_supports_brim
823,s3c_closing__r_0.6mm,meshes/s3c_closing__r_0.6mm/case_outputs/823__s3c_closing__r_0.6mm/segmentation_repaired.stl,2982984,9.82,0,True,True,0,,,9065615,442,0,5h 10m 20s,310.3333333333333,51.28,17194.43,P2_supports_brim
824,s3c_closing__r_0.6mm,meshes/s3c_closing__r_0.6mm/case_outputs/824__s3c_closing__r_0.6mm/segmentation_repaired.stl,2446284,8.13,0,True,True,0,,,7509078,597,0,4h 19m 36s,259.6,45.06,15107.49,P2_supports_brim
825,s3c_closing__r_0.6mm,meshes/s3c_closing__r_0.6mm/case_outputs/825__s3c_closing__r_0.6mm/segmentation_repaired.stl,2710784,10.53,0,True,True,0,,,8158144,438,0,4h 30m 46s,270.76666666666665,42.48,14243.82,P2_supports_brim
826,s3c_closing__r_0.6mm,meshes/s3c_closing__r_0.6mm/case_outputs/826__s3c_closing__r_0.6mm/segmentation_repaired.stl,4685884,15.53,0,True,True,0,,,14841780,424,0,7h 58m 14s,478.23333333333335,74.57,25001.16,P2_supports_brim
827,s3c_closing__r_0.6mm,meshes/s3c_closing__r_0.6mm/case_outputs/827__s3c_closing__r_0.6mm/segmentation_repaired.stl,3455984,12.0,0,True,True,0,,,11915590,570,0,7h 14m 37s,434.6166666666667,74.15,24860.12,P2_supports_brim
828,s3c_closing__r_0.6mm,meshes/s3c_closing__r_0.6mm/case_outputs/828__s3c_closing__r_0.6mm/segmentation_repaired.stl,4068784,13.37,0,True,True,0,,,11977666,478,0,6h 35m 8s,395.1333333333333,64.36,21577.57,P2_supports_brim
829,s3c_closing__r_0.6mm,meshes/s3c_closing__r_0.6mm/case_outputs/829__s3c_closing__r_0.6mm/segmentation_repaired.stl,3948184,12.98,0,True,True,0,,,11999406,465,0,6h 59m 19s,419.31666666666666,69.33,23245.61,P2_supports_brim
830,s3c_closing__r_0.6mm,meshes/s3c_closing__r_0.6mm/case_outputs/830__s3c_closing__r_0.6mm/segmentation_repaired.stl,2836384,9.51,0,True,True,0,,,9042864,474,0,5h 10m 29s,310.48333333333335,52.43,17577.95,P2_supports_brim
831,s3c_closing__r_0.6mm,meshes/s3c_closing__r_0.6mm/case_outputs/831__s3c_closing__r_0.6mm/segmentation_repaired.stl,3647584,12.01,0,True,True,0,,,10789814,621,0,6h 27m 13s,387.21666666666664,68.78,23061.91,P2_supports_brim
832,s3c_closing__r_0.6mm,meshes/s3c_closing__r_0.6mm/case_outputs/832__s3c_closing__r_0.6mm/segmentation_repaired.stl,3803684,12.37,0,True,True,0,,,11359335,481,0,6h 12m 43s,372.71666666666664,61.64,20668.42,P2_supports_brim
833,s3c_closing__r_0.6mm,meshes/s3c_closing__r_0.6mm/case_outputs/833__s3c_closing__r_0.6mm/segmentation_repaired.stl,3096084,10.02,0,True,True,0,,,8997389,456,0,4h 57m 3s,297.05,48.5,16260.85,P2_supports_brim
834,s3c_closing__r_0.6mm,meshes/s3c_closing__r_0.6mm/case_outputs/834__s3c_closing__r_0.6mm/segmentation_repaired.stl,3745984,12.52,0,True,True,0,,,11900773,515,0,6h 38m 18s,398.3,64.86,21748.08,P2_supports_brim
835,s3c_closing__r_0.6mm,meshes/s3c_closing__r_0.6mm/case_outputs/835__s3c_closing__r_0.6mm/segmentation_repaired.stl,2644484,9.38,0,True,True,0,,,8087326,494,0,4h 31m 3s,271.05,44.46,14907.23,P2_supports_brim
836,s3c_closing__r_0.6mm,meshes/s3c_closing__r_0.6mm/case_outputs/836__s3c_closing__r_0.6mm/segmentation_repaired.stl,2429684,8.72,0,True,True,0,,,8032138,514,0,4h 37m 45s,277.75,46.83,15702.58,P2_supports_brim
837,s3c_closing__r_0.6mm,meshes/s3c_closing__r_0.6mm/case_outputs/837__s3c_closing__r_0.6mm/segmentation_repaired.stl,3521484,11.96,0,True,True,0,,,11060072,468,0,5h 56m 55s,356.9166666666667,57.38,19238.53,P2_supports_brim
838,s3c_closing__r_0.6mm,meshes/s3c_closing__r_0.6mm/case_outputs/838__s3c_closing__r_0.6mm/segmentation_repaired.stl,3069484,10.66,0,True,True,0,,,9629526,537,0,5h 11m 19s,311.31666666666666,48.78,16355.97,P2_supports_brim
839,s3c_closing__r_0.6mm,meshes/s3c_closing__r_0.6mm/case_outputs/839__s3c_closing__r_0.6mm/segmentation_repaired.stl,2852084,9.43,0,True,True,0,,,8921978,574,0,5h 21m 7s,321.1166666666667,55.53,18616.73,P2_supports_brim
840,s3c_closing__r_0.6mm,meshes/s3c_closing__r_0.6mm/case_outputs/840__s3c_closing__r_0.6mm/segmentation_repaired.stl,3290084,11.51,0,True,True,0,,,10230482,477,0,5h 44m 36s,344.6,55.33,18551.91,P2_supports_brim
841,s3c_closing__r_0.6mm,meshes/s3c_closing__r_0.6mm/case_outputs/841__s3c_closing__r_0.6mm/segmentation_repaired.stl,2342884,7.98,0,True,True,0,,,6717310,505,0,3h 40m 21s,220.35,36.48,12230.19,P2_supports_brim
842,s3c_closing__r_0.6mm,meshes/s3c_closing__r_0.6mm/case_outputs/842__s3c_closing__r_0.6mm/segmentation_repaired.stl,3233884,11.34,0,True,True,0,,,10121895,547,0,5h 37m 23s,337.3833333333333,54.07,18130.24,P2_supports_brim
843,s3c_closing__r_0.6mm,meshes/s3c_closing__r_0.6mm/case_outputs/843__s3c_closing__r_0.6mm/segmentation_repaired.stl,2531684,8.5,0,True,True,0,,,7659777,435,0,4h 8m 8s,248.13333333333333,40.21,13483.15,P2_supports_brim
844,s3c_closing__r_0.6mm,meshes/s3c_closing__r_0.6mm/case_outputs/844__s3c_closing__r_0.6mm/segmentation_repaired.stl,2965884,9.61,0,True,True,0,,,9396879,470,0,5h 43m 21s,343.35,56.99,19108.95,P2_supports_brim
845,s3c_closing__r_0.6mm,meshes/s3c_closing__r_0.6mm/case_outputs/845__s3c_closing__r_0.6mm/segmentation_repaired.stl,3492484,12.45,0,True,True,0,,,11211399,747,0,6h 39m 33s,399.55,63.47,21280.73,P2_supports_brim
846,s3c_closing__r_0.6mm,meshes/s3c_closing__r_0.6mm/case_outputs/846__s3c_closing__r_0.6mm/segmentation_repaired.stl,2885684,10.05,0,True,True,0,,,8387831,544,0,4h 48m 3s,288.05,46.85,15707.14,P2_supports_brim
847,s3c_closing__r_0.6mm,meshes/s3c_closing__r_0.6mm/case_outputs/847__s3c_closing__r_0.6mm/segmentation_repaired.stl,2851084,9.59,0,True,True,0,,,9123697,611,0,5h 22m 47s,322.78333333333336,54.69,18337.93,P2_supports_brim
848,s3c_closing__r_0.6mm,meshes/s3c_closing__r_0.6mm/case_outputs/848__s3c_closing__r_0.6mm/segmentation_repaired.stl,1792784,6.06,0,True,True,0,,,5417751,444,0,2h 57m 11s,177.18333333333334,29.08,9749.55,P2_supports_brim
849,s3c_closing__r_0.6mm,meshes/s3c_closing__r_0.6mm/case_outputs/849__s3c_closing__r_0.6mm/segmentation_repaired.stl,4121684,13.63,0,True,True,0,,,12856071,477,0,7h 8m 51s,428.85,66.7,22362.63,P2_supports_brim
850,s3c_closing__r_0.6mm,meshes/s3c_closing__r_0.6mm/case_outputs/850__s3c_closing__r_0.6mm/segmentation_repaired.stl,2206584,8.4,0,True,True,0,,,7172385,506,0,4h 17m 4s,257.06666666666666,40.59,13608.71,P2_supports_brim
851,s3c_closing__r_0.6mm,meshes/s3c_closing__r_0.6mm/case_outputs/851__s3c_closing__r_0.6mm/segmentation_repaired.stl,2939884,9.42,0,True,True,0,,,8564010,454,0,4h 38m 40s,278.6666666666667,43.98,14745.61,P2_supports_brim
852,s3c_closing__r_0.6mm,meshes/s3c_closing__r_0.6mm/case_outputs/852__s3c_closing__r_0.6mm/segmentation_repaired.stl,4005384,13.18,0,True,True,0,,,11745793,420,0,6h 50m 18s,410.3,68.85,23085.5,P2_supports_brim
853,s3c_closing__r_0.6mm,meshes/s3c_closing__r_0.6mm/case_outputs/853__s3c_closing__r_0.6mm/segmentation_repaired.stl,2411984,8.33,0,True,True,0,,,7427338,496,0,4h 5m 1s,245.01666666666668,39.29,13172.44,P2_supports_brim
854,s3c_closing__r_0.6mm,meshes/s3c_closing__r_0.6mm/case_outputs/854__s3c_closing__r_0.6mm/segmentation_repaired.stl,2732284,9.77,0,True,True,0,,,8708920,497,0,4h 53m 26s,293.43333333333334,49.52,16604.68,P2_supports_brim
855,s3c_closing__r_0.6mm,meshes/s3c_closing__r_0.6mm/case_outputs/855__s3c_closing__r_0.6mm/segmentation_repaired.stl,3989284,16.21,0,True,True,0,,,15755270,742,0,9h 51m 5s,591.0833333333334,101.84,34145.9,P2_supports_brim
856,s3c_closing__r_0.6mm,meshes/s3c_closing__r_0.6mm/case_outputs/856__s3c_closing__r_0.6mm/segmentation_repaired.stl,3457184,12.37,0,True,True,0,,,10975266,487,0,6h 20m 49s,380.81666666666666,61.58,20646.21,P2_supports_brim
857,s3c_closing__r_0.6mm,meshes/s3c_closing__r_0.6mm/case_outputs/857__s3c_closing__r_0.6mm/segmentation_repaired.stl,4939484,18.53,0,True,True,0,,,16360340,461,0,9h 18m 42s,558.7,90.83,30454.51,P2_supports_brim
858,s3c_closing__r_0.6mm,meshes/s3c_closing__r_0.6mm/case_outputs/858__s3c_closing__r_0.6mm/segmentation_repaired.stl,2754584,9.48,0,True,True,0,,,8967898,502,0,5h 4m 36s,304.6,53.07,17792.26,P2_supports_brim
859,s3c_closing__r_0.6mm,meshes/s3c_closing__r_0.6mm/case_outputs/859__s3c_closing__r_0.6mm/segmentation_repaired.stl,4125584,15.17,0,True,True,0,,,14088115,568,0,8h 22m 56s,502.93333333333334,83.28,27923.51,P2_supports_brim
860,s3c_closing__r_0.6mm,meshes/s3c_closing__r_0.6mm/case_outputs/860__s3c_closing__r_0.6mm/segmentation_repaired.stl,3092784,10.54,0,True,True,0,,,9437427,482,0,5h 17m 59s,317.98333333333335,53.79,18035.29,P2_supports_brim
861,s3c_closing__r_0.6mm,meshes/s3c_closing__r_0.6mm/case_outputs/861__s3c_closing__r_0.6mm/segmentation_repaired.stl,1608684,6.77,0,True,True,0,,,5203411,590,0,3h 16m 46s,196.76666666666668,35.67,11958.28,P2_supports_brim
862,s3c_closing__r_0.6mm,meshes/s3c_closing__r_0.6mm/case_outputs/862__s3c_closing__r_0.6mm/segmentation_repaired.stl,3761884,12.24,0,True,True,0,,,12965459,661,0,7h 52m 15s,472.25,84.1,28196.65,P2_supports_brim
863,s3c_closing__r_0.6mm,meshes/s3c_closing__r_0.6mm/case_outputs/863__s3c_closing__r_0.6mm/segmentation_repaired.stl,3045784,11.24,0,True,True,0,,,11349239,612,0,7h 6m 20s,426.3333333333333,82.28,27586.38,P2_supports_brim
864,s3c_closing__r_0.6mm,meshes/s3c_closing__r_0.6mm/case_outputs/864__s3c_closing__r_0.6mm/segmentation_repaired.stl,3894584,13.95,0,True,True,0,,,13725156,525,0,8h 2m 50s,482.8333333333333,80.05,26840.29,P2_supports_brim
865,s3c_closing__r_0.6mm,meshes/s3c_closing__r_0.6mm/case_outputs/865__s3c_closing__r_0.6mm/segmentation_repaired.stl,2525884,9.01,0,True,True,0,,,7974278,590,0,4h 51m 27s,291.45,53.44,17916.82,P2_supports_brim
866,s3c_closing__r_0.6mm,meshes/s3c_closing__r_0.6mm/case_outputs/866__s3c_closing__r_0.6mm/segmentation_repaired.stl,3647184,12.93,0,True,True,0,,,11128044,490,0,6h 0m 31s,360.51666666666665,57.45,19262.69,P2_supports_brim
867,s3c_closing__r_0.6mm,meshes/s3c_closing__r_0.6mm/case_outputs/867__s3c_closing__r_0.6mm/segmentation_repaired.stl,4645884,16.02,0,True,True,0,,,15013924,594,0,8h 40m 12s,520.2,84.18,28224.22,P2_supports_brim
868,s3c_closing__r_0.6mm,meshes/s3c_closing__r_0.6mm/case_outputs/868__s3c_closing__r_0.6mm/segmentation_repaired.stl,1712984,6.17,0,True,True,0,,,5385926,394,0,3h 15m 28s,195.46666666666667,29.51,9893.86,P2_supports_brim
869,s3c_closing__r_0.6mm,meshes/s3c_closing__r_0.6mm/case_outputs/869__s3c_closing__r_0.6mm/segmentation_repaired.stl,3397284,12.06,0,True,True,0,,,10654322,506,0,6h 8m 41s,368.68333333333334,61.46,20607.35,P2_supports_brim
870,s3c_closing__r_0.6mm,meshes/s3c_closing__r_0.6mm/case_outputs/870__s3c_closing__r_0.6mm/segmentation_repaired.stl,2683584,10.02,0,True,True,0,,,8740766,484,0,4h 55m 57s,295.95,48.2,16160.5,P2_supports_brim
871,s3c_closing__r_0.6mm,meshes/s3c_closing__r_0.6mm/case_outputs/871__s3c_closing__r_0.6mm/segmentation_repaired.stl,3027784,11.19,0,True,True,0,,,9202308,561,0,5h 13m 48s,313.8,48.82,16367.01,P2_supports_brim
872,s3c_closing__r_0.6mm,meshes/s3c_closing__r_0.6mm/case_outputs/872__s3c_closing__r_0.6mm/segmentation_repaired.stl,2702084,10.23,0,True,True,0,,,8462053,505,0,4h 49m 33s,289.55,45.34,15201.07,P2_supports_brim
873,s3c_closing__r_0.6mm,meshes/s3c_closing__r_0.6mm/case_outputs/873__s3c_closing__r_0.6mm/segmentation_repaired.stl,3386584,11.26,0,True,True,0,,,10285097,488,0,6h 8m 46s,368.76666666666665,61.33,20562.25,P2_supports_brim
874,s3c_closing__r_0.6mm,meshes/s3c_closing__r_0.6mm/case_outputs/874__s3c_closing__r_0.6mm/segmentation_repaired.stl,2747484,9.39,0,True,True,0,,,8250305,487,0,4h 43m 39s,283.65,49.41,16567.5,P2_supports_brim
875,s3c_closing__r_0.6mm,meshes/s3c_closing__r_0.6mm/case_outputs/875__s3c_closing__r_0.6mm/segmentation_repaired.stl,3791684,13.58,0,True,True,0,,,12111890,450,0,6h 37m 10s,397.1666666666667,62.44,20936.61,P2_supports_brim
876,s3c_closing__r_0.6mm,meshes/s3c_closing__r_0.6mm/case_outputs/876__s3c_closing__r_0.6mm/segmentation_repaired.stl,2710884,9.43,0,True,True,0,,,8515896,516,0,5h 5m 53s,305.8833333333333,52.28,17530.29,P2_supports_brim
877,s3c_closing__r_0.6mm,meshes/s3c_closing__r_0.6mm/case_outputs/877__s3c_closing__r_0.6mm/segmentation_repaired.stl,3153284,10.79,0,True,True,0,,,10550103,525,0,6h 1m 50s,361.8333333333333,57.01,19114.07,P2_supports_brim
878,s3c_closing__r_0.6mm,meshes/s3c_closing__r_0.6mm/case_outputs/878__s3c_closing__r_0.6mm/segmentation_repaired.stl,2866084,9.55,0,True,True,0,,,8414821,503,0,4h 31m 57s,271.95,44.09,14783.04,P2_supports_brim
879,s3c_closing__r_0.6mm,meshes/s3c_closing__r_0.6mm/case_outputs/879__s3c_closing__r_0.6mm/segmentation_repaired.stl,3219484,10.84,0,True,True,0,,,10580280,629,0,6h 5m 8s,365.1333333333333,66.39,22260.36,P2_supports_brim
880,s3c_closing__r_0.6mm,meshes/s3c_closing__r_0.6mm/case_outputs/880__s3c_closing__r_0.6mm/segmentation_repaired.stl,2265984,7.97,0,True,True,0,,,7042095,502,0,4h 2m 46s,242.76666666666668,43.79,14680.71,P2_supports_brim
881,s3c_closing__r_0.6mm,meshes/s3c_closing__r_0.6mm/case_outputs/881__s3c_closing__r_0.6mm/segmentation_repaired.stl,3032784,10.35,0,True,True,0,,,10035221,491,0,5h 59m 41s,359.68333333333334,59.51,19951.18,P2_supports_brim
882,s3c_closing__r_0.6mm,meshes/s3c_closing__r_0.6mm/case_outputs/882__s3c_closing__r_0.6mm/segmentation_repaired.stl,3961784,13.3,0,True,True,0,,,11620595,473,0,6h 38m 57s,398.95,63.18,21182.08,P2_supports_brim
883,s3c_closing__r_0.6mm,meshes/s3c_closing__r_0.6mm/case_outputs/883__s3c_closing__r_0.6mm/segmentation_repaired.stl,3020984,10.53,0,True,True,0,,,9472005,511,0,5h 34m 10s,334.1666666666667,54.21,18174.63,P2_supports_brim
884,s3c_closing__r_0.6mm,meshes/s3c_closing__r_0.6mm/case_outputs/884__s3c_closing__r_0.6mm/segmentation_repaired.stl,1881884,6.51,0,True,True,0,,,6100892,482,0,3h 27m 48s,207.8,36.3,12170.67,P2_supports_brim
885,s3c_closing__r_0.6mm,meshes/s3c_closing__r_0.6mm/case_outputs/885__s3c_closing__r_0.6mm/segmentation_repaired.stl,2723384,9.32,0,True,True,0,,,9173855,489,0,5h 25m 18s,325.3,54.16,18157.63,P2_supports_brim
886,s3c_closing__r_0.6mm,meshes/s3c_closing__r_0.6mm/case_outputs/886__s3c_closing__r_0.6mm/segmentation_repaired.stl,4387184,15.33,0,True,True,0,,,13423137,439,0,7h 0m 13s,420.21666666666664,67.74,22711.94,P2_supports_brim
887,s3c_closing__r_0.6mm,meshes/s3c_closing__r_0.6mm/case_outputs/887__s3c_closing__r_0.6mm/segmentation_repaired.stl,3433984,11.45,0,True,True,0,,,10518210,679,0,6h 11m 59s,371.98333333333335,57.87,19401.59,P2_supports_brim
888,s3c_closing__r_0.6mm,meshes/s3c_closing__r_0.6mm/case_outputs/888__s3c_closing__r_0.6mm/segmentation_repaired.stl,2122284,7.26,0,True,True,0,,,6364561,532,0,3h 38m 25s,218.41666666666666,37.6,12605.21,P2_supports_brim
889,s3c_closing__r_0.6mm,meshes/s3c_closing__r_0.6mm/case_outputs/889__s3c_closing__r_0.6mm/segmentation_repaired.stl,2307084,8.35,0,True,True,0,,,7341372,607,0,4h 13m 7s,253.11666666666667,42.15,14133.01,P2_supports_brim
890,s3c_closing__r_0.6mm,meshes/s3c_closing__r_0.6mm/case_outputs/890__s3c_closing__r_0.6mm/segmentation_repaired.stl,2289884,7.64,0,True,True,0,,,6954365,495,0,3h 46m 16s,226.26666666666668,37.49,12571.35,P2_supports_brim
891,s3c_closing__r_0.6mm,meshes/s3c_closing__r_0.6mm/case_outputs/891__s3c_closing__r_0.6mm/segmentation_repaired.stl,2419584,8.4,0,True,True,0,,,7609172,554,0,4h 22m 53s,262.8833333333333,42.47,14240.72,P2_supports_brim
892,s3c_closing__r_0.6mm,meshes/s3c_closing__r_0.6mm/case_outputs/892__s3c_closing__r_0.6mm/segmentation_repaired.stl,3843384,14.23,0,True,True,0,,,12431310,464,0,7h 25m 2s,445.03333333333336,72.43,24285.55,P2_supports_brim
893,s3c_closing__r_0.6mm,meshes/s3c_closing__r_0.6mm/case_outputs/893__s3c_closing__r_0.6mm/segmentation_repaired.stl,3066584,11.46,0,True,True,0,,,9639170,618,0,5h 36m 49s,336.81666666666666,58.54,19626.16,P2_supports_brim
894,s3c_closing__r_0.6mm,meshes/s3c_closing__r_0.6mm/case_outputs/894__s3c_closing__r_0.6mm/segmentation_repaired.stl,3488884,12.09,0,True,True,0,,,10848589,490,0,6h 18m 12s,378.2,62.68,21014.79,P2_supports_brim
895,s3c_closing__r_0.6mm,meshes/s3c_closing__r_0.6mm/case_outputs/895__s3c_closing__r_0.6mm/segmentation_repaired.stl,3655884,13.55,0,True,True,0,,,11503785,376,0,6h 9m 5s,369.0833333333333,60.06,20137.03,P2_supports_brim
896,s3c_closing__r_0.6mm,meshes/s3c_closing__r_0.6mm/case_outputs/896__s3c_closing__r_0.6mm/segmentation_repaired.stl,1960384,7.3,0,True,True,0,,,6953607,531,0,4h 7m 26s,247.43333333333334,42.46,14234.74,P2_supports_brim
897,s3c_closing__r_0.6mm,meshes/s3c_closing__r_0.6mm/case_outputs/897__s3c_closing__r_0.6mm/segmentation_repaired.stl,3361484,12.61,0,True,True,0,,,10474016,453,0,5h 48m 26s,348.43333333333334,56.12,18815.4,P2_supports_brim
898,s3c_closing__r_0.6mm,meshes/s3c_closing__r_0.6mm/case_outputs/898__s3c_closing__r_0.6mm/segmentation_repaired.stl,3780584,13.19,0,True,True,0,,,11617572,407,0,6h 15m 54s,375.9,59.13,19825.85,P2_supports_brim
899,s3c_closing__r_0.6mm,meshes/s3c_closing__r_0.6mm/case_outputs/899__s3c_closing__r_0.6mm/segmentation_repaired.stl,2693084,9.83,0,True,True,0,,,8575499,580,0,4h 56m 18s,296.3,52.3,17534.5,P2_supports_brim
900,s3c_closing__r_0.6mm,meshes/s3c_closing__r_0.6mm/case_outputs/900__s3c_closing__r_0.6mm/segmentation_repaired.stl,2714584,9.65,0,True,True,0,,,8066964,426,0,4h 27m 56s,267.93333333333334,41.7,13981.75,P2_supports_brim
901,s3c_closing__r_0.6mm,meshes/s3c_closing__r_0.6mm/case_outputs/901__s3c_closing__r_0.6mm/segmentation_repaired.stl,3154884,11.96,0,True,True,0,,,10480362,606,0,6h 36m 16s,396.26666666666665,71.89,24102.04,P2_supports_brim
902,s3c_closing__r_0.6mm,meshes/s3c_closing__r_0.6mm/case_outputs/902__s3c_closing__r_0.6mm/segmentation_repaired.stl,3941484,14.89,0,True,True,0,,,12498327,500,0,6h 37m 38s,397.6333333333333,62.15,20836.31,P2_supports_brim
903,s3c_closing__r_0.6mm,meshes/s3c_closing__r_0.6mm/case_outputs/903__s3c_closing__r_0.6mm/segmentation_repaired.stl,2914084,10.12,0,True,True,0,,,8697986,482,0,4h 56m 12s,296.2,48.66,16313.94,P2_supports_brim
904,s3c_closing__r_0.6mm,meshes/s3c_closing__r_0.6mm/case_outputs/904__s3c_closing__r_0.6mm/segmentation_repaired.stl,3381984,12.56,0,True,True,0,,,10771817,379,0,5h 55m 52s,355.8666666666667,56.79,19039.93,P2_supports_brim
905,s3c_closing__r_0.6mm,meshes/s3c_closing__r_0.6mm/case_outputs/905__s3c_closing__r_0.6mm/segmentation_repaired.stl,3138684,11.83,0,True,True,0,,,9807748,474,0,5h 36m 2s,336.03333333333336,54.14,18153.51,P2_supports_brim
906,s3c_closing__r_0.6mm,meshes/s3c_closing__r_0.6mm/case_outputs/906__s3c_closing__r_0.6mm/segmentation_repaired.stl,2532384,8.61,0,True,True,0,,,7766750,471,0,4h 16m 33s,256.55,41.39,13876.4,P2_supports_brim
907,s3c_closing__r_0.6mm,meshes/s3c_closing__r_0.6mm/case_outputs/907__s3c_closing__r_0.6mm/segmentation_repaired.stl,2693384,10.44,0,True,True,0,,,8879256,411,0,4h 59m 36s,299.6,48.41,16230.98,P2_supports_brim
908,s3c_closing__r_0.6mm,meshes/s3c_closing__r_0.6mm/case_outputs/908__s3c_closing__r_0.6mm/segmentation_repaired.stl,3163784,11.56,0,True,True,0,,,10010570,508,0,5h 44m 26s,344.43333333333334,55.95,18758.22,P2_supports_brim
909,s3c_closing__r_0.6mm,meshes/s3c_closing__r_0.6mm/case_outputs/909__s3c_closing__r_0.6mm/segmentation_repaired.stl,2584984,9.29,0,True,True,0,,,8837239,529,0,5h 14m 4s,314.06666666666666,54.77,18363.71,P2_supports_brim
910,s3c_closing__r_0.6mm,meshes/s3c_closing__r_0.6mm/case_outputs/910__s3c_closing__r_0.6mm/segmentation_repaired.stl,3887084,13.85,0,True,True,0,,,12416877,488,0,6h 48m 18s,408.3,66.26,22217.05,P2_supports_brim
911,s3c_closing__r_0.6mm,meshes/s3c_closing__r_0.6mm/case_outputs/911__s3c_closing__r_0.6mm/segmentation_repaired.stl,2796184,10.69,0,True,True,0,,,8503541,507,0,4h 44m 48s,284.8,47.55,15941.42,P2_supports_brim
912,s3c_closing__r_0.6mm,meshes/s3c_closing__r_0.6mm/case_outputs/912__s3c_closing__r_0.6mm/segmentation_repaired.stl,3151984,11.58,0,True,True,0,,,10521716,554,0,6h 30m 32s,390.53333333333336,64.71,21696.8,P2_supports_brim
913,s3c_closing__r_0.6mm,meshes/s3c_closing__r_0.6mm/case_outputs/913__s3c_closing__r_0.6mm/segmentation_repaired.stl,3494884,12.54,0,True,True,0,,,11276227,452,0,6h 20m 51s,380.85,60.83,20396.48,P2_supports_brim
914,s3c_closing__r_0.6mm,meshes/s3c_closing__r_0.6mm/case_outputs/914__s3c_closing__r_0.6mm/segmentation_repaired.stl,2217084,7.63,0,True,True,0,,,7186682,566,0,4h 8m 57s,248.95,41.44,13893.24,P2_supports_brim
915,s3c_closing__r_0.6mm,meshes/s3c_closing__r_0.6mm/case_outputs/915__s3c_closing__r_0.6mm/segmentation_repaired.stl,4114084,13.72,0,True,True,0,,,12874398,531,0,7h 11m 6s,431.1,70.73,23715.19,P2_supports_brim
916,s3c_closing__r_0.6mm,meshes/s3c_closing__r_0.6mm/case_outputs/916__s3c_closing__r_0.6mm/segmentation_repaired.stl,3143384,11.84,0,True,True,0,,,10116443,562,0,5h 49m 26s,349.43333333333334,57.42,19251.7,P2_supports_brim
917,s3c_closing__r_0.6mm,meshes/s3c_closing__r_0.6mm/case_outputs/917__s3c_closing__r_0.6mm/segmentation_repaired.stl,3784884,12.22,0,True,True,0,,,11837360,447,0,6h 52m 5s,412.0833333333333,68.55,22982.25,P2_supports_brim
918,s3c_closing__r_0.6mm,meshes/s3c_closing__r_0.6mm/case_outputs/918__s3c_closing__r_0.6mm/segmentation_repaired.stl,2600784,8.91,0,True,True,0,,,7905506,472,0,4h 16m 6s,256.1,40.3,13512.97,P2_supports_brim
919,s3c_closing__r_0.6mm,meshes/s3c_closing__r_0.6mm/case_outputs/919__s3c_closing__r_0.6mm/segmentation_repaired.stl,2998584,10.69,0,True,True,0,,,9498452,517,0,5h 38m 28s,338.46666666666664,60.28,20211.24,P2_supports_brim
920,s3c_closing__r_0.6mm,meshes/s3c_closing__r_0.6mm/case_outputs/920__s3c_closing__r_0.6mm/segmentation_repaired.stl,3186084,10.52,0,True,True,0,,,10045182,512,0,5h 46m 32s,346.53333333333336,60.14,20164.25,P2_supports_brim
921,s3c_closing__r_0.6mm,meshes/s3c_closing__r_0.6mm/case_outputs/921__s3c_closing__r_0.6mm/segmentation_repaired.stl,3201584,11.1,0,True,True,0,,,10336125,469,0,6h 8m 17s,368.28333333333336,60.14,20162.83,P2_supports_brim
922,s3c_closing__r_0.6mm,meshes/s3c_closing__r_0.6mm/case_outputs/922__s3c_closing__r_0.6mm/segmentation_repaired.stl,1640684,6.34,0,True,True,0,,,5261358,359,0,2h 55m 18s,175.3,27.74,9300.98,P2_supports_brim
923,s3c_closing__r_0.6mm,meshes/s3c_closing__r_0.6mm/case_outputs/923__s3c_closing__r_0.6mm/segmentation_repaired.stl,3620884,12.16,0,True,True,0,,,11229988,640,0,6h 30m 57s,390.95,70.82,23745.09,P2_supports_brim
924,s3c_closing__r_0.6mm,meshes/s3c_closing__r_0.6mm/case_outputs/924__s3c_closing__r_0.6mm/segmentation_repaired.stl,3757784,13.31,0,True,True,0,,,10824382,757,0,5h 53m 17s,353.28333333333336,55.51,18612.4,P2_supports_brim
925,s3c_closing__r_0.6mm,meshes/s3c_closing__r_0.6mm/case_outputs/925__s3c_closing__r_0.6mm/segmentation_repaired.stl,3255684,11.4,0,True,True,0,,,11760708,598,0,7h 20m 4s,440.06666666666666,82.49,27657.29,P2_supports_brim
926,s3c_closing__r_0.6mm,meshes/s3c_closing__r_0.6mm/case_outputs/926__s3c_closing__r_0.6mm/segmentation_repaired.stl,2310484,8.55,0,True,True,0,,,7803710,634,0,4h 36m 35s,276.5833333333333,46.08,15450.77,P2_supports_brim
927,s3c_closing__r_0.6mm,meshes/s3c_closing__r_0.6mm/case_outputs/927__s3c_closing__r_0.6mm/segmentation_repaired.stl,3000384,10.11,0,True,True,0,,,9883529,486,0,5h 40m 19s,340.31666666666666,54.16,18159.51,P2_supports_brim
928,s3c_closing__r_0.6mm,meshes/s3c_closing__r_0.6mm/case_outputs/928__s3c_closing__r_0.6mm/segmentation_repaired.stl,2913884,10.21,0,True,True,0,,,9015346,519,0,5h 13m 30s,313.5,54.62,18312.67,P2_supports_brim
929,s3c_closing__r_0.6mm,meshes/s3c_closing__r_0.6mm/case_outputs/929__s3c_closing__r_0.6mm/segmentation_repaired.stl,2675584,9.49,0,True,True,0,,,8307070,515,0,4h 31m 7s,271.1166666666667,45.61,15292.13,P2_supports_brim
930,s3c_closing__r_0.6mm,meshes/s3c_closing__r_0.6mm/case_outputs/930__s3c_closing__r_0.6mm/segmentation_repaired.stl,3072484,10.13,0,True,True,0,,,9169016,419,0,5h 6m 20s,306.3333333333333,49.34,16544.22,P2_supports_brim
931,s3c_closing__r_0.6mm,meshes/s3c_closing__r_0.6mm/case_outputs/931__s3c_closing__r_0.6mm/segmentation_repaired.stl,1889284,6.81,0,True,True,0,,,6378394,523,0,3h 55m 56s,235.93333333333334,39.45,13228.47,P2_supports_brim
932,s3c_closing__r_0.6mm,meshes/s3c_closing__r_0.6mm/case_outputs/932__s3c_closing__r_0.6mm/segmentation_repaired.stl,2848784,10.41,0,True,True,0,,,8371412,471,0,4h 32m 43s,272.71666666666664,43.6,14617.31,P2_supports_brim
933,s3c_closing__r_0.6mm,meshes/s3c_closing__r_0.6mm/case_outputs/933__s3c_closing__r_0.6mm/segmentation_repaired.stl,3211084,10.71,0,True,True,0,,,10324080,607,0,5h 43m 5s,343.0833333333333,56.8,19043.25,P2_supports_brim
934,s3c_closing__r_0.6mm,meshes/s3c_closing__r_0.6mm/case_outputs/934__s3c_closing__r_0.6mm/segmentation_repaired.stl,3186884,10.6,0,True,True,0,,,9741404,588,0,5h 39m 42s,339.7,53.52,17944.29,P2_supports_brim
935,s3c_closing__r_0.6mm,meshes/s3c_closing__r_0.6mm/case_outputs/935__s3c_closing__r_0.6mm/segmentation_repaired.stl,3187484,10.35,0,True,True,0,,,9367110,570,0,5h 26m 23s,326.3833333333333,56.9,19078.85,P2_supports_brim
936,s3c_closing__r_0.6mm,meshes/s3c_closing__r_0.6mm/case_outputs/936__s3c_closing__r_0.6mm/segmentation_repaired.stl,2574384,8.72,0,True,True,0,,,7549906,449,0,4h 12m 50s,252.83333333333334,41.99,14078.3,P2_supports_brim
937,s3c_closing__r_0.6mm,meshes/s3c_closing__r_0.6mm/case_outputs/937__s3c_closing__r_0.6mm/segmentation_repaired.stl,2740484,9.98,0,True,True,0,,,8487385,458,0,4h 46m 49s,286.81666666666666,45.56,15274.91,P2_supports_brim
938,s3c_closing__r_0.6mm,meshes/s3c_closing__r_0.6mm/case_outputs/938__s3c_closing__r_0.6mm/segmentation_repaired.stl,3714084,12.55,0,True,True,0,,,11134464,517,0,6h 20m 15s,380.25,60.68,20343.87,P2_supports_brim
939,s3c_closing__r_0.6mm,meshes/s3c_closing__r_0.6mm/case_outputs/939__s3c_closing__r_0.6mm/segmentation_repaired.stl,3348284,10.97,0,True,True,0,,,10295118,534,0,5h 47m 29s,347.48333333333335,58.78,19709.01,P2_supports_brim
940,s3c_closing__r_0.6mm,meshes/s3c_closing__r_0.6mm/case_outputs/940__s3c_closing__r_0.6mm/segmentation_repaired.stl,2648884,9.66,0,True,True,0,,,8260636,488,0,4h 34m 36s,274.6,43.25,14499.59,P2_supports_brim
941,s3c_closing__r_0.6mm,meshes/s3c_closing__r_0.6mm/case_outputs/941__s3c_closing__r_0.6mm/segmentation_repaired.stl,2214284,7.94,0,True,True,0,,,6924779,547,0,3h 47m 10s,227.16666666666666,36.1,12102.98,P2_supports_brim
942,s3c_closing__r_0.6mm,meshes/s3c_closing__r_0.6mm/case_outputs/942__s3c_closing__r_0.6mm/segmentation_repaired.stl,2338984,7.98,0,True,True,0,,,7424391,455,0,4h 2m 0s,242.0,40.35,13528.86,P2_supports_brim
943,s3c_closing__r_0.6mm,meshes/s3c_closing__r_0.6mm/case_outputs/943__s3c_closing__r_0.6mm/segmentation_repaired.stl,2728684,10.04,0,True,True,0,,,8938125,579,0,5h 5m 49s,305.81666666666666,48.44,16240.2,P2_supports_brim
944,s3c_closing__r_0.6mm,meshes/s3c_closing__r_0.6mm/case_outputs/944__s3c_closing__r_0.6mm/segmentation_repaired.stl,4104984,16.41,0,True,True,0,,,14552522,518,0,8h 59m 11s,539.1833333333333,92.78,31108.99,P2_supports_brim
945,s3c_closing__r_0.6mm,meshes/s3c_closing__r_0.6mm/case_outputs/945__s3c_closing__r_0.6mm/segmentation_repaired.stl,3281184,10.43,0,True,True,0,,,10518805,461,0,5h 55m 26s,355.43333333333334,58.4,19581.8,P2_supports_brim
946,s3c_closing__r_0.6mm,meshes/s3c_closing__r_0.6mm/case_outputs/946__s3c_closing__r_0.6mm/segmentation_repaired.stl,2247684,8.19,0,True,True,0,,,6916067,580,0,3h 52m 17s,232.28333333333333,39.53,13254.91,P2_supports_brim
947,s3c_closing__r_0.6mm,meshes/s3c_closing__r_0.6mm/case_outputs/947__s3c_closing__r_0.6mm/segmentation_repaired.stl,4212784,14.62,0,True,True,0,,,13180202,504,0,7h 26m 45s,446.75,71.41,23943.85,P2_supports_brim
948,s3c_closing__r_0.6mm,meshes/s3c_closing__r_0.6mm/case_outputs/948__s3c_closing__r_0.6mm/segmentation_repaired.stl,4082584,13.58,0,True,True,0,,,12236498,463,0,6h 51m 27s,411.45,67.11,22501.08,P2_supports_brim
949,s3c_closing__r_0.6mm,meshes/s3c_closing__r_0.6mm/case_outputs/949__s3c_closing__r_0.6mm/segmentation_repaired.stl,2656984,10.2,0,True,True,0,,,8130532,547,0,4h 42m 41s,282.68333333333334,48.23,16169.41,P2_supports_brim
950,s3c_closing__r_0.6mm,meshes/s3c_closing__r_0.6mm/case_outputs/950__s3c_closing__r_0.6mm/segmentation_repaired.stl,2627184,9.52,0,True,True,0,,,8863509,483,0,5h 5m 50s,305.8333333333333,50.9,17066.17,P2_supports_brim
951,s3c_closing__r_0.6mm,meshes/s3c_closing__r_0.6mm/case_outputs/951__s3c_closing__r_0.6mm/segmentation_repaired.stl,3866684,14.6,0,True,True,0,,,12136656,416,0,6h 53m 56s,413.93333333333334,66.7,22363.33,P2_supports_brim
952,s3c_closing__r_0.6mm,meshes/s3c_closing__r_0.6mm/case_outputs/952__s3c_closing__r_0.6mm/segmentation_repaired.stl,2852484,9.2,0,True,True,0,,,8604475,519,0,4h 42m 46s,282.76666666666665,48.99,16425.4,P2_supports_brim
953,s3c_closing__r_0.6mm,meshes/s3c_closing__r_0.6mm/case_outputs/953__s3c_closing__r_0.6mm/segmentation_repaired.stl,4575984,17.25,0,True,True,0,,,14343463,497,0,7h 47m 44s,467.73333333333335,73.33,24586.66,P2_supports_brim
954,s3c_closing__r_0.6mm,meshes/s3c_closing__r_0.6mm/case_outputs/954__s3c_closing__r_0.6mm/segmentation_repaired.stl,2825084,10.66,0,True,True,0,,,8760657,538,0,4h 45m 23s,285.3833333333333,47.17,15815.04,P2_supports_brim
955,s3c_closing__r_0.6mm,meshes/s3c_closing__r_0.6mm/case_outputs/955__s3c_closing__r_0.6mm/segmentation_repaired.stl,3110184,11.3,0,True,True,0,,,9656330,636,0,5h 20m 9s,320.15,50.33,16874.64,P2_supports_brim
956,s3c_closing__r_0.6mm,meshes/s3c_closing__r_0.6mm/case_outputs/956__s3c_closing__r_0.6mm/segmentation_repaired.stl,2449584,8.29,0,True,True,0,,,7306356,484,0,4h 12m 1s,252.01666666666668,43.98,14744.73,P2_supports_brim
957,s3c_closing__r_0.6mm,meshes/s3c_closing__r_0.6mm/case_outputs/957__s3c_closing__r_0.6mm/segmentation_repaired.stl,3948684,15.06,0,True,True,0,,,13170595,452,0,7h 17m 50s,437.8333333333333,69.52,23307.37,P2_supports_brim
958,s3c_closing__r_0.6mm,meshes/s3c_closing__r_0.6mm/case_outputs/958__s3c_closing__r_0.6mm/segmentation_repaired.stl,3654684,12.86,0,True,True,0,,,11504018,477,0,6h 18m 56s,378.93333333333334,55.91,18746.05,P2_supports_brim
959,s3c_closing__r_0.6mm,meshes/s3c_closing__r_0.6mm/case_outputs/959__s3c_closing__r_0.6mm/segmentation_repaired.stl,2947084,11.87,0,True,True,0,,,11226193,641,0,7h 20m 15s,440.25,85.56,28688.31,P2_supports_brim
960,s3c_closing__r_0.6mm,meshes/s3c_closing__r_0.6mm/case_outputs/960__s3c_closing__r_0.6mm/segmentation_repaired.stl,3840684,12.85,0,True,True,0,,,11904194,506,0,6h 42m 32s,402.53333333333336,66.69,22359.85,P2_supports_brim
961,s3c_closing__r_0.6mm,meshes/s3c_closing__r_0.6mm/case_outputs/961__s3c_closing__r_0.6mm/segmentation_repaired.stl,2763284,10.9,0,True,True,0,,,8822851,442,0,5h 2m 31s,302.51666666666665,47.84,16040.07,P2_supports_brim
962,s3c_closing__r_0.6mm,meshes/s3c_closing__r_0.6mm/case_outputs/962__s3c_closing__r_0.6mm/segmentation_repaired.stl,4051384,14.56,0,True,True,0,,,13990961,579,0,8h 46m 22s,526.3666666666667,92.62,31053.32,P2_supports_brim
963,s3c_closing__r_0.6mm,meshes/s3c_closing__r_0.6mm/case_outputs/963__s3c_closing__r_0.6mm/segmentation_repaired.stl,5137984,19.65,0,True,True,0,,,16331395,488,0,9h 4m 2s,544.0333333333333,87.65,29388.42,P2_supports_brim
964,s3c_closing__r_0.6mm,meshes/s3c_closing__r_0.6mm/case_outputs/964__s3c_closing__r_0.6mm/segmentation_repaired.stl,3695784,13.55,0,True,True,0,,,11774181,545,0,6h 48m 19s,408.31666666666666,67.95,22782.99,P2_supports_brim
965,s3c_closing__r_0.6mm,meshes/s3c_closing__r_0.6mm/case_outputs/965__s3c_closing__r_0.6mm/segmentation_repaired.stl,3512884,12.42,0,True,True,0,,,10050029,496,0,5h 17m 22s,317.3666666666667,52.3,17533.86,P2_supports_brim
966,s3c_closing__r_0.6mm,meshes/s3c_closing__r_0.6mm/case_outputs/966__s3c_closing__r_0.6mm/segmentation_repaired.stl,4096284,14.23,0,True,True,0,,,12821178,452,0,7h 5m 4s,425.06666666666666,67.94,22778.09,P2_supports_brim
967,s3c_closing__r_0.6mm,meshes/s3c_closing__r_0.6mm/case_outputs/967__s3c_closing__r_0.6mm/segmentation_repaired.stl,3446384,11.41,0,True,True,0,,,10794763,627,0,6h 3m 43s,363.71666666666664,64.12,21499.56,P2_supports_brim
968,s3c_closing__r_0.6mm,meshes/s3c_closing__r_0.6mm/case_outputs/968__s3c_closing__r_0.6mm/segmentation_repaired.stl,2267084,8.06,0,True,True,0,,,6447692,516,0,3h 28m 53s,208.88333333333333,35.85,12019.68,P2_supports_brim
969,s3c_closing__r_0.6mm,meshes/s3c_closing__r_0.6mm/case_outputs/969__s3c_closing__r_0.6mm/segmentation_repaired.stl,3667284,13.2,0,True,True,0,,,11883779,554,0,6h 35m 56s,395.93333333333334,61.22,20527.04,P2_supports_brim
970,s3c_closing__r_0.6mm,meshes/s3c_closing__r_0.6mm/case_outputs/970__s3c_closing__r_0.6mm/segmentation_repaired.stl,2105384,7.87,0,True,True,0,,,7081154,511,0,4h 7m 45s,247.75,42.87,14372.12,P2_supports_brim
971,s3c_closing__r_0.6mm,meshes/s3c_closing__r_0.6mm/case_outputs/971__s3c_closing__r_0.6mm/segmentation_repaired.stl,2696784,8.7,0,True,True,0,,,8001116,695,0,4h 35m 52s,275.8666666666667,45.27,15177.79,P2_supports_brim
972,s3c_closing__r_0.6mm,meshes/s3c_closing__r_0.6mm/case_outputs/972__s3c_closing__r_0.6mm/segmentation_repaired.stl,2706584,9.38,0,True,True,0,,,8236253,382,0,4h 23m 32s,263.53333333333336,40.47,13568.11,P2_supports_brim
973,s3c_closing__r_0.6mm,meshes/s3c_closing__r_0.6mm/case_outputs/973__s3c_closing__r_0.6mm/segmentation_repaired.stl,3462384,11.72,0,True,True,0,,,10786941,529,0,6h 4m 45s,364.75,63.03,21132.25,P2_supports_brim
974,s3c_closing__r_0.6mm,meshes/s3c_closing__r_0.6mm/case_outputs/974__s3c_closing__r_0.6mm/segmentation_repaired.stl,5112484,17.88,0,True,True,0,,,15454313,468,0,8h 17m 14s,497.23333333333335,77.59,26014.54,P2_supports_brim
975,s3c_closing__r_0.6mm,meshes/s3c_closing__r_0.6mm/case_outputs/975__s3c_closing__r_0.6mm/segmentation_repaired.stl,4194384,13.93,0,True,True,0,,,13367900,481,0,7h 43m 54s,463.9,76.11,25517.2,P2_supports_brim
976,s3c_closing__r_0.6mm,meshes/s3c_closing__r_0.6mm/case_outputs/976__s3c_closing__r_0.6mm/segmentation_repaired.stl,2677184,9.24,0,True,True,0,,,7824623,564,0,4h 5m 42s,245.7,38.7,12974.62,P2_supports_brim
977,s3c_closing__r_0.6mm,meshes/s3c_closing__r_0.6mm/case_outputs/977__s3c_closing__r_0.6mm/segmentation_repaired.stl,2831084,10.5,0,True,True,0,,,8783497,502,0,4h 57m 34s,297.56666666666666,49.43,16573.3,P2_supports_brim
978,s3c_closing__r_0.6mm,meshes/s3c_closing__r_0.6mm/case_outputs/978__s3c_closing__r_0.6mm/segmentation_repaired.stl,3485884,11.23,0,True,True,0,,,10588178,399,0,5h 57m 52s,357.8666666666667,57.63,19324.0,P2_supports_brim
979,s3c_closing__r_0.6mm,meshes/s3c_closing__r_0.6mm/case_outputs/979__s3c_closing__r_0.6mm/segmentation_repaired.stl,2974384,9.81,0,True,True,0,,,8878860,607,0,5h 12m 12s,312.2,54.44,18252.2,P2_supports_brim
980,s3c_closing__r_0.6mm,meshes/s3c_closing__r_0.6mm/case_outputs/980__s3c_closing__r_0.6mm/segmentation_repaired.stl,2972884,9.73,0,True,True,0,,,8412081,547,0,4h 33m 30s,273.5,45.64,15302.77,P2_supports_brim
981,s3c_closing__r_0.6mm,meshes/s3c_closing__r_0.6mm/case_outputs/981__s3c_closing__r_0.6mm/segmentation_repaired.stl,1846684,6.56,0,True,True,0,,,5618511,451,0,3h 18m 54s,198.9,37.64,12619.81,P2_supports_brim
982,s3c_closing__r_0.6mm,meshes/s3c_closing__r_0.6mm/case_outputs/982__s3c_closing__r_0.6mm/segmentation_repaired.stl,2250384,7.48,0,True,True,0,,,6683567,458,0,3h 45m 59s,225.98333333333332,39.92,13383.09,P2_supports_brim
983,s3c_closing__r_0.6mm,meshes/s3c_closing__r_0.6mm/case_outputs/983__s3c_closing__r_0.6mm/segmentation_repaired.stl,3886884,13.59,0,True,True,0,,,11897006,455,0,6h 19m 48s,379.8,58.44,19594.46,P2_supports_brim
984,s3c_closing__r_0.6mm,meshes/s3c_closing__r_0.6mm/case_outputs/984__s3c_closing__r_0.6mm/segmentation_repaired.stl,3890084,13.83,0,True,True,0,,,13404135,503,0,8h 17m 26s,497.43333333333334,84.0,28163.78,P2_supports_brim
985,s3c_closing__r_0.6mm,meshes/s3c_closing__r_0.6mm/case_outputs/985__s3c_closing__r_0.6mm/segmentation_repaired.stl,3179584,10.75,0,True,True,0,,,9795194,543,0,5h 56m 4s,356.06666666666666,58.27,19536.92,P2_supports_brim
986,s3c_closing__r_0.6mm,meshes/s3c_closing__r_0.6mm/case_outputs/986__s3c_closing__r_0.6mm/segmentation_repaired.stl,3248584,11.44,0,True,True,0,,,10014311,607,0,6h 3m 11s,363.18333333333334,63.71,21359.49,P2_supports_brim
987,s3c_closing__r_0.6mm,meshes/s3c_closing__r_0.6mm/case_outputs/987__s3c_closing__r_0.6mm/segmentation_repaired.stl,4208084,14.43,0,True,True,0,,,12731007,538,0,7h 14m 28s,434.46666666666664,69.44,23282.1,P2_supports_brim
988,s3c_closing__r_0.6mm,meshes/s3c_closing__r_0.6mm/case_outputs/988__s3c_closing__r_0.6mm/segmentation_repaired.stl,2699984,8.7,0,True,True,0,,,7719751,467,0,4h 16m 18s,256.3,42.54,14262.09,P2_supports_brim
989,s3c_closing__r_0.6mm,meshes/s3c_closing__r_0.6mm/case_outputs/989__s3c_closing__r_0.6mm/segmentation_repaired.stl,3467484,11.47,0,True,True,0,,,10812913,482,0,6h 1m 20s,361.3333333333333,58.1,19479.13,P2_supports_brim
990,s3c_closing__r_0.6mm,meshes/s3c_closing__r_0.6mm/case_outputs/990__s3c_closing__r_0.6mm/segmentation_repaired.stl,3060884,11.02,0,True,True,0,,,11624014,610,0,7h 13m 27s,433.45,81.71,27394.63,P2_supports_brim
991,s3c_closing__r_0.6mm,meshes/s3c_closing__r_0.6mm/case_outputs/991__s3c_closing__r_0.6mm/segmentation_repaired.stl,3025984,10.52,0,True,True,0,,,9984191,420,0,5h 57m 23s,357.3833333333333,57.78,19374.25,P2_supports_brim
992,s3c_closing__r_0.6mm,meshes/s3c_closing__r_0.6mm/case_outputs/992__s3c_closing__r_0.6mm/segmentation_repaired.stl,2476284,8.85,0,True,True,0,,,8419615,472,0,4h 50m 11s,290.18333333333334,47.81,16030.64,P2_supports_brim
993,s3c_closing__r_0.6mm,meshes/s3c_closing__r_0.6mm/case_outputs/993__s3c_closing__r_0.6mm/segmentation_repaired.stl,5211084,18.06,0,True,True,0,,,15701705,497,0,8h 39m 46s,519.7666666666667,86.64,29048.79,P2_supports_brim
994,s3c_closing__r_0.6mm,meshes/s3c_closing__r_0.6mm/case_outputs/994__s3c_closing__r_0.6mm/segmentation_repaired.stl,3632384,12.86,0,True,True,0,,,11192894,426,0,6h 12m 58s,372.96666666666664,60.93,20427.94,P2_supports_brim
995,s3c_closing__r_0.6mm,meshes/s3c_closing__r_0.6mm/case_outputs/995__s3c_closing__r_0.6mm/segmentation_repaired.stl,3088884,10.48,0,True,True,0,,,10156298,402,0,5h 56m 36s,356.6,56.42,18915.26,P2_supports_brim
996,s3c_closing__r_0.6mm,meshes/s3c_closing__r_0.6mm/case_outputs/996__s3c_closing__r_0.6mm/segmentation_repaired.stl,2755084,9.23,0,True,True,0,,,8798725,443,0,4h 59m 28s,299.46666666666664,49.22,16503.1,P2_supports_brim
997,s3c_closing__r_0.6mm,meshes/s3c_closing__r_0.6mm/case_outputs/997__s3c_closing__r_0.6mm/segmentation_repaired.stl,3980684,13.01,0,True,True,0,,,12220253,410,0,6h 36m 17s,396.28333333333336,64.31,21562.07,P2_supports_brim
998,s3c_closing__r_0.6mm,meshes/s3c_closing__r_0.6mm/case_outputs/998__s3c_closing__r_0.6mm/segmentation_repaired.stl,3675084,12.07,0,True,True,0,,,10199271,429,0,5h 29m 28s,329.46666666666664,51.71,17338.41,P2_supports_brim
999,s3c_closing__r_0.6mm,meshes/s3c_closing__r_0.6mm/case_outputs/999__s3c_closing__r_0.6mm/segmentation_repaired.stl,2203984,5.22,0,True,True,0,,,6957789,414,0,3h 59m 39s,239.65,39.39,13206.19,P2_supports_brim
